model_id,model_kind,metric,calib_subset,target_id,n_layers,n_prompts,layer_mean_distance,layer_median_distance,layer_std_distance,layer_min_distance,layer_max_distance,min_layer,max_layer
aim_on_breadcrumbs,candidate,mmd_rbf,general,base,36,128,0.008438145276159048,0.0066848150454461575,0.006735130829311066,0.005188716109842062,0.0469503290951252,31,35
aim_on_breadcrumbs,candidate,mmd_rbf,general,instr_only,36,128,0.005802732944074605,0.004568194737657905,0.008204816472924599,0.002811694284901023,0.054001715034246445,11,35
aim_on_breadcrumbs,candidate,mmd_rbf,general,reasoning_only,36,128,0.013185142487701442,0.011722477152943611,0.004329505015923556,0.008731125853955746,0.024126514792442322,34,4
aim_on_breadcrumbs,candidate,mmd_rbf,general,uncensored_only,36,128,0.028663920833625726,0.013699043542146683,0.03767480407129848,0.008883262053132057,0.17018456757068634,0,1
aim_on_breadcrumbs,candidate,mmd_rbf,instruction,base,36,128,0.011945861753904156,0.010848491452634335,0.005425417065018534,0.00394821772351861,0.0409531407058239,0,35
aim_on_breadcrumbs,candidate,mmd_rbf,instruction,instr_only,36,128,0.005568887585670584,0.004185074241831899,0.007599219220721955,0.002036908408626914,0.049853235483169556,0,35
aim_on_breadcrumbs,candidate,mmd_rbf,instruction,reasoning_only,36,128,0.01664396958787822,0.016803188249468803,0.0028374062855918685,0.006529543083161116,0.02177063748240471,0,5
aim_on_breadcrumbs,candidate,mmd_rbf,instruction,uncensored_only,36,128,0.02764600852970034,0.016580449417233467,0.029741521631704182,0.0060099451802670956,0.13565881550312042,0,1
aim_on_breadcrumbs,candidate,mmd_rbf,reasoning,base,36,128,0.006509344145241711,0.005971234757453203,0.003769718960756265,0.0025504902005195618,0.028098439797759056,0,35
aim_on_breadcrumbs,candidate,mmd_rbf,reasoning,instr_only,36,128,0.0032616393614767324,0.0022966653341427445,0.006026442550309092,0.0012082785833626986,0.038753632456064224,0,35
aim_on_breadcrumbs,candidate,mmd_rbf,reasoning,reasoning_only,36,128,0.010063692966165641,0.010091633535921574,0.0029083345444533342,0.003917444031685591,0.020515553653240204,0,35
aim_on_breadcrumbs,candidate,mmd_rbf,reasoning,uncensored_only,36,128,0.01803439558716491,0.01071079634130001,0.019445200507934603,0.0033274113666266203,0.08519870042800903,0,1
aim_on_breadcrumbs,candidate,mmd_rbf,uncensored_refusal_like,base,36,128,0.04087128037483328,0.040985019877552986,0.01742364817286764,0.010940968990325928,0.11849560588598251,0,35
aim_on_breadcrumbs,candidate,mmd_rbf,uncensored_refusal_like,instr_only,36,128,0.014206637524896197,0.010016182903200388,0.017827126924085522,0.006001883186399937,0.11609072983264923,11,35
aim_on_breadcrumbs,candidate,mmd_rbf,uncensored_refusal_like,reasoning_only,36,128,0.04120820445112056,0.04236515983939171,0.008757588563396807,0.020215166732668877,0.05481123924255371,0,31
aim_on_breadcrumbs,candidate,mmd_rbf,uncensored_refusal_like,uncensored_only,36,128,0.062405563347662486,0.05008178390562534,0.05212922859500724,0.015604841522872448,0.24098746478557587,0,1
aim_on_breadcrumbs,candidate,projected_js,general,base,36,128,0.05944797657947573,0.05857235853909515,0.006381041258129843,0.04563012326252647,0.0910775781958364,0,35
aim_on_breadcrumbs,candidate,projected_js,general,instr_only,36,128,0.05248314826086345,0.05432443467725534,0.010274790710503542,0.03205482134944759,0.09612145170103759,0,35
aim_on_breadcrumbs,candidate,projected_js,general,reasoning_only,36,128,0.0649271289314331,0.06408709156676196,0.0036134493635341497,0.0591393987997435,0.0759914108493831,0,5
aim_on_breadcrumbs,candidate,projected_js,general,uncensored_only,36,128,0.07610072911645854,0.06737898009305354,0.025919022476788324,0.04414409166201949,0.1785140221763868,0,1
aim_on_breadcrumbs,candidate,projected_js,instruction,base,36,128,0.06739024317842753,0.06788967995089479,0.007938639900777816,0.04801913155824877,0.09897825960069895,0,35
aim_on_breadcrumbs,candidate,projected_js,instruction,instr_only,36,128,0.057241054160840577,0.057756422451348044,0.011860381673557418,0.03486173191049602,0.10745626484276727,0,35
aim_on_breadcrumbs,candidate,projected_js,instruction,reasoning_only,36,128,0.07311589073247483,0.07440548529848456,0.00489987253580179,0.0567462403269019,0.07946942927083,1,28
aim_on_breadcrumbs,candidate,projected_js,instruction,uncensored_only,36,128,0.0810987875803322,0.07461837847949937,0.021337416500512584,0.050470160495024174,0.1600644481368363,0,1
aim_on_breadcrumbs,candidate,projected_js,reasoning,base,36,128,0.05824424482367855,0.05839126343198586,0.005167156965760632,0.04488626585225575,0.07652160155703314,0,35
aim_on_breadcrumbs,candidate,projected_js,reasoning,instr_only,36,128,0.04980969967719931,0.05099135031923652,0.008833636868205375,0.03297835796547588,0.08827726426534355,0,35
aim_on_breadcrumbs,candidate,projected_js,reasoning,reasoning_only,36,128,0.06283622513728915,0.06320083880564198,0.004073255278569692,0.04714389465516433,0.07106418715557083,0,35
aim_on_breadcrumbs,candidate,projected_js,reasoning,uncensored_only,36,128,0.06927490072161567,0.06374334555584937,0.015334670664256915,0.03984025128011126,0.12066690501524135,0,1
aim_on_breadcrumbs,candidate,projected_js,uncensored_refusal_like,base,36,128,0.09026499863143221,0.09057557996129617,0.01655374183280807,0.05817805876722559,0.16589602688327432,0,35
aim_on_breadcrumbs,candidate,projected_js,uncensored_refusal_like,instr_only,36,128,0.06742082049014345,0.06339634794858284,0.017575603353547884,0.047495519887888804,0.1601795744500123,1,35
aim_on_breadcrumbs,candidate,projected_js,uncensored_refusal_like,reasoning_only,36,128,0.09470064508463515,0.09188754358910955,0.009497053362832474,0.07748490606900305,0.12147907324833795,1,5
aim_on_breadcrumbs,candidate,projected_js,uncensored_refusal_like,uncensored_only,36,128,0.10643341011665244,0.09540149784879759,0.04135114204313764,0.06817102921195328,0.2591389070439618,0,1
aim_on_breadcrumbs__calib_general,candidate,mmd_rbf,general,base,36,128,0.008484144953803884,0.006723796250298619,0.006741132490445068,0.0052153873257339,0.047002021223306656,31,35
aim_on_breadcrumbs__calib_general,candidate,mmd_rbf,general,instr_only,36,128,0.005791862618126389,0.004563347902148962,0.008209465935355514,0.0028061990160495043,0.05402367189526558,11,35
aim_on_breadcrumbs__calib_general,candidate,mmd_rbf,general,reasoning_only,36,128,0.013168535402251614,0.01170074101537466,0.004313762912464054,0.0087438328191638,0.024065447971224785,34,4
aim_on_breadcrumbs__calib_general,candidate,mmd_rbf,general,uncensored_only,36,128,0.028648207067615457,0.013679374940693378,0.037670806409499935,0.008858663029968739,0.17013826966285706,0,1
aim_on_breadcrumbs__calib_general,candidate,mmd_rbf,instruction,base,36,128,0.012040012024549974,0.010932688135653734,0.00545004091187282,0.003948647063225508,0.04112188145518303,0,35
aim_on_breadcrumbs__calib_general,candidate,mmd_rbf,instruction,instr_only,36,128,0.005534083621265988,0.004154206020757556,0.00756289252710579,0.002043667482212186,0.049626436084508896,0,35
aim_on_breadcrumbs__calib_general,candidate,mmd_rbf,instruction,reasoning_only,36,128,0.016649475334108703,0.016823614947497845,0.002846476190663198,0.006511205341666937,0.021732838824391365,0,5
aim_on_breadcrumbs__calib_general,candidate,mmd_rbf,instruction,uncensored_only,36,128,0.027610483773363132,0.016556667163968086,0.029746062196816938,0.006006562616676092,0.13564787805080414,0,1
aim_on_breadcrumbs__calib_general,candidate,mmd_rbf,reasoning,base,36,128,0.006549978868052777,0.005995165556669235,0.0037823117178313378,0.0025331259239465,0.02819386124610901,0,35
aim_on_breadcrumbs__calib_general,candidate,mmd_rbf,reasoning,instr_only,36,128,0.0032568198706333837,0.0022979313507676125,0.006003006557143871,0.0012116701109334826,0.038612306118011475,0,35
aim_on_breadcrumbs__calib_general,candidate,mmd_rbf,reasoning,reasoning_only,36,128,0.010031382139358256,0.010067158844321966,0.00290428952705435,0.003906145691871643,0.02052379585802555,0,35
aim_on_breadcrumbs__calib_general,candidate,mmd_rbf,reasoning,uncensored_only,36,128,0.018015275431227766,0.010681252460926771,0.01943848128222127,0.003315788460895419,0.08516554534435272,0,1
aim_on_breadcrumbs__calib_general,candidate,mmd_rbf,uncensored_refusal_like,base,36,128,0.041170078691922955,0.04124358855187893,0.017504722681989188,0.01097056269645691,0.1189652681350708,0,35
aim_on_breadcrumbs__calib_general,candidate,mmd_rbf,uncensored_refusal_like,instr_only,36,128,0.014126500412304368,0.009967679157853127,0.01775549114773068,0.005975211970508099,0.1156441941857338,11,35
aim_on_breadcrumbs__calib_general,candidate,mmd_rbf,uncensored_refusal_like,reasoning_only,36,128,0.041126597569220595,0.042276183143258095,0.008754672109151733,0.020087499171495438,0.054707057774066925,0,31
aim_on_breadcrumbs__calib_general,candidate,mmd_rbf,uncensored_refusal_like,uncensored_only,36,128,0.06229944242578414,0.04990926943719387,0.05212265627191336,0.015632862225174904,0.24096325039863586,0,1
aim_on_breadcrumbs__calib_general,candidate,projected_js,general,base,36,128,0.059538363299199974,0.058550160480081104,0.006385984506565105,0.0455511311738519,0.09095149772474542,0,35
aim_on_breadcrumbs__calib_general,candidate,projected_js,general,instr_only,36,128,0.05252799192910768,0.05428596070851199,0.010366298922718802,0.032887507797568105,0.09711396929924376,0,35
aim_on_breadcrumbs__calib_general,candidate,projected_js,general,reasoning_only,36,128,0.06497944191101447,0.06465572632441763,0.003741726487228253,0.06005785192246549,0.07709276268724352,0,5
aim_on_breadcrumbs__calib_general,candidate,projected_js,general,uncensored_only,36,128,0.07590891910149367,0.06721257674507797,0.026035300413687484,0.04432777235342655,0.17866169463377446,0,1
aim_on_breadcrumbs__calib_general,candidate,projected_js,instruction,base,36,128,0.06763046924606897,0.06797313038259745,0.007848718927183156,0.04729280626634136,0.09881978417979553,0,35
aim_on_breadcrumbs__calib_general,candidate,projected_js,instruction,instr_only,36,128,0.05718403234863621,0.05811399922822602,0.011780396984669374,0.0347984018153511,0.10695237049367279,0,35
aim_on_breadcrumbs__calib_general,candidate,projected_js,instruction,reasoning_only,36,128,0.0733398826285136,0.07501697860425338,0.004937644379168299,0.05702963870135136,0.0790353380725719,1,22
aim_on_breadcrumbs__calib_general,candidate,projected_js,instruction,uncensored_only,36,128,0.0812159447571806,0.07391293227556162,0.021456821166670866,0.04953657905571163,0.1606350785586983,0,1
aim_on_breadcrumbs__calib_general,candidate,projected_js,reasoning,base,36,128,0.058509496754494544,0.058947300727595575,0.005121743949312023,0.04374865029240027,0.0762958629638888,0,35
aim_on_breadcrumbs__calib_general,candidate,projected_js,reasoning,instr_only,36,128,0.04976393451943295,0.050517600029706955,0.008659387185520675,0.03335529315518215,0.0868090929579921,0,35
aim_on_breadcrumbs__calib_general,candidate,projected_js,reasoning,reasoning_only,36,128,0.06279371653120809,0.06362313983845524,0.004200512742201492,0.04723009461304173,0.07110986619954929,0,35
aim_on_breadcrumbs__calib_general,candidate,projected_js,reasoning,uncensored_only,36,128,0.0693777124688495,0.06458436785032973,0.01543483980429081,0.03844788667629473,0.1213312356849201,0,1
aim_on_breadcrumbs__calib_general,candidate,projected_js,uncensored_refusal_like,base,36,128,0.09035554233721793,0.09035860563744791,0.016642872621107408,0.057341665582498536,0.16610553802456707,0,35
aim_on_breadcrumbs__calib_general,candidate,projected_js,uncensored_refusal_like,instr_only,36,128,0.06729705923135043,0.0632223244610941,0.017399423145582182,0.04666367301251739,0.15899405447999015,1,35
aim_on_breadcrumbs__calib_general,candidate,projected_js,uncensored_refusal_like,reasoning_only,36,128,0.09476743719278602,0.09096400471753441,0.009678065592840525,0.07620148285059258,0.12226527644088492,1,5
aim_on_breadcrumbs__calib_general,candidate,projected_js,uncensored_refusal_like,uncensored_only,36,128,0.10650132102212713,0.09570034599164501,0.04137325327183261,0.06786377722164616,0.2597652625699993,0,1
aim_on_breadcrumbs__calib_instruction,candidate,mmd_rbf,general,base,36,128,0.008411127323698666,0.006686860229820013,0.006709882817079328,0.0051874215714633465,0.04681887850165367,31,35
aim_on_breadcrumbs__calib_instruction,candidate,mmd_rbf,general,instr_only,36,128,0.005791692949262344,0.004517497029155493,0.008244362254524388,0.002800053684040904,0.05422727391123772,11,35
aim_on_breadcrumbs__calib_instruction,candidate,mmd_rbf,general,reasoning_only,36,128,0.013209516958643993,0.011740559246391058,0.0043332764407571405,0.008745168335735798,0.0242153350263834,34,4
aim_on_breadcrumbs__calib_instruction,candidate,mmd_rbf,general,uncensored_only,36,128,0.028671896214493446,0.013708116952329874,0.037684174925390564,0.008844489231705666,0.1701471358537674,0,1
aim_on_breadcrumbs__calib_instruction,candidate,mmd_rbf,instruction,base,36,128,0.011866286422850357,0.01080353930592537,0.005342068544766794,0.0039025843143463135,0.040354758501052856,0,35
aim_on_breadcrumbs__calib_instruction,candidate,mmd_rbf,instruction,instr_only,36,128,0.005600859514541096,0.004175487207248807,0.0077235069816667294,0.0020220011938363314,0.05061529204249382,0,35
aim_on_breadcrumbs__calib_instruction,candidate,mmd_rbf,instruction,reasoning_only,36,128,0.01665829749415732,0.016766619868576527,0.002849105949619283,0.0065389215014874935,0.021786851808428764,0,5
aim_on_breadcrumbs__calib_instruction,candidate,mmd_rbf,instruction,uncensored_only,36,128,0.027684400000402495,0.016592408530414104,0.029769769503473344,0.006020733620971441,0.13566552102565765,0,1
aim_on_breadcrumbs__calib_instruction,candidate,mmd_rbf,reasoning,base,36,128,0.006482510193664994,0.005968872224912047,0.0037507698659986627,0.002503833267837763,0.027964342385530472,0,35
aim_on_breadcrumbs__calib_instruction,candidate,mmd_rbf,reasoning,instr_only,36,128,0.0032641626474085366,0.0022913163993507624,0.006058162235305575,0.0011985570890828967,0.03894331306219101,0,35
aim_on_breadcrumbs__calib_instruction,candidate,mmd_rbf,reasoning,reasoning_only,36,128,0.010084755705773003,0.010110847651958466,0.002901718279436831,0.0039355456829071045,0.02044069953262806,0,35
aim_on_breadcrumbs__calib_instruction,candidate,mmd_rbf,reasoning,uncensored_only,36,128,0.018048520271097206,0.010715106502175331,0.01945638263084132,0.0033215403091162443,0.08519239723682404,0,1
aim_on_breadcrumbs__calib_instruction,candidate,mmd_rbf,uncensored_refusal_like,base,36,128,0.04070830158889294,0.040858473628759384,0.017435155220950304,0.01081435102969408,0.11834918707609177,0,35
aim_on_breadcrumbs__calib_instruction,candidate,mmd_rbf,uncensored_refusal_like,instr_only,36,128,0.014297608079181777,0.010001877322793007,0.018071425829392012,0.006017571780830622,0.11759449541568756,0,35
aim_on_breadcrumbs__calib_instruction,candidate,mmd_rbf,uncensored_refusal_like,reasoning_only,36,128,0.04125868399730987,0.04242394492030144,0.008777690471575566,0.02027113549411297,0.05494970828294754,0,31
aim_on_breadcrumbs__calib_instruction,candidate,mmd_rbf,uncensored_refusal_like,uncensored_only,36,128,0.06250419842803644,0.050191864371299744,0.052177514217183044,0.015603906475007534,0.24100437760353088,0,1
aim_on_breadcrumbs__calib_instruction,candidate,projected_js,general,base,36,128,0.059402676772960045,0.05876604038348887,0.006302697178784541,0.04629813716746867,0.09151126357028261,0,35
aim_on_breadcrumbs__calib_instruction,candidate,projected_js,general,instr_only,36,128,0.05219227323363561,0.05355147135560401,0.010349957337488669,0.03110318053222727,0.0961462208069861,0,35
aim_on_breadcrumbs__calib_instruction,candidate,projected_js,general,reasoning_only,36,128,0.06484539000585857,0.06408815633039922,0.003832972891016206,0.05995343014365062,0.07662953954422846,1,5
aim_on_breadcrumbs__calib_instruction,candidate,projected_js,general,uncensored_only,36,128,0.07622145202023806,0.06699438909708988,0.02587166114756017,0.04495167438290082,0.17793198896106333,0,1
aim_on_breadcrumbs__calib_instruction,candidate,projected_js,instruction,base,36,128,0.06713365538922113,0.06771579218911938,0.007993925007843546,0.04644384002313018,0.09868755849311128,0,35
aim_on_breadcrumbs__calib_instruction,candidate,projected_js,instruction,instr_only,36,128,0.05745094447653779,0.05856209796911571,0.012178898686805443,0.03461874002823606,0.110026597045362,0,35
aim_on_breadcrumbs__calib_instruction,candidate,projected_js,instruction,reasoning_only,36,128,0.07320759809065042,0.07491327240131795,0.005027938028494059,0.05673223070334643,0.07915634923847392,1,22
aim_on_breadcrumbs__calib_instruction,candidate,projected_js,instruction,uncensored_only,36,128,0.08112282867336439,0.0738990428217221,0.0213449679440354,0.049705299868946895,0.1594306111219339,0,1
aim_on_breadcrumbs__calib_instruction,candidate,projected_js,reasoning,base,36,128,0.05836729404189908,0.058376214845338836,0.005365198176505222,0.0441578620520886,0.07723185751819983,0,35
aim_on_breadcrumbs__calib_instruction,candidate,projected_js,reasoning,instr_only,36,128,0.049715529872628395,0.05045529210474342,0.008740334555168315,0.03330392489442602,0.08772273769136518,0,35
aim_on_breadcrumbs__calib_instruction,candidate,projected_js,reasoning,reasoning_only,36,128,0.06291017453703615,0.06317112526448909,0.004353731027687249,0.046353351790457964,0.07211497123353183,0,35
aim_on_breadcrumbs__calib_instruction,candidate,projected_js,reasoning,uncensored_only,36,128,0.06941818588933933,0.06417630276700947,0.015446485458362415,0.039054228662280366,0.12094509703456424,0,1
aim_on_breadcrumbs__calib_instruction,candidate,projected_js,uncensored_refusal_like,base,36,128,0.08990998970936441,0.08887182929902337,0.01665499654148122,0.057407557615078986,0.1658932720310986,0,35
aim_on_breadcrumbs__calib_instruction,candidate,projected_js,uncensored_refusal_like,instr_only,36,128,0.06739479307483028,0.06340957076463383,0.017778207217729575,0.046794295602012426,0.1616573328501545,1,35
aim_on_breadcrumbs__calib_instruction,candidate,projected_js,uncensored_refusal_like,reasoning_only,36,128,0.0945871433262558,0.09233418761868961,0.009613274235110603,0.07677828668965958,0.12135173636488616,1,5
aim_on_breadcrumbs__calib_instruction,candidate,projected_js,uncensored_refusal_like,uncensored_only,36,128,0.10634739965138983,0.09584710549097508,0.04128936453893268,0.06796123288222589,0.2592869483632967,0,1
aim_on_breadcrumbs__calib_reasoning,candidate,mmd_rbf,general,base,36,128,0.008416127866237529,0.006656057899817824,0.006788309475369365,0.00515452167019248,0.04726738482713699,31,35
aim_on_breadcrumbs__calib_reasoning,candidate,mmd_rbf,general,instr_only,36,128,0.005801660649012774,0.004564058035612106,0.008146142470791257,0.0028020732570439577,0.053644996136426926,11,35
aim_on_breadcrumbs__calib_reasoning,candidate,mmd_rbf,general,reasoning_only,36,128,0.013204133681332072,0.011732935439795256,0.004352466246337408,0.00873623788356781,0.024225926026701927,34,4
aim_on_breadcrumbs__calib_reasoning,candidate,mmd_rbf,general,uncensored_only,36,128,0.02864915404158334,0.013695877976715565,0.037658230404398196,0.008844638243317604,0.17013798654079437,0,1
aim_on_breadcrumbs__calib_reasoning,candidate,mmd_rbf,instruction,base,36,128,0.01190141997196608,0.01081800227984786,0.005416627160021008,0.003923678305000067,0.04090581461787224,0,35
aim_on_breadcrumbs__calib_reasoning,candidate,mmd_rbf,instruction,instr_only,36,128,0.005577431927021179,0.004178147297352552,0.007583929455135317,0.002026122761890292,0.04975534602999687,0,35
aim_on_breadcrumbs__calib_reasoning,candidate,mmd_rbf,instruction,reasoning_only,36,128,0.016678963800788753,0.016846708953380585,0.0028507223000359713,0.006554699037224054,0.021818077191710472,0,5
aim_on_breadcrumbs__calib_reasoning,candidate,mmd_rbf,instruction,uncensored_only,36,128,0.027645768817617662,0.016586334444582462,0.02973863496522938,0.0060017467476427555,0.13562440872192383,0,1
aim_on_breadcrumbs__calib_reasoning,candidate,mmd_rbf,reasoning,base,36,128,0.006445376829813338,0.005859883269295096,0.003807129991439295,0.0025380372535437346,0.02828803099691868,0,35
aim_on_breadcrumbs__calib_reasoning,candidate,mmd_rbf,reasoning,instr_only,36,128,0.0032652124969495665,0.0023313885321840644,0.005973681795944663,0.0012065351475030184,0.038438037037849426,0,35
aim_on_breadcrumbs__calib_reasoning,candidate,mmd_rbf,reasoning,reasoning_only,36,128,0.010089111514389515,0.010118707083165646,0.002935927297822157,0.003921699710190296,0.020694483071565628,0,35
aim_on_breadcrumbs__calib_reasoning,candidate,mmd_rbf,reasoning,uncensored_only,36,128,0.01805165776103321,0.010761473793536425,0.01942860225333164,0.0033333003520965576,0.08521156758069992,0,1
aim_on_breadcrumbs__calib_reasoning,candidate,mmd_rbf,uncensored_refusal_like,base,36,128,0.04080138562454118,0.040948063135147095,0.017373333419905605,0.010911243967711926,0.11817719787359238,0,35
aim_on_breadcrumbs__calib_reasoning,candidate,mmd_rbf,uncensored_refusal_like,instr_only,36,128,0.01424058387055993,0.009988283272832632,0.017831463613120605,0.006009332835674286,0.11608775705099106,11,35
aim_on_breadcrumbs__calib_reasoning,candidate,mmd_rbf,uncensored_refusal_like,reasoning_only,36,128,0.0412433804012835,0.042430296540260315,0.008771633209089176,0.020248567685484886,0.05483752489089966,0,31
aim_on_breadcrumbs__calib_reasoning,candidate,mmd_rbf,uncensored_refusal_like,uncensored_only,36,128,0.06239851993612117,0.050087885931134224,0.05212193651676713,0.01557963527739048,0.24095581471920013,0,1
aim_on_breadcrumbs__calib_reasoning,candidate,projected_js,general,base,36,128,0.0593763703800505,0.05861250692396425,0.006416349707430284,0.04528985975775868,0.09111122682224959,0,35
aim_on_breadcrumbs__calib_reasoning,candidate,projected_js,general,instr_only,36,128,0.052717079525286356,0.054215036623645574,0.010378903457495195,0.03165678901132196,0.09667967271525413,0,35
aim_on_breadcrumbs__calib_reasoning,candidate,projected_js,general,reasoning_only,36,128,0.06483779920543181,0.0641050763806561,0.003789588042977753,0.05989960610168055,0.07651290879584849,0,5
aim_on_breadcrumbs__calib_reasoning,candidate,projected_js,general,uncensored_only,36,128,0.0761226305027473,0.06671511421154719,0.025999104208925972,0.04456253042735625,0.17870798299554735,0,1
aim_on_breadcrumbs__calib_reasoning,candidate,projected_js,instruction,base,36,128,0.06748250614812908,0.0679602591553703,0.00783532097524463,0.04786897552548908,0.09970481344498694,0,35
aim_on_breadcrumbs__calib_reasoning,candidate,projected_js,instruction,instr_only,36,128,0.057235335523121954,0.05832731971167959,0.011732437344561595,0.03527616205974482,0.10717913607368246,0,35
aim_on_breadcrumbs__calib_reasoning,candidate,projected_js,instruction,reasoning_only,36,128,0.07338877202144228,0.07488195307087153,0.0048986946587138884,0.05692740945960395,0.07830771734006703,1,28
aim_on_breadcrumbs__calib_reasoning,candidate,projected_js,instruction,uncensored_only,36,128,0.08102648491977663,0.07435132324462757,0.021531131288138664,0.0499206920794677,0.16095931793097407,0,1
aim_on_breadcrumbs__calib_reasoning,candidate,projected_js,reasoning,base,36,128,0.05827281975588347,0.058204260778438766,0.004958268630394237,0.044911314005730674,0.07536860310938209,0,35
aim_on_breadcrumbs__calib_reasoning,candidate,projected_js,reasoning,instr_only,36,128,0.049875444810620846,0.05085758304630872,0.008803527248026433,0.03305223910138011,0.0874520453508012,0,35
aim_on_breadcrumbs__calib_reasoning,candidate,projected_js,reasoning,reasoning_only,36,128,0.06284688952291617,0.06309902580687776,0.004239997116793678,0.04717699286993593,0.07179597855429165,0,35
aim_on_breadcrumbs__calib_reasoning,candidate,projected_js,reasoning,uncensored_only,36,128,0.0695320182005364,0.06449707059073262,0.015315018078529703,0.03946787527820561,0.1208208889584057,0,1
aim_on_breadcrumbs__calib_reasoning,candidate,projected_js,uncensored_refusal_like,base,36,128,0.08981328000987156,0.0901453404512722,0.01625195360017841,0.057572490186430514,0.16348685254342854,0,35
aim_on_breadcrumbs__calib_reasoning,candidate,projected_js,uncensored_refusal_like,instr_only,36,128,0.06721324125181935,0.06333463959163055,0.0174216421698861,0.046408406109549105,0.15941013698466122,1,35
aim_on_breadcrumbs__calib_reasoning,candidate,projected_js,uncensored_refusal_like,reasoning_only,36,128,0.0950548067646903,0.09238598361844197,0.009610996552818357,0.07646932947682217,0.12220527429599315,1,5
aim_on_breadcrumbs__calib_reasoning,candidate,projected_js,uncensored_refusal_like,uncensored_only,36,128,0.1065235506054402,0.09546482769655995,0.04130884117476615,0.06862539306166582,0.25921296956948936,0,1
aim_on_breadcrumbs__calib_uncensored_refusal_like,candidate,mmd_rbf,general,base,36,128,0.008619840748401152,0.006872142199426889,0.006833117991175498,0.00537080317735672,0.047748204320669174,31,35
aim_on_breadcrumbs__calib_uncensored_refusal_like,candidate,mmd_rbf,general,instr_only,36,128,0.005705536750610918,0.0044880572240799665,0.008101914113341279,0.002771147759631276,0.053318675607442856,11,35
aim_on_breadcrumbs__calib_uncensored_refusal_like,candidate,mmd_rbf,general,reasoning_only,36,128,0.013192959543731477,0.011707730125635862,0.004321118822542697,0.008843380026519299,0.024120187386870384,34,4
aim_on_breadcrumbs__calib_uncensored_refusal_like,candidate,mmd_rbf,general,uncensored_only,36,128,0.028593232829330698,0.013648373074829578,0.037685259289976625,0.008980858139693737,0.17025892436504364,0,1
aim_on_breadcrumbs__calib_uncensored_refusal_like,candidate,mmd_rbf,instruction,base,36,128,0.012104393487485746,0.01100003533065319,0.0055222709439321175,0.004051450174301863,0.04160739481449127,0,35
aim_on_breadcrumbs__calib_uncensored_refusal_like,candidate,mmd_rbf,instruction,instr_only,36,128,0.005502407354975326,0.004138831980526447,0.007499236881311552,0.0020685165654867887,0.04922158271074295,0,35
aim_on_breadcrumbs__calib_uncensored_refusal_like,candidate,mmd_rbf,instruction,reasoning_only,36,128,0.016624991225803062,0.016869857907295227,0.002846893402117367,0.006382873747497797,0.02173774503171444,0,5
aim_on_breadcrumbs__calib_uncensored_refusal_like,candidate,mmd_rbf,instruction,uncensored_only,36,128,0.027583066710374422,0.01652487274259329,0.02974175822822659,0.006081548519432545,0.13569502532482147,0,1
aim_on_breadcrumbs__calib_uncensored_refusal_like,candidate,mmd_rbf,reasoning,base,36,128,0.006646460400790804,0.0061498156283050776,0.0038380135838015517,0.0025971592403948307,0.028609061613678932,0,35
aim_on_breadcrumbs__calib_uncensored_refusal_like,candidate,mmd_rbf,reasoning,instr_only,36,128,0.003223608522805282,0.002271773759275675,0.0059530386121004805,0.0012256443733349442,0.03829128295183182,0,35
aim_on_breadcrumbs__calib_uncensored_refusal_like,candidate,mmd_rbf,reasoning,reasoning_only,36,128,0.01001681552346175,0.010055218823254108,0.0029285607314402133,0.00383775238879025,0.020778411999344826,0,35
aim_on_breadcrumbs__calib_uncensored_refusal_like,candidate,mmd_rbf,reasoning,uncensored_only,36,128,0.017968005791772157,0.01060241274535656,0.019450064678551576,0.0033532201778143644,0.08519978821277618,0,1
aim_on_breadcrumbs__calib_uncensored_refusal_like,candidate,mmd_rbf,uncensored_refusal_like,base,36,128,0.04106097800346712,0.041101546958088875,0.017494607248505014,0.011317896656692028,0.11872756481170654,0,35
aim_on_breadcrumbs__calib_uncensored_refusal_like,candidate,mmd_rbf,uncensored_refusal_like,instr_only,36,128,0.014168768539093435,0.009995426516979933,0.017779418965037624,0.006019295193254948,0.11583036184310913,11,35
aim_on_breadcrumbs__calib_uncensored_refusal_like,candidate,mmd_rbf,uncensored_refusal_like,reasoning_only,36,128,0.041083632657925286,0.04234125465154648,0.00872654756030392,0.01969604566693306,0.054468393325805664,0,31
aim_on_breadcrumbs__calib_uncensored_refusal_like,candidate,mmd_rbf,uncensored_refusal_like,uncensored_only,36,128,0.06234821444377303,0.049904730170965195,0.05214360120300137,0.015905428677797318,0.24112677574157715,0,1
aim_on_breadcrumbs__calib_uncensored_refusal_like,candidate,projected_js,general,base,36,128,0.059754982650904113,0.05900436769297812,0.006339471645409213,0.04667156720825005,0.09208408399717882,0,35
aim_on_breadcrumbs__calib_uncensored_refusal_like,candidate,projected_js,general,instr_only,36,128,0.052493619961347174,0.053971890825778246,0.010452822229813908,0.031832774679060094,0.0979228846845217,0,35
aim_on_breadcrumbs__calib_uncensored_refusal_like,candidate,projected_js,general,reasoning_only,36,128,0.06496178108096097,0.0645480810344452,0.0037651718908595453,0.05933662794996053,0.075550330162514,0,5
aim_on_breadcrumbs__calib_uncensored_refusal_like,candidate,projected_js,general,uncensored_only,36,128,0.07585182873622721,0.06634634772490244,0.026020506651442912,0.044711913680657744,0.17886243772227317,0,1
aim_on_breadcrumbs__calib_uncensored_refusal_like,candidate,projected_js,instruction,base,36,128,0.06764848698852195,0.06770773718017153,0.007919337930165596,0.04783349219360389,0.0996981990756467,0,35
aim_on_breadcrumbs__calib_uncensored_refusal_like,candidate,projected_js,instruction,instr_only,36,128,0.056879296949167234,0.05764024671225343,0.011714529128596446,0.034806414718332235,0.10715964663540944,0,35
aim_on_breadcrumbs__calib_uncensored_refusal_like,candidate,projected_js,instruction,reasoning_only,36,128,0.07348038643410998,0.07498914111056365,0.005159165166183796,0.056733638513833284,0.07965502110891975,1,21
aim_on_breadcrumbs__calib_uncensored_refusal_like,candidate,projected_js,instruction,uncensored_only,36,128,0.08097580926551018,0.07444244582438841,0.02130358587233185,0.049866453919094056,0.16012284386670217,0,1
aim_on_breadcrumbs__calib_uncensored_refusal_like,candidate,projected_js,reasoning,base,36,128,0.05863018844926652,0.05934413148497697,0.005152071585001503,0.044377657875884324,0.07659259700449184,0,35
aim_on_breadcrumbs__calib_uncensored_refusal_like,candidate,projected_js,reasoning,instr_only,36,128,0.04953349676401962,0.050349063298199326,0.008500342538712626,0.0332388389215339,0.08642669481923804,0,35
aim_on_breadcrumbs__calib_uncensored_refusal_like,candidate,projected_js,reasoning,reasoning_only,36,128,0.06256390585783972,0.06357896394911222,0.004276358632664664,0.04617127752862871,0.07009859086247161,0,35
aim_on_breadcrumbs__calib_uncensored_refusal_like,candidate,projected_js,reasoning,uncensored_only,36,128,0.06931659484810855,0.06448312100837938,0.01527714842775719,0.03948989721538965,0.12006183509947732,0,1
aim_on_breadcrumbs__calib_uncensored_refusal_like,candidate,projected_js,uncensored_refusal_like,base,36,128,0.09018244088171438,0.08988463060813956,0.016448132487255504,0.05846601736266166,0.16493475274182856,0,35
aim_on_breadcrumbs__calib_uncensored_refusal_like,candidate,projected_js,uncensored_refusal_like,instr_only,36,128,0.06720019957760491,0.06272003553749528,0.0173974776080867,0.04682418404263444,0.1589072541682981,1,35
aim_on_breadcrumbs__calib_uncensored_refusal_like,candidate,projected_js,uncensored_refusal_like,reasoning_only,36,128,0.09466403891161058,0.09235880154301412,0.009568495955861015,0.07559636083897203,0.12006743159145117,1,5
aim_on_breadcrumbs__calib_uncensored_refusal_like,candidate,projected_js,uncensored_refusal_like,uncensored_only,36,128,0.10647129647016602,0.09567360478104092,0.041252540211825096,0.06806932992185466,0.2584712406678591,0,1
aim_on_dare,candidate,mmd_rbf,general,base,36,128,0.008516259892429743,0.006378100719302893,0.009504335720083548,0.004820099100470543,0.06369099766016006,31,35
aim_on_dare,candidate,mmd_rbf,general,instr_only,36,128,0.006163836062316679,0.005636506248265505,0.005374942079649614,0.0027007521130144596,0.03692764788866043,0,35
aim_on_dare,candidate,mmd_rbf,general,reasoning_only,36,128,0.013773846181316508,0.012371339835226536,0.006032931496473764,0.00786414835602045,0.030520552769303322,33,35
aim_on_dare,candidate,mmd_rbf,general,uncensored_only,36,128,0.02604547783266753,0.012283732648938894,0.03458402281038314,0.007184511516243219,0.1581956446170807,0,1
aim_on_dare,candidate,mmd_rbf,instruction,base,36,128,0.01181305631244969,0.010178306605666876,0.0074916177265868895,0.00312499119900167,0.05336114764213562,0,35
aim_on_dare,candidate,mmd_rbf,instruction,instr_only,36,128,0.005945126335265943,0.005572143942117691,0.005253588923120412,0.001811960362829268,0.035790830850601196,0,35
aim_on_dare,candidate,mmd_rbf,instruction,reasoning_only,36,128,0.016888290281511016,0.016427972353994846,0.0028952112695763347,0.0075347693637013435,0.023647384718060493,0,5
aim_on_dare,candidate,mmd_rbf,instruction,uncensored_only,36,128,0.025083749503311183,0.015179225709289312,0.0273489834784939,0.005091920495033264,0.1252683848142624,0,1
aim_on_dare,candidate,mmd_rbf,reasoning,base,36,128,0.006633215648536053,0.005564242135733366,0.006389441441216048,0.0020233169198036194,0.04387429356575012,0,35
aim_on_dare,candidate,mmd_rbf,reasoning,instr_only,36,128,0.003110312837331245,0.002739901770837605,0.003382773553870777,0.0010561704402789474,0.022710448130965233,0,35
aim_on_dare,candidate,mmd_rbf,reasoning,reasoning_only,36,128,0.010812043238224255,0.010596314910799265,0.0045850304143318565,0.0045071872882544994,0.03227708861231804,0,35
aim_on_dare,candidate,mmd_rbf,reasoning,uncensored_only,36,128,0.016191474815261446,0.01005407003685832,0.017334081690769793,0.0027851343620568514,0.07795063406229019,0,1
aim_on_dare,candidate,mmd_rbf,uncensored_refusal_like,base,36,128,0.03882672689441177,0.038856327533721924,0.01988134021393069,0.008608007803559303,0.13315674662590027,0,35
aim_on_dare,candidate,mmd_rbf,uncensored_refusal_like,instr_only,36,128,0.01579575582096974,0.013684738893061876,0.012385064831680183,0.005267387721687555,0.0821378156542778,0,35
aim_on_dare,candidate,mmd_rbf,uncensored_refusal_like,reasoning_only,36,128,0.04245935887512234,0.044308606535196304,0.0076663698211307954,0.023695433512330055,0.058102358132600784,0,5
aim_on_dare,candidate,mmd_rbf,uncensored_refusal_like,uncensored_only,36,128,0.056827045899505414,0.04563136771321297,0.04806468650249651,0.013200736604630947,0.22410069406032562,0,1
aim_on_dare,candidate,projected_js,general,base,36,128,0.05856460297865043,0.056785385735565796,0.009424059294969974,0.04336896633321885,0.10917676892131567,0,35
aim_on_dare,candidate,projected_js,general,instr_only,36,128,0.05445631546293347,0.0560460771957878,0.007972602057547415,0.03026862737897318,0.08335907099535689,0,35
aim_on_dare,candidate,projected_js,general,reasoning_only,36,128,0.06608063597296779,0.0652245634701103,0.005526211550047803,0.05689552801777609,0.08248092635767534,30,5
aim_on_dare,candidate,projected_js,general,uncensored_only,36,128,0.07426311880650853,0.06541330766049214,0.023860541589129612,0.04137266188627109,0.1663235585729126,0,1
aim_on_dare,candidate,projected_js,instruction,base,36,128,0.06680087122044319,0.06724618111911695,0.010139600745064937,0.04380210704402998,0.11296398186823353,0,35
aim_on_dare,candidate,projected_js,instruction,instr_only,36,128,0.05866933955823899,0.059933154538157396,0.009506244371913213,0.03492840370745398,0.09336494182934985,0,35
aim_on_dare,candidate,projected_js,instruction,reasoning_only,36,128,0.07390337027512335,0.07464784689364024,0.004088562148801362,0.06184608646435663,0.080517812166363,1,4
aim_on_dare,candidate,projected_js,instruction,uncensored_only,36,128,0.07898655263104754,0.07278835764736868,0.019608177392883744,0.04565866782650119,0.14986759884050116,0,1
aim_on_dare,candidate,projected_js,reasoning,base,36,128,0.05777120505242945,0.0580809346283786,0.007163783235626618,0.042335274105425924,0.08943158283364028,0,35
aim_on_dare,candidate,projected_js,reasoning,instr_only,36,128,0.05031383427356357,0.051987727245432325,0.0067004984967092,0.03303126178798266,0.07198058994254097,0,35
aim_on_dare,candidate,projected_js,reasoning,reasoning_only,36,128,0.06436423680982746,0.06461956970451865,0.004675369191697977,0.04908835163223557,0.08156104807858355,0,35
aim_on_dare,candidate,projected_js,reasoning,uncensored_only,36,128,0.06794802000351613,0.06398448639083654,0.013923926252532066,0.03703774785390124,0.11582805818761699,0,1
aim_on_dare,candidate,projected_js,uncensored_refusal_like,base,36,128,0.08836622840721652,0.08643698153900914,0.019010610367047154,0.05358697014162317,0.1738763132598251,0,35
aim_on_dare,candidate,projected_js,uncensored_refusal_like,instr_only,36,128,0.06913885542962817,0.06446292682085186,0.013398667817727373,0.046363728019059636,0.13328819489106536,0,35
aim_on_dare,candidate,projected_js,uncensored_refusal_like,reasoning_only,36,128,0.09577286348131667,0.09299115769681521,0.009270976497513465,0.0861159898340702,0.1300230241031386,14,5
aim_on_dare,candidate,projected_js,uncensored_refusal_like,uncensored_only,36,128,0.10265024130543073,0.09121537109604105,0.03911813714340502,0.06320051968214102,0.24776336428476498,0,1
aim_on_dare__calib_general,candidate,mmd_rbf,general,base,36,128,0.008567388247077664,0.006422263570129871,0.009509563701599,0.004856059793382883,0.06372852623462677,31,35
aim_on_dare__calib_general,candidate,mmd_rbf,general,instr_only,36,128,0.00617461960710999,0.005625080084428191,0.00537779768843744,0.002708864165470004,0.03693276643753052,0,35
aim_on_dare__calib_general,candidate,mmd_rbf,general,reasoning_only,36,128,0.01377820513314671,0.012370075564831495,0.006038379890730942,0.007872960530221462,0.030501166358590126,33,35
aim_on_dare__calib_general,candidate,mmd_rbf,general,uncensored_only,36,128,0.02600526626014875,0.012263367883861065,0.03454207801133925,0.007187110371887684,0.15795840322971344,0,1
aim_on_dare__calib_general,candidate,mmd_rbf,instruction,base,36,128,0.011906264395090856,0.010258056223392487,0.007542360539179706,0.0031449736561626196,0.053722091019153595,0,35
aim_on_dare__calib_general,candidate,mmd_rbf,instruction,instr_only,36,128,0.005933043611649837,0.005655307788401842,0.005208211389704168,0.0018213093280792236,0.03551549091935158,0,35
aim_on_dare__calib_general,candidate,mmd_rbf,instruction,reasoning_only,36,128,0.016903042120652065,0.016401726752519608,0.0029133176757836212,0.007498383522033691,0.023663507774472237,0,5
aim_on_dare__calib_general,candidate,mmd_rbf,instruction,uncensored_only,36,128,0.025019319999652605,0.01514020748436451,0.027315166903045505,0.005102086346596479,0.12507030367851257,0,1
aim_on_dare__calib_general,candidate,mmd_rbf,reasoning,base,36,128,0.006688646745816287,0.005612869979813695,0.006389032253792299,0.002027505775913596,0.04390978813171387,0,35
aim_on_dare__calib_general,candidate,mmd_rbf,reasoning,instr_only,36,128,0.0031124175164020723,0.002771460567601025,0.0033826630602103312,0.0010590404272079468,0.022710666060447693,0,35
aim_on_dare__calib_general,candidate,mmd_rbf,reasoning,reasoning_only,36,128,0.010800259795764254,0.010584725998342037,0.0045793765309698,0.004496520850807428,0.03220843896269798,0,35
aim_on_dare__calib_general,candidate,mmd_rbf,reasoning,uncensored_only,36,128,0.016156161656706698,0.01001766324043274,0.017316407293034748,0.0027878344990313053,0.07782890647649765,0,1
aim_on_dare__calib_general,candidate,mmd_rbf,uncensored_refusal_like,base,36,128,0.03911699429671797,0.03910367749631405,0.020009050110803273,0.008668369613587856,0.1338578462600708,0,35
aim_on_dare__calib_general,candidate,mmd_rbf,uncensored_refusal_like,instr_only,36,128,0.015760115929879248,0.013750730082392693,0.01231058927321918,0.0052918377332389355,0.08174970000982285,0,35
aim_on_dare__calib_general,candidate,mmd_rbf,uncensored_refusal_like,reasoning_only,36,128,0.04247677740123537,0.04432189464569092,0.007672471617056365,0.023624826222658157,0.058092087507247925,0,5
aim_on_dare__calib_general,candidate,mmd_rbf,uncensored_refusal_like,uncensored_only,36,128,0.056649990741991334,0.04537089914083481,0.04802262777470492,0.013213777914643288,0.22379076480865479,0,1
aim_on_dare__calib_general,candidate,projected_js,general,base,36,128,0.058463451110179046,0.05705686844885349,0.009218124782205121,0.04309482242388185,0.108203518204391,0,35
aim_on_dare__calib_general,candidate,projected_js,general,instr_only,36,128,0.054375084843842264,0.05682568115298636,0.007907178015517028,0.03062021305959206,0.08336703845998272,0,35
aim_on_dare__calib_general,candidate,projected_js,general,reasoning_only,36,128,0.06589564339487373,0.06596766001894139,0.005578859092554516,0.05794100963976234,0.08207631309051067,28,4
aim_on_dare__calib_general,candidate,projected_js,general,uncensored_only,36,128,0.07407550825135129,0.06530060450313613,0.023677753444789087,0.04059809893806232,0.1666886157472618,0,1
aim_on_dare__calib_general,candidate,projected_js,instruction,base,36,128,0.06701475479591561,0.06674611134803854,0.010303685834698975,0.04349366223323159,0.11470944865141064,0,35
aim_on_dare__calib_general,candidate,projected_js,instruction,instr_only,36,128,0.05902453239509163,0.06047689875413198,0.00956733516307343,0.034625805041287094,0.09402302908711135,0,35
aim_on_dare__calib_general,candidate,projected_js,instruction,reasoning_only,36,128,0.07395918790037588,0.07400913874153048,0.004105999318774874,0.061724567029159516,0.08144792699022219,0,4
aim_on_dare__calib_general,candidate,projected_js,instruction,uncensored_only,36,128,0.07890055912179782,0.0726978314050939,0.019598556105702377,0.04511216482205782,0.14909586880821735,0,1
aim_on_dare__calib_general,candidate,projected_js,reasoning,base,36,128,0.05777915553011957,0.057139312993967906,0.007270470222056342,0.04166789769078605,0.09085045324172825,0,35
aim_on_dare__calib_general,candidate,projected_js,reasoning,instr_only,36,128,0.05046932133336668,0.05240911367582157,0.00669233448640109,0.03339351172326133,0.07218314951751381,0,35
aim_on_dare__calib_general,candidate,projected_js,reasoning,reasoning_only,36,128,0.06442283961465971,0.0646045998291811,0.004717919040001618,0.04886344209080562,0.08038176241097972,0,35
aim_on_dare__calib_general,candidate,projected_js,reasoning,uncensored_only,36,128,0.06783228600215807,0.06424767003045417,0.01403572364569609,0.037144402413105126,0.1153757349238731,0,1
aim_on_dare__calib_general,candidate,projected_js,uncensored_refusal_like,base,36,128,0.08852310785732698,0.08679100184235722,0.018722003004964974,0.05484967210213654,0.1725726054282859,0,35
aim_on_dare__calib_general,candidate,projected_js,uncensored_refusal_like,instr_only,36,128,0.06934371306730706,0.06462067121174186,0.013059415260365225,0.04571974887221586,0.1325352904968895,0,35
aim_on_dare__calib_general,candidate,projected_js,uncensored_refusal_like,reasoning_only,36,128,0.09571489395602839,0.09338876567198895,0.009252584104814655,0.08556917606620118,0.12906202691374347,17,5
aim_on_dare__calib_general,candidate,projected_js,uncensored_refusal_like,uncensored_only,36,128,0.1024313801301307,0.09103196818614379,0.039174919034731255,0.06353194086113945,0.2477655034745112,0,1
aim_on_dare__calib_instruction,candidate,mmd_rbf,general,base,36,128,0.00847922526817355,0.006358644459396601,0.009472717259514638,0.004817673470824957,0.06350937485694885,31,35
aim_on_dare__calib_instruction,candidate,mmd_rbf,general,instr_only,36,128,0.006142400256875489,0.005635035922750831,0.005394015862100579,0.0026701807510107756,0.03705253079533577,0,35
aim_on_dare__calib_instruction,candidate,mmd_rbf,general,reasoning_only,36,128,0.01377495290297601,0.012383961118757725,0.006013380388760241,0.007883838377892971,0.0303509421646595,33,35
aim_on_dare__calib_instruction,candidate,mmd_rbf,general,uncensored_only,36,128,0.026070559099834,0.012285484466701746,0.03462856895149844,0.007175731938332319,0.15830010175704956,0,1
aim_on_dare__calib_instruction,candidate,mmd_rbf,instruction,base,36,128,0.011715037871100422,0.010056515224277973,0.0074092407943125195,0.0030568630900233984,0.052773088216781616,0,35
aim_on_dare__calib_instruction,candidate,mmd_rbf,instruction,instr_only,36,128,0.005961768536104096,0.005429217591881752,0.005335190651457433,0.0017959773540496826,0.036284010857343674,0,35
aim_on_dare__calib_instruction,candidate,mmd_rbf,instruction,reasoning_only,36,128,0.016883047569232684,0.016458590514957905,0.0028670290632996664,0.007588872220367193,0.0236506387591362,0,5
aim_on_dare__calib_instruction,candidate,mmd_rbf,instruction,uncensored_only,36,128,0.025136054545227025,0.015197115018963814,0.027388122616743515,0.005097490735352039,0.12536510825157166,0,1
aim_on_dare__calib_instruction,candidate,mmd_rbf,reasoning,base,36,128,0.006593648803472105,0.005557626485824585,0.0063525834137835475,0.0019816712010651827,0.043610867112874985,0,35
aim_on_dare__calib_instruction,candidate,mmd_rbf,reasoning,instr_only,36,128,0.0031047421895588436,0.0027276139007881284,0.00342231812911028,0.0010486692190170288,0.022953003644943237,0,35
aim_on_dare__calib_instruction,candidate,mmd_rbf,reasoning,reasoning_only,36,128,0.010824500259736346,0.010620159562677145,0.004542662740712445,0.004545468371361494,0.03203444927930832,0,35
aim_on_dare__calib_instruction,candidate,mmd_rbf,reasoning,uncensored_only,36,128,0.016226255904055305,0.01007031463086605,0.017372533290635078,0.002790233585983515,0.07803487777709961,0,1
aim_on_dare__calib_instruction,candidate,mmd_rbf,uncensored_refusal_like,base,36,128,0.038569582238172494,0.03865299001336098,0.019824424398480877,0.008393299765884876,0.1326056718826294,0,35
aim_on_dare__calib_instruction,candidate,mmd_rbf,uncensored_refusal_like,instr_only,36,128,0.015847003100336425,0.013611046131700277,0.012524585014514748,0.005213219206780195,0.08300495892763138,0,35
aim_on_dare__calib_instruction,candidate,mmd_rbf,uncensored_refusal_like,reasoning_only,36,128,0.04250695209743248,0.0443833414465189,0.007654427546074741,0.02393862046301365,0.058091629296541214,0,5
aim_on_dare__calib_instruction,candidate,mmd_rbf,uncensored_refusal_like,uncensored_only,36,128,0.05694087271371649,0.04576140269637108,0.04812913967883621,0.013175315223634243,0.22423231601715088,0,1
aim_on_dare__calib_instruction,candidate,projected_js,general,base,36,128,0.05835939744954683,0.05669895841856487,0.009302913308870174,0.043307600019034,0.10856693086680025,0,35
aim_on_dare__calib_instruction,candidate,projected_js,general,instr_only,36,128,0.05456480773743048,0.05640811136981938,0.007879078500356547,0.031001833616755903,0.08369409071747214,0,35
aim_on_dare__calib_instruction,candidate,projected_js,general,reasoning_only,36,128,0.06619284876877726,0.06591216349625029,0.005585460410449635,0.05766398130799644,0.08270980307133868,28,5
aim_on_dare__calib_instruction,candidate,projected_js,general,uncensored_only,36,128,0.07416815109010916,0.06536652962677181,0.023800690681133517,0.041522171202814206,0.16674539318773896,0,1
aim_on_dare__calib_instruction,candidate,projected_js,instruction,base,36,128,0.06654052643797412,0.0670213661796879,0.010268573535051041,0.04328978163539432,0.11293795966776088,0,35
aim_on_dare__calib_instruction,candidate,projected_js,instruction,instr_only,36,128,0.058881788991129724,0.06056796418852173,0.009469054934011917,0.034916474178317,0.09432530112098902,0,35
aim_on_dare__calib_instruction,candidate,projected_js,instruction,reasoning_only,36,128,0.07375450277969423,0.07451088032394182,0.003906540252474504,0.06171839270973578,0.0803924240753986,0,4
aim_on_dare__calib_instruction,candidate,projected_js,instruction,uncensored_only,36,128,0.07886063368722615,0.07322926857159473,0.019421495515094204,0.04559631727170199,0.148221647774335,0,1
aim_on_dare__calib_instruction,candidate,projected_js,reasoning,base,36,128,0.05757115499889349,0.05715058743953705,0.007275011424282604,0.04222008946817368,0.09048549504950643,0,35
aim_on_dare__calib_instruction,candidate,projected_js,reasoning,instr_only,36,128,0.05051932692650654,0.05205690846196376,0.00687597920040684,0.033125223766546696,0.07273602770874277,0,35
aim_on_dare__calib_instruction,candidate,projected_js,reasoning,reasoning_only,36,128,0.06427411517062057,0.06460512154444586,0.004652775950362434,0.04794446169398725,0.08009238104568794,0,35
aim_on_dare__calib_instruction,candidate,projected_js,reasoning,uncensored_only,36,128,0.06758186553391472,0.06347014286438935,0.014041493070914575,0.03683389240177348,0.11573536961805075,0,1
aim_on_dare__calib_instruction,candidate,projected_js,uncensored_refusal_like,base,36,128,0.08820499070376779,0.0870236101327464,0.01854432676806095,0.053968971711583436,0.17216120183002204,0,35
aim_on_dare__calib_instruction,candidate,projected_js,uncensored_refusal_like,instr_only,36,128,0.06926606157341869,0.06642759811074939,0.013166030623626245,0.046876416308805346,0.13346291752532125,0,35
aim_on_dare__calib_instruction,candidate,projected_js,uncensored_refusal_like,reasoning_only,36,128,0.09593776075538092,0.0928722188109532,0.009266081004626347,0.08619870041729882,0.13009223522385582,14,5
aim_on_dare__calib_instruction,candidate,projected_js,uncensored_refusal_like,uncensored_only,36,128,0.10292152153366867,0.09161655326897744,0.03901711711783464,0.06312485746457241,0.24701120116515085,0,1
aim_on_dare__calib_reasoning,candidate,mmd_rbf,general,base,36,128,0.008495747292828228,0.006352121941745281,0.009540929684098648,0.0048044282011687756,0.06390620768070221,31,35
aim_on_dare__calib_reasoning,candidate,mmd_rbf,general,instr_only,36,128,0.00616678887227964,0.005666123703122139,0.005345096137635672,0.002677023410797119,0.036742717027664185,0,35
aim_on_dare__calib_reasoning,candidate,mmd_rbf,general,reasoning_only,36,128,0.013790979696851637,0.012391824275255203,0.006057709322467149,0.00786527618765831,0.03063332475721836,33,35
aim_on_dare__calib_reasoning,candidate,mmd_rbf,general,uncensored_only,36,128,0.02605796313016779,0.012295875232666731,0.03459538583944041,0.007155668921768665,0.15823045372962952,0,1
aim_on_dare__calib_reasoning,candidate,mmd_rbf,instruction,base,36,128,0.011758646740215935,0.010156168602406979,0.0074815470307517205,0.0030829848255962133,0.05329815670847893,0,35
aim_on_dare__calib_reasoning,candidate,mmd_rbf,instruction,instr_only,36,128,0.005962196992994804,0.005498754559084773,0.005241088128431621,0.0017995060188695788,0.0356830470263958,0,35
aim_on_dare__calib_reasoning,candidate,mmd_rbf,instruction,reasoning_only,36,128,0.016906796540651057,0.016416151076555252,0.002901883992168198,0.007595926523208618,0.023688092827796936,0,5
aim_on_dare__calib_reasoning,candidate,mmd_rbf,instruction,uncensored_only,36,128,0.025097772815368243,0.01519411662593484,0.027360838394510024,0.005083799362182617,0.12530386447906494,0,1
aim_on_dare__calib_reasoning,candidate,mmd_rbf,reasoning,base,36,128,0.006549364925983052,0.005451704142615199,0.006381192305216767,0.002002416644245386,0.04375927150249481,0,35
aim_on_dare__calib_reasoning,candidate,mmd_rbf,reasoning,instr_only,36,128,0.003129010431520227,0.002747419523075223,0.0033964952582020338,0.001050460385158658,0.022793395444750786,0,35
aim_on_dare__calib_reasoning,candidate,mmd_rbf,reasoning,reasoning_only,36,128,0.010839643797630237,0.010643196292221546,0.004572686260143299,0.004532295744866133,0.03219155594706535,0,35
aim_on_dare__calib_reasoning,candidate,mmd_rbf,reasoning,uncensored_only,36,128,0.0162417270281973,0.0101197543554008,0.01734648809325258,0.002794089959934354,0.07801588624715805,0,1
aim_on_dare__calib_reasoning,candidate,mmd_rbf,uncensored_refusal_like,base,36,128,0.0387639536574069,0.03886709176003933,0.01980683734909868,0.00850746687501669,0.13295234739780426,0,35
aim_on_dare__calib_reasoning,candidate,mmd_rbf,uncensored_refusal_like,instr_only,36,128,0.01583356678020209,0.01367050176486373,0.012359581439808023,0.005226260516792536,0.08181571215391159,0,35
aim_on_dare__calib_reasoning,candidate,mmd_rbf,uncensored_refusal_like,reasoning_only,36,128,0.04242867252065076,0.04426581412553787,0.007645812843383025,0.0238955020904541,0.05814320966601372,0,5
aim_on_dare__calib_reasoning,candidate,mmd_rbf,uncensored_refusal_like,uncensored_only,36,128,0.056838818127289414,0.045679742470383644,0.04808645493200489,0.013169622980058193,0.22418175637722015,0,1
aim_on_dare__calib_reasoning,candidate,projected_js,general,base,36,128,0.058539341772605745,0.05685464716225397,0.009225583483494169,0.043749045027652755,0.10799232800491154,0,35
aim_on_dare__calib_reasoning,candidate,projected_js,general,instr_only,36,128,0.05437055830124235,0.05592076445464045,0.007916856214071679,0.0297434047824936,0.0834996536723338,0,35
aim_on_dare__calib_reasoning,candidate,projected_js,general,reasoning_only,36,128,0.06621000783019958,0.06554363714531064,0.005693261384455494,0.0565542271360755,0.08247858966933563,30,5
aim_on_dare__calib_reasoning,candidate,projected_js,general,uncensored_only,36,128,0.07441381709375289,0.06578994396841154,0.02366731619083257,0.04073032780434005,0.16693593771196902,0,1
aim_on_dare__calib_reasoning,candidate,projected_js,instruction,base,36,128,0.0666916638066242,0.06680553340993356,0.010318780107684479,0.042869949800660834,0.1137291369959712,0,35
aim_on_dare__calib_reasoning,candidate,projected_js,instruction,instr_only,36,128,0.05904408758639571,0.06114329694537446,0.009634629414035874,0.034769725702062715,0.09362214780412614,0,35
aim_on_dare__calib_reasoning,candidate,projected_js,instruction,reasoning_only,36,128,0.07392359165088339,0.07428820707718842,0.0039060273971022155,0.06249050743645057,0.079756710678339,1,21
aim_on_dare__calib_reasoning,candidate,projected_js,instruction,uncensored_only,36,128,0.07905208780519185,0.07268568739527836,0.019460325363936593,0.04592071384831797,0.149224997847341,0,1
aim_on_dare__calib_reasoning,candidate,projected_js,reasoning,base,36,128,0.057592624155707504,0.05748410220257938,0.007289794577209196,0.04217521322425455,0.09073879866627976,0,35
aim_on_dare__calib_reasoning,candidate,projected_js,reasoning,instr_only,36,128,0.05040196147335033,0.051994840512634255,0.00674514728954835,0.03383318010310177,0.07284839218482375,0,35
aim_on_dare__calib_reasoning,candidate,projected_js,reasoning,reasoning_only,36,128,0.06434005426732863,0.06426407300750725,0.00458849924079168,0.04937187975156121,0.08105704246554524,0,35
aim_on_dare__calib_reasoning,candidate,projected_js,reasoning,uncensored_only,36,128,0.06787178240847425,0.06342431082157418,0.013997449947095534,0.036871606498607434,0.1155505774077028,0,1
aim_on_dare__calib_reasoning,candidate,projected_js,uncensored_refusal_like,base,36,128,0.08842781169692494,0.08692726472509094,0.01886529278898395,0.053653742535971105,0.1725241846870631,0,35
aim_on_dare__calib_reasoning,candidate,projected_js,uncensored_refusal_like,instr_only,36,128,0.06907528168449062,0.06489453592803329,0.013136553291330155,0.04628795613825787,0.13204984361073002,0,35
aim_on_dare__calib_reasoning,candidate,projected_js,uncensored_refusal_like,reasoning_only,36,128,0.09564365788537543,0.09297095870715566,0.009339730255877783,0.08590470533818007,0.13042994047282264,14,5
aim_on_dare__calib_reasoning,candidate,projected_js,uncensored_refusal_like,uncensored_only,36,128,0.10276496023167662,0.09185645048273727,0.03904944341905482,0.0628511155518936,0.2474557198002003,0,1
aim_on_dare__calib_uncensored_refusal_like,candidate,mmd_rbf,general,base,36,128,0.008717860534994138,0.006550545338541269,0.009716907109316913,0.005007254425436258,0.06515812128782272,31,35
aim_on_dare__calib_uncensored_refusal_like,candidate,mmd_rbf,general,instr_only,36,128,0.006057802645955235,0.00551398703828454,0.005203648130882155,0.002715504262596369,0.03579751402139664,0,35
aim_on_dare__calib_uncensored_refusal_like,candidate,mmd_rbf,general,reasoning_only,36,128,0.013776152860373259,0.012358902022242546,0.00609157257606927,0.007880780845880508,0.03151876479387283,33,35
aim_on_dare__calib_uncensored_refusal_like,candidate,mmd_rbf,general,uncensored_only,36,128,0.025953129942839343,0.01222919300198555,0.03459193782273266,0.00726008415222168,0.15821366012096405,0,1
aim_on_dare__calib_uncensored_refusal_like,candidate,mmd_rbf,instruction,base,36,128,0.011992266214090504,0.010299356188625097,0.0076860537241387125,0.0032165467273443937,0.054644595831632614,0,35
aim_on_dare__calib_uncensored_refusal_like,candidate,mmd_rbf,instruction,instr_only,36,128,0.005882834789291438,0.005566947162151337,0.0050901426715667724,0.0018201649654656649,0.034740034490823746,0,35
aim_on_dare__calib_uncensored_refusal_like,candidate,mmd_rbf,instruction,reasoning_only,36,128,0.01682243501353595,0.016261656768620014,0.0029303080933196397,0.007420778274536133,0.023656906560063362,0,5
aim_on_dare__calib_uncensored_refusal_like,candidate,mmd_rbf,instruction,uncensored_only,36,128,0.02499000863948216,0.015071040485054255,0.02734117892741779,0.005136969964951277,0.12523454427719116,0,1
aim_on_dare__calib_uncensored_refusal_like,candidate,mmd_rbf,reasoning,base,36,128,0.006781300484564983,0.005740267224609852,0.006491215058344562,0.002072292612865567,0.044586431235075,0,35
aim_on_dare__calib_uncensored_refusal_like,candidate,mmd_rbf,reasoning,instr_only,36,128,0.003068650215734831,0.0027423998108133674,0.0033084043198598387,0.0010580987436696887,0.022238900884985924,0,35
aim_on_dare__calib_uncensored_refusal_like,candidate,mmd_rbf,reasoning,reasoning_only,36,128,0.010775273795136146,0.01054949639365077,0.004646559419801819,0.004448845982551575,0.03273463994264603,0,35
aim_on_dare__calib_uncensored_refusal_like,candidate,mmd_rbf,reasoning,uncensored_only,36,128,0.016117908901328012,0.009915490169078112,0.017348858244548286,0.0028004408814013004,0.0779317244887352,0,1
aim_on_dare__calib_uncensored_refusal_like,candidate,mmd_rbf,uncensored_refusal_like,base,36,128,0.038992885008661285,0.038868654519319534,0.020034196452402554,0.008856755681335926,0.13399362564086914,0,35
aim_on_dare__calib_uncensored_refusal_like,candidate,mmd_rbf,uncensored_refusal_like,instr_only,36,128,0.015757507243607607,0.013670593500137329,0.012162984234588952,0.005303788464516401,0.08063144236803055,0,35
aim_on_dare__calib_uncensored_refusal_like,candidate,mmd_rbf,uncensored_refusal_like,reasoning_only,36,128,0.042335781941397324,0.04407189227640629,0.007666704742376328,0.0233438853174448,0.058101724833250046,0,5
aim_on_dare__calib_uncensored_refusal_like,candidate,mmd_rbf,uncensored_refusal_like,uncensored_only,36,128,0.05672217088027133,0.04537711478769779,0.04805576910202167,0.01334008015692234,0.2240922451019287,0,1
aim_on_dare__calib_uncensored_refusal_like,candidate,projected_js,general,base,36,128,0.058852681909128374,0.05723849912465084,0.009371818587650675,0.04443002420885023,0.10959724895656109,0,35
aim_on_dare__calib_uncensored_refusal_like,candidate,projected_js,general,instr_only,36,128,0.054213673172853305,0.056202792751719244,0.007647068377820803,0.030434213476837613,0.08123593032360077,0,35
aim_on_dare__calib_uncensored_refusal_like,candidate,projected_js,general,reasoning_only,36,128,0.06619058211314648,0.0658098376734415,0.005427706670943313,0.05611880047945306,0.0807667322224006,30,4
aim_on_dare__calib_uncensored_refusal_like,candidate,projected_js,general,uncensored_only,36,128,0.07399675552409866,0.0653199533408042,0.023813743477083465,0.041199959727237,0.16701471694977954,0,1
aim_on_dare__calib_uncensored_refusal_like,candidate,projected_js,instruction,base,36,128,0.06721422784822709,0.06684301534551196,0.010415700911046755,0.0440111814532429,0.11576411238638684,0,35
aim_on_dare__calib_uncensored_refusal_like,candidate,projected_js,instruction,instr_only,36,128,0.058832742598396076,0.060379169721272774,0.009283914014329297,0.035081020861980505,0.09301125857746229,0,35
aim_on_dare__calib_uncensored_refusal_like,candidate,projected_js,instruction,reasoning_only,36,128,0.07385479904203546,0.07484588673105463,0.004205806896915489,0.06168687669560313,0.08257153735030442,0,4
aim_on_dare__calib_uncensored_refusal_like,candidate,projected_js,instruction,uncensored_only,36,128,0.07879263649657434,0.072568903764477,0.019502444437663483,0.04619924280268606,0.1488577489508316,0,1
aim_on_dare__calib_uncensored_refusal_like,candidate,projected_js,reasoning,base,36,128,0.05792095807878973,0.05744936998235062,0.007419489409758324,0.04278706345940009,0.09138909727334976,0,35
aim_on_dare__calib_uncensored_refusal_like,candidate,projected_js,reasoning,instr_only,36,128,0.05059542832976957,0.052587795216823,0.006511074129388892,0.03326516423840076,0.07008157361997291,0,35
aim_on_dare__calib_uncensored_refusal_like,candidate,projected_js,reasoning,reasoning_only,36,128,0.06424734583561076,0.06431114670704119,0.004679879151843379,0.04936763676232658,0.08171590056736022,0,35
aim_on_dare__calib_uncensored_refusal_like,candidate,projected_js,reasoning,uncensored_only,36,128,0.06767228818191345,0.06376359004934784,0.013959327995016604,0.03679839614778757,0.1165101686201524,0,1
aim_on_dare__calib_uncensored_refusal_like,candidate,projected_js,uncensored_refusal_like,base,36,128,0.08845985597225889,0.08680625789565966,0.018591127732071645,0.055130096297943965,0.1727243810892105,0,35
aim_on_dare__calib_uncensored_refusal_like,candidate,projected_js,uncensored_refusal_like,instr_only,36,128,0.06903868186580236,0.06506736029405147,0.013006373967205383,0.046163692357367836,0.1316754178260453,0,35
aim_on_dare__calib_uncensored_refusal_like,candidate,projected_js,uncensored_refusal_like,reasoning_only,36,128,0.09582845976062042,0.09330436558229849,0.009257519365244552,0.0859788115194533,0.12983930890914053,19,5
aim_on_dare__calib_uncensored_refusal_like,candidate,projected_js,uncensored_refusal_like,uncensored_only,36,128,0.10250281796470517,0.0916904541227268,0.03915158570849439,0.06308128556702286,0.24772862237296067,0,1
aim_on_della,candidate,mmd_rbf,general,base,36,128,0.008591173113220267,0.006450973451137543,0.009586613465286876,0.004881385248154402,0.06427740305662155,31,35
aim_on_della,candidate,mmd_rbf,general,instr_only,36,128,0.006091035061722828,0.005575582850724459,0.005287985249063304,0.0027326762210577726,0.0363607294857502,0,35
aim_on_della,candidate,mmd_rbf,general,reasoning_only,36,128,0.013821762029288543,0.012416716199368238,0.006117120234373495,0.00789988599717617,0.031132573261857033,33,35
aim_on_della,candidate,mmd_rbf,general,uncensored_only,36,128,0.02590235414552606,0.012172324117273092,0.03468546550857016,0.007149893324822187,0.1587611436843872,0,1
aim_on_della,candidate,mmd_rbf,instruction,base,36,128,0.012025020531533906,0.010287870652973652,0.007626610368841617,0.0032300592865794897,0.05427725240588188,0,35
aim_on_della,candidate,mmd_rbf,instruction,instr_only,36,128,0.0057876225231060134,0.0055317082442343235,0.0050553453590177775,0.0018349975580349565,0.034507300704717636,0,35
aim_on_della,candidate,mmd_rbf,instruction,reasoning_only,36,128,0.017043960940403242,0.01657732203602791,0.0029708530746531494,0.007468778174370527,0.02392866648733616,0,5
aim_on_della,candidate,mmd_rbf,instruction,uncensored_only,36,128,0.024855907760663994,0.014897340442985296,0.027406388339901024,0.0050336034037172794,0.12563972175121307,0,1
aim_on_della,candidate,mmd_rbf,reasoning,base,36,128,0.006730589284820275,0.005717794178053737,0.006311099263308608,0.0020831257570534945,0.043478306382894516,0,35
aim_on_della,candidate,mmd_rbf,reasoning,instr_only,36,128,0.0030870000288511315,0.002677725860849023,0.0034467944653603718,0.0010605037678033113,0.023097841069102287,0,35
aim_on_della,candidate,mmd_rbf,reasoning,reasoning_only,36,128,0.010815882292162213,0.010587445925921202,0.004536601507718544,0.004480504896491766,0.031905580312013626,0,35
aim_on_della,candidate,mmd_rbf,reasoning,uncensored_only,36,128,0.016083618845894106,0.009858375415205956,0.017424638526694992,0.002756476402282715,0.07823868095874786,0,1
aim_on_della,candidate,mmd_rbf,uncensored_refusal_like,base,36,128,0.03967745273580982,0.03981771320104599,0.020115756080632857,0.008916723541915417,0.13374774158000946,0,35
aim_on_della,candidate,mmd_rbf,uncensored_refusal_like,instr_only,36,128,0.01539335370115522,0.013416371773928404,0.011916044157518381,0.0053538978099823,0.07892899960279465,0,35
aim_on_della,candidate,mmd_rbf,uncensored_refusal_like,reasoning_only,36,128,0.0426250045808653,0.044155338779091835,0.007825717908376559,0.023294104263186455,0.05898629501461983,0,35
aim_on_della,candidate,mmd_rbf,uncensored_refusal_like,uncensored_only,36,128,0.056370737238062754,0.04487608000636101,0.048235327589220646,0.013128602877259254,0.2247840017080307,0,1
aim_on_della,candidate,projected_js,general,base,36,128,0.05888181457299248,0.057224669042625464,0.009148491697100788,0.04213679415988736,0.1076633803313598,0,35
aim_on_della,candidate,projected_js,general,instr_only,36,128,0.054341592856265684,0.05638680930132978,0.008021701317656534,0.030367791521712206,0.08162771712522954,0,35
aim_on_della,candidate,projected_js,general,reasoning_only,36,128,0.06590773063685952,0.06538184359669685,0.005484999821443926,0.05776191595941782,0.08273131347959861,30,5
aim_on_della,candidate,projected_js,general,uncensored_only,36,128,0.07398732977162581,0.06520512474526186,0.023996403807999344,0.04126913417712785,0.1692499126365874,0,1
aim_on_della,candidate,projected_js,instruction,base,36,128,0.06745093030460542,0.06779735640157014,0.010587421258730783,0.04197327047586441,0.11583295580931008,0,35
aim_on_della,candidate,projected_js,instruction,instr_only,36,128,0.05878443692240075,0.06094018883595709,0.009401768411007783,0.03577157450490631,0.09208514814963564,0,35
aim_on_della,candidate,projected_js,instruction,reasoning_only,36,128,0.07431925705693881,0.07478915873798542,0.0040173038359251345,0.06140993085864466,0.08142333169234917,0,4
aim_on_della,candidate,projected_js,instruction,uncensored_only,36,128,0.07886969340607822,0.07206857990240678,0.019769672769060706,0.04729366359242704,0.15051015684730373,0,1
aim_on_della,candidate,projected_js,reasoning,base,36,128,0.05790955567257091,0.05843169261061121,0.00746353993416287,0.041968339937739074,0.09152205084683374,0,35
aim_on_della,candidate,projected_js,reasoning,instr_only,36,128,0.05040246573561388,0.0518223940016469,0.0072489474834424444,0.0316487359959865,0.07429534327820875,0,35
aim_on_della,candidate,projected_js,reasoning,reasoning_only,36,128,0.06417956402421826,0.0646031870128354,0.004711021196000032,0.048578475456452,0.08088783430866897,0,35
aim_on_della,candidate,projected_js,reasoning,uncensored_only,36,128,0.06782140347382261,0.06493012352439109,0.013908504815031789,0.03659843746572733,0.11593042005551979,0,1
aim_on_della,candidate,projected_js,uncensored_refusal_like,base,36,128,0.08916001061233045,0.08752832023310475,0.018746979522175515,0.05594753709738143,0.17326258786488324,0,35
aim_on_della,candidate,projected_js,uncensored_refusal_like,instr_only,36,128,0.06864759781395453,0.0654527684673667,0.013101869409394468,0.045987447585503105,0.13068353210110217,0,35
aim_on_della,candidate,projected_js,uncensored_refusal_like,reasoning_only,36,128,0.09535076895311552,0.0923231343185762,0.009404733642929286,0.08413069631205872,0.12948393810074776,1,5
aim_on_della,candidate,projected_js,uncensored_refusal_like,uncensored_only,36,128,0.1023497346658486,0.09071507584303617,0.03959500622496067,0.06382555978780147,0.24996984412427992,0,1
aim_on_della__calib_general,candidate,mmd_rbf,general,base,36,128,0.008630685676406655,0.006487048929557204,0.00959055546498502,0.0048990920186042786,0.06430316716432571,31,35
aim_on_della__calib_general,candidate,mmd_rbf,general,instr_only,36,128,0.006099986714414424,0.0055689949076622725,0.0052940966974650725,0.0027346075512468815,0.03639064356684685,0,35
aim_on_della__calib_general,candidate,mmd_rbf,general,reasoning_only,36,128,0.013826569568158852,0.01241146819666028,0.006117622707614076,0.007884791120886803,0.03108924999833107,33,35
aim_on_della__calib_general,candidate,mmd_rbf,general,uncensored_only,36,128,0.02586103965424829,0.012145215645432472,0.034634273928664173,0.007141530513763428,0.1585264652967453,0,1
aim_on_della__calib_general,candidate,mmd_rbf,instruction,base,36,128,0.012116558203059766,0.010383680928498507,0.007668500594765166,0.003223052714020014,0.054553139954805374,0,35
aim_on_della__calib_general,candidate,mmd_rbf,instruction,instr_only,36,128,0.005774630712241762,0.005602569319307804,0.005029729237501276,0.0018353939522057772,0.03435380384325981,0,35
aim_on_della__calib_general,candidate,mmd_rbf,instruction,reasoning_only,36,128,0.01706252173365404,0.016567708924412727,0.0029844141691950893,0.007463821675628424,0.02393440715968609,0,5
aim_on_della__calib_general,candidate,mmd_rbf,instruction,uncensored_only,36,128,0.024789987119018204,0.014838566072285175,0.027366757120283504,0.0050182403065264225,0.12540487945079803,0,1
aim_on_della__calib_general,candidate,mmd_rbf,reasoning,base,36,128,0.00679280129649366,0.00577378855086863,0.006323575565885291,0.002080713165923953,0.04359574615955353,0,35
aim_on_della__calib_general,candidate,mmd_rbf,reasoning,instr_only,36,128,0.0030844159353162265,0.0026815527817234397,0.003444468749258696,0.0010617912048473954,0.023084474727511406,0,35
aim_on_della__calib_general,candidate,mmd_rbf,reasoning,reasoning_only,36,128,0.010811259737238288,0.010580910835415125,0.004538505425423192,0.0044790953397750854,0.031908296048641205,0,35
aim_on_della__calib_general,candidate,mmd_rbf,reasoning,uncensored_only,36,128,0.016040033208102815,0.009805540554225445,0.017401533007792448,0.0027505219914019108,0.07810086756944656,0,1
aim_on_della__calib_general,candidate,mmd_rbf,uncensored_refusal_like,base,36,128,0.03995498042139742,0.040091466158628464,0.020244970548043507,0.008936911821365356,0.13432660698890686,0,35
aim_on_della__calib_general,candidate,mmd_rbf,uncensored_refusal_like,instr_only,36,128,0.01534395340260946,0.013454507570713758,0.011815250594631945,0.005362653639167547,0.07833175361156464,0,35
aim_on_della__calib_general,candidate,mmd_rbf,uncensored_refusal_like,reasoning_only,36,128,0.04265444115218189,0.0441818181425333,0.007847527187015178,0.0232289619743824,0.05927257612347603,0,35
aim_on_della__calib_general,candidate,mmd_rbf,uncensored_refusal_like,uncensored_only,36,128,0.056199409145240985,0.044647205621004105,0.04816067401872309,0.013138211332261562,0.22444100677967072,0,1
aim_on_della__calib_general,candidate,projected_js,general,base,36,128,0.058831558548263274,0.05747491345391609,0.00923707993233305,0.04277864482719451,0.10764443478547037,0,35
aim_on_della__calib_general,candidate,projected_js,general,instr_only,36,128,0.05441564680667296,0.056272346759215,0.008027564852251538,0.03157050078152679,0.08310568513115868,0,35
aim_on_della__calib_general,candidate,projected_js,general,reasoning_only,36,128,0.06623572997260554,0.06557329568022396,0.005411500595750532,0.05678021439234726,0.08207426202716306,30,5
aim_on_della__calib_general,candidate,projected_js,general,uncensored_only,36,128,0.07365247729871448,0.06509423576062545,0.024132907923524946,0.04115604842081666,0.16837645627674647,0,1
aim_on_della__calib_general,candidate,projected_js,instruction,base,36,128,0.06755356582491207,0.06790160539094359,0.010481690304546605,0.04269982731784694,0.11531371955061331,0,35
aim_on_della__calib_general,candidate,projected_js,instruction,instr_only,36,128,0.05878813255104534,0.06154664333735127,0.009155260049309036,0.035499029254424386,0.09127380250720307,0,35
aim_on_della__calib_general,candidate,projected_js,instruction,reasoning_only,36,128,0.07430195456052185,0.07441837512305938,0.0038536503980617755,0.061431482099578716,0.08027929038507864,0,4
aim_on_della__calib_general,candidate,projected_js,instruction,uncensored_only,36,128,0.0786996537285126,0.07224122955813073,0.019624716352524864,0.04648937478486914,0.15012915420811623,0,1
aim_on_della__calib_general,candidate,projected_js,reasoning,base,36,128,0.058039036689377904,0.058333959386800416,0.0074573119307390036,0.041939282906241715,0.09099412389332429,0,35
aim_on_della__calib_general,candidate,projected_js,reasoning,instr_only,36,128,0.05060476287649686,0.05233284836867824,0.007095654900254508,0.031724396540084854,0.07278982357820496,0,35
aim_on_della__calib_general,candidate,projected_js,reasoning,reasoning_only,36,128,0.06427008109474425,0.06441796891158447,0.004637817963065178,0.04897148851887323,0.08034866739762947,0,35
aim_on_della__calib_general,candidate,projected_js,reasoning,uncensored_only,36,128,0.06792647665942139,0.06417960650287569,0.013893399101274951,0.03726896602893248,0.11588742965250276,0,1
aim_on_della__calib_general,candidate,projected_js,uncensored_refusal_like,base,36,128,0.08914006295930853,0.08719549066154286,0.01879100067623724,0.055366618995321915,0.1741201519034803,0,35
aim_on_della__calib_general,candidate,projected_js,uncensored_refusal_like,instr_only,36,128,0.06880622291646432,0.06531718430051114,0.012951159230378026,0.045756936626276,0.13015307596651837,0,35
aim_on_della__calib_general,candidate,projected_js,uncensored_refusal_like,reasoning_only,36,128,0.09575599475000571,0.09280349517939612,0.009203883746149076,0.0839977982104756,0.12876372557366267,17,5
aim_on_della__calib_general,candidate,projected_js,uncensored_refusal_like,uncensored_only,36,128,0.10223980966232678,0.08989765387377702,0.039427909937675885,0.06333908664237242,0.24974609282799065,0,1
aim_on_della__calib_instruction,candidate,mmd_rbf,general,base,36,128,0.008550062193535268,0.006428378168493509,0.009541479340858442,0.004878038074821234,0.06401019543409348,31,35
aim_on_della__calib_instruction,candidate,mmd_rbf,general,instr_only,36,128,0.006072692204422007,0.005565842846408486,0.005320708900407322,0.002706045052036643,0.03657585009932518,0,35
aim_on_della__calib_instruction,candidate,mmd_rbf,general,reasoning_only,36,128,0.013809376603199376,0.012398893013596535,0.006082615096773057,0.007912355475127697,0.03086118772625923,33,35
aim_on_della__calib_instruction,candidate,mmd_rbf,general,uncensored_only,36,128,0.02593803835204906,0.012192202266305685,0.03472081313085788,0.007133525796234608,0.15881364047527313,0,1
aim_on_della__calib_instruction,candidate,mmd_rbf,instruction,base,36,128,0.011917999977918549,0.010214289650321007,0.007532007246119358,0.0031440199818462133,0.05359907075762749,0,35
aim_on_della__calib_instruction,candidate,mmd_rbf,instruction,instr_only,36,128,0.005813360236869711,0.0053987877909094095,0.00515563866041828,0.0018147797090932727,0.03512880951166153,0,35
aim_on_della__calib_instruction,candidate,mmd_rbf,instruction,reasoning_only,36,128,0.017025632408654526,0.016593273729085922,0.0029368459738924172,0.007555404212325811,0.02392667904496193,0,5
aim_on_della__calib_instruction,candidate,mmd_rbf,instruction,uncensored_only,36,128,0.02491143256581078,0.014937014319002628,0.02743915296235803,0.005012223031371832,0.12566684186458588,0,1
aim_on_della__calib_instruction,candidate,mmd_rbf,reasoning,base,36,128,0.006687326550794144,0.005686447257176042,0.0062897546403440285,0.0020380974747240543,0.04330947622656822,0,35
aim_on_della__calib_instruction,candidate,mmd_rbf,reasoning,instr_only,36,128,0.0030812930716719064,0.0026895186165347695,0.0034671943028870777,0.0010534286266192794,0.02322262153029442,0,35
aim_on_della__calib_instruction,candidate,mmd_rbf,reasoning,reasoning_only,36,128,0.010829507114572657,0.010619041975587606,0.004509991334885355,0.00452061602845788,0.03175736963748932,0,35
aim_on_della__calib_instruction,candidate,mmd_rbf,reasoning,uncensored_only,36,128,0.016118235821421776,0.009880125988274813,0.01745303385797233,0.002757042646408081,0.07828515022993088,0,1
aim_on_della__calib_instruction,candidate,mmd_rbf,uncensored_refusal_like,base,36,128,0.03947544938677715,0.03969220630824566,0.02011719016304183,0.008712745271623135,0.13351337611675262,0,35
aim_on_della__calib_instruction,candidate,mmd_rbf,uncensored_refusal_like,instr_only,36,128,0.01544094010670152,0.013350676745176315,0.012016704319924111,0.005294013302773237,0.07953119277954102,0,35
aim_on_della__calib_instruction,candidate,mmd_rbf,uncensored_refusal_like,reasoning_only,36,128,0.04262504488643673,0.04420158825814724,0.007787882144272909,0.023485912010073662,0.05874267965555191,0,5
aim_on_della__calib_instruction,candidate,mmd_rbf,uncensored_refusal_like,uncensored_only,36,128,0.056476543916182384,0.04502054862678051,0.048287328699582806,0.013104379177093506,0.22485987842082977,0,1
aim_on_della__calib_instruction,candidate,projected_js,general,base,36,128,0.058767351011839414,0.057559594031772576,0.009160500884348364,0.04177531732420903,0.10719008836895227,0,35
aim_on_della__calib_instruction,candidate,projected_js,general,instr_only,36,128,0.054506034909637596,0.05642713019915391,0.007960297229213998,0.031161468446953222,0.08094267698470503,0,35
aim_on_della__calib_instruction,candidate,projected_js,general,reasoning_only,36,128,0.06632377714898514,0.06545373715925962,0.0053612952513577734,0.05770576762733981,0.0817322384682484,31,5
aim_on_della__calib_instruction,candidate,projected_js,general,uncensored_only,36,128,0.07393715709986282,0.06529466777283233,0.024042430909554154,0.04123750013241079,0.1682435717084445,0,1
aim_on_della__calib_instruction,candidate,projected_js,instruction,base,36,128,0.06714356780462873,0.06798318176879548,0.010528477445157313,0.041770229989197105,0.11463177634868771,0,35
aim_on_della__calib_instruction,candidate,projected_js,instruction,instr_only,36,128,0.058658929400230084,0.06091664578707423,0.009376568458929256,0.03499594682944007,0.09222867456264794,0,35
aim_on_della__calib_instruction,candidate,projected_js,instruction,reasoning_only,36,128,0.07432191079957799,0.07494062138721347,0.003998890807181867,0.06039327709004283,0.08062406175304204,0,4
aim_on_della__calib_instruction,candidate,projected_js,instruction,uncensored_only,36,128,0.07882705295681565,0.07248796161729842,0.02000323411219021,0.04633857024600729,0.15084516585920937,0,1
aim_on_della__calib_instruction,candidate,projected_js,reasoning,base,36,128,0.05766648541046177,0.05824651235889178,0.007301225396888061,0.041899907402694225,0.0898472050903365,0,35
aim_on_della__calib_instruction,candidate,projected_js,reasoning,instr_only,36,128,0.050189513078092,0.05151578725781292,0.007146993668823283,0.03142649162327871,0.07315782352816314,0,35
aim_on_della__calib_instruction,candidate,projected_js,reasoning,reasoning_only,36,128,0.06427119514895215,0.06411061904509552,0.004748382093113461,0.04870231912354939,0.08114339457824826,0,35
aim_on_della__calib_instruction,candidate,projected_js,reasoning,uncensored_only,36,128,0.06813791265893895,0.06460721332405228,0.013642293867038949,0.037312701853807084,0.1167634008161258,0,1
aim_on_della__calib_instruction,candidate,projected_js,uncensored_refusal_like,base,36,128,0.08888251282526956,0.0871252172801178,0.018926316361980933,0.055044046515831724,0.17405478784348816,0,35
aim_on_della__calib_instruction,candidate,projected_js,uncensored_refusal_like,instr_only,36,128,0.06875006339477194,0.06582450644054916,0.012869944894557516,0.046259949216619134,0.12911621399689466,0,35
aim_on_della__calib_instruction,candidate,projected_js,uncensored_refusal_like,reasoning_only,36,128,0.09558319086257445,0.09231223119422793,0.009325931921422765,0.08389935828745365,0.129311615426559,17,5
aim_on_della__calib_instruction,candidate,projected_js,uncensored_refusal_like,uncensored_only,36,128,0.10271220860158792,0.09163421878474765,0.03916234193819342,0.06351838502450846,0.24842856900068,0,1
aim_on_della__calib_reasoning,candidate,mmd_rbf,general,base,36,128,0.008570695063099265,0.006418834673240781,0.009611960182116026,0.004867336247116327,0.0644204244017601,31,35
aim_on_della__calib_reasoning,candidate,mmd_rbf,general,instr_only,36,128,0.006105926625120143,0.005612815730273724,0.0052720503446430115,0.002710837172344327,0.036272574216127396,0,35
aim_on_della__calib_reasoning,candidate,mmd_rbf,general,reasoning_only,36,128,0.013823332109798988,0.01242068549618125,0.006123902321534592,0.007892250083386898,0.031159782782197,33,35
aim_on_della__calib_reasoning,candidate,mmd_rbf,general,uncensored_only,36,128,0.02592443000887417,0.012177792843431234,0.03470627743529727,0.0071561275981366634,0.1588204801082611,0,1
aim_on_della__calib_reasoning,candidate,mmd_rbf,instruction,base,36,128,0.011968148697633296,0.010276188608258963,0.00760472121325856,0.0031945526134222746,0.05414685606956482,0,35
aim_on_della__calib_reasoning,candidate,mmd_rbf,instruction,instr_only,36,128,0.00581373900705431,0.005473137833178043,0.005052631864711798,0.0018155098659917712,0.034471120685338974,0,35
aim_on_della__calib_reasoning,candidate,mmd_rbf,instruction,reasoning_only,36,128,0.01705613593933069,0.016583950258791447,0.0029751897042589485,0.007533002179116011,0.023964164778590202,0,5
aim_on_della__calib_reasoning,candidate,mmd_rbf,instruction,uncensored_only,36,128,0.02487672848575231,0.014921224676072598,0.027426603688382435,0.005021131131798029,0.12567906081676483,0,1
aim_on_della__calib_reasoning,candidate,mmd_rbf,reasoning,base,36,128,0.00664642427323593,0.005612724926322699,0.006314240459676934,0.002058273646980524,0.0434349849820137,0,35
aim_on_della__calib_reasoning,candidate,mmd_rbf,reasoning,instr_only,36,128,0.0031031711615570304,0.0026993333594873548,0.003453291792452875,0.00105227530002594,0.023135364055633545,0,35
aim_on_della__calib_reasoning,candidate,mmd_rbf,reasoning,reasoning_only,36,128,0.010842929374323122,0.010641833301633596,0.004534354759920643,0.004514283034950495,0.031891416758298874,0,35
aim_on_della__calib_reasoning,candidate,mmd_rbf,reasoning,uncensored_only,36,128,0.016133221150893304,0.009914673864841461,0.017433628583050472,0.002757817506790161,0.07828434556722641,0,1
aim_on_della__calib_reasoning,candidate,mmd_rbf,uncensored_refusal_like,base,36,128,0.03960391374615332,0.039816875010728836,0.020027971957937655,0.008831090293824673,0.13340376317501068,0,35
aim_on_della__calib_reasoning,candidate,mmd_rbf,uncensored_refusal_like,instr_only,36,128,0.015456123730271228,0.013425950892269611,0.011914175803242891,0.005296796560287476,0.07878484576940536,0,35
aim_on_della__calib_reasoning,candidate,mmd_rbf,uncensored_refusal_like,reasoning_only,36,128,0.04256112904598316,0.04405024088919163,0.00779514118988525,0.02345713973045349,0.05899622663855553,0,35
aim_on_della__calib_reasoning,candidate,mmd_rbf,uncensored_refusal_like,uncensored_only,36,128,0.056393334564442434,0.04491692595183849,0.0482626010164207,0.013105916790664196,0.22483022511005402,0,1
aim_on_della__calib_reasoning,candidate,projected_js,general,base,36,128,0.05860427061027925,0.05713222688063979,0.00916558114597341,0.0424579884565901,0.1073194308555685,0,35
aim_on_della__calib_reasoning,candidate,projected_js,general,instr_only,36,128,0.05443717632968199,0.05680256651248783,0.008069496592493822,0.030541285683284514,0.0828312878147699,0,35
aim_on_della__calib_reasoning,candidate,projected_js,general,reasoning_only,36,128,0.06646337987088675,0.06600463518407196,0.005641029138815967,0.05560084999888204,0.08171076388680376,30,5
aim_on_della__calib_reasoning,candidate,projected_js,general,uncensored_only,36,128,0.07376382022307047,0.06525001383852214,0.024136924072787527,0.04137412863201462,0.1695086258405354,0,1
aim_on_della__calib_reasoning,candidate,projected_js,instruction,base,36,128,0.06715836146435726,0.06767050510097761,0.010733738604141969,0.04193936457158998,0.1155539263272658,0,35
aim_on_della__calib_reasoning,candidate,projected_js,instruction,instr_only,36,128,0.05868833658193277,0.060826726257801056,0.009431670215024479,0.03498431283514947,0.09271200298098847,0,35
aim_on_della__calib_reasoning,candidate,projected_js,instruction,reasoning_only,36,128,0.0743729851868314,0.07484946865588427,0.003810440400032847,0.06142619426827878,0.08133148396154866,0,4
aim_on_della__calib_reasoning,candidate,projected_js,instruction,uncensored_only,36,128,0.07898384774267066,0.0720885970222298,0.019700737012212977,0.046396718578762375,0.1515644077444449,0,1
aim_on_della__calib_reasoning,candidate,projected_js,reasoning,base,36,128,0.057717864321602974,0.05824221008515451,0.007350071612331746,0.04225351975765079,0.09015963028650731,0,35
aim_on_della__calib_reasoning,candidate,projected_js,reasoning,instr_only,36,128,0.05018723186044048,0.05157453045831062,0.0071116929609108745,0.03136121577699669,0.07320415548747405,0,35
aim_on_della__calib_reasoning,candidate,projected_js,reasoning,reasoning_only,36,128,0.06420804811447549,0.06449128399253823,0.004589579672370584,0.04916179121937603,0.0811408229637891,0,35
aim_on_della__calib_reasoning,candidate,projected_js,reasoning,uncensored_only,36,128,0.0680271446168869,0.06467171569238417,0.01366666759182146,0.03707692584430333,0.1163369728019461,0,1
aim_on_della__calib_reasoning,candidate,projected_js,uncensored_refusal_like,base,36,128,0.08919450716510052,0.08755728942924179,0.018756173614755442,0.05586800110177137,0.17272668902296573,0,35
aim_on_della__calib_reasoning,candidate,projected_js,uncensored_refusal_like,instr_only,36,128,0.06876102352220591,0.0653572114824783,0.012907872871414329,0.04637817986076698,0.12963677337393165,0,35
aim_on_della__calib_reasoning,candidate,projected_js,uncensored_refusal_like,reasoning_only,36,128,0.09543154798342988,0.09317721214029007,0.00948016305706343,0.08370642823865637,0.1304183798492886,1,5
aim_on_della__calib_reasoning,candidate,projected_js,uncensored_refusal_like,uncensored_only,36,128,0.10230987813863773,0.09038264135597274,0.03933605202109763,0.06266825745115057,0.24908786080777645,0,1
aim_on_della__calib_uncensored_refusal_like,candidate,mmd_rbf,general,base,36,128,0.0087700113783487,0.006600498920306563,0.009797931363505024,0.0050444090738892555,0.06571807712316513,31,35
aim_on_della__calib_uncensored_refusal_like,candidate,mmd_rbf,general,instr_only,36,128,0.00600379532099598,0.005482165841385722,0.005122182023660345,0.0027511955704540014,0.035280682146549225,0,35
aim_on_della__calib_uncensored_refusal_like,candidate,mmd_rbf,general,reasoning_only,36,128,0.0138088705846005,0.01238356251269579,0.0061834991586076195,0.007880913093686104,0.03210081532597542,33,35
aim_on_della__calib_uncensored_refusal_like,candidate,mmd_rbf,general,uncensored_only,36,128,0.02581004416828768,0.012059120927006006,0.03467294128964233,0.007199412677437067,0.15868161618709564,0,1
aim_on_della__calib_uncensored_refusal_like,candidate,mmd_rbf,instruction,base,36,128,0.012193220512320599,0.010491909459233284,0.0077995732871800096,0.0032928436994552612,0.0554046593606472,0,35
aim_on_della__calib_uncensored_refusal_like,candidate,mmd_rbf,instruction,instr_only,36,128,0.0057314730010047145,0.005519374273717403,0.004912822982909541,0.0018441200954839587,0.03359810262918472,0,35
aim_on_della__calib_uncensored_refusal_like,candidate,mmd_rbf,instruction,reasoning_only,36,128,0.01698017892582963,0.016459250822663307,0.0029908103721989943,0.007409998681396246,0.023928290233016014,0,5
aim_on_della__calib_uncensored_refusal_like,candidate,mmd_rbf,instruction,uncensored_only,36,128,0.024764123799589772,0.01476192893460393,0.027392367418624688,0.005061483476310968,0.1255214363336563,0,1
aim_on_della__calib_uncensored_refusal_like,candidate,mmd_rbf,reasoning,base,36,128,0.006867859570775181,0.005833409493789077,0.006421960108331783,0.002118478761985898,0.04423578456044197,0,35
aim_on_della__calib_uncensored_refusal_like,candidate,mmd_rbf,reasoning,instr_only,36,128,0.0030462289578281343,0.0026666420744732022,0.00335843393111069,0.0010643780697137117,0.02254154346883297,0,35
aim_on_della__calib_uncensored_refusal_like,candidate,mmd_rbf,reasoning,reasoning_only,36,128,0.010785082471556962,0.010551742278039455,0.004605337859670992,0.004444304388016462,0.032415930181741714,0,35
aim_on_della__calib_uncensored_refusal_like,candidate,mmd_rbf,reasoning,uncensored_only,36,128,0.016008444583146937,0.009722719434648752,0.017423369867117348,0.0027608931995928288,0.0781465694308281,0,1
aim_on_della__calib_uncensored_refusal_like,candidate,mmd_rbf,uncensored_refusal_like,base,36,128,0.03981676322614981,0.03985097259283066,0.020259438870231745,0.00912694912403822,0.13444335758686066,0,35
aim_on_della__calib_uncensored_refusal_like,candidate,mmd_rbf,uncensored_refusal_like,instr_only,36,128,0.015346473160510262,0.013400705996900797,0.011674804697984183,0.005394178908318281,0.07728821784257889,0,35
aim_on_della__calib_uncensored_refusal_like,candidate,mmd_rbf,uncensored_refusal_like,reasoning_only,36,128,0.04249103165542086,0.04392541944980621,0.00782165652285078,0.023008907213807106,0.059878576546907425,0,35
aim_on_della__calib_uncensored_refusal_like,candidate,mmd_rbf,uncensored_refusal_like,uncensored_only,36,128,0.05624791020010081,0.04461236856877804,0.048182633368073685,0.013238114304840565,0.2246277779340744,0,1
aim_on_della__calib_uncensored_refusal_like,candidate,projected_js,general,base,36,128,0.058962839333010685,0.05774324135563802,0.00932924062504214,0.042234212189214304,0.10920336318667978,0,35
aim_on_della__calib_uncensored_refusal_like,candidate,projected_js,general,instr_only,36,128,0.05435177640134094,0.05641763117455412,0.007857809667102535,0.03080951701849699,0.08226911985548213,0,35
aim_on_della__calib_uncensored_refusal_like,candidate,projected_js,general,reasoning_only,36,128,0.06616655957097667,0.06546915083890781,0.0054319672339006525,0.05586958833737299,0.08108253654791042,30,5
aim_on_della__calib_uncensored_refusal_like,candidate,projected_js,general,uncensored_only,36,128,0.07392714620335836,0.06562112248502672,0.023994896006433224,0.04216863166220719,0.16886102681746706,0,1
aim_on_della__calib_uncensored_refusal_like,candidate,projected_js,instruction,base,36,128,0.06762630110784408,0.06766972728655674,0.010596236774438014,0.04303195441025309,0.11575677618384361,0,35
aim_on_della__calib_uncensored_refusal_like,candidate,projected_js,instruction,instr_only,36,128,0.05877987419565519,0.06121997821901459,0.00918315295122429,0.034661883022636175,0.0906608299119398,0,35
aim_on_della__calib_uncensored_refusal_like,candidate,projected_js,instruction,reasoning_only,36,128,0.0740018247819939,0.07453814192558639,0.0038024173954430856,0.061472531568142585,0.08043237443780527,0,4
aim_on_della__calib_uncensored_refusal_like,candidate,projected_js,instruction,uncensored_only,36,128,0.07899330447819214,0.07270869315834716,0.019683910280875135,0.046425811626249924,0.15021852587233298,0,1
aim_on_della__calib_uncensored_refusal_like,candidate,projected_js,reasoning,base,36,128,0.058157829385082654,0.05841697214054875,0.007297132893268831,0.04308880554162897,0.09079520631348714,0,35
aim_on_della__calib_uncensored_refusal_like,candidate,projected_js,reasoning,instr_only,36,128,0.05037651075690519,0.052060514863114804,0.007053739773118962,0.031489328772295266,0.07309003360569477,0,35
aim_on_della__calib_uncensored_refusal_like,candidate,projected_js,reasoning,reasoning_only,36,128,0.06434118348584485,0.06440516568545718,0.004568310846018264,0.04869094438618049,0.08094063174212351,0,35
aim_on_della__calib_uncensored_refusal_like,candidate,projected_js,reasoning,uncensored_only,36,128,0.06813435741646066,0.06479286786634475,0.013657404745292366,0.036368531531479675,0.11598347692051902,0,1
aim_on_della__calib_uncensored_refusal_like,candidate,projected_js,uncensored_refusal_like,base,36,128,0.08919911650203478,0.08653268773923628,0.01870238146456355,0.05625912893447094,0.17355424002744257,0,35
aim_on_della__calib_uncensored_refusal_like,candidate,projected_js,uncensored_refusal_like,instr_only,36,128,0.06859546186185778,0.06477336917305365,0.012527888373818448,0.04574990808032453,0.1280720931245014,0,35
aim_on_della__calib_uncensored_refusal_like,candidate,projected_js,uncensored_refusal_like,reasoning_only,36,128,0.09548880205774266,0.09267522650770843,0.00944000967055176,0.08407143075601198,0.1303967006970197,1,5
aim_on_della__calib_uncensored_refusal_like,candidate,projected_js,uncensored_refusal_like,uncensored_only,36,128,0.10224676970877529,0.09050286404090002,0.03930216659240609,0.06146497160079889,0.248781455331482,0,1
aim_on_task_arithmetic,candidate,mmd_rbf,general,base,36,128,0.007887077724768056,0.005944494158029556,0.009219374835674502,0.004332698415964842,0.0615416057407856,31,35
aim_on_task_arithmetic,candidate,mmd_rbf,general,instr_only,36,128,0.005983477387215114,0.0055235454346984625,0.005610564152603783,0.0024650634732097387,0.038299668580293655,0,35
aim_on_task_arithmetic,candidate,mmd_rbf,general,reasoning_only,36,128,0.01302408557643907,0.011745213996618986,0.005876711885965633,0.007251204457134008,0.028971729800105095,33,35
aim_on_task_arithmetic,candidate,mmd_rbf,general,uncensored_only,36,128,0.02645916580998649,0.012467232998460531,0.03508247380306377,0.007187193725258112,0.16076475381851196,0,1
aim_on_task_arithmetic,candidate,mmd_rbf,instruction,base,36,128,0.0112783981862271,0.009617572650313377,0.007604682829255253,0.002879646373912692,0.053465452045202255,0,35
aim_on_task_arithmetic,candidate,mmd_rbf,instruction,instr_only,36,128,0.005603007797617465,0.004857754800468683,0.005045870361898846,0.0016439259052276611,0.034113600850105286,0,35
aim_on_task_arithmetic,candidate,mmd_rbf,instruction,reasoning_only,36,128,0.01604623012503402,0.01527076680213213,0.0028574135547784073,0.007435986306518316,0.02260235883295536,0,5
aim_on_task_arithmetic,candidate,mmd_rbf,instruction,uncensored_only,36,128,0.02541367002090232,0.015442941803485155,0.02772775805935083,0.005035066511482,0.1276722103357315,0,1
aim_on_task_arithmetic,candidate,mmd_rbf,reasoning,base,36,128,0.006268240546988737,0.005081638926640153,0.0062850870106712685,0.0019117578631266952,0.04290371015667915,0,35
aim_on_task_arithmetic,candidate,mmd_rbf,reasoning,instr_only,36,128,0.0028967590478714556,0.0024319790536537766,0.003460201142323486,0.000971356057561934,0.02300252392888069,0,35
aim_on_task_arithmetic,candidate,mmd_rbf,reasoning,reasoning_only,36,128,0.010303684846601553,0.010288733523339033,0.004473891097630397,0.004436215851455927,0.031308334320783615,0,35
aim_on_task_arithmetic,candidate,mmd_rbf,reasoning,uncensored_only,36,128,0.01645911729428917,0.010193807538598776,0.017672925912314036,0.002784332726150751,0.07976966351270676,0,1
aim_on_task_arithmetic,candidate,mmd_rbf,uncensored_refusal_like,base,36,128,0.03699023105824987,0.0381562914699316,0.019203831514590618,0.008047157898545265,0.12711873650550842,0,35
aim_on_task_arithmetic,candidate,mmd_rbf,uncensored_refusal_like,instr_only,36,128,0.015042391191754077,0.012558195739984512,0.012029032763880924,0.004816883709281683,0.07889475673437119,0,35
aim_on_task_arithmetic,candidate,mmd_rbf,uncensored_refusal_like,reasoning_only,36,128,0.040477016319831215,0.04162827134132385,0.007430193761903354,0.02293337695300579,0.058661069720983505,0,35
aim_on_task_arithmetic,candidate,mmd_rbf,uncensored_refusal_like,uncensored_only,36,128,0.058234869942276016,0.046968746930360794,0.04877781923747972,0.013188826851546764,0.22816602885723114,0,1
aim_on_task_arithmetic,candidate,projected_js,general,base,36,128,0.05714484704650305,0.05682410456938669,0.00920275312425217,0.038946634871535935,0.10500774707179517,0,35
aim_on_task_arithmetic,candidate,projected_js,general,instr_only,36,128,0.05336622756375517,0.05588585753866937,0.008440553352482599,0.030481466063065454,0.0817120949504897,0,35
aim_on_task_arithmetic,candidate,projected_js,general,reasoning_only,36,128,0.06473997610090818,0.0638720401620958,0.005411430271382174,0.058757771854288876,0.08208600268699229,31,3
aim_on_task_arithmetic,candidate,projected_js,general,uncensored_only,36,128,0.07408967731235963,0.0655968104256317,0.024347297450575837,0.039032448607031256,0.16957633357378654,0,1
aim_on_task_arithmetic,candidate,projected_js,instruction,base,36,128,0.06548090360471785,0.06550947869254742,0.010798649150154497,0.039351461120531894,0.11418842570856214,0,35
aim_on_task_arithmetic,candidate,projected_js,instruction,instr_only,36,128,0.05802560876165646,0.06014088637311943,0.009875726175852756,0.03317388182040304,0.09161156002664939,0,35
aim_on_task_arithmetic,candidate,projected_js,instruction,reasoning_only,36,128,0.07253099283762923,0.07295465833158232,0.0043662192697461015,0.05743725853972137,0.07867405045544729,0,22
aim_on_task_arithmetic,candidate,projected_js,instruction,uncensored_only,36,128,0.07865405014712855,0.07192431883595418,0.01996011788462145,0.04647180292522535,0.15270245709689334,0,1
aim_on_task_arithmetic,candidate,projected_js,reasoning,base,36,128,0.05720304898568429,0.05797280136903282,0.007936507863281775,0.03976164705818519,0.09014455019496381,0,35
aim_on_task_arithmetic,candidate,projected_js,reasoning,instr_only,36,128,0.04893192235087756,0.05054751406714786,0.006953160481468352,0.030543298940756358,0.07116170215886086,0,35
aim_on_task_arithmetic,candidate,projected_js,reasoning,reasoning_only,36,128,0.06337655061886632,0.06354079155426007,0.005028522771131437,0.04739947545749601,0.08244243351509795,0,35
aim_on_task_arithmetic,candidate,projected_js,reasoning,uncensored_only,36,128,0.06792198668376336,0.0649733584432397,0.014087698503646969,0.0359575811016839,0.11791637018905021,0,1
aim_on_task_arithmetic,candidate,projected_js,uncensored_refusal_like,base,36,128,0.08642630063493723,0.0850864090025425,0.018132304350475203,0.050056182211847045,0.16833695292007178,0,35
aim_on_task_arithmetic,candidate,projected_js,uncensored_refusal_like,instr_only,36,128,0.06834622491522976,0.06552466042921878,0.013089624445051283,0.04613321361830458,0.1279649094794877,0,35
aim_on_task_arithmetic,candidate,projected_js,uncensored_refusal_like,reasoning_only,36,128,0.09463992849810489,0.09147187173948623,0.009840334143248353,0.08218831091653556,0.1310515723307617,1,5
aim_on_task_arithmetic,candidate,projected_js,uncensored_refusal_like,uncensored_only,36,128,0.10334670984108622,0.09141904700663872,0.039892608946139954,0.058864148159045726,0.25062958407215774,0,1
aim_on_task_arithmetic__calib_general,candidate,mmd_rbf,general,base,36,128,0.007927494097708,0.005976219195872545,0.009198234433841651,0.004357832483947277,0.06143033504486084,31,35
aim_on_task_arithmetic__calib_general,candidate,mmd_rbf,general,instr_only,36,128,0.005975812718841351,0.005502130836248398,0.0056200708882271,0.002465146826580167,0.03835061192512512,0,35
aim_on_task_arithmetic__calib_general,candidate,mmd_rbf,general,reasoning_only,36,128,0.013013164900864163,0.011727713979780674,0.005861564339956573,0.007260054349899292,0.02885749749839306,33,35
aim_on_task_arithmetic__calib_general,candidate,mmd_rbf,general,uncensored_only,36,128,0.02642507950723585,0.012433978728950024,0.035059269311404906,0.007177406456321478,0.16062413156032562,0,1
aim_on_task_arithmetic__calib_general,candidate,mmd_rbf,instruction,base,36,128,0.01136696532032349,0.009685992263257504,0.007643301598170002,0.0028800785075873137,0.0537351630628109,0,35
aim_on_task_arithmetic__calib_general,candidate,mmd_rbf,instruction,instr_only,36,128,0.00558967440479642,0.004857335472479463,0.005015934106631466,0.0016472399001941085,0.03392402455210686,0,35
aim_on_task_arithmetic__calib_general,candidate,mmd_rbf,instruction,reasoning_only,36,128,0.016037212115608983,0.015251224860548973,0.002869783429893213,0.007412970066070557,0.022563602775335312,0,5
aim_on_task_arithmetic__calib_general,candidate,mmd_rbf,instruction,uncensored_only,36,128,0.025372776927219495,0.015424890909343958,0.027708612742465277,0.005035236477851868,0.12755148112773895,0,1
aim_on_task_arithmetic__calib_general,candidate,mmd_rbf,reasoning,base,36,128,0.006325654649925936,0.005159612512215972,0.006285642781976901,0.001909682177938521,0.0429423563182354,0,35
aim_on_task_arithmetic__calib_general,candidate,mmd_rbf,reasoning,instr_only,36,128,0.0028850840171799064,0.002432893612422049,0.0034631535103543786,0.0009724199771881104,0.023024577647447586,0,35
aim_on_task_arithmetic__calib_general,candidate,mmd_rbf,reasoning,reasoning_only,36,128,0.01028707451445775,0.010267062578350306,0.004457572371959063,0.00443578977137804,0.03121991455554962,0,35
aim_on_task_arithmetic__calib_general,candidate,mmd_rbf,reasoning,uncensored_only,36,128,0.016413328470662236,0.010138143319636583,0.017665960190842905,0.0027786195278167725,0.0796959325671196,0,1
aim_on_task_arithmetic__calib_general,candidate,mmd_rbf,uncensored_refusal_like,base,36,128,0.037255659259648785,0.03840960934758186,0.01932936616074185,0.008029783144593239,0.12776608765125275,0,35
aim_on_task_arithmetic__calib_general,candidate,mmd_rbf,uncensored_refusal_like,instr_only,36,128,0.0149514007433835,0.012531333602964878,0.011917688920608913,0.0048084198497235775,0.07821182906627655,0,35
aim_on_task_arithmetic__calib_general,candidate,mmd_rbf,uncensored_refusal_like,reasoning_only,36,128,0.04043887493511041,0.04151488281786442,0.00742674475934712,0.022949552163481712,0.05891580134630203,0,35
aim_on_task_arithmetic__calib_general,candidate,mmd_rbf,uncensored_refusal_like,uncensored_only,36,128,0.05807107094571822,0.046821972355246544,0.048734860585382914,0.013161814771592617,0.2279391586780548,0,1
aim_on_task_arithmetic__calib_general,candidate,projected_js,general,base,36,128,0.057106749646967124,0.05629192414926365,0.0091401387142973,0.03817430810886435,0.10437720722984523,0,35
aim_on_task_arithmetic__calib_general,candidate,projected_js,general,instr_only,36,128,0.05354176059174481,0.056843996921088547,0.00838529869393656,0.03081169720098842,0.08198044286109507,0,35
aim_on_task_arithmetic__calib_general,candidate,projected_js,general,reasoning_only,36,128,0.06493818783120434,0.06382438135915436,0.005562859700392185,0.05847275868291035,0.0810303509933874,31,3
aim_on_task_arithmetic__calib_general,candidate,projected_js,general,uncensored_only,36,128,0.07399605166412787,0.06528621702454984,0.024279780774357364,0.04001856193644926,0.16937080479692668,0,1
aim_on_task_arithmetic__calib_general,candidate,projected_js,instruction,base,36,128,0.06554964059574155,0.0662724636204075,0.01071609308132577,0.039142480192822404,0.11338427703594789,0,35
aim_on_task_arithmetic__calib_general,candidate,projected_js,instruction,instr_only,36,128,0.05792861833348676,0.06009711357182823,0.009612934884524315,0.03371592186158523,0.08968773944070563,0,35
aim_on_task_arithmetic__calib_general,candidate,projected_js,instruction,reasoning_only,36,128,0.07254719055021673,0.0732800867408514,0.0042440133986135446,0.058097191038541496,0.07904970296658576,0,22
aim_on_task_arithmetic__calib_general,candidate,projected_js,instruction,uncensored_only,36,128,0.07855721260906041,0.07236590687534772,0.01995709745502682,0.04639177769422531,0.1528463211725466,0,1
aim_on_task_arithmetic__calib_general,candidate,projected_js,reasoning,base,36,128,0.05722538563552209,0.058060897048562765,0.008098492299503633,0.03874551388435066,0.09130617929622531,0,35
aim_on_task_arithmetic__calib_general,candidate,projected_js,reasoning,instr_only,36,128,0.04874736617501993,0.05039889506588224,0.006927867336366882,0.030031730013433844,0.07102683687116951,0,35
aim_on_task_arithmetic__calib_general,candidate,projected_js,reasoning,reasoning_only,36,128,0.06349814859923855,0.06392763668554835,0.00498786310240625,0.04765918859629892,0.08152269903803244,0,35
aim_on_task_arithmetic__calib_general,candidate,projected_js,reasoning,uncensored_only,36,128,0.06792566570281149,0.06458697783818934,0.014136251584024423,0.0368246918587829,0.11924799298867583,0,1
aim_on_task_arithmetic__calib_general,candidate,projected_js,uncensored_refusal_like,base,36,128,0.08653053991535369,0.08504442861885764,0.018160492405114595,0.05008664360502735,0.1680083245737478,0,35
aim_on_task_arithmetic__calib_general,candidate,projected_js,uncensored_refusal_like,instr_only,36,128,0.06846485730299416,0.06494174801628105,0.013133487718615366,0.04634884843835607,0.12884415371809155,0,35
aim_on_task_arithmetic__calib_general,candidate,projected_js,uncensored_refusal_like,reasoning_only,36,128,0.09468132944958699,0.09161793011298869,0.009729140311779214,0.08272097012377344,0.12985000427579507,1,5
aim_on_task_arithmetic__calib_general,candidate,projected_js,uncensored_refusal_like,uncensored_only,36,128,0.10342811414658273,0.09162259768345393,0.039655818282167486,0.05976693716365844,0.2502954413066618,0,1
aim_on_task_arithmetic__calib_instruction,candidate,mmd_rbf,general,base,36,128,0.007857149246976607,0.005941975861787796,0.009209205519621308,0.004321692511439323,0.06148138642311096,31,35
aim_on_task_arithmetic__calib_instruction,candidate,mmd_rbf,general,instr_only,36,128,0.0059695020964783095,0.005529301008209586,0.0056074573533703015,0.0024452866055071354,0.03827647864818573,0,35
aim_on_task_arithmetic__calib_instruction,candidate,mmd_rbf,general,reasoning_only,36,128,0.013036567691920532,0.011742524802684784,0.005872120031079899,0.007275445852428675,0.02891354262828827,33,35
aim_on_task_arithmetic__calib_instruction,candidate,mmd_rbf,general,uncensored_only,36,128,0.026470147086203925,0.012471942696720362,0.0350916271784965,0.007179844658821821,0.16065852344036102,0,1
aim_on_task_arithmetic__calib_instruction,candidate,mmd_rbf,instruction,base,36,128,0.011181461935242018,0.009544214233756065,0.007512183445087785,0.0028238892555236816,0.05282783508300781,0,35
aim_on_task_arithmetic__calib_instruction,candidate,mmd_rbf,instruction,instr_only,36,128,0.00563787065523987,0.0048393530305475,0.005137570337665709,0.0016337663400918245,0.03468112275004387,0,35
aim_on_task_arithmetic__calib_instruction,candidate,mmd_rbf,instruction,reasoning_only,36,128,0.01606116211041808,0.015326135791838169,0.0028282871839106207,0.00748676061630249,0.022637436166405678,0,5
aim_on_task_arithmetic__calib_instruction,candidate,mmd_rbf,instruction,uncensored_only,36,128,0.025470060878433287,0.015475800260901451,0.02774585335558175,0.005041635129600763,0.1276232749223709,0,1
aim_on_task_arithmetic__calib_instruction,candidate,mmd_rbf,reasoning,base,36,128,0.006230336623654391,0.005080218426883221,0.006276046035147252,0.001874408102594316,0.04281691834330559,0,35
aim_on_task_arithmetic__calib_instruction,candidate,mmd_rbf,reasoning,instr_only,36,128,0.0028947855769527247,0.0024324950063601136,0.003478936669957463,0.0009700834634713829,0.023114532232284546,0,35
aim_on_task_arithmetic__calib_instruction,candidate,mmd_rbf,reasoning,reasoning_only,36,128,0.010332168687859343,0.010317542590200901,0.0044602817104629575,0.0044647157192230225,0.031253889203071594,0,35
aim_on_task_arithmetic__calib_instruction,candidate,mmd_rbf,reasoning,uncensored_only,36,128,0.016476801557776827,0.010201505851000547,0.017690751835224255,0.0027900785207748413,0.07974420487880707,0,1
aim_on_task_arithmetic__calib_instruction,candidate,mmd_rbf,uncensored_refusal_like,base,36,128,0.03675285757829746,0.037968847900629044,0.019154473674337633,0.00786448735743761,0.12671293318271637,0,35
aim_on_task_arithmetic__calib_instruction,candidate,mmd_rbf,uncensored_refusal_like,instr_only,36,128,0.015125073828837939,0.01254196185618639,0.01212799904255106,0.004763704724609852,0.07946401089429855,0,35
aim_on_task_arithmetic__calib_instruction,candidate,mmd_rbf,uncensored_refusal_like,reasoning_only,36,128,0.040540833905753165,0.041729364544153214,0.007406254353761948,0.02317982353270054,0.05843323469161987,0,35
aim_on_task_arithmetic__calib_instruction,candidate,mmd_rbf,uncensored_refusal_like,uncensored_only,36,128,0.05834642329460217,0.04707189463078976,0.04879034734658505,0.013157433830201626,0.22804735600948334,0,1
aim_on_task_arithmetic__calib_instruction,candidate,projected_js,general,base,36,128,0.057089646027533386,0.05627653200645,0.009068678058598444,0.03900484382756986,0.10405361518496647,0,35
aim_on_task_arithmetic__calib_instruction,candidate,projected_js,general,instr_only,36,128,0.05365743999896545,0.056557531090220436,0.008404051131622394,0.03063148440560326,0.08197518595261499,0,35
aim_on_task_arithmetic__calib_instruction,candidate,projected_js,general,reasoning_only,36,128,0.06479669380577333,0.0635612793994369,0.0053493263062493815,0.058520760387182236,0.08051340573001653,30,3
aim_on_task_arithmetic__calib_instruction,candidate,projected_js,general,uncensored_only,36,128,0.07405465223160314,0.06567479218938388,0.024195293305774516,0.03995056543499231,0.16901761118788272,0,1
aim_on_task_arithmetic__calib_instruction,candidate,projected_js,instruction,base,36,128,0.0652652342873302,0.06576498436334077,0.010699122982246134,0.03844551586371381,0.11292128538480029,0,35
aim_on_task_arithmetic__calib_instruction,candidate,projected_js,instruction,instr_only,36,128,0.05810601313634026,0.06039158225758001,0.009563698155927466,0.033582096904865466,0.09020650910679251,0,35
aim_on_task_arithmetic__calib_instruction,candidate,projected_js,instruction,reasoning_only,36,128,0.07268165367309444,0.07294780542724766,0.004216787876377452,0.057663031067932025,0.07799401349620894,0,22
aim_on_task_arithmetic__calib_instruction,candidate,projected_js,instruction,uncensored_only,36,128,0.07884521099630445,0.0722918251703959,0.019933392281393514,0.04612957012432162,0.1530730540980585,0,1
aim_on_task_arithmetic__calib_instruction,candidate,projected_js,reasoning,base,36,128,0.05698104078085938,0.05734298168681562,0.008136962385617149,0.03898134408518672,0.09107451554154977,0,35
aim_on_task_arithmetic__calib_instruction,candidate,projected_js,reasoning,instr_only,36,128,0.04880883497713108,0.0509641155222198,0.006998563957561868,0.030435067557846196,0.07049343106336892,0,35
aim_on_task_arithmetic__calib_instruction,candidate,projected_js,reasoning,reasoning_only,36,128,0.06367181786966587,0.06397154915612191,0.0047911676618676855,0.048626523406710476,0.08092612866312265,0,35
aim_on_task_arithmetic__calib_instruction,candidate,projected_js,reasoning,uncensored_only,36,128,0.0680812076190907,0.06456615607021376,0.014004488757905229,0.037146157745155506,0.11792009734199382,0,1
aim_on_task_arithmetic__calib_instruction,candidate,projected_js,uncensored_refusal_like,base,36,128,0.08643921727343695,0.08565145419561304,0.018216151043722813,0.05038609687471762,0.1683775366982445,0,35
aim_on_task_arithmetic__calib_instruction,candidate,projected_js,uncensored_refusal_like,instr_only,36,128,0.06859422940437475,0.06599218456540257,0.013314280816982063,0.04607791465241462,0.12879169051302597,0,35
aim_on_task_arithmetic__calib_instruction,candidate,projected_js,uncensored_refusal_like,reasoning_only,36,128,0.09467501077435575,0.0918531995266676,0.009597080648544197,0.08316681889118627,0.12953297328203917,17,5
aim_on_task_arithmetic__calib_instruction,candidate,projected_js,uncensored_refusal_like,uncensored_only,36,128,0.1035606301932906,0.09123218344757333,0.03983591970248333,0.05963564806734212,0.2502688959648367,0,1
aim_on_task_arithmetic__calib_reasoning,candidate,mmd_rbf,general,base,36,128,0.007860962146272263,0.0059173619374632835,0.009243862110219637,0.004305870737880468,0.06167367845773697,31,35
aim_on_task_arithmetic__calib_reasoning,candidate,mmd_rbf,general,instr_only,36,128,0.005998468065323929,0.00556363514624536,0.0055832686763865125,0.0024560808669775724,0.03813207894563675,0,35
aim_on_task_arithmetic__calib_reasoning,candidate,mmd_rbf,general,reasoning_only,36,128,0.013032041942804225,0.011745425406843424,0.005877867769588511,0.007270467467606068,0.029024740681052208,33,35
aim_on_task_arithmetic__calib_reasoning,candidate,mmd_rbf,general,uncensored_only,36,128,0.026478144159126613,0.012485329061746597,0.035101198269745955,0.007193565368652344,0.16081057488918304,0,1
aim_on_task_arithmetic__calib_reasoning,candidate,mmd_rbf,instruction,base,36,128,0.011217275673213104,0.009547019377350807,0.007593193807514533,0.002848193049430847,0.0534045472741127,0,35
aim_on_task_arithmetic__calib_reasoning,candidate,mmd_rbf,instruction,instr_only,36,128,0.005650618892913271,0.004871198907494545,0.0050572890781308425,0.001639863825403154,0.03413451090455055,0,35
aim_on_task_arithmetic__calib_reasoning,candidate,mmd_rbf,instruction,reasoning_only,36,128,0.016042591020878818,0.015254487749189138,0.0028640305277581363,0.007467806339263916,0.02260482683777809,0,5
aim_on_task_arithmetic__calib_reasoning,candidate,mmd_rbf,instruction,uncensored_only,36,128,0.02545099550237258,0.015485560055822134,0.027738560497699336,0.0050362469628453255,0.12768493592739105,0,1
aim_on_task_arithmetic__calib_reasoning,candidate,mmd_rbf,reasoning,base,36,128,0.006200192098428185,0.005000854143872857,0.0062994289791902,0.0018954664701595902,0.04294223710894585,0,35
aim_on_task_arithmetic__calib_reasoning,candidate,mmd_rbf,reasoning,instr_only,36,128,0.0029105696238629106,0.002446011872962117,0.003450740456802418,0.0009722948307171464,0.022943302989006042,0,35
aim_on_task_arithmetic__calib_reasoning,candidate,mmd_rbf,reasoning,reasoning_only,36,128,0.010339885018765926,0.010305540636181831,0.004470900420836868,0.00444303173571825,0.03134272247552872,0,35
aim_on_task_arithmetic__calib_reasoning,candidate,mmd_rbf,reasoning,uncensored_only,36,128,0.01649586679801966,0.010233942419290543,0.017680253555026924,0.0027965635526925325,0.07981651276350021,0,1
aim_on_task_arithmetic__calib_reasoning,candidate,mmd_rbf,uncensored_refusal_like,base,36,128,0.036949848394013114,0.03813941776752472,0.0191676077669329,0.007948720827698708,0.12698005139827728,0,35
aim_on_task_arithmetic__calib_reasoning,candidate,mmd_rbf,uncensored_refusal_like,instr_only,36,128,0.015106056532305148,0.012549182865768671,0.012048340141831388,0.004781133029609919,0.07885520905256271,0,35
aim_on_task_arithmetic__calib_reasoning,candidate,mmd_rbf,uncensored_refusal_like,reasoning_only,36,128,0.04047244192204542,0.041671257466077805,0.00742535173644057,0.023089736700057983,0.058747779577970505,0,35
aim_on_task_arithmetic__calib_reasoning,candidate,mmd_rbf,uncensored_refusal_like,uncensored_only,36,128,0.05823504474634925,0.046987881883978844,0.04879543762085715,0.013155484572052956,0.22816768288612366,0,1
aim_on_task_arithmetic__calib_reasoning,candidate,projected_js,general,base,36,128,0.05693269980353458,0.056492798976250924,0.009135813034730047,0.03812221818952821,0.10419062108849175,0,35
aim_on_task_arithmetic__calib_reasoning,candidate,projected_js,general,instr_only,36,128,0.05338892327482528,0.055958019162062556,0.008569582554056144,0.029874717380153015,0.08261995611246675,0,35
aim_on_task_arithmetic__calib_reasoning,candidate,projected_js,general,reasoning_only,36,128,0.06510998547795073,0.0636682002368616,0.005523396882551931,0.0572766391269397,0.08166534139309078,34,3
aim_on_task_arithmetic__calib_reasoning,candidate,projected_js,general,uncensored_only,36,128,0.07414054977400358,0.06565487870830111,0.024210001329450385,0.039953028404852375,0.16963021294213831,0,1
aim_on_task_arithmetic__calib_reasoning,candidate,projected_js,instruction,base,36,128,0.06535176640803304,0.06593069937662221,0.010801507192576686,0.0385139296122361,0.11314594000577927,0,35
aim_on_task_arithmetic__calib_reasoning,candidate,projected_js,instruction,instr_only,36,128,0.057940185292762986,0.05993568428675644,0.00988065876047782,0.03303759494156111,0.09059924469329417,0,35
aim_on_task_arithmetic__calib_reasoning,candidate,projected_js,instruction,reasoning_only,36,128,0.07237129576161452,0.07257215277059004,0.00426768296626433,0.057583749323384836,0.07876741798827425,0,4
aim_on_task_arithmetic__calib_reasoning,candidate,projected_js,instruction,uncensored_only,36,128,0.07850730682831555,0.07255438255378976,0.019977295776551617,0.04567961838620249,0.152774995774962,0,1
aim_on_task_arithmetic__calib_reasoning,candidate,projected_js,reasoning,base,36,128,0.05689615483505703,0.057155104863340966,0.008278518698394249,0.03865344528458081,0.09225217677885666,0,35
aim_on_task_arithmetic__calib_reasoning,candidate,projected_js,reasoning,instr_only,36,128,0.04888452073201835,0.05042997180134989,0.006886723945598868,0.0308258839068003,0.0720588676049374,0,35
aim_on_task_arithmetic__calib_reasoning,candidate,projected_js,reasoning,reasoning_only,36,128,0.06354452818939332,0.06364389827649575,0.004863373446493136,0.047262580977985635,0.08204931387444958,0,35
aim_on_task_arithmetic__calib_reasoning,candidate,projected_js,reasoning,uncensored_only,36,128,0.06765065346957676,0.06404087084229104,0.013987199481025283,0.03666542281280272,0.11774444344337098,0,1
aim_on_task_arithmetic__calib_reasoning,candidate,projected_js,uncensored_refusal_like,base,36,128,0.08618650355856516,0.08524927028338425,0.018055391747302873,0.0499906641052803,0.1685726154828444,0,35
aim_on_task_arithmetic__calib_reasoning,candidate,projected_js,uncensored_refusal_like,instr_only,36,128,0.06871029839385301,0.06610116054071113,0.01310796716472478,0.046959700077422895,0.1285010803840123,0,35
aim_on_task_arithmetic__calib_reasoning,candidate,projected_js,uncensored_refusal_like,reasoning_only,36,128,0.09452596059094907,0.09173295073560439,0.009397131838995414,0.0827244290849194,0.12816098291659728,1,5
aim_on_task_arithmetic__calib_reasoning,candidate,projected_js,uncensored_refusal_like,uncensored_only,36,128,0.10361614762870078,0.09081285071442835,0.03960900876463104,0.05962155282031745,0.2501374508428853,0,1
aim_on_task_arithmetic__calib_uncensored_refusal_like,candidate,mmd_rbf,general,base,36,128,0.008064312433513502,0.006104650441557169,0.009419314006620771,0.00447695842012763,0.06291010230779648,31,35
aim_on_task_arithmetic__calib_uncensored_refusal_like,candidate,mmd_rbf,general,instr_only,36,128,0.005882010284242117,0.0054326411336660385,0.005427631270414559,0.0024766623973846436,0.03712105005979538,0,35
aim_on_task_arithmetic__calib_uncensored_refusal_like,candidate,mmd_rbf,general,reasoning_only,36,128,0.012992755872093968,0.011699253227561712,0.005935860116678907,0.007222370710223913,0.029868125915527344,33,35
aim_on_task_arithmetic__calib_uncensored_refusal_like,candidate,mmd_rbf,general,uncensored_only,36,128,0.026361106054133013,0.012396601494401693,0.03508231703558233,0.007263708394020796,0.1607656329870224,0,1
aim_on_task_arithmetic__calib_uncensored_refusal_like,candidate,mmd_rbf,instruction,base,36,128,0.01145517024754857,0.009754473809152842,0.007796868290839306,0.002974423812702298,0.054729945957660675,0,35
aim_on_task_arithmetic__calib_uncensored_refusal_like,candidate,mmd_rbf,instruction,instr_only,36,128,0.005548670318805509,0.004803419578820467,0.004896319085086819,0.0016448795795440674,0.03313581272959709,0,35
aim_on_task_arithmetic__calib_uncensored_refusal_like,candidate,mmd_rbf,instruction,reasoning_only,36,128,0.015954917607208092,0.015168927144259214,0.002906926654397187,0.007292240858078003,0.022617777809500694,0,35
aim_on_task_arithmetic__calib_uncensored_refusal_like,candidate,mmd_rbf,instruction,uncensored_only,36,128,0.02534145639381475,0.015392896719276905,0.027716584453615245,0.005091127939522266,0.12763915956020355,0,1
aim_on_task_arithmetic__calib_uncensored_refusal_like,candidate,mmd_rbf,reasoning,base,36,128,0.00639816043096491,0.005248191999271512,0.006377771036540912,0.0019656599033623934,0.04355307295918465,0,35
aim_on_task_arithmetic__calib_uncensored_refusal_like,candidate,mmd_rbf,reasoning,instr_only,36,128,0.0028545429441793305,0.0024059731513261795,0.003388708429564845,0.0009699732181616127,0.022547347471117973,0,35
aim_on_task_arithmetic__calib_uncensored_refusal_like,candidate,mmd_rbf,reasoning,reasoning_only,36,128,0.010255709988996387,0.010269328020513058,0.004533365854736099,0.004357463214546442,0.03170540928840637,0,35
aim_on_task_arithmetic__calib_uncensored_refusal_like,candidate,mmd_rbf,reasoning,uncensored_only,36,128,0.01638455837059559,0.010053446050733328,0.01768431191375075,0.0028068155515938997,0.07974333316087723,0,1
aim_on_task_arithmetic__calib_uncensored_refusal_like,candidate,mmd_rbf,uncensored_refusal_like,base,36,128,0.03715687452091111,0.03820578567683697,0.0193369881501175,0.008255446329712868,0.12778498232364655,0,35
aim_on_task_arithmetic__calib_uncensored_refusal_like,candidate,mmd_rbf,uncensored_refusal_like,instr_only,36,128,0.01498270440950162,0.012509585358202457,0.01181583923595175,0.004824644420295954,0.0774148628115654,0,35
aim_on_task_arithmetic__calib_uncensored_refusal_like,candidate,mmd_rbf,uncensored_refusal_like,reasoning_only,36,128,0.04032983263540599,0.0413773488253355,0.007429768945015915,0.022620363160967827,0.0595138743519783,0,35
aim_on_task_arithmetic__calib_uncensored_refusal_like,candidate,mmd_rbf,uncensored_refusal_like,uncensored_only,36,128,0.058143071830272675,0.04683005437254906,0.04874263968606996,0.013306165114045143,0.2281263917684555,0,1
aim_on_task_arithmetic__calib_uncensored_refusal_like,candidate,projected_js,general,base,36,128,0.057181813444508914,0.056535390205681324,0.00898370927367685,0.039437239116523415,0.1040441346121952,0,35
aim_on_task_arithmetic__calib_uncensored_refusal_like,candidate,projected_js,general,instr_only,36,128,0.053198455105504965,0.05542244089883752,0.008261904885545061,0.03085816041129874,0.08139109215699136,0,35
aim_on_task_arithmetic__calib_uncensored_refusal_like,candidate,projected_js,general,reasoning_only,36,128,0.06484258383473691,0.06400094795390032,0.005498224662317109,0.05809951183618978,0.08115064119920135,30,3
aim_on_task_arithmetic__calib_uncensored_refusal_like,candidate,projected_js,general,uncensored_only,36,128,0.07408533208177283,0.06536995773785748,0.024334784062737327,0.039375886248308234,0.16980847186641768,0,1
aim_on_task_arithmetic__calib_uncensored_refusal_like,candidate,projected_js,instruction,base,36,128,0.06578106140255437,0.06611910072388127,0.011093702023787892,0.03914171541691758,0.11608450789935887,0,35
aim_on_task_arithmetic__calib_uncensored_refusal_like,candidate,projected_js,instruction,instr_only,36,128,0.05811842195786691,0.060309335589408875,0.009665338019950964,0.03361200222570915,0.08975438709603623,0,35
aim_on_task_arithmetic__calib_uncensored_refusal_like,candidate,projected_js,instruction,reasoning_only,36,128,0.07255407975107017,0.07304432088858448,0.004541324688866678,0.055843434820417315,0.0781208697007969,0,4
aim_on_task_arithmetic__calib_uncensored_refusal_like,candidate,projected_js,instruction,uncensored_only,36,128,0.078497447504358,0.07193600130267441,0.01979657754507546,0.046974374185083434,0.15150708018336445,0,1
aim_on_task_arithmetic__calib_uncensored_refusal_like,candidate,projected_js,reasoning,base,36,128,0.05725577695274195,0.05793135474959854,0.00813884155057929,0.039318832496064715,0.0918917084345594,0,35
aim_on_task_arithmetic__calib_uncensored_refusal_like,candidate,projected_js,reasoning,instr_only,36,128,0.048735872814682404,0.05057262179616373,0.006887848007175644,0.0305170763967908,0.07000852026976645,0,35
aim_on_task_arithmetic__calib_uncensored_refusal_like,candidate,projected_js,reasoning,reasoning_only,36,128,0.06361714053410752,0.06404874732834287,0.005141209229099454,0.04698061052476987,0.08260299148969352,0,35
aim_on_task_arithmetic__calib_uncensored_refusal_like,candidate,projected_js,reasoning,uncensored_only,36,128,0.06785970752348981,0.06417656666599214,0.014007456157903128,0.037262549114529975,0.11902589452802204,0,1
aim_on_task_arithmetic__calib_uncensored_refusal_like,candidate,projected_js,uncensored_refusal_like,base,36,128,0.08672202091919542,0.08558825941872783,0.01848397241902238,0.05078110261820257,0.17159175768028945,0,35
aim_on_task_arithmetic__calib_uncensored_refusal_like,candidate,projected_js,uncensored_refusal_like,instr_only,36,128,0.0684047578829955,0.06485465254809242,0.012952529914698311,0.04627790935046505,0.127253660291899,0,35
aim_on_task_arithmetic__calib_uncensored_refusal_like,candidate,projected_js,uncensored_refusal_like,reasoning_only,36,128,0.09466271339543811,0.091236269188812,0.009597178560576071,0.0836899047717452,0.12914022634504363,1,5
aim_on_task_arithmetic__calib_uncensored_refusal_like,candidate,projected_js,uncensored_refusal_like,uncensored_only,36,128,0.10365623972514489,0.0916105453070486,0.0396476167564277,0.06080679618753493,0.25122983686742373,0,1
aim_on_ties,candidate,mmd_rbf,general,base,36,128,0.005915551278222766,0.004414442926645279,0.006264084449102814,0.0033634398132562637,0.0420881025493145,31,35
aim_on_ties,candidate,mmd_rbf,general,instr_only,36,128,0.007236300844750885,0.006316919112578034,0.008625515157255818,0.0026454271283000708,0.057436503469944,0,35
aim_on_ties,candidate,mmd_rbf,general,reasoning_only,36,128,0.014262751624402072,0.013172954320907593,0.00586089764486298,0.00786859542131424,0.02896696887910366,34,3
aim_on_ties,candidate,mmd_rbf,general,uncensored_only,36,128,0.026984396817473073,0.012951192911714315,0.034823802669799286,0.0069404481910169125,0.15842007100582123,0,1
aim_on_ties,candidate,mmd_rbf,instruction,base,36,128,0.008905016810684983,0.007915154099464417,0.004900730367997825,0.002322334097698331,0.03546599671244621,0,35
aim_on_ties,candidate,mmd_rbf,instruction,instr_only,36,128,0.006796549911895353,0.005356468493118882,0.007908339636559158,0.0017570526106283069,0.052191585302352905,0,35
aim_on_ties,candidate,mmd_rbf,instruction,reasoning_only,36,128,0.017769320919695828,0.01701936312019825,0.003014973710589669,0.008259323425590992,0.02506059966981411,0,5
aim_on_ties,candidate,mmd_rbf,instruction,uncensored_only,36,128,0.026042479439638555,0.016139415092766285,0.027532386854828117,0.004853192251175642,0.12590233981609344,0,1
aim_on_ties,candidate,mmd_rbf,reasoning,base,36,128,0.004669439060510033,0.003978127846494317,0.00403984846054565,0.0015105188358575106,0.02815534546971321,0,35
aim_on_ties,candidate,mmd_rbf,reasoning,instr_only,36,128,0.0036451070595325697,0.002883882843889296,0.005689876538035438,0.0010604501003399491,0.03688323497772217,0,35
aim_on_ties,candidate,mmd_rbf,reasoning,reasoning_only,36,128,0.011487613807225393,0.011891195550560951,0.0036386183385347403,0.004920744802802801,0.022509275004267693,0,35
aim_on_ties,candidate,mmd_rbf,reasoning,uncensored_only,36,128,0.017013872100505978,0.010967038571834564,0.017566443690119383,0.0027161629404872656,0.07849206775426865,0,1
aim_on_ties,candidate,mmd_rbf,uncensored_refusal_like,base,36,128,0.030990525122938886,0.0321964044123888,0.014800522650209527,0.006464523263275623,0.09619732201099396,0,35
aim_on_ties,candidate,mmd_rbf,uncensored_refusal_like,instr_only,36,128,0.018147886976496212,0.013820679858326912,0.01783529890966318,0.004969466011971235,0.11667684465646744,0,35
aim_on_ties,candidate,mmd_rbf,uncensored_refusal_like,reasoning_only,36,128,0.04557041316810581,0.04799479991197586,0.007856944803972315,0.025454271584749222,0.06207900121808052,0,5
aim_on_ties,candidate,mmd_rbf,uncensored_refusal_like,uncensored_only,36,128,0.06006117110761503,0.04864729940891266,0.04878667472008867,0.012607294134795666,0.22515912353992462,0,1
aim_on_ties,candidate,projected_js,general,base,36,128,0.05449687061486151,0.05413087811029982,0.007056924418223405,0.03790328786271857,0.08800663793226704,0,35
aim_on_ties,candidate,projected_js,general,instr_only,36,128,0.05495149904931572,0.05651850228605326,0.01047082788447688,0.031048530974658206,0.0999271585023962,0,35
aim_on_ties,candidate,projected_js,general,reasoning_only,36,128,0.06667816932329312,0.06656047026626766,0.005769151295722615,0.05887359197367914,0.08184077651822008,30,5
aim_on_ties,candidate,projected_js,general,uncensored_only,36,128,0.07437505309967997,0.06605203109211288,0.024459327499273494,0.03808818111428991,0.16752672055736184,0,1
aim_on_ties,candidate,projected_js,instruction,base,36,128,0.06303727622960448,0.06403028218483087,0.008630818791175231,0.0370189070381457,0.09450064593693241,0,35
aim_on_ties,candidate,projected_js,instruction,instr_only,36,128,0.059794409547369774,0.06174751045182347,0.012377305041569924,0.03523783295531757,0.11201127228559926,0,35
aim_on_ties,candidate,projected_js,instruction,reasoning_only,36,128,0.07416117443386207,0.07485631451709196,0.004327044337578798,0.06006208318285644,0.08098593156319112,0,22
aim_on_ties,candidate,projected_js,instruction,uncensored_only,36,128,0.07930828228078705,0.07255426369374618,0.019959676339145853,0.04416684465832077,0.14821271508117206,0,1
aim_on_ties,candidate,projected_js,reasoning,base,36,128,0.05445515764020254,0.055475845554610714,0.006468466527538768,0.0370885981246829,0.07629918679594994,0,35
aim_on_ties,candidate,projected_js,reasoning,instr_only,36,128,0.05004640440084687,0.05197192927880678,0.008505971275709418,0.030319863129989244,0.08420560183003545,0,35
aim_on_ties,candidate,projected_js,reasoning,reasoning_only,36,128,0.0650026943169198,0.06517292928765528,0.004110816620227536,0.05089003560715355,0.07368975330609828,0,35
aim_on_ties,candidate,projected_js,reasoning,uncensored_only,36,128,0.06788541107056921,0.06435039901407436,0.01380484538854682,0.037587643280858174,0.11483016415149905,0,1
aim_on_ties,candidate,projected_js,uncensored_refusal_like,base,36,128,0.08166284938326701,0.08099045747076161,0.015191655574383848,0.04750342431361787,0.1450246165622957,0,35
aim_on_ties,candidate,projected_js,uncensored_refusal_like,instr_only,36,128,0.07127311656384133,0.06827755752601661,0.017714279383612527,0.04727087891660631,0.16173571039689705,0,35
aim_on_ties,candidate,projected_js,uncensored_refusal_like,reasoning_only,36,128,0.09845643371550573,0.09576352540170774,0.009526017161694916,0.08705980947706848,0.1313382603111677,1,5
aim_on_ties,candidate,projected_js,uncensored_refusal_like,uncensored_only,36,128,0.10443494873470627,0.09502110138419084,0.03953564229663998,0.05799261649372056,0.2469849958724808,0,1
aim_on_ties__calib_general,candidate,mmd_rbf,general,base,36,128,0.005944726122025814,0.0044287401251494884,0.006293453557698896,0.0033776958007365465,0.04227207973599434,31,35
aim_on_ties__calib_general,candidate,mmd_rbf,general,instr_only,36,128,0.007220309525210824,0.0062979706563055515,0.008588175498755582,0.00265409960411489,0.05720292404294014,0,35
aim_on_ties__calib_general,candidate,mmd_rbf,general,reasoning_only,36,128,0.014269611358435618,0.013187418691813946,0.005872745023626831,0.007864450104534626,0.02902728132903576,34,3
aim_on_ties__calib_general,candidate,mmd_rbf,general,uncensored_only,36,128,0.02693827511070089,0.0129251005128026,0.03476309020025494,0.006927156355232,0.1582086980342865,0,1
aim_on_ties__calib_general,candidate,mmd_rbf,instruction,base,36,128,0.008974258846137673,0.007980306632816792,0.004944965326441537,0.002317804144695401,0.03576876223087311,0,35
aim_on_ties__calib_general,candidate,mmd_rbf,instruction,instr_only,36,128,0.006758710624934692,0.00536293676123023,0.00783320785435673,0.001764279673807323,0.051724571734666824,0,35
aim_on_ties__calib_general,candidate,mmd_rbf,instruction,reasoning_only,36,128,0.017775007109675143,0.017012987285852432,0.003016979738061095,0.008265710435807705,0.02505038119852543,0,5
aim_on_ties__calib_general,candidate,mmd_rbf,instruction,uncensored_only,36,128,0.025984660114368632,0.016100418753921986,0.027500893032268985,0.004845103714615107,0.12576334178447723,0,1
aim_on_ties__calib_general,candidate,mmd_rbf,reasoning,base,36,128,0.004705184915413459,0.004010586068034172,0.0040285023304474235,0.0015046149492263794,0.028108051046729088,0,35
aim_on_ties__calib_general,candidate,mmd_rbf,reasoning,instr_only,36,128,0.003637088074659308,0.002881545922718942,0.005700288632653757,0.001065179705619812,0.03694700822234154,0,35
aim_on_ties__calib_general,candidate,mmd_rbf,reasoning,reasoning_only,36,128,0.011467366750972966,0.01186844240874052,0.0036287136627509925,0.004926830530166626,0.02239096537232399,0,35
aim_on_ties__calib_general,candidate,mmd_rbf,reasoning,uncensored_only,36,128,0.01697737636924204,0.010922178160399199,0.017556701964665737,0.0027115107513964176,0.0783923789858818,0,1
aim_on_ties__calib_general,candidate,mmd_rbf,uncensored_refusal_like,base,36,128,0.031213099770765338,0.03242475353181362,0.014902771593263643,0.006448560860008001,0.09674528241157532,0,35
aim_on_ties__calib_general,candidate,mmd_rbf,uncensored_refusal_like,instr_only,36,128,0.018046398491909105,0.013854612596333027,0.017714168546711984,0.004976493306457996,0.11594519764184952,0,35
aim_on_ties__calib_general,candidate,mmd_rbf,uncensored_refusal_like,reasoning_only,36,128,0.045509167584694095,0.0478693600744009,0.007833585382270967,0.02546403370797634,0.062034036964178085,0,5
aim_on_ties__calib_general,candidate,mmd_rbf,uncensored_refusal_like,uncensored_only,36,128,0.059854736318811774,0.048448456451296806,0.048729999269160794,0.01259798463433981,0.2249414026737213,0,1
aim_on_ties__calib_general,candidate,projected_js,general,base,36,128,0.05448645841008531,0.054661847214447334,0.006964952243470701,0.037324203716707416,0.08719834871590137,0,35
aim_on_ties__calib_general,candidate,projected_js,general,instr_only,36,128,0.05470561298190862,0.055993682515691034,0.010084098641194897,0.031198462995234877,0.09741475351620466,0,35
aim_on_ties__calib_general,candidate,projected_js,general,reasoning_only,36,128,0.06666839954009952,0.06585881505452562,0.00546608709569851,0.05877980246441439,0.08146261796355247,34,3
aim_on_ties__calib_general,candidate,projected_js,general,uncensored_only,36,128,0.07427034412669148,0.06589271225675475,0.024385155422762872,0.03757573605980724,0.16830476134782657,0,1
aim_on_ties__calib_general,candidate,projected_js,instruction,base,36,128,0.06271281589296349,0.06378895998932421,0.008608563379710724,0.03817964906920679,0.09365019667893648,0,35
aim_on_ties__calib_general,candidate,projected_js,instruction,instr_only,36,128,0.05980677477418794,0.061495393340010196,0.012177088148107083,0.03514349971374031,0.11126088298624381,0,35
aim_on_ties__calib_general,candidate,projected_js,instruction,reasoning_only,36,128,0.07421119217421317,0.07450140122091398,0.004423113630177483,0.05916456179693341,0.08057121036108583,0,22
aim_on_ties__calib_general,candidate,projected_js,instruction,uncensored_only,36,128,0.07937047886338809,0.07167190228938125,0.020022705545463503,0.04452107907854952,0.1486991384299472,0,1
aim_on_ties__calib_general,candidate,projected_js,reasoning,base,36,128,0.05480011999194782,0.05559168997569941,0.006780624737325666,0.037353628809796646,0.07860200305003673,0,35
aim_on_ties__calib_general,candidate,projected_js,reasoning,instr_only,36,128,0.04998198396505257,0.0514747969864402,0.00850191602922238,0.029939601867226884,0.0838762461207807,0,35
aim_on_ties__calib_general,candidate,projected_js,reasoning,reasoning_only,36,128,0.06499078560833975,0.06484553338668775,0.0041992474943327975,0.05084525322308764,0.07455562870018184,0,35
aim_on_ties__calib_general,candidate,projected_js,reasoning,uncensored_only,36,128,0.06774253710985552,0.06393789022695273,0.013795092247133194,0.03666129138582619,0.11471103303483687,0,1
aim_on_ties__calib_general,candidate,projected_js,uncensored_refusal_like,base,36,128,0.08193326690121062,0.08038253104314208,0.015532685757406359,0.04705258129979484,0.14742257085163146,0,35
aim_on_ties__calib_general,candidate,projected_js,uncensored_refusal_like,instr_only,36,128,0.07102345633837912,0.06798597754095681,0.01740145433903196,0.04655619984259829,0.1596532560652122,0,35
aim_on_ties__calib_general,candidate,projected_js,uncensored_refusal_like,reasoning_only,36,128,0.09867753412981983,0.09587356008705683,0.009773028702247308,0.0865605782601051,0.1331720626913011,1,5
aim_on_ties__calib_general,candidate,projected_js,uncensored_refusal_like,uncensored_only,36,128,0.10421410721513287,0.09400103791267611,0.03983040970194781,0.05780484774732031,0.24780353013193235,0,1
aim_on_ties__calib_instruction,candidate,mmd_rbf,general,base,36,128,0.005896607109914637,0.004413702758029103,0.0062810018526842605,0.0033579394221305847,0.04221012815833092,31,35
aim_on_ties__calib_instruction,candidate,mmd_rbf,general,instr_only,36,128,0.007209548746080448,0.006304897600784898,0.008592636705867546,0.0026237608399242163,0.05722254514694214,0,35
aim_on_ties__calib_instruction,candidate,mmd_rbf,general,reasoning_only,36,128,0.014275436703529622,0.013175995089113712,0.005853978721531931,0.007883327081799507,0.028944289311766624,34,3
aim_on_ties__calib_instruction,candidate,mmd_rbf,general,uncensored_only,36,128,0.02699208300974634,0.012956667225807905,0.034836265168385346,0.006949573755264282,0.15837208926677704,0,1
aim_on_ties__calib_instruction,candidate,mmd_rbf,instruction,base,36,128,0.008837317148896141,0.007798692910000682,0.004853643232240369,0.0022816688288003206,0.03511836752295494,0,35
aim_on_ties__calib_instruction,candidate,mmd_rbf,instruction,instr_only,36,128,0.006819815824403324,0.005301401251927018,0.00796554752116324,0.0017454683547839522,0.052534300833940506,0,35
aim_on_ties__calib_instruction,candidate,mmd_rbf,instruction,reasoning_only,36,128,0.01777995069925156,0.017054730094969273,0.0030078877346460145,0.008314147591590881,0.025104502215981483,0,5
aim_on_ties__calib_instruction,candidate,mmd_rbf,instruction,uncensored_only,36,128,0.02609736092078189,0.01618849392980337,0.027567047060515805,0.004866627044975758,0.12587033212184906,0,1
aim_on_ties__calib_instruction,candidate,mmd_rbf,reasoning,base,36,128,0.0046462584998355145,0.003969765966758132,0.004043757491937253,0.0014797449111938477,0.028158310800790787,0,35
aim_on_ties__calib_instruction,candidate,mmd_rbf,reasoning,instr_only,36,128,0.003642019107549762,0.0028702771523967385,0.005692118534219941,0.0010585278505459428,0.0368938110768795,0,35
aim_on_ties__calib_instruction,candidate,mmd_rbf,reasoning,reasoning_only,36,128,0.011511098399447897,0.011914719827473164,0.003636680561590201,0.004961186554282904,0.02252129092812538,0,35
aim_on_ties__calib_instruction,candidate,mmd_rbf,reasoning,uncensored_only,36,128,0.01703328817125617,0.0109746134839952,0.017577399546747845,0.0027229308616369963,0.07842884212732315,0,1
aim_on_ties__calib_instruction,candidate,mmd_rbf,uncensored_refusal_like,base,36,128,0.03079054520154993,0.03205259516835213,0.014758681625562407,0.006338894367218018,0.09582903981208801,0,35
aim_on_ties__calib_instruction,candidate,mmd_rbf,uncensored_refusal_like,instr_only,36,128,0.018212472075699933,0.01375672873109579,0.017944739299409488,0.0049270871095359325,0.11735907942056656,0,35
aim_on_ties__calib_instruction,candidate,mmd_rbf,uncensored_refusal_like,reasoning_only,36,128,0.04557523193458716,0.048010079190135,0.007841935863954756,0.025646895170211792,0.06212688609957695,0,5
aim_on_ties__calib_instruction,candidate,mmd_rbf,uncensored_refusal_like,uncensored_only,36,128,0.06015984695922169,0.04870342090725899,0.04882110992845821,0.012629675678908825,0.22511015832424164,0,1
aim_on_ties__calib_instruction,candidate,projected_js,general,base,36,128,0.05439559295074206,0.05469637888018042,0.0071215145417362884,0.03669176098628668,0.08767997159156948,0,35
aim_on_ties__calib_instruction,candidate,projected_js,general,instr_only,36,128,0.0550176466648635,0.056760579522233456,0.010437196016617951,0.03056554864451755,0.09895811456954107,0,35
aim_on_ties__calib_instruction,candidate,projected_js,general,reasoning_only,36,128,0.06665573431544342,0.0663042128435336,0.00540579609633031,0.0592908390390221,0.08162184263346717,34,3
aim_on_ties__calib_instruction,candidate,projected_js,general,uncensored_only,36,128,0.07445142092425765,0.06510216725291684,0.024330885731782406,0.03793804728775285,0.16803085565334186,0,1
aim_on_ties__calib_instruction,candidate,projected_js,instruction,base,36,128,0.06282859341808944,0.06420351505221333,0.008645228941224119,0.03748036919569131,0.09344587876694277,0,35
aim_on_ties__calib_instruction,candidate,projected_js,instruction,instr_only,36,128,0.059769487981813856,0.06179418462852482,0.012121853865952246,0.03575214200827759,0.11125251301564276,0,35
aim_on_ties__calib_instruction,candidate,projected_js,instruction,reasoning_only,36,128,0.07423707791571764,0.07500510144745931,0.004160556164935523,0.06050594610860571,0.0800026198849082,0,22
aim_on_ties__calib_instruction,candidate,projected_js,instruction,uncensored_only,36,128,0.07935183300610839,0.07214696652954444,0.020059595195173748,0.04388818173902109,0.148295231803786,0,1
aim_on_ties__calib_instruction,candidate,projected_js,reasoning,base,36,128,0.054328439977527725,0.055667088949121535,0.006557413862826133,0.03769501892384142,0.07688498857896775,0,35
aim_on_ties__calib_instruction,candidate,projected_js,reasoning,instr_only,36,128,0.05041561693400985,0.052021822761162184,0.00864973740202718,0.030297586985398084,0.08583164564333856,0,35
aim_on_ties__calib_instruction,candidate,projected_js,reasoning,reasoning_only,36,128,0.06509503552580201,0.06509298404853325,0.004067863283736908,0.05146852764301002,0.07441534020472318,0,35
aim_on_ties__calib_instruction,candidate,projected_js,reasoning,uncensored_only,36,128,0.06793054998787637,0.0641558822535444,0.013989940082512,0.03708031284622848,0.11521443113451824,0,1
aim_on_ties__calib_instruction,candidate,projected_js,uncensored_refusal_like,base,36,128,0.08154918042499856,0.08031323394970968,0.01531583146715796,0.046690456016222015,0.14610907231690362,0,35
aim_on_ties__calib_instruction,candidate,projected_js,uncensored_refusal_like,instr_only,36,128,0.0712483630991806,0.06790494440065231,0.017733531735677033,0.04685062437783927,0.1614332442986779,0,35
aim_on_ties__calib_instruction,candidate,projected_js,uncensored_refusal_like,reasoning_only,36,128,0.09877393592291304,0.0962805223534815,0.009621701346071581,0.08841757889604196,0.13197484944248572,1,5
aim_on_ties__calib_instruction,candidate,projected_js,uncensored_refusal_like,uncensored_only,36,128,0.10469851497004533,0.09545556476223283,0.03970607948248365,0.05727250935160555,0.24674855777993798,0,1
aim_on_ties__calib_reasoning,candidate,mmd_rbf,general,base,36,128,0.005890604179714703,0.004384689964354038,0.00632844848149342,0.003331399755552411,0.04247056320309639,31,35
aim_on_ties__calib_reasoning,candidate,mmd_rbf,general,instr_only,36,128,0.007242206011950556,0.006352860946208239,0.008538967129642009,0.0026355446316301823,0.05690145120024681,0,35
aim_on_ties__calib_reasoning,candidate,mmd_rbf,general,reasoning_only,36,128,0.014289357156182328,0.01319391606375575,0.0058792386558331996,0.007869224064052105,0.02895602583885193,34,3
aim_on_ties__calib_reasoning,candidate,mmd_rbf,general,uncensored_only,36,128,0.026986377701784175,0.012987520545721054,0.03480467722937165,0.0069328248500823975,0.15840283036231995,0,1
aim_on_ties__calib_reasoning,candidate,mmd_rbf,instruction,base,36,128,0.008867202255512692,0.007881593657657504,0.004891310055782761,0.0023067386355251074,0.0354139469563961,0,35
aim_on_ties__calib_reasoning,candidate,mmd_rbf,instruction,instr_only,36,128,0.006819684016388944,0.005319430027157068,0.007904031115341626,0.0017527997260913253,0.052131474018096924,0,35
aim_on_ties__calib_reasoning,candidate,mmd_rbf,instruction,reasoning_only,36,128,0.017780117690563202,0.01701484899967909,0.0030211028602114194,0.008275520987808704,0.025101616978645325,0,5
aim_on_ties__calib_reasoning,candidate,mmd_rbf,instruction,uncensored_only,36,128,0.02606864679708249,0.016169349662959576,0.027549740927565614,0.004858744330704212,0.1259336769580841,0,1
aim_on_ties__calib_reasoning,candidate,mmd_rbf,reasoning,base,36,128,0.004612955982641627,0.00392240472137928,0.004046204468664766,0.001494425581768155,0.02815253846347332,0,35
aim_on_ties__calib_reasoning,candidate,mmd_rbf,reasoning,instr_only,36,128,0.0036698366748169065,0.0028897594893351197,0.00567996736745512,0.0010608226293697953,0.0368269644677639,0,35
aim_on_ties__calib_reasoning,candidate,mmd_rbf,reasoning,reasoning_only,36,128,0.011517912421065072,0.01191373961046338,0.003641953920474945,0.004939430858939886,0.022507784888148308,0,35
aim_on_ties__calib_reasoning,candidate,mmd_rbf,reasoning,uncensored_only,36,128,0.017058732427863613,0.011033293325453997,0.017572097454304127,0.0027244091033935547,0.07851658016443253,0,1
aim_on_ties__calib_reasoning,candidate,mmd_rbf,uncensored_refusal_like,base,36,128,0.030970199667434726,0.03222261928021908,0.01477687476474538,0.006409370806068182,0.09606541693210602,0,35
aim_on_ties__calib_reasoning,candidate,mmd_rbf,uncensored_refusal_like,instr_only,36,128,0.018191819040415187,0.013723482377827168,0.01782901828085437,0.004947114270180464,0.11653663963079453,0,35
aim_on_ties__calib_reasoning,candidate,mmd_rbf,uncensored_refusal_like,reasoning_only,36,128,0.04554462117246456,0.0479673333466053,0.007848254257480944,0.025558585301041603,0.0620543546974659,0,5
aim_on_ties__calib_reasoning,candidate,mmd_rbf,uncensored_refusal_like,uncensored_only,36,128,0.06001429329626262,0.048613231629133224,0.048800980026578435,0.012594061903655529,0.22516079246997833,0,1
aim_on_ties__calib_reasoning,candidate,projected_js,general,base,36,128,0.05434594282471355,0.05448816964053549,0.007325289533524988,0.03664046974154189,0.08872481086291373,0,35
aim_on_ties__calib_reasoning,candidate,projected_js,general,instr_only,36,128,0.05482825093470941,0.05615928865154274,0.010506123922627853,0.03165267294389196,0.09965220920275897,0,35
aim_on_ties__calib_reasoning,candidate,projected_js,general,reasoning_only,36,128,0.06668168912235867,0.06637274751847144,0.005470283336569022,0.05899612826760858,0.08130072330823168,34,3
aim_on_ties__calib_reasoning,candidate,projected_js,general,uncensored_only,36,128,0.07419395328421767,0.06549465007265098,0.024262585369186275,0.037915131251793355,0.16678046504966915,0,1
aim_on_ties__calib_reasoning,candidate,projected_js,instruction,base,36,128,0.06280019636930471,0.0638292777875904,0.008476502674231544,0.03740901894343551,0.09276968386257067,0,35
aim_on_ties__calib_reasoning,candidate,projected_js,instruction,instr_only,36,128,0.06010213744795894,0.06219711988524068,0.01226527316238447,0.03550416934012901,0.1110730926739052,0,35
aim_on_ties__calib_reasoning,candidate,projected_js,instruction,reasoning_only,36,128,0.0744043813691759,0.07516106689581648,0.0043763242002632366,0.05968940883758478,0.08166759548475966,0,22
aim_on_ties__calib_reasoning,candidate,projected_js,instruction,uncensored_only,36,128,0.07937464804086226,0.07231590416631661,0.020089689821945096,0.044140039550256915,0.14835654621128924,0,1
aim_on_ties__calib_reasoning,candidate,projected_js,reasoning,base,36,128,0.05436307283162023,0.05559173214714974,0.006520039080985748,0.03741171627189033,0.07734615076333284,0,35
aim_on_ties__calib_reasoning,candidate,projected_js,reasoning,instr_only,36,128,0.05030956545831739,0.05218965373933315,0.008584751377619491,0.029985745408339426,0.08458647975930944,0,35
aim_on_ties__calib_reasoning,candidate,projected_js,reasoning,reasoning_only,36,128,0.06503657597770346,0.06520987517433241,0.004173359876019326,0.05093840238987468,0.07499245891813189,0,35
aim_on_ties__calib_reasoning,candidate,projected_js,reasoning,uncensored_only,36,128,0.06788182901719766,0.06440652746823616,0.013777347057859648,0.03746461501577869,0.11465314368251711,0,1
aim_on_ties__calib_reasoning,candidate,projected_js,uncensored_refusal_like,base,36,128,0.08165159878909536,0.08139914576895535,0.015131363255782264,0.04675114541896619,0.1447165480349213,0,35
aim_on_ties__calib_reasoning,candidate,projected_js,uncensored_refusal_like,instr_only,36,128,0.07126430372752818,0.06902677784091793,0.017567199788456896,0.04709297278895974,0.16072911792434752,0,35
aim_on_ties__calib_reasoning,candidate,projected_js,uncensored_refusal_like,reasoning_only,36,128,0.09856984853508442,0.09535329922800884,0.009620715036633733,0.08657717384630814,0.13342891028150916,1,5
aim_on_ties__calib_reasoning,candidate,projected_js,uncensored_refusal_like,uncensored_only,36,128,0.10470789171328458,0.09533891317551024,0.039468717123776496,0.057307743380079046,0.24673157077631913,0,1
aim_on_ties__calib_uncensored_refusal_like,candidate,mmd_rbf,general,base,36,128,0.0060215220631410675,0.004504767479375005,0.0063981442880346245,0.0034584105014801025,0.043007992208004,31,35
aim_on_ties__calib_uncensored_refusal_like,candidate,mmd_rbf,general,instr_only,36,128,0.007135583941514294,0.006229133578017354,0.00845182812909593,0.0026482045650482178,0.056323882192373276,0,35
aim_on_ties__calib_uncensored_refusal_like,candidate,mmd_rbf,general,reasoning_only,36,128,0.01423957778347863,0.013176404871046543,0.005862513160723402,0.00788159854710102,0.028905803337693214,34,3
aim_on_ties__calib_uncensored_refusal_like,candidate,mmd_rbf,general,uncensored_only,36,128,0.02688220369681302,0.012864867690950632,0.03478045538486801,0.006977904122322798,0.15831175446510315,0,1
aim_on_ties__calib_uncensored_refusal_like,candidate,mmd_rbf,instruction,base,36,128,0.009030189707926992,0.007986055221408606,0.00501691426480525,0.0023731531109660864,0.03622998669743538,0,35
aim_on_ties__calib_uncensored_refusal_like,candidate,mmd_rbf,instruction,instr_only,36,128,0.0067140781094268374,0.005300468299537897,0.0077654585411225125,0.0017566323513165116,0.051281191408634186,0,35
aim_on_ties__calib_uncensored_refusal_like,candidate,mmd_rbf,instruction,reasoning_only,36,128,0.01770477183163166,0.016942267306149006,0.0030224150438083073,0.008180714212357998,0.025063833221793175,0,5
aim_on_ties__calib_uncensored_refusal_like,candidate,mmd_rbf,instruction,uncensored_only,36,128,0.02594676434010681,0.016019480302929878,0.027510603599670787,0.004861453082412481,0.1258070319890976,0,1
aim_on_ties__calib_uncensored_refusal_like,candidate,mmd_rbf,reasoning,base,36,128,0.004756160911508939,0.004059277009218931,0.004119341908377899,0.0015414924127981067,0.028698474168777466,0,35
aim_on_ties__calib_uncensored_refusal_like,candidate,mmd_rbf,reasoning,instr_only,36,128,0.0035935440488780537,0.0028449229430407286,0.005592015341693721,0.0010570765007287264,0.0362643301486969,0,35
aim_on_ties__calib_uncensored_refusal_like,candidate,mmd_rbf,reasoning,reasoning_only,36,128,0.01144149548943258,0.011820049490779638,0.003672727437780664,0.004868346732109785,0.022812632843852043,0,35
aim_on_ties__calib_uncensored_refusal_like,candidate,mmd_rbf,reasoning,uncensored_only,36,128,0.016939817804894928,0.010851782746613026,0.017550091257111513,0.0027173280250281096,0.07841091603040695,0,1
aim_on_ties__calib_uncensored_refusal_like,candidate,mmd_rbf,uncensored_refusal_like,base,36,128,0.031090834630756743,0.03221307508647442,0.014848013735865636,0.0066072228364646435,0.0961935892701149,0,35
aim_on_ties__calib_uncensored_refusal_like,candidate,mmd_rbf,uncensored_refusal_like,instr_only,36,128,0.018058114749793377,0.013873300980776548,0.017580611819255285,0.0049746097065508366,0.1151050552725792,0,35
aim_on_ties__calib_uncensored_refusal_like,candidate,mmd_rbf,uncensored_refusal_like,reasoning_only,36,128,0.045471188250101276,0.047867387533187866,0.007819566835457623,0.025158965960144997,0.06211526319384575,0,5
aim_on_ties__calib_uncensored_refusal_like,candidate,mmd_rbf,uncensored_refusal_like,uncensored_only,36,128,0.05994741186603076,0.048501258715987206,0.048710228110009544,0.012672699056565762,0.2250073403120041,0,1
aim_on_ties__calib_uncensored_refusal_like,candidate,projected_js,general,base,36,128,0.054653083236997996,0.0550596807297552,0.00719108425990018,0.03692658038926311,0.08903543325141072,0,35
aim_on_ties__calib_uncensored_refusal_like,candidate,projected_js,general,instr_only,36,128,0.05470057497607033,0.05683185129601043,0.010134275399435403,0.030497216401272453,0.09690693696029484,0,35
aim_on_ties__calib_uncensored_refusal_like,candidate,projected_js,general,reasoning_only,36,128,0.06672287205340884,0.06624602191732265,0.00561738465288948,0.0584027788718231,0.08196557068731636,32,5
aim_on_ties__calib_uncensored_refusal_like,candidate,projected_js,general,uncensored_only,36,128,0.07434082152030896,0.06582516964408569,0.02408486722066887,0.03883071948075667,0.1669689739937894,0,1
aim_on_ties__calib_uncensored_refusal_like,candidate,projected_js,instruction,base,36,128,0.06316411681109457,0.06376939851907082,0.008728650870561374,0.03814564328058623,0.09663114341674373,0,35
aim_on_ties__calib_uncensored_refusal_like,candidate,projected_js,instruction,instr_only,36,128,0.05980403701283245,0.061638766987016425,0.012227738605297644,0.03543421970971394,0.11128664115676656,0,35
aim_on_ties__calib_uncensored_refusal_like,candidate,projected_js,instruction,reasoning_only,36,128,0.0744117912165368,0.07486369273101445,0.004281307995101054,0.05937690121936612,0.08110130531713367,0,22
aim_on_ties__calib_uncensored_refusal_like,candidate,projected_js,instruction,uncensored_only,36,128,0.0792683744374598,0.07321135378151666,0.019934942619481637,0.044624030037084594,0.14845764989149757,0,1
aim_on_ties__calib_uncensored_refusal_like,candidate,projected_js,reasoning,base,36,128,0.05454287227904489,0.05597922527522314,0.006427052750990507,0.03698883559263777,0.07662985048955306,0,35
aim_on_ties__calib_uncensored_refusal_like,candidate,projected_js,reasoning,instr_only,36,128,0.04975211441786895,0.05167586590687279,0.008415003629413931,0.030031237853108905,0.08360326668480411,0,35
aim_on_ties__calib_uncensored_refusal_like,candidate,projected_js,reasoning,reasoning_only,36,128,0.06489115814555488,0.06473680620547384,0.004160304157475168,0.05074502096977085,0.07548624719493091,0,35
aim_on_ties__calib_uncensored_refusal_like,candidate,projected_js,reasoning,uncensored_only,36,128,0.067788131330518,0.064096277783392,0.013808441717746641,0.03648416564101353,0.1142716626636684,0,1
aim_on_ties__calib_uncensored_refusal_like,candidate,projected_js,uncensored_refusal_like,base,36,128,0.0819506576582272,0.08116362462169491,0.015245844169435085,0.048529617954045534,0.145693791215308,0,35
aim_on_ties__calib_uncensored_refusal_like,candidate,projected_js,uncensored_refusal_like,instr_only,36,128,0.07110620688682603,0.06778801602195017,0.017444177061700056,0.046877863962436095,0.16000013565644622,0,35
aim_on_ties__calib_uncensored_refusal_like,candidate,projected_js,uncensored_refusal_like,reasoning_only,36,128,0.09865025932069532,0.09598992542305496,0.009685126130128249,0.08783947356278077,0.13252849195851013,1,5
aim_on_ties__calib_uncensored_refusal_like,candidate,projected_js,uncensored_refusal_like,uncensored_only,36,128,0.10455609416951323,0.09519691611058079,0.03952466622718548,0.05916476703714579,0.24717336893081665,0,1
base,reference,mmd_rbf,general,base,36,128,0.0,0.0,0.0,0.0,0.0,0,0
base,reference,mmd_rbf,general,instr_only,36,128,0.017294174073160522,0.01333091501146555,0.023707020695861777,0.006909108255058527,0.15624366700649261,0,35
base,reference,mmd_rbf,general,reasoning_only,36,128,0.020898014617462952,0.020017105154693127,0.008109034561115601,0.010046142153441906,0.041172560304403305,33,3
base,reference,mmd_rbf,general,uncensored_only,36,128,0.03691511283007761,0.021287010051310062,0.04050766039954198,0.013521420769393444,0.17488037049770355,0,35
base,reference,mmd_rbf,instruction,base,36,128,0.0,0.0,0.0,0.0,0.0,0,0
base,reference,mmd_rbf,instruction,instr_only,36,128,0.01924102850413571,0.016273347660899162,0.019635658677882924,0.004355710931122303,0.13124778866767883,0,35
base,reference,mmd_rbf,instruction,reasoning_only,36,128,0.026959094348260097,0.026131209917366505,0.005416007357722571,0.01207010168582201,0.039922621101140976,0,35
base,reference,mmd_rbf,instruction,uncensored_only,36,128,0.03855619812384248,0.028080888092517853,0.03098465013537611,0.009484201669692993,0.1427825540304184,0,35
base,reference,mmd_rbf,reasoning,base,36,128,0.0,0.0,0.0,0.0,0.0,0,0
base,reference,mmd_rbf,reasoning,instr_only,36,128,0.010692637290857319,0.008440868929028511,0.01613307578058332,0.0029587687458842993,0.10503029823303223,0,35
base,reference,mmd_rbf,reasoning,reasoning_only,36,128,0.017917113572669525,0.0187818119302392,0.005201215321870328,0.007339260075241327,0.027083346620202065,0,3
base,reference,mmd_rbf,reasoning,uncensored_only,36,128,0.02516300414895846,0.018758131191134453,0.022122951726930067,0.005674046464264393,0.11287615448236465,0,35
base,reference,mmd_rbf,uncensored_refusal_like,base,36,128,0.0,0.0,0.0,0.0,0.0,0,0
base,reference,mmd_rbf,uncensored_refusal_like,instr_only,36,128,0.054730875339979924,0.05169404856860638,0.037547370126670344,0.011957496404647827,0.2524140477180481,0,35
base,reference,mmd_rbf,uncensored_refusal_like,reasoning_only,36,128,0.0797174298721883,0.0835789181292057,0.017069407396283827,0.03692895919084549,0.13010236620903015,0,35
base,reference,mmd_rbf,uncensored_refusal_like,uncensored_only,36,128,0.09700160675371687,0.0931151770055294,0.05197851093783989,0.02432878129184246,0.275905579328537,0,35
base,reference,projected_js,general,base,36,128,0.0,0.0,0.0,0.0,0.0,0,0
base,reference,projected_js,general,instr_only,36,128,0.06795987587409197,0.0650732389476616,0.01933409815277149,0.04933879722375423,0.1783820478594862,0,35
base,reference,projected_js,general,reasoning_only,36,128,0.0731317811126549,0.07373722616466694,0.007624464933138774,0.060410068108467385,0.09295522526372224,30,3
base,reference,projected_js,general,uncensored_only,36,128,0.08256496480640231,0.07161559743690304,0.02915414678878325,0.053958699805662036,0.19334605848416686,0,35
base,reference,projected_js,instruction,base,36,128,0.0,0.0,0.0,0.0,0.0,0,0
base,reference,projected_js,instruction,instr_only,36,128,0.07475585682146225,0.07302808805252425,0.019510073401984705,0.05268075314234011,0.18100796919316053,0,35
base,reference,projected_js,instruction,reasoning_only,36,128,0.08218538674716708,0.08224736523698084,0.005273809585924831,0.06814508527168073,0.09423585230251774,1,35
base,reference,projected_js,instruction,uncensored_only,36,128,0.08844536049501686,0.08019734984554816,0.023461423714527793,0.05940723905223422,0.1805476830340922,0,35
base,reference,projected_js,reasoning,base,36,128,0.0,0.0,0.0,0.0,0.0,0,0
base,reference,projected_js,reasoning,instr_only,36,128,0.06267743775566083,0.06137034957646392,0.014524429896051568,0.047285388718592,0.14242524572182447,0,35
base,reference,projected_js,reasoning,reasoning_only,36,128,0.07099958327550364,0.07015835412312299,0.005164168131134027,0.05901847456698306,0.08018378808628768,0,3
base,reference,projected_js,reasoning,uncensored_only,36,128,0.0752557148581319,0.07057748932857066,0.016942823641591036,0.05284739728085697,0.14661888539558277,0,35
base,reference,projected_js,uncensored_refusal_like,base,36,128,0.0,0.0,0.0,0.0,0.0,0,0
base,reference,projected_js,uncensored_refusal_like,instr_only,36,128,0.10065258041868219,0.09698938256769907,0.032944968842565404,0.06447347594075836,0.2776680717943236,0,35
base,reference,projected_js,uncensored_refusal_like,reasoning_only,36,128,0.12725118157524978,0.1265562740736641,0.012540062433538935,0.10532129678176716,0.16443910059751943,1,35
base,reference,projected_js,uncensored_refusal_like,uncensored_only,36,128,0.13052359057150575,0.11943672699271701,0.042590927363633,0.07558419718407094,0.28111751191318035,0,35
breadcrumbs_best,candidate,mmd_rbf,general,base,36,128,0.010531795482772091,0.008372741285711527,0.007728221642118011,0.006524278316646814,0.053993094712495804,31,35
breadcrumbs_best,candidate,mmd_rbf,general,instr_only,36,128,0.0056853115739714764,0.004498979775235057,0.007192420997687733,0.002936565550044179,0.0478035993874073,11,35
breadcrumbs_best,candidate,mmd_rbf,general,reasoning_only,36,128,0.013151683948106237,0.011374388821423054,0.004304511402018612,0.00936098676174879,0.02454535663127899,34,35
breadcrumbs_best,candidate,mmd_rbf,general,uncensored_only,36,128,0.027975229365337227,0.012702809181064367,0.03804610188932617,0.009230135940015316,0.1710708886384964,12,1
breadcrumbs_best,candidate,mmd_rbf,instruction,base,36,128,0.014144080910935171,0.012977151665836573,0.0063671654868681545,0.004872265737503767,0.04835323616862297,0,35
breadcrumbs_best,candidate,mmd_rbf,instruction,instr_only,36,128,0.005530578782781959,0.004893954144790769,0.0066333709711095135,0.0024415075313299894,0.044176358729600906,0,35
breadcrumbs_best,candidate,mmd_rbf,instruction,reasoning_only,36,128,0.01661380715409501,0.016916299238801003,0.003000236531237132,0.00569884805008769,0.0216843131929636,0,5
breadcrumbs_best,candidate,mmd_rbf,instruction,uncensored_only,36,128,0.026825279062096443,0.015242015942931175,0.02999098684389433,0.006428176071494818,0.13614152371883392,0,1
breadcrumbs_best,candidate,mmd_rbf,reasoning,base,36,128,0.00791240578594928,0.007181283086538315,0.00414555313524874,0.0030275091994553804,0.03135932609438896,0,35
breadcrumbs_best,candidate,mmd_rbf,reasoning,instr_only,36,128,0.003366737306350842,0.002325208974070847,0.005584845370702605,0.0014221608871594071,0.036236267536878586,0,35
breadcrumbs_best,candidate,mmd_rbf,reasoning,reasoning_only,36,128,0.009703260438982397,0.009575745090842247,0.002970447940815217,0.0034411640372127295,0.02187086082994938,0,35
breadcrumbs_best,candidate,mmd_rbf,reasoning,uncensored_only,36,128,0.01746280099420498,0.009819562546908855,0.01968107793792491,0.0035186409950256348,0.08547704666852951,0,1
breadcrumbs_best,candidate,mmd_rbf,uncensored_refusal_like,base,36,128,0.046672479146056704,0.0456534530967474,0.019113629093823217,0.013826096430420876,0.1337794065475464,0,35
breadcrumbs_best,candidate,mmd_rbf,uncensored_refusal_like,instr_only,36,128,0.014241396113195352,0.011184798553586006,0.016280458218368526,0.006228978279978037,0.10732491314411163,11,35
breadcrumbs_best,candidate,mmd_rbf,uncensored_refusal_like,reasoning_only,36,128,0.04055598243657085,0.041753578931093216,0.009008065138143883,0.017674440518021584,0.053931545466184616,0,5
breadcrumbs_best,candidate,mmd_rbf,uncensored_refusal_like,uncensored_only,36,128,0.060319799567676254,0.046386923640966415,0.05247959987686931,0.01685516908764839,0.24169199168682098,0,1
breadcrumbs_best,candidate,projected_js,general,base,36,128,0.06223267312735617,0.06112923944601789,0.006723618411549879,0.04934497359499801,0.0968725336715579,0,35
breadcrumbs_best,candidate,projected_js,general,instr_only,36,128,0.05281862470332675,0.054068915502284653,0.008968998096441558,0.03298172705399338,0.09301036375109106,0,35
breadcrumbs_best,candidate,projected_js,general,reasoning_only,36,128,0.06511433445848525,0.0648924430279294,0.0038248680230305895,0.05730766401393339,0.07532334577990696,1,5
breadcrumbs_best,candidate,projected_js,general,uncensored_only,36,128,0.07570522110432244,0.06664218154037371,0.02605790898587319,0.04597719029698055,0.17962348568835296,0,1
breadcrumbs_best,candidate,projected_js,instruction,base,36,128,0.06991665056476551,0.06948372145416215,0.008104802850423849,0.04979863506741822,0.10592714621452615,0,35
breadcrumbs_best,candidate,projected_js,instruction,instr_only,36,128,0.05717058726157928,0.05771557576372288,0.010368556489434405,0.035284955374663696,0.10358085652114823,0,35
breadcrumbs_best,candidate,projected_js,instruction,reasoning_only,36,128,0.07296141989273666,0.07368151686387137,0.005274939651411726,0.05480939941480756,0.08074188261525705,1,22
breadcrumbs_best,candidate,projected_js,instruction,uncensored_only,36,128,0.08059740373412044,0.07411234642495401,0.021859651508035493,0.051112667220877483,0.16222432465292513,0,1
breadcrumbs_best,candidate,projected_js,reasoning,base,36,128,0.06006399870643185,0.05991520325187594,0.004885142699259306,0.045515002275351435,0.07723248651018366,0,35
breadcrumbs_best,candidate,projected_js,reasoning,instr_only,36,128,0.05032145581976187,0.051253421377623454,0.00796590698310192,0.03363274763978552,0.08548079442698509,0,35
breadcrumbs_best,candidate,projected_js,reasoning,reasoning_only,36,128,0.062185360168870024,0.06268221951904707,0.004313166140668387,0.046088105416856706,0.06970629532588646,0,20
breadcrumbs_best,candidate,projected_js,reasoning,uncensored_only,36,128,0.06940157751119437,0.06470157856529113,0.015251561617303011,0.03996701698633842,0.12085238890722394,0,1
breadcrumbs_best,candidate,projected_js,uncensored_refusal_like,base,36,128,0.09435924973109246,0.09479467134224251,0.01732823097632302,0.06368804484372959,0.17644787020981312,0,35
breadcrumbs_best,candidate,projected_js,uncensored_refusal_like,instr_only,36,128,0.06769593097447392,0.06483946737716906,0.01629083315068907,0.049148285877890885,0.15524894034024328,1,35
breadcrumbs_best,candidate,projected_js,uncensored_refusal_like,reasoning_only,36,128,0.09390963811246264,0.09147100991685875,0.009695697427996733,0.07431717502186075,0.11951876035891473,1,5
breadcrumbs_best,candidate,projected_js,uncensored_refusal_like,uncensored_only,36,128,0.10491602510915578,0.09453803853830323,0.041698266874497666,0.06933984655188397,0.2616758388467133,11,1
dare_best,candidate,mmd_rbf,general,base,36,128,0.012298661529914372,0.008866689167916775,0.011831073851899342,0.00644870987161994,0.07709351927042007,0,35
dare_best,candidate,mmd_rbf,general,instr_only,36,128,0.007280590310175385,0.00576942483894527,0.005223064962481981,0.0030210018157958984,0.028199732303619385,0,35
dare_best,candidate,mmd_rbf,general,reasoning_only,36,128,0.014802292791298695,0.01218795869499445,0.007885283657517613,0.008289451710879803,0.03892773017287254,32,35
dare_best,candidate,mmd_rbf,general,uncensored_only,36,128,0.024074365423681836,0.010749083943665028,0.03348096161437538,0.0073589445091784,0.15023568272590637,0,1
dare_best,candidate,mmd_rbf,instruction,base,36,128,0.015551479675600098,0.014432474970817566,0.009301569176082951,0.003947857301682234,0.06703037768602371,0,35
dare_best,candidate,mmd_rbf,instruction,instr_only,36,128,0.006974496264269369,0.006710328394547105,0.0044066682896252134,0.0020013898611068726,0.02766330912709236,0,35
dare_best,candidate,mmd_rbf,instruction,reasoning_only,36,128,0.01762366450081269,0.01636069267988205,0.003945524461612714,0.006927383132278919,0.026226872578263283,0,35
dare_best,candidate,mmd_rbf,instruction,uncensored_only,36,128,0.023029038682579994,0.012936803977936506,0.02656573116736384,0.005145636387169361,0.11842651665210724,0,1
dare_best,candidate,mmd_rbf,reasoning,base,36,128,0.0090247408952564,0.007519102189689875,0.007421955555235009,0.0025067031383514404,0.05167562887072563,0,35
dare_best,candidate,mmd_rbf,reasoning,instr_only,36,128,0.003816903830738738,0.003171802731230855,0.0029205838792141113,0.0011488021118566394,0.018480459228157997,0,35
dare_best,candidate,mmd_rbf,reasoning,reasoning_only,36,128,0.011012428155582812,0.01037344615906477,0.0054029091986611275,0.004146132152527571,0.03720154985785484,0,35
dare_best,candidate,mmd_rbf,reasoning,uncensored_only,36,128,0.014831677085668262,0.00867744768038392,0.01687327233195442,0.002800443908199668,0.07318786531686783,0,1
dare_best,candidate,mmd_rbf,uncensored_refusal_like,base,36,128,0.048107632177157536,0.045893892645835876,0.02230116551048231,0.011071473360061646,0.1597812920808792,0,35
dare_best,candidate,mmd_rbf,uncensored_refusal_like,instr_only,36,128,0.01820589501100282,0.017573047429323196,0.010849798307215103,0.0057850065641105175,0.06635715812444687,0,35
dare_best,candidate,mmd_rbf,uncensored_refusal_like,reasoning_only,36,128,0.043139955753253564,0.04326307959854603,0.009538089563930903,0.021906746551394463,0.06900640577077866,0,35
dare_best,candidate,mmd_rbf,uncensored_refusal_like,uncensored_only,36,128,0.0513736347719613,0.0385099146515131,0.04660175280967344,0.013399100862443447,0.21311652660369873,0,1
dare_best,candidate,projected_js,general,base,36,128,0.06293492495347487,0.06134559362544678,0.010384899735962027,0.047185180068481714,0.12012793961912394,0,35
dare_best,candidate,projected_js,general,instr_only,36,128,0.055875839784776976,0.05673618789296597,0.005779471854396764,0.030939364136429504,0.07341864952468313,0,35
dare_best,candidate,projected_js,general,reasoning_only,36,128,0.06704920282936655,0.06588660721899942,0.006756739278085809,0.05780270276591182,0.08358730567852035,34,4
dare_best,candidate,projected_js,general,uncensored_only,36,128,0.07246289269379405,0.06352733257517684,0.02339723157721918,0.0414772958465619,0.16271434590453282,0,1
dare_best,candidate,projected_js,instruction,base,36,128,0.0711301771823653,0.07040796242654324,0.01125277505657322,0.04672106826910749,0.12828357669059187,0,35
dare_best,candidate,projected_js,instruction,instr_only,36,128,0.06107663023188555,0.06131152393936645,0.006683061597291098,0.03754290027427487,0.08419199072523043,0,35
dare_best,candidate,projected_js,instruction,reasoning_only,36,128,0.07443516234100873,0.0743447981076315,0.004217337301106611,0.06009397978777997,0.08659305755281821,0,4
dare_best,candidate,projected_js,instruction,uncensored_only,36,128,0.0771882639811439,0.0712445059325546,0.019754473824283473,0.04636215703794733,0.14791649603284895,0,1
dare_best,candidate,projected_js,reasoning,base,36,128,0.060845451377746135,0.060309103908366524,0.00739769161727626,0.04607216254225932,0.09888168197358027,0,35
dare_best,candidate,projected_js,reasoning,instr_only,36,128,0.05250151228513763,0.053203105213469826,0.0051326797555441665,0.03397196263540536,0.06702372967265546,0,35
dare_best,candidate,projected_js,reasoning,reasoning_only,36,128,0.06462108563007657,0.06410033567226492,0.0049642811013801075,0.04922521786647849,0.08335090329637751,0,35
dare_best,candidate,projected_js,reasoning,uncensored_only,36,128,0.06702006581084181,0.0635889581462834,0.013889072993305862,0.03694571720552631,0.11442412572796457,0,1
dare_best,candidate,projected_js,uncensored_refusal_like,base,36,128,0.09595067036570981,0.09333120725932531,0.01997440247946436,0.05830849180347286,0.19223523419350386,0,35
dare_best,candidate,projected_js,uncensored_refusal_like,instr_only,36,128,0.07291681724099261,0.07252709669410251,0.011350036748758898,0.04812431434402242,0.1208446896634996,0,35
dare_best,candidate,projected_js,uncensored_refusal_like,reasoning_only,36,128,0.09585417702975166,0.09337682597106323,0.010150129220432944,0.08426485897507519,0.12868786900071427,11,5
dare_best,candidate,projected_js,uncensored_refusal_like,uncensored_only,36,128,0.10012478109193682,0.08706983813317493,0.039073981603275104,0.06537720852065831,0.24369771842611954,0,1
della_best,candidate,mmd_rbf,general,base,36,128,0.012180452558418943,0.008806341793388128,0.011879866221470336,0.006668590009212494,0.0778949186205864,31,35
della_best,candidate,mmd_rbf,general,instr_only,36,128,0.007156838113183362,0.005790423834696412,0.004922878030591621,0.0031052350532263517,0.027523010969161987,0,35
della_best,candidate,mmd_rbf,general,reasoning_only,36,128,0.014755351054999564,0.012234039604663849,0.00785398410842935,0.00827070139348507,0.03981352224946022,32,35
della_best,candidate,mmd_rbf,general,uncensored_only,36,128,0.0238127141751142,0.010487877763807774,0.03345305362011642,0.007380968425422907,0.1508621871471405,0,1
della_best,candidate,mmd_rbf,instruction,base,36,128,0.01564828942840298,0.014494411181658506,0.00941399707975383,0.004087102599442005,0.06784037500619888,0,35
della_best,candidate,mmd_rbf,instruction,instr_only,36,128,0.006751112969747434,0.006497017107903957,0.00415806198330923,0.0020467012654989958,0.026436099782586098,0,35
della_best,candidate,mmd_rbf,instruction,reasoning_only,36,128,0.01778465447326501,0.016606456600129604,0.003935665757597929,0.006830585189163685,0.027223486453294754,0,35
della_best,candidate,mmd_rbf,instruction,uncensored_only,36,128,0.022687636833224032,0.01256964448839426,0.02653750111850363,0.005120676942169666,0.11890246719121933,0,1
della_best,candidate,mmd_rbf,reasoning,base,36,128,0.009097172167255647,0.007697017630562186,0.007406880271780432,0.0025569498538970947,0.05171851068735123,0,35
della_best,candidate,mmd_rbf,reasoning,instr_only,36,128,0.0037652688624802977,0.0031686873408034444,0.0028691708228793756,0.0011610448127612472,0.018533727154135704,0,35
della_best,candidate,mmd_rbf,reasoning,reasoning_only,36,128,0.011020469155886935,0.010365630500018597,0.00538700226106813,0.0041330307722091675,0.0372721329331398,0,35
della_best,candidate,mmd_rbf,reasoning,uncensored_only,36,128,0.014614672115486529,0.008372800424695015,0.016874403982741298,0.002759575843811035,0.07343373447656631,0,1
della_best,candidate,mmd_rbf,uncensored_refusal_like,base,36,128,0.0486550688640111,0.046810004860162735,0.02260478490249284,0.011504799127578735,0.16039858758449554,0,35
della_best,candidate,mmd_rbf,uncensored_refusal_like,instr_only,36,128,0.017661689263251092,0.016753395088016987,0.010230908686642767,0.0059816837310791016,0.06228138878941536,0,35
della_best,candidate,mmd_rbf,uncensored_refusal_like,reasoning_only,36,128,0.04334188858047128,0.043596113100647926,0.009745091109914245,0.02132353186607361,0.0716635137796402,0,35
della_best,candidate,mmd_rbf,uncensored_refusal_like,uncensored_only,36,128,0.05072555967813565,0.03769131004810333,0.04660852618053978,0.013451921753585339,0.21389253437519073,0,1
della_best,candidate,projected_js,general,base,36,128,0.06306782862035713,0.06164258476928808,0.010040538090525384,0.04584360649459995,0.11774668178986758,0,35
della_best,candidate,projected_js,general,instr_only,36,128,0.056173849200907476,0.056920883085695095,0.005905242470925163,0.03213181480532512,0.07256311154924333,0,35
della_best,candidate,projected_js,general,reasoning_only,36,128,0.06712635909126322,0.06555337851750664,0.006774674729625179,0.058225001266691834,0.08367201109649613,30,35
della_best,candidate,projected_js,general,uncensored_only,36,128,0.07244298749355949,0.06406247094855644,0.023490434748276546,0.04150544038566295,0.1645178932521958,0,1
della_best,candidate,projected_js,instruction,base,36,128,0.07092947334846637,0.06976271480380092,0.010781976390524894,0.04705518204718828,0.12573400215478614,0,35
della_best,candidate,projected_js,instruction,instr_only,36,128,0.06095672629534318,0.061300520290387794,0.006947178922847592,0.03528980544069782,0.08475783531321213,0,35
della_best,candidate,projected_js,instruction,reasoning_only,36,128,0.07461743948806543,0.07525815235567279,0.004351437731710711,0.05762352526653558,0.08452948124613613,0,4
della_best,candidate,projected_js,instruction,uncensored_only,36,128,0.07694952638929761,0.07080001523718238,0.019982656506651524,0.04786466163932346,0.14948022121097893,0,1
della_best,candidate,projected_js,reasoning,base,36,128,0.06091032842313224,0.060039622549084015,0.00745255337385595,0.045806241483660415,0.09824601619038731,0,35
della_best,candidate,projected_js,reasoning,instr_only,36,128,0.052102985751844244,0.053238460764987394,0.0052178487289526905,0.03243528353050351,0.06674264825414866,0,35
della_best,candidate,projected_js,reasoning,reasoning_only,36,128,0.06443988084760753,0.06466300040483475,0.0051431576768951005,0.048276564688421786,0.0847716981661506,0,35
della_best,candidate,projected_js,reasoning,uncensored_only,36,128,0.06680956979430953,0.0628277208597865,0.013680486413931894,0.03684433639864437,0.11503820956568234,0,1
della_best,candidate,projected_js,uncensored_refusal_like,base,36,128,0.09655151497604998,0.0923645771399606,0.02050936274658939,0.05886701843701303,0.19411735894391313,0,35
della_best,candidate,projected_js,uncensored_refusal_like,instr_only,36,128,0.07211019518460186,0.07181683226372115,0.010619388367229136,0.047381225958815776,0.1159852811251767,0,35
della_best,candidate,projected_js,uncensored_refusal_like,reasoning_only,36,128,0.09552609988087271,0.0927900659153238,0.010340225895623563,0.08428604679647833,0.12909333012066782,9,5
della_best,candidate,projected_js,uncensored_refusal_like,uncensored_only,36,128,0.09987599076986145,0.08590383440605365,0.03953688095325852,0.0662553775619017,0.24872204835992306,0,1
instr_only,reference,mmd_rbf,general,base,36,128,0.017294179609355826,0.013330903369933367,0.02370702230849864,0.006909090559929609,0.1562436819076538,0,35
instr_only,reference,mmd_rbf,general,instr_only,36,128,0.0,0.0,0.0,0.0,0.0,0,0
instr_only,reference,mmd_rbf,general,reasoning_only,36,128,0.023356785014685657,0.018983114510774612,0.01532648430517852,0.01663188636302948,0.10834255069494247,32,35
instr_only,reference,mmd_rbf,general,uncensored_only,36,128,0.028609228087589145,0.015413641929626465,0.03676466756857584,0.00962741393595934,0.1719859093427658,0,1
instr_only,reference,mmd_rbf,instruction,base,36,128,0.019241027016606595,0.016273374669253826,0.01963565392711981,0.004355722572654486,0.13124775886535645,0,35
instr_only,reference,mmd_rbf,instruction,instr_only,36,128,0.0,0.0,0.0,0.0,0.0,0,0
instr_only,reference,mmd_rbf,instruction,reasoning_only,36,128,0.026836334624224238,0.026343585923314095,0.010085433975476732,0.011016830801963806,0.08166186511516571,0,35
instr_only,reference,mmd_rbf,instruction,uncensored_only,36,128,0.027404441524090037,0.017144860699772835,0.02934800920191897,0.007435619831085205,0.13801193237304688,0,1
instr_only,reference,mmd_rbf,reasoning,base,36,128,0.010692632446686426,0.008440866600722075,0.016133081194234074,0.002958735916763544,0.10503032058477402,0,35
instr_only,reference,mmd_rbf,reasoning,instr_only,36,128,0.0,0.0,0.0,0.0,0.0,0,0
instr_only,reference,mmd_rbf,reasoning,reasoning_only,36,128,0.01593106784599109,0.014448951929807663,0.01254895473918323,0.006630751769989729,0.08794448524713516,0,35
instr_only,reference,mmd_rbf,reasoning,uncensored_only,36,128,0.01726714264239288,0.010773039422929287,0.019275252322791495,0.003987216856330633,0.08800187706947327,0,1
instr_only,reference,mmd_rbf,uncensored_refusal_like,base,36,128,0.05473087606434193,0.05169404111802578,0.03754735985469882,0.011957543902099133,0.2524139881134033,0,35
instr_only,reference,mmd_rbf,uncensored_refusal_like,instr_only,36,128,0.0,0.0,0.0,0.0,0.0,0,0
instr_only,reference,mmd_rbf,uncensored_refusal_like,reasoning_only,36,128,0.0633802932376663,0.06094205565750599,0.023310600006004777,0.034548211842775345,0.18055842816829681,0,35
instr_only,reference,mmd_rbf,uncensored_refusal_like,uncensored_only,36,128,0.06299610109999776,0.05108754150569439,0.05014808409853504,0.01777813397347927,0.2429378479719162,0,1
instr_only,reference,projected_js,general,base,36,128,0.06795987587409197,0.0650732389476616,0.01933409815277149,0.04933879722375423,0.1783820478594862,0,35
instr_only,reference,projected_js,general,instr_only,36,128,0.0,0.0,0.0,0.0,0.0,0,0
instr_only,reference,projected_js,general,reasoning_only,36,128,0.07516354616948068,0.07303518502158113,0.012434083537567631,0.06685991626000032,0.14361567189916968,30,35
instr_only,reference,projected_js,general,uncensored_only,36,128,0.0750201873559288,0.06637904577655718,0.02560480966384298,0.04245554807857843,0.18038359441561624,0,1
instr_only,reference,projected_js,instruction,base,36,128,0.07475585682146225,0.07302808805252425,0.019510073401984705,0.05268075314234011,0.18100796919316053,0,35
instr_only,reference,projected_js,instruction,instr_only,36,128,0.0,0.0,0.0,0.0,0.0,0,0
instr_only,reference,projected_js,instruction,reasoning_only,36,128,0.083338498778984,0.08329044398851693,0.009361673753432416,0.06842071923892945,0.13249367574462667,1,35
instr_only,reference,projected_js,instruction,uncensored_only,36,128,0.08049416637489533,0.07402288852608763,0.02094268993714678,0.0442080265347613,0.16134657588554546,0,1
instr_only,reference,projected_js,reasoning,base,36,128,0.06267743775566083,0.06137034957646392,0.014524429896051568,0.047285388718592,0.14242524572182447,0,35
instr_only,reference,projected_js,reasoning,instr_only,36,128,0.0,0.0,0.0,0.0,0.0,0,0
instr_only,reference,projected_js,reasoning,reasoning_only,36,128,0.06914956361692425,0.06788224347110372,0.010521154505389775,0.05579599164775573,0.1277130434755236,0,35
instr_only,reference,projected_js,reasoning,uncensored_only,36,128,0.06854061970928645,0.06409039722348098,0.015321235074000853,0.03603906564239878,0.12361701572081074,0,1
instr_only,reference,projected_js,uncensored_refusal_like,base,36,128,0.10065258041868219,0.09698938256769907,0.032944968842565404,0.06447347594075836,0.2776680717943236,0,35
instr_only,reference,projected_js,uncensored_refusal_like,instr_only,36,128,0.0,0.0,0.0,0.0,0.0,0,0
instr_only,reference,projected_js,uncensored_refusal_like,reasoning_only,36,128,0.11616251189439532,0.10989080870058388,0.020836339448877337,0.09630729880882427,0.21657385944854468,1,35
instr_only,reference,projected_js,uncensored_refusal_like,uncensored_only,36,128,0.10727580481802255,0.09818484337301925,0.03938717364557441,0.07027588204073254,0.2563667781359982,0,1
lot_paper_domain_matched,candidate,mmd_rbf,general,base,36,128,0.011505893535084195,0.009509915485978127,0.01130454627106988,0.005854192189872265,0.07664992660284042,31,35
lot_paper_domain_matched,candidate,mmd_rbf,general,instr_only,36,128,0.006242133799888607,0.005592209752649069,0.004099557947959275,0.0024902464356273413,0.029524540528655052,0,35
lot_paper_domain_matched,candidate,mmd_rbf,general,reasoning_only,36,128,0.011841330302154852,0.011196097359061241,0.006259773376653882,0.006145487539470196,0.0392070971429348,33,35
lot_paper_domain_matched,candidate,mmd_rbf,general,uncensored_only,36,128,0.027892621932551265,0.015378638170659542,0.03248473766945761,0.00820158701390028,0.14678634703159332,0,1
lot_paper_domain_matched,candidate,mmd_rbf,instruction,base,36,128,0.01773661497928616,0.0148397171869874,0.015396071580808251,0.004390099551528692,0.10563047230243683,0,35
lot_paper_domain_matched,candidate,mmd_rbf,instruction,instr_only,36,128,0.0025911635699837157,0.002259704051539302,0.0008215725552923632,0.0013211697805672884,0.004619823303073645,0,1
lot_paper_domain_matched,candidate,mmd_rbf,instruction,reasoning_only,36,128,0.021461843512952328,0.02147767599672079,0.007761687714845249,0.006147873587906361,0.060851145535707474,0,35
lot_paper_domain_matched,candidate,mmd_rbf,instruction,uncensored_only,36,128,0.026401704164325364,0.01760670728981495,0.0261085717817559,0.006421450059860945,0.12051540613174438,0,1
lot_paper_domain_matched,candidate,mmd_rbf,reasoning,base,36,128,0.010703850544006046,0.010630760807543993,0.004078543945166338,0.0031437159050256014,0.030463019385933876,0,35
lot_paper_domain_matched,candidate,mmd_rbf,reasoning,instr_only,36,128,0.007699579019875576,0.006844422779977322,0.006543074927586832,0.0015047341585159302,0.04548764228820801,0,35
lot_paper_domain_matched,candidate,mmd_rbf,reasoning,reasoning_only,36,128,0.004370150065773891,0.0039918533293530345,0.0019748564851604926,0.002452310873195529,0.013879770413041115,0,35
lot_paper_domain_matched,candidate,mmd_rbf,reasoning,uncensored_only,36,128,0.022745984347744122,0.01479661650955677,0.020038980634085834,0.005036992020905018,0.08817316591739655,0,2
lot_paper_domain_matched,candidate,mmd_rbf,uncensored_refusal_like,base,36,128,0.06386604610209663,0.058789804577827454,0.03376007970706907,0.018383050337433815,0.22895076870918274,0,35
lot_paper_domain_matched,candidate,mmd_rbf,uncensored_refusal_like,instr_only,36,128,0.02201128166375889,0.012825131881982088,0.026000942222052945,0.010420292615890503,0.123768150806427,35,1
lot_paper_domain_matched,candidate,mmd_rbf,uncensored_refusal_like,reasoning_only,36,128,0.06834351519743602,0.06207424774765968,0.028452342734708976,0.03282593563199043,0.16158579289913177,0,35
lot_paper_domain_matched,candidate,mmd_rbf,uncensored_refusal_like,uncensored_only,36,128,0.03411658187138124,0.032964469864964485,0.01731809885991079,0.004291761200875044,0.07923612743616104,0,2
lot_paper_domain_matched,candidate,projected_js,general,base,36,128,0.06269720698118261,0.06135751672263723,0.010178208703370854,0.046588753641117364,0.11863561969948933,0,35
lot_paper_domain_matched,candidate,projected_js,general,instr_only,36,128,0.05614647431179441,0.05793479105341248,0.006928076241080817,0.03126632029307075,0.0755543198029045,0,35
lot_paper_domain_matched,candidate,projected_js,general,reasoning_only,36,128,0.06370065644215275,0.06302679373766296,0.005335544979590257,0.05668727483134717,0.0863049571053125,31,35
lot_paper_domain_matched,candidate,projected_js,general,uncensored_only,36,128,0.07663078403857071,0.06875902079627849,0.022704951859578566,0.044241949886782095,0.16610047657741234,0,1
lot_paper_domain_matched,candidate,projected_js,instruction,base,36,128,0.07284585680544195,0.07101197066367604,0.01586458297270151,0.04887845920166001,0.15715603926219046,0,35
lot_paper_domain_matched,candidate,projected_js,instruction,instr_only,36,128,0.051264744095937606,0.0532594065007288,0.0064443145995770135,0.02644749984028749,0.059849327721167356,0,19
lot_paper_domain_matched,candidate,projected_js,instruction,reasoning_only,36,128,0.0775238486207349,0.07712503673974425,0.008259846756737091,0.05827800155384466,0.11477334570372477,0,35
lot_paper_domain_matched,candidate,projected_js,instruction,uncensored_only,36,128,0.08089375972890088,0.0740741865884047,0.019316255811131774,0.04857085240655579,0.15154947096016258,0,1
lot_paper_domain_matched,candidate,projected_js,reasoning,base,36,128,0.06319276764972731,0.06310608988860622,0.005097371234816495,0.04561894939979538,0.078896141378209,0,35
lot_paper_domain_matched,candidate,projected_js,reasoning,instr_only,36,128,0.059898035076104056,0.06001210250542499,0.007895228365337074,0.03953851779806428,0.09330776717979461,0,35
lot_paper_domain_matched,candidate,projected_js,reasoning,reasoning_only,36,128,0.05396391420840195,0.054661521542584524,0.004607413312956867,0.039276058465475217,0.06330181082012132,0,35
lot_paper_domain_matched,candidate,projected_js,reasoning,uncensored_only,36,128,0.07499686672316683,0.06982249309658073,0.01577986835970281,0.049503763497341424,0.12865552079165354,0,1
lot_paper_domain_matched,candidate,projected_js,uncensored_refusal_like,base,36,128,0.10785095442649133,0.10159293151809834,0.03008749097314352,0.0674235334736295,0.2564742488320917,0,35
lot_paper_domain_matched,candidate,projected_js,uncensored_refusal_like,instr_only,36,128,0.07518813281300633,0.06709387997398153,0.02342018498741791,0.059342867927625775,0.16946159093640745,0,1
lot_paper_domain_matched,candidate,projected_js,uncensored_refusal_like,reasoning_only,36,128,0.12014560531760152,0.11031511337205302,0.02608151630688882,0.09741788951214403,0.2006878488464281,11,35
lot_paper_domain_matched,candidate,projected_js,uncensored_refusal_like,uncensored_only,36,128,0.08449191752798571,0.0862597999512218,0.01430226170344551,0.0382749080308713,0.11277578846784309,0,2
lot_paper_domain_matched__v1,candidate,mmd_rbf,general,base,36,128,0.010744800118522512,0.007764277281239629,0.011937159958039246,0.005127219948917627,0.0781187042593956,31,35
lot_paper_domain_matched__v1,candidate,mmd_rbf,general,instr_only,36,128,0.0075244875754126245,0.006923280190676451,0.003995898011461613,0.003900757525116205,0.026313036680221558,9,35
lot_paper_domain_matched__v1,candidate,mmd_rbf,general,reasoning_only,36,128,0.011089720685655871,0.008599498774856329,0.00793065943350619,0.004986430052667856,0.04026934504508972,31,35
lot_paper_domain_matched__v1,candidate,mmd_rbf,general,uncensored_only,36,128,0.02555038553610858,0.014546048827469349,0.02927859858642553,0.004347133915871382,0.13213510811328888,0,1
lot_paper_domain_matched__v1,candidate,mmd_rbf,instruction,base,36,128,0.016302377166640427,0.013597731478512287,0.01464080303684714,0.004685640335083008,0.10003850609064102,0,35
lot_paper_domain_matched__v1,candidate,mmd_rbf,instruction,instr_only,36,128,0.0029521683851877847,0.0024219617480412126,0.001251847794177314,0.00203913077712059,0.006698231678456068,15,1
lot_paper_domain_matched__v1,candidate,mmd_rbf,instruction,reasoning_only,36,128,0.018597039070704743,0.018752001225948334,0.006827310285912644,0.007756269071251154,0.05482472851872444,0,35
lot_paper_domain_matched__v1,candidate,mmd_rbf,instruction,uncensored_only,36,128,0.024670345262469102,0.015713117085397243,0.025871384938549617,0.0038548677694052458,0.11698923259973526,0,1
lot_paper_domain_matched__v1,candidate,mmd_rbf,reasoning,base,36,128,0.010314794082660228,0.00981804309412837,0.0039570234275707866,0.0031931877601891756,0.028636259958148003,0,35
lot_paper_domain_matched__v1,candidate,mmd_rbf,reasoning,instr_only,36,128,0.008002554842581352,0.006914109690114856,0.0064628424101867135,0.0016896724700927734,0.045282211154699326,0,35
lot_paper_domain_matched__v1,candidate,mmd_rbf,reasoning,reasoning_only,36,128,0.0034885379653941426,0.003225043066777289,0.0016212906407637958,0.0023880526423454285,0.01247378345578909,27,35
lot_paper_domain_matched__v1,candidate,mmd_rbf,reasoning,uncensored_only,36,128,0.022609955618261464,0.015335004311054945,0.019357685961062118,0.004174578469246626,0.08544297516345978,0,2
lot_paper_domain_matched__v1,candidate,mmd_rbf,uncensored_refusal_like,base,36,128,0.054946226792203054,0.05264449864625931,0.03187351426347974,0.016883045434951782,0.22509603202342987,0,35
lot_paper_domain_matched__v1,candidate,mmd_rbf,uncensored_refusal_like,instr_only,36,128,0.014255765127018094,0.013136050663888454,0.006724171104864439,0.006388126406818628,0.034661196172237396,11,1
lot_paper_domain_matched__v1,candidate,mmd_rbf,uncensored_refusal_like,reasoning_only,36,128,0.05681441382815441,0.05713186785578728,0.01924742560709033,0.03167802095413208,0.14687000215053558,0,35
lot_paper_domain_matched__v1,candidate,mmd_rbf,uncensored_refusal_like,uncensored_only,36,128,0.04040500067640096,0.031490969471633434,0.03867595735072828,0.004817176144570112,0.17484870553016663,0,1
lot_paper_domain_matched__v1,candidate,projected_js,general,base,36,128,0.06076121414581495,0.05937430472113192,0.010940021401461214,0.04781864196411334,0.1218596690450795,0,35
lot_paper_domain_matched__v1,candidate,projected_js,general,instr_only,36,128,0.0575404382434499,0.05837117103510536,0.0053915933488279805,0.03768497506098356,0.07171209549414925,0,35
lot_paper_domain_matched__v1,candidate,projected_js,general,reasoning_only,36,128,0.06334605616818105,0.06194053124636412,0.006097046064408228,0.0556403377559036,0.08347996301017702,32,35
lot_paper_domain_matched__v1,candidate,projected_js,general,uncensored_only,36,128,0.07444274688289927,0.06711507108411752,0.02052725178143574,0.036806627715122886,0.15089960029581562,0,1
lot_paper_domain_matched__v1,candidate,projected_js,instruction,base,36,128,0.0709108571948794,0.06907253364624921,0.01577667764961412,0.048060969478683546,0.156094430712983,0,35
lot_paper_domain_matched__v1,candidate,projected_js,instruction,instr_only,36,128,0.053817396379195595,0.054168675938853994,0.003632312989587046,0.03782139014219865,0.05978426482761279,0,30
lot_paper_domain_matched__v1,candidate,projected_js,instruction,reasoning_only,36,128,0.07564525306467355,0.07562726188916713,0.0073144984944798225,0.06199433217989281,0.10988395329331979,0,35
lot_paper_domain_matched__v1,candidate,projected_js,instruction,uncensored_only,36,128,0.07906381792700914,0.07392897814861499,0.019034487726415028,0.043412359824287705,0.1459127920679748,0,1
lot_paper_domain_matched__v1,candidate,projected_js,reasoning,base,36,128,0.06234558467662686,0.0625904089974938,0.005245904566883083,0.044892105186590925,0.07847033248981461,0,35
lot_paper_domain_matched__v1,candidate,projected_js,reasoning,instr_only,36,128,0.059260260454417825,0.059484208628418855,0.007178793487374091,0.03811626569950022,0.09039157791994512,0,35
lot_paper_domain_matched__v1,candidate,projected_js,reasoning,reasoning_only,36,128,0.05347886844578574,0.0540287172771059,0.004065770855482555,0.039923662538058124,0.06105270329862833,0,35
lot_paper_domain_matched__v1,candidate,projected_js,reasoning,uncensored_only,36,128,0.07459735870684704,0.06957663281355053,0.015441973694850043,0.04570598647114821,0.1234028231119737,0,1
lot_paper_domain_matched__v1,candidate,projected_js,uncensored_refusal_like,base,36,128,0.10027433665446653,0.09801211123703979,0.028178202944063455,0.06626626232173294,0.2524417482782155,0,35
lot_paper_domain_matched__v1,candidate,projected_js,uncensored_refusal_like,instr_only,36,128,0.06785608863800816,0.06641365480027162,0.00656778789373124,0.05972659451072104,0.08712767105316743,0,1
lot_paper_domain_matched__v1,candidate,projected_js,uncensored_refusal_like,reasoning_only,36,128,0.10881394334218283,0.10434046141745057,0.01613063232031226,0.09164176578633487,0.18267383141210303,9,35
lot_paper_domain_matched__v1,candidate,projected_js,uncensored_refusal_like,uncensored_only,36,128,0.08947521318785018,0.08175369430682622,0.03221159050840449,0.044072500022593886,0.2115273193048779,0,1
lot_paper_general,candidate,mmd_rbf,general,base,36,128,0.018656389141041372,0.015268062707036734,0.018752701027210716,0.007660984992980957,0.1280166357755661,0,35
lot_paper_general,candidate,mmd_rbf,general,instr_only,36,128,0.012311901366855536,0.01199994282796979,0.0036921474121135354,0.0030494332313537598,0.022726401686668396,0,34
lot_paper_general,candidate,mmd_rbf,general,reasoning_only,36,128,0.019025694734106462,0.017131635919213295,0.011567808107096232,0.01080465316772461,0.08525775372982025,6,35
lot_paper_general,candidate,mmd_rbf,general,uncensored_only,36,128,0.02873601162961374,0.017528975382447243,0.030439676646241864,0.007497870828956366,0.13981294631958008,0,1
lot_paper_general,candidate,mmd_rbf,instruction,base,36,128,0.022500528320152726,0.0218886723741889,0.012531088482205867,0.004865685012191534,0.08881205320358276,0,35
lot_paper_general,candidate,mmd_rbf,instruction,instr_only,36,128,0.014679302881833993,0.013961153570562601,0.005971514157947505,0.0022311389911919832,0.03440204635262489,0,35
lot_paper_general,candidate,mmd_rbf,instruction,reasoning_only,36,128,0.02146264690802329,0.02121281810104847,0.007473533314941497,0.006075245328247547,0.04434635117650032,0,35
lot_paper_general,candidate,mmd_rbf,instruction,uncensored_only,36,128,0.031371196072238185,0.02419561706483364,0.02469169553602801,0.005510738585144281,0.11925037950277328,0,1
lot_paper_general,candidate,mmd_rbf,reasoning,base,36,128,0.016298865401444748,0.01452374691143632,0.013968782053084284,0.0029193416703492403,0.09462195634841919,0,35
lot_paper_general,candidate,mmd_rbf,reasoning,instr_only,36,128,0.009295017497303585,0.009321186225861311,0.003582019903061792,0.0011001259554177523,0.01919429935514927,0,34
lot_paper_general,candidate,mmd_rbf,reasoning,reasoning_only,36,128,0.0166026297568654,0.0154321757145226,0.01120087318726412,0.003924870397895575,0.07768270373344421,0,35
lot_paper_general,candidate,mmd_rbf,reasoning,uncensored_only,36,128,0.01855045172204781,0.013126420322805643,0.013977513126510587,0.002739283489063382,0.06679953634738922,0,2
lot_paper_general,candidate,mmd_rbf,uncensored_refusal_like,base,36,128,0.06329092735217677,0.05794623680412769,0.02669822278260744,0.013231754302978516,0.16966019570827484,0,35
lot_paper_general,candidate,mmd_rbf,uncensored_refusal_like,instr_only,36,128,0.03875095668869714,0.03512580506503582,0.019819542386675344,0.006211441941559315,0.12191832065582275,0,35
lot_paper_general,candidate,mmd_rbf,uncensored_refusal_like,reasoning_only,36,128,0.04350700125926071,0.039986010640859604,0.014926219565076454,0.018945802003145218,0.07464966177940369,0,34
lot_paper_general,candidate,mmd_rbf,uncensored_refusal_like,uncensored_only,36,128,0.07249158589790265,0.05856436863541603,0.04406510089864432,0.014020919799804688,0.215765580534935,0,1
lot_paper_general,candidate,projected_js,general,base,36,128,0.06873754092076625,0.06705475448688958,0.014898057685533247,0.047409749327925965,0.15198643563780934,0,35
lot_paper_general,candidate,projected_js,general,instr_only,36,128,0.06260241342129626,0.0655631190747954,0.0084838935076008,0.03029207151848823,0.07273090159287676,0,21
lot_paper_general,candidate,projected_js,general,reasoning_only,36,128,0.06940690247413134,0.06837744459335227,0.009135905004478057,0.058277139120036736,0.11901288252556697,0,35
lot_paper_general,candidate,projected_js,general,uncensored_only,36,128,0.07678999927035572,0.06942231289576739,0.020480018477467405,0.042410403504618444,0.1556832068017684,0,1
lot_paper_general,candidate,projected_js,instruction,base,36,128,0.07657545608203185,0.07750036034849472,0.012509920083580095,0.05031854720436968,0.13539742270950228,0,35
lot_paper_general,candidate,projected_js,instruction,instr_only,36,128,0.06942137618514405,0.07330184601596557,0.01013836410654524,0.035417966173554305,0.08746156323468313,0,35
lot_paper_general,candidate,projected_js,instruction,reasoning_only,36,128,0.07632638914947165,0.07706146416603588,0.007885716443253891,0.05677508591907099,0.08934832963859662,0,35
lot_paper_general,candidate,projected_js,instruction,uncensored_only,36,128,0.08426508235990898,0.07961592082574498,0.017192316048554514,0.05035394290462136,0.14743767236359417,0,1
lot_paper_general,candidate,projected_js,reasoning,base,36,128,0.0680347425699842,0.06756744095764589,0.013014579753983208,0.04529988902504556,0.13304244249593467,0,35
lot_paper_general,candidate,projected_js,reasoning,instr_only,36,128,0.0608940548178604,0.0636089028121205,0.008142262725677734,0.03207116563862655,0.07160306652076542,0,34
lot_paper_general,candidate,projected_js,reasoning,reasoning_only,36,128,0.06897006364063903,0.0700221057923045,0.010480937359876595,0.046028721873881295,0.11982189089758322,0,35
lot_paper_general,candidate,projected_js,reasoning,uncensored_only,36,128,0.07073804194604033,0.06811303614813369,0.010634774586405138,0.038226232849410735,0.10054064381984062,0,1
lot_paper_general,candidate,projected_js,uncensored_refusal_like,base,36,128,0.11009558573762963,0.10599246402853169,0.020927100489182802,0.06252482984564267,0.1868742426740937,0,35
lot_paper_general,candidate,projected_js,uncensored_refusal_like,instr_only,36,128,0.09018030231082877,0.09079557782388292,0.01764804782931101,0.04621097091876436,0.16104605852160603,0,35
lot_paper_general,candidate,projected_js,uncensored_refusal_like,reasoning_only,36,128,0.09549546069562591,0.09060467765084468,0.013307467932364427,0.07948322335141711,0.12483998719835654,6,30
lot_paper_general,candidate,projected_js,uncensored_refusal_like,uncensored_only,36,128,0.11760969588956666,0.10990634799236432,0.034846461095915805,0.06542340820305981,0.24324188521131873,0,1
lot_paper_general__v1,candidate,mmd_rbf,general,base,36,128,0.012104991965720223,0.009321440476924181,0.012258364086256567,0.006282656919211149,0.08268915861845016,31,35
lot_paper_general__v1,candidate,mmd_rbf,general,instr_only,36,128,0.006319835018883977,0.00599001650698483,0.0030637949740020495,0.002996933413669467,0.022569967433810234,0,35
lot_paper_general__v1,candidate,mmd_rbf,general,reasoning_only,36,128,0.009851660074976584,0.007850362220779061,0.0066038145327117406,0.005619200412184,0.04235703870654106,32,35
lot_paper_general__v1,candidate,mmd_rbf,general,uncensored_only,36,128,0.0263783572267534,0.013008023146539927,0.033797998537798773,0.006882119458168745,0.15111450850963593,0,1
lot_paper_general__v1,candidate,mmd_rbf,instruction,base,36,128,0.013401237381104793,0.011844557709991932,0.007625292143555074,0.004467064049094915,0.055887144058942795,0,35
lot_paper_general__v1,candidate,mmd_rbf,instruction,instr_only,36,128,0.009190350512249602,0.008623358327895403,0.004724100398909604,0.0020693750120699406,0.03345947340130806,0,35
lot_paper_general__v1,candidate,mmd_rbf,instruction,reasoning_only,36,128,0.010144333976010481,0.009637456852942705,0.002157090829226848,0.005482804961502552,0.020735062658786774,0,35
lot_paper_general__v1,candidate,mmd_rbf,instruction,uncensored_only,36,128,0.028468867130060162,0.018583165481686592,0.027319125632645925,0.006221178453415632,0.12468736618757248,0,1
lot_paper_general__v1,candidate,mmd_rbf,reasoning,base,36,128,0.008133244946495526,0.0058331897016614676,0.010528989615862603,0.0026743398047983646,0.06973525136709213,0,35
lot_paper_general__v1,candidate,mmd_rbf,reasoning,instr_only,36,128,0.004555098845028422,0.004486305406317115,0.001474383003808458,0.0010931015713140368,0.009820776991546154,0,35
lot_paper_general__v1,candidate,mmd_rbf,reasoning,reasoning_only,36,128,0.009124036238063127,0.0076617407612502575,0.007883416095376471,0.00384065811522305,0.05494513735175133,0,35
lot_paper_general__v1,candidate,mmd_rbf,reasoning,uncensored_only,36,128,0.016466327470779005,0.010907795745879412,0.016253164463537605,0.0029571473132818937,0.07277861982584,0,1
lot_paper_general__v1,candidate,mmd_rbf,uncensored_refusal_like,base,36,128,0.04150970355193648,0.041799964383244514,0.014398277633901443,0.012722832150757313,0.104669950902462,0,35
lot_paper_general__v1,candidate,mmd_rbf,uncensored_refusal_like,instr_only,36,128,0.027028660639189184,0.024090329185128212,0.016915441539431288,0.006114769261330366,0.11023002117872238,0,35
lot_paper_general__v1,candidate,mmd_rbf,uncensored_refusal_like,reasoning_only,36,128,0.02477212871114413,0.024371223524212837,0.00501630284991307,0.017143867909908295,0.03949698433279991,9,35
lot_paper_general__v1,candidate,mmd_rbf,uncensored_refusal_like,uncensored_only,36,128,0.06982830898939735,0.05717989057302475,0.047511591427889244,0.014260577969253063,0.22182849049568176,0,1
lot_paper_general__v1,candidate,projected_js,general,base,36,128,0.06215527803902256,0.060438396452809684,0.010983026399743356,0.047426526667550206,0.12270596716552973,0,35
lot_paper_general__v1,candidate,projected_js,general,instr_only,36,128,0.05551607465450717,0.05652083001041319,0.005757729891529769,0.032251533048111014,0.06811913230922073,0,35
lot_paper_general__v1,candidate,projected_js,general,reasoning_only,36,128,0.061305017876697496,0.0605985913425684,0.004842029268912763,0.05656665575224906,0.084723423817195,27,35
lot_paper_general__v1,candidate,projected_js,general,uncensored_only,36,128,0.07462936503159451,0.06719432141107973,0.02317501287396955,0.0409629980858881,0.16427307500271127,0,1
lot_paper_general__v1,candidate,projected_js,instruction,base,36,128,0.0674262703153848,0.06665515596978366,0.00878981536303257,0.046491362823871896,0.10946608713129535,0,35
lot_paper_general__v1,candidate,projected_js,instruction,instr_only,36,128,0.06450689408585378,0.06538320900290273,0.008328023077247058,0.039318659517448395,0.08881018677493557,0,35
lot_paper_general__v1,candidate,projected_js,instruction,reasoning_only,36,128,0.06664981566306476,0.067339297842409,0.003733979129249907,0.0536069946247153,0.07406824151985347,0,35
lot_paper_general__v1,candidate,projected_js,instruction,uncensored_only,36,128,0.08173605498288655,0.07605164423875976,0.01967848377848079,0.05101245455443859,0.15284343593521044,0,1
lot_paper_general__v1,candidate,projected_js,reasoning,base,36,128,0.05860722813385008,0.05718238813278731,0.01070794327052794,0.042214501459966414,0.11741542076924816,0,35
lot_paper_general__v1,candidate,projected_js,reasoning,instr_only,36,128,0.053696218389328955,0.05511552873940673,0.005155707923575445,0.03477720468072221,0.061740444507449865,0,27
lot_paper_general__v1,candidate,projected_js,reasoning,reasoning_only,36,128,0.062234155731857754,0.061371698291623034,0.008038958155077547,0.046256481466116384,0.10400355199817568,0,35
lot_paper_general__v1,candidate,projected_js,reasoning,uncensored_only,36,128,0.06815627886842573,0.06502673096838407,0.012860084804195258,0.03868017243803479,0.11017226538388059,0,1
lot_paper_general__v1,candidate,projected_js,uncensored_refusal_like,base,36,128,0.09164246014713878,0.09143818647135049,0.011845558305006314,0.062217985396273434,0.13681131752673537,0,35
lot_paper_general__v1,candidate,projected_js,uncensored_refusal_like,instr_only,36,128,0.0816842651523378,0.0784507971839048,0.017881817469837667,0.04886224484653212,0.16263224952854216,0,35
lot_paper_general__v1,candidate,projected_js,uncensored_refusal_like,reasoning_only,36,128,0.07971384609764856,0.0783190104411915,0.005928301795901268,0.07012870570179075,0.09697976044844836,19,5
lot_paper_general__v1,candidate,projected_js,uncensored_refusal_like,uncensored_only,36,128,0.11421394277163523,0.10922146198572591,0.03853273288285042,0.06615585193503648,0.24619539271225221,0,1
lot_paper_instruction,candidate,mmd_rbf,general,base,36,128,0.014561831834726036,0.011398345697671175,0.0172310402656771,0.0075244964100420475,0.11524388939142227,0,35
lot_paper_instruction,candidate,mmd_rbf,general,instr_only,36,128,0.0059202743254395,0.005634963978081942,0.0016909320860248624,0.002859568689018488,0.012099402956664562,0,1
lot_paper_instruction,candidate,mmd_rbf,general,reasoning_only,36,128,0.014081395929679275,0.011396803893148899,0.010452736026135218,0.008997290395200253,0.0720667839050293,9,35
lot_paper_instruction,candidate,mmd_rbf,general,uncensored_only,36,128,0.026097746501262818,0.01449329312890768,0.030594877090564205,0.007264262530952692,0.13849091529846191,0,1
lot_paper_instruction,candidate,mmd_rbf,instruction,base,36,128,0.01810166673062162,0.015398585237562656,0.013126014367091047,0.004594036843627691,0.09242219477891922,0,35
lot_paper_instruction,candidate,mmd_rbf,instruction,instr_only,36,128,0.006039615406835865,0.005829317262396216,0.0013758874452293893,0.00194102234672755,0.010880912654101849,0,35
lot_paper_instruction,candidate,mmd_rbf,instruction,reasoning_only,36,128,0.015274426731694903,0.014998740050941706,0.005764929227194914,0.006404316518455744,0.04600127413868904,0,35
lot_paper_instruction,candidate,mmd_rbf,instruction,uncensored_only,36,128,0.027933499530061252,0.019582854583859444,0.024141377608859947,0.005090761464089155,0.11351513862609863,0,1
lot_paper_instruction,candidate,mmd_rbf,reasoning,base,36,128,0.012025362508009292,0.009226161986589432,0.015614256467562681,0.0028953494038432837,0.10350942611694336,0,35
lot_paper_instruction,candidate,mmd_rbf,reasoning,instr_only,36,128,0.0038420157668749904,0.003919344278983772,0.0009397864969889403,0.0010352194076403975,0.00640754122287035,0,1
lot_paper_instruction,candidate,mmd_rbf,reasoning,reasoning_only,36,128,0.012345106017568873,0.009956148453056812,0.012831069408339967,0.004090753383934498,0.08727134764194489,0,35
lot_paper_instruction,candidate,mmd_rbf,reasoning,uncensored_only,36,128,0.01586115481849346,0.010954314842820168,0.014393610962991714,0.002658739686012268,0.06552603095769882,0,2
lot_paper_instruction,candidate,mmd_rbf,uncensored_refusal_like,base,36,128,0.052641465276893645,0.050534410402178764,0.02433290767632497,0.012921715155243874,0.1719578206539154,0,35
lot_paper_instruction,candidate,mmd_rbf,uncensored_refusal_like,instr_only,36,128,0.017170665591644745,0.016410726122558117,0.005417237951721707,0.0057357787154614925,0.04529137164354324,0,35
lot_paper_instruction,candidate,mmd_rbf,uncensored_refusal_like,reasoning_only,36,128,0.03221227787435055,0.031774718314409256,0.010600490122230317,0.01801072619855404,0.08087893575429916,9,35
lot_paper_instruction,candidate,mmd_rbf,uncensored_refusal_like,uncensored_only,36,128,0.06738814835747083,0.05881457030773163,0.0420331586895799,0.01341259479522705,0.20610833168029785,0,1
lot_paper_instruction,candidate,projected_js,general,base,36,128,0.06524428867325899,0.06273786086239852,0.015064067092339513,0.048168567212997004,0.15078821952920407,0,35
lot_paper_instruction,candidate,projected_js,general,instr_only,36,128,0.05599680959009371,0.05750418493698817,0.006199264280294919,0.028891526118968613,0.06294570548925549,0,19
lot_paper_instruction,candidate,projected_js,general,reasoning_only,36,128,0.06651700527840552,0.06459276561508887,0.008593600767862261,0.05817896913504228,0.11391257733339444,0,35
lot_paper_instruction,candidate,projected_js,general,uncensored_only,36,128,0.07519259054040756,0.06813451417838223,0.02126038135316175,0.041873437745380215,0.1574995925766416,0,1
lot_paper_instruction,candidate,projected_js,instruction,base,36,128,0.07336998370252938,0.07227684071403928,0.013824734378260612,0.047621342208003625,0.14479670487344265,0,35
lot_paper_instruction,candidate,projected_js,instruction,instr_only,36,128,0.05965223358281138,0.06141779653262347,0.006377549869616197,0.032289358670823276,0.0669632563367486,0,11
lot_paper_instruction,candidate,projected_js,instruction,reasoning_only,36,128,0.07200167466766692,0.07231377443531528,0.007137432093038164,0.053717418981250376,0.09992653143126518,0,35
lot_paper_instruction,candidate,projected_js,instruction,uncensored_only,36,128,0.08158721662483812,0.07730247202562168,0.01688192864949009,0.04472889374301303,0.1409807032905519,0,1
lot_paper_instruction,candidate,projected_js,reasoning,base,36,128,0.06389807259296908,0.062343392783077434,0.0139853020200627,0.04551938417716883,0.14179203769890592,0,35
lot_paper_instruction,candidate,projected_js,reasoning,instr_only,36,128,0.05444197836065238,0.055825028466642834,0.005558618322168603,0.031396070509799756,0.06294439703924581,0,13
lot_paper_instruction,candidate,projected_js,reasoning,reasoning_only,36,128,0.0653126666463019,0.06438776291906834,0.011324416407232973,0.04764012203668244,0.12845601286971942,0,35
lot_paper_instruction,candidate,projected_js,reasoning,uncensored_only,36,128,0.06779372965926693,0.06497363952803425,0.011328160539307163,0.03660931528429501,0.10012362390989438,0,1
lot_paper_instruction,candidate,projected_js,uncensored_refusal_like,base,36,128,0.10128198121916891,0.0983051390358014,0.02102544560030854,0.061011175625026226,0.20359880733303726,0,35
lot_paper_instruction,candidate,projected_js,uncensored_refusal_like,instr_only,36,128,0.07128394763033914,0.07168254346470349,0.00695346790858454,0.04574195155873895,0.09891460236394778,0,35
lot_paper_instruction,candidate,projected_js,uncensored_refusal_like,reasoning_only,36,128,0.08703973991214298,0.08463430925621651,0.01126981996033674,0.07392962209996767,0.13052103394875303,17,35
lot_paper_instruction,candidate,projected_js,uncensored_refusal_like,uncensored_only,36,128,0.11196366694316061,0.10720598604530096,0.03381110156578333,0.06419264065334573,0.23225602123420686,0,1
lot_paper_instruction__v1,candidate,mmd_rbf,general,base,36,128,0.011906340394893454,0.008300338871777058,0.015652503669972923,0.005838983692228794,0.10292335599660873,31,35
lot_paper_instruction__v1,candidate,mmd_rbf,general,instr_only,36,128,0.0070066360963715445,0.007139183580875397,0.0019406833669915694,0.0032519102096557617,0.013948934152722359,0,35
lot_paper_instruction__v1,candidate,mmd_rbf,general,reasoning_only,36,128,0.01153993838104523,0.009006138890981674,0.009176005973621356,0.0068160155788064,0.061014678329229355,27,35
lot_paper_instruction__v1,candidate,mmd_rbf,general,uncensored_only,36,128,0.02479449115020947,0.011946865357458591,0.03271046856142983,0.006922829430550337,0.14542745053768158,0,1
lot_paper_instruction__v1,candidate,mmd_rbf,instruction,base,36,128,0.015380798541526828,0.013371576089411974,0.010042354005910605,0.004510933067649603,0.07135216146707535,0,35
lot_paper_instruction__v1,candidate,mmd_rbf,instruction,instr_only,36,128,0.007220707904909634,0.006946697365492582,0.0032002508530878234,0.0021281063091009855,0.023503413423895836,0,35
lot_paper_instruction__v1,candidate,mmd_rbf,instruction,reasoning_only,36,128,0.011293785724168023,0.010662196669727564,0.0029516854668597747,0.006419000215828419,0.026521185413002968,0,35
lot_paper_instruction__v1,candidate,mmd_rbf,instruction,uncensored_only,36,128,0.026517827102604013,0.01644705794751644,0.02691590789942446,0.005069929640740156,0.12020285427570343,0,1
lot_paper_instruction__v1,candidate,mmd_rbf,reasoning,base,36,128,0.008837130916718807,0.005962586961686611,0.014227186022287404,0.002653940115123987,0.09243170917034149,0,35
lot_paper_instruction__v1,candidate,mmd_rbf,reasoning,instr_only,36,128,0.004405137820867822,0.004437195369973779,0.0012117592156548475,0.0012164771324023604,0.006508200895041227,0,2
lot_paper_instruction__v1,candidate,mmd_rbf,reasoning,reasoning_only,36,128,0.011105285323638883,0.008794508874416351,0.011348654781034301,0.004048025701195002,0.07729355245828629,0,35
lot_paper_instruction__v1,candidate,mmd_rbf,reasoning,uncensored_only,36,128,0.015087233131958378,0.00996217830106616,0.01448005216068812,0.0027655125595629215,0.06459175795316696,0,1
lot_paper_instruction__v1,candidate,mmd_rbf,uncensored_refusal_like,base,36,128,0.046146077285003334,0.04531380161643028,0.021768234574244122,0.012586629949510098,0.15121546387672424,0,35
lot_paper_instruction__v1,candidate,mmd_rbf,uncensored_refusal_like,instr_only,36,128,0.02084343373361561,0.017660061828792095,0.01277664306833155,0.006651133298873901,0.08442654460668564,0,35
lot_paper_instruction__v1,candidate,mmd_rbf,uncensored_refusal_like,reasoning_only,36,128,0.025928132339484163,0.025586565025150776,0.0046928407580047885,0.019650308415293694,0.04480169340968132,9,35
lot_paper_instruction__v1,candidate,mmd_rbf,uncensored_refusal_like,uncensored_only,36,128,0.06396762198872036,0.05189447104930878,0.0465315017631347,0.013151943683624268,0.21484871208667755,0,1
lot_paper_instruction__v1,candidate,projected_js,general,base,36,128,0.061699743896800406,0.05978225820581429,0.0142738412692558,0.044166160630993545,0.14279370417352766,0,35
lot_paper_instruction__v1,candidate,projected_js,general,instr_only,36,128,0.05730541815096836,0.05889126948022749,0.005590246629997794,0.03533732249343302,0.06451920192921534,0,27
lot_paper_instruction__v1,candidate,projected_js,general,reasoning_only,36,128,0.06367868396531169,0.0611437123734504,0.007211988570408127,0.05636133812367916,0.10157741024158895,31,35
lot_paper_instruction__v1,candidate,projected_js,general,uncensored_only,36,128,0.073603616251704,0.06550589852849953,0.0230241967820378,0.04362132838286925,0.16193487544660456,0,1
lot_paper_instruction__v1,candidate,projected_js,instruction,base,36,128,0.06967772119080312,0.06829411545186304,0.011664949362485412,0.04835398888099007,0.1292749864514917,0,35
lot_paper_instruction__v1,candidate,projected_js,instruction,instr_only,36,128,0.062069702477553314,0.06381177286675666,0.006802733836963294,0.038763764314353466,0.07874974538572133,0,35
lot_paper_instruction__v1,candidate,projected_js,instruction,reasoning_only,36,128,0.06807669871017828,0.06803882731765043,0.0038534478979016765,0.0568627956090495,0.07900547154713422,0,35
lot_paper_instruction__v1,candidate,projected_js,instruction,uncensored_only,36,128,0.08018713942631923,0.07493128487840295,0.019033701927583763,0.04887214579503052,0.1484872504370287,0,1
lot_paper_instruction__v1,candidate,projected_js,reasoning,base,36,128,0.059500618127963714,0.05772006402548868,0.01374086087513746,0.04072287895542104,0.13646211300510913,0,35
lot_paper_instruction__v1,candidate,projected_js,reasoning,instr_only,36,128,0.05503533458451986,0.05673342109366786,0.005070648096457605,0.03467030824685935,0.06336543773068115,0,29
lot_paper_instruction__v1,candidate,projected_js,reasoning,reasoning_only,36,128,0.06463424180805709,0.06293010979425162,0.010698440093208101,0.049763694347348064,0.12517613649833947,0,35
lot_paper_instruction__v1,candidate,projected_js,reasoning,uncensored_only,36,128,0.0672984356222312,0.06404070326243527,0.011398926897660139,0.041326883976580575,0.10245500769815408,0,1
lot_paper_instruction__v1,candidate,projected_js,uncensored_refusal_like,base,36,128,0.09436367367500982,0.09319320772192441,0.01856970272213408,0.06073846819344908,0.1852343279751949,0,35
lot_paper_instruction__v1,candidate,projected_js,uncensored_refusal_like,instr_only,36,128,0.07558907696107377,0.07225259927508887,0.013513420181491952,0.05273215856868774,0.13415460515534505,0,35
lot_paper_instruction__v1,candidate,projected_js,uncensored_refusal_like,reasoning_only,36,128,0.08203512461396814,0.07996691421431024,0.005657873756863295,0.07459222665056586,0.09936024408671074,34,5
lot_paper_instruction__v1,candidate,projected_js,uncensored_refusal_like,uncensored_only,36,128,0.10850537285942766,0.10083627034327947,0.03796409882683476,0.06622506750863977,0.2388082662364468,0,1
lot_paper_mix,candidate,mmd_rbf,general,base,36,128,0.013165723209062384,0.01100138109177351,0.012787010464666503,0.006676691118627787,0.08696813881397247,31,35
lot_paper_mix,candidate,mmd_rbf,general,instr_only,36,128,0.0064156218043838935,0.005675938446074724,0.00285610213926547,0.0029424428939819336,0.020590173080563545,0,35
lot_paper_mix,candidate,mmd_rbf,general,reasoning_only,36,128,0.011520775798190799,0.009597746189683676,0.006864836377641488,0.007376010064035654,0.046546634286642075,32,35
lot_paper_mix,candidate,mmd_rbf,general,uncensored_only,36,128,0.02694517546074672,0.014544357545673847,0.031924046852774356,0.007380372378975153,0.14355681836605072,0,1
lot_paper_mix,candidate,mmd_rbf,instruction,base,36,128,0.016659143704196647,0.014770461712032557,0.011104425678770605,0.0046340408734977245,0.07950153201818466,0,35
lot_paper_mix,candidate,mmd_rbf,instruction,instr_only,36,128,0.006205794356194221,0.005604445701465011,0.0022893082840666273,0.0020540745463222265,0.01810181513428688,0,35
lot_paper_mix,candidate,mmd_rbf,instruction,reasoning_only,36,128,0.014571192144002352,0.0143121974542737,0.004007343861820268,0.00630744406953454,0.03428393229842186,0,35
lot_paper_mix,candidate,mmd_rbf,instruction,uncensored_only,36,128,0.026843020123326115,0.017883040942251682,0.024751434742064746,0.005194127559661865,0.11471249908208847,0,1
lot_paper_mix,candidate,mmd_rbf,reasoning,base,36,128,0.010550998002549427,0.009062197059392929,0.009651678133613211,0.00294472579844296,0.0667388066649437,0,35
lot_paper_mix,candidate,mmd_rbf,reasoning,instr_only,36,128,0.0037422416725247684,0.003550979308784008,0.001359008754580116,0.0011041135294362903,0.009865336120128632,0,35
lot_paper_mix,candidate,mmd_rbf,reasoning,reasoning_only,36,128,0.009214228879298188,0.008488290943205357,0.007052044667336158,0.0038762360345572233,0.049719374626874924,0,35
lot_paper_mix,candidate,mmd_rbf,reasoning,uncensored_only,36,128,0.016711958988000535,0.01088919909670949,0.015938883349106387,0.0027656794991344213,0.07151507586240768,0,2
lot_paper_mix,candidate,mmd_rbf,uncensored_refusal_like,base,36,128,0.050293410688431725,0.04855831898748875,0.02327127832995656,0.012866235338151455,0.16985361278057098,0,35
lot_paper_mix,candidate,mmd_rbf,uncensored_refusal_like,instr_only,36,128,0.016788294681140944,0.015431149397045374,0.006631861238824077,0.005787646863609552,0.05072667822241783,0,35
lot_paper_mix,candidate,mmd_rbf,uncensored_refusal_like,reasoning_only,36,128,0.0312352422107425,0.03146805614233017,0.008122388658565025,0.019383717328310013,0.07106056809425354,8,35
lot_paper_mix,candidate,mmd_rbf,uncensored_refusal_like,uncensored_only,36,128,0.062710469821468,0.05252532474696636,0.041438406994541564,0.013398396782577038,0.1982676088809967,0,1
lot_paper_mix,candidate,projected_js,general,base,36,128,0.06413183418852794,0.062419003661489114,0.010946606608489222,0.047560261795297265,0.1250385397579521,0,35
lot_paper_mix,candidate,projected_js,general,instr_only,36,128,0.05606491281368006,0.057383444931474514,0.00630567899556938,0.02854254400881473,0.06475278665311635,0,35
lot_paper_mix,candidate,projected_js,general,reasoning_only,36,128,0.06364980584112345,0.06245039321947843,0.005769435640968759,0.05874014153960161,0.09303337486926466,30,35
lot_paper_mix,candidate,projected_js,general,uncensored_only,36,128,0.07521682066645655,0.06812781115877442,0.02156331770259032,0.04248054286290426,0.15949018055107445,0,1
lot_paper_mix,candidate,projected_js,instruction,base,36,128,0.07209656287644368,0.07095316983759403,0.012199715914804005,0.04825891740620136,0.13490220677340403,0,35
lot_paper_mix,candidate,projected_js,instruction,instr_only,36,128,0.06026425307694202,0.06195849426148925,0.00610708994502452,0.03445065411506221,0.07125680614262819,0,35
lot_paper_mix,candidate,projected_js,instruction,reasoning_only,36,128,0.07133068251197175,0.0714153555163648,0.0050337651965290985,0.05696464126231149,0.08736465719994158,0,35
lot_paper_mix,candidate,projected_js,instruction,uncensored_only,36,128,0.08058459750463953,0.07543704440467991,0.017486191925639546,0.04622097982792184,0.14444960467517376,0,1
lot_paper_mix,candidate,projected_js,reasoning,base,36,128,0.0624245288054226,0.06212632650567684,0.00941427731524425,0.044814454624429345,0.11102860327810049,0,35
lot_paper_mix,candidate,projected_js,reasoning,instr_only,36,128,0.05392665967358173,0.05597362831758801,0.005393213549905449,0.03239060357736889,0.05976226838538423,0,17
lot_paper_mix,candidate,projected_js,reasoning,reasoning_only,36,128,0.062172249475325875,0.061915476515423506,0.006778529619090281,0.04612068764981814,0.09704776963917539,0,35
lot_paper_mix,candidate,projected_js,reasoning,uncensored_only,36,128,0.06873126387573494,0.06495401111897081,0.012492275450503892,0.03709547335165553,0.1062873427872546,0,2
lot_paper_mix,candidate,projected_js,uncensored_refusal_like,base,36,128,0.09862080790561675,0.09637528861640021,0.020537393579747543,0.061382669024169445,0.20242757187224925,0,35
lot_paper_mix,candidate,projected_js,uncensored_refusal_like,instr_only,36,128,0.07149953100249856,0.07112062424130272,0.00809402926844755,0.04706572495342698,0.10499275894835591,0,35
lot_paper_mix,candidate,projected_js,uncensored_refusal_like,reasoning_only,36,128,0.08570521387769582,0.08341874615871347,0.008505307845701516,0.07386999618029222,0.12267879612045363,17,35
lot_paper_mix,candidate,projected_js,uncensored_refusal_like,uncensored_only,36,128,0.10773889724360844,0.10279314441140741,0.03404180342878361,0.06255442563269753,0.22964200456044637,0,1
lot_paper_mix__v1,candidate,mmd_rbf,general,base,36,128,0.012269093603309657,0.009167059324681759,0.012701766842638811,0.0064545199275016785,0.08514746278524399,31,35
lot_paper_mix__v1,candidate,mmd_rbf,general,instr_only,36,128,0.006830891982341806,0.006485023768618703,0.003040096875872368,0.003353118896484375,0.02135588228702545,0,35
lot_paper_mix__v1,candidate,mmd_rbf,general,reasoning_only,36,128,0.010145081543467112,0.007945474702864885,0.00717042362622088,0.00559897581115365,0.044483233243227005,32,35
lot_paper_mix__v1,candidate,mmd_rbf,general,uncensored_only,36,128,0.025813349936571386,0.01300931116566062,0.03226650914380961,0.005970967002213001,0.14283855259418488,0,1
lot_paper_mix__v1,candidate,mmd_rbf,instruction,base,36,128,0.01529231007831792,0.013472294434905052,0.009737761425235879,0.004438159056007862,0.06950370222330093,0,35
lot_paper_mix__v1,candidate,mmd_rbf,instruction,instr_only,36,128,0.007826429060919004,0.0074752517975866795,0.003306318672595547,0.002083155559375882,0.02409236691892147,0,35
lot_paper_mix__v1,candidate,mmd_rbf,instruction,reasoning_only,36,128,0.010708265213502778,0.009910421445965767,0.0030614141765950855,0.006098762154579163,0.026729954406619072,0,35
lot_paper_mix__v1,candidate,mmd_rbf,instruction,uncensored_only,36,128,0.02681875424200876,0.016917004249989986,0.026472565843997504,0.005376389715820551,0.11820836365222931,0,1
lot_paper_mix__v1,candidate,mmd_rbf,reasoning,base,36,128,0.008971000834005989,0.0069845388643443584,0.009625645105488313,0.0028441965114325285,0.06500593572854996,0,35
lot_paper_mix__v1,candidate,mmd_rbf,reasoning,instr_only,36,128,0.004167365602269355,0.00407283753156662,0.001463993764899905,0.0012463927268981934,0.010688782669603825,0,35
lot_paper_mix__v1,candidate,mmd_rbf,reasoning,reasoning_only,36,128,0.008602013811469078,0.007349443854764104,0.007074686979192024,0.004215470049530268,0.04904291033744812,0,35
lot_paper_mix__v1,candidate,mmd_rbf,reasoning,uncensored_only,36,128,0.01563648000592366,0.010413270443677902,0.014891624698029304,0.00242062215693295,0.06620128452777863,0,2
lot_paper_mix__v1,candidate,mmd_rbf,uncensored_refusal_like,base,36,128,0.04847121274926596,0.04806229658424854,0.02121990291316815,0.012672752141952515,0.14718055725097656,0,35
lot_paper_mix__v1,candidate,mmd_rbf,uncensored_refusal_like,instr_only,36,128,0.021056165595331952,0.01799112558364868,0.012147806662240664,0.006316238548606634,0.07955974340438843,0,35
lot_paper_mix__v1,candidate,mmd_rbf,uncensored_refusal_like,reasoning_only,36,128,0.024130940644277468,0.02305677253752947,0.005163125499646957,0.017843177542090416,0.04669531434774399,9,35
lot_paper_mix__v1,candidate,mmd_rbf,uncensored_refusal_like,uncensored_only,36,128,0.06252705541232394,0.05050617270171642,0.046294345430287126,0.012708949856460094,0.21214799582958221,0,1
lot_paper_mix__v1,candidate,projected_js,general,base,36,128,0.0620346693617143,0.060189010633621365,0.011501160692528902,0.04570915413205512,0.12563806271646172,0,35
lot_paper_mix__v1,candidate,projected_js,general,instr_only,36,128,0.05725910366486965,0.05780938327370677,0.0055400300268629256,0.0355514096445404,0.06859816325595602,0,35
lot_paper_mix__v1,candidate,projected_js,general,reasoning_only,36,128,0.06177281490494756,0.06067594175692648,0.005662232918847934,0.05495382804656401,0.08829034300288185,10,35
lot_paper_mix__v1,candidate,projected_js,general,uncensored_only,36,128,0.07408289694770549,0.06606901210034266,0.022547628469035887,0.04143875534646213,0.15996102994540706,0,1
lot_paper_mix__v1,candidate,projected_js,instruction,base,36,128,0.06960634806940409,0.06791678807348944,0.011498512596825066,0.04823359681176953,0.1290310458280146,0,35
lot_paper_mix__v1,candidate,projected_js,instruction,instr_only,36,128,0.06288340347317797,0.06399633089313284,0.006758221469553451,0.03948452410986647,0.08076485560741276,0,35
lot_paper_mix__v1,candidate,projected_js,instruction,reasoning_only,36,128,0.06729559436805882,0.06772465602261946,0.004097937425846133,0.055363961844705045,0.08018257073126733,0,35
lot_paper_mix__v1,candidate,projected_js,instruction,uncensored_only,36,128,0.0803023404118398,0.07529315131250769,0.018722552056241563,0.05098196445032954,0.14638649875996634,0,1
lot_paper_mix__v1,candidate,projected_js,reasoning,base,36,128,0.06006467145359946,0.059756912392913364,0.009590988295908688,0.04252535809064284,0.11093886650633067,0,35
lot_paper_mix__v1,candidate,projected_js,reasoning,instr_only,36,128,0.053494059894647866,0.05474478559335694,0.004893673329715341,0.03334171333699487,0.061663024011068046,0,35
lot_paper_mix__v1,candidate,projected_js,reasoning,reasoning_only,36,128,0.06228095316328108,0.06180461434996687,0.007115649392083339,0.049261805455898866,0.10086333274375647,0,35
lot_paper_mix__v1,candidate,projected_js,reasoning,uncensored_only,36,128,0.06817302196375546,0.06594414215942379,0.011742374620365537,0.036521225949400105,0.10326055761834141,0,1
lot_paper_mix__v1,candidate,projected_js,uncensored_refusal_like,base,36,128,0.09635205676264984,0.09545318136224523,0.018179893548100224,0.06020427876501344,0.18085473479004577,0,35
lot_paper_mix__v1,candidate,projected_js,uncensored_refusal_like,instr_only,36,128,0.07534166477327947,0.07165347710542846,0.012641226428402964,0.048957739301840775,0.1273878415231593,0,35
lot_paper_mix__v1,candidate,projected_js,uncensored_refusal_like,reasoning_only,36,128,0.08023058752668374,0.07923114552977495,0.006052555064660898,0.0722805360564962,0.09786998602794483,25,5
lot_paper_mix__v1,candidate,projected_js,uncensored_refusal_like,uncensored_only,36,128,0.10756766312988475,0.0989843029237818,0.03764790443678945,0.06308314637863077,0.2380892443470657,0,1
lot_paper_reasoning,candidate,mmd_rbf,general,base,36,128,0.015278312416436771,0.01300458936020732,0.012381354583468653,0.007592970039695501,0.08695933222770691,0,35
lot_paper_reasoning,candidate,mmd_rbf,general,instr_only,36,128,0.008642915261185003,0.007797709200531244,0.004533500088104172,0.0030047595500946045,0.03325965628027916,0,35
lot_paper_reasoning,candidate,mmd_rbf,general,reasoning_only,36,128,0.015713750203657482,0.015195420011878014,0.005567401103807683,0.010123052634298801,0.0464860163629055,8,35
lot_paper_reasoning,candidate,mmd_rbf,general,uncensored_only,36,128,0.02939646295271814,0.015771386213600636,0.033814576663180135,0.007449030876159668,0.15361227095127106,0,1
lot_paper_reasoning,candidate,mmd_rbf,instruction,base,36,128,0.01827830306461288,0.017649026587605476,0.009277639484966037,0.00479754526168108,0.067891925573349,0,35
lot_paper_reasoning,candidate,mmd_rbf,instruction,instr_only,36,128,0.011076511110230867,0.010313544422388077,0.00628568589322502,0.0021805583965033293,0.04422295093536377,0,35
lot_paper_reasoning,candidate,mmd_rbf,instruction,reasoning_only,36,128,0.016456339818735916,0.017329995520412922,0.003926403659180508,0.006160181947052479,0.02481130324304104,0,35
lot_paper_reasoning,candidate,mmd_rbf,instruction,uncensored_only,36,128,0.030923635297868814,0.022265772335231304,0.02640846620653267,0.005436289589852095,0.12478693574666977,0,1
lot_paper_reasoning,candidate,mmd_rbf,reasoning,base,36,128,0.01253710930985916,0.011360931675881147,0.008503484000889816,0.0029405595269054174,0.05991018936038017,0,35
lot_paper_reasoning,candidate,mmd_rbf,reasoning,instr_only,36,128,0.006201851799333882,0.005425137933343649,0.00372726053345998,0.0010944426758214831,0.025318054482340813,0,35
lot_paper_reasoning,candidate,mmd_rbf,reasoning,reasoning_only,36,128,0.011708779053555595,0.011619468219578266,0.005681642549614236,0.0038676410913467407,0.04163743183016777,0,35
lot_paper_reasoning,candidate,mmd_rbf,reasoning,uncensored_only,36,128,0.018832790477770485,0.012938093394041061,0.015639016567142366,0.0027508705388754606,0.07226677238941193,0,2
lot_paper_reasoning,candidate,mmd_rbf,uncensored_refusal_like,base,36,128,0.0559084196574986,0.0507983211427927,0.022544856440031416,0.013017738237977028,0.14509308338165283,0,35
lot_paper_reasoning,candidate,mmd_rbf,uncensored_refusal_like,instr_only,36,128,0.031040172713498276,0.026494022458791733,0.02262258130803624,0.006080180406570435,0.1520051807165146,0,35
lot_paper_reasoning,candidate,mmd_rbf,uncensored_refusal_like,reasoning_only,36,128,0.03302699627561702,0.03315130062401295,0.00722871994369639,0.019302666187286377,0.052523739635944366,0,34
lot_paper_reasoning,candidate,mmd_rbf,uncensored_refusal_like,uncensored_only,36,128,0.07361981655574507,0.05842079967260361,0.04852381428903686,0.013741403818130493,0.22986546158790588,0,1
lot_paper_reasoning,candidate,projected_js,general,base,36,128,0.06713265813757768,0.06553560271277092,0.010512042524041584,0.04851181979756802,0.12296890647849068,0,35
lot_paper_reasoning,candidate,projected_js,general,instr_only,36,128,0.05899413716785299,0.06025163803133182,0.007789412976901553,0.030562476240447722,0.07649374846369028,0,35
lot_paper_reasoning,candidate,projected_js,general,reasoning_only,36,128,0.06691438989865775,0.06699437464703806,0.004911964582751473,0.05939738324377686,0.09075515036238357,2,35
lot_paper_reasoning,candidate,projected_js,general,uncensored_only,36,128,0.07798204469711184,0.06972219541785307,0.023022222305612076,0.04317834087123629,0.1694731570314616,0,1
lot_paper_reasoning,candidate,projected_js,instruction,base,36,128,0.07341237955228684,0.07407736481400207,0.009889431849979367,0.05154292946099304,0.11904744483763352,0,35
lot_paper_reasoning,candidate,projected_js,instruction,instr_only,36,128,0.06633213252563211,0.06898243597242981,0.010535722541077132,0.03633980851736851,0.10220228281104937,0,35
lot_paper_reasoning,candidate,projected_js,instruction,reasoning_only,36,128,0.07157984564562664,0.07317463669460267,0.005676222770020973,0.05672261834843084,0.07937260251492262,0,30
lot_paper_reasoning,candidate,projected_js,instruction,uncensored_only,36,128,0.08441629992820607,0.07894334418233484,0.01853586338675773,0.049020456470316276,0.15223478904226795,0,1
lot_paper_reasoning,candidate,projected_js,reasoning,base,36,128,0.06479706033456346,0.0651474186743144,0.008849753499499962,0.044485695369075984,0.10213227936765179,0,35
lot_paper_reasoning,candidate,projected_js,reasoning,instr_only,36,128,0.05642944418691008,0.05888402252458036,0.007649969169256566,0.030780167900957167,0.07212426286423579,0,35
lot_paper_reasoning,candidate,projected_js,reasoning,reasoning_only,36,128,0.06422253689621964,0.06456954023451544,0.005972368840820191,0.04715107989613898,0.08779321820475161,0,35
lot_paper_reasoning,candidate,projected_js,reasoning,uncensored_only,36,128,0.07089496340308364,0.06797903377446346,0.012142798657586919,0.03578270223806612,0.1088057549786754,0,1
lot_paper_reasoning,candidate,projected_js,uncensored_refusal_like,base,36,128,0.10474378892184985,0.10051549311901908,0.019086877681019136,0.06341976032126695,0.17434328905073926,0,35
lot_paper_reasoning,candidate,projected_js,uncensored_refusal_like,instr_only,36,128,0.08387876854774529,0.08181749685900286,0.021303737356877354,0.046588274140958674,0.1959269434446469,0,35
lot_paper_reasoning,candidate,projected_js,uncensored_refusal_like,reasoning_only,36,128,0.08576270959262426,0.08398986386600882,0.007268089666267575,0.07360912376316264,0.10508640023181215,2,30
lot_paper_reasoning,candidate,projected_js,uncensored_refusal_like,uncensored_only,36,128,0.11814710194772084,0.10713866786682047,0.03857806491916331,0.06493557340581901,0.25481026561465114,0,1
lot_paper_reasoning__v1,candidate,mmd_rbf,general,base,36,128,0.01214304459022565,0.009562095161527395,0.009542675721167493,0.006777205504477024,0.06576039642095566,31,35
lot_paper_reasoning__v1,candidate,mmd_rbf,general,instr_only,36,128,0.007691663476483275,0.007116707973182201,0.005039286177657217,0.003572475863620639,0.036300238221883774,0,35
lot_paper_reasoning__v1,candidate,mmd_rbf,general,reasoning_only,36,128,0.008529417928204767,0.007079668343067169,0.004555745207721823,0.00524103781208396,0.028592122718691826,27,35
lot_paper_reasoning__v1,candidate,mmd_rbf,general,uncensored_only,36,128,0.02852804318536073,0.013502031564712524,0.0365930226484137,0.006535697262734175,0.1613234132528305,0,1
lot_paper_reasoning__v1,candidate,mmd_rbf,instruction,base,36,128,0.014903063743582202,0.013677760027348995,0.006871697445999164,0.0045009939931333065,0.05044323205947876,0,35
lot_paper_reasoning__v1,candidate,mmd_rbf,instruction,instr_only,36,128,0.010020950563355453,0.009736708365380764,0.00573097314570982,0.002277478575706482,0.04129759594798088,0,35
lot_paper_reasoning__v1,candidate,mmd_rbf,instruction,reasoning_only,36,128,0.00869514809973124,0.008242694661021233,0.0014333016135673238,0.006128987763077021,0.014734307304024696,0,35
lot_paper_reasoning__v1,candidate,mmd_rbf,instruction,uncensored_only,36,128,0.030375921529614262,0.01914303656667471,0.02961998123313929,0.005393338389694691,0.13267602026462555,0,1
lot_paper_reasoning__v1,candidate,mmd_rbf,reasoning,base,36,128,0.009387223392776731,0.007580257952213287,0.007598043701466626,0.0029270232189446688,0.052977826446294785,0,35
lot_paper_reasoning__v1,candidate,mmd_rbf,reasoning,instr_only,36,128,0.004147778656463035,0.0038617977406829596,0.0022233114888879865,0.0012038917047902942,0.016587167978286743,0,35
lot_paper_reasoning__v1,candidate,mmd_rbf,reasoning,reasoning_only,36,128,0.007020491058938205,0.00637642340734601,0.005221918675748426,0.004014548845589161,0.03661070391535759,0,35
lot_paper_reasoning__v1,candidate,mmd_rbf,reasoning,uncensored_only,36,128,0.01708289766166773,0.010816955473273993,0.017000533330544187,0.0026003122329711914,0.07528698444366455,0,2
lot_paper_reasoning__v1,candidate,mmd_rbf,uncensored_refusal_like,base,36,128,0.044631754565570086,0.04556272178888321,0.01554887360111573,0.012751782312989235,0.10581447929143906,0,35
lot_paper_reasoning__v1,candidate,mmd_rbf,uncensored_refusal_like,instr_only,36,128,0.02812878438271582,0.025560717098414898,0.01853748308341906,0.007023436017334461,0.12510548532009125,0,35
lot_paper_reasoning__v1,candidate,mmd_rbf,uncensored_refusal_like,reasoning_only,36,128,0.021745252422988415,0.020782841369509697,0.004363199571383241,0.015585357323288918,0.030391156673431396,9,35
lot_paper_reasoning__v1,candidate,mmd_rbf,uncensored_refusal_like,uncensored_only,36,128,0.07275689328606758,0.05844898335635662,0.050297940279575536,0.01314482744783163,0.23264189064502716,0,1
lot_paper_reasoning__v1,candidate,projected_js,general,base,36,128,0.06213269187800405,0.06114964943844825,0.00867255859104748,0.047522974404273555,0.10713057609973475,0,35
lot_paper_reasoning__v1,candidate,projected_js,general,instr_only,36,128,0.057977401231861826,0.05897222629573662,0.006320421912299774,0.03567590014426969,0.07876965822651982,0,35
lot_paper_reasoning__v1,candidate,projected_js,general,reasoning_only,36,128,0.06007362878234643,0.05938586786214728,0.0032741917052337478,0.05541454107151367,0.07276371464831755,34,35
lot_paper_reasoning__v1,candidate,projected_js,general,uncensored_only,36,128,0.07663857464447371,0.06836286501493305,0.025375619381579013,0.04269673897942994,0.1736979735433124,0,1
lot_paper_reasoning__v1,candidate,projected_js,instruction,base,36,128,0.0690074308109211,0.06828689349640626,0.008467179501482472,0.04799592265044339,0.10388809093274176,0,35
lot_paper_reasoning__v1,candidate,projected_js,instruction,instr_only,36,128,0.0654427342657679,0.06684510264312848,0.008661004185275786,0.040994937502546236,0.09699160791933537,0,35
lot_paper_reasoning__v1,candidate,projected_js,instruction,reasoning_only,36,128,0.06487663958574154,0.06512115449004341,0.0031086566637897653,0.05663204984739423,0.07035698759136721,1,25
lot_paper_reasoning__v1,candidate,projected_js,instruction,uncensored_only,36,128,0.08335496904166778,0.07629816079861484,0.020909924671427556,0.05234890754218213,0.15887098011444323,0,1
lot_paper_reasoning__v1,candidate,projected_js,reasoning,base,36,128,0.061042903771319997,0.06030893337447196,0.008150394212702047,0.04454225581139326,0.10222348978277296,0,35
lot_paper_reasoning__v1,candidate,projected_js,reasoning,instr_only,36,128,0.05322093312214646,0.054380768720875494,0.005170846540403228,0.032958682713797316,0.06591978308279067,0,35
lot_paper_reasoning__v1,candidate,projected_js,reasoning,reasoning_only,36,128,0.060067153696662795,0.059877511390368454,0.005420022949754101,0.04812692082487047,0.08708426880184561,0,35
lot_paper_reasoning__v1,candidate,projected_js,reasoning,uncensored_only,36,128,0.0695226248402226,0.06609179879887961,0.013321114819309301,0.037425046670250595,0.11185726762050763,0,1
lot_paper_reasoning__v1,candidate,projected_js,uncensored_refusal_like,base,36,128,0.0935880791940791,0.09462147517479025,0.012576783470180854,0.0605068955628667,0.14233110554050654,0,35
lot_paper_reasoning__v1,candidate,projected_js,uncensored_refusal_like,instr_only,36,128,0.08216389186418382,0.07911816042906139,0.017989617381836957,0.050291667925193906,0.1708714859560132,0,35
lot_paper_reasoning__v1,candidate,projected_js,uncensored_refusal_like,reasoning_only,36,128,0.07637462990290562,0.07514588214689866,0.006107487033945248,0.06787897791946307,0.09222633019089699,21,5
lot_paper_reasoning__v1,candidate,projected_js,uncensored_refusal_like,uncensored_only,36,128,0.1166015318311919,0.10812721974798478,0.040105668762339036,0.06594242039136589,0.2542077554971911,0,1
lot_paper_uncensored_refusal_like,candidate,mmd_rbf,general,base,36,128,0.015797547038851514,0.011179879773408175,0.02302110212093448,0.007588326930999756,0.15007944405078888,0,35
lot_paper_uncensored_refusal_like,candidate,mmd_rbf,general,instr_only,36,128,0.00965614486227019,0.009517911821603775,0.0029995545297587032,0.002841740846633911,0.020804880186915398,0,1
lot_paper_uncensored_refusal_like,candidate,mmd_rbf,general,reasoning_only,36,128,0.021559092940555677,0.018469483591616154,0.014916195825499823,0.013102970086038113,0.10709913074970245,8,35
lot_paper_uncensored_refusal_like,candidate,mmd_rbf,general,uncensored_only,36,128,0.025873918616626825,0.016632724553346634,0.02718053211639668,0.007270628120750189,0.12142324447631836,0,1
lot_paper_uncensored_refusal_like,candidate,mmd_rbf,instruction,base,36,128,0.019320884266764753,0.016272643581032753,0.013783030253365988,0.004753014538437128,0.09606774151325226,0,35
lot_paper_uncensored_refusal_like,candidate,mmd_rbf,instruction,instr_only,36,128,0.008215738932550367,0.007710344856604934,0.0026636965705768016,0.002083170460537076,0.01702396385371685,0,35
lot_paper_uncensored_refusal_like,candidate,mmd_rbf,instruction,reasoning_only,36,128,0.025297673238027427,0.025009622797369957,0.008520006145622509,0.006346848793327808,0.054980840533971786,0,35
lot_paper_uncensored_refusal_like,candidate,mmd_rbf,instruction,uncensored_only,36,128,0.028409471321437094,0.02364484127610922,0.022814355210360623,0.005305838771164417,0.10740374773740768,0,1
lot_paper_uncensored_refusal_like,candidate,mmd_rbf,reasoning,base,36,128,0.013375424928704483,0.01099326740950346,0.015656599770888784,0.002883282257243991,0.10382623970508575,0,35
lot_paper_uncensored_refusal_like,candidate,mmd_rbf,reasoning,instr_only,36,128,0.0066990597503415,0.005983741022646427,0.002385657084479873,0.0011124849552288651,0.013431127183139324,0,1
lot_paper_uncensored_refusal_like,candidate,mmd_rbf,reasoning,reasoning_only,36,128,0.017842382593597803,0.016539613716304302,0.012471200744341403,0.004011118318885565,0.0884438008069992,0,35
lot_paper_uncensored_refusal_like,candidate,mmd_rbf,reasoning,uncensored_only,36,128,0.01577495758344109,0.012578528840094805,0.011049348161882574,0.0027331889141350985,0.0550224669277668,0,2
lot_paper_uncensored_refusal_like,candidate,mmd_rbf,uncensored_refusal_like,base,36,128,0.057307668392442994,0.047167517244815826,0.032003210662413135,0.012887060642242432,0.21255815029144287,0,35
lot_paper_uncensored_refusal_like,candidate,mmd_rbf,uncensored_refusal_like,instr_only,36,128,0.01743621538237979,0.015896159689873457,0.005951894987907564,0.0056608798913657665,0.036126844584941864,0,35
lot_paper_uncensored_refusal_like,candidate,mmd_rbf,uncensored_refusal_like,reasoning_only,36,128,0.05795946567215853,0.049646517261862755,0.02577274694633365,0.019860321655869484,0.1424991339445114,0,35
lot_paper_uncensored_refusal_like,candidate,mmd_rbf,uncensored_refusal_like,uncensored_only,36,128,0.06865236605517566,0.061647942289710045,0.04140574425085136,0.013349032960832119,0.1998308151960373,0,1
lot_paper_uncensored_refusal_like,candidate,projected_js,general,base,36,128,0.06613359885927315,0.06289685584488325,0.020084095335229698,0.047255126235540956,0.18168560293270275,0,35
lot_paper_uncensored_refusal_like,candidate,projected_js,general,instr_only,36,128,0.05948656091075261,0.0609770821465645,0.0064506217963703595,0.03124452245538123,0.06983732228400186,0,34
lot_paper_uncensored_refusal_like,candidate,projected_js,general,reasoning_only,36,128,0.07246842498999387,0.06998759057751158,0.013025150263610409,0.059104695508722216,0.14629958342993632,0,35
lot_paper_uncensored_refusal_like,candidate,projected_js,general,uncensored_only,36,128,0.07371457047338481,0.06798602154594846,0.01821803228491855,0.04385403981723357,0.1406585339573212,0,1
lot_paper_uncensored_refusal_like,candidate,projected_js,instruction,base,36,128,0.07419236372192649,0.07338977017207071,0.014509247593015587,0.04991171299479902,0.15045937721151859,0,35
lot_paper_uncensored_refusal_like,candidate,projected_js,instruction,instr_only,36,128,0.0629859917741366,0.06509051617467776,0.006666014190196526,0.03684416903706733,0.07182174065383151,0,32
lot_paper_uncensored_refusal_like,candidate,projected_js,instruction,reasoning_only,36,128,0.08109690653428617,0.08152802044060081,0.008843471579767812,0.058341972704511136,0.10550356464227661,0,35
lot_paper_uncensored_refusal_like,candidate,projected_js,instruction,uncensored_only,36,128,0.08207714843997059,0.07836167796631344,0.01595466470290815,0.04762089587165974,0.13780382898403332,0,1
lot_paper_uncensored_refusal_like,candidate,projected_js,reasoning,base,36,128,0.06537069433559534,0.06409090149099939,0.015117820537401915,0.04408520384458825,0.14922377181937918,0,35
lot_paper_uncensored_refusal_like,candidate,projected_js,reasoning,instr_only,36,128,0.058532798870954944,0.05997385426599067,0.00579143684649917,0.03190213213383686,0.06540994305396453,0,34
lot_paper_uncensored_refusal_like,candidate,projected_js,reasoning,reasoning_only,36,128,0.07038997279192295,0.06938386042020284,0.012035753790603695,0.04838845439371653,0.13570629572495818,0,35
lot_paper_uncensored_refusal_like,candidate,projected_js,reasoning,uncensored_only,36,128,0.0677882677046,0.06656821168144234,0.009013734206993824,0.03682366164866835,0.09156073734629899,0,2
lot_paper_uncensored_refusal_like,candidate,projected_js,uncensored_refusal_like,base,36,128,0.10621204133025862,0.0993464017228689,0.029033327206157724,0.06297863283543848,0.24378134100697935,0,35
lot_paper_uncensored_refusal_like,candidate,projected_js,uncensored_refusal_like,instr_only,36,128,0.07128392154360579,0.07219360274029896,0.006081294648960931,0.045669109997106716,0.08223878598073497,0,34
lot_paper_uncensored_refusal_like,candidate,projected_js,uncensored_refusal_like,reasoning_only,36,128,0.10989424791478086,0.09742147143697366,0.0253382525741859,0.08441473048878834,0.19107371184509248,6,35
lot_paper_uncensored_refusal_like,candidate,projected_js,uncensored_refusal_like,uncensored_only,36,128,0.11497898741072277,0.11226879648165777,0.03310939322949025,0.0643545531493146,0.22973793715937063,0,1
lot_paper_uncensored_refusal_like__v1,candidate,mmd_rbf,general,base,36,128,0.011430257918416627,0.0076861504931002855,0.01563111873910928,0.005069294478744268,0.1018151268362999,31,35
lot_paper_uncensored_refusal_like__v1,candidate,mmd_rbf,general,instr_only,36,128,0.008090445978773965,0.008358188904821873,0.00228311532020723,0.003238379955291748,0.014784208498895168,0,35
lot_paper_uncensored_refusal_like__v1,candidate,mmd_rbf,general,reasoning_only,36,128,0.011529158852580521,0.0087475529871881,0.009361758880309448,0.006777247879654169,0.06087539345026016,27,35
lot_paper_uncensored_refusal_like__v1,candidate,mmd_rbf,general,uncensored_only,36,128,0.02466950553935021,0.012407891917973757,0.031652201659377446,0.006263572257012129,0.1388738751411438,0,1
lot_paper_uncensored_refusal_like__v1,candidate,mmd_rbf,instruction,base,36,128,0.014475990487780008,0.012886942364275455,0.00901355387475028,0.004261726047843695,0.06465692073106766,0,35
lot_paper_uncensored_refusal_like__v1,candidate,mmd_rbf,instruction,instr_only,36,128,0.008170862171229802,0.008247979916632175,0.0036733949164303643,0.0020524084102362394,0.026736563071608543,0,35
lot_paper_uncensored_refusal_like__v1,candidate,mmd_rbf,instruction,reasoning_only,36,128,0.011329821466157833,0.010717799421399832,0.002692523607883774,0.006085872650146484,0.024925684556365013,0,35
lot_paper_uncensored_refusal_like__v1,candidate,mmd_rbf,instruction,uncensored_only,36,128,0.0262390886588643,0.016370628029108047,0.026584222075134622,0.005510047078132629,0.11805260181427002,0,1
lot_paper_uncensored_refusal_like__v1,candidate,mmd_rbf,reasoning,base,36,128,0.008482917244287414,0.0058883316814899445,0.013215455990597366,0.0025913536082953215,0.08602669090032578,0,35
lot_paper_uncensored_refusal_like__v1,candidate,mmd_rbf,reasoning,instr_only,36,128,0.005385926064466023,0.005615297006443143,0.0013436245747960882,0.00125943124294281,0.008025925606489182,0,35
lot_paper_uncensored_refusal_like__v1,candidate,mmd_rbf,reasoning,reasoning_only,36,128,0.010268347117946379,0.008213500026613474,0.010471900114805897,0.004168510437011719,0.07158683240413666,0,35
lot_paper_uncensored_refusal_like__v1,candidate,mmd_rbf,reasoning,uncensored_only,36,128,0.016529387800902542,0.011061432305723429,0.01604114522021066,0.00264911656267941,0.07138194888830185,0,1
lot_paper_uncensored_refusal_like__v1,candidate,mmd_rbf,uncensored_refusal_like,base,36,128,0.04985084400201837,0.05018571950495243,0.023171494975361768,0.013010203838348389,0.16225457191467285,0,35
lot_paper_uncensored_refusal_like__v1,candidate,mmd_rbf,uncensored_refusal_like,instr_only,36,128,0.018084470506033137,0.017178385518491268,0.00895036644961204,0.005933141801506281,0.059839483350515366,0,35
lot_paper_uncensored_refusal_like__v1,candidate,mmd_rbf,uncensored_refusal_like,reasoning_only,36,128,0.02612175771759616,0.02488468773663044,0.007227429612384603,0.018219374120235443,0.061738014221191406,9,35
lot_paper_uncensored_refusal_like__v1,candidate,mmd_rbf,uncensored_refusal_like,uncensored_only,36,128,0.060532625247206956,0.04946177639067173,0.04540906123737829,0.0118651632219553,0.20804600417613983,0,1
lot_paper_uncensored_refusal_like__v1,candidate,projected_js,general,base,36,128,0.060853774992210674,0.05878493541968055,0.013925964593995407,0.04519351186900167,0.13951582048321143,0,35
lot_paper_uncensored_refusal_like__v1,candidate,projected_js,general,instr_only,36,128,0.05853799013170323,0.05974430462811142,0.005596205531095175,0.03529078704013955,0.0655246038804762,0,28
lot_paper_uncensored_refusal_like__v1,candidate,projected_js,general,reasoning_only,36,128,0.06393692767354271,0.0624618046276737,0.007015124692498753,0.056925115059129894,0.09979335690150037,30,35
lot_paper_uncensored_refusal_like__v1,candidate,projected_js,general,uncensored_only,36,128,0.07367150810670056,0.06650512742635328,0.021892836034456433,0.0420098249160219,0.15453886473551393,0,1
lot_paper_uncensored_refusal_like__v1,candidate,projected_js,instruction,base,36,128,0.06840403623815898,0.06738253415096551,0.010279060151983958,0.04469411425816361,0.11960343533428386,0,35
lot_paper_uncensored_refusal_like__v1,candidate,projected_js,instruction,instr_only,36,128,0.06290073433370304,0.06384065838938113,0.006866078826725646,0.040836407482856885,0.0803485358483158,0,35
lot_paper_uncensored_refusal_like__v1,candidate,projected_js,instruction,reasoning_only,36,128,0.06807761720928182,0.06823395087849349,0.00346260712172017,0.05722430194146,0.07439727080054581,0,35
lot_paper_uncensored_refusal_like__v1,candidate,projected_js,instruction,uncensored_only,36,128,0.07992953870658918,0.07448374322848395,0.019098239848201675,0.04986354860011488,0.1496935628238134,0,1
lot_paper_uncensored_refusal_like__v1,candidate,projected_js,reasoning,base,36,128,0.05823883532017741,0.056897214191849343,0.012564446235017297,0.04235302847519051,0.1289073366788216,0,35
lot_paper_uncensored_refusal_like__v1,candidate,projected_js,reasoning,instr_only,36,128,0.05581574503513467,0.05702736058447044,0.0050809296945009755,0.03726009637466632,0.06300999267841689,0,34
lot_paper_uncensored_refusal_like__v1,candidate,projected_js,reasoning,reasoning_only,36,128,0.06380540843060266,0.0624758253688924,0.009603836762054075,0.04956415729247965,0.11690917995292693,0,35
lot_paper_uncensored_refusal_like__v1,candidate,projected_js,reasoning,uncensored_only,36,128,0.0683836367906123,0.06528175304993056,0.012990631463288937,0.03811344166751951,0.11008089227834716,0,1
lot_paper_uncensored_refusal_like__v1,candidate,projected_js,uncensored_refusal_like,base,36,128,0.09711878801802716,0.0964175098342821,0.01957272038749022,0.062034916278207675,0.19366422295570374,0,35
lot_paper_uncensored_refusal_like__v1,candidate,projected_js,uncensored_refusal_like,instr_only,36,128,0.07206310703582454,0.06948591450054664,0.009668477399907699,0.04753099258232396,0.11108899826649576,0,35
lot_paper_uncensored_refusal_like__v1,candidate,projected_js,uncensored_refusal_like,reasoning_only,36,128,0.08158716241531591,0.0801754018466454,0.007299419421095756,0.07310558570316061,0.11101575510110706,19,35
lot_paper_uncensored_refusal_like__v1,candidate,projected_js,uncensored_refusal_like,uncensored_only,36,128,0.10589991736277524,0.09897060677758418,0.037027533557044696,0.06061807504738681,0.2400848717079498,0,1
reasoning_only,reference,mmd_rbf,general,base,36,128,0.02089802255957491,0.020017093047499657,0.008109031620199707,0.010046142153441906,0.04117253050208092,33,3
reasoning_only,reference,mmd_rbf,general,instr_only,36,128,0.02335678967129853,0.018983114510774612,0.015326478504426656,0.01663188636302948,0.10834252834320068,32,35
reasoning_only,reference,mmd_rbf,general,reasoning_only,36,128,0.0,0.0,0.0,0.0,0.0,0,0
reasoning_only,reference,mmd_rbf,general,uncensored_only,36,128,0.04591095995985799,0.0272492878139019,0.043433351559895673,0.02259429730474949,0.1926431655883789,12,1
reasoning_only,reference,mmd_rbf,instruction,base,36,128,0.026959085552435782,0.026131197810173035,0.00541600917499759,0.01207007747143507,0.039922624826431274,0,35
reasoning_only,reference,mmd_rbf,instruction,instr_only,36,128,0.026836338608215254,0.026343585923314095,0.010085431167433807,0.011016855016350746,0.08166186511516571,0,35
reasoning_only,reference,mmd_rbf,instruction,reasoning_only,36,128,0.0,0.0,0.0,0.0,0.0,0,0
reasoning_only,reference,mmd_rbf,instruction,uncensored_only,36,128,0.04820252680737111,0.03750635124742985,0.030735291056322365,0.01996615342795849,0.15198516845703125,0,1
reasoning_only,reference,mmd_rbf,reasoning,base,36,128,0.017917117013389036,0.01878182962536812,0.005201219811210656,0.007339205127209425,0.027083346620202065,0,3
reasoning_only,reference,mmd_rbf,reasoning,instr_only,36,128,0.01593106753555023,0.014448987785726786,0.012548953901578511,0.0066307769156992435,0.08794448524713516,0,35
reasoning_only,reference,mmd_rbf,reasoning,reasoning_only,36,128,0.0,0.0,0.0,0.0,0.0,0,0
reasoning_only,reference,mmd_rbf,reasoning,uncensored_only,36,128,0.03126807503091792,0.021678822115063667,0.024200517827234702,0.01153335627168417,0.10175495594739914,0,2
reasoning_only,reference,mmd_rbf,uncensored_refusal_like,base,36,128,0.07971743463228147,0.08357890695333481,0.017069410275032625,0.03692895919084549,0.13010238111019135,0,35
reasoning_only,reference,mmd_rbf,uncensored_refusal_like,instr_only,36,128,0.06338029065065914,0.060942042618989944,0.023310597838184347,0.034548163414001465,0.18055841326713562,0,35
reasoning_only,reference,mmd_rbf,uncensored_refusal_like,reasoning_only,36,128,0.0,0.0,0.0,0.0,0.0,0,0
reasoning_only,reference,mmd_rbf,uncensored_refusal_like,uncensored_only,36,128,0.10831866196046273,0.09427965804934502,0.0508069299943768,0.05430677533149719,0.2682696282863617,0,1
reasoning_only,reference,projected_js,general,base,36,128,0.0731317811126549,0.07373722616466694,0.007624464933138774,0.060410068108467385,0.09295522526372224,30,3
reasoning_only,reference,projected_js,general,instr_only,36,128,0.07516354616948068,0.07303518502158113,0.012434083537567631,0.06685991626000032,0.14361567189916968,30,35
reasoning_only,reference,projected_js,general,reasoning_only,36,128,0.0,0.0,0.0,0.0,0.0,0,0
reasoning_only,reference,projected_js,general,uncensored_only,36,128,0.09283926155492533,0.08079849151545204,0.02998969117557091,0.06612061560736038,0.19783515279414132,33,1
reasoning_only,reference,projected_js,instruction,base,36,128,0.08218538674716708,0.08224736523698084,0.005273809585924831,0.06814508527168073,0.09423585230251774,1,35
reasoning_only,reference,projected_js,instruction,instr_only,36,128,0.083338498778984,0.08329044398851693,0.009361673753432416,0.06842071923892945,0.13249367574462667,1,35
reasoning_only,reference,projected_js,instruction,reasoning_only,36,128,0.0,0.0,0.0,0.0,0.0,0,0
reasoning_only,reference,projected_js,instruction,uncensored_only,36,128,0.09968411642896374,0.0911131032044068,0.021315356549421554,0.0830723469844088,0.17525331530487165,17,1
reasoning_only,reference,projected_js,reasoning,base,36,128,0.07099958327550364,0.07015835412312299,0.005164168131134027,0.05901847456698306,0.08018378808628768,0,3
reasoning_only,reference,projected_js,reasoning,instr_only,36,128,0.06914956361692425,0.06788224347110372,0.010521154505389775,0.05579599164775573,0.1277130434755236,0,35
reasoning_only,reference,projected_js,reasoning,reasoning_only,36,128,0.0,0.0,0.0,0.0,0.0,0,0
reasoning_only,reference,projected_js,reasoning,uncensored_only,36,128,0.08292567487094654,0.07519336190307513,0.018229275321225327,0.06552949349861592,0.1359902478288859,0,1
reasoning_only,reference,projected_js,uncensored_refusal_like,base,36,128,0.12725118157524978,0.1265562740736641,0.012540062433538935,0.10532129678176716,0.16443910059751943,1,35
reasoning_only,reference,projected_js,uncensored_refusal_like,instr_only,36,128,0.11616251189439532,0.10989080870058388,0.020836339448877337,0.09630729880882427,0.21657385944854468,1,35
reasoning_only,reference,projected_js,uncensored_refusal_like,reasoning_only,36,128,0.0,0.0,0.0,0.0,0.0,0,0
reasoning_only,reference,projected_js,uncensored_refusal_like,uncensored_only,36,128,0.14751646075375094,0.13948830764275044,0.038426629318272884,0.10379050904884934,0.27845814294414595,11,1
task_arithmetic_best,candidate,mmd_rbf,general,base,36,128,0.010839869449329045,0.008059329353272915,0.01129915528876926,0.005872694309800863,0.07524525374174118,31,35
task_arithmetic_best,candidate,mmd_rbf,general,instr_only,36,128,0.006224663456022326,0.005438625114038587,0.004327001992252739,0.0027315616607666016,0.028369104489684105,0,35
task_arithmetic_best,candidate,mmd_rbf,general,reasoning_only,36,128,0.013078352630448839,0.011194363702088594,0.006929801082825058,0.0072359382174909115,0.037639327347278595,32,35
task_arithmetic_best,candidate,mmd_rbf,general,uncensored_only,36,128,0.024453283481610317,0.010878270026296377,0.034071329120860125,0.007413780782371759,0.15450046956539154,0,1
task_arithmetic_best,candidate,mmd_rbf,instruction,base,36,128,0.014383367178702934,0.01270267553627491,0.009487343225324952,0.0037151991855353117,0.06741734594106674,0,35
task_arithmetic_best,candidate,mmd_rbf,instruction,instr_only,36,128,0.005844857010136669,0.005822512786835432,0.0036137990508751778,0.0017907441360875964,0.024647947400808334,0,35
task_arithmetic_best,candidate,mmd_rbf,instruction,reasoning_only,36,128,0.015930009889416397,0.014710040763020515,0.0035788698490489892,0.006598466541618109,0.02809615433216095,0,35
task_arithmetic_best,candidate,mmd_rbf,instruction,uncensored_only,36,128,0.023410202728377447,0.013305323664098978,0.027016729857895733,0.005159109830856323,0.12242405861616135,0,1
task_arithmetic_best,candidate,mmd_rbf,reasoning,base,36,128,0.008272711498041948,0.006858992390334606,0.007622475470859769,0.002374306321144104,0.052531398832798004,0,35
task_arithmetic_best,candidate,mmd_rbf,reasoning,instr_only,36,128,0.003112649629151242,0.0027168883243575692,0.002486038025394753,0.0010293395025655627,0.01692902483046055,0,35
task_arithmetic_best,candidate,mmd_rbf,reasoning,reasoning_only,36,128,0.009972013274414672,0.009529095143079758,0.005456907813682697,0.003976968117058277,0.038146380335092545,0,35
task_arithmetic_best,candidate,mmd_rbf,reasoning,uncensored_only,36,128,0.01504348348438119,0.008751492016017437,0.01720214358216538,0.0028020560275763273,0.07602157443761826,0,1
task_arithmetic_best,candidate,mmd_rbf,uncensored_refusal_like,base,36,128,0.04455237481225696,0.043841226026415825,0.02200700281162987,0.010493832640349865,0.15267068147659302,0,35
task_arithmetic_best,candidate,mmd_rbf,uncensored_refusal_like,instr_only,36,128,0.015699291666452255,0.015318577643483877,0.00933239727101071,0.005265051033347845,0.05981040745973587,0,35
task_arithmetic_best,candidate,mmd_rbf,uncensored_refusal_like,reasoning_only,36,128,0.039377398064566985,0.03921804204583168,0.008824821033286962,0.020528657361865044,0.07082352042198181,0,35
task_arithmetic_best,candidate,mmd_rbf,uncensored_refusal_like,uncensored_only,36,128,0.053320139568919935,0.041022878140211105,0.04737567405366854,0.013545162044465542,0.21928825974464417,0,1
task_arithmetic_best,candidate,projected_js,general,base,36,128,0.06083457935852089,0.05927666382922325,0.009997091672782617,0.0429514409188414,0.11506064917193726,0,35
task_arithmetic_best,candidate,projected_js,general,instr_only,36,128,0.05425309774970325,0.05529185618797783,0.006600740442442563,0.02996419592818711,0.07468489505117759,0,35
task_arithmetic_best,candidate,projected_js,general,reasoning_only,36,128,0.06503802524942633,0.06358862906927243,0.0063378044779006035,0.05712656583636999,0.08148113370407373,30,4
task_arithmetic_best,candidate,projected_js,general,uncensored_only,36,128,0.07238186125202144,0.06406198622426018,0.024043309313655205,0.04112581558001693,0.16723986761644483,0,1
task_arithmetic_best,candidate,projected_js,instruction,base,36,128,0.0689403995574038,0.06844300002558157,0.011921199324415176,0.04244329879293218,0.12871734926011413,0,35
task_arithmetic_best,candidate,projected_js,instruction,instr_only,36,128,0.05809323119279321,0.059789279534015805,0.007642431396195799,0.03444075016886927,0.08129665104206651,0,35
task_arithmetic_best,candidate,projected_js,instruction,reasoning_only,36,128,0.07225155729570866,0.07206813732045703,0.004829861845182874,0.05391648999648169,0.08090019453084096,0,35
task_arithmetic_best,candidate,projected_js,instruction,uncensored_only,36,128,0.0770502567288026,0.07080420687270816,0.020170636165380722,0.046255102060968056,0.15119260817300528,0,1
task_arithmetic_best,candidate,projected_js,reasoning,base,36,128,0.05931628129635808,0.05931926253833808,0.008210541246547751,0.04030258735292591,0.09729855513432994,0,35
task_arithmetic_best,candidate,projected_js,reasoning,instr_only,36,128,0.050028625931493785,0.0510361368797021,0.006012124053509098,0.03039347514277324,0.06742631137603894,0,35
task_arithmetic_best,candidate,projected_js,reasoning,reasoning_only,36,128,0.06331394220251241,0.06288537448563147,0.0057940137513223435,0.045527343012508936,0.08876908110687509,0,35
task_arithmetic_best,candidate,projected_js,reasoning,uncensored_only,36,128,0.06684308437090497,0.06314798927633092,0.01397596396123135,0.036727211278048344,0.11639313628256787,0,1
task_arithmetic_best,candidate,projected_js,uncensored_refusal_like,base,36,128,0.092253049328671,0.09070633875671774,0.019537935404463257,0.056502659543184564,0.1874291910789907,0,35
task_arithmetic_best,candidate,projected_js,uncensored_refusal_like,instr_only,36,128,0.06943899932715188,0.06757365311204921,0.010362592653308505,0.04712257007486187,0.11225512530654669,0,35
task_arithmetic_best,candidate,projected_js,uncensored_refusal_like,reasoning_only,36,128,0.09355603847183779,0.0900970280636102,0.009865739470528895,0.08305845817085356,0.1262102547334507,11,5
task_arithmetic_best,candidate,projected_js,uncensored_refusal_like,uncensored_only,36,128,0.10055628615939188,0.08995262862299569,0.03931432955286861,0.06239061104133725,0.24928020732477307,0,1
ties_best,candidate,mmd_rbf,general,base,36,128,0.007956533084830476,0.005669919541105628,0.007529223291374637,0.004339776001870632,0.04932461306452751,31,35
ties_best,candidate,mmd_rbf,general,instr_only,36,128,0.007512609784801801,0.006254731211811304,0.007493261750115329,0.0027638913597911596,0.05001244693994522,0,35
ties_best,candidate,mmd_rbf,general,reasoning_only,36,128,0.014385778275835846,0.012984510511159897,0.006379602309518372,0.00814666785299778,0.03040166199207306,34,3
ties_best,candidate,mmd_rbf,general,uncensored_only,36,128,0.024807801715926163,0.011118782218545675,0.03343946506564269,0.006914967205375433,0.15105906128883362,0,1
ties_best,candidate,mmd_rbf,instruction,base,36,128,0.011051938629760925,0.010461613070219755,0.005756048746717705,0.0028748393524438143,0.04240737482905388,0,35
ties_best,candidate,mmd_rbf,instruction,instr_only,36,128,0.006915760090729843,0.006728347623720765,0.006740651729459722,0.0018321126699447632,0.04514424502849579,0,35
ties_best,candidate,mmd_rbf,instruction,reasoning_only,36,128,0.01773620333470818,0.01673534419387579,0.003332791738101409,0.0075574456714093685,0.025896091014146805,0,5
ties_best,candidate,mmd_rbf,instruction,uncensored_only,36,128,0.023850205121561885,0.01411158312112093,0.0265334396448482,0.004800629802048206,0.11980720609426498,0,1
ties_best,candidate,mmd_rbf,reasoning,base,36,128,0.006006330675316147,0.005053739761933684,0.004597842713758761,0.0018031270010396838,0.03244893625378609,0,35
ties_best,candidate,mmd_rbf,reasoning,instr_only,36,128,0.003715912475147181,0.0030647842213511467,0.004982385620759016,0.0010856598382815719,0.03262079879641533,0,35
ties_best,candidate,mmd_rbf,reasoning,reasoning_only,36,128,0.011263925245859556,0.011260075028985739,0.0038750335861121423,0.004533466883003712,0.024768516421318054,0,35
ties_best,candidate,mmd_rbf,reasoning,uncensored_only,36,128,0.015505547350686457,0.009432069025933743,0.01686859331719427,0.002649843692779541,0.07414864748716354,0,1
ties_best,candidate,mmd_rbf,uncensored_refusal_like,base,36,128,0.03660746211082571,0.03640822879970074,0.015791562526366335,0.008200920186936855,0.10946827381849289,0,35
ties_best,candidate,mmd_rbf,uncensored_refusal_like,instr_only,36,128,0.018660073802392516,0.01792077347636223,0.01574787995033459,0.005174523685127497,0.10432689636945724,0,35
ties_best,candidate,mmd_rbf,uncensored_refusal_like,reasoning_only,36,128,0.0447451859816081,0.04629277251660824,0.00805977447071713,0.02325834147632122,0.06344447284936905,0,5
ties_best,candidate,mmd_rbf,uncensored_refusal_like,uncensored_only,36,128,0.054703859560605556,0.042467258870601654,0.04701540926612821,0.012558186426758766,0.21494142711162567,0,1
ties_best,candidate,projected_js,general,base,36,128,0.0574464566034294,0.05718233436346054,0.007188605046491009,0.04045959513314301,0.09365614538546652,0,35
ties_best,candidate,projected_js,general,instr_only,36,128,0.05606036634667867,0.05718595853250008,0.008593654910408633,0.03132058374467306,0.09314421791350469,0,35
ties_best,candidate,projected_js,general,reasoning_only,36,128,0.06676320807714041,0.06624004986952059,0.006380537657212696,0.0584494887443725,0.08431142586050555,30,4
ties_best,candidate,projected_js,general,uncensored_only,36,128,0.07268218312512748,0.06381360118393786,0.02373379696374875,0.037321871757740155,0.16401616635266691,0,1
ties_best,candidate,projected_js,instruction,base,36,128,0.06537847456638701,0.06568084614991676,0.008302295965297765,0.04132128559285775,0.10154892352875322,0,35
ties_best,candidate,projected_js,instruction,instr_only,36,128,0.06024425990674192,0.061414901341777295,0.009969055908434696,0.03465174982557073,0.10227649414446205,0,35
ties_best,candidate,projected_js,instruction,reasoning_only,36,128,0.07441379635403994,0.07486621513089631,0.004001382726937141,0.05942836025496945,0.08101235923822969,0,5
ties_best,candidate,projected_js,instruction,uncensored_only,36,128,0.07728854302048502,0.07174971906351857,0.019591572043542508,0.04395099138491787,0.14518490340560675,0,1
ties_best,candidate,projected_js,reasoning,base,36,128,0.0566377095217629,0.05729744952986948,0.006727833796662167,0.03804639597365167,0.08127866132417694,0,35
ties_best,candidate,projected_js,reasoning,instr_only,36,128,0.05083991662508601,0.05137792605091818,0.007825450376113647,0.030139061127556488,0.08298076392384246,0,35
ties_best,candidate,projected_js,reasoning,reasoning_only,36,128,0.06459928072824066,0.06473894014197867,0.004639332641811563,0.048298621841240674,0.0772334985085763,0,35
ties_best,candidate,projected_js,reasoning,uncensored_only,36,128,0.06691543495819335,0.06325377742177807,0.013887576079330291,0.03614788077538833,0.11349854458239861,0,1
ties_best,candidate,projected_js,uncensored_refusal_like,base,36,128,0.08599595265049073,0.08524873803253286,0.01564569613192408,0.05217138255829923,0.15643687662668526,0,35
ties_best,candidate,projected_js,uncensored_refusal_like,instr_only,36,128,0.07248400493012418,0.06948274062597193,0.01552597955509634,0.04540817913948558,0.15098967729136348,0,35
ties_best,candidate,projected_js,uncensored_refusal_like,reasoning_only,36,128,0.0982146057067439,0.09540162730263546,0.009319070133166978,0.08820680843200535,0.13300890621030703,17,5
ties_best,candidate,projected_js,uncensored_refusal_like,uncensored_only,36,128,0.10110955785219428,0.09000012575415894,0.038872840793298925,0.0585710474406369,0.2442875700944569,0,1
uncensored_only,reference,mmd_rbf,general,base,36,128,0.036915114977293544,0.021286998875439167,0.04050766370490298,0.013521444983780384,0.17488038539886475,0,35
uncensored_only,reference,mmd_rbf,general,instr_only,36,128,0.028609229458702937,0.015413630288094282,0.03676467413698079,0.009627348743379116,0.1719859391450882,0,1
uncensored_only,reference,mmd_rbf,general,reasoning_only,36,128,0.04591095131925411,0.027249302715063095,0.043433347165925916,0.02259429730474949,0.1926431506872177,12,1
uncensored_only,reference,mmd_rbf,general,uncensored_only,36,128,0.0,0.0,0.0,0.0,0.0,0,0
uncensored_only,reference,mmd_rbf,instruction,base,36,128,0.038556196390547685,0.028080888092517853,0.030984646679216868,0.009484204463660717,0.1427825540304184,0,35
uncensored_only,reference,mmd_rbf,instruction,instr_only,36,128,0.027404433853613835,0.017144860699772835,0.02934800443649857,0.007435608189553022,0.13801193237304688,0,1
uncensored_only,reference,mmd_rbf,instruction,reasoning_only,36,128,0.04820252851479583,0.03750636242330074,0.030735293896313066,0.019966140389442444,0.15198515355587006,0,1
uncensored_only,reference,mmd_rbf,instruction,uncensored_only,36,128,0.0,0.0,0.0,0.0,0.0,0,0
uncensored_only,reference,mmd_rbf,reasoning,base,36,128,0.025163004097218316,0.018758120015263557,0.02212294842639477,0.0056740716099739075,0.11287615448236465,0,35
uncensored_only,reference,mmd_rbf,reasoning,instr_only,36,128,0.017267145565710962,0.010773018468171358,0.01927525778941292,0.003987258765846491,0.08800189942121506,0,1
uncensored_only,reference,mmd_rbf,reasoning,reasoning_only,36,128,0.031268074461776346,0.021678795106709003,0.024200525780345095,0.011533361859619617,0.10175497829914093,0,2
uncensored_only,reference,mmd_rbf,reasoning,uncensored_only,36,128,0.0,0.0,0.0,0.0,0.0,0,0
uncensored_only,reference,mmd_rbf,uncensored_refusal_like,base,36,128,0.09700160458063085,0.09311520308256149,0.051978505549066314,0.02432878129184246,0.275905579328537,0,35
uncensored_only,reference,mmd_rbf,uncensored_refusal_like,instr_only,36,128,0.06299609799558918,0.05108754150569439,0.05014808085645733,0.017778098583221436,0.2429378479719162,0,1
uncensored_only,reference,mmd_rbf,uncensored_refusal_like,reasoning_only,36,128,0.10831866361614731,0.09427962452173233,0.05080692957238641,0.0543067641556263,0.2682696282863617,0,1
uncensored_only,reference,mmd_rbf,uncensored_refusal_like,uncensored_only,36,128,0.0,0.0,0.0,0.0,0.0,0,0
uncensored_only,reference,projected_js,general,base,36,128,0.08256496480640231,0.07161559743690304,0.02915414678878325,0.053958699805662036,0.19334605848416686,0,35
uncensored_only,reference,projected_js,general,instr_only,36,128,0.0750201873559288,0.06637904577655718,0.02560480966384298,0.04245554807857843,0.18038359441561624,0,1
uncensored_only,reference,projected_js,general,reasoning_only,36,128,0.09283926155492533,0.08079849151545204,0.02998969117557091,0.06612061560736038,0.19783515279414132,33,1
uncensored_only,reference,projected_js,general,uncensored_only,36,128,0.0,0.0,0.0,0.0,0.0,0,0
uncensored_only,reference,projected_js,instruction,base,36,128,0.08844536049501686,0.08019734984554816,0.023461423714527793,0.05940723905223422,0.1805476830340922,0,35
uncensored_only,reference,projected_js,instruction,instr_only,36,128,0.08049416637489533,0.07402288852608763,0.02094268993714678,0.0442080265347613,0.16134657588554546,0,1
uncensored_only,reference,projected_js,instruction,reasoning_only,36,128,0.09968411642896374,0.0911131032044068,0.021315356549421554,0.0830723469844088,0.17525331530487165,17,1
uncensored_only,reference,projected_js,instruction,uncensored_only,36,128,0.0,0.0,0.0,0.0,0.0,0,0
uncensored_only,reference,projected_js,reasoning,base,36,128,0.0752557148581319,0.07057748932857066,0.016942823641591036,0.05284739728085697,0.14661888539558277,0,35
uncensored_only,reference,projected_js,reasoning,instr_only,36,128,0.06854061970928645,0.06409039722348098,0.015321235074000853,0.03603906564239878,0.12361701572081074,0,1
uncensored_only,reference,projected_js,reasoning,reasoning_only,36,128,0.08292567487094654,0.07519336190307513,0.018229275321225327,0.06552949349861592,0.1359902478288859,0,1
uncensored_only,reference,projected_js,reasoning,uncensored_only,36,128,0.0,0.0,0.0,0.0,0.0,0,0
uncensored_only,reference,projected_js,uncensored_refusal_like,base,36,128,0.13052359057150575,0.11943672699271701,0.042590927363633,0.07558419718407094,0.28111751191318035,0,35
uncensored_only,reference,projected_js,uncensored_refusal_like,instr_only,36,128,0.10727580481802255,0.09818484337301925,0.03938717364557441,0.07027588204073254,0.2563667781359982,0,1
uncensored_only,reference,projected_js,uncensored_refusal_like,reasoning_only,36,128,0.14751646075375094,0.13948830764275044,0.038426629318272884,0.10379050904884934,0.27845814294414595,11,1
uncensored_only,reference,projected_js,uncensored_refusal_like,uncensored_only,36,128,0.0,0.0,0.0,0.0,0.0,0,0
