model_id,model_kind,calib_subset,target_id,layer,metric,value,n_prompts
aim_on_task_arithmetic__calib_reasoning,candidate,general,base,0,mmd_rbf,0.004597842693328857,128
aim_on_task_arithmetic__calib_reasoning,candidate,general,base,0,projected_js,0.03812221818952821,128
aim_on_task_arithmetic__calib_reasoning,candidate,general,base,1,mmd_rbf,0.008922628127038479,128
aim_on_task_arithmetic__calib_reasoning,candidate,general,base,1,projected_js,0.04616934011573903,128
aim_on_task_arithmetic__calib_reasoning,candidate,general,base,2,mmd_rbf,0.007962450385093689,128
aim_on_task_arithmetic__calib_reasoning,candidate,general,base,2,projected_js,0.04794026436866261,128
aim_on_task_arithmetic__calib_reasoning,candidate,general,base,3,mmd_rbf,0.010326049290597439,128
aim_on_task_arithmetic__calib_reasoning,candidate,general,base,3,projected_js,0.05559668259229511,128
aim_on_task_arithmetic__calib_reasoning,candidate,general,base,4,mmd_rbf,0.00947039108723402,128
aim_on_task_arithmetic__calib_reasoning,candidate,general,base,4,projected_js,0.05289941796218045,128
aim_on_task_arithmetic__calib_reasoning,candidate,general,base,5,mmd_rbf,0.008873121812939644,128
aim_on_task_arithmetic__calib_reasoning,candidate,general,base,5,projected_js,0.05261435790453106,128
aim_on_task_arithmetic__calib_reasoning,candidate,general,base,6,mmd_rbf,0.006755326874554157,128
aim_on_task_arithmetic__calib_reasoning,candidate,general,base,6,projected_js,0.05224924525828101,128
aim_on_task_arithmetic__calib_reasoning,candidate,general,base,7,mmd_rbf,0.0060786171816289425,128
aim_on_task_arithmetic__calib_reasoning,candidate,general,base,7,projected_js,0.05364626145455986,128
aim_on_task_arithmetic__calib_reasoning,candidate,general,base,8,mmd_rbf,0.004907350521534681,128
aim_on_task_arithmetic__calib_reasoning,candidate,general,base,8,projected_js,0.052695429360028356,128
aim_on_task_arithmetic__calib_reasoning,candidate,general,base,9,mmd_rbf,0.004856124985963106,128
aim_on_task_arithmetic__calib_reasoning,candidate,general,base,9,projected_js,0.05396257745451294,128
aim_on_task_arithmetic__calib_reasoning,candidate,general,base,10,mmd_rbf,0.004918960388749838,128
aim_on_task_arithmetic__calib_reasoning,candidate,general,base,10,projected_js,0.05448716916725971,128
aim_on_task_arithmetic__calib_reasoning,candidate,general,base,11,mmd_rbf,0.004886736162006855,128
aim_on_task_arithmetic__calib_reasoning,candidate,general,base,11,projected_js,0.05647340029827319,128
aim_on_task_arithmetic__calib_reasoning,candidate,general,base,12,mmd_rbf,0.004957438446581364,128
aim_on_task_arithmetic__calib_reasoning,candidate,general,base,12,projected_js,0.05792871303856373,128
aim_on_task_arithmetic__calib_reasoning,candidate,general,base,13,mmd_rbf,0.0052679674699902534,128
aim_on_task_arithmetic__calib_reasoning,candidate,general,base,13,projected_js,0.05785016360459849,128
aim_on_task_arithmetic__calib_reasoning,candidate,general,base,14,mmd_rbf,0.005479556042701006,128
aim_on_task_arithmetic__calib_reasoning,candidate,general,base,14,projected_js,0.057070380717050284,128
aim_on_task_arithmetic__calib_reasoning,candidate,general,base,15,mmd_rbf,0.006068513263016939,128
aim_on_task_arithmetic__calib_reasoning,candidate,general,base,15,projected_js,0.05529303979710676,128
aim_on_task_arithmetic__calib_reasoning,candidate,general,base,16,mmd_rbf,0.007083244621753693,128
aim_on_task_arithmetic__calib_reasoning,candidate,general,base,16,projected_js,0.057006447575986385,128
aim_on_task_arithmetic__calib_reasoning,candidate,general,base,17,mmd_rbf,0.006857297848910093,128
aim_on_task_arithmetic__calib_reasoning,candidate,general,base,17,projected_js,0.05895404558395967,128
aim_on_task_arithmetic__calib_reasoning,candidate,general,base,18,mmd_rbf,0.007476091384887695,128
aim_on_task_arithmetic__calib_reasoning,candidate,general,base,18,projected_js,0.06204433960374445,128
aim_on_task_arithmetic__calib_reasoning,candidate,general,base,19,mmd_rbf,0.007667477708309889,128
aim_on_task_arithmetic__calib_reasoning,candidate,general,base,19,projected_js,0.06065448705339804,128
aim_on_task_arithmetic__calib_reasoning,candidate,general,base,20,mmd_rbf,0.0074231550097465515,128
aim_on_task_arithmetic__calib_reasoning,candidate,general,base,20,projected_js,0.0575250280671753,128
aim_on_task_arithmetic__calib_reasoning,candidate,general,base,21,mmd_rbf,0.0076635549776256084,128
aim_on_task_arithmetic__calib_reasoning,candidate,general,base,21,projected_js,0.0594411549391225,128
aim_on_task_arithmetic__calib_reasoning,candidate,general,base,22,mmd_rbf,0.007022033911198378,128
aim_on_task_arithmetic__calib_reasoning,candidate,general,base,22,projected_js,0.06107200583210215,128
aim_on_task_arithmetic__calib_reasoning,candidate,general,base,23,mmd_rbf,0.006465359125286341,128
aim_on_task_arithmetic__calib_reasoning,candidate,general,base,23,projected_js,0.059100004873471335,128
aim_on_task_arithmetic__calib_reasoning,candidate,general,base,24,mmd_rbf,0.005766210611909628,128
aim_on_task_arithmetic__calib_reasoning,candidate,general,base,24,projected_js,0.060006979503668845,128
aim_on_task_arithmetic__calib_reasoning,candidate,general,base,25,mmd_rbf,0.005325830075889826,128
aim_on_task_arithmetic__calib_reasoning,candidate,general,base,25,projected_js,0.05744774657068774,128
aim_on_task_arithmetic__calib_reasoning,candidate,general,base,26,mmd_rbf,0.005221577361226082,128
aim_on_task_arithmetic__calib_reasoning,candidate,general,base,26,projected_js,0.05349698039935902,128
aim_on_task_arithmetic__calib_reasoning,candidate,general,base,27,mmd_rbf,0.005148271564394236,128
aim_on_task_arithmetic__calib_reasoning,candidate,general,base,27,projected_js,0.057892266020644456,128
aim_on_task_arithmetic__calib_reasoning,candidate,general,base,28,mmd_rbf,0.004862034227699041,128
aim_on_task_arithmetic__calib_reasoning,candidate,general,base,28,projected_js,0.056288936466444284,128
aim_on_task_arithmetic__calib_reasoning,candidate,general,base,29,mmd_rbf,0.004677883815020323,128
aim_on_task_arithmetic__calib_reasoning,candidate,general,base,29,projected_js,0.055731231142999604,128
aim_on_task_arithmetic__calib_reasoning,candidate,general,base,30,mmd_rbf,0.004488618578761816,128
aim_on_task_arithmetic__calib_reasoning,candidate,general,base,30,projected_js,0.05651219765422866,128
aim_on_task_arithmetic__calib_reasoning,candidate,general,base,31,mmd_rbf,0.004305870737880468,128
aim_on_task_arithmetic__calib_reasoning,candidate,general,base,31,projected_js,0.054907639452721924,128
aim_on_task_arithmetic__calib_reasoning,candidate,general,base,32,mmd_rbf,0.004659952130168676,128
aim_on_task_arithmetic__calib_reasoning,candidate,general,base,32,projected_js,0.05498977881507017,128
aim_on_task_arithmetic__calib_reasoning,candidate,general,base,33,mmd_rbf,0.005027587991207838,128
aim_on_task_arithmetic__calib_reasoning,candidate,general,base,33,projected_js,0.05743084385176189,128
aim_on_task_arithmetic__calib_reasoning,candidate,general,base,34,mmd_rbf,0.009849832393229008,128
aim_on_task_arithmetic__calib_reasoning,candidate,general,base,34,projected_js,0.05988579714903608,128
aim_on_task_arithmetic__calib_reasoning,candidate,general,base,35,mmd_rbf,0.06167367845773697,128
aim_on_task_arithmetic__calib_reasoning,candidate,general,base,35,projected_js,0.10419062108849175,128
aim_on_task_arithmetic__calib_reasoning,candidate,general,instr_only,0,mmd_rbf,0.0024560808669775724,128
aim_on_task_arithmetic__calib_reasoning,candidate,general,instr_only,0,projected_js,0.029874717380153015,128
aim_on_task_arithmetic__calib_reasoning,candidate,general,instr_only,1,mmd_rbf,0.004404151346534491,128
aim_on_task_arithmetic__calib_reasoning,candidate,general,instr_only,1,projected_js,0.037372366365161724,128
aim_on_task_arithmetic__calib_reasoning,candidate,general,instr_only,2,mmd_rbf,0.00503371050581336,128
aim_on_task_arithmetic__calib_reasoning,candidate,general,instr_only,2,projected_js,0.041646286263130605,128
aim_on_task_arithmetic__calib_reasoning,candidate,general,instr_only,3,mmd_rbf,0.006558300461620092,128
aim_on_task_arithmetic__calib_reasoning,candidate,general,instr_only,3,projected_js,0.04558753382298164,128
aim_on_task_arithmetic__calib_reasoning,candidate,general,instr_only,4,mmd_rbf,0.006923128850758076,128
aim_on_task_arithmetic__calib_reasoning,candidate,general,instr_only,4,projected_js,0.04559169625281356,128
aim_on_task_arithmetic__calib_reasoning,candidate,general,instr_only,5,mmd_rbf,0.006624387111514807,128
aim_on_task_arithmetic__calib_reasoning,candidate,general,instr_only,5,projected_js,0.04594174609519541,128
aim_on_task_arithmetic__calib_reasoning,candidate,general,instr_only,6,mmd_rbf,0.004626195412129164,128
aim_on_task_arithmetic__calib_reasoning,candidate,general,instr_only,6,projected_js,0.04717255072318949,128
aim_on_task_arithmetic__calib_reasoning,candidate,general,instr_only,7,mmd_rbf,0.0037147824186831713,128
aim_on_task_arithmetic__calib_reasoning,candidate,general,instr_only,7,projected_js,0.044104855056502856,128
aim_on_task_arithmetic__calib_reasoning,candidate,general,instr_only,8,mmd_rbf,0.0028799050487577915,128
aim_on_task_arithmetic__calib_reasoning,candidate,general,instr_only,8,projected_js,0.046256841160357,128
aim_on_task_arithmetic__calib_reasoning,candidate,general,instr_only,9,mmd_rbf,0.002836608560755849,128
aim_on_task_arithmetic__calib_reasoning,candidate,general,instr_only,9,projected_js,0.048314700135961175,128
aim_on_task_arithmetic__calib_reasoning,candidate,general,instr_only,10,mmd_rbf,0.002933371812105179,128
aim_on_task_arithmetic__calib_reasoning,candidate,general,instr_only,10,projected_js,0.04778438532957807,128
aim_on_task_arithmetic__calib_reasoning,candidate,general,instr_only,11,mmd_rbf,0.003006664803251624,128
aim_on_task_arithmetic__calib_reasoning,candidate,general,instr_only,11,projected_js,0.04860843904316425,128
aim_on_task_arithmetic__calib_reasoning,candidate,general,instr_only,12,mmd_rbf,0.0032185204327106476,128
aim_on_task_arithmetic__calib_reasoning,candidate,general,instr_only,12,projected_js,0.051550166768720374,128
aim_on_task_arithmetic__calib_reasoning,candidate,general,instr_only,13,mmd_rbf,0.0037025019992142916,128
aim_on_task_arithmetic__calib_reasoning,candidate,general,instr_only,13,projected_js,0.05499947170028463,128
aim_on_task_arithmetic__calib_reasoning,candidate,general,instr_only,14,mmd_rbf,0.003871399210765958,128
aim_on_task_arithmetic__calib_reasoning,candidate,general,instr_only,14,projected_js,0.05284981511067599,128
aim_on_task_arithmetic__calib_reasoning,candidate,general,instr_only,15,mmd_rbf,0.004199568647891283,128
aim_on_task_arithmetic__calib_reasoning,candidate,general,instr_only,15,projected_js,0.05541431161691435,128
aim_on_task_arithmetic__calib_reasoning,candidate,general,instr_only,16,mmd_rbf,0.004647594876587391,128
aim_on_task_arithmetic__calib_reasoning,candidate,general,instr_only,16,projected_js,0.056739350548014045,128
aim_on_task_arithmetic__calib_reasoning,candidate,general,instr_only,17,mmd_rbf,0.004984505008906126,128
aim_on_task_arithmetic__calib_reasoning,candidate,general,instr_only,17,projected_js,0.0574039013881702,128
aim_on_task_arithmetic__calib_reasoning,candidate,general,instr_only,18,mmd_rbf,0.005241707433015108,128
aim_on_task_arithmetic__calib_reasoning,candidate,general,instr_only,18,projected_js,0.0577216487727128,128
aim_on_task_arithmetic__calib_reasoning,candidate,general,instr_only,19,mmd_rbf,0.005526283290237188,128
aim_on_task_arithmetic__calib_reasoning,candidate,general,instr_only,19,projected_js,0.058918387920130044,128
aim_on_task_arithmetic__calib_reasoning,candidate,general,instr_only,20,mmd_rbf,0.005603303667157888,128
aim_on_task_arithmetic__calib_reasoning,candidate,general,instr_only,20,projected_js,0.05845193672575988,128
aim_on_task_arithmetic__calib_reasoning,candidate,general,instr_only,21,mmd_rbf,0.005753281060606241,128
aim_on_task_arithmetic__calib_reasoning,candidate,general,instr_only,21,projected_js,0.056064306176267564,128
aim_on_task_arithmetic__calib_reasoning,candidate,general,instr_only,22,mmd_rbf,0.006075982935726643,128
aim_on_task_arithmetic__calib_reasoning,candidate,general,instr_only,22,projected_js,0.060411520855268463,128
aim_on_task_arithmetic__calib_reasoning,candidate,general,instr_only,23,mmd_rbf,0.006027149502187967,128
aim_on_task_arithmetic__calib_reasoning,candidate,general,instr_only,23,projected_js,0.05717564350925386,128
aim_on_task_arithmetic__calib_reasoning,candidate,general,instr_only,24,mmd_rbf,0.006239248905330896,128
aim_on_task_arithmetic__calib_reasoning,candidate,general,instr_only,24,projected_js,0.056745621404843405,128
aim_on_task_arithmetic__calib_reasoning,candidate,general,instr_only,25,mmd_rbf,0.006296258419752121,128
aim_on_task_arithmetic__calib_reasoning,candidate,general,instr_only,25,projected_js,0.059706381463911384,128
aim_on_task_arithmetic__calib_reasoning,candidate,general,instr_only,26,mmd_rbf,0.006441436242312193,128
aim_on_task_arithmetic__calib_reasoning,candidate,general,instr_only,26,projected_js,0.05602313217241317,128
aim_on_task_arithmetic__calib_reasoning,candidate,general,instr_only,27,mmd_rbf,0.006455376744270325,128
aim_on_task_arithmetic__calib_reasoning,candidate,general,instr_only,27,projected_js,0.06077407076372765,128
aim_on_task_arithmetic__calib_reasoning,candidate,general,instr_only,28,mmd_rbf,0.006225516553968191,128
aim_on_task_arithmetic__calib_reasoning,candidate,general,instr_only,28,projected_js,0.057693596521858126,128
aim_on_task_arithmetic__calib_reasoning,candidate,general,instr_only,29,mmd_rbf,0.00589341064915061,128
aim_on_task_arithmetic__calib_reasoning,candidate,general,instr_only,29,projected_js,0.05589290615171194,128
aim_on_task_arithmetic__calib_reasoning,candidate,general,instr_only,30,mmd_rbf,0.0055958665907382965,128
aim_on_task_arithmetic__calib_reasoning,candidate,general,instr_only,30,projected_js,0.059863803908228874,128
aim_on_task_arithmetic__calib_reasoning,candidate,general,instr_only,31,mmd_rbf,0.005531403701752424,128
aim_on_task_arithmetic__calib_reasoning,candidate,general,instr_only,31,projected_js,0.05754868546500802,128
aim_on_task_arithmetic__calib_reasoning,candidate,general,instr_only,32,mmd_rbf,0.005662490613758564,128
aim_on_task_arithmetic__calib_reasoning,candidate,general,instr_only,32,projected_js,0.056457799044437706,128
aim_on_task_arithmetic__calib_reasoning,candidate,general,instr_only,33,mmd_rbf,0.005614187568426132,128
aim_on_task_arithmetic__calib_reasoning,candidate,general,instr_only,33,projected_js,0.05732767848530784,128
aim_on_task_arithmetic__calib_reasoning,candidate,general,instr_only,34,mmd_rbf,0.007008490152657032,128
aim_on_task_arithmetic__calib_reasoning,candidate,general,instr_only,34,projected_js,0.055391027679434046,128
aim_on_task_arithmetic__calib_reasoning,candidate,general,instr_only,35,mmd_rbf,0.03813207894563675,128
aim_on_task_arithmetic__calib_reasoning,candidate,general,instr_only,35,projected_js,0.08261995611246675,128
aim_on_task_arithmetic__calib_reasoning,candidate,general,reasoning_only,0,mmd_rbf,0.01593530736863613,128
aim_on_task_arithmetic__calib_reasoning,candidate,general,reasoning_only,0,projected_js,0.06256882642628625,128
aim_on_task_arithmetic__calib_reasoning,candidate,general,reasoning_only,1,mmd_rbf,0.017532173544168472,128
aim_on_task_arithmetic__calib_reasoning,candidate,general,reasoning_only,1,projected_js,0.066312225186266,128
aim_on_task_arithmetic__calib_reasoning,candidate,general,reasoning_only,2,mmd_rbf,0.02408815734088421,128
aim_on_task_arithmetic__calib_reasoning,candidate,general,reasoning_only,2,projected_js,0.06850653138826601,128
aim_on_task_arithmetic__calib_reasoning,candidate,general,reasoning_only,3,mmd_rbf,0.025805681943893433,128
aim_on_task_arithmetic__calib_reasoning,candidate,general,reasoning_only,3,projected_js,0.08166534139309078,128
aim_on_task_arithmetic__calib_reasoning,candidate,general,reasoning_only,4,mmd_rbf,0.025211989879608154,128
aim_on_task_arithmetic__calib_reasoning,candidate,general,reasoning_only,4,projected_js,0.0781908210774418,128
aim_on_task_arithmetic__calib_reasoning,candidate,general,reasoning_only,5,mmd_rbf,0.025012189522385597,128
aim_on_task_arithmetic__calib_reasoning,candidate,general,reasoning_only,5,projected_js,0.07849160913610831,128
aim_on_task_arithmetic__calib_reasoning,candidate,general,reasoning_only,6,mmd_rbf,0.017326636239886284,128
aim_on_task_arithmetic__calib_reasoning,candidate,general,reasoning_only,6,projected_js,0.07137327926466241,128
aim_on_task_arithmetic__calib_reasoning,candidate,general,reasoning_only,7,mmd_rbf,0.01593930460512638,128
aim_on_task_arithmetic__calib_reasoning,candidate,general,reasoning_only,7,projected_js,0.070054049952887,128
aim_on_task_arithmetic__calib_reasoning,candidate,general,reasoning_only,8,mmd_rbf,0.012229773215949535,128
aim_on_task_arithmetic__calib_reasoning,candidate,general,reasoning_only,8,projected_js,0.06775511510204524,128
aim_on_task_arithmetic__calib_reasoning,candidate,general,reasoning_only,9,mmd_rbf,0.01157430000603199,128
aim_on_task_arithmetic__calib_reasoning,candidate,general,reasoning_only,9,projected_js,0.06481326679931954,128
aim_on_task_arithmetic__calib_reasoning,candidate,general,reasoning_only,10,mmd_rbf,0.012254061177372932,128
aim_on_task_arithmetic__calib_reasoning,candidate,general,reasoning_only,10,projected_js,0.06295255845179781,128
aim_on_task_arithmetic__calib_reasoning,candidate,general,reasoning_only,11,mmd_rbf,0.011018733493983746,128
aim_on_task_arithmetic__calib_reasoning,candidate,general,reasoning_only,11,projected_js,0.06238873052643612,128
aim_on_task_arithmetic__calib_reasoning,candidate,general,reasoning_only,12,mmd_rbf,0.01112790685147047,128
aim_on_task_arithmetic__calib_reasoning,candidate,general,reasoning_only,12,projected_js,0.06698388408403844,128
aim_on_task_arithmetic__calib_reasoning,candidate,general,reasoning_only,13,mmd_rbf,0.011471672914922237,128
aim_on_task_arithmetic__calib_reasoning,candidate,general,reasoning_only,13,projected_js,0.06489878089632839,128
aim_on_task_arithmetic__calib_reasoning,candidate,general,reasoning_only,14,mmd_rbf,0.011319940909743309,128
aim_on_task_arithmetic__calib_reasoning,candidate,general,reasoning_only,14,projected_js,0.06315573156462051,128
aim_on_task_arithmetic__calib_reasoning,candidate,general,reasoning_only,15,mmd_rbf,0.012030552141368389,128
aim_on_task_arithmetic__calib_reasoning,candidate,general,reasoning_only,15,projected_js,0.06316467747092247,128
aim_on_task_arithmetic__calib_reasoning,candidate,general,reasoning_only,16,mmd_rbf,0.012297411449253559,128
aim_on_task_arithmetic__calib_reasoning,candidate,general,reasoning_only,16,projected_js,0.06515749791287817,128
aim_on_task_arithmetic__calib_reasoning,candidate,general,reasoning_only,17,mmd_rbf,0.011916550807654858,128
aim_on_task_arithmetic__calib_reasoning,candidate,general,reasoning_only,17,projected_js,0.06608620536280796,128
aim_on_task_arithmetic__calib_reasoning,candidate,general,reasoning_only,18,mmd_rbf,0.013611773028969765,128
aim_on_task_arithmetic__calib_reasoning,candidate,general,reasoning_only,18,projected_js,0.06535884633194655,128
aim_on_task_arithmetic__calib_reasoning,candidate,general,reasoning_only,19,mmd_rbf,0.012550050392746925,128
aim_on_task_arithmetic__calib_reasoning,candidate,general,reasoning_only,19,projected_js,0.0655408906750381,128
aim_on_task_arithmetic__calib_reasoning,candidate,general,reasoning_only,20,mmd_rbf,0.012310618534684181,128
aim_on_task_arithmetic__calib_reasoning,candidate,general,reasoning_only,20,projected_js,0.062442407332127914,128
aim_on_task_arithmetic__calib_reasoning,candidate,general,reasoning_only,21,mmd_rbf,0.012942167930305004,128
aim_on_task_arithmetic__calib_reasoning,candidate,general,reasoning_only,21,projected_js,0.06417172300280072,128
aim_on_task_arithmetic__calib_reasoning,candidate,general,reasoning_only,22,mmd_rbf,0.010912447236478329,128
aim_on_task_arithmetic__calib_reasoning,candidate,general,reasoning_only,22,projected_js,0.06298008555313572,128
aim_on_task_arithmetic__calib_reasoning,candidate,general,reasoning_only,23,mmd_rbf,0.00877231452614069,128
aim_on_task_arithmetic__calib_reasoning,candidate,general,reasoning_only,23,projected_js,0.06538195995381102,128
aim_on_task_arithmetic__calib_reasoning,candidate,general,reasoning_only,24,mmd_rbf,0.008839049376547337,128
aim_on_task_arithmetic__calib_reasoning,candidate,general,reasoning_only,24,projected_js,0.06123155256500468,128
aim_on_task_arithmetic__calib_reasoning,candidate,general,reasoning_only,25,mmd_rbf,0.008054754696786404,128
aim_on_task_arithmetic__calib_reasoning,candidate,general,reasoning_only,25,projected_js,0.060987184435361996,128
aim_on_task_arithmetic__calib_reasoning,candidate,general,reasoning_only,26,mmd_rbf,0.00798887386918068,128
aim_on_task_arithmetic__calib_reasoning,candidate,general,reasoning_only,26,projected_js,0.0588018445414491,128
aim_on_task_arithmetic__calib_reasoning,candidate,general,reasoning_only,27,mmd_rbf,0.007605504244565964,128
aim_on_task_arithmetic__calib_reasoning,candidate,general,reasoning_only,27,projected_js,0.06151672374107875,128
aim_on_task_arithmetic__calib_reasoning,candidate,general,reasoning_only,28,mmd_rbf,0.0077654034830629826,128
aim_on_task_arithmetic__calib_reasoning,candidate,general,reasoning_only,28,projected_js,0.060035189730115235,128
aim_on_task_arithmetic__calib_reasoning,candidate,general,reasoning_only,29,mmd_rbf,0.007645525969564915,128
aim_on_task_arithmetic__calib_reasoning,candidate,general,reasoning_only,29,projected_js,0.0605415184982121,128
aim_on_task_arithmetic__calib_reasoning,candidate,general,reasoning_only,30,mmd_rbf,0.00746860122308135,128
aim_on_task_arithmetic__calib_reasoning,candidate,general,reasoning_only,30,projected_js,0.05966867000097409,128
aim_on_task_arithmetic__calib_reasoning,candidate,general,reasoning_only,31,mmd_rbf,0.007414672058075666,128
aim_on_task_arithmetic__calib_reasoning,candidate,general,reasoning_only,31,projected_js,0.05928394349757582,128
aim_on_task_arithmetic__calib_reasoning,candidate,general,reasoning_only,32,mmd_rbf,0.007321271579712629,128
aim_on_task_arithmetic__calib_reasoning,candidate,general,reasoning_only,32,projected_js,0.059863444534130394,128
aim_on_task_arithmetic__calib_reasoning,candidate,general,reasoning_only,33,mmd_rbf,0.007270467467606068,128
aim_on_task_arithmetic__calib_reasoning,candidate,general,reasoning_only,33,projected_js,0.06196175538934767,128
aim_on_task_arithmetic__calib_reasoning,candidate,general,reasoning_only,34,mmd_rbf,0.007562930230051279,128
aim_on_task_arithmetic__calib_reasoning,candidate,general,reasoning_only,34,projected_js,0.0572766391269397,128
aim_on_task_arithmetic__calib_reasoning,candidate,general,reasoning_only,35,mmd_rbf,0.029024740681052208,128
aim_on_task_arithmetic__calib_reasoning,candidate,general,reasoning_only,35,projected_js,0.07239596630097367,128
aim_on_task_arithmetic__calib_reasoning,candidate,general,uncensored_only,0,mmd_rbf,0.007193565368652344,128
aim_on_task_arithmetic__calib_reasoning,candidate,general,uncensored_only,0,projected_js,0.039953028404852375,128
aim_on_task_arithmetic__calib_reasoning,candidate,general,uncensored_only,1,mmd_rbf,0.16081057488918304,128
aim_on_task_arithmetic__calib_reasoning,candidate,general,uncensored_only,1,projected_js,0.16963021294213831,128
aim_on_task_arithmetic__calib_reasoning,candidate,general,uncensored_only,2,mmd_rbf,0.1323111206293106,128
aim_on_task_arithmetic__calib_reasoning,candidate,general,uncensored_only,2,projected_js,0.1327462107874453,128
aim_on_task_arithmetic__calib_reasoning,candidate,general,uncensored_only,3,mmd_rbf,0.1008773073554039,128
aim_on_task_arithmetic__calib_reasoning,candidate,general,uncensored_only,3,projected_js,0.12167352065443993,128
aim_on_task_arithmetic__calib_reasoning,candidate,general,uncensored_only,4,mmd_rbf,0.07352810353040695,128
aim_on_task_arithmetic__calib_reasoning,candidate,general,uncensored_only,4,projected_js,0.11025743104983121,128
aim_on_task_arithmetic__calib_reasoning,candidate,general,uncensored_only,5,mmd_rbf,0.051181863993406296,128
aim_on_task_arithmetic__calib_reasoning,candidate,general,uncensored_only,5,projected_js,0.10333140229340643,128
aim_on_task_arithmetic__calib_reasoning,candidate,general,uncensored_only,6,mmd_rbf,0.028991783037781715,128
aim_on_task_arithmetic__calib_reasoning,candidate,general,uncensored_only,6,projected_js,0.08050519984681159,128
aim_on_task_arithmetic__calib_reasoning,candidate,general,uncensored_only,7,mmd_rbf,0.022216999903321266,128
aim_on_task_arithmetic__calib_reasoning,candidate,general,uncensored_only,7,projected_js,0.07327724510105327,128
aim_on_task_arithmetic__calib_reasoning,candidate,general,uncensored_only,8,mmd_rbf,0.014718100428581238,128
aim_on_task_arithmetic__calib_reasoning,candidate,general,uncensored_only,8,projected_js,0.06519144636695273,128
aim_on_task_arithmetic__calib_reasoning,candidate,general,uncensored_only,9,mmd_rbf,0.012411042116582394,128
aim_on_task_arithmetic__calib_reasoning,candidate,general,uncensored_only,9,projected_js,0.06320783286355436,128
aim_on_task_arithmetic__calib_reasoning,candidate,general,uncensored_only,10,mmd_rbf,0.010908764787018299,128
aim_on_task_arithmetic__calib_reasoning,candidate,general,uncensored_only,10,projected_js,0.06576322606997564,128
aim_on_task_arithmetic__calib_reasoning,candidate,general,uncensored_only,11,mmd_rbf,0.009510798379778862,128
aim_on_task_arithmetic__calib_reasoning,candidate,general,uncensored_only,11,projected_js,0.0628037677379325,128
aim_on_task_arithmetic__calib_reasoning,candidate,general,uncensored_only,12,mmd_rbf,0.009200683794915676,128
aim_on_task_arithmetic__calib_reasoning,candidate,general,uncensored_only,12,projected_js,0.06073273019865155,128
aim_on_task_arithmetic__calib_reasoning,candidate,general,uncensored_only,13,mmd_rbf,0.009845427237451077,128
aim_on_task_arithmetic__calib_reasoning,candidate,general,uncensored_only,13,projected_js,0.061609992932062596,128
aim_on_task_arithmetic__calib_reasoning,candidate,general,uncensored_only,14,mmd_rbf,0.009740518406033516,128
aim_on_task_arithmetic__calib_reasoning,candidate,general,uncensored_only,14,projected_js,0.06442543788580224,128
aim_on_task_arithmetic__calib_reasoning,candidate,general,uncensored_only,15,mmd_rbf,0.012190449051558971,128
aim_on_task_arithmetic__calib_reasoning,candidate,general,uncensored_only,15,projected_js,0.06488600460579619,128
aim_on_task_arithmetic__calib_reasoning,candidate,general,uncensored_only,16,mmd_rbf,0.013345199637115002,128
aim_on_task_arithmetic__calib_reasoning,candidate,general,uncensored_only,16,projected_js,0.0669803722994402,128
aim_on_task_arithmetic__calib_reasoning,candidate,general,uncensored_only,17,mmd_rbf,0.012454022653400898,128
aim_on_task_arithmetic__calib_reasoning,candidate,general,uncensored_only,17,projected_js,0.06605564308119938,128
aim_on_task_arithmetic__calib_reasoning,candidate,general,uncensored_only,18,mmd_rbf,0.012602019123733044,128
aim_on_task_arithmetic__calib_reasoning,candidate,general,uncensored_only,18,projected_js,0.06774850009242073,128
aim_on_task_arithmetic__calib_reasoning,candidate,general,uncensored_only,19,mmd_rbf,0.011618505232036114,128
aim_on_task_arithmetic__calib_reasoning,candidate,general,uncensored_only,19,projected_js,0.06691441271686926,128
aim_on_task_arithmetic__calib_reasoning,candidate,general,uncensored_only,20,mmd_rbf,0.011516065336763859,128
aim_on_task_arithmetic__calib_reasoning,candidate,general,uncensored_only,20,projected_js,0.0650063970242627,128
aim_on_task_arithmetic__calib_reasoning,candidate,general,uncensored_only,21,mmd_rbf,0.01237849798053503,128
aim_on_task_arithmetic__calib_reasoning,candidate,general,uncensored_only,21,projected_js,0.06653630180517212,128
aim_on_task_arithmetic__calib_reasoning,candidate,general,uncensored_only,22,mmd_rbf,0.012892446480691433,128
aim_on_task_arithmetic__calib_reasoning,candidate,general,uncensored_only,22,projected_js,0.0662441958556883,128
aim_on_task_arithmetic__calib_reasoning,candidate,general,uncensored_only,23,mmd_rbf,0.012346590869128704,128
aim_on_task_arithmetic__calib_reasoning,candidate,general,uncensored_only,23,projected_js,0.06429677165579051,128
aim_on_task_arithmetic__calib_reasoning,candidate,general,uncensored_only,24,mmd_rbf,0.012768826447427273,128
aim_on_task_arithmetic__calib_reasoning,candidate,general,uncensored_only,24,projected_js,0.06554653134662658,128
aim_on_task_arithmetic__calib_reasoning,candidate,general,uncensored_only,25,mmd_rbf,0.013027690351009369,128
aim_on_task_arithmetic__calib_reasoning,candidate,general,uncensored_only,25,projected_js,0.06725715281208977,128
aim_on_task_arithmetic__calib_reasoning,candidate,general,uncensored_only,26,mmd_rbf,0.013402245007455349,128
aim_on_task_arithmetic__calib_reasoning,candidate,general,uncensored_only,26,projected_js,0.06551471882266924,128
aim_on_task_arithmetic__calib_reasoning,candidate,general,uncensored_only,27,mmd_rbf,0.013455457985401154,128
aim_on_task_arithmetic__calib_reasoning,candidate,general,uncensored_only,27,projected_js,0.06667245551943779,128
aim_on_task_arithmetic__calib_reasoning,candidate,general,uncensored_only,28,mmd_rbf,0.012516635470092297,128
aim_on_task_arithmetic__calib_reasoning,candidate,general,uncensored_only,28,projected_js,0.06838087789947167,128
aim_on_task_arithmetic__calib_reasoning,candidate,general,uncensored_only,29,mmd_rbf,0.01212595496326685,128
aim_on_task_arithmetic__calib_reasoning,candidate,general,uncensored_only,29,projected_js,0.06415354739874601,128
aim_on_task_arithmetic__calib_reasoning,candidate,general,uncensored_only,30,mmd_rbf,0.012139497324824333,128
aim_on_task_arithmetic__calib_reasoning,candidate,general,uncensored_only,30,projected_js,0.0652447689208202,128
aim_on_task_arithmetic__calib_reasoning,candidate,general,uncensored_only,31,mmd_rbf,0.011547393165528774,128
aim_on_task_arithmetic__calib_reasoning,candidate,general,uncensored_only,31,projected_js,0.06510690593859181,128
aim_on_task_arithmetic__calib_reasoning,candidate,general,uncensored_only,32,mmd_rbf,0.011369188316166401,128
aim_on_task_arithmetic__calib_reasoning,candidate,general,uncensored_only,32,projected_js,0.05887294601416215,128
aim_on_task_arithmetic__calib_reasoning,candidate,general,uncensored_only,33,mmd_rbf,0.011438058689236641,128
aim_on_task_arithmetic__calib_reasoning,candidate,general,uncensored_only,33,projected_js,0.06076924683293328,128
aim_on_task_arithmetic__calib_reasoning,candidate,general,uncensored_only,34,mmd_rbf,0.012603992596268654,128
aim_on_task_arithmetic__calib_reasoning,candidate,general,uncensored_only,34,projected_js,0.05955318416818045,128
aim_on_task_arithmetic__calib_reasoning,candidate,general,uncensored_only,35,mmd_rbf,0.05202779918909073,128
aim_on_task_arithmetic__calib_reasoning,candidate,general,uncensored_only,35,projected_js,0.09221017191885039,128
aim_on_task_arithmetic__calib_reasoning,candidate,instruction,base,0,mmd_rbf,0.002848193049430847,128
aim_on_task_arithmetic__calib_reasoning,candidate,instruction,base,0,projected_js,0.0385139296122361,128
aim_on_task_arithmetic__calib_reasoning,candidate,instruction,base,1,mmd_rbf,0.005738118197768927,128
aim_on_task_arithmetic__calib_reasoning,candidate,instruction,base,1,projected_js,0.045727850520052016,128
aim_on_task_arithmetic__calib_reasoning,candidate,instruction,base,2,mmd_rbf,0.006687717046588659,128
aim_on_task_arithmetic__calib_reasoning,candidate,instruction,base,2,projected_js,0.05388006751309149,128
aim_on_task_arithmetic__calib_reasoning,candidate,instruction,base,3,mmd_rbf,0.009196294471621513,128
aim_on_task_arithmetic__calib_reasoning,candidate,instruction,base,3,projected_js,0.0592311515356414,128
aim_on_task_arithmetic__calib_reasoning,candidate,instruction,base,4,mmd_rbf,0.008678540587425232,128
aim_on_task_arithmetic__calib_reasoning,candidate,instruction,base,4,projected_js,0.06014922520262189,128
aim_on_task_arithmetic__calib_reasoning,candidate,instruction,base,5,mmd_rbf,0.009177791886031628,128
aim_on_task_arithmetic__calib_reasoning,candidate,instruction,base,5,projected_js,0.055210602266015485,128
aim_on_task_arithmetic__calib_reasoning,candidate,instruction,base,6,mmd_rbf,0.008004478178918362,128
aim_on_task_arithmetic__calib_reasoning,candidate,instruction,base,6,projected_js,0.05612435447983444,128
aim_on_task_arithmetic__calib_reasoning,candidate,instruction,base,7,mmd_rbf,0.007636341731995344,128
aim_on_task_arithmetic__calib_reasoning,candidate,instruction,base,7,projected_js,0.059786718571558595,128
aim_on_task_arithmetic__calib_reasoning,candidate,instruction,base,8,mmd_rbf,0.006987555418163538,128
aim_on_task_arithmetic__calib_reasoning,candidate,instruction,base,8,projected_js,0.05904876335989684,128
aim_on_task_arithmetic__calib_reasoning,candidate,instruction,base,9,mmd_rbf,0.007702193688601255,128
aim_on_task_arithmetic__calib_reasoning,candidate,instruction,base,9,projected_js,0.06251910570426844,128
aim_on_task_arithmetic__calib_reasoning,candidate,instruction,base,10,mmd_rbf,0.008500547148287296,128
aim_on_task_arithmetic__calib_reasoning,candidate,instruction,base,10,projected_js,0.063849693746306,128
aim_on_task_arithmetic__calib_reasoning,candidate,instruction,base,11,mmd_rbf,0.008491108193993568,128
aim_on_task_arithmetic__calib_reasoning,candidate,instruction,base,11,projected_js,0.06365003867540509,128
aim_on_task_arithmetic__calib_reasoning,candidate,instruction,base,12,mmd_rbf,0.00839229580014944,128
aim_on_task_arithmetic__calib_reasoning,candidate,instruction,base,12,projected_js,0.06890422059223056,128
aim_on_task_arithmetic__calib_reasoning,candidate,instruction,base,13,mmd_rbf,0.009042009711265564,128
aim_on_task_arithmetic__calib_reasoning,candidate,instruction,base,13,projected_js,0.06573354895226657,128
aim_on_task_arithmetic__calib_reasoning,candidate,instruction,base,14,mmd_rbf,0.009749218821525574,128
aim_on_task_arithmetic__calib_reasoning,candidate,instruction,base,14,projected_js,0.06459989881841466,128
aim_on_task_arithmetic__calib_reasoning,candidate,instruction,base,15,mmd_rbf,0.010872992686927319,128
aim_on_task_arithmetic__calib_reasoning,candidate,instruction,base,15,projected_js,0.06936556159052998,128
aim_on_task_arithmetic__calib_reasoning,candidate,instruction,base,16,mmd_rbf,0.011683167889714241,128
aim_on_task_arithmetic__calib_reasoning,candidate,instruction,base,16,projected_js,0.06655389396473765,128
aim_on_task_arithmetic__calib_reasoning,candidate,instruction,base,17,mmd_rbf,0.011498267762362957,128
aim_on_task_arithmetic__calib_reasoning,candidate,instruction,base,17,projected_js,0.0698927950579673,128
aim_on_task_arithmetic__calib_reasoning,candidate,instruction,base,18,mmd_rbf,0.012569071725010872,128
aim_on_task_arithmetic__calib_reasoning,candidate,instruction,base,18,projected_js,0.07140663382597268,128
aim_on_task_arithmetic__calib_reasoning,candidate,instruction,base,19,mmd_rbf,0.013853850774466991,128
aim_on_task_arithmetic__calib_reasoning,candidate,instruction,base,19,projected_js,0.0669264592579566,128
aim_on_task_arithmetic__calib_reasoning,candidate,instruction,base,20,mmd_rbf,0.013818514533340931,128
aim_on_task_arithmetic__calib_reasoning,candidate,instruction,base,20,projected_js,0.06879174141795374,128
aim_on_task_arithmetic__calib_reasoning,candidate,instruction,base,21,mmd_rbf,0.014751921407878399,128
aim_on_task_arithmetic__calib_reasoning,candidate,instruction,base,21,projected_js,0.07386157684959471,128
aim_on_task_arithmetic__calib_reasoning,candidate,instruction,base,22,mmd_rbf,0.014240077696740627,128
aim_on_task_arithmetic__calib_reasoning,candidate,instruction,base,22,projected_js,0.0690416368888691,128
aim_on_task_arithmetic__calib_reasoning,candidate,instruction,base,23,mmd_rbf,0.01321845967322588,128
aim_on_task_arithmetic__calib_reasoning,candidate,instruction,base,23,projected_js,0.07156208454398438,128
aim_on_task_arithmetic__calib_reasoning,candidate,instruction,base,24,mmd_rbf,0.012226310558617115,128
aim_on_task_arithmetic__calib_reasoning,candidate,instruction,base,24,projected_js,0.06799437379231676,128
aim_on_task_arithmetic__calib_reasoning,candidate,instruction,base,25,mmd_rbf,0.0114339180290699,128
aim_on_task_arithmetic__calib_reasoning,candidate,instruction,base,25,projected_js,0.0670278180623427,128
aim_on_task_arithmetic__calib_reasoning,candidate,instruction,base,26,mmd_rbf,0.011008399538695812,128
aim_on_task_arithmetic__calib_reasoning,candidate,instruction,base,26,projected_js,0.0646447716280818,128
aim_on_task_arithmetic__calib_reasoning,candidate,instruction,base,27,mmd_rbf,0.010682950727641582,128
aim_on_task_arithmetic__calib_reasoning,candidate,instruction,base,27,projected_js,0.06612784980097786,128
aim_on_task_arithmetic__calib_reasoning,candidate,instruction,base,28,mmd_rbf,0.009941399097442627,128
aim_on_task_arithmetic__calib_reasoning,candidate,instruction,base,28,projected_js,0.06446142576169223,128
aim_on_task_arithmetic__calib_reasoning,candidate,instruction,base,29,mmd_rbf,0.009421441704034805,128
aim_on_task_arithmetic__calib_reasoning,candidate,instruction,base,29,projected_js,0.06392225145827979,128
aim_on_task_arithmetic__calib_reasoning,candidate,instruction,base,30,mmd_rbf,0.009230174124240875,128
aim_on_task_arithmetic__calib_reasoning,candidate,instruction,base,30,projected_js,0.06428635440533981,128
aim_on_task_arithmetic__calib_reasoning,candidate,instruction,base,31,mmd_rbf,0.008981645107269287,128
aim_on_task_arithmetic__calib_reasoning,candidate,instruction,base,31,projected_js,0.06651608127867803,128
aim_on_task_arithmetic__calib_reasoning,candidate,instruction,base,32,mmd_rbf,0.009388217702507973,128
aim_on_task_arithmetic__calib_reasoning,candidate,instruction,base,32,projected_js,0.06759986723773181,128
aim_on_task_arithmetic__calib_reasoning,candidate,instruction,base,33,mmd_rbf,0.009672597050666809,128
aim_on_task_arithmetic__calib_reasoning,candidate,instruction,base,33,projected_js,0.06788304657675326,128
aim_on_task_arithmetic__calib_reasoning,candidate,instruction,base,34,mmd_rbf,0.015091595239937305,128
aim_on_task_arithmetic__calib_reasoning,candidate,instruction,base,34,projected_js,0.07472225773381069,128
aim_on_task_arithmetic__calib_reasoning,candidate,instruction,base,35,mmd_rbf,0.0534045472741127,128
aim_on_task_arithmetic__calib_reasoning,candidate,instruction,base,35,projected_js,0.11314594000577927,128
aim_on_task_arithmetic__calib_reasoning,candidate,instruction,instr_only,0,mmd_rbf,0.001639863825403154,128
aim_on_task_arithmetic__calib_reasoning,candidate,instruction,instr_only,0,projected_js,0.03303759494156111,128
aim_on_task_arithmetic__calib_reasoning,candidate,instruction,instr_only,1,mmd_rbf,0.003425267292186618,128
aim_on_task_arithmetic__calib_reasoning,candidate,instruction,instr_only,1,projected_js,0.03839077241718769,128
aim_on_task_arithmetic__calib_reasoning,candidate,instruction,instr_only,2,mmd_rbf,0.004429351072758436,128
aim_on_task_arithmetic__calib_reasoning,candidate,instruction,instr_only,2,projected_js,0.047784505964955315,128
aim_on_task_arithmetic__calib_reasoning,candidate,instruction,instr_only,3,mmd_rbf,0.00481825927272439,128
aim_on_task_arithmetic__calib_reasoning,candidate,instruction,instr_only,3,projected_js,0.04538187521393411,128
aim_on_task_arithmetic__calib_reasoning,candidate,instruction,instr_only,4,mmd_rbf,0.005085588898509741,128
aim_on_task_arithmetic__calib_reasoning,candidate,instruction,instr_only,4,projected_js,0.04865864446037449,128
aim_on_task_arithmetic__calib_reasoning,candidate,instruction,instr_only,5,mmd_rbf,0.0053901285864412785,128
aim_on_task_arithmetic__calib_reasoning,candidate,instruction,instr_only,5,projected_js,0.04657092835986987,128
aim_on_task_arithmetic__calib_reasoning,candidate,instruction,instr_only,6,mmd_rbf,0.0040159993804991245,128
aim_on_task_arithmetic__calib_reasoning,candidate,instruction,instr_only,6,projected_js,0.04732228341163136,128
aim_on_task_arithmetic__calib_reasoning,candidate,instruction,instr_only,7,mmd_rbf,0.0034670827444642782,128
aim_on_task_arithmetic__calib_reasoning,candidate,instruction,instr_only,7,projected_js,0.04999572999076918,128
aim_on_task_arithmetic__calib_reasoning,candidate,instruction,instr_only,8,mmd_rbf,0.0030550488736480474,128
aim_on_task_arithmetic__calib_reasoning,candidate,instruction,instr_only,8,projected_js,0.049871083232574165,128
aim_on_task_arithmetic__calib_reasoning,candidate,instruction,instr_only,9,mmd_rbf,0.0030110676307231188,128
aim_on_task_arithmetic__calib_reasoning,candidate,instruction,instr_only,9,projected_js,0.05225656912080012,128
aim_on_task_arithmetic__calib_reasoning,candidate,instruction,instr_only,10,mmd_rbf,0.003281807294115424,128
aim_on_task_arithmetic__calib_reasoning,candidate,instruction,instr_only,10,projected_js,0.05251529437373392,128
aim_on_task_arithmetic__calib_reasoning,candidate,instruction,instr_only,11,mmd_rbf,0.0030668743420392275,128
aim_on_task_arithmetic__calib_reasoning,candidate,instruction,instr_only,11,projected_js,0.05624111680663191,128
aim_on_task_arithmetic__calib_reasoning,candidate,instruction,instr_only,12,mmd_rbf,0.003021571785211563,128
aim_on_task_arithmetic__calib_reasoning,candidate,instruction,instr_only,12,projected_js,0.0572719861229416,128
aim_on_task_arithmetic__calib_reasoning,candidate,instruction,instr_only,13,mmd_rbf,0.0031129338312894106,128
aim_on_task_arithmetic__calib_reasoning,candidate,instruction,instr_only,13,projected_js,0.059962642553728074,128
aim_on_task_arithmetic__calib_reasoning,candidate,instruction,instr_only,14,mmd_rbf,0.0031431273091584444,128
aim_on_task_arithmetic__calib_reasoning,candidate,instruction,instr_only,14,projected_js,0.05539728471194394,128
aim_on_task_arithmetic__calib_reasoning,candidate,instruction,instr_only,15,mmd_rbf,0.003296373877674341,128
aim_on_task_arithmetic__calib_reasoning,candidate,instruction,instr_only,15,projected_js,0.05884621586301364,128
aim_on_task_arithmetic__calib_reasoning,candidate,instruction,instr_only,16,mmd_rbf,0.0034320298582315445,128
aim_on_task_arithmetic__calib_reasoning,candidate,instruction,instr_only,16,projected_js,0.061816173285478726,128
aim_on_task_arithmetic__calib_reasoning,candidate,instruction,instr_only,17,mmd_rbf,0.003656261833384633,128
aim_on_task_arithmetic__calib_reasoning,candidate,instruction,instr_only,17,projected_js,0.05504245977499522,128
aim_on_task_arithmetic__calib_reasoning,candidate,instruction,instr_only,18,mmd_rbf,0.003986068069934845,128
aim_on_task_arithmetic__calib_reasoning,candidate,instruction,instr_only,18,projected_js,0.05990872601978481,128
aim_on_task_arithmetic__calib_reasoning,candidate,instruction,instr_only,19,mmd_rbf,0.004569058772176504,128
aim_on_task_arithmetic__calib_reasoning,candidate,instruction,instr_only,19,projected_js,0.05761952942702919,128
aim_on_task_arithmetic__calib_reasoning,candidate,instruction,instr_only,20,mmd_rbf,0.0049241385422647,128
aim_on_task_arithmetic__calib_reasoning,candidate,instruction,instr_only,20,projected_js,0.06012140543316491,128
aim_on_task_arithmetic__calib_reasoning,candidate,instruction,instr_only,21,mmd_rbf,0.0057851034216582775,128
aim_on_task_arithmetic__calib_reasoning,candidate,instruction,instr_only,21,projected_js,0.06698622711701319,128
aim_on_task_arithmetic__calib_reasoning,candidate,instruction,instr_only,22,mmd_rbf,0.006255839951336384,128
aim_on_task_arithmetic__calib_reasoning,candidate,instruction,instr_only,22,projected_js,0.06727717904141173,128
aim_on_task_arithmetic__calib_reasoning,candidate,instruction,instr_only,23,mmd_rbf,0.006490785162895918,128
aim_on_task_arithmetic__calib_reasoning,candidate,instruction,instr_only,23,projected_js,0.06406355410581455,128
aim_on_task_arithmetic__calib_reasoning,candidate,instruction,instr_only,24,mmd_rbf,0.0065584927797317505,128
aim_on_task_arithmetic__calib_reasoning,candidate,instruction,instr_only,24,projected_js,0.06353555881651118,128
aim_on_task_arithmetic__calib_reasoning,candidate,instruction,instr_only,25,mmd_rbf,0.006788462400436401,128
aim_on_task_arithmetic__calib_reasoning,candidate,instruction,instr_only,25,projected_js,0.0673748844419606,128
aim_on_task_arithmetic__calib_reasoning,candidate,instruction,instr_only,26,mmd_rbf,0.007018891163170338,128
aim_on_task_arithmetic__calib_reasoning,candidate,instruction,instr_only,26,projected_js,0.06391310394974425,128
aim_on_task_arithmetic__calib_reasoning,candidate,instruction,instr_only,27,mmd_rbf,0.006969487760215998,128
aim_on_task_arithmetic__calib_reasoning,candidate,instruction,instr_only,27,projected_js,0.06349967193091288,128
aim_on_task_arithmetic__calib_reasoning,candidate,instruction,instr_only,28,mmd_rbf,0.0067231254652142525,128
aim_on_task_arithmetic__calib_reasoning,candidate,instruction,instr_only,28,projected_js,0.06230642361333594,128
aim_on_task_arithmetic__calib_reasoning,candidate,instruction,instr_only,29,mmd_rbf,0.006353756878525019,128
aim_on_task_arithmetic__calib_reasoning,candidate,instruction,instr_only,29,projected_js,0.06184527222649194,128
aim_on_task_arithmetic__calib_reasoning,candidate,instruction,instr_only,30,mmd_rbf,0.00624448899179697,128
aim_on_task_arithmetic__calib_reasoning,candidate,instruction,instr_only,30,projected_js,0.06389446908724494,128
aim_on_task_arithmetic__calib_reasoning,candidate,instruction,instr_only,31,mmd_rbf,0.006195317953824997,128
aim_on_task_arithmetic__calib_reasoning,candidate,instruction,instr_only,31,projected_js,0.06308611802523956,128
aim_on_task_arithmetic__calib_reasoning,candidate,instruction,instr_only,32,mmd_rbf,0.006185777951031923,128
aim_on_task_arithmetic__calib_reasoning,candidate,instruction,instr_only,32,projected_js,0.06353293999563903,128
aim_on_task_arithmetic__calib_reasoning,candidate,instruction,instr_only,33,mmd_rbf,0.006214828696101904,128
aim_on_task_arithmetic__calib_reasoning,candidate,instruction,instr_only,33,projected_js,0.06454033026238903,128
aim_on_task_arithmetic__calib_reasoning,candidate,instruction,instr_only,34,mmd_rbf,0.0076755075715482235,128
aim_on_task_arithmetic__calib_reasoning,candidate,instruction,instr_only,34,projected_js,0.06537887174636126,128
aim_on_task_arithmetic__calib_reasoning,candidate,instruction,instr_only,35,mmd_rbf,0.03413451090455055,128
aim_on_task_arithmetic__calib_reasoning,candidate,instruction,instr_only,35,projected_js,0.09059924469329417,128
aim_on_task_arithmetic__calib_reasoning,candidate,instruction,reasoning_only,0,mmd_rbf,0.007467806339263916,128
aim_on_task_arithmetic__calib_reasoning,candidate,instruction,reasoning_only,0,projected_js,0.057583749323384836,128
aim_on_task_arithmetic__calib_reasoning,candidate,instruction,reasoning_only,1,mmd_rbf,0.011807399801909924,128
aim_on_task_arithmetic__calib_reasoning,candidate,instruction,reasoning_only,1,projected_js,0.060632791282841936,128
aim_on_task_arithmetic__calib_reasoning,candidate,instruction,reasoning_only,2,mmd_rbf,0.018068907782435417,128
aim_on_task_arithmetic__calib_reasoning,candidate,instruction,reasoning_only,2,projected_js,0.0694712613185402,128
aim_on_task_arithmetic__calib_reasoning,candidate,instruction,reasoning_only,3,mmd_rbf,0.019499672576785088,128
aim_on_task_arithmetic__calib_reasoning,candidate,instruction,reasoning_only,3,projected_js,0.07176765750045888,128
aim_on_task_arithmetic__calib_reasoning,candidate,instruction,reasoning_only,4,mmd_rbf,0.020721781998872757,128
aim_on_task_arithmetic__calib_reasoning,candidate,instruction,reasoning_only,4,projected_js,0.07876741798827425,128
aim_on_task_arithmetic__calib_reasoning,candidate,instruction,reasoning_only,5,mmd_rbf,0.02260482683777809,128
aim_on_task_arithmetic__calib_reasoning,candidate,instruction,reasoning_only,5,projected_js,0.07734206423629075,128
aim_on_task_arithmetic__calib_reasoning,candidate,instruction,reasoning_only,6,mmd_rbf,0.017231842502951622,128
aim_on_task_arithmetic__calib_reasoning,candidate,instruction,reasoning_only,6,projected_js,0.07530223822686821,128
aim_on_task_arithmetic__calib_reasoning,candidate,instruction,reasoning_only,7,mmd_rbf,0.017047962173819542,128
aim_on_task_arithmetic__calib_reasoning,candidate,instruction,reasoning_only,7,projected_js,0.07654270040802658,128
aim_on_task_arithmetic__calib_reasoning,candidate,instruction,reasoning_only,8,mmd_rbf,0.013401503674685955,128
aim_on_task_arithmetic__calib_reasoning,candidate,instruction,reasoning_only,8,projected_js,0.07359418668784201,128
aim_on_task_arithmetic__calib_reasoning,candidate,instruction,reasoning_only,9,mmd_rbf,0.01301897969096899,128
aim_on_task_arithmetic__calib_reasoning,candidate,instruction,reasoning_only,9,projected_js,0.07253615569788963,128
aim_on_task_arithmetic__calib_reasoning,candidate,instruction,reasoning_only,10,mmd_rbf,0.014552555046975613,128
aim_on_task_arithmetic__calib_reasoning,candidate,instruction,reasoning_only,10,projected_js,0.07294687067042105,128
aim_on_task_arithmetic__calib_reasoning,candidate,instruction,reasoning_only,11,mmd_rbf,0.013897067867219448,128
aim_on_task_arithmetic__calib_reasoning,candidate,instruction,reasoning_only,11,projected_js,0.06888479582266882,128
aim_on_task_arithmetic__calib_reasoning,candidate,instruction,reasoning_only,12,mmd_rbf,0.014651444740593433,128
aim_on_task_arithmetic__calib_reasoning,candidate,instruction,reasoning_only,12,projected_js,0.07640295737655833,128
aim_on_task_arithmetic__calib_reasoning,candidate,instruction,reasoning_only,13,mmd_rbf,0.015228383243083954,128
aim_on_task_arithmetic__calib_reasoning,candidate,instruction,reasoning_only,13,projected_js,0.07668688060948625,128
aim_on_task_arithmetic__calib_reasoning,candidate,instruction,reasoning_only,14,mmd_rbf,0.015097135677933693,128
aim_on_task_arithmetic__calib_reasoning,candidate,instruction,reasoning_only,14,projected_js,0.0718917734338902,128
aim_on_task_arithmetic__calib_reasoning,candidate,instruction,reasoning_only,15,mmd_rbf,0.016026997938752174,128
aim_on_task_arithmetic__calib_reasoning,candidate,instruction,reasoning_only,15,projected_js,0.07255461614113301,128
aim_on_task_arithmetic__calib_reasoning,candidate,instruction,reasoning_only,16,mmd_rbf,0.01638784445822239,128
aim_on_task_arithmetic__calib_reasoning,candidate,instruction,reasoning_only,16,projected_js,0.07428857270861045,128
aim_on_task_arithmetic__calib_reasoning,candidate,instruction,reasoning_only,17,mmd_rbf,0.01611293852329254,128
aim_on_task_arithmetic__calib_reasoning,candidate,instruction,reasoning_only,17,projected_js,0.0675660653214436,128
aim_on_task_arithmetic__calib_reasoning,candidate,instruction,reasoning_only,18,mmd_rbf,0.018642608076334,128
aim_on_task_arithmetic__calib_reasoning,candidate,instruction,reasoning_only,18,projected_js,0.07049771546735428,128
aim_on_task_arithmetic__calib_reasoning,candidate,instruction,reasoning_only,19,mmd_rbf,0.018910594284534454,128
aim_on_task_arithmetic__calib_reasoning,candidate,instruction,reasoning_only,19,projected_js,0.07258968940004706,128
aim_on_task_arithmetic__calib_reasoning,candidate,instruction,reasoning_only,20,mmd_rbf,0.018629569560289383,128
aim_on_task_arithmetic__calib_reasoning,candidate,instruction,reasoning_only,20,projected_js,0.07232745364308357,128
aim_on_task_arithmetic__calib_reasoning,candidate,instruction,reasoning_only,21,mmd_rbf,0.019431155174970627,128
aim_on_task_arithmetic__calib_reasoning,candidate,instruction,reasoning_only,21,projected_js,0.07398849015589803,128
aim_on_task_arithmetic__calib_reasoning,candidate,instruction,reasoning_only,22,mmd_rbf,0.018054237589240074,128
aim_on_task_arithmetic__calib_reasoning,candidate,instruction,reasoning_only,22,projected_js,0.07870336755877361,128
aim_on_task_arithmetic__calib_reasoning,candidate,instruction,reasoning_only,23,mmd_rbf,0.01551114022731781,128
aim_on_task_arithmetic__calib_reasoning,candidate,instruction,reasoning_only,23,projected_js,0.07617487909737974,128
aim_on_task_arithmetic__calib_reasoning,candidate,instruction,reasoning_only,24,mmd_rbf,0.01601649448275566,128
aim_on_task_arithmetic__calib_reasoning,candidate,instruction,reasoning_only,24,projected_js,0.07566987635800615,128
aim_on_task_arithmetic__calib_reasoning,candidate,instruction,reasoning_only,25,mmd_rbf,0.015120789408683777,128
aim_on_task_arithmetic__calib_reasoning,candidate,instruction,reasoning_only,25,projected_js,0.07446773431729525,128
aim_on_task_arithmetic__calib_reasoning,candidate,instruction,reasoning_only,26,mmd_rbf,0.015280592255294323,128
aim_on_task_arithmetic__calib_reasoning,candidate,instruction,reasoning_only,26,projected_js,0.07142395636765286,128
aim_on_task_arithmetic__calib_reasoning,candidate,instruction,reasoning_only,27,mmd_rbf,0.015013259835541248,128
aim_on_task_arithmetic__calib_reasoning,candidate,instruction,reasoning_only,27,projected_js,0.07311294897226617,128
aim_on_task_arithmetic__calib_reasoning,candidate,instruction,reasoning_only,28,mmd_rbf,0.015144513919949532,128
aim_on_task_arithmetic__calib_reasoning,candidate,instruction,reasoning_only,28,projected_js,0.07252722216071561,128
aim_on_task_arithmetic__calib_reasoning,candidate,instruction,reasoning_only,29,mmd_rbf,0.014635393396019936,128
aim_on_task_arithmetic__calib_reasoning,candidate,instruction,reasoning_only,29,projected_js,0.07237880025058985,128
aim_on_task_arithmetic__calib_reasoning,candidate,instruction,reasoning_only,30,mmd_rbf,0.014992660842835903,128
aim_on_task_arithmetic__calib_reasoning,candidate,instruction,reasoning_only,30,projected_js,0.07216071331640705,128
aim_on_task_arithmetic__calib_reasoning,candidate,instruction,reasoning_only,31,mmd_rbf,0.014842447824776173,128
aim_on_task_arithmetic__calib_reasoning,candidate,instruction,reasoning_only,31,projected_js,0.0713222260819748,128
aim_on_task_arithmetic__calib_reasoning,candidate,instruction,reasoning_only,32,mmd_rbf,0.014543612487614155,128
aim_on_task_arithmetic__calib_reasoning,candidate,instruction,reasoning_only,32,projected_js,0.06830138666555285,128
aim_on_task_arithmetic__calib_reasoning,candidate,instruction,reasoning_only,33,mmd_rbf,0.013736242428421974,128
aim_on_task_arithmetic__calib_reasoning,candidate,instruction,reasoning_only,33,projected_js,0.07331626681843773,128
aim_on_task_arithmetic__calib_reasoning,candidate,instruction,reasoning_only,34,mmd_rbf,0.014071504585444927,128
aim_on_task_arithmetic__calib_reasoning,candidate,instruction,reasoning_only,34,projected_js,0.06750326833571307,128
aim_on_task_arithmetic__calib_reasoning,candidate,instruction,reasoning_only,35,mmd_rbf,0.022131409496068954,128
aim_on_task_arithmetic__calib_reasoning,candidate,instruction,reasoning_only,35,projected_js,0.07413789769634604,128
aim_on_task_arithmetic__calib_reasoning,candidate,instruction,uncensored_only,0,mmd_rbf,0.0050362469628453255,128
aim_on_task_arithmetic__calib_reasoning,candidate,instruction,uncensored_only,0,projected_js,0.04567961838620249,128
aim_on_task_arithmetic__calib_reasoning,candidate,instruction,uncensored_only,1,mmd_rbf,0.12768493592739105,128
aim_on_task_arithmetic__calib_reasoning,candidate,instruction,uncensored_only,1,projected_js,0.152774995774962,128
aim_on_task_arithmetic__calib_reasoning,candidate,instruction,uncensored_only,2,mmd_rbf,0.11301260441541672,128
aim_on_task_arithmetic__calib_reasoning,candidate,instruction,uncensored_only,2,projected_js,0.1344785443507135,128
aim_on_task_arithmetic__calib_reasoning,candidate,instruction,uncensored_only,3,mmd_rbf,0.08467765897512436,128
aim_on_task_arithmetic__calib_reasoning,candidate,instruction,uncensored_only,3,projected_js,0.11522246652748436,128
aim_on_task_arithmetic__calib_reasoning,candidate,instruction,uncensored_only,4,mmd_rbf,0.06175811216235161,128
aim_on_task_arithmetic__calib_reasoning,candidate,instruction,uncensored_only,4,projected_js,0.10904682124964893,128
aim_on_task_arithmetic__calib_reasoning,candidate,instruction,uncensored_only,5,mmd_rbf,0.045697640627622604,128
aim_on_task_arithmetic__calib_reasoning,candidate,instruction,uncensored_only,5,projected_js,0.09537156525766477,128
aim_on_task_arithmetic__calib_reasoning,candidate,instruction,uncensored_only,6,mmd_rbf,0.027685081586241722,128
aim_on_task_arithmetic__calib_reasoning,candidate,instruction,uncensored_only,6,projected_js,0.08364495978457853,128
aim_on_task_arithmetic__calib_reasoning,candidate,instruction,uncensored_only,7,mmd_rbf,0.022301139310002327,128
aim_on_task_arithmetic__calib_reasoning,candidate,instruction,uncensored_only,7,projected_js,0.07798112829914317,128
aim_on_task_arithmetic__calib_reasoning,candidate,instruction,uncensored_only,8,mmd_rbf,0.015421248972415924,128
aim_on_task_arithmetic__calib_reasoning,candidate,instruction,uncensored_only,8,projected_js,0.07246853137621656,128
aim_on_task_arithmetic__calib_reasoning,candidate,instruction,uncensored_only,9,mmd_rbf,0.012887788005173206,128
aim_on_task_arithmetic__calib_reasoning,candidate,instruction,uncensored_only,9,projected_js,0.06497611850500107,128
aim_on_task_arithmetic__calib_reasoning,candidate,instruction,uncensored_only,10,mmd_rbf,0.011601025238633156,128
aim_on_task_arithmetic__calib_reasoning,candidate,instruction,uncensored_only,10,projected_js,0.06557719490956515,128
aim_on_task_arithmetic__calib_reasoning,candidate,instruction,uncensored_only,11,mmd_rbf,0.009715544991195202,128
aim_on_task_arithmetic__calib_reasoning,candidate,instruction,uncensored_only,11,projected_js,0.06667093894793652,128
aim_on_task_arithmetic__calib_reasoning,candidate,instruction,uncensored_only,12,mmd_rbf,0.009555524215102196,128
aim_on_task_arithmetic__calib_reasoning,candidate,instruction,uncensored_only,12,projected_js,0.06684380664955825,128
aim_on_task_arithmetic__calib_reasoning,candidate,instruction,uncensored_only,13,mmd_rbf,0.009963239543139935,128
aim_on_task_arithmetic__calib_reasoning,candidate,instruction,uncensored_only,13,projected_js,0.07155719888396561,128
aim_on_task_arithmetic__calib_reasoning,candidate,instruction,uncensored_only,14,mmd_rbf,0.01048839371651411,128
aim_on_task_arithmetic__calib_reasoning,candidate,instruction,uncensored_only,14,projected_js,0.06412567617371678,128
aim_on_task_arithmetic__calib_reasoning,candidate,instruction,uncensored_only,15,mmd_rbf,0.012614897452294827,128
aim_on_task_arithmetic__calib_reasoning,candidate,instruction,uncensored_only,15,projected_js,0.06797422404633835,128
aim_on_task_arithmetic__calib_reasoning,candidate,instruction,uncensored_only,16,mmd_rbf,0.013274661265313625,128
aim_on_task_arithmetic__calib_reasoning,candidate,instruction,uncensored_only,16,projected_js,0.07152898836648092,128
aim_on_task_arithmetic__calib_reasoning,candidate,instruction,uncensored_only,17,mmd_rbf,0.012848041020333767,128
aim_on_task_arithmetic__calib_reasoning,candidate,instruction,uncensored_only,17,projected_js,0.06768861517775804,128
aim_on_task_arithmetic__calib_reasoning,candidate,instruction,uncensored_only,18,mmd_rbf,0.012842274270951748,128
aim_on_task_arithmetic__calib_reasoning,candidate,instruction,uncensored_only,18,projected_js,0.07085036544594914,128
aim_on_task_arithmetic__calib_reasoning,candidate,instruction,uncensored_only,19,mmd_rbf,0.012761229649186134,128
aim_on_task_arithmetic__calib_reasoning,candidate,instruction,uncensored_only,19,projected_js,0.07264023373136297,128
aim_on_task_arithmetic__calib_reasoning,candidate,instruction,uncensored_only,20,mmd_rbf,0.013223235495388508,128
aim_on_task_arithmetic__calib_reasoning,candidate,instruction,uncensored_only,20,projected_js,0.07004726241575554,128
aim_on_task_arithmetic__calib_reasoning,candidate,instruction,uncensored_only,21,mmd_rbf,0.014446631073951721,128
aim_on_task_arithmetic__calib_reasoning,candidate,instruction,uncensored_only,21,projected_js,0.07090549042914063,128
aim_on_task_arithmetic__calib_reasoning,candidate,instruction,uncensored_only,22,mmd_rbf,0.01580069772899151,128
aim_on_task_arithmetic__calib_reasoning,candidate,instruction,uncensored_only,22,projected_js,0.07058110897196457,128
aim_on_task_arithmetic__calib_reasoning,candidate,instruction,uncensored_only,23,mmd_rbf,0.01589169166982174,128
aim_on_task_arithmetic__calib_reasoning,candidate,instruction,uncensored_only,23,projected_js,0.07270503311883658,128
aim_on_task_arithmetic__calib_reasoning,candidate,instruction,uncensored_only,24,mmd_rbf,0.017264103516936302,128
aim_on_task_arithmetic__calib_reasoning,candidate,instruction,uncensored_only,24,projected_js,0.0759398898226209,128
aim_on_task_arithmetic__calib_reasoning,candidate,instruction,uncensored_only,25,mmd_rbf,0.017998144030570984,128
aim_on_task_arithmetic__calib_reasoning,candidate,instruction,uncensored_only,25,projected_js,0.07976778998272493,128
aim_on_task_arithmetic__calib_reasoning,candidate,instruction,uncensored_only,26,mmd_rbf,0.018435994163155556,128
aim_on_task_arithmetic__calib_reasoning,candidate,instruction,uncensored_only,26,projected_js,0.07629914645804092,128
aim_on_task_arithmetic__calib_reasoning,candidate,instruction,uncensored_only,27,mmd_rbf,0.018319401890039444,128
aim_on_task_arithmetic__calib_reasoning,candidate,instruction,uncensored_only,27,projected_js,0.07588851160835475,128
aim_on_task_arithmetic__calib_reasoning,candidate,instruction,uncensored_only,28,mmd_rbf,0.01645849458873272,128
aim_on_task_arithmetic__calib_reasoning,candidate,instruction,uncensored_only,28,projected_js,0.07364071247866377,128
aim_on_task_arithmetic__calib_reasoning,candidate,instruction,uncensored_only,29,mmd_rbf,0.015549871139228344,128
aim_on_task_arithmetic__calib_reasoning,candidate,instruction,uncensored_only,29,projected_js,0.0732980648172088,128
aim_on_task_arithmetic__calib_reasoning,candidate,instruction,uncensored_only,30,mmd_rbf,0.015678439289331436,128
aim_on_task_arithmetic__calib_reasoning,candidate,instruction,uncensored_only,30,projected_js,0.07209222915116698,128
aim_on_task_arithmetic__calib_reasoning,candidate,instruction,uncensored_only,31,mmd_rbf,0.015118961222469807,128
aim_on_task_arithmetic__calib_reasoning,candidate,instruction,uncensored_only,31,projected_js,0.06978223600890487,128
aim_on_task_arithmetic__calib_reasoning,candidate,instruction,uncensored_only,32,mmd_rbf,0.014936156570911407,128
aim_on_task_arithmetic__calib_reasoning,candidate,instruction,uncensored_only,32,projected_js,0.06877446552971378,128
aim_on_task_arithmetic__calib_reasoning,candidate,instruction,uncensored_only,33,mmd_rbf,0.01490352489054203,128
aim_on_task_arithmetic__calib_reasoning,candidate,instruction,uncensored_only,33,projected_js,0.07326605537673458,128
aim_on_task_arithmetic__calib_reasoning,candidate,instruction,uncensored_only,34,mmd_rbf,0.01638648845255375,128
aim_on_task_arithmetic__calib_reasoning,candidate,instruction,uncensored_only,34,projected_js,0.07350276812212542,128
aim_on_task_arithmetic__calib_reasoning,candidate,instruction,uncensored_only,35,mmd_rbf,0.04399671405553818,128
aim_on_task_arithmetic__calib_reasoning,candidate,instruction,uncensored_only,35,projected_js,0.09267028968315572,128
aim_on_task_arithmetic__calib_reasoning,candidate,reasoning,base,0,mmd_rbf,0.0018954664701595902,128
aim_on_task_arithmetic__calib_reasoning,candidate,reasoning,base,0,projected_js,0.03865344528458081,128
aim_on_task_arithmetic__calib_reasoning,candidate,reasoning,base,1,mmd_rbf,0.004103541374206543,128
aim_on_task_arithmetic__calib_reasoning,candidate,reasoning,base,1,projected_js,0.04190486794686876,128
aim_on_task_arithmetic__calib_reasoning,candidate,reasoning,base,2,mmd_rbf,0.0046806070022284985,128
aim_on_task_arithmetic__calib_reasoning,candidate,reasoning,base,2,projected_js,0.04545769531978294,128
aim_on_task_arithmetic__calib_reasoning,candidate,reasoning,base,3,mmd_rbf,0.005796872079372406,128
aim_on_task_arithmetic__calib_reasoning,candidate,reasoning,base,3,projected_js,0.051373688533203676,128
aim_on_task_arithmetic__calib_reasoning,candidate,reasoning,base,4,mmd_rbf,0.005961394403129816,128
aim_on_task_arithmetic__calib_reasoning,candidate,reasoning,base,4,projected_js,0.05186676327139139,128
aim_on_task_arithmetic__calib_reasoning,candidate,reasoning,base,5,mmd_rbf,0.005376836750656366,128
aim_on_task_arithmetic__calib_reasoning,candidate,reasoning,base,5,projected_js,0.04886534661636688,128
aim_on_task_arithmetic__calib_reasoning,candidate,reasoning,base,6,mmd_rbf,0.004259885288774967,128
aim_on_task_arithmetic__calib_reasoning,candidate,reasoning,base,6,projected_js,0.04943138617090881,128
aim_on_task_arithmetic__calib_reasoning,candidate,reasoning,base,7,mmd_rbf,0.0041427998803555965,128
aim_on_task_arithmetic__calib_reasoning,candidate,reasoning,base,7,projected_js,0.05374903744086623,128
aim_on_task_arithmetic__calib_reasoning,candidate,reasoning,base,8,mmd_rbf,0.0039078593254089355,128
aim_on_task_arithmetic__calib_reasoning,candidate,reasoning,base,8,projected_js,0.056113566301064566,128
aim_on_task_arithmetic__calib_reasoning,candidate,reasoning,base,9,mmd_rbf,0.004136370494961739,128
aim_on_task_arithmetic__calib_reasoning,candidate,reasoning,base,9,projected_js,0.0561114834563341,128
aim_on_task_arithmetic__calib_reasoning,candidate,reasoning,base,10,mmd_rbf,0.004458704497665167,128
aim_on_task_arithmetic__calib_reasoning,candidate,reasoning,base,10,projected_js,0.050474384042900056,128
aim_on_task_arithmetic__calib_reasoning,candidate,reasoning,base,11,mmd_rbf,0.004308297764509916,128
aim_on_task_arithmetic__calib_reasoning,candidate,reasoning,base,11,projected_js,0.0543188868323341,128
aim_on_task_arithmetic__calib_reasoning,candidate,reasoning,base,12,mmd_rbf,0.004513362888246775,128
aim_on_task_arithmetic__calib_reasoning,candidate,reasoning,base,12,projected_js,0.052979578264057636,128
aim_on_task_arithmetic__calib_reasoning,candidate,reasoning,base,13,mmd_rbf,0.004584392998367548,128
aim_on_task_arithmetic__calib_reasoning,candidate,reasoning,base,13,projected_js,0.059846500953426585,128
aim_on_task_arithmetic__calib_reasoning,candidate,reasoning,base,14,mmd_rbf,0.004806062672287226,128
aim_on_task_arithmetic__calib_reasoning,candidate,reasoning,base,14,projected_js,0.05820729408878833,128
aim_on_task_arithmetic__calib_reasoning,candidate,reasoning,base,15,mmd_rbf,0.005298031959682703,128
aim_on_task_arithmetic__calib_reasoning,candidate,reasoning,base,15,projected_js,0.057021415763301775,128
aim_on_task_arithmetic__calib_reasoning,candidate,reasoning,base,16,mmd_rbf,0.005919329822063446,128
aim_on_task_arithmetic__calib_reasoning,candidate,reasoning,base,16,projected_js,0.05728879396338016,128
aim_on_task_arithmetic__calib_reasoning,candidate,reasoning,base,17,mmd_rbf,0.005801720544695854,128
aim_on_task_arithmetic__calib_reasoning,candidate,reasoning,base,17,projected_js,0.058358523703645915,128
aim_on_task_arithmetic__calib_reasoning,candidate,reasoning,base,18,mmd_rbf,0.006225514691323042,128
aim_on_task_arithmetic__calib_reasoning,candidate,reasoning,base,18,projected_js,0.061190030188299716,128
aim_on_task_arithmetic__calib_reasoning,candidate,reasoning,base,19,mmd_rbf,0.006473337300121784,128
aim_on_task_arithmetic__calib_reasoning,candidate,reasoning,base,19,projected_js,0.06330475574941374,128
aim_on_task_arithmetic__calib_reasoning,candidate,reasoning,base,20,mmd_rbf,0.006213881075382233,128
aim_on_task_arithmetic__calib_reasoning,candidate,reasoning,base,20,projected_js,0.06067420192994177,128
aim_on_task_arithmetic__calib_reasoning,candidate,reasoning,base,21,mmd_rbf,0.006371920462697744,128
aim_on_task_arithmetic__calib_reasoning,candidate,reasoning,base,21,projected_js,0.060124608397018164,128
aim_on_task_arithmetic__calib_reasoning,candidate,reasoning,base,22,mmd_rbf,0.005968271754682064,128
aim_on_task_arithmetic__calib_reasoning,candidate,reasoning,base,22,projected_js,0.05959637003252283,128
aim_on_task_arithmetic__calib_reasoning,candidate,reasoning,base,23,mmd_rbf,0.005750167649239302,128
aim_on_task_arithmetic__calib_reasoning,candidate,reasoning,base,23,projected_js,0.056649311853107065,128
aim_on_task_arithmetic__calib_reasoning,candidate,reasoning,base,24,mmd_rbf,0.005236361641436815,128
aim_on_task_arithmetic__calib_reasoning,candidate,reasoning,base,24,projected_js,0.054285657475702465,128
aim_on_task_arithmetic__calib_reasoning,candidate,reasoning,base,25,mmd_rbf,0.004921452142298222,128
aim_on_task_arithmetic__calib_reasoning,candidate,reasoning,base,25,projected_js,0.056947627977933735,128
aim_on_task_arithmetic__calib_reasoning,candidate,reasoning,base,26,mmd_rbf,0.004752932582050562,128
aim_on_task_arithmetic__calib_reasoning,candidate,reasoning,base,26,projected_js,0.05924465676071122,128
aim_on_task_arithmetic__calib_reasoning,candidate,reasoning,base,27,mmd_rbf,0.0047850473783910275,128
aim_on_task_arithmetic__calib_reasoning,candidate,reasoning,base,27,projected_js,0.056541703408584,128
aim_on_task_arithmetic__calib_reasoning,candidate,reasoning,base,28,mmd_rbf,0.004859860520809889,128
aim_on_task_arithmetic__calib_reasoning,candidate,reasoning,base,28,projected_js,0.0643433653167449,128
aim_on_task_arithmetic__calib_reasoning,candidate,reasoning,base,29,mmd_rbf,0.004942977800965309,128
aim_on_task_arithmetic__calib_reasoning,candidate,reasoning,base,29,projected_js,0.059412092494312674,128
aim_on_task_arithmetic__calib_reasoning,candidate,reasoning,base,30,mmd_rbf,0.004986451007425785,128
aim_on_task_arithmetic__calib_reasoning,candidate,reasoning,base,30,projected_js,0.05953286652220413,128
aim_on_task_arithmetic__calib_reasoning,candidate,reasoning,base,31,mmd_rbf,0.005015257280319929,128
aim_on_task_arithmetic__calib_reasoning,candidate,reasoning,base,31,projected_js,0.05853026290424168,128
aim_on_task_arithmetic__calib_reasoning,candidate,reasoning,base,32,mmd_rbf,0.0054214815609157085,128
aim_on_task_arithmetic__calib_reasoning,candidate,reasoning,base,32,projected_js,0.05798481416422874,128
aim_on_task_arithmetic__calib_reasoning,candidate,reasoning,base,33,mmd_rbf,0.005773632321506739,128
aim_on_task_arithmetic__calib_reasoning,candidate,reasoning,base,33,projected_js,0.05972267474862747,128
aim_on_task_arithmetic__calib_reasoning,candidate,reasoning,base,34,mmd_rbf,0.008614595048129559,128
aim_on_task_arithmetic__calib_reasoning,candidate,reasoning,base,34,projected_js,0.06590173940639943,128
aim_on_task_arithmetic__calib_reasoning,candidate,reasoning,base,35,mmd_rbf,0.04294223710894585,128
aim_on_task_arithmetic__calib_reasoning,candidate,reasoning,base,35,projected_js,0.09225217677885666,128
aim_on_task_arithmetic__calib_reasoning,candidate,reasoning,instr_only,0,mmd_rbf,0.0009722948307171464,128
aim_on_task_arithmetic__calib_reasoning,candidate,reasoning,instr_only,0,projected_js,0.0308258839068003,128
aim_on_task_arithmetic__calib_reasoning,candidate,reasoning,instr_only,1,mmd_rbf,0.0019199356902390718,128
aim_on_task_arithmetic__calib_reasoning,candidate,reasoning,instr_only,1,projected_js,0.03539226828434039,128
aim_on_task_arithmetic__calib_reasoning,candidate,reasoning,instr_only,2,mmd_rbf,0.0025800594594329596,128
aim_on_task_arithmetic__calib_reasoning,candidate,reasoning,instr_only,2,projected_js,0.03919296624371782,128
aim_on_task_arithmetic__calib_reasoning,candidate,reasoning,instr_only,3,mmd_rbf,0.0028387107886373997,128
aim_on_task_arithmetic__calib_reasoning,candidate,reasoning,instr_only,3,projected_js,0.0413417995441705,128
aim_on_task_arithmetic__calib_reasoning,candidate,reasoning,instr_only,4,mmd_rbf,0.002623660257086158,128
aim_on_task_arithmetic__calib_reasoning,candidate,reasoning,instr_only,4,projected_js,0.04441842413507402,128
aim_on_task_arithmetic__calib_reasoning,candidate,reasoning,instr_only,5,mmd_rbf,0.002407386200502515,128
aim_on_task_arithmetic__calib_reasoning,candidate,reasoning,instr_only,5,projected_js,0.039909825020004064,128
aim_on_task_arithmetic__calib_reasoning,candidate,reasoning,instr_only,6,mmd_rbf,0.0017746388912200928,128
aim_on_task_arithmetic__calib_reasoning,candidate,reasoning,instr_only,6,projected_js,0.0426398525305558,128
aim_on_task_arithmetic__calib_reasoning,candidate,reasoning,instr_only,7,mmd_rbf,0.0016404896741732955,128
aim_on_task_arithmetic__calib_reasoning,candidate,reasoning,instr_only,7,projected_js,0.04425802853074856,128
aim_on_task_arithmetic__calib_reasoning,candidate,reasoning,instr_only,8,mmd_rbf,0.0014762685168534517,128
aim_on_task_arithmetic__calib_reasoning,candidate,reasoning,instr_only,8,projected_js,0.04546952713280916,128
aim_on_task_arithmetic__calib_reasoning,candidate,reasoning,instr_only,9,mmd_rbf,0.001502394676208496,128
aim_on_task_arithmetic__calib_reasoning,candidate,reasoning,instr_only,9,projected_js,0.0446181035367772,128
aim_on_task_arithmetic__calib_reasoning,candidate,reasoning,instr_only,10,mmd_rbf,0.0015292343450710177,128
aim_on_task_arithmetic__calib_reasoning,candidate,reasoning,instr_only,10,projected_js,0.04457823498523794,128
aim_on_task_arithmetic__calib_reasoning,candidate,reasoning,instr_only,11,mmd_rbf,0.0014544110745191574,128
aim_on_task_arithmetic__calib_reasoning,candidate,reasoning,instr_only,11,projected_js,0.046410661831032485,128
aim_on_task_arithmetic__calib_reasoning,candidate,reasoning,instr_only,12,mmd_rbf,0.0015399393159896135,128
aim_on_task_arithmetic__calib_reasoning,candidate,reasoning,instr_only,12,projected_js,0.050535712856799364,128
aim_on_task_arithmetic__calib_reasoning,candidate,reasoning,instr_only,13,mmd_rbf,0.0016542942030355334,128
aim_on_task_arithmetic__calib_reasoning,candidate,reasoning,instr_only,13,projected_js,0.050085720082279295,128
aim_on_task_arithmetic__calib_reasoning,candidate,reasoning,instr_only,14,mmd_rbf,0.0016830622917041183,128
aim_on_task_arithmetic__calib_reasoning,candidate,reasoning,instr_only,14,projected_js,0.044828493206296116,128
aim_on_task_arithmetic__calib_reasoning,candidate,reasoning,instr_only,15,mmd_rbf,0.0018528886139392853,128
aim_on_task_arithmetic__calib_reasoning,candidate,reasoning,instr_only,15,projected_js,0.05032423074590042,128
aim_on_task_arithmetic__calib_reasoning,candidate,reasoning,instr_only,16,mmd_rbf,0.001992827048525214,128
aim_on_task_arithmetic__calib_reasoning,candidate,reasoning,instr_only,16,projected_js,0.0539119889435824,128
aim_on_task_arithmetic__calib_reasoning,candidate,reasoning,instr_only,17,mmd_rbf,0.002142730401828885,128
aim_on_task_arithmetic__calib_reasoning,candidate,reasoning,instr_only,17,projected_js,0.05521329859038815,128
aim_on_task_arithmetic__calib_reasoning,candidate,reasoning,instr_only,18,mmd_rbf,0.002240757690742612,128
aim_on_task_arithmetic__calib_reasoning,candidate,reasoning,instr_only,18,projected_js,0.0511356862843968,128
aim_on_task_arithmetic__calib_reasoning,candidate,reasoning,instr_only,19,mmd_rbf,0.0024064392782747746,128
aim_on_task_arithmetic__calib_reasoning,candidate,reasoning,instr_only,19,projected_js,0.055725933343637735,128
aim_on_task_arithmetic__calib_reasoning,candidate,reasoning,instr_only,20,mmd_rbf,0.002423509256914258,128
aim_on_task_arithmetic__calib_reasoning,candidate,reasoning,instr_only,20,projected_js,0.05147774238139391,128
aim_on_task_arithmetic__calib_reasoning,candidate,reasoning,instr_only,21,mmd_rbf,0.0024685144890099764,128
aim_on_task_arithmetic__calib_reasoning,candidate,reasoning,instr_only,21,projected_js,0.051126724312780425,128
aim_on_task_arithmetic__calib_reasoning,candidate,reasoning,instr_only,22,mmd_rbf,0.002546445233747363,128
aim_on_task_arithmetic__calib_reasoning,candidate,reasoning,instr_only,22,projected_js,0.050981958978809416,128
aim_on_task_arithmetic__calib_reasoning,candidate,reasoning,instr_only,23,mmd_rbf,0.002593188313767314,128
aim_on_task_arithmetic__calib_reasoning,candidate,reasoning,instr_only,23,projected_js,0.0495457106444519,128
aim_on_task_arithmetic__calib_reasoning,candidate,reasoning,instr_only,24,mmd_rbf,0.0026817575562745333,128
aim_on_task_arithmetic__calib_reasoning,candidate,reasoning,instr_only,24,projected_js,0.052321041031973436,128
aim_on_task_arithmetic__calib_reasoning,candidate,reasoning,instr_only,25,mmd_rbf,0.0026858642231673002,128
aim_on_task_arithmetic__calib_reasoning,candidate,reasoning,instr_only,25,projected_js,0.0501998096879106,128
aim_on_task_arithmetic__calib_reasoning,candidate,reasoning,instr_only,26,mmd_rbf,0.0027425927110016346,128
aim_on_task_arithmetic__calib_reasoning,candidate,reasoning,instr_only,26,projected_js,0.05186579472501762,128
aim_on_task_arithmetic__calib_reasoning,candidate,reasoning,instr_only,27,mmd_rbf,0.0027937914710491896,128
aim_on_task_arithmetic__calib_reasoning,candidate,reasoning,instr_only,27,projected_js,0.05288453679531813,128
aim_on_task_arithmetic__calib_reasoning,candidate,reasoning,instr_only,28,mmd_rbf,0.0028795215766876936,128
aim_on_task_arithmetic__calib_reasoning,candidate,reasoning,instr_only,28,projected_js,0.051997735630720854,128
aim_on_task_arithmetic__calib_reasoning,candidate,reasoning,instr_only,29,mmd_rbf,0.0028667363803833723,128
aim_on_task_arithmetic__calib_reasoning,candidate,reasoning,instr_only,29,projected_js,0.05229280979256146,128
aim_on_task_arithmetic__calib_reasoning,candidate,reasoning,instr_only,30,mmd_rbf,0.002941017271950841,128
aim_on_task_arithmetic__calib_reasoning,candidate,reasoning,instr_only,30,projected_js,0.050118160812417045,128
aim_on_task_arithmetic__calib_reasoning,candidate,reasoning,instr_only,31,mmd_rbf,0.003127235686406493,128
aim_on_task_arithmetic__calib_reasoning,candidate,reasoning,instr_only,31,projected_js,0.05376793775940314,128
aim_on_task_arithmetic__calib_reasoning,candidate,reasoning,instr_only,32,mmd_rbf,0.003247105749323964,128
aim_on_task_arithmetic__calib_reasoning,candidate,reasoning,instr_only,32,projected_js,0.05134332401212305,128
aim_on_task_arithmetic__calib_reasoning,candidate,reasoning,instr_only,33,mmd_rbf,0.0033476215321570635,128
aim_on_task_arithmetic__calib_reasoning,candidate,reasoning,instr_only,33,projected_js,0.05189733044244349,128
aim_on_task_arithmetic__calib_reasoning,candidate,reasoning,instr_only,34,mmd_rbf,0.004259878769516945,128
aim_on_task_arithmetic__calib_reasoning,candidate,reasoning,instr_only,34,projected_js,0.05514662200585008,128
aim_on_task_arithmetic__calib_reasoning,candidate,reasoning,instr_only,35,mmd_rbf,0.022943302989006042,128
aim_on_task_arithmetic__calib_reasoning,candidate,reasoning,instr_only,35,projected_js,0.0720588676049374,128
aim_on_task_arithmetic__calib_reasoning,candidate,reasoning,reasoning_only,0,mmd_rbf,0.00444303173571825,128
aim_on_task_arithmetic__calib_reasoning,candidate,reasoning,reasoning_only,0,projected_js,0.047262580977985635,128
aim_on_task_arithmetic__calib_reasoning,candidate,reasoning,reasoning_only,1,mmd_rbf,0.0070817964151501656,128
aim_on_task_arithmetic__calib_reasoning,candidate,reasoning,reasoning_only,1,projected_js,0.05497205746360123,128
aim_on_task_arithmetic__calib_reasoning,candidate,reasoning,reasoning_only,2,mmd_rbf,0.013231110759079456,128
aim_on_task_arithmetic__calib_reasoning,candidate,reasoning,reasoning_only,2,projected_js,0.061490515945479274,128
aim_on_task_arithmetic__calib_reasoning,candidate,reasoning,reasoning_only,3,mmd_rbf,0.015908781439065933,128
aim_on_task_arithmetic__calib_reasoning,candidate,reasoning,reasoning_only,3,projected_js,0.06743515096604824,128
aim_on_task_arithmetic__calib_reasoning,candidate,reasoning,reasoning_only,4,mmd_rbf,0.01512609701603651,128
aim_on_task_arithmetic__calib_reasoning,candidate,reasoning,reasoning_only,4,projected_js,0.06865632382687181,128
aim_on_task_arithmetic__calib_reasoning,candidate,reasoning,reasoning_only,5,mmd_rbf,0.014198309741914272,128
aim_on_task_arithmetic__calib_reasoning,candidate,reasoning,reasoning_only,5,projected_js,0.06488840319798328,128
aim_on_task_arithmetic__calib_reasoning,candidate,reasoning,reasoning_only,6,mmd_rbf,0.010796301998198032,128
aim_on_task_arithmetic__calib_reasoning,candidate,reasoning,reasoning_only,6,projected_js,0.06186578294727951,128
aim_on_task_arithmetic__calib_reasoning,candidate,reasoning,reasoning_only,7,mmd_rbf,0.011287613771855831,128
aim_on_task_arithmetic__calib_reasoning,candidate,reasoning,reasoning_only,7,projected_js,0.06522933871019632,128
aim_on_task_arithmetic__calib_reasoning,candidate,reasoning,reasoning_only,8,mmd_rbf,0.009945742785930634,128
aim_on_task_arithmetic__calib_reasoning,candidate,reasoning,reasoning_only,8,projected_js,0.06361007638042793,128
aim_on_task_arithmetic__calib_reasoning,candidate,reasoning,reasoning_only,9,mmd_rbf,0.01008151937276125,128
aim_on_task_arithmetic__calib_reasoning,candidate,reasoning,reasoning_only,9,projected_js,0.06327753694495186,128
aim_on_task_arithmetic__calib_reasoning,candidate,reasoning,reasoning_only,10,mmd_rbf,0.010950696654617786,128
aim_on_task_arithmetic__calib_reasoning,candidate,reasoning,reasoning_only,10,projected_js,0.0663861766224727,128
aim_on_task_arithmetic__calib_reasoning,candidate,reasoning,reasoning_only,11,mmd_rbf,0.01029212400317192,128
aim_on_task_arithmetic__calib_reasoning,candidate,reasoning,reasoning_only,11,projected_js,0.0647419691667892,128
aim_on_task_arithmetic__calib_reasoning,candidate,reasoning,reasoning_only,12,mmd_rbf,0.010318957269191742,128
aim_on_task_arithmetic__calib_reasoning,candidate,reasoning,reasoning_only,12,projected_js,0.06450721668079495,128
aim_on_task_arithmetic__calib_reasoning,candidate,reasoning,reasoning_only,13,mmd_rbf,0.010579696856439114,128
aim_on_task_arithmetic__calib_reasoning,candidate,reasoning,reasoning_only,13,projected_js,0.06626576586859301,128
aim_on_task_arithmetic__calib_reasoning,candidate,reasoning,reasoning_only,14,mmd_rbf,0.010415814816951752,128
aim_on_task_arithmetic__calib_reasoning,candidate,reasoning,reasoning_only,14,projected_js,0.06367772017256357,128
aim_on_task_arithmetic__calib_reasoning,candidate,reasoning,reasoning_only,15,mmd_rbf,0.011225723661482334,128
aim_on_task_arithmetic__calib_reasoning,candidate,reasoning,reasoning_only,15,projected_js,0.06154904293362051,128
aim_on_task_arithmetic__calib_reasoning,candidate,reasoning,reasoning_only,16,mmd_rbf,0.011607489548623562,128
aim_on_task_arithmetic__calib_reasoning,candidate,reasoning,reasoning_only,16,projected_js,0.0663284522597678,128
aim_on_task_arithmetic__calib_reasoning,candidate,reasoning,reasoning_only,17,mmd_rbf,0.011265468783676624,128
aim_on_task_arithmetic__calib_reasoning,candidate,reasoning,reasoning_only,17,projected_js,0.06496143754338846,128
aim_on_task_arithmetic__calib_reasoning,candidate,reasoning,reasoning_only,18,mmd_rbf,0.012775334529578686,128
aim_on_task_arithmetic__calib_reasoning,candidate,reasoning,reasoning_only,18,projected_js,0.06496279506245628,128
aim_on_task_arithmetic__calib_reasoning,candidate,reasoning,reasoning_only,19,mmd_rbf,0.011973896995186806,128
aim_on_task_arithmetic__calib_reasoning,candidate,reasoning,reasoning_only,19,projected_js,0.06614841561531648,128
aim_on_task_arithmetic__calib_reasoning,candidate,reasoning,reasoning_only,20,mmd_rbf,0.011441952548921108,128
aim_on_task_arithmetic__calib_reasoning,candidate,reasoning,reasoning_only,20,projected_js,0.06467714463360608,128
aim_on_task_arithmetic__calib_reasoning,candidate,reasoning,reasoning_only,21,mmd_rbf,0.01180177740752697,128
aim_on_task_arithmetic__calib_reasoning,candidate,reasoning,reasoning_only,21,projected_js,0.06651221093488857,128
aim_on_task_arithmetic__calib_reasoning,candidate,reasoning,reasoning_only,22,mmd_rbf,0.01017469447106123,128
aim_on_task_arithmetic__calib_reasoning,candidate,reasoning,reasoning_only,22,projected_js,0.0653306856402196,128
aim_on_task_arithmetic__calib_reasoning,candidate,reasoning,reasoning_only,23,mmd_rbf,0.008303492330014706,128
aim_on_task_arithmetic__calib_reasoning,candidate,reasoning,reasoning_only,23,projected_js,0.06170754143386148,128
aim_on_task_arithmetic__calib_reasoning,candidate,reasoning,reasoning_only,24,mmd_rbf,0.007899702526628971,128
aim_on_task_arithmetic__calib_reasoning,candidate,reasoning,reasoning_only,24,projected_js,0.059743303922005,128
aim_on_task_arithmetic__calib_reasoning,candidate,reasoning,reasoning_only,25,mmd_rbf,0.006945545319467783,128
aim_on_task_arithmetic__calib_reasoning,candidate,reasoning,reasoning_only,25,projected_js,0.060910778236575425,128
aim_on_task_arithmetic__calib_reasoning,candidate,reasoning,reasoning_only,26,mmd_rbf,0.006500231567770243,128
aim_on_task_arithmetic__calib_reasoning,candidate,reasoning,reasoning_only,26,projected_js,0.061246060067787766,128
aim_on_task_arithmetic__calib_reasoning,candidate,reasoning,reasoning_only,27,mmd_rbf,0.00632079690694809,128
aim_on_task_arithmetic__calib_reasoning,candidate,reasoning,reasoning_only,27,projected_js,0.06050923152361065,128
aim_on_task_arithmetic__calib_reasoning,candidate,reasoning,reasoning_only,28,mmd_rbf,0.006477800197899342,128
aim_on_task_arithmetic__calib_reasoning,candidate,reasoning,reasoning_only,28,projected_js,0.06308940326562151,128
aim_on_task_arithmetic__calib_reasoning,candidate,reasoning,reasoning_only,29,mmd_rbf,0.006396339740604162,128
aim_on_task_arithmetic__calib_reasoning,candidate,reasoning,reasoning_only,29,projected_js,0.06213669027783908,128
aim_on_task_arithmetic__calib_reasoning,candidate,reasoning,reasoning_only,30,mmd_rbf,0.006599717773497105,128
aim_on_task_arithmetic__calib_reasoning,candidate,reasoning,reasoning_only,30,projected_js,0.06559340155217797,128
aim_on_task_arithmetic__calib_reasoning,candidate,reasoning,reasoning_only,31,mmd_rbf,0.006763107609003782,128
aim_on_task_arithmetic__calib_reasoning,candidate,reasoning,reasoning_only,31,projected_js,0.06204279244411737,128
aim_on_task_arithmetic__calib_reasoning,candidate,reasoning,reasoning_only,32,mmd_rbf,0.006797825451940298,128
aim_on_task_arithmetic__calib_reasoning,candidate,reasoning,reasoning_only,32,projected_js,0.06183160882210359,128
aim_on_task_arithmetic__calib_reasoning,candidate,reasoning,reasoning_only,33,mmd_rbf,0.007104319985955954,128
aim_on_task_arithmetic__calib_reasoning,candidate,reasoning,reasoning_only,33,projected_js,0.061113011732231826,128
aim_on_task_arithmetic__calib_reasoning,candidate,reasoning,reasoning_only,34,mmd_rbf,0.007860326208174229,128
aim_on_task_arithmetic__calib_reasoning,candidate,reasoning,reasoning_only,34,projected_js,0.06089307717047632,128
aim_on_task_arithmetic__calib_reasoning,candidate,reasoning,reasoning_only,35,mmd_rbf,0.03134272247552872,128
aim_on_task_arithmetic__calib_reasoning,candidate,reasoning,reasoning_only,35,projected_js,0.08204931387444958,128
aim_on_task_arithmetic__calib_reasoning,candidate,reasoning,uncensored_only,0,mmd_rbf,0.0027965635526925325,128
aim_on_task_arithmetic__calib_reasoning,candidate,reasoning,uncensored_only,0,projected_js,0.03666542281280272,128
aim_on_task_arithmetic__calib_reasoning,candidate,reasoning,uncensored_only,1,mmd_rbf,0.07981651276350021,128
aim_on_task_arithmetic__calib_reasoning,candidate,reasoning,uncensored_only,1,projected_js,0.11774444344337098,128
aim_on_task_arithmetic__calib_reasoning,candidate,reasoning,uncensored_only,2,mmd_rbf,0.07446008175611496,128
aim_on_task_arithmetic__calib_reasoning,candidate,reasoning,uncensored_only,2,projected_js,0.10414976664469577,128
aim_on_task_arithmetic__calib_reasoning,candidate,reasoning,uncensored_only,3,mmd_rbf,0.05668353661894798,128
aim_on_task_arithmetic__calib_reasoning,candidate,reasoning,uncensored_only,3,projected_js,0.09501850864035077,128
aim_on_task_arithmetic__calib_reasoning,candidate,reasoning,uncensored_only,4,mmd_rbf,0.03844306617975235,128
aim_on_task_arithmetic__calib_reasoning,candidate,reasoning,uncensored_only,4,projected_js,0.09035386063624173,128
aim_on_task_arithmetic__calib_reasoning,candidate,reasoning,uncensored_only,5,mmd_rbf,0.02500985562801361,128
aim_on_task_arithmetic__calib_reasoning,candidate,reasoning,uncensored_only,5,projected_js,0.07944297636277042,128
aim_on_task_arithmetic__calib_reasoning,candidate,reasoning,uncensored_only,6,mmd_rbf,0.015156957320868969,128
aim_on_task_arithmetic__calib_reasoning,candidate,reasoning,uncensored_only,6,projected_js,0.06937417743029073,128
aim_on_task_arithmetic__calib_reasoning,candidate,reasoning,uncensored_only,7,mmd_rbf,0.013370218686759472,128
aim_on_task_arithmetic__calib_reasoning,candidate,reasoning,uncensored_only,7,projected_js,0.06651261943625286,128
aim_on_task_arithmetic__calib_reasoning,candidate,reasoning,uncensored_only,8,mmd_rbf,0.010317185893654823,128
aim_on_task_arithmetic__calib_reasoning,candidate,reasoning,uncensored_only,8,projected_js,0.06052204963634722,128
aim_on_task_arithmetic__calib_reasoning,candidate,reasoning,uncensored_only,9,mmd_rbf,0.008897398598492146,128
aim_on_task_arithmetic__calib_reasoning,candidate,reasoning,uncensored_only,9,projected_js,0.06189552185242064,128
aim_on_task_arithmetic__calib_reasoning,candidate,reasoning,uncensored_only,10,mmd_rbf,0.007981580682098866,128
aim_on_task_arithmetic__calib_reasoning,candidate,reasoning,uncensored_only,10,projected_js,0.05913019785657525,128
aim_on_task_arithmetic__calib_reasoning,candidate,reasoning,uncensored_only,11,mmd_rbf,0.0069076926447451115,128
aim_on_task_arithmetic__calib_reasoning,candidate,reasoning,uncensored_only,11,projected_js,0.05858285093563609,128
aim_on_task_arithmetic__calib_reasoning,candidate,reasoning,uncensored_only,12,mmd_rbf,0.006848426070064306,128
aim_on_task_arithmetic__calib_reasoning,candidate,reasoning,uncensored_only,12,projected_js,0.057973580551333725,128
aim_on_task_arithmetic__calib_reasoning,candidate,reasoning,uncensored_only,13,mmd_rbf,0.007113431580364704,128
aim_on_task_arithmetic__calib_reasoning,candidate,reasoning,uncensored_only,13,projected_js,0.06578441662713885,128
aim_on_task_arithmetic__calib_reasoning,candidate,reasoning,uncensored_only,14,mmd_rbf,0.007457129191607237,128
aim_on_task_arithmetic__calib_reasoning,candidate,reasoning,uncensored_only,14,projected_js,0.061210309388116,128
aim_on_task_arithmetic__calib_reasoning,candidate,reasoning,uncensored_only,15,mmd_rbf,0.009105914272367954,128
aim_on_task_arithmetic__calib_reasoning,candidate,reasoning,uncensored_only,15,projected_js,0.06314069323707372,128
aim_on_task_arithmetic__calib_reasoning,candidate,reasoning,uncensored_only,16,mmd_rbf,0.009820358827710152,128
aim_on_task_arithmetic__calib_reasoning,candidate,reasoning,uncensored_only,16,projected_js,0.06120731355622411,128
aim_on_task_arithmetic__calib_reasoning,candidate,reasoning,uncensored_only,17,mmd_rbf,0.009612915106117725,128
aim_on_task_arithmetic__calib_reasoning,candidate,reasoning,uncensored_only,17,projected_js,0.05859215176315047,128
aim_on_task_arithmetic__calib_reasoning,candidate,reasoning,uncensored_only,18,mmd_rbf,0.009528834372758865,128
aim_on_task_arithmetic__calib_reasoning,candidate,reasoning,uncensored_only,18,projected_js,0.06224027625285089,128
aim_on_task_arithmetic__calib_reasoning,candidate,reasoning,uncensored_only,19,mmd_rbf,0.009432890452444553,128
aim_on_task_arithmetic__calib_reasoning,candidate,reasoning,uncensored_only,19,projected_js,0.061397118639433756,128
aim_on_task_arithmetic__calib_reasoning,candidate,reasoning,uncensored_only,20,mmd_rbf,0.00961429625749588,128
aim_on_task_arithmetic__calib_reasoning,candidate,reasoning,uncensored_only,20,projected_js,0.06405711499974132,128
aim_on_task_arithmetic__calib_reasoning,candidate,reasoning,uncensored_only,21,mmd_rbf,0.010209874249994755,128
aim_on_task_arithmetic__calib_reasoning,candidate,reasoning,uncensored_only,21,projected_js,0.06272638132213615,128
aim_on_task_arithmetic__calib_reasoning,candidate,reasoning,uncensored_only,22,mmd_rbf,0.010398727841675282,128
aim_on_task_arithmetic__calib_reasoning,candidate,reasoning,uncensored_only,22,projected_js,0.06170516525162384,128
aim_on_task_arithmetic__calib_reasoning,candidate,reasoning,uncensored_only,23,mmd_rbf,0.010170831345021725,128
aim_on_task_arithmetic__calib_reasoning,candidate,reasoning,uncensored_only,23,projected_js,0.06524111522594467,128
aim_on_task_arithmetic__calib_reasoning,candidate,reasoning,uncensored_only,24,mmd_rbf,0.010141135193407536,128
aim_on_task_arithmetic__calib_reasoning,candidate,reasoning,uncensored_only,24,projected_js,0.06681799801299348,128
aim_on_task_arithmetic__calib_reasoning,candidate,reasoning,uncensored_only,25,mmd_rbf,0.01025801058858633,128
aim_on_task_arithmetic__calib_reasoning,candidate,reasoning,uncensored_only,25,projected_js,0.06599729740992188,128
aim_on_task_arithmetic__calib_reasoning,candidate,reasoning,uncensored_only,26,mmd_rbf,0.010273483581840992,128
aim_on_task_arithmetic__calib_reasoning,candidate,reasoning,uncensored_only,26,projected_js,0.06353065266739577,128
aim_on_task_arithmetic__calib_reasoning,candidate,reasoning,uncensored_only,27,mmd_rbf,0.010407178662717342,128
aim_on_task_arithmetic__calib_reasoning,candidate,reasoning,uncensored_only,27,projected_js,0.06627752783242613,128
aim_on_task_arithmetic__calib_reasoning,candidate,reasoning,uncensored_only,28,mmd_rbf,0.010025174356997013,128
aim_on_task_arithmetic__calib_reasoning,candidate,reasoning,uncensored_only,28,projected_js,0.06296900287270546,128
aim_on_task_arithmetic__calib_reasoning,candidate,reasoning,uncensored_only,29,mmd_rbf,0.010151010937988758,128
aim_on_task_arithmetic__calib_reasoning,candidate,reasoning,uncensored_only,29,projected_js,0.06490598316304386,128
aim_on_task_arithmetic__calib_reasoning,candidate,reasoning,uncensored_only,30,mmd_rbf,0.010443450883030891,128
aim_on_task_arithmetic__calib_reasoning,candidate,reasoning,uncensored_only,30,projected_js,0.06603027507662773,128
aim_on_task_arithmetic__calib_reasoning,candidate,reasoning,uncensored_only,31,mmd_rbf,0.0103905675932765,128
aim_on_task_arithmetic__calib_reasoning,candidate,reasoning,uncensored_only,31,projected_js,0.06308666395489126,128
aim_on_task_arithmetic__calib_reasoning,candidate,reasoning,uncensored_only,32,mmd_rbf,0.010558298788964748,128
aim_on_task_arithmetic__calib_reasoning,candidate,reasoning,uncensored_only,32,projected_js,0.06457956309895962,128
aim_on_task_arithmetic__calib_reasoning,candidate,reasoning,uncensored_only,33,mmd_rbf,0.01073512900620699,128
aim_on_task_arithmetic__calib_reasoning,candidate,reasoning,uncensored_only,33,projected_js,0.06402462668484077,128
aim_on_task_arithmetic__calib_reasoning,candidate,reasoning,uncensored_only,34,mmd_rbf,0.011460668407380581,128
aim_on_task_arithmetic__calib_reasoning,candidate,reasoning,uncensored_only,34,projected_js,0.06669814797351137,128
aim_on_task_arithmetic__calib_reasoning,candidate,reasoning,uncensored_only,35,mmd_rbf,0.029852816835045815,128
aim_on_task_arithmetic__calib_reasoning,candidate,reasoning,uncensored_only,35,projected_js,0.07583775365492329,128
aim_on_task_arithmetic__calib_reasoning,candidate,uncensored_refusal_like,base,0,mmd_rbf,0.007948720827698708,128
aim_on_task_arithmetic__calib_reasoning,candidate,uncensored_refusal_like,base,0,projected_js,0.0499906641052803,128
aim_on_task_arithmetic__calib_reasoning,candidate,uncensored_refusal_like,base,1,mmd_rbf,0.013533619232475758,128
aim_on_task_arithmetic__calib_reasoning,candidate,uncensored_refusal_like,base,1,projected_js,0.06444874207954854,128
aim_on_task_arithmetic__calib_reasoning,candidate,uncensored_refusal_like,base,2,mmd_rbf,0.014982451684772968,128
aim_on_task_arithmetic__calib_reasoning,candidate,uncensored_refusal_like,base,2,projected_js,0.06241806919570081,128
aim_on_task_arithmetic__calib_reasoning,candidate,uncensored_refusal_like,base,3,mmd_rbf,0.025203673169016838,128
aim_on_task_arithmetic__calib_reasoning,candidate,uncensored_refusal_like,base,3,projected_js,0.08111044860561378,128
aim_on_task_arithmetic__calib_reasoning,candidate,uncensored_refusal_like,base,4,mmd_rbf,0.024155166000127792,128
aim_on_task_arithmetic__calib_reasoning,candidate,uncensored_refusal_like,base,4,projected_js,0.07775595475686714,128
aim_on_task_arithmetic__calib_reasoning,candidate,uncensored_refusal_like,base,5,mmd_rbf,0.025293409824371338,128
aim_on_task_arithmetic__calib_reasoning,candidate,uncensored_refusal_like,base,5,projected_js,0.07606108050094917,128
aim_on_task_arithmetic__calib_reasoning,candidate,uncensored_refusal_like,base,6,mmd_rbf,0.022068483754992485,128
aim_on_task_arithmetic__calib_reasoning,candidate,uncensored_refusal_like,base,6,projected_js,0.07383999988087453,128
aim_on_task_arithmetic__calib_reasoning,candidate,uncensored_refusal_like,base,7,mmd_rbf,0.0200207382440567,128
aim_on_task_arithmetic__calib_reasoning,candidate,uncensored_refusal_like,base,7,projected_js,0.06903470761608332,128
aim_on_task_arithmetic__calib_reasoning,candidate,uncensored_refusal_like,base,8,mmd_rbf,0.018116330727934837,128
aim_on_task_arithmetic__calib_reasoning,candidate,uncensored_refusal_like,base,8,projected_js,0.0705991045688279,128
aim_on_task_arithmetic__calib_reasoning,candidate,uncensored_refusal_like,base,9,mmd_rbf,0.0207834430038929,128
aim_on_task_arithmetic__calib_reasoning,candidate,uncensored_refusal_like,base,9,projected_js,0.07299290341325104,128
aim_on_task_arithmetic__calib_reasoning,candidate,uncensored_refusal_like,base,10,mmd_rbf,0.0226612389087677,128
aim_on_task_arithmetic__calib_reasoning,candidate,uncensored_refusal_like,base,10,projected_js,0.07694219332188368,128
aim_on_task_arithmetic__calib_reasoning,candidate,uncensored_refusal_like,base,11,mmd_rbf,0.02494228444993496,128
aim_on_task_arithmetic__calib_reasoning,candidate,uncensored_refusal_like,base,11,projected_js,0.07964036788325757,128
aim_on_task_arithmetic__calib_reasoning,candidate,uncensored_refusal_like,base,12,mmd_rbf,0.028218453750014305,128
aim_on_task_arithmetic__calib_reasoning,candidate,uncensored_refusal_like,base,12,projected_js,0.07926195481559262,128
aim_on_task_arithmetic__calib_reasoning,candidate,uncensored_refusal_like,base,13,mmd_rbf,0.03203889727592468,128
aim_on_task_arithmetic__calib_reasoning,candidate,uncensored_refusal_like,base,13,projected_js,0.08751540124649182,128
aim_on_task_arithmetic__calib_reasoning,candidate,uncensored_refusal_like,base,14,mmd_rbf,0.03429987654089928,128
aim_on_task_arithmetic__calib_reasoning,candidate,uncensored_refusal_like,base,14,projected_js,0.08348844212014228,128
aim_on_task_arithmetic__calib_reasoning,candidate,uncensored_refusal_like,base,15,mmd_rbf,0.03644857555627823,128
aim_on_task_arithmetic__calib_reasoning,candidate,uncensored_refusal_like,base,15,projected_js,0.08017291006399319,128
aim_on_task_arithmetic__calib_reasoning,candidate,uncensored_refusal_like,base,16,mmd_rbf,0.03700747713446617,128
aim_on_task_arithmetic__calib_reasoning,candidate,uncensored_refusal_like,base,16,projected_js,0.0790857815882191,128
aim_on_task_arithmetic__calib_reasoning,candidate,uncensored_refusal_like,base,17,mmd_rbf,0.037471432238817215,128
aim_on_task_arithmetic__calib_reasoning,candidate,uncensored_refusal_like,base,17,projected_js,0.08543217176338658,128
aim_on_task_arithmetic__calib_reasoning,candidate,uncensored_refusal_like,base,18,mmd_rbf,0.03893782198429108,128
aim_on_task_arithmetic__calib_reasoning,candidate,uncensored_refusal_like,base,18,projected_js,0.08506636880338192,128
aim_on_task_arithmetic__calib_reasoning,candidate,uncensored_refusal_like,base,19,mmd_rbf,0.038807403296232224,128
aim_on_task_arithmetic__calib_reasoning,candidate,uncensored_refusal_like,base,19,projected_js,0.08496710122562945,128
aim_on_task_arithmetic__calib_reasoning,candidate,uncensored_refusal_like,base,20,mmd_rbf,0.04469595104455948,128
aim_on_task_arithmetic__calib_reasoning,candidate,uncensored_refusal_like,base,20,projected_js,0.08843822270864621,128
aim_on_task_arithmetic__calib_reasoning,candidate,uncensored_refusal_like,base,21,mmd_rbf,0.04750588536262512,128
aim_on_task_arithmetic__calib_reasoning,candidate,uncensored_refusal_like,base,21,projected_js,0.08878192846896127,128
aim_on_task_arithmetic__calib_reasoning,candidate,uncensored_refusal_like,base,22,mmd_rbf,0.04928956553339958,128
aim_on_task_arithmetic__calib_reasoning,candidate,uncensored_refusal_like,base,22,projected_js,0.09355650475481525,128
aim_on_task_arithmetic__calib_reasoning,candidate,uncensored_refusal_like,base,23,mmd_rbf,0.04834967851638794,128
aim_on_task_arithmetic__calib_reasoning,candidate,uncensored_refusal_like,base,23,projected_js,0.09488309465814382,128
aim_on_task_arithmetic__calib_reasoning,candidate,uncensored_refusal_like,base,24,mmd_rbf,0.046768516302108765,128
aim_on_task_arithmetic__calib_reasoning,candidate,uncensored_refusal_like,base,24,projected_js,0.09559866128256544,128
aim_on_task_arithmetic__calib_reasoning,candidate,uncensored_refusal_like,base,25,mmd_rbf,0.04566465690732002,128
aim_on_task_arithmetic__calib_reasoning,candidate,uncensored_refusal_like,base,25,projected_js,0.08985067886533216,128
aim_on_task_arithmetic__calib_reasoning,candidate,uncensored_refusal_like,base,26,mmd_rbf,0.045710302889347076,128
aim_on_task_arithmetic__calib_reasoning,candidate,uncensored_refusal_like,base,26,projected_js,0.09493575739907101,128
aim_on_task_arithmetic__calib_reasoning,candidate,uncensored_refusal_like,base,27,mmd_rbf,0.046094540506601334,128
aim_on_task_arithmetic__calib_reasoning,candidate,uncensored_refusal_like,base,27,projected_js,0.10084507724968717,128
aim_on_task_arithmetic__calib_reasoning,candidate,uncensored_refusal_like,base,28,mmd_rbf,0.044700320810079575,128
aim_on_task_arithmetic__calib_reasoning,candidate,uncensored_refusal_like,base,28,projected_js,0.09884773462545127,128
aim_on_task_arithmetic__calib_reasoning,candidate,uncensored_refusal_like,base,29,mmd_rbf,0.04193592816591263,128
aim_on_task_arithmetic__calib_reasoning,candidate,uncensored_refusal_like,base,29,projected_js,0.09645138052292168,128
aim_on_task_arithmetic__calib_reasoning,candidate,uncensored_refusal_like,base,30,mmd_rbf,0.04240237548947334,128
aim_on_task_arithmetic__calib_reasoning,candidate,uncensored_refusal_like,base,30,projected_js,0.09657042712206021,128
aim_on_task_arithmetic__calib_reasoning,candidate,uncensored_refusal_like,base,31,mmd_rbf,0.041731346398591995,128
aim_on_task_arithmetic__calib_reasoning,candidate,uncensored_refusal_like,base,31,projected_js,0.09229175868676975,128
aim_on_task_arithmetic__calib_reasoning,candidate,uncensored_refusal_like,base,32,mmd_rbf,0.04199666902422905,128
aim_on_task_arithmetic__calib_reasoning,candidate,uncensored_refusal_like,base,32,projected_js,0.08914191019721329,128
aim_on_task_arithmetic__calib_reasoning,candidate,uncensored_refusal_like,base,33,mmd_rbf,0.040252167731523514,128
aim_on_task_arithmetic__calib_reasoning,candidate,uncensored_refusal_like,base,33,projected_js,0.09108941064914688,128
aim_on_task_arithmetic__calib_reasoning,candidate,uncensored_refusal_like,base,34,mmd_rbf,0.053177088499069214,128
aim_on_task_arithmetic__calib_reasoning,candidate,uncensored_refusal_like,base,34,projected_js,0.10303459787974134,128
aim_on_task_arithmetic__calib_reasoning,candidate,uncensored_refusal_like,base,35,mmd_rbf,0.12698005139827728,128
aim_on_task_arithmetic__calib_reasoning,candidate,uncensored_refusal_like,base,35,projected_js,0.1685726154828444,128
aim_on_task_arithmetic__calib_reasoning,candidate,uncensored_refusal_like,instr_only,0,mmd_rbf,0.004781133029609919,128
aim_on_task_arithmetic__calib_reasoning,candidate,uncensored_refusal_like,instr_only,0,projected_js,0.046959700077422895,128
aim_on_task_arithmetic__calib_reasoning,candidate,uncensored_refusal_like,instr_only,1,mmd_rbf,0.008046395145356655,128
aim_on_task_arithmetic__calib_reasoning,candidate,uncensored_refusal_like,instr_only,1,projected_js,0.05267558584455401,128
aim_on_task_arithmetic__calib_reasoning,candidate,uncensored_refusal_like,instr_only,2,mmd_rbf,0.009639084339141846,128
aim_on_task_arithmetic__calib_reasoning,candidate,uncensored_refusal_like,instr_only,2,projected_js,0.05659524268412497,128
aim_on_task_arithmetic__calib_reasoning,candidate,uncensored_refusal_like,instr_only,3,mmd_rbf,0.012143561616539955,128
aim_on_task_arithmetic__calib_reasoning,candidate,uncensored_refusal_like,instr_only,3,projected_js,0.05917777688591741,128
aim_on_task_arithmetic__calib_reasoning,candidate,uncensored_refusal_like,instr_only,4,mmd_rbf,0.013296443037688732,128
aim_on_task_arithmetic__calib_reasoning,candidate,uncensored_refusal_like,instr_only,4,projected_js,0.06347758823540062,128
aim_on_task_arithmetic__calib_reasoning,candidate,uncensored_refusal_like,instr_only,5,mmd_rbf,0.013513395562767982,128
aim_on_task_arithmetic__calib_reasoning,candidate,uncensored_refusal_like,instr_only,5,projected_js,0.06019971624482423,128
aim_on_task_arithmetic__calib_reasoning,candidate,uncensored_refusal_like,instr_only,6,mmd_rbf,0.010545434430241585,128
aim_on_task_arithmetic__calib_reasoning,candidate,uncensored_refusal_like,instr_only,6,projected_js,0.058251859387382865,128
aim_on_task_arithmetic__calib_reasoning,candidate,uncensored_refusal_like,instr_only,7,mmd_rbf,0.008670131675899029,128
aim_on_task_arithmetic__calib_reasoning,candidate,uncensored_refusal_like,instr_only,7,projected_js,0.05842870692140423,128
aim_on_task_arithmetic__calib_reasoning,candidate,uncensored_refusal_like,instr_only,8,mmd_rbf,0.007105458527803421,128
aim_on_task_arithmetic__calib_reasoning,candidate,uncensored_refusal_like,instr_only,8,projected_js,0.0596642762538977,128
aim_on_task_arithmetic__calib_reasoning,candidate,uncensored_refusal_like,instr_only,9,mmd_rbf,0.007103560958057642,128
aim_on_task_arithmetic__calib_reasoning,candidate,uncensored_refusal_like,instr_only,9,projected_js,0.061639959225431085,128
aim_on_task_arithmetic__calib_reasoning,candidate,uncensored_refusal_like,instr_only,10,mmd_rbf,0.00743030896410346,128
aim_on_task_arithmetic__calib_reasoning,candidate,uncensored_refusal_like,instr_only,10,projected_js,0.06403576335287653,128
aim_on_task_arithmetic__calib_reasoning,candidate,uncensored_refusal_like,instr_only,11,mmd_rbf,0.007104760501533747,128
aim_on_task_arithmetic__calib_reasoning,candidate,uncensored_refusal_like,instr_only,11,projected_js,0.057910282601369545,128
aim_on_task_arithmetic__calib_reasoning,candidate,uncensored_refusal_like,instr_only,12,mmd_rbf,0.007495142053812742,128
aim_on_task_arithmetic__calib_reasoning,candidate,uncensored_refusal_like,instr_only,12,projected_js,0.06151551185757853,128
aim_on_task_arithmetic__calib_reasoning,candidate,uncensored_refusal_like,instr_only,13,mmd_rbf,0.007709038443863392,128
aim_on_task_arithmetic__calib_reasoning,candidate,uncensored_refusal_like,instr_only,13,projected_js,0.06193618112592958,128
aim_on_task_arithmetic__calib_reasoning,candidate,uncensored_refusal_like,instr_only,14,mmd_rbf,0.007581974845379591,128
aim_on_task_arithmetic__calib_reasoning,candidate,uncensored_refusal_like,instr_only,14,projected_js,0.06283646647352725,128
aim_on_task_arithmetic__calib_reasoning,candidate,uncensored_refusal_like,instr_only,15,mmd_rbf,0.007909901440143585,128
aim_on_task_arithmetic__calib_reasoning,candidate,uncensored_refusal_like,instr_only,15,projected_js,0.06739760847995058,128
aim_on_task_arithmetic__calib_reasoning,candidate,uncensored_refusal_like,instr_only,16,mmd_rbf,0.008413026109337807,128
aim_on_task_arithmetic__calib_reasoning,candidate,uncensored_refusal_like,instr_only,16,projected_js,0.06460748909739777,128
aim_on_task_arithmetic__calib_reasoning,candidate,uncensored_refusal_like,instr_only,17,mmd_rbf,0.009361189790070057,128
aim_on_task_arithmetic__calib_reasoning,candidate,uncensored_refusal_like,instr_only,17,projected_js,0.06293610949069262,128
aim_on_task_arithmetic__calib_reasoning,candidate,uncensored_refusal_like,instr_only,18,mmd_rbf,0.010487154126167297,128
aim_on_task_arithmetic__calib_reasoning,candidate,uncensored_refusal_like,instr_only,18,projected_js,0.06621992826694623,128
aim_on_task_arithmetic__calib_reasoning,candidate,uncensored_refusal_like,instr_only,19,mmd_rbf,0.011541061103343964,128
aim_on_task_arithmetic__calib_reasoning,candidate,uncensored_refusal_like,instr_only,19,projected_js,0.06598239281447604,128
aim_on_task_arithmetic__calib_reasoning,candidate,uncensored_refusal_like,instr_only,20,mmd_rbf,0.012954804114997387,128
aim_on_task_arithmetic__calib_reasoning,candidate,uncensored_refusal_like,instr_only,20,projected_js,0.06827556746429764,128
aim_on_task_arithmetic__calib_reasoning,candidate,uncensored_refusal_like,instr_only,21,mmd_rbf,0.015338351018726826,128
aim_on_task_arithmetic__calib_reasoning,candidate,uncensored_refusal_like,instr_only,21,projected_js,0.07148987229447812,128
aim_on_task_arithmetic__calib_reasoning,candidate,uncensored_refusal_like,instr_only,22,mmd_rbf,0.016777945682406425,128
aim_on_task_arithmetic__calib_reasoning,candidate,uncensored_refusal_like,instr_only,22,projected_js,0.07131916203070432,128
aim_on_task_arithmetic__calib_reasoning,candidate,uncensored_refusal_like,instr_only,23,mmd_rbf,0.01722431182861328,128
aim_on_task_arithmetic__calib_reasoning,candidate,uncensored_refusal_like,instr_only,23,projected_js,0.07375795906409621,128
aim_on_task_arithmetic__calib_reasoning,candidate,uncensored_refusal_like,instr_only,24,mmd_rbf,0.018281886354088783,128
aim_on_task_arithmetic__calib_reasoning,candidate,uncensored_refusal_like,instr_only,24,projected_js,0.0737483793636784,128
aim_on_task_arithmetic__calib_reasoning,candidate,uncensored_refusal_like,instr_only,25,mmd_rbf,0.019987236708402634,128
aim_on_task_arithmetic__calib_reasoning,candidate,uncensored_refusal_like,instr_only,25,projected_js,0.07695890369359404,128
aim_on_task_arithmetic__calib_reasoning,candidate,uncensored_refusal_like,instr_only,26,mmd_rbf,0.02090335451066494,128
aim_on_task_arithmetic__calib_reasoning,candidate,uncensored_refusal_like,instr_only,26,projected_js,0.07800128211965784,128
aim_on_task_arithmetic__calib_reasoning,candidate,uncensored_refusal_like,instr_only,27,mmd_rbf,0.02092903107404709,128
aim_on_task_arithmetic__calib_reasoning,candidate,uncensored_refusal_like,instr_only,27,projected_js,0.07369476152234711,128
aim_on_task_arithmetic__calib_reasoning,candidate,uncensored_refusal_like,instr_only,28,mmd_rbf,0.020816287025809288,128
aim_on_task_arithmetic__calib_reasoning,candidate,uncensored_refusal_like,instr_only,28,projected_js,0.0755756680155173,128
aim_on_task_arithmetic__calib_reasoning,candidate,uncensored_refusal_like,instr_only,29,mmd_rbf,0.01985875330865383,128
aim_on_task_arithmetic__calib_reasoning,candidate,uncensored_refusal_like,instr_only,29,projected_js,0.07695491943741217,128
aim_on_task_arithmetic__calib_reasoning,candidate,uncensored_refusal_like,instr_only,30,mmd_rbf,0.019985344260931015,128
aim_on_task_arithmetic__calib_reasoning,candidate,uncensored_refusal_like,instr_only,30,projected_js,0.07748587970854715,128
aim_on_task_arithmetic__calib_reasoning,candidate,uncensored_refusal_like,instr_only,31,mmd_rbf,0.01969938538968563,128
aim_on_task_arithmetic__calib_reasoning,candidate,uncensored_refusal_like,instr_only,31,projected_js,0.07750358834164217,128
aim_on_task_arithmetic__calib_reasoning,candidate,uncensored_refusal_like,instr_only,32,mmd_rbf,0.02008672058582306,128
aim_on_task_arithmetic__calib_reasoning,candidate,uncensored_refusal_like,instr_only,32,projected_js,0.07726609573001042,128
aim_on_task_arithmetic__calib_reasoning,candidate,uncensored_refusal_like,instr_only,33,mmd_rbf,0.019664980471134186,128
aim_on_task_arithmetic__calib_reasoning,candidate,uncensored_refusal_like,instr_only,33,projected_js,0.07888822461245582,128
aim_on_task_arithmetic__calib_reasoning,candidate,uncensored_refusal_like,instr_only,34,mmd_rbf,0.02257627807557583,128
aim_on_task_arithmetic__calib_reasoning,candidate,uncensored_refusal_like,instr_only,34,projected_js,0.08170125307515264,128
aim_on_task_arithmetic__calib_reasoning,candidate,uncensored_refusal_like,instr_only,35,mmd_rbf,0.07885520905256271,128
aim_on_task_arithmetic__calib_reasoning,candidate,uncensored_refusal_like,instr_only,35,projected_js,0.1285010803840123,128
aim_on_task_arithmetic__calib_reasoning,candidate,uncensored_refusal_like,reasoning_only,0,mmd_rbf,0.023089736700057983,128
aim_on_task_arithmetic__calib_reasoning,candidate,uncensored_refusal_like,reasoning_only,0,projected_js,0.09175480098929256,128
aim_on_task_arithmetic__calib_reasoning,candidate,uncensored_refusal_like,reasoning_only,1,mmd_rbf,0.0284101665019989,128
aim_on_task_arithmetic__calib_reasoning,candidate,uncensored_refusal_like,reasoning_only,1,projected_js,0.0827244290849194,128
aim_on_task_arithmetic__calib_reasoning,candidate,uncensored_refusal_like,reasoning_only,2,mmd_rbf,0.040010444819927216,128
aim_on_task_arithmetic__calib_reasoning,candidate,uncensored_refusal_like,reasoning_only,2,projected_js,0.09295201097847894,128
aim_on_task_arithmetic__calib_reasoning,candidate,uncensored_refusal_like,reasoning_only,3,mmd_rbf,0.04727168008685112,128
aim_on_task_arithmetic__calib_reasoning,candidate,uncensored_refusal_like,reasoning_only,3,projected_js,0.10492722346680239,128
aim_on_task_arithmetic__calib_reasoning,candidate,uncensored_refusal_like,reasoning_only,4,mmd_rbf,0.05058000236749649,128
aim_on_task_arithmetic__calib_reasoning,candidate,uncensored_refusal_like,reasoning_only,4,projected_js,0.11570614427910186,128
aim_on_task_arithmetic__calib_reasoning,candidate,uncensored_refusal_like,reasoning_only,5,mmd_rbf,0.05623447522521019,128
aim_on_task_arithmetic__calib_reasoning,candidate,uncensored_refusal_like,reasoning_only,5,projected_js,0.12816098291659728,128
aim_on_task_arithmetic__calib_reasoning,candidate,uncensored_refusal_like,reasoning_only,6,mmd_rbf,0.0434160940349102,128
aim_on_task_arithmetic__calib_reasoning,candidate,uncensored_refusal_like,reasoning_only,6,projected_js,0.10371881863102317,128
aim_on_task_arithmetic__calib_reasoning,candidate,uncensored_refusal_like,reasoning_only,7,mmd_rbf,0.03941944241523743,128
aim_on_task_arithmetic__calib_reasoning,candidate,uncensored_refusal_like,reasoning_only,7,projected_js,0.10327594840782695,128
aim_on_task_arithmetic__calib_reasoning,candidate,uncensored_refusal_like,reasoning_only,8,mmd_rbf,0.030838429927825928,128
aim_on_task_arithmetic__calib_reasoning,candidate,uncensored_refusal_like,reasoning_only,8,projected_js,0.09241149661829695,128
aim_on_task_arithmetic__calib_reasoning,candidate,uncensored_refusal_like,reasoning_only,9,mmd_rbf,0.029812166467308998,128
aim_on_task_arithmetic__calib_reasoning,candidate,uncensored_refusal_like,reasoning_only,9,projected_js,0.09199343869113363,128
aim_on_task_arithmetic__calib_reasoning,candidate,uncensored_refusal_like,reasoning_only,10,mmd_rbf,0.031209571287035942,128
aim_on_task_arithmetic__calib_reasoning,candidate,uncensored_refusal_like,reasoning_only,10,projected_js,0.09560836682794616,128
aim_on_task_arithmetic__calib_reasoning,candidate,uncensored_refusal_like,reasoning_only,11,mmd_rbf,0.030376149341464043,128
aim_on_task_arithmetic__calib_reasoning,candidate,uncensored_refusal_like,reasoning_only,11,projected_js,0.08995297914952971,128
aim_on_task_arithmetic__calib_reasoning,candidate,uncensored_refusal_like,reasoning_only,12,mmd_rbf,0.03369398042559624,128
aim_on_task_arithmetic__calib_reasoning,candidate,uncensored_refusal_like,reasoning_only,12,projected_js,0.09162653493694961,128
aim_on_task_arithmetic__calib_reasoning,candidate,uncensored_refusal_like,reasoning_only,13,mmd_rbf,0.03598421812057495,128
aim_on_task_arithmetic__calib_reasoning,candidate,uncensored_refusal_like,reasoning_only,13,projected_js,0.09175984439207241,128
aim_on_task_arithmetic__calib_reasoning,candidate,uncensored_refusal_like,reasoning_only,14,mmd_rbf,0.035064976662397385,128
aim_on_task_arithmetic__calib_reasoning,candidate,uncensored_refusal_like,reasoning_only,14,projected_js,0.08677596302004531,128
aim_on_task_arithmetic__calib_reasoning,candidate,uncensored_refusal_like,reasoning_only,15,mmd_rbf,0.03608003258705139,128
aim_on_task_arithmetic__calib_reasoning,candidate,uncensored_refusal_like,reasoning_only,15,projected_js,0.0894981668679975,128
aim_on_task_arithmetic__calib_reasoning,candidate,uncensored_refusal_like,reasoning_only,16,mmd_rbf,0.035764340311288834,128
aim_on_task_arithmetic__calib_reasoning,candidate,uncensored_refusal_like,reasoning_only,16,projected_js,0.08728758647339419,128
aim_on_task_arithmetic__calib_reasoning,candidate,uncensored_refusal_like,reasoning_only,17,mmd_rbf,0.035841379314661026,128
aim_on_task_arithmetic__calib_reasoning,candidate,uncensored_refusal_like,reasoning_only,17,projected_js,0.08470584376482293,128
aim_on_task_arithmetic__calib_reasoning,candidate,uncensored_refusal_like,reasoning_only,18,mmd_rbf,0.042786918580532074,128
aim_on_task_arithmetic__calib_reasoning,candidate,uncensored_refusal_like,reasoning_only,18,projected_js,0.08724634139798582,128
aim_on_task_arithmetic__calib_reasoning,candidate,uncensored_refusal_like,reasoning_only,19,mmd_rbf,0.041450049728155136,128
aim_on_task_arithmetic__calib_reasoning,candidate,uncensored_refusal_like,reasoning_only,19,projected_js,0.08572512108366936,128
aim_on_task_arithmetic__calib_reasoning,candidate,uncensored_refusal_like,reasoning_only,20,mmd_rbf,0.04177917167544365,128
aim_on_task_arithmetic__calib_reasoning,candidate,uncensored_refusal_like,reasoning_only,20,projected_js,0.08511498325970024,128
aim_on_task_arithmetic__calib_reasoning,candidate,uncensored_refusal_like,reasoning_only,21,mmd_rbf,0.04293663799762726,128
aim_on_task_arithmetic__calib_reasoning,candidate,uncensored_refusal_like,reasoning_only,21,projected_js,0.08927901461720467,128
aim_on_task_arithmetic__calib_reasoning,candidate,uncensored_refusal_like,reasoning_only,22,mmd_rbf,0.04241251200437546,128
aim_on_task_arithmetic__calib_reasoning,candidate,uncensored_refusal_like,reasoning_only,22,projected_js,0.09153592900838703,128
aim_on_task_arithmetic__calib_reasoning,candidate,uncensored_refusal_like,reasoning_only,23,mmd_rbf,0.03711012005805969,128
aim_on_task_arithmetic__calib_reasoning,candidate,uncensored_refusal_like,reasoning_only,23,projected_js,0.08911738870665431,128
aim_on_task_arithmetic__calib_reasoning,candidate,uncensored_refusal_like,reasoning_only,24,mmd_rbf,0.04174500331282616,128
aim_on_task_arithmetic__calib_reasoning,candidate,uncensored_refusal_like,reasoning_only,24,projected_js,0.09012042748508975,128
aim_on_task_arithmetic__calib_reasoning,candidate,uncensored_refusal_like,reasoning_only,25,mmd_rbf,0.03985148295760155,128
aim_on_task_arithmetic__calib_reasoning,candidate,uncensored_refusal_like,reasoning_only,25,projected_js,0.08543194463709369,128
aim_on_task_arithmetic__calib_reasoning,candidate,uncensored_refusal_like,reasoning_only,26,mmd_rbf,0.04159751161932945,128
aim_on_task_arithmetic__calib_reasoning,candidate,uncensored_refusal_like,reasoning_only,26,projected_js,0.0891080895671621,128
aim_on_task_arithmetic__calib_reasoning,candidate,uncensored_refusal_like,reasoning_only,27,mmd_rbf,0.043579548597335815,128
aim_on_task_arithmetic__calib_reasoning,candidate,uncensored_refusal_like,reasoning_only,27,projected_js,0.08855582744581625,128
aim_on_task_arithmetic__calib_reasoning,candidate,uncensored_refusal_like,reasoning_only,28,mmd_rbf,0.0452035628259182,128
aim_on_task_arithmetic__calib_reasoning,candidate,uncensored_refusal_like,reasoning_only,28,projected_js,0.09796836005989462,128
aim_on_task_arithmetic__calib_reasoning,candidate,uncensored_refusal_like,reasoning_only,29,mmd_rbf,0.04381179064512253,128
aim_on_task_arithmetic__calib_reasoning,candidate,uncensored_refusal_like,reasoning_only,29,projected_js,0.10200832912232727,128
aim_on_task_arithmetic__calib_reasoning,candidate,uncensored_refusal_like,reasoning_only,30,mmd_rbf,0.04641574248671532,128
aim_on_task_arithmetic__calib_reasoning,candidate,uncensored_refusal_like,reasoning_only,30,projected_js,0.10706701100571081,128
aim_on_task_arithmetic__calib_reasoning,candidate,uncensored_refusal_like,reasoning_only,31,mmd_rbf,0.04622222110629082,128
aim_on_task_arithmetic__calib_reasoning,candidate,uncensored_refusal_like,reasoning_only,31,projected_js,0.0987208221340552,128
aim_on_task_arithmetic__calib_reasoning,candidate,uncensored_refusal_like,reasoning_only,32,mmd_rbf,0.0464334674179554,128
aim_on_task_arithmetic__calib_reasoning,candidate,uncensored_refusal_like,reasoning_only,32,projected_js,0.09941160044400021,128
aim_on_task_arithmetic__calib_reasoning,candidate,uncensored_refusal_like,reasoning_only,33,mmd_rbf,0.04429413005709648,128
aim_on_task_arithmetic__calib_reasoning,candidate,uncensored_refusal_like,reasoning_only,33,projected_js,0.09171110048191622,128
aim_on_task_arithmetic__calib_reasoning,candidate,uncensored_refusal_like,reasoning_only,34,mmd_rbf,0.04753297194838524,128
aim_on_task_arithmetic__calib_reasoning,candidate,uncensored_refusal_like,reasoning_only,34,projected_js,0.09252763551194221,128
aim_on_task_arithmetic__calib_reasoning,candidate,uncensored_refusal_like,reasoning_only,35,mmd_rbf,0.058747779577970505,128
aim_on_task_arithmetic__calib_reasoning,candidate,uncensored_refusal_like,reasoning_only,35,projected_js,0.10744407580932602,128
aim_on_task_arithmetic__calib_reasoning,candidate,uncensored_refusal_like,uncensored_only,0,mmd_rbf,0.013155484572052956,128
aim_on_task_arithmetic__calib_reasoning,candidate,uncensored_refusal_like,uncensored_only,0,projected_js,0.05962155282031745,128
aim_on_task_arithmetic__calib_reasoning,candidate,uncensored_refusal_like,uncensored_only,1,mmd_rbf,0.22816768288612366,128
aim_on_task_arithmetic__calib_reasoning,candidate,uncensored_refusal_like,uncensored_only,1,projected_js,0.2501374508428853,128
aim_on_task_arithmetic__calib_reasoning,candidate,uncensored_refusal_like,uncensored_only,2,mmd_rbf,0.202961727976799,128
aim_on_task_arithmetic__calib_reasoning,candidate,uncensored_refusal_like,uncensored_only,2,projected_js,0.2112198825343512,128
aim_on_task_arithmetic__calib_reasoning,candidate,uncensored_refusal_like,uncensored_only,3,mmd_rbf,0.163430318236351,128
aim_on_task_arithmetic__calib_reasoning,candidate,uncensored_refusal_like,uncensored_only,3,projected_js,0.16783619846682996,128
aim_on_task_arithmetic__calib_reasoning,candidate,uncensored_refusal_like,uncensored_only,4,mmd_rbf,0.1317046731710434,128
aim_on_task_arithmetic__calib_reasoning,candidate,uncensored_refusal_like,uncensored_only,4,projected_js,0.16860627121059224,128
aim_on_task_arithmetic__calib_reasoning,candidate,uncensored_refusal_like,uncensored_only,5,mmd_rbf,0.10069581121206284,128
aim_on_task_arithmetic__calib_reasoning,candidate,uncensored_refusal_like,uncensored_only,5,projected_js,0.15649742574896663,128
aim_on_task_arithmetic__calib_reasoning,candidate,uncensored_refusal_like,uncensored_only,6,mmd_rbf,0.0639299526810646,128
aim_on_task_arithmetic__calib_reasoning,candidate,uncensored_refusal_like,uncensored_only,6,projected_js,0.11605212191352621,128
aim_on_task_arithmetic__calib_reasoning,candidate,uncensored_refusal_like,uncensored_only,7,mmd_rbf,0.04824814200401306,128
aim_on_task_arithmetic__calib_reasoning,candidate,uncensored_refusal_like,uncensored_only,7,projected_js,0.09893078115419485,128
aim_on_task_arithmetic__calib_reasoning,candidate,uncensored_refusal_like,uncensored_only,8,mmd_rbf,0.03447780758142471,128
aim_on_task_arithmetic__calib_reasoning,candidate,uncensored_refusal_like,uncensored_only,8,projected_js,0.08569337119115517,128
aim_on_task_arithmetic__calib_reasoning,candidate,uncensored_refusal_like,uncensored_only,9,mmd_rbf,0.029987437650561333,128
aim_on_task_arithmetic__calib_reasoning,candidate,uncensored_refusal_like,uncensored_only,9,projected_js,0.07843579724431038,128
aim_on_task_arithmetic__calib_reasoning,candidate,uncensored_refusal_like,uncensored_only,10,mmd_rbf,0.02516407147049904,128
aim_on_task_arithmetic__calib_reasoning,candidate,uncensored_refusal_like,uncensored_only,10,projected_js,0.07742246449925005,128
aim_on_task_arithmetic__calib_reasoning,candidate,uncensored_refusal_like,uncensored_only,11,mmd_rbf,0.021441591903567314,128
aim_on_task_arithmetic__calib_reasoning,candidate,uncensored_refusal_like,uncensored_only,11,projected_js,0.0671450974768959,128
aim_on_task_arithmetic__calib_reasoning,candidate,uncensored_refusal_like,uncensored_only,12,mmd_rbf,0.02176647260785103,128
aim_on_task_arithmetic__calib_reasoning,candidate,uncensored_refusal_like,uncensored_only,12,projected_js,0.07430075173033401,128
aim_on_task_arithmetic__calib_reasoning,candidate,uncensored_refusal_like,uncensored_only,13,mmd_rbf,0.02306707389652729,128
aim_on_task_arithmetic__calib_reasoning,candidate,uncensored_refusal_like,uncensored_only,13,projected_js,0.0749662519665435,128
aim_on_task_arithmetic__calib_reasoning,candidate,uncensored_refusal_like,uncensored_only,14,mmd_rbf,0.023614419624209404,128
aim_on_task_arithmetic__calib_reasoning,candidate,uncensored_refusal_like,uncensored_only,14,projected_js,0.07721284724539146,128
aim_on_task_arithmetic__calib_reasoning,candidate,uncensored_refusal_like,uncensored_only,15,mmd_rbf,0.02908260188996792,128
aim_on_task_arithmetic__calib_reasoning,candidate,uncensored_refusal_like,uncensored_only,15,projected_js,0.08701872342498973,128
aim_on_task_arithmetic__calib_reasoning,candidate,uncensored_refusal_like,uncensored_only,16,mmd_rbf,0.030632877722382545,128
aim_on_task_arithmetic__calib_reasoning,candidate,uncensored_refusal_like,uncensored_only,16,projected_js,0.0784996651345864,128
aim_on_task_arithmetic__calib_reasoning,candidate,uncensored_refusal_like,uncensored_only,17,mmd_rbf,0.03152536228299141,128
aim_on_task_arithmetic__calib_reasoning,candidate,uncensored_refusal_like,uncensored_only,17,projected_js,0.08069779997458681,128
aim_on_task_arithmetic__calib_reasoning,candidate,uncensored_refusal_like,uncensored_only,18,mmd_rbf,0.03274592012166977,128
aim_on_task_arithmetic__calib_reasoning,candidate,uncensored_refusal_like,uncensored_only,18,projected_js,0.0822011698037386,128
aim_on_task_arithmetic__calib_reasoning,candidate,uncensored_refusal_like,uncensored_only,19,mmd_rbf,0.03149297833442688,128
aim_on_task_arithmetic__calib_reasoning,candidate,uncensored_refusal_like,uncensored_only,19,projected_js,0.08282081375364214,128
aim_on_task_arithmetic__calib_reasoning,candidate,uncensored_refusal_like,uncensored_only,20,mmd_rbf,0.03371619060635567,128
aim_on_task_arithmetic__calib_reasoning,candidate,uncensored_refusal_like,uncensored_only,20,projected_js,0.08220974943833426,128
aim_on_task_arithmetic__calib_reasoning,candidate,uncensored_refusal_like,uncensored_only,21,mmd_rbf,0.03790559247136116,128
aim_on_task_arithmetic__calib_reasoning,candidate,uncensored_refusal_like,uncensored_only,21,projected_js,0.08660413365578279,128
aim_on_task_arithmetic__calib_reasoning,candidate,uncensored_refusal_like,uncensored_only,22,mmd_rbf,0.040046315640211105,128
aim_on_task_arithmetic__calib_reasoning,candidate,uncensored_refusal_like,uncensored_only,22,projected_js,0.08884689467959106,128
aim_on_task_arithmetic__calib_reasoning,candidate,uncensored_refusal_like,uncensored_only,23,mmd_rbf,0.04061482474207878,128
aim_on_task_arithmetic__calib_reasoning,candidate,uncensored_refusal_like,uncensored_only,23,projected_js,0.08928500523325056,128
aim_on_task_arithmetic__calib_reasoning,candidate,uncensored_refusal_like,uncensored_only,24,mmd_rbf,0.045727621763944626,128
aim_on_task_arithmetic__calib_reasoning,candidate,uncensored_refusal_like,uncensored_only,24,projected_js,0.0895537169999443,128
aim_on_task_arithmetic__calib_reasoning,candidate,uncensored_refusal_like,uncensored_only,25,mmd_rbf,0.04985664412379265,128
aim_on_task_arithmetic__calib_reasoning,candidate,uncensored_refusal_like,uncensored_only,25,projected_js,0.09555364242987707,128
aim_on_task_arithmetic__calib_reasoning,candidate,uncensored_refusal_like,uncensored_only,26,mmd_rbf,0.05139796808362007,128
aim_on_task_arithmetic__calib_reasoning,candidate,uncensored_refusal_like,uncensored_only,26,projected_js,0.0920719844289124,128
aim_on_task_arithmetic__calib_reasoning,candidate,uncensored_refusal_like,uncensored_only,27,mmd_rbf,0.052874136716127396,128
aim_on_task_arithmetic__calib_reasoning,candidate,uncensored_refusal_like,uncensored_only,27,projected_js,0.09725239709950984,128
aim_on_task_arithmetic__calib_reasoning,candidate,uncensored_refusal_like,uncensored_only,28,mmd_rbf,0.05109243467450142,128
aim_on_task_arithmetic__calib_reasoning,candidate,uncensored_refusal_like,uncensored_only,28,projected_js,0.10456385760335252,128
aim_on_task_arithmetic__calib_reasoning,candidate,uncensored_refusal_like,uncensored_only,29,mmd_rbf,0.04893609508872032,128
aim_on_task_arithmetic__calib_reasoning,candidate,uncensored_refusal_like,uncensored_only,29,projected_js,0.10095985193038359,128
aim_on_task_arithmetic__calib_reasoning,candidate,uncensored_refusal_like,uncensored_only,30,mmd_rbf,0.05198195204138756,128
aim_on_task_arithmetic__calib_reasoning,candidate,uncensored_refusal_like,uncensored_only,30,projected_js,0.10411040880717337,128
aim_on_task_arithmetic__calib_reasoning,candidate,uncensored_refusal_like,uncensored_only,31,mmd_rbf,0.050523411482572556,128
aim_on_task_arithmetic__calib_reasoning,candidate,uncensored_refusal_like,uncensored_only,31,projected_js,0.09596422233153135,128
aim_on_task_arithmetic__calib_reasoning,candidate,uncensored_refusal_like,uncensored_only,32,mmd_rbf,0.050296809524297714,128
aim_on_task_arithmetic__calib_reasoning,candidate,uncensored_refusal_like,uncensored_only,32,projected_js,0.09643912292085588,128
aim_on_task_arithmetic__calib_reasoning,candidate,uncensored_refusal_like,uncensored_only,33,mmd_rbf,0.04954662546515465,128
aim_on_task_arithmetic__calib_reasoning,candidate,uncensored_refusal_like,uncensored_only,33,projected_js,0.09608958271564916,128
aim_on_task_arithmetic__calib_reasoning,candidate,uncensored_refusal_like,uncensored_only,34,mmd_rbf,0.05350068211555481,128
aim_on_task_arithmetic__calib_reasoning,candidate,uncensored_refusal_like,uncensored_only,34,projected_js,0.10490815027151257,128
aim_on_task_arithmetic__calib_reasoning,candidate,uncensored_refusal_like,uncensored_only,35,mmd_rbf,0.10115189850330353,128
aim_on_task_arithmetic__calib_reasoning,candidate,uncensored_refusal_like,uncensored_only,35,projected_js,0.1304521559504792,128
