model_id,model_kind,calib_subset,target_id,layer,metric,value,n_prompts
aim_on_task_arithmetic__calib_uncensored_refusal_like,candidate,general,base,0,mmd_rbf,0.0047969878651201725,128
aim_on_task_arithmetic__calib_uncensored_refusal_like,candidate,general,base,0,projected_js,0.039437239116523415,128
aim_on_task_arithmetic__calib_uncensored_refusal_like,candidate,general,base,1,mmd_rbf,0.009141959249973297,128
aim_on_task_arithmetic__calib_uncensored_refusal_like,candidate,general,base,1,projected_js,0.04623698932118714,128
aim_on_task_arithmetic__calib_uncensored_refusal_like,candidate,general,base,2,mmd_rbf,0.008113781921565533,128
aim_on_task_arithmetic__calib_uncensored_refusal_like,candidate,general,base,2,projected_js,0.0492475010396447,128
aim_on_task_arithmetic__calib_uncensored_refusal_like,candidate,general,base,3,mmd_rbf,0.01047538872808218,128
aim_on_task_arithmetic__calib_uncensored_refusal_like,candidate,general,base,3,projected_js,0.05481187562691048,128
aim_on_task_arithmetic__calib_uncensored_refusal_like,candidate,general,base,4,mmd_rbf,0.00965332705527544,128
aim_on_task_arithmetic__calib_uncensored_refusal_like,candidate,general,base,4,projected_js,0.05314831144642085,128
aim_on_task_arithmetic__calib_uncensored_refusal_like,candidate,general,base,5,mmd_rbf,0.009030974470078945,128
aim_on_task_arithmetic__calib_uncensored_refusal_like,candidate,general,base,5,projected_js,0.055178447073558345,128
aim_on_task_arithmetic__calib_uncensored_refusal_like,candidate,general,base,6,mmd_rbf,0.006869453936815262,128
aim_on_task_arithmetic__calib_uncensored_refusal_like,candidate,general,base,6,projected_js,0.052711081807501614,128
aim_on_task_arithmetic__calib_uncensored_refusal_like,candidate,general,base,7,mmd_rbf,0.006172212306410074,128
aim_on_task_arithmetic__calib_uncensored_refusal_like,candidate,general,base,7,projected_js,0.05446121437125839,128
aim_on_task_arithmetic__calib_uncensored_refusal_like,candidate,general,base,8,mmd_rbf,0.004978503566235304,128
aim_on_task_arithmetic__calib_uncensored_refusal_like,candidate,general,base,8,projected_js,0.05348181276349351,128
aim_on_task_arithmetic__calib_uncensored_refusal_like,candidate,general,base,9,mmd_rbf,0.00491491099819541,128
aim_on_task_arithmetic__calib_uncensored_refusal_like,candidate,general,base,9,projected_js,0.05422640798497014,128
aim_on_task_arithmetic__calib_uncensored_refusal_like,candidate,general,base,10,mmd_rbf,0.004984432365745306,128
aim_on_task_arithmetic__calib_uncensored_refusal_like,candidate,general,base,10,projected_js,0.055511094513349235,128
aim_on_task_arithmetic__calib_uncensored_refusal_like,candidate,general,base,11,mmd_rbf,0.004960568156093359,128
aim_on_task_arithmetic__calib_uncensored_refusal_like,candidate,general,base,11,projected_js,0.056384328578133136,128
aim_on_task_arithmetic__calib_uncensored_refusal_like,candidate,general,base,12,mmd_rbf,0.005034970119595528,128
aim_on_task_arithmetic__calib_uncensored_refusal_like,candidate,general,base,12,projected_js,0.05771365066175349,128
aim_on_task_arithmetic__calib_uncensored_refusal_like,candidate,general,base,13,mmd_rbf,0.005353749264031649,128
aim_on_task_arithmetic__calib_uncensored_refusal_like,candidate,general,base,13,projected_js,0.05668645183322951,128
aim_on_task_arithmetic__calib_uncensored_refusal_like,candidate,general,base,14,mmd_rbf,0.005549405701458454,128
aim_on_task_arithmetic__calib_uncensored_refusal_like,candidate,general,base,14,projected_js,0.05622125510126352,128
aim_on_task_arithmetic__calib_uncensored_refusal_like,candidate,general,base,15,mmd_rbf,0.0061599561013281345,128
aim_on_task_arithmetic__calib_uncensored_refusal_like,candidate,general,base,15,projected_js,0.0553960453835316,128
aim_on_task_arithmetic__calib_uncensored_refusal_like,candidate,general,base,16,mmd_rbf,0.007186408620327711,128
aim_on_task_arithmetic__calib_uncensored_refusal_like,candidate,general,base,16,projected_js,0.05856260331347585,128
aim_on_task_arithmetic__calib_uncensored_refusal_like,candidate,general,base,17,mmd_rbf,0.007014435715973377,128
aim_on_task_arithmetic__calib_uncensored_refusal_like,candidate,general,base,17,projected_js,0.05791224696440622,128
aim_on_task_arithmetic__calib_uncensored_refusal_like,candidate,general,base,18,mmd_rbf,0.00767604261636734,128
aim_on_task_arithmetic__calib_uncensored_refusal_like,candidate,general,base,18,projected_js,0.06285971915349364,128
aim_on_task_arithmetic__calib_uncensored_refusal_like,candidate,general,base,19,mmd_rbf,0.007912498898804188,128
aim_on_task_arithmetic__calib_uncensored_refusal_like,candidate,general,base,19,projected_js,0.06110289925709367,128
aim_on_task_arithmetic__calib_uncensored_refusal_like,candidate,general,base,20,mmd_rbf,0.007680048234760761,128
aim_on_task_arithmetic__calib_uncensored_refusal_like,candidate,general,base,20,projected_js,0.05730906760436483,128
aim_on_task_arithmetic__calib_uncensored_refusal_like,candidate,general,base,21,mmd_rbf,0.00793019775301218,128
aim_on_task_arithmetic__calib_uncensored_refusal_like,candidate,general,base,21,projected_js,0.05982363881776109,128
aim_on_task_arithmetic__calib_uncensored_refusal_like,candidate,general,base,22,mmd_rbf,0.00730962073430419,128
aim_on_task_arithmetic__calib_uncensored_refusal_like,candidate,general,base,22,projected_js,0.0618873450148385,128
aim_on_task_arithmetic__calib_uncensored_refusal_like,candidate,general,base,23,mmd_rbf,0.006768408697098494,128
aim_on_task_arithmetic__calib_uncensored_refusal_like,candidate,general,base,23,projected_js,0.060246928478591144,128
aim_on_task_arithmetic__calib_uncensored_refusal_like,candidate,general,base,24,mmd_rbf,0.006049344781786203,128
aim_on_task_arithmetic__calib_uncensored_refusal_like,candidate,general,base,24,projected_js,0.05925673572346568,128
aim_on_task_arithmetic__calib_uncensored_refusal_like,candidate,general,base,25,mmd_rbf,0.005580679979175329,128
aim_on_task_arithmetic__calib_uncensored_refusal_like,candidate,general,base,25,projected_js,0.05676228256197646,128
aim_on_task_arithmetic__calib_uncensored_refusal_like,candidate,general,base,26,mmd_rbf,0.005455495323985815,128
aim_on_task_arithmetic__calib_uncensored_refusal_like,candidate,general,base,26,projected_js,0.05305640393635258,128
aim_on_task_arithmetic__calib_uncensored_refusal_like,candidate,general,base,27,mmd_rbf,0.005375978071242571,128
aim_on_task_arithmetic__calib_uncensored_refusal_like,candidate,general,base,27,projected_js,0.057046660425839946,128
aim_on_task_arithmetic__calib_uncensored_refusal_like,candidate,general,base,28,mmd_rbf,0.0050734588876366615,128
aim_on_task_arithmetic__calib_uncensored_refusal_like,candidate,general,base,28,projected_js,0.056689292716328055,128
aim_on_task_arithmetic__calib_uncensored_refusal_like,candidate,general,base,29,mmd_rbf,0.004870493896305561,128
aim_on_task_arithmetic__calib_uncensored_refusal_like,candidate,general,base,29,projected_js,0.055778394220396876,128
aim_on_task_arithmetic__calib_uncensored_refusal_like,candidate,general,base,30,mmd_rbf,0.004672138020396233,128
aim_on_task_arithmetic__calib_uncensored_refusal_like,candidate,general,base,30,projected_js,0.05770518846111372,128
aim_on_task_arithmetic__calib_uncensored_refusal_like,candidate,general,base,31,mmd_rbf,0.00447695842012763,128
aim_on_task_arithmetic__calib_uncensored_refusal_like,candidate,general,base,31,projected_js,0.055174893321236596,128
aim_on_task_arithmetic__calib_uncensored_refusal_like,candidate,general,base,32,mmd_rbf,0.004855632316321135,128
aim_on_task_arithmetic__calib_uncensored_refusal_like,candidate,general,base,32,projected_js,0.05539922713069245,128
aim_on_task_arithmetic__calib_uncensored_refusal_like,candidate,general,base,33,mmd_rbf,0.005217146128416061,128
aim_on_task_arithmetic__calib_uncensored_refusal_like,candidate,general,base,33,projected_js,0.0570344872539863,128
aim_on_task_arithmetic__calib_uncensored_refusal_like,candidate,general,base,34,mmd_rbf,0.010109576396644115,128
aim_on_task_arithmetic__calib_uncensored_refusal_like,candidate,general,base,34,projected_js,0.060039428411982954,128
aim_on_task_arithmetic__calib_uncensored_refusal_like,candidate,general,base,35,mmd_rbf,0.06291010230779648,128
aim_on_task_arithmetic__calib_uncensored_refusal_like,candidate,general,base,35,projected_js,0.1040441346121952,128
aim_on_task_arithmetic__calib_uncensored_refusal_like,candidate,general,instr_only,0,mmd_rbf,0.0024766623973846436,128
aim_on_task_arithmetic__calib_uncensored_refusal_like,candidate,general,instr_only,0,projected_js,0.03085816041129874,128
aim_on_task_arithmetic__calib_uncensored_refusal_like,candidate,general,instr_only,1,mmd_rbf,0.00452003488317132,128
aim_on_task_arithmetic__calib_uncensored_refusal_like,candidate,general,instr_only,1,projected_js,0.037919514055829495,128
aim_on_task_arithmetic__calib_uncensored_refusal_like,candidate,general,instr_only,2,mmd_rbf,0.005058184266090393,128
aim_on_task_arithmetic__calib_uncensored_refusal_like,candidate,general,instr_only,2,projected_js,0.04154801496770233,128
aim_on_task_arithmetic__calib_uncensored_refusal_like,candidate,general,instr_only,3,mmd_rbf,0.006542928051203489,128
aim_on_task_arithmetic__calib_uncensored_refusal_like,candidate,general,instr_only,3,projected_js,0.046809375256998464,128
aim_on_task_arithmetic__calib_uncensored_refusal_like,candidate,general,instr_only,4,mmd_rbf,0.006895558442920446,128
aim_on_task_arithmetic__calib_uncensored_refusal_like,candidate,general,instr_only,4,projected_js,0.046627067029476166,128
aim_on_task_arithmetic__calib_uncensored_refusal_like,candidate,general,instr_only,5,mmd_rbf,0.006590881384909153,128
aim_on_task_arithmetic__calib_uncensored_refusal_like,candidate,general,instr_only,5,projected_js,0.047202762187225744,128
aim_on_task_arithmetic__calib_uncensored_refusal_like,candidate,general,instr_only,6,mmd_rbf,0.00457798270508647,128
aim_on_task_arithmetic__calib_uncensored_refusal_like,candidate,general,instr_only,6,projected_js,0.0456899166747462,128
aim_on_task_arithmetic__calib_uncensored_refusal_like,candidate,general,instr_only,7,mmd_rbf,0.003669453551992774,128
aim_on_task_arithmetic__calib_uncensored_refusal_like,candidate,general,instr_only,7,projected_js,0.043182658264413476,128
aim_on_task_arithmetic__calib_uncensored_refusal_like,candidate,general,instr_only,8,mmd_rbf,0.0028482512570917606,128
aim_on_task_arithmetic__calib_uncensored_refusal_like,candidate,general,instr_only,8,projected_js,0.04546389100141823,128
aim_on_task_arithmetic__calib_uncensored_refusal_like,candidate,general,instr_only,9,mmd_rbf,0.0028024278581142426,128
aim_on_task_arithmetic__calib_uncensored_refusal_like,candidate,general,instr_only,9,projected_js,0.046933120873291045,128
aim_on_task_arithmetic__calib_uncensored_refusal_like,candidate,general,instr_only,10,mmd_rbf,0.002894807606935501,128
aim_on_task_arithmetic__calib_uncensored_refusal_like,candidate,general,instr_only,10,projected_js,0.0492233649129048,128
aim_on_task_arithmetic__calib_uncensored_refusal_like,candidate,general,instr_only,11,mmd_rbf,0.0029571843333542347,128
aim_on_task_arithmetic__calib_uncensored_refusal_like,candidate,general,instr_only,11,projected_js,0.050529774598544464,128
aim_on_task_arithmetic__calib_uncensored_refusal_like,candidate,general,instr_only,12,mmd_rbf,0.0031657833606004715,128
aim_on_task_arithmetic__calib_uncensored_refusal_like,candidate,general,instr_only,12,projected_js,0.05058772297343239,128
aim_on_task_arithmetic__calib_uncensored_refusal_like,candidate,general,instr_only,13,mmd_rbf,0.0036442407872527838,128
aim_on_task_arithmetic__calib_uncensored_refusal_like,candidate,general,instr_only,13,projected_js,0.054027526057325304,128
aim_on_task_arithmetic__calib_uncensored_refusal_like,candidate,general,instr_only,14,mmd_rbf,0.003800072940066457,128
aim_on_task_arithmetic__calib_uncensored_refusal_like,candidate,general,instr_only,14,projected_js,0.05324818516965024,128
aim_on_task_arithmetic__calib_uncensored_refusal_like,candidate,general,instr_only,15,mmd_rbf,0.004117417149245739,128
aim_on_task_arithmetic__calib_uncensored_refusal_like,candidate,general,instr_only,15,projected_js,0.056311729189474136,128
aim_on_task_arithmetic__calib_uncensored_refusal_like,candidate,general,instr_only,16,mmd_rbf,0.004550368990749121,128
aim_on_task_arithmetic__calib_uncensored_refusal_like,candidate,general,instr_only,16,projected_js,0.05736081616487354,128
aim_on_task_arithmetic__calib_uncensored_refusal_like,candidate,general,instr_only,17,mmd_rbf,0.004880881402641535,128
aim_on_task_arithmetic__calib_uncensored_refusal_like,candidate,general,instr_only,17,projected_js,0.05509759939741343,128
aim_on_task_arithmetic__calib_uncensored_refusal_like,candidate,general,instr_only,18,mmd_rbf,0.005112697370350361,128
aim_on_task_arithmetic__calib_uncensored_refusal_like,candidate,general,instr_only,18,projected_js,0.05754003470065072,128
aim_on_task_arithmetic__calib_uncensored_refusal_like,candidate,general,instr_only,19,mmd_rbf,0.005358552094548941,128
aim_on_task_arithmetic__calib_uncensored_refusal_like,candidate,general,instr_only,19,projected_js,0.059521788061829284,128
aim_on_task_arithmetic__calib_uncensored_refusal_like,candidate,general,instr_only,20,mmd_rbf,0.005419701337814331,128
aim_on_task_arithmetic__calib_uncensored_refusal_like,candidate,general,instr_only,20,projected_js,0.05942305165808648,128
aim_on_task_arithmetic__calib_uncensored_refusal_like,candidate,general,instr_only,21,mmd_rbf,0.005571567453444004,128
aim_on_task_arithmetic__calib_uncensored_refusal_like,candidate,general,instr_only,21,projected_js,0.05507342892815359,128
aim_on_task_arithmetic__calib_uncensored_refusal_like,candidate,general,instr_only,22,mmd_rbf,0.0058507188223302364,128
aim_on_task_arithmetic__calib_uncensored_refusal_like,candidate,general,instr_only,22,projected_js,0.059380134800449014,128
aim_on_task_arithmetic__calib_uncensored_refusal_like,candidate,general,instr_only,23,mmd_rbf,0.005811027716845274,128
aim_on_task_arithmetic__calib_uncensored_refusal_like,candidate,general,instr_only,23,projected_js,0.05792197014670819,128
aim_on_task_arithmetic__calib_uncensored_refusal_like,candidate,general,instr_only,24,mmd_rbf,0.006048751063644886,128
aim_on_task_arithmetic__calib_uncensored_refusal_like,candidate,general,instr_only,24,projected_js,0.0579884632024914,128
aim_on_task_arithmetic__calib_uncensored_refusal_like,candidate,general,instr_only,25,mmd_rbf,0.006128800101578236,128
aim_on_task_arithmetic__calib_uncensored_refusal_like,candidate,general,instr_only,25,projected_js,0.05878812790615484,128
aim_on_task_arithmetic__calib_uncensored_refusal_like,candidate,general,instr_only,26,mmd_rbf,0.006288249045610428,128
aim_on_task_arithmetic__calib_uncensored_refusal_like,candidate,general,instr_only,26,projected_js,0.05588570504914969,128
aim_on_task_arithmetic__calib_uncensored_refusal_like,candidate,general,instr_only,27,mmd_rbf,0.00631651422008872,128
aim_on_task_arithmetic__calib_uncensored_refusal_like,candidate,general,instr_only,27,projected_js,0.059727125510107726,128
aim_on_task_arithmetic__calib_uncensored_refusal_like,candidate,general,instr_only,28,mmd_rbf,0.006098599638789892,128
aim_on_task_arithmetic__calib_uncensored_refusal_like,candidate,general,instr_only,28,projected_js,0.05603624627110548,128
aim_on_task_arithmetic__calib_uncensored_refusal_like,candidate,general,instr_only,29,mmd_rbf,0.005780994426459074,128
aim_on_task_arithmetic__calib_uncensored_refusal_like,candidate,general,instr_only,29,projected_js,0.052163298038067296,128
aim_on_task_arithmetic__calib_uncensored_refusal_like,candidate,general,instr_only,30,mmd_rbf,0.005501277279108763,128
aim_on_task_arithmetic__calib_uncensored_refusal_like,candidate,general,instr_only,30,projected_js,0.05813821786432527,128
aim_on_task_arithmetic__calib_uncensored_refusal_like,candidate,general,instr_only,31,mmd_rbf,0.005445580929517746,128
aim_on_task_arithmetic__calib_uncensored_refusal_like,candidate,general,instr_only,31,projected_js,0.05574728240026161,128
aim_on_task_arithmetic__calib_uncensored_refusal_like,candidate,general,instr_only,32,mmd_rbf,0.005553645081818104,128
aim_on_task_arithmetic__calib_uncensored_refusal_like,candidate,general,instr_only,32,projected_js,0.05784033631789498,128
aim_on_task_arithmetic__calib_uncensored_refusal_like,candidate,general,instr_only,33,mmd_rbf,0.0055093783885240555,128
aim_on_task_arithmetic__calib_uncensored_refusal_like,candidate,general,instr_only,33,projected_js,0.05788881043554284,128
aim_on_task_arithmetic__calib_uncensored_refusal_like,candidate,general,instr_only,34,mmd_rbf,0.0068421438336372375,128
aim_on_task_arithmetic__calib_uncensored_refusal_like,candidate,general,instr_only,34,projected_js,0.05606807116419077,128
aim_on_task_arithmetic__calib_uncensored_refusal_like,candidate,general,instr_only,35,mmd_rbf,0.03712105005979538,128
aim_on_task_arithmetic__calib_uncensored_refusal_like,candidate,general,instr_only,35,projected_js,0.08139109215699136,128
aim_on_task_arithmetic__calib_uncensored_refusal_like,candidate,general,reasoning_only,0,mmd_rbf,0.015613782219588757,128
aim_on_task_arithmetic__calib_uncensored_refusal_like,candidate,general,reasoning_only,0,projected_js,0.06255491057527252,128
aim_on_task_arithmetic__calib_uncensored_refusal_like,candidate,general,reasoning_only,1,mmd_rbf,0.017491845414042473,128
aim_on_task_arithmetic__calib_uncensored_refusal_like,candidate,general,reasoning_only,1,projected_js,0.06539567149593495,128
aim_on_task_arithmetic__calib_uncensored_refusal_like,candidate,general,reasoning_only,2,mmd_rbf,0.023915523663163185,128
aim_on_task_arithmetic__calib_uncensored_refusal_like,candidate,general,reasoning_only,2,projected_js,0.06893009011400864,128
aim_on_task_arithmetic__calib_uncensored_refusal_like,candidate,general,reasoning_only,3,mmd_rbf,0.025759000331163406,128
aim_on_task_arithmetic__calib_uncensored_refusal_like,candidate,general,reasoning_only,3,projected_js,0.08115064119920135,128
aim_on_task_arithmetic__calib_uncensored_refusal_like,candidate,general,reasoning_only,4,mmd_rbf,0.025138476863503456,128
aim_on_task_arithmetic__calib_uncensored_refusal_like,candidate,general,reasoning_only,4,projected_js,0.07698622939642519,128
aim_on_task_arithmetic__calib_uncensored_refusal_like,candidate,general,reasoning_only,5,mmd_rbf,0.024969158694148064,128
aim_on_task_arithmetic__calib_uncensored_refusal_like,candidate,general,reasoning_only,5,projected_js,0.07797791002667509,128
aim_on_task_arithmetic__calib_uncensored_refusal_like,candidate,general,reasoning_only,6,mmd_rbf,0.017298132181167603,128
aim_on_task_arithmetic__calib_uncensored_refusal_like,candidate,general,reasoning_only,6,projected_js,0.07029899590997957,128
aim_on_task_arithmetic__calib_uncensored_refusal_like,candidate,general,reasoning_only,7,mmd_rbf,0.01591714285314083,128
aim_on_task_arithmetic__calib_uncensored_refusal_like,candidate,general,reasoning_only,7,projected_js,0.06901767631643452,128
aim_on_task_arithmetic__calib_uncensored_refusal_like,candidate,general,reasoning_only,8,mmd_rbf,0.01221038494259119,128
aim_on_task_arithmetic__calib_uncensored_refusal_like,candidate,general,reasoning_only,8,projected_js,0.06741949272691272,128
aim_on_task_arithmetic__calib_uncensored_refusal_like,candidate,general,reasoning_only,9,mmd_rbf,0.01156711857765913,128
aim_on_task_arithmetic__calib_uncensored_refusal_like,candidate,general,reasoning_only,9,projected_js,0.0650902570632752,128
aim_on_task_arithmetic__calib_uncensored_refusal_like,candidate,general,reasoning_only,10,mmd_rbf,0.012247023172676563,128
aim_on_task_arithmetic__calib_uncensored_refusal_like,candidate,general,reasoning_only,10,projected_js,0.06402641459135339,128
aim_on_task_arithmetic__calib_uncensored_refusal_like,candidate,general,reasoning_only,11,mmd_rbf,0.0110174510627985,128
aim_on_task_arithmetic__calib_uncensored_refusal_like,candidate,general,reasoning_only,11,projected_js,0.06228392169578001,128
aim_on_task_arithmetic__calib_uncensored_refusal_like,candidate,general,reasoning_only,12,mmd_rbf,0.011114785447716713,128
aim_on_task_arithmetic__calib_uncensored_refusal_like,candidate,general,reasoning_only,12,projected_js,0.06631856149761006,128
aim_on_task_arithmetic__calib_uncensored_refusal_like,candidate,general,reasoning_only,13,mmd_rbf,0.011460738256573677,128
aim_on_task_arithmetic__calib_uncensored_refusal_like,candidate,general,reasoning_only,13,projected_js,0.06506018544314429,128
aim_on_task_arithmetic__calib_uncensored_refusal_like,candidate,general,reasoning_only,14,mmd_rbf,0.011285655200481415,128
aim_on_task_arithmetic__calib_uncensored_refusal_like,candidate,general,reasoning_only,14,projected_js,0.06346482899971306,128
aim_on_task_arithmetic__calib_uncensored_refusal_like,candidate,general,reasoning_only,15,mmd_rbf,0.011987307108938694,128
aim_on_task_arithmetic__calib_uncensored_refusal_like,candidate,general,reasoning_only,15,projected_js,0.06366444879677147,128
aim_on_task_arithmetic__calib_uncensored_refusal_like,candidate,general,reasoning_only,16,mmd_rbf,0.012235332280397415,128
aim_on_task_arithmetic__calib_uncensored_refusal_like,candidate,general,reasoning_only,16,projected_js,0.06583894320647232,128
aim_on_task_arithmetic__calib_uncensored_refusal_like,candidate,general,reasoning_only,17,mmd_rbf,0.011831387877464294,128
aim_on_task_arithmetic__calib_uncensored_refusal_like,candidate,general,reasoning_only,17,projected_js,0.06344709976110607,128
aim_on_task_arithmetic__calib_uncensored_refusal_like,candidate,general,reasoning_only,18,mmd_rbf,0.01347533892840147,128
aim_on_task_arithmetic__calib_uncensored_refusal_like,candidate,general,reasoning_only,18,projected_js,0.06397548131644726,128
aim_on_task_arithmetic__calib_uncensored_refusal_like,candidate,general,reasoning_only,19,mmd_rbf,0.012399326078593731,128
aim_on_task_arithmetic__calib_uncensored_refusal_like,candidate,general,reasoning_only,19,projected_js,0.0646347816218622,128
aim_on_task_arithmetic__calib_uncensored_refusal_like,candidate,general,reasoning_only,20,mmd_rbf,0.012179629877209663,128
aim_on_task_arithmetic__calib_uncensored_refusal_like,candidate,general,reasoning_only,20,projected_js,0.062019146396778524,128
aim_on_task_arithmetic__calib_uncensored_refusal_like,candidate,general,reasoning_only,21,mmd_rbf,0.012807033024728298,128
aim_on_task_arithmetic__calib_uncensored_refusal_like,candidate,general,reasoning_only,21,projected_js,0.06403620541095734,128
aim_on_task_arithmetic__calib_uncensored_refusal_like,candidate,general,reasoning_only,22,mmd_rbf,0.010824832133948803,128
aim_on_task_arithmetic__calib_uncensored_refusal_like,candidate,general,reasoning_only,22,projected_js,0.0644018855819013,128
aim_on_task_arithmetic__calib_uncensored_refusal_like,candidate,general,reasoning_only,23,mmd_rbf,0.008692961186170578,128
aim_on_task_arithmetic__calib_uncensored_refusal_like,candidate,general,reasoning_only,23,projected_js,0.06413752777734771,128
aim_on_task_arithmetic__calib_uncensored_refusal_like,candidate,general,reasoning_only,24,mmd_rbf,0.008766320534050465,128
aim_on_task_arithmetic__calib_uncensored_refusal_like,candidate,general,reasoning_only,24,projected_js,0.06136588199296966,128
aim_on_task_arithmetic__calib_uncensored_refusal_like,candidate,general,reasoning_only,25,mmd_rbf,0.008005574345588684,128
aim_on_task_arithmetic__calib_uncensored_refusal_like,candidate,general,reasoning_only,25,projected_js,0.06056715419981629,128
aim_on_task_arithmetic__calib_uncensored_refusal_like,candidate,general,reasoning_only,26,mmd_rbf,0.007945091463625431,128
aim_on_task_arithmetic__calib_uncensored_refusal_like,candidate,general,reasoning_only,26,projected_js,0.05885490006767213,128
aim_on_task_arithmetic__calib_uncensored_refusal_like,candidate,general,reasoning_only,27,mmd_rbf,0.007550515234470367,128
aim_on_task_arithmetic__calib_uncensored_refusal_like,candidate,general,reasoning_only,27,projected_js,0.06057455635163933,128
aim_on_task_arithmetic__calib_uncensored_refusal_like,candidate,general,reasoning_only,28,mmd_rbf,0.007716466672718525,128
aim_on_task_arithmetic__calib_uncensored_refusal_like,candidate,general,reasoning_only,28,projected_js,0.058290191809646785,128
aim_on_task_arithmetic__calib_uncensored_refusal_like,candidate,general,reasoning_only,29,mmd_rbf,0.007601022720336914,128
aim_on_task_arithmetic__calib_uncensored_refusal_like,candidate,general,reasoning_only,29,projected_js,0.060834253556095064,128
aim_on_task_arithmetic__calib_uncensored_refusal_like,candidate,general,reasoning_only,30,mmd_rbf,0.00742068886756897,128
aim_on_task_arithmetic__calib_uncensored_refusal_like,candidate,general,reasoning_only,30,projected_js,0.05809951183618978,128
aim_on_task_arithmetic__calib_uncensored_refusal_like,candidate,general,reasoning_only,31,mmd_rbf,0.007366076111793518,128
aim_on_task_arithmetic__calib_uncensored_refusal_like,candidate,general,reasoning_only,31,projected_js,0.05853622546419501,128
aim_on_task_arithmetic__calib_uncensored_refusal_like,candidate,general,reasoning_only,32,mmd_rbf,0.007264249958097935,128
aim_on_task_arithmetic__calib_uncensored_refusal_like,candidate,general,reasoning_only,32,projected_js,0.06168284296290949,128
aim_on_task_arithmetic__calib_uncensored_refusal_like,candidate,general,reasoning_only,33,mmd_rbf,0.007222370710223913,128
aim_on_task_arithmetic__calib_uncensored_refusal_like,candidate,general,reasoning_only,33,projected_js,0.06053663877537474,128
aim_on_task_arithmetic__calib_uncensored_refusal_like,candidate,general,reasoning_only,34,mmd_rbf,0.0075733414851129055,128
aim_on_task_arithmetic__calib_uncensored_refusal_like,candidate,general,reasoning_only,34,projected_js,0.05811789204017259,128
aim_on_task_arithmetic__calib_uncensored_refusal_like,candidate,general,reasoning_only,35,mmd_rbf,0.029868125915527344,128
aim_on_task_arithmetic__calib_uncensored_refusal_like,candidate,general,reasoning_only,35,projected_js,0.07474166207248345,128
aim_on_task_arithmetic__calib_uncensored_refusal_like,candidate,general,uncensored_only,0,mmd_rbf,0.007263708394020796,128
aim_on_task_arithmetic__calib_uncensored_refusal_like,candidate,general,uncensored_only,0,projected_js,0.039375886248308234,128
aim_on_task_arithmetic__calib_uncensored_refusal_like,candidate,general,uncensored_only,1,mmd_rbf,0.1607656329870224,128
aim_on_task_arithmetic__calib_uncensored_refusal_like,candidate,general,uncensored_only,1,projected_js,0.16980847186641768,128
aim_on_task_arithmetic__calib_uncensored_refusal_like,candidate,general,uncensored_only,2,mmd_rbf,0.13230597972869873,128
aim_on_task_arithmetic__calib_uncensored_refusal_like,candidate,general,uncensored_only,2,projected_js,0.1333020381280221,128
aim_on_task_arithmetic__calib_uncensored_refusal_like,candidate,general,uncensored_only,3,mmd_rbf,0.10069365799427032,128
aim_on_task_arithmetic__calib_uncensored_refusal_like,candidate,general,uncensored_only,3,projected_js,0.12230098812142387,128
aim_on_task_arithmetic__calib_uncensored_refusal_like,candidate,general,uncensored_only,4,mmd_rbf,0.07337834686040878,128
aim_on_task_arithmetic__calib_uncensored_refusal_like,candidate,general,uncensored_only,4,projected_js,0.11007033765781671,128
aim_on_task_arithmetic__calib_uncensored_refusal_like,candidate,general,uncensored_only,5,mmd_rbf,0.051063746213912964,128
aim_on_task_arithmetic__calib_uncensored_refusal_like,candidate,general,uncensored_only,5,projected_js,0.1034365338855423,128
aim_on_task_arithmetic__calib_uncensored_refusal_like,candidate,general,uncensored_only,6,mmd_rbf,0.028897559270262718,128
aim_on_task_arithmetic__calib_uncensored_refusal_like,candidate,general,uncensored_only,6,projected_js,0.08024673111503944,128
aim_on_task_arithmetic__calib_uncensored_refusal_like,candidate,general,uncensored_only,7,mmd_rbf,0.022161537781357765,128
aim_on_task_arithmetic__calib_uncensored_refusal_like,candidate,general,uncensored_only,7,projected_js,0.07321982708526775,128
aim_on_task_arithmetic__calib_uncensored_refusal_like,candidate,general,uncensored_only,8,mmd_rbf,0.014681658707559109,128
aim_on_task_arithmetic__calib_uncensored_refusal_like,candidate,general,uncensored_only,8,projected_js,0.06631672169896774,128
aim_on_task_arithmetic__calib_uncensored_refusal_like,candidate,general,uncensored_only,9,mmd_rbf,0.012377257458865643,128
aim_on_task_arithmetic__calib_uncensored_refusal_like,candidate,general,uncensored_only,9,projected_js,0.06310738303000107,128
aim_on_task_arithmetic__calib_uncensored_refusal_like,candidate,general,uncensored_only,10,mmd_rbf,0.010887020267546177,128
aim_on_task_arithmetic__calib_uncensored_refusal_like,candidate,general,uncensored_only,10,projected_js,0.06682133569847792,128
aim_on_task_arithmetic__calib_uncensored_refusal_like,candidate,general,uncensored_only,11,mmd_rbf,0.009488263167440891,128
aim_on_task_arithmetic__calib_uncensored_refusal_like,candidate,general,uncensored_only,11,projected_js,0.061774796107783914,128
aim_on_task_arithmetic__calib_uncensored_refusal_like,candidate,general,uncensored_only,12,mmd_rbf,0.009159375913441181,128
aim_on_task_arithmetic__calib_uncensored_refusal_like,candidate,general,uncensored_only,12,projected_js,0.061019716871669516,128
aim_on_task_arithmetic__calib_uncensored_refusal_like,candidate,general,uncensored_only,13,mmd_rbf,0.009805827401578426,128
aim_on_task_arithmetic__calib_uncensored_refusal_like,candidate,general,uncensored_only,13,projected_js,0.0624470307957381,128
aim_on_task_arithmetic__calib_uncensored_refusal_like,candidate,general,uncensored_only,14,mmd_rbf,0.009738205000758171,128
aim_on_task_arithmetic__calib_uncensored_refusal_like,candidate,general,uncensored_only,14,projected_js,0.06210253620520234,128
aim_on_task_arithmetic__calib_uncensored_refusal_like,candidate,general,uncensored_only,15,mmd_rbf,0.01213439553976059,128
aim_on_task_arithmetic__calib_uncensored_refusal_like,candidate,general,uncensored_only,15,projected_js,0.06458686117548496,128
aim_on_task_arithmetic__calib_uncensored_refusal_like,candidate,general,uncensored_only,16,mmd_rbf,0.013341140933334827,128
aim_on_task_arithmetic__calib_uncensored_refusal_like,candidate,general,uncensored_only,16,projected_js,0.06489508860977367,128
aim_on_task_arithmetic__calib_uncensored_refusal_like,candidate,general,uncensored_only,17,mmd_rbf,0.012415945529937744,128
aim_on_task_arithmetic__calib_uncensored_refusal_like,candidate,general,uncensored_only,17,projected_js,0.06513339723460376,128
aim_on_task_arithmetic__calib_uncensored_refusal_like,candidate,general,uncensored_only,18,mmd_rbf,0.01259028073400259,128
aim_on_task_arithmetic__calib_uncensored_refusal_like,candidate,general,uncensored_only,18,projected_js,0.06874914624495432,128
aim_on_task_arithmetic__calib_uncensored_refusal_like,candidate,general,uncensored_only,19,mmd_rbf,0.011596503667533398,128
aim_on_task_arithmetic__calib_uncensored_refusal_like,candidate,general,uncensored_only,19,projected_js,0.06747038516914472,128
aim_on_task_arithmetic__calib_uncensored_refusal_like,candidate,general,uncensored_only,20,mmd_rbf,0.011469215154647827,128
aim_on_task_arithmetic__calib_uncensored_refusal_like,candidate,general,uncensored_only,20,projected_js,0.06508540915092453,128
aim_on_task_arithmetic__calib_uncensored_refusal_like,candidate,general,uncensored_only,21,mmd_rbf,0.012307881377637386,128
aim_on_task_arithmetic__calib_uncensored_refusal_like,candidate,general,uncensored_only,21,projected_js,0.06740006507607177,128
aim_on_task_arithmetic__calib_uncensored_refusal_like,candidate,general,uncensored_only,22,mmd_rbf,0.012749171815812588,128
aim_on_task_arithmetic__calib_uncensored_refusal_like,candidate,general,uncensored_only,22,projected_js,0.06487097614444792,128
aim_on_task_arithmetic__calib_uncensored_refusal_like,candidate,general,uncensored_only,23,mmd_rbf,0.012159871868789196,128
aim_on_task_arithmetic__calib_uncensored_refusal_like,candidate,general,uncensored_only,23,projected_js,0.0661832697223872,128
aim_on_task_arithmetic__calib_uncensored_refusal_like,candidate,general,uncensored_only,24,mmd_rbf,0.012569854035973549,128
aim_on_task_arithmetic__calib_uncensored_refusal_like,candidate,general,uncensored_only,24,projected_js,0.0653034234419465,128
aim_on_task_arithmetic__calib_uncensored_refusal_like,candidate,general,uncensored_only,25,mmd_rbf,0.012827294878661633,128
aim_on_task_arithmetic__calib_uncensored_refusal_like,candidate,general,uncensored_only,25,projected_js,0.06787587673170492,128
aim_on_task_arithmetic__calib_uncensored_refusal_like,candidate,general,uncensored_only,26,mmd_rbf,0.01322118192911148,128
aim_on_task_arithmetic__calib_uncensored_refusal_like,candidate,general,uncensored_only,26,projected_js,0.06543649203376845,128
aim_on_task_arithmetic__calib_uncensored_refusal_like,candidate,general,uncensored_only,27,mmd_rbf,0.01328690629452467,128
aim_on_task_arithmetic__calib_uncensored_refusal_like,candidate,general,uncensored_only,27,projected_js,0.06700808554887772,128
aim_on_task_arithmetic__calib_uncensored_refusal_like,candidate,general,uncensored_only,28,mmd_rbf,0.012359943240880966,128
aim_on_task_arithmetic__calib_uncensored_refusal_like,candidate,general,uncensored_only,28,projected_js,0.0659032809198834,128
aim_on_task_arithmetic__calib_uncensored_refusal_like,candidate,general,uncensored_only,29,mmd_rbf,0.011983576230704784,128
aim_on_task_arithmetic__calib_uncensored_refusal_like,candidate,general,uncensored_only,29,projected_js,0.062031053414102644,128
aim_on_task_arithmetic__calib_uncensored_refusal_like,candidate,general,uncensored_only,30,mmd_rbf,0.012001173570752144,128
aim_on_task_arithmetic__calib_uncensored_refusal_like,candidate,general,uncensored_only,30,projected_js,0.06262162781786174,128
aim_on_task_arithmetic__calib_uncensored_refusal_like,candidate,general,uncensored_only,31,mmd_rbf,0.011426116339862347,128
aim_on_task_arithmetic__calib_uncensored_refusal_like,candidate,general,uncensored_only,31,projected_js,0.06370097189210355,128
aim_on_task_arithmetic__calib_uncensored_refusal_like,candidate,general,uncensored_only,32,mmd_rbf,0.011234951205551624,128
aim_on_task_arithmetic__calib_uncensored_refusal_like,candidate,general,uncensored_only,32,projected_js,0.06147846352541819,128
aim_on_task_arithmetic__calib_uncensored_refusal_like,candidate,general,uncensored_only,33,mmd_rbf,0.011309693567454815,128
aim_on_task_arithmetic__calib_uncensored_refusal_like,candidate,general,uncensored_only,33,projected_js,0.06192905083298683,128
aim_on_task_arithmetic__calib_uncensored_refusal_like,candidate,general,uncensored_only,34,mmd_rbf,0.012432148680090904,128
aim_on_task_arithmetic__calib_uncensored_refusal_like,candidate,general,uncensored_only,34,projected_js,0.06164673503371887,128
aim_on_task_arithmetic__calib_uncensored_refusal_like,candidate,general,uncensored_only,35,mmd_rbf,0.05091479420661926,128
aim_on_task_arithmetic__calib_uncensored_refusal_like,candidate,general,uncensored_only,35,projected_js,0.09241196070797741,128
aim_on_task_arithmetic__calib_uncensored_refusal_like,candidate,instruction,base,0,mmd_rbf,0.002974423812702298,128
aim_on_task_arithmetic__calib_uncensored_refusal_like,candidate,instruction,base,0,projected_js,0.03914171541691758,128
aim_on_task_arithmetic__calib_uncensored_refusal_like,candidate,instruction,base,1,mmd_rbf,0.005901244468986988,128
aim_on_task_arithmetic__calib_uncensored_refusal_like,candidate,instruction,base,1,projected_js,0.047530928073683754,128
aim_on_task_arithmetic__calib_uncensored_refusal_like,candidate,instruction,base,2,mmd_rbf,0.006794209126383066,128
aim_on_task_arithmetic__calib_uncensored_refusal_like,candidate,instruction,base,2,projected_js,0.05429266838473268,128
aim_on_task_arithmetic__calib_uncensored_refusal_like,candidate,instruction,base,3,mmd_rbf,0.009254548698663712,128
aim_on_task_arithmetic__calib_uncensored_refusal_like,candidate,instruction,base,3,projected_js,0.05966543115209788,128
aim_on_task_arithmetic__calib_uncensored_refusal_like,candidate,instruction,base,4,mmd_rbf,0.008813414722681046,128
aim_on_task_arithmetic__calib_uncensored_refusal_like,candidate,instruction,base,4,projected_js,0.059722821082687005,128
aim_on_task_arithmetic__calib_uncensored_refusal_like,candidate,instruction,base,5,mmd_rbf,0.009299454279243946,128
aim_on_task_arithmetic__calib_uncensored_refusal_like,candidate,instruction,base,5,projected_js,0.05488158596563153,128
aim_on_task_arithmetic__calib_uncensored_refusal_like,candidate,instruction,base,6,mmd_rbf,0.008090004324913025,128
aim_on_task_arithmetic__calib_uncensored_refusal_like,candidate,instruction,base,6,projected_js,0.05713851025211625,128
aim_on_task_arithmetic__calib_uncensored_refusal_like,candidate,instruction,base,7,mmd_rbf,0.007700473070144653,128
aim_on_task_arithmetic__calib_uncensored_refusal_like,candidate,instruction,base,7,projected_js,0.058910289662890136,128
aim_on_task_arithmetic__calib_uncensored_refusal_like,candidate,instruction,base,8,mmd_rbf,0.00702880322933197,128
aim_on_task_arithmetic__calib_uncensored_refusal_like,candidate,instruction,base,8,projected_js,0.05924644775222987,128
aim_on_task_arithmetic__calib_uncensored_refusal_like,candidate,instruction,base,9,mmd_rbf,0.0077370586805045605,128
aim_on_task_arithmetic__calib_uncensored_refusal_like,candidate,instruction,base,9,projected_js,0.06288928419235162,128
aim_on_task_arithmetic__calib_uncensored_refusal_like,candidate,instruction,base,10,mmd_rbf,0.008535893633961678,128
aim_on_task_arithmetic__calib_uncensored_refusal_like,candidate,instruction,base,10,projected_js,0.06383735022973269,128
aim_on_task_arithmetic__calib_uncensored_refusal_like,candidate,instruction,base,11,mmd_rbf,0.008537688292562962,128
aim_on_task_arithmetic__calib_uncensored_refusal_like,candidate,instruction,base,11,projected_js,0.06298286112723872,128
aim_on_task_arithmetic__calib_uncensored_refusal_like,candidate,instruction,base,12,mmd_rbf,0.008456832729279995,128
aim_on_task_arithmetic__calib_uncensored_refusal_like,candidate,instruction,base,12,projected_js,0.07062534219585359,128
aim_on_task_arithmetic__calib_uncensored_refusal_like,candidate,instruction,base,13,mmd_rbf,0.00911030638962984,128
aim_on_task_arithmetic__calib_uncensored_refusal_like,candidate,instruction,base,13,projected_js,0.0673693465651013,128
aim_on_task_arithmetic__calib_uncensored_refusal_like,candidate,instruction,base,14,mmd_rbf,0.009784615598618984,128
aim_on_task_arithmetic__calib_uncensored_refusal_like,candidate,instruction,base,14,projected_js,0.06526846313499846,128
aim_on_task_arithmetic__calib_uncensored_refusal_like,candidate,instruction,base,15,mmd_rbf,0.010920347645878792,128
aim_on_task_arithmetic__calib_uncensored_refusal_like,candidate,instruction,base,15,projected_js,0.06828859099186957,128
aim_on_task_arithmetic__calib_uncensored_refusal_like,candidate,instruction,base,16,mmd_rbf,0.011729049496352673,128
aim_on_task_arithmetic__calib_uncensored_refusal_like,candidate,instruction,base,16,projected_js,0.06639790133340284,128
aim_on_task_arithmetic__calib_uncensored_refusal_like,candidate,instruction,base,17,mmd_rbf,0.011619254015386105,128
aim_on_task_arithmetic__calib_uncensored_refusal_like,candidate,instruction,base,17,projected_js,0.07080709090223536,128
aim_on_task_arithmetic__calib_uncensored_refusal_like,candidate,instruction,base,18,mmd_rbf,0.012746005319058895,128
aim_on_task_arithmetic__calib_uncensored_refusal_like,candidate,instruction,base,18,projected_js,0.07048012665472925,128
aim_on_task_arithmetic__calib_uncensored_refusal_like,candidate,instruction,base,19,mmd_rbf,0.014138193801045418,128
aim_on_task_arithmetic__calib_uncensored_refusal_like,candidate,instruction,base,19,projected_js,0.06726785463979468,128
aim_on_task_arithmetic__calib_uncensored_refusal_like,candidate,instruction,base,20,mmd_rbf,0.014137945137917995,128
aim_on_task_arithmetic__calib_uncensored_refusal_like,candidate,instruction,base,20,projected_js,0.07002625660970807,128
aim_on_task_arithmetic__calib_uncensored_refusal_like,candidate,instruction,base,21,mmd_rbf,0.015114421024918556,128
aim_on_task_arithmetic__calib_uncensored_refusal_like,candidate,instruction,base,21,projected_js,0.07381443830672652,128
aim_on_task_arithmetic__calib_uncensored_refusal_like,candidate,instruction,base,22,mmd_rbf,0.014669383876025677,128
aim_on_task_arithmetic__calib_uncensored_refusal_like,candidate,instruction,base,22,projected_js,0.06903600948862731,128
aim_on_task_arithmetic__calib_uncensored_refusal_like,candidate,instruction,base,23,mmd_rbf,0.013664834201335907,128
aim_on_task_arithmetic__calib_uncensored_refusal_like,candidate,instruction,base,23,projected_js,0.07120456069242209,128
aim_on_task_arithmetic__calib_uncensored_refusal_like,candidate,instruction,base,24,mmd_rbf,0.012676576152443886,128
aim_on_task_arithmetic__calib_uncensored_refusal_like,candidate,instruction,base,24,projected_js,0.06847397331148386,128
aim_on_task_arithmetic__calib_uncensored_refusal_like,candidate,instruction,base,25,mmd_rbf,0.011846273206174374,128
aim_on_task_arithmetic__calib_uncensored_refusal_like,candidate,instruction,base,25,projected_js,0.06517613536561839,128
aim_on_task_arithmetic__calib_uncensored_refusal_like,candidate,instruction,base,26,mmd_rbf,0.011390040628612041,128
aim_on_task_arithmetic__calib_uncensored_refusal_like,candidate,instruction,base,26,projected_js,0.06490010884590447,128
aim_on_task_arithmetic__calib_uncensored_refusal_like,candidate,instruction,base,27,mmd_rbf,0.011036946438252926,128
aim_on_task_arithmetic__calib_uncensored_refusal_like,candidate,instruction,base,27,projected_js,0.0658403001143597,128
aim_on_task_arithmetic__calib_uncensored_refusal_like,candidate,instruction,base,28,mmd_rbf,0.010266891680657864,128
aim_on_task_arithmetic__calib_uncensored_refusal_like,candidate,instruction,base,28,projected_js,0.06562075042165816,128
aim_on_task_arithmetic__calib_uncensored_refusal_like,candidate,instruction,base,29,mmd_rbf,0.009724332019686699,128
aim_on_task_arithmetic__calib_uncensored_refusal_like,candidate,instruction,base,29,projected_js,0.06426654168171808,128
aim_on_task_arithmetic__calib_uncensored_refusal_like,candidate,instruction,base,30,mmd_rbf,0.009523363783955574,128
aim_on_task_arithmetic__calib_uncensored_refusal_like,candidate,instruction,base,30,projected_js,0.06663876713719219,128
aim_on_task_arithmetic__calib_uncensored_refusal_like,candidate,instruction,base,31,mmd_rbf,0.009258802980184555,128
aim_on_task_arithmetic__calib_uncensored_refusal_like,candidate,instruction,base,31,projected_js,0.06821232539368793,128
aim_on_task_arithmetic__calib_uncensored_refusal_like,candidate,instruction,base,32,mmd_rbf,0.009696440771222115,128
aim_on_task_arithmetic__calib_uncensored_refusal_like,candidate,instruction,base,32,projected_js,0.06877845467533916,128
aim_on_task_arithmetic__calib_uncensored_refusal_like,candidate,instruction,base,33,mmd_rbf,0.009961538016796112,128
aim_on_task_arithmetic__calib_uncensored_refusal_like,candidate,instruction,base,33,projected_js,0.06677016877802089,128
aim_on_task_arithmetic__calib_uncensored_refusal_like,candidate,instruction,base,34,mmd_rbf,0.015516571700572968,128
aim_on_task_arithmetic__calib_uncensored_refusal_like,candidate,instruction,base,34,projected_js,0.07653030205983669,128
aim_on_task_arithmetic__calib_uncensored_refusal_like,candidate,instruction,base,35,mmd_rbf,0.054729945957660675,128
aim_on_task_arithmetic__calib_uncensored_refusal_like,candidate,instruction,base,35,projected_js,0.11608450789935887,128
aim_on_task_arithmetic__calib_uncensored_refusal_like,candidate,instruction,instr_only,0,mmd_rbf,0.0016448795795440674,128
aim_on_task_arithmetic__calib_uncensored_refusal_like,candidate,instruction,instr_only,0,projected_js,0.03361200222570915,128
aim_on_task_arithmetic__calib_uncensored_refusal_like,candidate,instruction,instr_only,1,mmd_rbf,0.0035069093573838472,128
aim_on_task_arithmetic__calib_uncensored_refusal_like,candidate,instruction,instr_only,1,projected_js,0.03864728087501135,128
aim_on_task_arithmetic__calib_uncensored_refusal_like,candidate,instruction,instr_only,2,mmd_rbf,0.004439919721335173,128
aim_on_task_arithmetic__calib_uncensored_refusal_like,candidate,instruction,instr_only,2,projected_js,0.04702948359772563,128
aim_on_task_arithmetic__calib_uncensored_refusal_like,candidate,instruction,instr_only,3,mmd_rbf,0.004826799035072327,128
aim_on_task_arithmetic__calib_uncensored_refusal_like,candidate,instruction,instr_only,3,projected_js,0.04488718110951595,128
aim_on_task_arithmetic__calib_uncensored_refusal_like,candidate,instruction,instr_only,4,mmd_rbf,0.005089174956083298,128
aim_on_task_arithmetic__calib_uncensored_refusal_like,candidate,instruction,instr_only,4,projected_js,0.049378768395399675,128
aim_on_task_arithmetic__calib_uncensored_refusal_like,candidate,instruction,instr_only,5,mmd_rbf,0.005390807520598173,128
aim_on_task_arithmetic__calib_uncensored_refusal_like,candidate,instruction,instr_only,5,projected_js,0.04579549323534593,128
aim_on_task_arithmetic__calib_uncensored_refusal_like,candidate,instruction,instr_only,6,mmd_rbf,0.003995274659246206,128
aim_on_task_arithmetic__calib_uncensored_refusal_like,candidate,instruction,instr_only,6,projected_js,0.047214041696861386,128
aim_on_task_arithmetic__calib_uncensored_refusal_like,candidate,instruction,instr_only,7,mmd_rbf,0.0034490451216697693,128
aim_on_task_arithmetic__calib_uncensored_refusal_like,candidate,instruction,instr_only,7,projected_js,0.05012407369213179,128
aim_on_task_arithmetic__calib_uncensored_refusal_like,candidate,instruction,instr_only,8,mmd_rbf,0.0030429221224039793,128
aim_on_task_arithmetic__calib_uncensored_refusal_like,candidate,instruction,instr_only,8,projected_js,0.050976686557987705,128
aim_on_task_arithmetic__calib_uncensored_refusal_like,candidate,instruction,instr_only,9,mmd_rbf,0.00299761607311666,128
aim_on_task_arithmetic__calib_uncensored_refusal_like,candidate,instruction,instr_only,9,projected_js,0.05361631957930513,128
aim_on_task_arithmetic__calib_uncensored_refusal_like,candidate,instruction,instr_only,10,mmd_rbf,0.0032665368635207415,128
aim_on_task_arithmetic__calib_uncensored_refusal_like,candidate,instruction,instr_only,10,projected_js,0.05316796322586015,128
aim_on_task_arithmetic__calib_uncensored_refusal_like,candidate,instruction,instr_only,11,mmd_rbf,0.003042826894670725,128
aim_on_task_arithmetic__calib_uncensored_refusal_like,candidate,instruction,instr_only,11,projected_js,0.05675558856455609,128
aim_on_task_arithmetic__calib_uncensored_refusal_like,candidate,instruction,instr_only,12,mmd_rbf,0.0030042461585253477,128
aim_on_task_arithmetic__calib_uncensored_refusal_like,candidate,instruction,instr_only,12,projected_js,0.059612606884911656,128
aim_on_task_arithmetic__calib_uncensored_refusal_like,candidate,instruction,instr_only,13,mmd_rbf,0.003097775625064969,128
aim_on_task_arithmetic__calib_uncensored_refusal_like,candidate,instruction,instr_only,13,projected_js,0.058832336275372654,128
aim_on_task_arithmetic__calib_uncensored_refusal_like,candidate,instruction,instr_only,14,mmd_rbf,0.0030969262588769197,128
aim_on_task_arithmetic__calib_uncensored_refusal_like,candidate,instruction,instr_only,14,projected_js,0.05538574265665375,128
aim_on_task_arithmetic__calib_uncensored_refusal_like,candidate,instruction,instr_only,15,mmd_rbf,0.003229601075872779,128
aim_on_task_arithmetic__calib_uncensored_refusal_like,candidate,instruction,instr_only,15,projected_js,0.05962494475534186,128
aim_on_task_arithmetic__calib_uncensored_refusal_like,candidate,instruction,instr_only,16,mmd_rbf,0.003368374425917864,128
aim_on_task_arithmetic__calib_uncensored_refusal_like,candidate,instruction,instr_only,16,projected_js,0.06239965819986537,128
aim_on_task_arithmetic__calib_uncensored_refusal_like,candidate,instruction,instr_only,17,mmd_rbf,0.003591742366552353,128
aim_on_task_arithmetic__calib_uncensored_refusal_like,candidate,instruction,instr_only,17,projected_js,0.05729559576138854,128
aim_on_task_arithmetic__calib_uncensored_refusal_like,candidate,instruction,instr_only,18,mmd_rbf,0.003903087228536606,128
aim_on_task_arithmetic__calib_uncensored_refusal_like,candidate,instruction,instr_only,18,projected_js,0.06064140208764002,128
aim_on_task_arithmetic__calib_uncensored_refusal_like,candidate,instruction,instr_only,19,mmd_rbf,0.004446672275662422,128
aim_on_task_arithmetic__calib_uncensored_refusal_like,candidate,instruction,instr_only,19,projected_js,0.05997726909117773,128
aim_on_task_arithmetic__calib_uncensored_refusal_like,candidate,instruction,instr_only,20,mmd_rbf,0.004780040122568607,128
aim_on_task_arithmetic__calib_uncensored_refusal_like,candidate,instruction,instr_only,20,projected_js,0.06149304931750521,128
aim_on_task_arithmetic__calib_uncensored_refusal_like,candidate,instruction,instr_only,21,mmd_rbf,0.005612384062260389,128
aim_on_task_arithmetic__calib_uncensored_refusal_like,candidate,instruction,instr_only,21,projected_js,0.06451125600142404,128
aim_on_task_arithmetic__calib_uncensored_refusal_like,candidate,instruction,instr_only,22,mmd_rbf,0.0060166725888848305,128
aim_on_task_arithmetic__calib_uncensored_refusal_like,candidate,instruction,instr_only,22,projected_js,0.06666010999470018,128
aim_on_task_arithmetic__calib_uncensored_refusal_like,candidate,instruction,instr_only,23,mmd_rbf,0.006258746143430471,128
aim_on_task_arithmetic__calib_uncensored_refusal_like,candidate,instruction,instr_only,23,projected_js,0.0627728637191467,128
aim_on_task_arithmetic__calib_uncensored_refusal_like,candidate,instruction,instr_only,24,mmd_rbf,0.00634722551330924,128
aim_on_task_arithmetic__calib_uncensored_refusal_like,candidate,instruction,instr_only,24,projected_js,0.06372928342898376,128
aim_on_task_arithmetic__calib_uncensored_refusal_like,candidate,instruction,instr_only,25,mmd_rbf,0.006594081409275532,128
aim_on_task_arithmetic__calib_uncensored_refusal_like,candidate,instruction,instr_only,25,projected_js,0.06782534054946154,128
aim_on_task_arithmetic__calib_uncensored_refusal_like,candidate,instruction,instr_only,26,mmd_rbf,0.00684048468247056,128
aim_on_task_arithmetic__calib_uncensored_refusal_like,candidate,instruction,instr_only,26,projected_js,0.06411578739061952,128
aim_on_task_arithmetic__calib_uncensored_refusal_like,candidate,instruction,instr_only,27,mmd_rbf,0.006829848978668451,128
aim_on_task_arithmetic__calib_uncensored_refusal_like,candidate,instruction,instr_only,27,projected_js,0.06386655406095088,128
aim_on_task_arithmetic__calib_uncensored_refusal_like,candidate,instruction,instr_only,28,mmd_rbf,0.006597175728529692,128
aim_on_task_arithmetic__calib_uncensored_refusal_like,candidate,instruction,instr_only,28,projected_js,0.06110170975443907,128
aim_on_task_arithmetic__calib_uncensored_refusal_like,candidate,instruction,instr_only,29,mmd_rbf,0.006245022639632225,128
aim_on_task_arithmetic__calib_uncensored_refusal_like,candidate,instruction,instr_only,29,projected_js,0.06239886558614671,128
aim_on_task_arithmetic__calib_uncensored_refusal_like,candidate,instruction,instr_only,30,mmd_rbf,0.0061751799657940865,128
aim_on_task_arithmetic__calib_uncensored_refusal_like,candidate,instruction,instr_only,30,projected_js,0.0649996594293043,128
aim_on_task_arithmetic__calib_uncensored_refusal_like,candidate,instruction,instr_only,31,mmd_rbf,0.006144954822957516,128
aim_on_task_arithmetic__calib_uncensored_refusal_like,candidate,instruction,instr_only,31,projected_js,0.06419635232305154,128
aim_on_task_arithmetic__calib_uncensored_refusal_like,candidate,instruction,instr_only,32,mmd_rbf,0.006118746008723974,128
aim_on_task_arithmetic__calib_uncensored_refusal_like,candidate,instruction,instr_only,32,projected_js,0.06241194566246122,128
aim_on_task_arithmetic__calib_uncensored_refusal_like,candidate,instruction,instr_only,33,mmd_rbf,0.006128345150500536,128
aim_on_task_arithmetic__calib_uncensored_refusal_like,candidate,instruction,instr_only,33,projected_js,0.06350770557764918,128
aim_on_task_arithmetic__calib_uncensored_refusal_like,candidate,instruction,instr_only,34,mmd_rbf,0.0074962736107409,128
aim_on_task_arithmetic__calib_uncensored_refusal_like,candidate,instruction,instr_only,34,projected_js,0.06394388212356716,128
aim_on_task_arithmetic__calib_uncensored_refusal_like,candidate,instruction,instr_only,35,mmd_rbf,0.03313581272959709,128
aim_on_task_arithmetic__calib_uncensored_refusal_like,candidate,instruction,instr_only,35,projected_js,0.08975438709603623,128
aim_on_task_arithmetic__calib_uncensored_refusal_like,candidate,instruction,reasoning_only,0,mmd_rbf,0.007292240858078003,128
aim_on_task_arithmetic__calib_uncensored_refusal_like,candidate,instruction,reasoning_only,0,projected_js,0.055843434820417315,128
aim_on_task_arithmetic__calib_uncensored_refusal_like,candidate,instruction,reasoning_only,1,mmd_rbf,0.011780965141952038,128
aim_on_task_arithmetic__calib_uncensored_refusal_like,candidate,instruction,reasoning_only,1,projected_js,0.05950910644605756,128
aim_on_task_arithmetic__calib_uncensored_refusal_like,candidate,instruction,reasoning_only,2,mmd_rbf,0.01797417365014553,128
aim_on_task_arithmetic__calib_uncensored_refusal_like,candidate,instruction,reasoning_only,2,projected_js,0.070179836708121,128
aim_on_task_arithmetic__calib_uncensored_refusal_like,candidate,instruction,reasoning_only,3,mmd_rbf,0.019503330811858177,128
aim_on_task_arithmetic__calib_uncensored_refusal_like,candidate,instruction,reasoning_only,3,projected_js,0.07035456388257444,128
aim_on_task_arithmetic__calib_uncensored_refusal_like,candidate,instruction,reasoning_only,4,mmd_rbf,0.020669449120759964,128
aim_on_task_arithmetic__calib_uncensored_refusal_like,candidate,instruction,reasoning_only,4,projected_js,0.0781208697007969,128
aim_on_task_arithmetic__calib_uncensored_refusal_like,candidate,instruction,reasoning_only,5,mmd_rbf,0.02258201315999031,128
aim_on_task_arithmetic__calib_uncensored_refusal_like,candidate,instruction,reasoning_only,5,projected_js,0.07611272943904623,128
aim_on_task_arithmetic__calib_uncensored_refusal_like,candidate,instruction,reasoning_only,6,mmd_rbf,0.017227984964847565,128
aim_on_task_arithmetic__calib_uncensored_refusal_like,candidate,instruction,reasoning_only,6,projected_js,0.07672238757368177,128
aim_on_task_arithmetic__calib_uncensored_refusal_like,candidate,instruction,reasoning_only,7,mmd_rbf,0.01703558675944805,128
aim_on_task_arithmetic__calib_uncensored_refusal_like,candidate,instruction,reasoning_only,7,projected_js,0.07615413307212293,128
aim_on_task_arithmetic__calib_uncensored_refusal_like,candidate,instruction,reasoning_only,8,mmd_rbf,0.013394474051892757,128
aim_on_task_arithmetic__calib_uncensored_refusal_like,candidate,instruction,reasoning_only,8,projected_js,0.07360519928624853,128
aim_on_task_arithmetic__calib_uncensored_refusal_like,candidate,instruction,reasoning_only,9,mmd_rbf,0.013015943579375744,128
aim_on_task_arithmetic__calib_uncensored_refusal_like,candidate,instruction,reasoning_only,9,projected_js,0.071693729783874,128
aim_on_task_arithmetic__calib_uncensored_refusal_like,candidate,instruction,reasoning_only,10,mmd_rbf,0.014542034827172756,128
aim_on_task_arithmetic__calib_uncensored_refusal_like,candidate,instruction,reasoning_only,10,projected_js,0.07141563983168453,128
aim_on_task_arithmetic__calib_uncensored_refusal_like,candidate,instruction,reasoning_only,11,mmd_rbf,0.01388320792466402,128
aim_on_task_arithmetic__calib_uncensored_refusal_like,candidate,instruction,reasoning_only,11,projected_js,0.06933708779979497,128
aim_on_task_arithmetic__calib_uncensored_refusal_like,candidate,instruction,reasoning_only,12,mmd_rbf,0.014627568423748016,128
aim_on_task_arithmetic__calib_uncensored_refusal_like,candidate,instruction,reasoning_only,12,projected_js,0.07625362213002518,128
aim_on_task_arithmetic__calib_uncensored_refusal_like,candidate,instruction,reasoning_only,13,mmd_rbf,0.015196949243545532,128
aim_on_task_arithmetic__calib_uncensored_refusal_like,candidate,instruction,reasoning_only,13,projected_js,0.07674670382402837,128
aim_on_task_arithmetic__calib_uncensored_refusal_like,candidate,instruction,reasoning_only,14,mmd_rbf,0.015030396170914173,128
aim_on_task_arithmetic__calib_uncensored_refusal_like,candidate,instruction,reasoning_only,14,projected_js,0.07162302016513422,128
aim_on_task_arithmetic__calib_uncensored_refusal_like,candidate,instruction,reasoning_only,15,mmd_rbf,0.015968946740031242,128
aim_on_task_arithmetic__calib_uncensored_refusal_like,candidate,instruction,reasoning_only,15,projected_js,0.07470819214358926,128
aim_on_task_arithmetic__calib_uncensored_refusal_like,candidate,instruction,reasoning_only,16,mmd_rbf,0.01633317582309246,128
aim_on_task_arithmetic__calib_uncensored_refusal_like,candidate,instruction,reasoning_only,16,projected_js,0.0764311213279143,128
aim_on_task_arithmetic__calib_uncensored_refusal_like,candidate,instruction,reasoning_only,17,mmd_rbf,0.016014214605093002,128
aim_on_task_arithmetic__calib_uncensored_refusal_like,candidate,instruction,reasoning_only,17,projected_js,0.06908508879132569,128
aim_on_task_arithmetic__calib_uncensored_refusal_like,candidate,instruction,reasoning_only,18,mmd_rbf,0.018479354679584503,128
aim_on_task_arithmetic__calib_uncensored_refusal_like,candidate,instruction,reasoning_only,18,projected_js,0.07168576534604654,128
aim_on_task_arithmetic__calib_uncensored_refusal_like,candidate,instruction,reasoning_only,19,mmd_rbf,0.018749156966805458,128
aim_on_task_arithmetic__calib_uncensored_refusal_like,candidate,instruction,reasoning_only,19,projected_js,0.07206070964457467,128
aim_on_task_arithmetic__calib_uncensored_refusal_like,candidate,instruction,reasoning_only,20,mmd_rbf,0.018448954448103905,128
aim_on_task_arithmetic__calib_uncensored_refusal_like,candidate,instruction,reasoning_only,20,projected_js,0.07356668269494548,128
aim_on_task_arithmetic__calib_uncensored_refusal_like,candidate,instruction,reasoning_only,21,mmd_rbf,0.01924886181950569,128
aim_on_task_arithmetic__calib_uncensored_refusal_like,candidate,instruction,reasoning_only,21,projected_js,0.0757261059479788,128
aim_on_task_arithmetic__calib_uncensored_refusal_like,candidate,instruction,reasoning_only,22,mmd_rbf,0.0179190281778574,128
aim_on_task_arithmetic__calib_uncensored_refusal_like,candidate,instruction,reasoning_only,22,projected_js,0.07793196343118325,128
aim_on_task_arithmetic__calib_uncensored_refusal_like,candidate,instruction,reasoning_only,23,mmd_rbf,0.01533046830445528,128
aim_on_task_arithmetic__calib_uncensored_refusal_like,candidate,instruction,reasoning_only,23,projected_js,0.07543923147022724,128
aim_on_task_arithmetic__calib_uncensored_refusal_like,candidate,instruction,reasoning_only,24,mmd_rbf,0.015827560797333717,128
aim_on_task_arithmetic__calib_uncensored_refusal_like,candidate,instruction,reasoning_only,24,projected_js,0.07676225557224825,128
aim_on_task_arithmetic__calib_uncensored_refusal_like,candidate,instruction,reasoning_only,25,mmd_rbf,0.014963938854634762,128
aim_on_task_arithmetic__calib_uncensored_refusal_like,candidate,instruction,reasoning_only,25,projected_js,0.07336338586173952,128
aim_on_task_arithmetic__calib_uncensored_refusal_like,candidate,instruction,reasoning_only,26,mmd_rbf,0.015140905044972897,128
aim_on_task_arithmetic__calib_uncensored_refusal_like,candidate,instruction,reasoning_only,26,projected_js,0.07068511034594849,128
aim_on_task_arithmetic__calib_uncensored_refusal_like,candidate,instruction,reasoning_only,27,mmd_rbf,0.014843878336250782,128
aim_on_task_arithmetic__calib_uncensored_refusal_like,candidate,instruction,reasoning_only,27,projected_js,0.0744856873061508,128
aim_on_task_arithmetic__calib_uncensored_refusal_like,candidate,instruction,reasoning_only,28,mmd_rbf,0.014982667751610279,128
aim_on_task_arithmetic__calib_uncensored_refusal_like,candidate,instruction,reasoning_only,28,projected_js,0.07396058790618554,128
aim_on_task_arithmetic__calib_uncensored_refusal_like,candidate,instruction,reasoning_only,29,mmd_rbf,0.014471744187176228,128
aim_on_task_arithmetic__calib_uncensored_refusal_like,candidate,instruction,reasoning_only,29,projected_js,0.07134778914041817,128
aim_on_task_arithmetic__calib_uncensored_refusal_like,candidate,instruction,reasoning_only,30,mmd_rbf,0.014783212915062904,128
aim_on_task_arithmetic__calib_uncensored_refusal_like,candidate,instruction,reasoning_only,30,projected_js,0.07120842253789306,128
aim_on_task_arithmetic__calib_uncensored_refusal_like,candidate,instruction,reasoning_only,31,mmd_rbf,0.014621001668274403,128
aim_on_task_arithmetic__calib_uncensored_refusal_like,candidate,instruction,reasoning_only,31,projected_js,0.07190084952162579,128
aim_on_task_arithmetic__calib_uncensored_refusal_like,candidate,instruction,reasoning_only,32,mmd_rbf,0.01431999634951353,128
aim_on_task_arithmetic__calib_uncensored_refusal_like,candidate,instruction,reasoning_only,32,projected_js,0.06848444929346442,128
aim_on_task_arithmetic__calib_uncensored_refusal_like,candidate,instruction,reasoning_only,33,mmd_rbf,0.013570630922913551,128
aim_on_task_arithmetic__calib_uncensored_refusal_like,candidate,instruction,reasoning_only,33,projected_js,0.07272525591542944,128
aim_on_task_arithmetic__calib_uncensored_refusal_like,candidate,instruction,reasoning_only,34,mmd_rbf,0.01398523896932602,128
aim_on_task_arithmetic__calib_uncensored_refusal_like,candidate,instruction,reasoning_only,34,projected_js,0.06931022566277534,128
aim_on_task_arithmetic__calib_uncensored_refusal_like,candidate,instruction,reasoning_only,35,mmd_rbf,0.022617777809500694,128
aim_on_task_arithmetic__calib_uncensored_refusal_like,candidate,instruction,reasoning_only,35,projected_js,0.0774059267132543,128
aim_on_task_arithmetic__calib_uncensored_refusal_like,candidate,instruction,uncensored_only,0,mmd_rbf,0.005091127939522266,128
aim_on_task_arithmetic__calib_uncensored_refusal_like,candidate,instruction,uncensored_only,0,projected_js,0.046974374185083434,128
aim_on_task_arithmetic__calib_uncensored_refusal_like,candidate,instruction,uncensored_only,1,mmd_rbf,0.12763915956020355,128
aim_on_task_arithmetic__calib_uncensored_refusal_like,candidate,instruction,uncensored_only,1,projected_js,0.15150708018336445,128
aim_on_task_arithmetic__calib_uncensored_refusal_like,candidate,instruction,uncensored_only,2,mmd_rbf,0.1130034327507019,128
aim_on_task_arithmetic__calib_uncensored_refusal_like,candidate,instruction,uncensored_only,2,projected_js,0.13556775770848617,128
aim_on_task_arithmetic__calib_uncensored_refusal_like,candidate,instruction,uncensored_only,3,mmd_rbf,0.08448296785354614,128
aim_on_task_arithmetic__calib_uncensored_refusal_like,candidate,instruction,uncensored_only,3,projected_js,0.11556040280265734,128
aim_on_task_arithmetic__calib_uncensored_refusal_like,candidate,instruction,uncensored_only,4,mmd_rbf,0.061652183532714844,128
aim_on_task_arithmetic__calib_uncensored_refusal_like,candidate,instruction,uncensored_only,4,projected_js,0.1087335518677719,128
aim_on_task_arithmetic__calib_uncensored_refusal_like,candidate,instruction,uncensored_only,5,mmd_rbf,0.04561347886919975,128
aim_on_task_arithmetic__calib_uncensored_refusal_like,candidate,instruction,uncensored_only,5,projected_js,0.09478087269235402,128
aim_on_task_arithmetic__calib_uncensored_refusal_like,candidate,instruction,uncensored_only,6,mmd_rbf,0.027626199647784233,128
aim_on_task_arithmetic__calib_uncensored_refusal_like,candidate,instruction,uncensored_only,6,projected_js,0.08331452152924612,128
aim_on_task_arithmetic__calib_uncensored_refusal_like,candidate,instruction,uncensored_only,7,mmd_rbf,0.022255539894104004,128
aim_on_task_arithmetic__calib_uncensored_refusal_like,candidate,instruction,uncensored_only,7,projected_js,0.07843743806006387,128
aim_on_task_arithmetic__calib_uncensored_refusal_like,candidate,instruction,uncensored_only,8,mmd_rbf,0.015391296707093716,128
aim_on_task_arithmetic__calib_uncensored_refusal_like,candidate,instruction,uncensored_only,8,projected_js,0.07196267088875175,128
aim_on_task_arithmetic__calib_uncensored_refusal_like,candidate,instruction,uncensored_only,9,mmd_rbf,0.012864879332482815,128
aim_on_task_arithmetic__calib_uncensored_refusal_like,candidate,instruction,uncensored_only,9,projected_js,0.06560931008425541,128
aim_on_task_arithmetic__calib_uncensored_refusal_like,candidate,instruction,uncensored_only,10,mmd_rbf,0.011582182720303535,128
aim_on_task_arithmetic__calib_uncensored_refusal_like,candidate,instruction,uncensored_only,10,projected_js,0.06445904349675402,128
aim_on_task_arithmetic__calib_uncensored_refusal_like,candidate,instruction,uncensored_only,11,mmd_rbf,0.009707783348858356,128
aim_on_task_arithmetic__calib_uncensored_refusal_like,candidate,instruction,uncensored_only,11,projected_js,0.06551345091429539,128
aim_on_task_arithmetic__calib_uncensored_refusal_like,candidate,instruction,uncensored_only,12,mmd_rbf,0.009541182778775692,128
aim_on_task_arithmetic__calib_uncensored_refusal_like,candidate,instruction,uncensored_only,12,projected_js,0.0684941784129478,128
aim_on_task_arithmetic__calib_uncensored_refusal_like,candidate,instruction,uncensored_only,13,mmd_rbf,0.00995724182575941,128
aim_on_task_arithmetic__calib_uncensored_refusal_like,candidate,instruction,uncensored_only,13,projected_js,0.07245790556771681,128
aim_on_task_arithmetic__calib_uncensored_refusal_like,candidate,instruction,uncensored_only,14,mmd_rbf,0.010539612732827663,128
aim_on_task_arithmetic__calib_uncensored_refusal_like,candidate,instruction,uncensored_only,14,projected_js,0.06564782821806148,128
aim_on_task_arithmetic__calib_uncensored_refusal_like,candidate,instruction,uncensored_only,15,mmd_rbf,0.012639179825782776,128
aim_on_task_arithmetic__calib_uncensored_refusal_like,candidate,instruction,uncensored_only,15,projected_js,0.06973798060789704,128
aim_on_task_arithmetic__calib_uncensored_refusal_like,candidate,instruction,uncensored_only,16,mmd_rbf,0.013324699364602566,128
aim_on_task_arithmetic__calib_uncensored_refusal_like,candidate,instruction,uncensored_only,16,projected_js,0.07101930025964975,128
aim_on_task_arithmetic__calib_uncensored_refusal_like,candidate,instruction,uncensored_only,17,mmd_rbf,0.012874329462647438,128
aim_on_task_arithmetic__calib_uncensored_refusal_like,candidate,instruction,uncensored_only,17,projected_js,0.06787284300662577,128
aim_on_task_arithmetic__calib_uncensored_refusal_like,candidate,instruction,uncensored_only,18,mmd_rbf,0.012883022427558899,128
aim_on_task_arithmetic__calib_uncensored_refusal_like,candidate,instruction,uncensored_only,18,projected_js,0.07115016871830449,128
aim_on_task_arithmetic__calib_uncensored_refusal_like,candidate,instruction,uncensored_only,19,mmd_rbf,0.012768489308655262,128
aim_on_task_arithmetic__calib_uncensored_refusal_like,candidate,instruction,uncensored_only,19,projected_js,0.07142768014455214,128
aim_on_task_arithmetic__calib_uncensored_refusal_like,candidate,instruction,uncensored_only,20,mmd_rbf,0.013185426592826843,128
aim_on_task_arithmetic__calib_uncensored_refusal_like,candidate,instruction,uncensored_only,20,projected_js,0.06997840950498357,128
aim_on_task_arithmetic__calib_uncensored_refusal_like,candidate,instruction,uncensored_only,21,mmd_rbf,0.014369315467774868,128
aim_on_task_arithmetic__calib_uncensored_refusal_like,candidate,instruction,uncensored_only,21,projected_js,0.0709510805318132,128
aim_on_task_arithmetic__calib_uncensored_refusal_like,candidate,instruction,uncensored_only,22,mmd_rbf,0.015623444691300392,128
aim_on_task_arithmetic__calib_uncensored_refusal_like,candidate,instruction,uncensored_only,22,projected_js,0.07004235376371071,128
aim_on_task_arithmetic__calib_uncensored_refusal_like,candidate,instruction,uncensored_only,23,mmd_rbf,0.015653187409043312,128
aim_on_task_arithmetic__calib_uncensored_refusal_like,candidate,instruction,uncensored_only,23,projected_js,0.07229741854825988,128
aim_on_task_arithmetic__calib_uncensored_refusal_like,candidate,instruction,uncensored_only,24,mmd_rbf,0.017016155645251274,128
aim_on_task_arithmetic__calib_uncensored_refusal_like,candidate,instruction,uncensored_only,24,projected_js,0.07520053233020008,128
aim_on_task_arithmetic__calib_uncensored_refusal_like,candidate,instruction,uncensored_only,25,mmd_rbf,0.017737669870257378,128
aim_on_task_arithmetic__calib_uncensored_refusal_like,candidate,instruction,uncensored_only,25,projected_js,0.0799195928266272,128
aim_on_task_arithmetic__calib_uncensored_refusal_like,candidate,instruction,uncensored_only,26,mmd_rbf,0.018191799521446228,128
aim_on_task_arithmetic__calib_uncensored_refusal_like,candidate,instruction,uncensored_only,26,projected_js,0.07791688956785947,128
aim_on_task_arithmetic__calib_uncensored_refusal_like,candidate,instruction,uncensored_only,27,mmd_rbf,0.018117530271410942,128
aim_on_task_arithmetic__calib_uncensored_refusal_like,candidate,instruction,uncensored_only,27,projected_js,0.07795912050642073,128
aim_on_task_arithmetic__calib_uncensored_refusal_like,candidate,instruction,uncensored_only,28,mmd_rbf,0.016281018033623695,128
aim_on_task_arithmetic__calib_uncensored_refusal_like,candidate,instruction,uncensored_only,28,projected_js,0.07233028349583037,128
aim_on_task_arithmetic__calib_uncensored_refusal_like,candidate,instruction,uncensored_only,29,mmd_rbf,0.015394496731460094,128
aim_on_task_arithmetic__calib_uncensored_refusal_like,candidate,instruction,uncensored_only,29,projected_js,0.0715413861325942,128
aim_on_task_arithmetic__calib_uncensored_refusal_like,candidate,instruction,uncensored_only,30,mmd_rbf,0.015540269203484058,128
aim_on_task_arithmetic__calib_uncensored_refusal_like,candidate,instruction,uncensored_only,30,projected_js,0.07209460897138342,128
aim_on_task_arithmetic__calib_uncensored_refusal_like,candidate,instruction,uncensored_only,31,mmd_rbf,0.015009340830147266,128
aim_on_task_arithmetic__calib_uncensored_refusal_like,candidate,instruction,uncensored_only,31,projected_js,0.06920074202935211,128
aim_on_task_arithmetic__calib_uncensored_refusal_like,candidate,instruction,uncensored_only,32,mmd_rbf,0.014825977385044098,128
aim_on_task_arithmetic__calib_uncensored_refusal_like,candidate,instruction,uncensored_only,32,projected_js,0.07121477619512007,128
aim_on_task_arithmetic__calib_uncensored_refusal_like,candidate,instruction,uncensored_only,33,mmd_rbf,0.01479040365666151,128
aim_on_task_arithmetic__calib_uncensored_refusal_like,candidate,instruction,uncensored_only,33,projected_js,0.07190933171659708,128
aim_on_task_arithmetic__calib_uncensored_refusal_like,candidate,instruction,uncensored_only,34,mmd_rbf,0.01618729904294014,128
aim_on_task_arithmetic__calib_uncensored_refusal_like,candidate,instruction,uncensored_only,34,projected_js,0.07309006998548284,128
aim_on_task_arithmetic__calib_uncensored_refusal_like,candidate,instruction,uncensored_only,35,mmd_rbf,0.04293110594153404,128
aim_on_task_arithmetic__calib_uncensored_refusal_like,candidate,instruction,uncensored_only,35,projected_js,0.09003315470181406,128
aim_on_task_arithmetic__calib_uncensored_refusal_like,candidate,reasoning,base,0,mmd_rbf,0.0019656599033623934,128
aim_on_task_arithmetic__calib_uncensored_refusal_like,candidate,reasoning,base,0,projected_js,0.039318832496064715,128
aim_on_task_arithmetic__calib_uncensored_refusal_like,candidate,reasoning,base,1,mmd_rbf,0.004201286938041449,128
aim_on_task_arithmetic__calib_uncensored_refusal_like,candidate,reasoning,base,1,projected_js,0.04272979713277891,128
aim_on_task_arithmetic__calib_uncensored_refusal_like,candidate,reasoning,base,2,mmd_rbf,0.004774761386215687,128
aim_on_task_arithmetic__calib_uncensored_refusal_like,candidate,reasoning,base,2,projected_js,0.045307977561606094,128
aim_on_task_arithmetic__calib_uncensored_refusal_like,candidate,reasoning,base,3,mmd_rbf,0.0059128920547664165,128
aim_on_task_arithmetic__calib_uncensored_refusal_like,candidate,reasoning,base,3,projected_js,0.052365254261530936,128
aim_on_task_arithmetic__calib_uncensored_refusal_like,candidate,reasoning,base,4,mmd_rbf,0.0061170547269284725,128
aim_on_task_arithmetic__calib_uncensored_refusal_like,candidate,reasoning,base,4,projected_js,0.051617059973068535,128
aim_on_task_arithmetic__calib_uncensored_refusal_like,candidate,reasoning,base,5,mmd_rbf,0.005514428950846195,128
aim_on_task_arithmetic__calib_uncensored_refusal_like,candidate,reasoning,base,5,projected_js,0.04969368712045252,128
aim_on_task_arithmetic__calib_uncensored_refusal_like,candidate,reasoning,base,6,mmd_rbf,0.004358523525297642,128
aim_on_task_arithmetic__calib_uncensored_refusal_like,candidate,reasoning,base,6,projected_js,0.050121919688535854,128
aim_on_task_arithmetic__calib_uncensored_refusal_like,candidate,reasoning,base,7,mmd_rbf,0.004228225909173489,128
aim_on_task_arithmetic__calib_uncensored_refusal_like,candidate,reasoning,base,7,projected_js,0.05502005745074712,128
aim_on_task_arithmetic__calib_uncensored_refusal_like,candidate,reasoning,base,8,mmd_rbf,0.003983146511018276,128
aim_on_task_arithmetic__calib_uncensored_refusal_like,candidate,reasoning,base,8,projected_js,0.0582244853139855,128
aim_on_task_arithmetic__calib_uncensored_refusal_like,candidate,reasoning,base,9,mmd_rbf,0.004204524215310812,128
aim_on_task_arithmetic__calib_uncensored_refusal_like,candidate,reasoning,base,9,projected_js,0.057632746058516204,128
aim_on_task_arithmetic__calib_uncensored_refusal_like,candidate,reasoning,base,10,mmd_rbf,0.004533879458904266,128
aim_on_task_arithmetic__calib_uncensored_refusal_like,candidate,reasoning,base,10,projected_js,0.05076934152748436,128
aim_on_task_arithmetic__calib_uncensored_refusal_like,candidate,reasoning,base,11,mmd_rbf,0.004383963532745838,128
aim_on_task_arithmetic__calib_uncensored_refusal_like,candidate,reasoning,base,11,projected_js,0.0538810360012576,128
aim_on_task_arithmetic__calib_uncensored_refusal_like,candidate,reasoning,base,12,mmd_rbf,0.004606202710419893,128
aim_on_task_arithmetic__calib_uncensored_refusal_like,candidate,reasoning,base,12,projected_js,0.053493354411330074,128
aim_on_task_arithmetic__calib_uncensored_refusal_like,candidate,reasoning,base,13,mmd_rbf,0.004695321898907423,128
aim_on_task_arithmetic__calib_uncensored_refusal_like,candidate,reasoning,base,13,projected_js,0.05987697766977362,128
aim_on_task_arithmetic__calib_uncensored_refusal_like,candidate,reasoning,base,14,mmd_rbf,0.004915186669677496,128
aim_on_task_arithmetic__calib_uncensored_refusal_like,candidate,reasoning,base,14,projected_js,0.05736653949134052,128
aim_on_task_arithmetic__calib_uncensored_refusal_like,candidate,reasoning,base,15,mmd_rbf,0.005422426387667656,128
aim_on_task_arithmetic__calib_uncensored_refusal_like,candidate,reasoning,base,15,projected_js,0.057393273105844855,128
aim_on_task_arithmetic__calib_uncensored_refusal_like,candidate,reasoning,base,16,mmd_rbf,0.006055142730474472,128
aim_on_task_arithmetic__calib_uncensored_refusal_like,candidate,reasoning,base,16,projected_js,0.05912097616237588,128
aim_on_task_arithmetic__calib_uncensored_refusal_like,candidate,reasoning,base,17,mmd_rbf,0.005971832666546106,128
aim_on_task_arithmetic__calib_uncensored_refusal_like,candidate,reasoning,base,17,projected_js,0.05908727482892573,128
aim_on_task_arithmetic__calib_uncensored_refusal_like,candidate,reasoning,base,18,mmd_rbf,0.006431886460632086,128
aim_on_task_arithmetic__calib_uncensored_refusal_like,candidate,reasoning,base,18,projected_js,0.0605965931317769,128
aim_on_task_arithmetic__calib_uncensored_refusal_like,candidate,reasoning,base,19,mmd_rbf,0.006725129671394825,128
aim_on_task_arithmetic__calib_uncensored_refusal_like,candidate,reasoning,base,19,projected_js,0.06291608983883634,128
aim_on_task_arithmetic__calib_uncensored_refusal_like,candidate,reasoning,base,20,mmd_rbf,0.006476452108472586,128
aim_on_task_arithmetic__calib_uncensored_refusal_like,candidate,reasoning,base,20,projected_js,0.06113012629793957,128
aim_on_task_arithmetic__calib_uncensored_refusal_like,candidate,reasoning,base,21,mmd_rbf,0.006645223591476679,128
aim_on_task_arithmetic__calib_uncensored_refusal_like,candidate,reasoning,base,21,projected_js,0.06056223012274131,128
aim_on_task_arithmetic__calib_uncensored_refusal_like,candidate,reasoning,base,22,mmd_rbf,0.0062699527479708195,128
aim_on_task_arithmetic__calib_uncensored_refusal_like,candidate,reasoning,base,22,projected_js,0.0617311893729493,128
aim_on_task_arithmetic__calib_uncensored_refusal_like,candidate,reasoning,base,23,mmd_rbf,0.0060692233964800835,128
aim_on_task_arithmetic__calib_uncensored_refusal_like,candidate,reasoning,base,23,projected_js,0.05444833799265325,128
aim_on_task_arithmetic__calib_uncensored_refusal_like,candidate,reasoning,base,24,mmd_rbf,0.005533225368708372,128
aim_on_task_arithmetic__calib_uncensored_refusal_like,candidate,reasoning,base,24,projected_js,0.053425626683747396,128
aim_on_task_arithmetic__calib_uncensored_refusal_like,candidate,reasoning,base,25,mmd_rbf,0.005199277773499489,128
aim_on_task_arithmetic__calib_uncensored_refusal_like,candidate,reasoning,base,25,projected_js,0.05674855154938996,128
aim_on_task_arithmetic__calib_uncensored_refusal_like,candidate,reasoning,base,26,mmd_rbf,0.0050211031921207905,128
aim_on_task_arithmetic__calib_uncensored_refusal_like,candidate,reasoning,base,26,projected_js,0.058779278508154675,128
aim_on_task_arithmetic__calib_uncensored_refusal_like,candidate,reasoning,base,27,mmd_rbf,0.005051821004599333,128
aim_on_task_arithmetic__calib_uncensored_refusal_like,candidate,reasoning,base,27,projected_js,0.059446263941936195,128
aim_on_task_arithmetic__calib_uncensored_refusal_like,candidate,reasoning,base,28,mmd_rbf,0.005128426942974329,128
aim_on_task_arithmetic__calib_uncensored_refusal_like,candidate,reasoning,base,28,projected_js,0.06401548709254712,128
aim_on_task_arithmetic__calib_uncensored_refusal_like,candidate,reasoning,base,29,mmd_rbf,0.00520193949341774,128
aim_on_task_arithmetic__calib_uncensored_refusal_like,candidate,reasoning,base,29,projected_js,0.061205929960124195,128
aim_on_task_arithmetic__calib_uncensored_refusal_like,candidate,reasoning,base,30,mmd_rbf,0.005235173273831606,128
aim_on_task_arithmetic__calib_uncensored_refusal_like,candidate,reasoning,base,30,projected_js,0.058690094330813736,128
aim_on_task_arithmetic__calib_uncensored_refusal_like,candidate,reasoning,base,31,mmd_rbf,0.005261210724711418,128
aim_on_task_arithmetic__calib_uncensored_refusal_like,candidate,reasoning,base,31,projected_js,0.057638224185211584,128
aim_on_task_arithmetic__calib_uncensored_refusal_like,candidate,reasoning,base,32,mmd_rbf,0.005692236125469208,128
aim_on_task_arithmetic__calib_uncensored_refusal_like,candidate,reasoning,base,32,projected_js,0.05871101445518434,128
aim_on_task_arithmetic__calib_uncensored_refusal_like,candidate,reasoning,base,33,mmd_rbf,0.006040928419679403,128
aim_on_task_arithmetic__calib_uncensored_refusal_like,candidate,reasoning,base,33,projected_js,0.06159461330389604,128
aim_on_task_arithmetic__calib_uncensored_refusal_like,candidate,reasoning,base,34,mmd_rbf,0.008953032083809376,128
aim_on_task_arithmetic__calib_uncensored_refusal_like,candidate,reasoning,base,34,projected_js,0.06465602084062994,128
aim_on_task_arithmetic__calib_uncensored_refusal_like,candidate,reasoning,base,35,mmd_rbf,0.04355307295918465,128
aim_on_task_arithmetic__calib_uncensored_refusal_like,candidate,reasoning,base,35,projected_js,0.0918917084345594,128
aim_on_task_arithmetic__calib_uncensored_refusal_like,candidate,reasoning,instr_only,0,mmd_rbf,0.0009699732181616127,128
aim_on_task_arithmetic__calib_uncensored_refusal_like,candidate,reasoning,instr_only,0,projected_js,0.0305170763967908,128
aim_on_task_arithmetic__calib_uncensored_refusal_like,candidate,reasoning,instr_only,1,mmd_rbf,0.0019553035963326693,128
aim_on_task_arithmetic__calib_uncensored_refusal_like,candidate,reasoning,instr_only,1,projected_js,0.034791051846696064,128
aim_on_task_arithmetic__calib_uncensored_refusal_like,candidate,reasoning,instr_only,2,mmd_rbf,0.0025859163142740726,128
aim_on_task_arithmetic__calib_uncensored_refusal_like,candidate,reasoning,instr_only,2,projected_js,0.038142418750794604,128
aim_on_task_arithmetic__calib_uncensored_refusal_like,candidate,reasoning,instr_only,3,mmd_rbf,0.002840383443981409,128
aim_on_task_arithmetic__calib_uncensored_refusal_like,candidate,reasoning,instr_only,3,projected_js,0.040987641958054155,128
aim_on_task_arithmetic__calib_uncensored_refusal_like,candidate,reasoning,instr_only,4,mmd_rbf,0.002618164522573352,128
aim_on_task_arithmetic__calib_uncensored_refusal_like,candidate,reasoning,instr_only,4,projected_js,0.04270903693395667,128
aim_on_task_arithmetic__calib_uncensored_refusal_like,candidate,reasoning,instr_only,5,mmd_rbf,0.002407911466434598,128
aim_on_task_arithmetic__calib_uncensored_refusal_like,candidate,reasoning,instr_only,5,projected_js,0.04047240171348676,128
aim_on_task_arithmetic__calib_uncensored_refusal_like,candidate,reasoning,instr_only,6,mmd_rbf,0.0017621725564822555,128
aim_on_task_arithmetic__calib_uncensored_refusal_like,candidate,reasoning,instr_only,6,projected_js,0.04368124349275604,128
aim_on_task_arithmetic__calib_uncensored_refusal_like,candidate,reasoning,instr_only,7,mmd_rbf,0.0016271636122837663,128
aim_on_task_arithmetic__calib_uncensored_refusal_like,candidate,reasoning,instr_only,7,projected_js,0.04443323938176036,128
aim_on_task_arithmetic__calib_uncensored_refusal_like,candidate,reasoning,instr_only,8,mmd_rbf,0.0014690920943394303,128
aim_on_task_arithmetic__calib_uncensored_refusal_like,candidate,reasoning,instr_only,8,projected_js,0.0453886927862186,128
aim_on_task_arithmetic__calib_uncensored_refusal_like,candidate,reasoning,instr_only,9,mmd_rbf,0.001491075730882585,128
aim_on_task_arithmetic__calib_uncensored_refusal_like,candidate,reasoning,instr_only,9,projected_js,0.04588312638225034,128
aim_on_task_arithmetic__calib_uncensored_refusal_like,candidate,reasoning,instr_only,10,mmd_rbf,0.0015161418123170733,128
aim_on_task_arithmetic__calib_uncensored_refusal_like,candidate,reasoning,instr_only,10,projected_js,0.043552549032028764,128
aim_on_task_arithmetic__calib_uncensored_refusal_like,candidate,reasoning,instr_only,11,mmd_rbf,0.0014378976775333285,128
aim_on_task_arithmetic__calib_uncensored_refusal_like,candidate,reasoning,instr_only,11,projected_js,0.04524025329737924,128
aim_on_task_arithmetic__calib_uncensored_refusal_like,candidate,reasoning,instr_only,12,mmd_rbf,0.0015252858866006136,128
aim_on_task_arithmetic__calib_uncensored_refusal_like,candidate,reasoning,instr_only,12,projected_js,0.04845491435844451,128
aim_on_task_arithmetic__calib_uncensored_refusal_like,candidate,reasoning,instr_only,13,mmd_rbf,0.0016441919142380357,128
aim_on_task_arithmetic__calib_uncensored_refusal_like,candidate,reasoning,instr_only,13,projected_js,0.05163244967116043,128
aim_on_task_arithmetic__calib_uncensored_refusal_like,candidate,reasoning,instr_only,14,mmd_rbf,0.001661029877141118,128
aim_on_task_arithmetic__calib_uncensored_refusal_like,candidate,reasoning,instr_only,14,projected_js,0.04473540050094016,128
aim_on_task_arithmetic__calib_uncensored_refusal_like,candidate,reasoning,instr_only,15,mmd_rbf,0.0018277537310495973,128
aim_on_task_arithmetic__calib_uncensored_refusal_like,candidate,reasoning,instr_only,15,projected_js,0.04894627624889836,128
aim_on_task_arithmetic__calib_uncensored_refusal_like,candidate,reasoning,instr_only,16,mmd_rbf,0.001959384186193347,128
aim_on_task_arithmetic__calib_uncensored_refusal_like,candidate,reasoning,instr_only,16,projected_js,0.05445222236448899,128
aim_on_task_arithmetic__calib_uncensored_refusal_like,candidate,reasoning,instr_only,17,mmd_rbf,0.0021133802365511656,128
aim_on_task_arithmetic__calib_uncensored_refusal_like,candidate,reasoning,instr_only,17,projected_js,0.05452159952255897,128
aim_on_task_arithmetic__calib_uncensored_refusal_like,candidate,reasoning,instr_only,18,mmd_rbf,0.002204488730058074,128
aim_on_task_arithmetic__calib_uncensored_refusal_like,candidate,reasoning,instr_only,18,projected_js,0.053782141010742635,128
aim_on_task_arithmetic__calib_uncensored_refusal_like,candidate,reasoning,instr_only,19,mmd_rbf,0.0023471475578844547,128
aim_on_task_arithmetic__calib_uncensored_refusal_like,candidate,reasoning,instr_only,19,projected_js,0.05590930808102712,128
aim_on_task_arithmetic__calib_uncensored_refusal_like,candidate,reasoning,instr_only,20,mmd_rbf,0.0023569909390062094,128
aim_on_task_arithmetic__calib_uncensored_refusal_like,candidate,reasoning,instr_only,20,projected_js,0.051865778339561075,128
aim_on_task_arithmetic__calib_uncensored_refusal_like,candidate,reasoning,instr_only,21,mmd_rbf,0.002404034836217761,128
aim_on_task_arithmetic__calib_uncensored_refusal_like,candidate,reasoning,instr_only,21,projected_js,0.052097670937655494,128
aim_on_task_arithmetic__calib_uncensored_refusal_like,candidate,reasoning,instr_only,22,mmd_rbf,0.002455473644658923,128
aim_on_task_arithmetic__calib_uncensored_refusal_like,candidate,reasoning,instr_only,22,projected_js,0.05048129754140973,128
aim_on_task_arithmetic__calib_uncensored_refusal_like,candidate,reasoning,instr_only,23,mmd_rbf,0.002492575440555811,128
aim_on_task_arithmetic__calib_uncensored_refusal_like,candidate,reasoning,instr_only,23,projected_js,0.04907464247662574,128
aim_on_task_arithmetic__calib_uncensored_refusal_like,candidate,reasoning,instr_only,24,mmd_rbf,0.002579680411145091,128
aim_on_task_arithmetic__calib_uncensored_refusal_like,candidate,reasoning,instr_only,24,projected_js,0.052492433722363785,128
aim_on_task_arithmetic__calib_uncensored_refusal_like,candidate,reasoning,instr_only,25,mmd_rbf,0.0025885500945150852,128
aim_on_task_arithmetic__calib_uncensored_refusal_like,candidate,reasoning,instr_only,25,projected_js,0.04854726523626596,128
aim_on_task_arithmetic__calib_uncensored_refusal_like,candidate,reasoning,instr_only,26,mmd_rbf,0.0026444830000400543,128
aim_on_task_arithmetic__calib_uncensored_refusal_like,candidate,reasoning,instr_only,26,projected_js,0.05080671014729887,128
aim_on_task_arithmetic__calib_uncensored_refusal_like,candidate,reasoning,instr_only,27,mmd_rbf,0.0027006305754184723,128
aim_on_task_arithmetic__calib_uncensored_refusal_like,candidate,reasoning,instr_only,27,projected_js,0.05086790584027767,128
aim_on_task_arithmetic__calib_uncensored_refusal_like,candidate,reasoning,instr_only,28,mmd_rbf,0.002779147354885936,128
aim_on_task_arithmetic__calib_uncensored_refusal_like,candidate,reasoning,instr_only,28,projected_js,0.05197118307114579,128
aim_on_task_arithmetic__calib_uncensored_refusal_like,candidate,reasoning,instr_only,29,mmd_rbf,0.0027771161403506994,128
aim_on_task_arithmetic__calib_uncensored_refusal_like,candidate,reasoning,instr_only,29,projected_js,0.05066394605091773,128
aim_on_task_arithmetic__calib_uncensored_refusal_like,candidate,reasoning,instr_only,30,mmd_rbf,0.002866456052288413,128
aim_on_task_arithmetic__calib_uncensored_refusal_like,candidate,reasoning,instr_only,30,projected_js,0.051679780066479,128
aim_on_task_arithmetic__calib_uncensored_refusal_like,candidate,reasoning,instr_only,31,mmd_rbf,0.0030566067434847355,128
aim_on_task_arithmetic__calib_uncensored_refusal_like,candidate,reasoning,instr_only,31,projected_js,0.05428570427466184,128
aim_on_task_arithmetic__calib_uncensored_refusal_like,candidate,reasoning,instr_only,32,mmd_rbf,0.003161712782457471,128
aim_on_task_arithmetic__calib_uncensored_refusal_like,candidate,reasoning,instr_only,32,projected_js,0.05284473323263228,128
aim_on_task_arithmetic__calib_uncensored_refusal_like,candidate,reasoning,instr_only,33,mmd_rbf,0.003261199686676264,128
aim_on_task_arithmetic__calib_uncensored_refusal_like,candidate,reasoning,instr_only,33,projected_js,0.05312244110973552,128
aim_on_task_arithmetic__calib_uncensored_refusal_like,candidate,reasoning,instr_only,34,mmd_rbf,0.004127682652324438,128
aim_on_task_arithmetic__calib_uncensored_refusal_like,candidate,reasoning,instr_only,34,projected_js,0.05544836528133601,128
aim_on_task_arithmetic__calib_uncensored_refusal_like,candidate,reasoning,instr_only,35,mmd_rbf,0.022547347471117973,128
aim_on_task_arithmetic__calib_uncensored_refusal_like,candidate,reasoning,instr_only,35,projected_js,0.07000852026976645,128
aim_on_task_arithmetic__calib_uncensored_refusal_like,candidate,reasoning,reasoning_only,0,mmd_rbf,0.004357463214546442,128
aim_on_task_arithmetic__calib_uncensored_refusal_like,candidate,reasoning,reasoning_only,0,projected_js,0.04698061052476987,128
aim_on_task_arithmetic__calib_uncensored_refusal_like,candidate,reasoning,reasoning_only,1,mmd_rbf,0.0070592849515378475,128
aim_on_task_arithmetic__calib_uncensored_refusal_like,candidate,reasoning,reasoning_only,1,projected_js,0.053382791025796905,128
aim_on_task_arithmetic__calib_uncensored_refusal_like,candidate,reasoning,reasoning_only,2,mmd_rbf,0.01312392670661211,128
aim_on_task_arithmetic__calib_uncensored_refusal_like,candidate,reasoning,reasoning_only,2,projected_js,0.06247407611226663,128
aim_on_task_arithmetic__calib_uncensored_refusal_like,candidate,reasoning,reasoning_only,3,mmd_rbf,0.015857839956879616,128
aim_on_task_arithmetic__calib_uncensored_refusal_like,candidate,reasoning,reasoning_only,3,projected_js,0.0663794704596512,128
aim_on_task_arithmetic__calib_uncensored_refusal_like,candidate,reasoning,reasoning_only,4,mmd_rbf,0.01506885141134262,128
aim_on_task_arithmetic__calib_uncensored_refusal_like,candidate,reasoning,reasoning_only,4,projected_js,0.0686889992794022,128
aim_on_task_arithmetic__calib_uncensored_refusal_like,candidate,reasoning,reasoning_only,5,mmd_rbf,0.014143099077045918,128
aim_on_task_arithmetic__calib_uncensored_refusal_like,candidate,reasoning,reasoning_only,5,projected_js,0.06386251759249717,128
aim_on_task_arithmetic__calib_uncensored_refusal_like,candidate,reasoning,reasoning_only,6,mmd_rbf,0.010757559910416603,128
aim_on_task_arithmetic__calib_uncensored_refusal_like,candidate,reasoning,reasoning_only,6,projected_js,0.06217579840449616,128
aim_on_task_arithmetic__calib_uncensored_refusal_like,candidate,reasoning,reasoning_only,7,mmd_rbf,0.011253020726144314,128
aim_on_task_arithmetic__calib_uncensored_refusal_like,candidate,reasoning,reasoning_only,7,projected_js,0.06760122597916052,128
aim_on_task_arithmetic__calib_uncensored_refusal_like,candidate,reasoning,reasoning_only,8,mmd_rbf,0.009909414686262608,128
aim_on_task_arithmetic__calib_uncensored_refusal_like,candidate,reasoning,reasoning_only,8,projected_js,0.06449565087677911,128
aim_on_task_arithmetic__calib_uncensored_refusal_like,candidate,reasoning,reasoning_only,9,mmd_rbf,0.010052955709397793,128
aim_on_task_arithmetic__calib_uncensored_refusal_like,candidate,reasoning,reasoning_only,9,projected_js,0.06490333710098639,128
aim_on_task_arithmetic__calib_uncensored_refusal_like,candidate,reasoning,reasoning_only,10,mmd_rbf,0.01091789361089468,128
aim_on_task_arithmetic__calib_uncensored_refusal_like,candidate,reasoning,reasoning_only,10,projected_js,0.06691240117652342,128
aim_on_task_arithmetic__calib_uncensored_refusal_like,candidate,reasoning,reasoning_only,11,mmd_rbf,0.010261783376336098,128
aim_on_task_arithmetic__calib_uncensored_refusal_like,candidate,reasoning,reasoning_only,11,projected_js,0.06730384443653747,128
aim_on_task_arithmetic__calib_uncensored_refusal_like,candidate,reasoning,reasoning_only,12,mmd_rbf,0.010276872664690018,128
aim_on_task_arithmetic__calib_uncensored_refusal_like,candidate,reasoning,reasoning_only,12,projected_js,0.06427066843025386,128
aim_on_task_arithmetic__calib_uncensored_refusal_like,candidate,reasoning,reasoning_only,13,mmd_rbf,0.010534401051700115,128
aim_on_task_arithmetic__calib_uncensored_refusal_like,candidate,reasoning,reasoning_only,13,projected_js,0.06777454770053737,128
aim_on_task_arithmetic__calib_uncensored_refusal_like,candidate,reasoning,reasoning_only,14,mmd_rbf,0.010353654623031616,128
aim_on_task_arithmetic__calib_uncensored_refusal_like,candidate,reasoning,reasoning_only,14,projected_js,0.06242185545852408,128
aim_on_task_arithmetic__calib_uncensored_refusal_like,candidate,reasoning,reasoning_only,15,mmd_rbf,0.011160353198647499,128
aim_on_task_arithmetic__calib_uncensored_refusal_like,candidate,reasoning,reasoning_only,15,projected_js,0.06344555699615739,128
aim_on_task_arithmetic__calib_uncensored_refusal_like,candidate,reasoning,reasoning_only,16,mmd_rbf,0.011526968330144882,128
aim_on_task_arithmetic__calib_uncensored_refusal_like,candidate,reasoning,reasoning_only,16,projected_js,0.06502153410110623,128
aim_on_task_arithmetic__calib_uncensored_refusal_like,candidate,reasoning,reasoning_only,17,mmd_rbf,0.01114454586058855,128
aim_on_task_arithmetic__calib_uncensored_refusal_like,candidate,reasoning,reasoning_only,17,projected_js,0.06423497706418857,128
aim_on_task_arithmetic__calib_uncensored_refusal_like,candidate,reasoning,reasoning_only,18,mmd_rbf,0.01259434875100851,128
aim_on_task_arithmetic__calib_uncensored_refusal_like,candidate,reasoning,reasoning_only,18,projected_js,0.06559502825257368,128
aim_on_task_arithmetic__calib_uncensored_refusal_like,candidate,reasoning,reasoning_only,19,mmd_rbf,0.011758789420127869,128
aim_on_task_arithmetic__calib_uncensored_refusal_like,candidate,reasoning,reasoning_only,19,projected_js,0.0660571824409999,128
aim_on_task_arithmetic__calib_uncensored_refusal_like,candidate,reasoning,reasoning_only,20,mmd_rbf,0.011237534694373608,128
aim_on_task_arithmetic__calib_uncensored_refusal_like,candidate,reasoning,reasoning_only,20,projected_js,0.06722844630712643,128
aim_on_task_arithmetic__calib_uncensored_refusal_like,candidate,reasoning,reasoning_only,21,mmd_rbf,0.01158889476209879,128
aim_on_task_arithmetic__calib_uncensored_refusal_like,candidate,reasoning,reasoning_only,21,projected_js,0.06525071145733818,128
aim_on_task_arithmetic__calib_uncensored_refusal_like,candidate,reasoning,reasoning_only,22,mmd_rbf,0.009973178617656231,128
aim_on_task_arithmetic__calib_uncensored_refusal_like,candidate,reasoning,reasoning_only,22,projected_js,0.06460955936927348,128
aim_on_task_arithmetic__calib_uncensored_refusal_like,candidate,reasoning,reasoning_only,23,mmd_rbf,0.008112997747957706,128
aim_on_task_arithmetic__calib_uncensored_refusal_like,candidate,reasoning,reasoning_only,23,projected_js,0.06183776829857379,128
aim_on_task_arithmetic__calib_uncensored_refusal_like,candidate,reasoning,reasoning_only,24,mmd_rbf,0.007735821884125471,128
aim_on_task_arithmetic__calib_uncensored_refusal_like,candidate,reasoning,reasoning_only,24,projected_js,0.05997034237952903,128
aim_on_task_arithmetic__calib_uncensored_refusal_like,candidate,reasoning,reasoning_only,25,mmd_rbf,0.006815172731876373,128
aim_on_task_arithmetic__calib_uncensored_refusal_like,candidate,reasoning,reasoning_only,25,projected_js,0.06072676315670833,128
aim_on_task_arithmetic__calib_uncensored_refusal_like,candidate,reasoning,reasoning_only,26,mmd_rbf,0.006387514062225819,128
aim_on_task_arithmetic__calib_uncensored_refusal_like,candidate,reasoning,reasoning_only,26,projected_js,0.06161331763723865,128
aim_on_task_arithmetic__calib_uncensored_refusal_like,candidate,reasoning,reasoning_only,27,mmd_rbf,0.0062099481001496315,128
aim_on_task_arithmetic__calib_uncensored_refusal_like,candidate,reasoning,reasoning_only,27,projected_js,0.05940470116911456,128
aim_on_task_arithmetic__calib_uncensored_refusal_like,candidate,reasoning,reasoning_only,28,mmd_rbf,0.006380006670951843,128
aim_on_task_arithmetic__calib_uncensored_refusal_like,candidate,reasoning,reasoning_only,28,projected_js,0.0623136606591288,128
aim_on_task_arithmetic__calib_uncensored_refusal_like,candidate,reasoning,reasoning_only,29,mmd_rbf,0.006301146931946278,128
aim_on_task_arithmetic__calib_uncensored_refusal_like,candidate,reasoning,reasoning_only,29,projected_js,0.061021242348942906,128
aim_on_task_arithmetic__calib_uncensored_refusal_like,candidate,reasoning,reasoning_only,30,mmd_rbf,0.0065027265809476376,128
aim_on_task_arithmetic__calib_uncensored_refusal_like,candidate,reasoning,reasoning_only,30,projected_js,0.06448010681197047,128
aim_on_task_arithmetic__calib_uncensored_refusal_like,candidate,reasoning,reasoning_only,31,mmd_rbf,0.006660898681730032,128
aim_on_task_arithmetic__calib_uncensored_refusal_like,candidate,reasoning,reasoning_only,31,projected_js,0.06188351535820402,128
aim_on_task_arithmetic__calib_uncensored_refusal_like,candidate,reasoning,reasoning_only,32,mmd_rbf,0.006690487265586853,128
aim_on_task_arithmetic__calib_uncensored_refusal_like,candidate,reasoning,reasoning_only,32,projected_js,0.062406964076217264,128
aim_on_task_arithmetic__calib_uncensored_refusal_like,candidate,reasoning,reasoning_only,33,mmd_rbf,0.007003139704465866,128
aim_on_task_arithmetic__calib_uncensored_refusal_like,candidate,reasoning,reasoning_only,33,projected_js,0.061323661531787366,128
aim_on_task_arithmetic__calib_uncensored_refusal_like,candidate,reasoning,reasoning_only,34,mmd_rbf,0.007787654642015696,128
aim_on_task_arithmetic__calib_uncensored_refusal_like,candidate,reasoning,reasoning_only,34,projected_js,0.059561233763815835,128
aim_on_task_arithmetic__calib_uncensored_refusal_like,candidate,reasoning,reasoning_only,35,mmd_rbf,0.03170540928840637,128
aim_on_task_arithmetic__calib_uncensored_refusal_like,candidate,reasoning,reasoning_only,35,projected_js,0.08260299148969352,128
aim_on_task_arithmetic__calib_uncensored_refusal_like,candidate,reasoning,uncensored_only,0,mmd_rbf,0.0028068155515938997,128
aim_on_task_arithmetic__calib_uncensored_refusal_like,candidate,reasoning,uncensored_only,0,projected_js,0.037262549114529975,128
aim_on_task_arithmetic__calib_uncensored_refusal_like,candidate,reasoning,uncensored_only,1,mmd_rbf,0.07974333316087723,128
aim_on_task_arithmetic__calib_uncensored_refusal_like,candidate,reasoning,uncensored_only,1,projected_js,0.11902589452802204,128
aim_on_task_arithmetic__calib_uncensored_refusal_like,candidate,reasoning,uncensored_only,2,mmd_rbf,0.07446262240409851,128
aim_on_task_arithmetic__calib_uncensored_refusal_like,candidate,reasoning,uncensored_only,2,projected_js,0.10440828441642225,128
aim_on_task_arithmetic__calib_uncensored_refusal_like,candidate,reasoning,uncensored_only,3,mmd_rbf,0.05657431110739708,128
aim_on_task_arithmetic__calib_uncensored_refusal_like,candidate,reasoning,uncensored_only,3,projected_js,0.09481693379348144,128
aim_on_task_arithmetic__calib_uncensored_refusal_like,candidate,reasoning,uncensored_only,4,mmd_rbf,0.038349349051713943,128
aim_on_task_arithmetic__calib_uncensored_refusal_like,candidate,reasoning,uncensored_only,4,projected_js,0.09003269643289968,128
aim_on_task_arithmetic__calib_uncensored_refusal_like,candidate,reasoning,uncensored_only,5,mmd_rbf,0.024926109239459038,128
aim_on_task_arithmetic__calib_uncensored_refusal_like,candidate,reasoning,uncensored_only,5,projected_js,0.07836231752298772,128
aim_on_task_arithmetic__calib_uncensored_refusal_like,candidate,reasoning,uncensored_only,6,mmd_rbf,0.015090337954461575,128
aim_on_task_arithmetic__calib_uncensored_refusal_like,candidate,reasoning,uncensored_only,6,projected_js,0.06897327437764034,128
aim_on_task_arithmetic__calib_uncensored_refusal_like,candidate,reasoning,uncensored_only,7,mmd_rbf,0.013327570632100105,128
aim_on_task_arithmetic__calib_uncensored_refusal_like,candidate,reasoning,uncensored_only,7,projected_js,0.06705986527958885,128
aim_on_task_arithmetic__calib_uncensored_refusal_like,candidate,reasoning,uncensored_only,8,mmd_rbf,0.010284478776156902,128
aim_on_task_arithmetic__calib_uncensored_refusal_like,candidate,reasoning,uncensored_only,8,projected_js,0.06132777899620123,128
aim_on_task_arithmetic__calib_uncensored_refusal_like,candidate,reasoning,uncensored_only,9,mmd_rbf,0.008866722695529461,128
aim_on_task_arithmetic__calib_uncensored_refusal_like,candidate,reasoning,uncensored_only,9,projected_js,0.06403031552326865,128
aim_on_task_arithmetic__calib_uncensored_refusal_like,candidate,reasoning,uncensored_only,10,mmd_rbf,0.007961318828165531,128
aim_on_task_arithmetic__calib_uncensored_refusal_like,candidate,reasoning,uncensored_only,10,projected_js,0.0598872653208673,128
aim_on_task_arithmetic__calib_uncensored_refusal_like,candidate,reasoning,uncensored_only,11,mmd_rbf,0.006883617024868727,128
aim_on_task_arithmetic__calib_uncensored_refusal_like,candidate,reasoning,uncensored_only,11,projected_js,0.05872531788190827,128
aim_on_task_arithmetic__calib_uncensored_refusal_like,candidate,reasoning,uncensored_only,12,mmd_rbf,0.006817556452006102,128
aim_on_task_arithmetic__calib_uncensored_refusal_like,candidate,reasoning,uncensored_only,12,projected_js,0.05776606110157445,128
aim_on_task_arithmetic__calib_uncensored_refusal_like,candidate,reasoning,uncensored_only,13,mmd_rbf,0.0070702205412089825,128
aim_on_task_arithmetic__calib_uncensored_refusal_like,candidate,reasoning,uncensored_only,13,projected_js,0.06427799549419433,128
aim_on_task_arithmetic__calib_uncensored_refusal_like,candidate,reasoning,uncensored_only,14,mmd_rbf,0.007439097855240107,128
aim_on_task_arithmetic__calib_uncensored_refusal_like,candidate,reasoning,uncensored_only,14,projected_js,0.062460335437208414,128
aim_on_task_arithmetic__calib_uncensored_refusal_like,candidate,reasoning,uncensored_only,15,mmd_rbf,0.009061797522008419,128
aim_on_task_arithmetic__calib_uncensored_refusal_like,candidate,reasoning,uncensored_only,15,projected_js,0.062481252738507465,128
aim_on_task_arithmetic__calib_uncensored_refusal_like,candidate,reasoning,uncensored_only,16,mmd_rbf,0.009799410589039326,128
aim_on_task_arithmetic__calib_uncensored_refusal_like,candidate,reasoning,uncensored_only,16,projected_js,0.060980773268966004,128
aim_on_task_arithmetic__calib_uncensored_refusal_like,candidate,reasoning,uncensored_only,17,mmd_rbf,0.00957560446113348,128
aim_on_task_arithmetic__calib_uncensored_refusal_like,candidate,reasoning,uncensored_only,17,projected_js,0.061222300690133125,128
aim_on_task_arithmetic__calib_uncensored_refusal_like,candidate,reasoning,uncensored_only,18,mmd_rbf,0.009509920142591,128
aim_on_task_arithmetic__calib_uncensored_refusal_like,candidate,reasoning,uncensored_only,18,projected_js,0.06310177140403539,128
aim_on_task_arithmetic__calib_uncensored_refusal_like,candidate,reasoning,uncensored_only,19,mmd_rbf,0.009386271238327026,128
aim_on_task_arithmetic__calib_uncensored_refusal_like,candidate,reasoning,uncensored_only,19,projected_js,0.060830573027487844,128
aim_on_task_arithmetic__calib_uncensored_refusal_like,candidate,reasoning,uncensored_only,20,mmd_rbf,0.009535646997392178,128
aim_on_task_arithmetic__calib_uncensored_refusal_like,candidate,reasoning,uncensored_only,20,projected_js,0.06463630305370316,128
aim_on_task_arithmetic__calib_uncensored_refusal_like,candidate,reasoning,uncensored_only,21,mmd_rbf,0.010107193142175674,128
aim_on_task_arithmetic__calib_uncensored_refusal_like,candidate,reasoning,uncensored_only,21,projected_js,0.06364290026249364,128
aim_on_task_arithmetic__calib_uncensored_refusal_like,candidate,reasoning,uncensored_only,22,mmd_rbf,0.010234571062028408,128
aim_on_task_arithmetic__calib_uncensored_refusal_like,candidate,reasoning,uncensored_only,22,projected_js,0.06140097149182111,128
aim_on_task_arithmetic__calib_uncensored_refusal_like,candidate,reasoning,uncensored_only,23,mmd_rbf,0.009954266250133514,128
aim_on_task_arithmetic__calib_uncensored_refusal_like,candidate,reasoning,uncensored_only,23,projected_js,0.06461376493098214,128
aim_on_task_arithmetic__calib_uncensored_refusal_like,candidate,reasoning,uncensored_only,24,mmd_rbf,0.009924429468810558,128
aim_on_task_arithmetic__calib_uncensored_refusal_like,candidate,reasoning,uncensored_only,24,projected_js,0.06725260941311717,128
aim_on_task_arithmetic__calib_uncensored_refusal_like,candidate,reasoning,uncensored_only,25,mmd_rbf,0.010040812194347382,128
aim_on_task_arithmetic__calib_uncensored_refusal_like,candidate,reasoning,uncensored_only,25,projected_js,0.06731376826064661,128
aim_on_task_arithmetic__calib_uncensored_refusal_like,candidate,reasoning,uncensored_only,26,mmd_rbf,0.010066079907119274,128
aim_on_task_arithmetic__calib_uncensored_refusal_like,candidate,reasoning,uncensored_only,26,projected_js,0.06478009378770366,128
aim_on_task_arithmetic__calib_uncensored_refusal_like,candidate,reasoning,uncensored_only,27,mmd_rbf,0.010201092809438705,128
aim_on_task_arithmetic__calib_uncensored_refusal_like,candidate,reasoning,uncensored_only,27,projected_js,0.06511602428508922,128
aim_on_task_arithmetic__calib_uncensored_refusal_like,candidate,reasoning,uncensored_only,28,mmd_rbf,0.009816124103963375,128
aim_on_task_arithmetic__calib_uncensored_refusal_like,candidate,reasoning,uncensored_only,28,projected_js,0.06407513783778995,128
aim_on_task_arithmetic__calib_uncensored_refusal_like,candidate,reasoning,uncensored_only,29,mmd_rbf,0.00995646882802248,128
aim_on_task_arithmetic__calib_uncensored_refusal_like,candidate,reasoning,uncensored_only,29,projected_js,0.06398072169395164,128
aim_on_task_arithmetic__calib_uncensored_refusal_like,candidate,reasoning,uncensored_only,30,mmd_rbf,0.01026207860559225,128
aim_on_task_arithmetic__calib_uncensored_refusal_like,candidate,reasoning,uncensored_only,30,projected_js,0.0653639379888773,128
aim_on_task_arithmetic__calib_uncensored_refusal_like,candidate,reasoning,uncensored_only,31,mmd_rbf,0.010224501602351665,128
aim_on_task_arithmetic__calib_uncensored_refusal_like,candidate,reasoning,uncensored_only,31,projected_js,0.06172627882915549,128
aim_on_task_arithmetic__calib_uncensored_refusal_like,candidate,reasoning,uncensored_only,32,mmd_rbf,0.010367343202233315,128
aim_on_task_arithmetic__calib_uncensored_refusal_like,candidate,reasoning,uncensored_only,32,projected_js,0.06532318895915523,128
aim_on_task_arithmetic__calib_uncensored_refusal_like,candidate,reasoning,uncensored_only,33,mmd_rbf,0.010552161373198032,128
aim_on_task_arithmetic__calib_uncensored_refusal_like,candidate,reasoning,uncensored_only,33,projected_js,0.06361634487984702,128
aim_on_task_arithmetic__calib_uncensored_refusal_like,candidate,reasoning,uncensored_only,34,mmd_rbf,0.011240953579545021,128
aim_on_task_arithmetic__calib_uncensored_refusal_like,candidate,reasoning,uncensored_only,34,projected_js,0.06522451573982835,128
aim_on_task_arithmetic__calib_uncensored_refusal_like,candidate,reasoning,uncensored_only,35,mmd_rbf,0.029423912987113,128
aim_on_task_arithmetic__calib_uncensored_refusal_like,candidate,reasoning,uncensored_only,35,projected_js,0.07784935308154672,128
aim_on_task_arithmetic__calib_uncensored_refusal_like,candidate,uncensored_refusal_like,base,0,mmd_rbf,0.008255446329712868,128
aim_on_task_arithmetic__calib_uncensored_refusal_like,candidate,uncensored_refusal_like,base,0,projected_js,0.05078110261820257,128
aim_on_task_arithmetic__calib_uncensored_refusal_like,candidate,uncensored_refusal_like,base,1,mmd_rbf,0.01389214675873518,128
aim_on_task_arithmetic__calib_uncensored_refusal_like,candidate,uncensored_refusal_like,base,1,projected_js,0.0642199671419803,128
aim_on_task_arithmetic__calib_uncensored_refusal_like,candidate,uncensored_refusal_like,base,2,mmd_rbf,0.015188422985374928,128
aim_on_task_arithmetic__calib_uncensored_refusal_like,candidate,uncensored_refusal_like,base,2,projected_js,0.06197292046272196,128
aim_on_task_arithmetic__calib_uncensored_refusal_like,candidate,uncensored_refusal_like,base,3,mmd_rbf,0.025165021419525146,128
aim_on_task_arithmetic__calib_uncensored_refusal_like,candidate,uncensored_refusal_like,base,3,projected_js,0.08295096247456968,128
aim_on_task_arithmetic__calib_uncensored_refusal_like,candidate,uncensored_refusal_like,base,4,mmd_rbf,0.02419470064342022,128
aim_on_task_arithmetic__calib_uncensored_refusal_like,candidate,uncensored_refusal_like,base,4,projected_js,0.07892810922930948,128
aim_on_task_arithmetic__calib_uncensored_refusal_like,candidate,uncensored_refusal_like,base,5,mmd_rbf,0.025320714339613914,128
aim_on_task_arithmetic__calib_uncensored_refusal_like,candidate,uncensored_refusal_like,base,5,projected_js,0.07686715625459328,128
aim_on_task_arithmetic__calib_uncensored_refusal_like,candidate,uncensored_refusal_like,base,6,mmd_rbf,0.02206900529563427,128
aim_on_task_arithmetic__calib_uncensored_refusal_like,candidate,uncensored_refusal_like,base,6,projected_js,0.07436963927466422,128
aim_on_task_arithmetic__calib_uncensored_refusal_like,candidate,uncensored_refusal_like,base,7,mmd_rbf,0.019996805116534233,128
aim_on_task_arithmetic__calib_uncensored_refusal_like,candidate,uncensored_refusal_like,base,7,projected_js,0.06960140907904133,128
aim_on_task_arithmetic__calib_uncensored_refusal_like,candidate,uncensored_refusal_like,base,8,mmd_rbf,0.01806315779685974,128
aim_on_task_arithmetic__calib_uncensored_refusal_like,candidate,uncensored_refusal_like,base,8,projected_js,0.07021330815041438,128
aim_on_task_arithmetic__calib_uncensored_refusal_like,candidate,uncensored_refusal_like,base,9,mmd_rbf,0.020682044327259064,128
aim_on_task_arithmetic__calib_uncensored_refusal_like,candidate,uncensored_refusal_like,base,9,projected_js,0.07235394936287776,128
aim_on_task_arithmetic__calib_uncensored_refusal_like,candidate,uncensored_refusal_like,base,10,mmd_rbf,0.02252885513007641,128
aim_on_task_arithmetic__calib_uncensored_refusal_like,candidate,uncensored_refusal_like,base,10,projected_js,0.07666123582748696,128
aim_on_task_arithmetic__calib_uncensored_refusal_like,candidate,uncensored_refusal_like,base,11,mmd_rbf,0.024804897606372833,128
aim_on_task_arithmetic__calib_uncensored_refusal_like,candidate,uncensored_refusal_like,base,11,projected_js,0.0782374728587456,128
aim_on_task_arithmetic__calib_uncensored_refusal_like,candidate,uncensored_refusal_like,base,12,mmd_rbf,0.02813011407852173,128
aim_on_task_arithmetic__calib_uncensored_refusal_like,candidate,uncensored_refusal_like,base,12,projected_js,0.07793413993204013,128
aim_on_task_arithmetic__calib_uncensored_refusal_like,candidate,uncensored_refusal_like,base,13,mmd_rbf,0.03188449144363403,128
aim_on_task_arithmetic__calib_uncensored_refusal_like,candidate,uncensored_refusal_like,base,13,projected_js,0.0900920566637069,128
aim_on_task_arithmetic__calib_uncensored_refusal_like,candidate,uncensored_refusal_like,base,14,mmd_rbf,0.03409082442522049,128
aim_on_task_arithmetic__calib_uncensored_refusal_like,candidate,uncensored_refusal_like,base,14,projected_js,0.08442244818434119,128
aim_on_task_arithmetic__calib_uncensored_refusal_like,candidate,uncensored_refusal_like,base,15,mmd_rbf,0.03626691550016403,128
aim_on_task_arithmetic__calib_uncensored_refusal_like,candidate,uncensored_refusal_like,base,15,projected_js,0.0813300926820375,128
aim_on_task_arithmetic__calib_uncensored_refusal_like,candidate,uncensored_refusal_like,base,16,mmd_rbf,0.03679858520627022,128
aim_on_task_arithmetic__calib_uncensored_refusal_like,candidate,uncensored_refusal_like,base,16,projected_js,0.08097673347219825,128
aim_on_task_arithmetic__calib_uncensored_refusal_like,candidate,uncensored_refusal_like,base,17,mmd_rbf,0.03742655739188194,128
aim_on_task_arithmetic__calib_uncensored_refusal_like,candidate,uncensored_refusal_like,base,17,projected_js,0.08515298156999052,128
aim_on_task_arithmetic__calib_uncensored_refusal_like,candidate,uncensored_refusal_like,base,18,mmd_rbf,0.03898501396179199,128
aim_on_task_arithmetic__calib_uncensored_refusal_like,candidate,uncensored_refusal_like,base,18,projected_js,0.08602353726746514,128
aim_on_task_arithmetic__calib_uncensored_refusal_like,candidate,uncensored_refusal_like,base,19,mmd_rbf,0.03901616483926773,128
aim_on_task_arithmetic__calib_uncensored_refusal_like,candidate,uncensored_refusal_like,base,19,projected_js,0.08442729088710621,128
aim_on_task_arithmetic__calib_uncensored_refusal_like,candidate,uncensored_refusal_like,base,20,mmd_rbf,0.045000314712524414,128
aim_on_task_arithmetic__calib_uncensored_refusal_like,candidate,uncensored_refusal_like,base,20,projected_js,0.08729152689920738,128
aim_on_task_arithmetic__calib_uncensored_refusal_like,candidate,uncensored_refusal_like,base,21,mmd_rbf,0.047862179577350616,128
aim_on_task_arithmetic__calib_uncensored_refusal_like,candidate,uncensored_refusal_like,base,21,projected_js,0.08968549879500642,128
aim_on_task_arithmetic__calib_uncensored_refusal_like,candidate,uncensored_refusal_like,base,22,mmd_rbf,0.04968007281422615,128
aim_on_task_arithmetic__calib_uncensored_refusal_like,candidate,uncensored_refusal_like,base,22,projected_js,0.09433233318850398,128
aim_on_task_arithmetic__calib_uncensored_refusal_like,candidate,uncensored_refusal_like,base,23,mmd_rbf,0.048817023634910583,128
aim_on_task_arithmetic__calib_uncensored_refusal_like,candidate,uncensored_refusal_like,base,23,projected_js,0.09462705074111,128
aim_on_task_arithmetic__calib_uncensored_refusal_like,candidate,uncensored_refusal_like,base,24,mmd_rbf,0.04724845662713051,128
aim_on_task_arithmetic__calib_uncensored_refusal_like,candidate,uncensored_refusal_like,base,24,projected_js,0.09867357189068571,128
aim_on_task_arithmetic__calib_uncensored_refusal_like,candidate,uncensored_refusal_like,base,25,mmd_rbf,0.046108927577733994,128
aim_on_task_arithmetic__calib_uncensored_refusal_like,candidate,uncensored_refusal_like,base,25,projected_js,0.09102982940385118,128
aim_on_task_arithmetic__calib_uncensored_refusal_like,candidate,uncensored_refusal_like,base,26,mmd_rbf,0.046127963811159134,128
aim_on_task_arithmetic__calib_uncensored_refusal_like,candidate,uncensored_refusal_like,base,26,projected_js,0.09524177818093449,128
aim_on_task_arithmetic__calib_uncensored_refusal_like,candidate,uncensored_refusal_like,base,27,mmd_rbf,0.046562112867832184,128
aim_on_task_arithmetic__calib_uncensored_refusal_like,candidate,uncensored_refusal_like,base,27,projected_js,0.09916112083010375,128
aim_on_task_arithmetic__calib_uncensored_refusal_like,candidate,uncensored_refusal_like,base,28,mmd_rbf,0.04515127092599869,128
aim_on_task_arithmetic__calib_uncensored_refusal_like,candidate,uncensored_refusal_like,base,28,projected_js,0.10062084079254419,128
aim_on_task_arithmetic__calib_uncensored_refusal_like,candidate,uncensored_refusal_like,base,29,mmd_rbf,0.04240112751722336,128
aim_on_task_arithmetic__calib_uncensored_refusal_like,candidate,uncensored_refusal_like,base,29,projected_js,0.09768514457391575,128
aim_on_task_arithmetic__calib_uncensored_refusal_like,candidate,uncensored_refusal_like,base,30,mmd_rbf,0.04289853200316429,128
aim_on_task_arithmetic__calib_uncensored_refusal_like,candidate,uncensored_refusal_like,base,30,projected_js,0.09823011106345803,128
aim_on_task_arithmetic__calib_uncensored_refusal_like,candidate,uncensored_refusal_like,base,31,mmd_rbf,0.04225410148501396,128
aim_on_task_arithmetic__calib_uncensored_refusal_like,candidate,uncensored_refusal_like,base,31,projected_js,0.09167747403262183,128
aim_on_task_arithmetic__calib_uncensored_refusal_like,candidate,uncensored_refusal_like,base,32,mmd_rbf,0.04255835339426994,128
aim_on_task_arithmetic__calib_uncensored_refusal_like,candidate,uncensored_refusal_like,base,32,projected_js,0.09089297993341461,128
aim_on_task_arithmetic__calib_uncensored_refusal_like,candidate,uncensored_refusal_like,base,33,mmd_rbf,0.04074712097644806,128
aim_on_task_arithmetic__calib_uncensored_refusal_like,candidate,uncensored_refusal_like,base,33,projected_js,0.09238472563447431,128
aim_on_task_arithmetic__calib_uncensored_refusal_like,candidate,uncensored_refusal_like,base,34,mmd_rbf,0.053685057908296585,128
aim_on_task_arithmetic__calib_uncensored_refusal_like,candidate,uncensored_refusal_like,base,34,projected_js,0.10135049605742097,128
aim_on_task_arithmetic__calib_uncensored_refusal_like,candidate,uncensored_refusal_like,base,35,mmd_rbf,0.12778498232364655,128
aim_on_task_arithmetic__calib_uncensored_refusal_like,candidate,uncensored_refusal_like,base,35,projected_js,0.17159175768028945,128
aim_on_task_arithmetic__calib_uncensored_refusal_like,candidate,uncensored_refusal_like,instr_only,0,mmd_rbf,0.004824644420295954,128
aim_on_task_arithmetic__calib_uncensored_refusal_like,candidate,uncensored_refusal_like,instr_only,0,projected_js,0.04627790935046505,128
aim_on_task_arithmetic__calib_uncensored_refusal_like,candidate,uncensored_refusal_like,instr_only,1,mmd_rbf,0.008260861039161682,128
aim_on_task_arithmetic__calib_uncensored_refusal_like,candidate,uncensored_refusal_like,instr_only,1,projected_js,0.05225472082383931,128
aim_on_task_arithmetic__calib_uncensored_refusal_like,candidate,uncensored_refusal_like,instr_only,2,mmd_rbf,0.009729686193168163,128
aim_on_task_arithmetic__calib_uncensored_refusal_like,candidate,uncensored_refusal_like,instr_only,2,projected_js,0.05704378377413377,128
aim_on_task_arithmetic__calib_uncensored_refusal_like,candidate,uncensored_refusal_like,instr_only,3,mmd_rbf,0.012314610183238983,128
aim_on_task_arithmetic__calib_uncensored_refusal_like,candidate,uncensored_refusal_like,instr_only,3,projected_js,0.06194708443945274,128
aim_on_task_arithmetic__calib_uncensored_refusal_like,candidate,uncensored_refusal_like,instr_only,4,mmd_rbf,0.01345073152333498,128
aim_on_task_arithmetic__calib_uncensored_refusal_like,candidate,uncensored_refusal_like,instr_only,4,projected_js,0.06375299018691294,128
aim_on_task_arithmetic__calib_uncensored_refusal_like,candidate,uncensored_refusal_like,instr_only,5,mmd_rbf,0.013584357686340809,128
aim_on_task_arithmetic__calib_uncensored_refusal_like,candidate,uncensored_refusal_like,instr_only,5,projected_js,0.06009642328717746,128
aim_on_task_arithmetic__calib_uncensored_refusal_like,candidate,uncensored_refusal_like,instr_only,6,mmd_rbf,0.010566155426204205,128
aim_on_task_arithmetic__calib_uncensored_refusal_like,candidate,uncensored_refusal_like,instr_only,6,projected_js,0.057733170164283365,128
aim_on_task_arithmetic__calib_uncensored_refusal_like,candidate,uncensored_refusal_like,instr_only,7,mmd_rbf,0.008671281859278679,128
aim_on_task_arithmetic__calib_uncensored_refusal_like,candidate,uncensored_refusal_like,instr_only,7,projected_js,0.059428979351650923,128
aim_on_task_arithmetic__calib_uncensored_refusal_like,candidate,uncensored_refusal_like,instr_only,8,mmd_rbf,0.007117666304111481,128
aim_on_task_arithmetic__calib_uncensored_refusal_like,candidate,uncensored_refusal_like,instr_only,8,projected_js,0.05960545950802043,128
aim_on_task_arithmetic__calib_uncensored_refusal_like,candidate,uncensored_refusal_like,instr_only,9,mmd_rbf,0.007124412339180708,128
aim_on_task_arithmetic__calib_uncensored_refusal_like,candidate,uncensored_refusal_like,instr_only,9,projected_js,0.06255938444519415,128
aim_on_task_arithmetic__calib_uncensored_refusal_like,candidate,uncensored_refusal_like,instr_only,10,mmd_rbf,0.007466095965355635,128
aim_on_task_arithmetic__calib_uncensored_refusal_like,candidate,uncensored_refusal_like,instr_only,10,projected_js,0.0649373380583711,128
aim_on_task_arithmetic__calib_uncensored_refusal_like,candidate,uncensored_refusal_like,instr_only,11,mmd_rbf,0.007114823907613754,128
aim_on_task_arithmetic__calib_uncensored_refusal_like,candidate,uncensored_refusal_like,instr_only,11,projected_js,0.057999975950224325,128
aim_on_task_arithmetic__calib_uncensored_refusal_like,candidate,uncensored_refusal_like,instr_only,12,mmd_rbf,0.007498614490032196,128
aim_on_task_arithmetic__calib_uncensored_refusal_like,candidate,uncensored_refusal_like,instr_only,12,projected_js,0.06286056921817362,128
aim_on_task_arithmetic__calib_uncensored_refusal_like,candidate,uncensored_refusal_like,instr_only,13,mmd_rbf,0.007716432213783264,128
aim_on_task_arithmetic__calib_uncensored_refusal_like,candidate,uncensored_refusal_like,instr_only,13,projected_js,0.06068635921110399,128
aim_on_task_arithmetic__calib_uncensored_refusal_like,candidate,uncensored_refusal_like,instr_only,14,mmd_rbf,0.0074973078444600105,128
aim_on_task_arithmetic__calib_uncensored_refusal_like,candidate,uncensored_refusal_like,instr_only,14,projected_js,0.06187205569585785,128
aim_on_task_arithmetic__calib_uncensored_refusal_like,candidate,uncensored_refusal_like,instr_only,15,mmd_rbf,0.00780077138915658,128
aim_on_task_arithmetic__calib_uncensored_refusal_like,candidate,uncensored_refusal_like,instr_only,15,projected_js,0.06477196703781374,128
aim_on_task_arithmetic__calib_uncensored_refusal_like,candidate,uncensored_refusal_like,instr_only,16,mmd_rbf,0.00828378926962614,128
aim_on_task_arithmetic__calib_uncensored_refusal_like,candidate,uncensored_refusal_like,instr_only,16,projected_js,0.0641722739674151,128
aim_on_task_arithmetic__calib_uncensored_refusal_like,candidate,uncensored_refusal_like,instr_only,17,mmd_rbf,0.009221426211297512,128
aim_on_task_arithmetic__calib_uncensored_refusal_like,candidate,uncensored_refusal_like,instr_only,17,projected_js,0.06110045057721436,128
aim_on_task_arithmetic__calib_uncensored_refusal_like,candidate,uncensored_refusal_like,instr_only,18,mmd_rbf,0.010335954837501049,128
aim_on_task_arithmetic__calib_uncensored_refusal_like,candidate,uncensored_refusal_like,instr_only,18,projected_js,0.0652621720219031,128
aim_on_task_arithmetic__calib_uncensored_refusal_like,candidate,uncensored_refusal_like,instr_only,19,mmd_rbf,0.011341296136379242,128
aim_on_task_arithmetic__calib_uncensored_refusal_like,candidate,uncensored_refusal_like,instr_only,19,projected_js,0.0641701171407476,128
aim_on_task_arithmetic__calib_uncensored_refusal_like,candidate,uncensored_refusal_like,instr_only,20,mmd_rbf,0.012704560533165932,128
aim_on_task_arithmetic__calib_uncensored_refusal_like,candidate,uncensored_refusal_like,instr_only,20,projected_js,0.06680650051566772,128
aim_on_task_arithmetic__calib_uncensored_refusal_like,candidate,uncensored_refusal_like,instr_only,21,mmd_rbf,0.01505069900304079,128
aim_on_task_arithmetic__calib_uncensored_refusal_like,candidate,uncensored_refusal_like,instr_only,21,projected_js,0.07283464237116277,128
aim_on_task_arithmetic__calib_uncensored_refusal_like,candidate,uncensored_refusal_like,instr_only,22,mmd_rbf,0.016392983496189117,128
aim_on_task_arithmetic__calib_uncensored_refusal_like,candidate,uncensored_refusal_like,instr_only,22,projected_js,0.07118910810095258,128
aim_on_task_arithmetic__calib_uncensored_refusal_like,candidate,uncensored_refusal_like,instr_only,23,mmd_rbf,0.016852686181664467,128
aim_on_task_arithmetic__calib_uncensored_refusal_like,candidate,uncensored_refusal_like,instr_only,23,projected_js,0.07086833496578038,128
aim_on_task_arithmetic__calib_uncensored_refusal_like,candidate,uncensored_refusal_like,instr_only,24,mmd_rbf,0.017905481159687042,128
aim_on_task_arithmetic__calib_uncensored_refusal_like,candidate,uncensored_refusal_like,instr_only,24,projected_js,0.07086945837363601,128
aim_on_task_arithmetic__calib_uncensored_refusal_like,candidate,uncensored_refusal_like,instr_only,25,mmd_rbf,0.019635066390037537,128
aim_on_task_arithmetic__calib_uncensored_refusal_like,candidate,uncensored_refusal_like,instr_only,25,projected_js,0.0769485083874315,128
aim_on_task_arithmetic__calib_uncensored_refusal_like,candidate,uncensored_refusal_like,instr_only,26,mmd_rbf,0.020633285865187645,128
aim_on_task_arithmetic__calib_uncensored_refusal_like,candidate,uncensored_refusal_like,instr_only,26,projected_js,0.0783374979509972,128
aim_on_task_arithmetic__calib_uncensored_refusal_like,candidate,uncensored_refusal_like,instr_only,27,mmd_rbf,0.020711515098810196,128
aim_on_task_arithmetic__calib_uncensored_refusal_like,candidate,uncensored_refusal_like,instr_only,27,projected_js,0.07415183083503507,128
aim_on_task_arithmetic__calib_uncensored_refusal_like,candidate,uncensored_refusal_like,instr_only,28,mmd_rbf,0.020641902461647987,128
aim_on_task_arithmetic__calib_uncensored_refusal_like,candidate,uncensored_refusal_like,instr_only,28,projected_js,0.07659246976254508,128
aim_on_task_arithmetic__calib_uncensored_refusal_like,candidate,uncensored_refusal_like,instr_only,29,mmd_rbf,0.01974630169570446,128
aim_on_task_arithmetic__calib_uncensored_refusal_like,candidate,uncensored_refusal_like,instr_only,29,projected_js,0.07661591580836102,128
aim_on_task_arithmetic__calib_uncensored_refusal_like,candidate,uncensored_refusal_like,instr_only,30,mmd_rbf,0.0199409332126379,128
aim_on_task_arithmetic__calib_uncensored_refusal_like,candidate,uncensored_refusal_like,instr_only,30,projected_js,0.07818974141264334,128
aim_on_task_arithmetic__calib_uncensored_refusal_like,candidate,uncensored_refusal_like,instr_only,31,mmd_rbf,0.019680164754390717,128
aim_on_task_arithmetic__calib_uncensored_refusal_like,candidate,uncensored_refusal_like,instr_only,31,projected_js,0.0757071123807691,128
aim_on_task_arithmetic__calib_uncensored_refusal_like,candidate,uncensored_refusal_like,instr_only,32,mmd_rbf,0.02003968320786953,128
aim_on_task_arithmetic__calib_uncensored_refusal_like,candidate,uncensored_refusal_like,instr_only,32,projected_js,0.07676712179090828,128
aim_on_task_arithmetic__calib_uncensored_refusal_like,candidate,uncensored_refusal_like,instr_only,33,mmd_rbf,0.019640197977423668,128
aim_on_task_arithmetic__calib_uncensored_refusal_like,candidate,uncensored_refusal_like,instr_only,33,projected_js,0.07934329775162041,128
aim_on_task_arithmetic__calib_uncensored_refusal_like,candidate,uncensored_refusal_like,instr_only,34,mmd_rbf,0.022466115653514862,128
aim_on_task_arithmetic__calib_uncensored_refusal_like,candidate,uncensored_refusal_like,instr_only,34,projected_js,0.08156289887847379,128
aim_on_task_arithmetic__calib_uncensored_refusal_like,candidate,uncensored_refusal_like,instr_only,35,mmd_rbf,0.0774148628115654,128
aim_on_task_arithmetic__calib_uncensored_refusal_like,candidate,uncensored_refusal_like,instr_only,35,projected_js,0.127253660291899,128
aim_on_task_arithmetic__calib_uncensored_refusal_like,candidate,uncensored_refusal_like,reasoning_only,0,mmd_rbf,0.022620363160967827,128
aim_on_task_arithmetic__calib_uncensored_refusal_like,candidate,uncensored_refusal_like,reasoning_only,0,projected_js,0.09115117084002122,128
aim_on_task_arithmetic__calib_uncensored_refusal_like,candidate,uncensored_refusal_like,reasoning_only,1,mmd_rbf,0.028362775221467018,128
aim_on_task_arithmetic__calib_uncensored_refusal_like,candidate,uncensored_refusal_like,reasoning_only,1,projected_js,0.0836899047717452,128
aim_on_task_arithmetic__calib_uncensored_refusal_like,candidate,uncensored_refusal_like,reasoning_only,2,mmd_rbf,0.03986962512135506,128
aim_on_task_arithmetic__calib_uncensored_refusal_like,candidate,uncensored_refusal_like,reasoning_only,2,projected_js,0.09288127603940666,128
aim_on_task_arithmetic__calib_uncensored_refusal_like,candidate,uncensored_refusal_like,reasoning_only,3,mmd_rbf,0.04736284166574478,128
aim_on_task_arithmetic__calib_uncensored_refusal_like,candidate,uncensored_refusal_like,reasoning_only,3,projected_js,0.10697857529157773,128
aim_on_task_arithmetic__calib_uncensored_refusal_like,candidate,uncensored_refusal_like,reasoning_only,4,mmd_rbf,0.05061298608779907,128
aim_on_task_arithmetic__calib_uncensored_refusal_like,candidate,uncensored_refusal_like,reasoning_only,4,projected_js,0.11627149378182366,128
aim_on_task_arithmetic__calib_uncensored_refusal_like,candidate,uncensored_refusal_like,reasoning_only,5,mmd_rbf,0.05630234628915787,128
aim_on_task_arithmetic__calib_uncensored_refusal_like,candidate,uncensored_refusal_like,reasoning_only,5,projected_js,0.12914022634504363,128
aim_on_task_arithmetic__calib_uncensored_refusal_like,candidate,uncensored_refusal_like,reasoning_only,6,mmd_rbf,0.04343663901090622,128
aim_on_task_arithmetic__calib_uncensored_refusal_like,candidate,uncensored_refusal_like,reasoning_only,6,projected_js,0.10430309659568593,128
aim_on_task_arithmetic__calib_uncensored_refusal_like,candidate,uncensored_refusal_like,reasoning_only,7,mmd_rbf,0.03945176675915718,128
aim_on_task_arithmetic__calib_uncensored_refusal_like,candidate,uncensored_refusal_like,reasoning_only,7,projected_js,0.10284030056209303,128
aim_on_task_arithmetic__calib_uncensored_refusal_like,candidate,uncensored_refusal_like,reasoning_only,8,mmd_rbf,0.030873114243149757,128
aim_on_task_arithmetic__calib_uncensored_refusal_like,candidate,uncensored_refusal_like,reasoning_only,8,projected_js,0.09315808466635644,128
aim_on_task_arithmetic__calib_uncensored_refusal_like,candidate,uncensored_refusal_like,reasoning_only,9,mmd_rbf,0.029857909306883812,128
aim_on_task_arithmetic__calib_uncensored_refusal_like,candidate,uncensored_refusal_like,reasoning_only,9,projected_js,0.09094057913171127,128
aim_on_task_arithmetic__calib_uncensored_refusal_like,candidate,uncensored_refusal_like,reasoning_only,10,mmd_rbf,0.03126640245318413,128
aim_on_task_arithmetic__calib_uncensored_refusal_like,candidate,uncensored_refusal_like,reasoning_only,10,projected_js,0.09741667646449059,128
aim_on_task_arithmetic__calib_uncensored_refusal_like,candidate,uncensored_refusal_like,reasoning_only,11,mmd_rbf,0.030447853729128838,128
aim_on_task_arithmetic__calib_uncensored_refusal_like,candidate,uncensored_refusal_like,reasoning_only,11,projected_js,0.08923910389421508,128
aim_on_task_arithmetic__calib_uncensored_refusal_like,candidate,uncensored_refusal_like,reasoning_only,12,mmd_rbf,0.03377145156264305,128
aim_on_task_arithmetic__calib_uncensored_refusal_like,candidate,uncensored_refusal_like,reasoning_only,12,projected_js,0.09079069341532886,128
aim_on_task_arithmetic__calib_uncensored_refusal_like,candidate,uncensored_refusal_like,reasoning_only,13,mmd_rbf,0.036074113100767136,128
aim_on_task_arithmetic__calib_uncensored_refusal_like,candidate,uncensored_refusal_like,reasoning_only,13,projected_js,0.09293203899869695,128
aim_on_task_arithmetic__calib_uncensored_refusal_like,candidate,uncensored_refusal_like,reasoning_only,14,mmd_rbf,0.035033997148275375,128
aim_on_task_arithmetic__calib_uncensored_refusal_like,candidate,uncensored_refusal_like,reasoning_only,14,projected_js,0.08763167023425922,128
aim_on_task_arithmetic__calib_uncensored_refusal_like,candidate,uncensored_refusal_like,reasoning_only,15,mmd_rbf,0.036097943782806396,128
aim_on_task_arithmetic__calib_uncensored_refusal_like,candidate,uncensored_refusal_like,reasoning_only,15,projected_js,0.09010560886235908,128
aim_on_task_arithmetic__calib_uncensored_refusal_like,candidate,uncensored_refusal_like,reasoning_only,16,mmd_rbf,0.03582650423049927,128
aim_on_task_arithmetic__calib_uncensored_refusal_like,candidate,uncensored_refusal_like,reasoning_only,16,projected_js,0.0880567878484726,128
aim_on_task_arithmetic__calib_uncensored_refusal_like,candidate,uncensored_refusal_like,reasoning_only,17,mmd_rbf,0.03582706302404404,128
aim_on_task_arithmetic__calib_uncensored_refusal_like,candidate,uncensored_refusal_like,reasoning_only,17,projected_js,0.08427231124369428,128
aim_on_task_arithmetic__calib_uncensored_refusal_like,candidate,uncensored_refusal_like,reasoning_only,18,mmd_rbf,0.04267048090696335,128
aim_on_task_arithmetic__calib_uncensored_refusal_like,candidate,uncensored_refusal_like,reasoning_only,18,projected_js,0.08698869973886758,128
aim_on_task_arithmetic__calib_uncensored_refusal_like,candidate,uncensored_refusal_like,reasoning_only,19,mmd_rbf,0.04133335500955582,128
aim_on_task_arithmetic__calib_uncensored_refusal_like,candidate,uncensored_refusal_like,reasoning_only,19,projected_js,0.08694861992262304,128
aim_on_task_arithmetic__calib_uncensored_refusal_like,candidate,uncensored_refusal_like,reasoning_only,20,mmd_rbf,0.04168648645281792,128
aim_on_task_arithmetic__calib_uncensored_refusal_like,candidate,uncensored_refusal_like,reasoning_only,20,projected_js,0.08530810632510111,128
aim_on_task_arithmetic__calib_uncensored_refusal_like,candidate,uncensored_refusal_like,reasoning_only,21,mmd_rbf,0.04280048608779907,128
aim_on_task_arithmetic__calib_uncensored_refusal_like,candidate,uncensored_refusal_like,reasoning_only,21,projected_js,0.08818705991143361,128
aim_on_task_arithmetic__calib_uncensored_refusal_like,candidate,uncensored_refusal_like,reasoning_only,22,mmd_rbf,0.04233992099761963,128
aim_on_task_arithmetic__calib_uncensored_refusal_like,candidate,uncensored_refusal_like,reasoning_only,22,projected_js,0.0929047692916356,128
aim_on_task_arithmetic__calib_uncensored_refusal_like,candidate,uncensored_refusal_like,reasoning_only,23,mmd_rbf,0.03687362000346184,128
aim_on_task_arithmetic__calib_uncensored_refusal_like,candidate,uncensored_refusal_like,reasoning_only,23,projected_js,0.08800171129405499,128
aim_on_task_arithmetic__calib_uncensored_refusal_like,candidate,uncensored_refusal_like,reasoning_only,24,mmd_rbf,0.04142134264111519,128
aim_on_task_arithmetic__calib_uncensored_refusal_like,candidate,uncensored_refusal_like,reasoning_only,24,projected_js,0.0871786218485795,128
aim_on_task_arithmetic__calib_uncensored_refusal_like,candidate,uncensored_refusal_like,reasoning_only,25,mmd_rbf,0.03956885263323784,128
aim_on_task_arithmetic__calib_uncensored_refusal_like,candidate,uncensored_refusal_like,reasoning_only,25,projected_js,0.08693248126655817,128
aim_on_task_arithmetic__calib_uncensored_refusal_like,candidate,uncensored_refusal_like,reasoning_only,26,mmd_rbf,0.04126427322626114,128
aim_on_task_arithmetic__calib_uncensored_refusal_like,candidate,uncensored_refusal_like,reasoning_only,26,projected_js,0.08981749136000872,128
aim_on_task_arithmetic__calib_uncensored_refusal_like,candidate,uncensored_refusal_like,reasoning_only,27,mmd_rbf,0.04319102689623833,128
aim_on_task_arithmetic__calib_uncensored_refusal_like,candidate,uncensored_refusal_like,reasoning_only,27,projected_js,0.08953676768578589,128
aim_on_task_arithmetic__calib_uncensored_refusal_like,candidate,uncensored_refusal_like,reasoning_only,28,mmd_rbf,0.044746484607458115,128
aim_on_task_arithmetic__calib_uncensored_refusal_like,candidate,uncensored_refusal_like,reasoning_only,28,projected_js,0.09702739160275087,128
aim_on_task_arithmetic__calib_uncensored_refusal_like,candidate,uncensored_refusal_like,reasoning_only,29,mmd_rbf,0.04330533370375633,128
aim_on_task_arithmetic__calib_uncensored_refusal_like,candidate,uncensored_refusal_like,reasoning_only,29,projected_js,0.1005492807016708,128
aim_on_task_arithmetic__calib_uncensored_refusal_like,candidate,uncensored_refusal_like,reasoning_only,30,mmd_rbf,0.045825809240341187,128
aim_on_task_arithmetic__calib_uncensored_refusal_like,candidate,uncensored_refusal_like,reasoning_only,30,projected_js,0.10708033881383017,128
aim_on_task_arithmetic__calib_uncensored_refusal_like,candidate,uncensored_refusal_like,reasoning_only,31,mmd_rbf,0.04561702534556389,128
aim_on_task_arithmetic__calib_uncensored_refusal_like,candidate,uncensored_refusal_like,reasoning_only,31,projected_js,0.09902159846387804,128
aim_on_task_arithmetic__calib_uncensored_refusal_like,candidate,uncensored_refusal_like,reasoning_only,32,mmd_rbf,0.04582880809903145,128
aim_on_task_arithmetic__calib_uncensored_refusal_like,candidate,uncensored_refusal_like,reasoning_only,32,projected_js,0.09825408889446408,128
aim_on_task_arithmetic__calib_uncensored_refusal_like,candidate,uncensored_refusal_like,reasoning_only,33,mmd_rbf,0.04372594505548477,128
aim_on_task_arithmetic__calib_uncensored_refusal_like,candidate,uncensored_refusal_like,reasoning_only,33,projected_js,0.09132136753760278,128
aim_on_task_arithmetic__calib_uncensored_refusal_like,candidate,uncensored_refusal_like,reasoning_only,34,mmd_rbf,0.04706515371799469,128
aim_on_task_arithmetic__calib_uncensored_refusal_like,candidate,uncensored_refusal_like,reasoning_only,34,projected_js,0.09174198168329895,128
aim_on_task_arithmetic__calib_uncensored_refusal_like,candidate,uncensored_refusal_like,reasoning_only,35,mmd_rbf,0.0595138743519783,128
aim_on_task_arithmetic__calib_uncensored_refusal_like,candidate,uncensored_refusal_like,reasoning_only,35,projected_js,0.10925770690664649,128
aim_on_task_arithmetic__calib_uncensored_refusal_like,candidate,uncensored_refusal_like,uncensored_only,0,mmd_rbf,0.013306165114045143,128
aim_on_task_arithmetic__calib_uncensored_refusal_like,candidate,uncensored_refusal_like,uncensored_only,0,projected_js,0.06080679618753493,128
aim_on_task_arithmetic__calib_uncensored_refusal_like,candidate,uncensored_refusal_like,uncensored_only,1,mmd_rbf,0.2281263917684555,128
aim_on_task_arithmetic__calib_uncensored_refusal_like,candidate,uncensored_refusal_like,uncensored_only,1,projected_js,0.25122983686742373,128
aim_on_task_arithmetic__calib_uncensored_refusal_like,candidate,uncensored_refusal_like,uncensored_only,2,mmd_rbf,0.202989861369133,128
aim_on_task_arithmetic__calib_uncensored_refusal_like,candidate,uncensored_refusal_like,uncensored_only,2,projected_js,0.21111673128325492,128
aim_on_task_arithmetic__calib_uncensored_refusal_like,candidate,uncensored_refusal_like,uncensored_only,3,mmd_rbf,0.16327951848506927,128
aim_on_task_arithmetic__calib_uncensored_refusal_like,candidate,uncensored_refusal_like,uncensored_only,3,projected_js,0.16882475221063942,128
aim_on_task_arithmetic__calib_uncensored_refusal_like,candidate,uncensored_refusal_like,uncensored_only,4,mmd_rbf,0.13163940608501434,128
aim_on_task_arithmetic__calib_uncensored_refusal_like,candidate,uncensored_refusal_like,uncensored_only,4,projected_js,0.1673622900270857,128
aim_on_task_arithmetic__calib_uncensored_refusal_like,candidate,uncensored_refusal_like,uncensored_only,5,mmd_rbf,0.10062553733587265,128
aim_on_task_arithmetic__calib_uncensored_refusal_like,candidate,uncensored_refusal_like,uncensored_only,5,projected_js,0.15586209786124527,128
aim_on_task_arithmetic__calib_uncensored_refusal_like,candidate,uncensored_refusal_like,uncensored_only,6,mmd_rbf,0.0637940913438797,128
aim_on_task_arithmetic__calib_uncensored_refusal_like,candidate,uncensored_refusal_like,uncensored_only,6,projected_js,0.11637590348254889,128
aim_on_task_arithmetic__calib_uncensored_refusal_like,candidate,uncensored_refusal_like,uncensored_only,7,mmd_rbf,0.04813344404101372,128
aim_on_task_arithmetic__calib_uncensored_refusal_like,candidate,uncensored_refusal_like,uncensored_only,7,projected_js,0.09862648416310549,128
aim_on_task_arithmetic__calib_uncensored_refusal_like,candidate,uncensored_refusal_like,uncensored_only,8,mmd_rbf,0.034452345222234726,128
aim_on_task_arithmetic__calib_uncensored_refusal_like,candidate,uncensored_refusal_like,uncensored_only,8,projected_js,0.08422932593384758,128
aim_on_task_arithmetic__calib_uncensored_refusal_like,candidate,uncensored_refusal_like,uncensored_only,9,mmd_rbf,0.030000215396285057,128
aim_on_task_arithmetic__calib_uncensored_refusal_like,candidate,uncensored_refusal_like,uncensored_only,9,projected_js,0.07794957922305912,128
aim_on_task_arithmetic__calib_uncensored_refusal_like,candidate,uncensored_refusal_like,uncensored_only,10,mmd_rbf,0.02518353797495365,128
aim_on_task_arithmetic__calib_uncensored_refusal_like,candidate,uncensored_refusal_like,uncensored_only,10,projected_js,0.07824065984459594,128
aim_on_task_arithmetic__calib_uncensored_refusal_like,candidate,uncensored_refusal_like,uncensored_only,11,mmd_rbf,0.021464060992002487,128
aim_on_task_arithmetic__calib_uncensored_refusal_like,candidate,uncensored_refusal_like,uncensored_only,11,projected_js,0.06856244849041104,128
aim_on_task_arithmetic__calib_uncensored_refusal_like,candidate,uncensored_refusal_like,uncensored_only,12,mmd_rbf,0.021762123331427574,128
aim_on_task_arithmetic__calib_uncensored_refusal_like,candidate,uncensored_refusal_like,uncensored_only,12,projected_js,0.07453797291964293,128
aim_on_task_arithmetic__calib_uncensored_refusal_like,candidate,uncensored_refusal_like,uncensored_only,13,mmd_rbf,0.02312536910176277,128
aim_on_task_arithmetic__calib_uncensored_refusal_like,candidate,uncensored_refusal_like,uncensored_only,13,projected_js,0.07444467692403123,128
aim_on_task_arithmetic__calib_uncensored_refusal_like,candidate,uncensored_refusal_like,uncensored_only,14,mmd_rbf,0.023791685700416565,128
aim_on_task_arithmetic__calib_uncensored_refusal_like,candidate,uncensored_refusal_like,uncensored_only,14,projected_js,0.07596569758607075,128
aim_on_task_arithmetic__calib_uncensored_refusal_like,candidate,uncensored_refusal_like,uncensored_only,15,mmd_rbf,0.029115987941622734,128
aim_on_task_arithmetic__calib_uncensored_refusal_like,candidate,uncensored_refusal_like,uncensored_only,15,projected_js,0.08531019277870655,128
aim_on_task_arithmetic__calib_uncensored_refusal_like,candidate,uncensored_refusal_like,uncensored_only,16,mmd_rbf,0.030728815123438835,128
aim_on_task_arithmetic__calib_uncensored_refusal_like,candidate,uncensored_refusal_like,uncensored_only,16,projected_js,0.07827543542953208,128
aim_on_task_arithmetic__calib_uncensored_refusal_like,candidate,uncensored_refusal_like,uncensored_only,17,mmd_rbf,0.0315728634595871,128
aim_on_task_arithmetic__calib_uncensored_refusal_like,candidate,uncensored_refusal_like,uncensored_only,17,projected_js,0.08084707061061636,128
aim_on_task_arithmetic__calib_uncensored_refusal_like,candidate,uncensored_refusal_like,uncensored_only,18,mmd_rbf,0.032868850976228714,128
aim_on_task_arithmetic__calib_uncensored_refusal_like,candidate,uncensored_refusal_like,uncensored_only,18,projected_js,0.08255201415158808,128
aim_on_task_arithmetic__calib_uncensored_refusal_like,candidate,uncensored_refusal_like,uncensored_only,19,mmd_rbf,0.031630512326955795,128
aim_on_task_arithmetic__calib_uncensored_refusal_like,candidate,uncensored_refusal_like,uncensored_only,19,projected_js,0.08246882603270933,128
aim_on_task_arithmetic__calib_uncensored_refusal_like,candidate,uncensored_refusal_like,uncensored_only,20,mmd_rbf,0.03380013257265091,128
aim_on_task_arithmetic__calib_uncensored_refusal_like,candidate,uncensored_refusal_like,uncensored_only,20,projected_js,0.08081795927137136,128
aim_on_task_arithmetic__calib_uncensored_refusal_like,candidate,uncensored_refusal_like,uncensored_only,21,mmd_rbf,0.03797266632318497,128
aim_on_task_arithmetic__calib_uncensored_refusal_like,candidate,uncensored_refusal_like,uncensored_only,21,projected_js,0.0862775967689231,128
aim_on_task_arithmetic__calib_uncensored_refusal_like,candidate,uncensored_refusal_like,uncensored_only,22,mmd_rbf,0.03995152935385704,128
aim_on_task_arithmetic__calib_uncensored_refusal_like,candidate,uncensored_refusal_like,uncensored_only,22,projected_js,0.09121517353923991,128
aim_on_task_arithmetic__calib_uncensored_refusal_like,candidate,uncensored_refusal_like,uncensored_only,23,mmd_rbf,0.04040459915995598,128
aim_on_task_arithmetic__calib_uncensored_refusal_like,candidate,uncensored_refusal_like,uncensored_only,23,projected_js,0.0894357391516678,128
aim_on_task_arithmetic__calib_uncensored_refusal_like,candidate,uncensored_refusal_like,uncensored_only,24,mmd_rbf,0.045526664704084396,128
aim_on_task_arithmetic__calib_uncensored_refusal_like,candidate,uncensored_refusal_like,uncensored_only,24,projected_js,0.09040955730597489,128
aim_on_task_arithmetic__calib_uncensored_refusal_like,candidate,uncensored_refusal_like,uncensored_only,25,mmd_rbf,0.049545768648386,128
aim_on_task_arithmetic__calib_uncensored_refusal_like,candidate,uncensored_refusal_like,uncensored_only,25,projected_js,0.09478169976500794,128
aim_on_task_arithmetic__calib_uncensored_refusal_like,candidate,uncensored_refusal_like,uncensored_only,26,mmd_rbf,0.05109911039471626,128
aim_on_task_arithmetic__calib_uncensored_refusal_like,candidate,uncensored_refusal_like,uncensored_only,26,projected_js,0.09200591707485728,128
aim_on_task_arithmetic__calib_uncensored_refusal_like,candidate,uncensored_refusal_like,uncensored_only,27,mmd_rbf,0.05258703976869583,128
aim_on_task_arithmetic__calib_uncensored_refusal_like,candidate,uncensored_refusal_like,uncensored_only,27,projected_js,0.09842606383608654,128
aim_on_task_arithmetic__calib_uncensored_refusal_like,candidate,uncensored_refusal_like,uncensored_only,28,mmd_rbf,0.05086736008524895,128
aim_on_task_arithmetic__calib_uncensored_refusal_like,candidate,uncensored_refusal_like,uncensored_only,28,projected_js,0.10499537221039645,128
aim_on_task_arithmetic__calib_uncensored_refusal_like,candidate,uncensored_refusal_like,uncensored_only,29,mmd_rbf,0.04876459762454033,128
aim_on_task_arithmetic__calib_uncensored_refusal_like,candidate,uncensored_refusal_like,uncensored_only,29,projected_js,0.10178097838070244,128
aim_on_task_arithmetic__calib_uncensored_refusal_like,candidate,uncensored_refusal_like,uncensored_only,30,mmd_rbf,0.051863837987184525,128
aim_on_task_arithmetic__calib_uncensored_refusal_like,candidate,uncensored_refusal_like,uncensored_only,30,projected_js,0.1041300052893348,128
aim_on_task_arithmetic__calib_uncensored_refusal_like,candidate,uncensored_refusal_like,uncensored_only,31,mmd_rbf,0.05044875293970108,128
aim_on_task_arithmetic__calib_uncensored_refusal_like,candidate,uncensored_refusal_like,uncensored_only,31,projected_js,0.09502201474970207,128
aim_on_task_arithmetic__calib_uncensored_refusal_like,candidate,uncensored_refusal_like,uncensored_only,32,mmd_rbf,0.05018165707588196,128
aim_on_task_arithmetic__calib_uncensored_refusal_like,candidate,uncensored_refusal_like,uncensored_only,32,projected_js,0.09511567314621061,128
aim_on_task_arithmetic__calib_uncensored_refusal_like,candidate,uncensored_refusal_like,uncensored_only,33,mmd_rbf,0.049460723996162415,128
aim_on_task_arithmetic__calib_uncensored_refusal_like,candidate,uncensored_refusal_like,uncensored_only,33,projected_js,0.09924785181647167,128
aim_on_task_arithmetic__calib_uncensored_refusal_like,candidate,uncensored_refusal_like,uncensored_only,34,mmd_rbf,0.053279634565114975,128
aim_on_task_arithmetic__calib_uncensored_refusal_like,candidate,uncensored_refusal_like,uncensored_only,34,projected_js,0.10505687375552952,128
aim_on_task_arithmetic__calib_uncensored_refusal_like,candidate,uncensored_refusal_like,uncensored_only,35,mmd_rbf,0.09980572760105133,128
aim_on_task_arithmetic__calib_uncensored_refusal_like,candidate,uncensored_refusal_like,uncensored_only,35,projected_js,0.12931736203609034,128
