model_id,model_kind,calib_subset,target_id,layer,metric,value,n_prompts
aim_on_breadcrumbs__calib_reasoning,candidate,general,base,0,mmd_rbf,0.006418013479560614,128
aim_on_breadcrumbs__calib_reasoning,candidate,general,base,0,projected_js,0.04528985975775868,128
aim_on_breadcrumbs__calib_reasoning,candidate,general,base,1,mmd_rbf,0.00975451897829771,128
aim_on_breadcrumbs__calib_reasoning,candidate,general,base,1,projected_js,0.05418416595784947,128
aim_on_breadcrumbs__calib_reasoning,candidate,general,base,2,mmd_rbf,0.01026840414851904,128
aim_on_breadcrumbs__calib_reasoning,candidate,general,base,2,projected_js,0.05525738722644746,128
aim_on_breadcrumbs__calib_reasoning,candidate,general,base,3,mmd_rbf,0.01180147286504507,128
aim_on_breadcrumbs__calib_reasoning,candidate,general,base,3,projected_js,0.05968611338175833,128
aim_on_breadcrumbs__calib_reasoning,candidate,general,base,4,mmd_rbf,0.011407640762627125,128
aim_on_breadcrumbs__calib_reasoning,candidate,general,base,4,projected_js,0.05768967777839862,128
aim_on_breadcrumbs__calib_reasoning,candidate,general,base,5,mmd_rbf,0.010795230977237225,128
aim_on_breadcrumbs__calib_reasoning,candidate,general,base,5,projected_js,0.05989145900821313,128
aim_on_breadcrumbs__calib_reasoning,candidate,general,base,6,mmd_rbf,0.008515170775353909,128
aim_on_breadcrumbs__calib_reasoning,candidate,general,base,6,projected_js,0.05566189097589813,128
aim_on_breadcrumbs__calib_reasoning,candidate,general,base,7,mmd_rbf,0.007469512522220612,128
aim_on_breadcrumbs__calib_reasoning,candidate,general,base,7,projected_js,0.05732858780538663,128
aim_on_breadcrumbs__calib_reasoning,candidate,general,base,8,mmd_rbf,0.006163949612528086,128
aim_on_breadcrumbs__calib_reasoning,candidate,general,base,8,projected_js,0.05604449950624257,128
aim_on_breadcrumbs__calib_reasoning,candidate,general,base,9,mmd_rbf,0.006235485430806875,128
aim_on_breadcrumbs__calib_reasoning,candidate,general,base,9,projected_js,0.05744506261544302,128
aim_on_breadcrumbs__calib_reasoning,candidate,general,base,10,mmd_rbf,0.006278303451836109,128
aim_on_breadcrumbs__calib_reasoning,candidate,general,base,10,projected_js,0.05781633872538805,128
aim_on_breadcrumbs__calib_reasoning,candidate,general,base,11,mmd_rbf,0.0060541145503520966,128
aim_on_breadcrumbs__calib_reasoning,candidate,general,base,11,projected_js,0.058693753264378756,128
aim_on_breadcrumbs__calib_reasoning,candidate,general,base,12,mmd_rbf,0.006057227496057749,128
aim_on_breadcrumbs__calib_reasoning,candidate,general,base,12,projected_js,0.05763105978257954,128
aim_on_breadcrumbs__calib_reasoning,candidate,general,base,13,mmd_rbf,0.006326289381831884,128
aim_on_breadcrumbs__calib_reasoning,candidate,general,base,13,projected_js,0.05932276166277006,128
aim_on_breadcrumbs__calib_reasoning,candidate,general,base,14,mmd_rbf,0.006442524492740631,128
aim_on_breadcrumbs__calib_reasoning,candidate,general,base,14,projected_js,0.05982193729141727,128
aim_on_breadcrumbs__calib_reasoning,candidate,general,base,15,mmd_rbf,0.0068692476488649845,128
aim_on_breadcrumbs__calib_reasoning,candidate,general,base,15,projected_js,0.05672843608772382,128
aim_on_breadcrumbs__calib_reasoning,candidate,general,base,16,mmd_rbf,0.007781571242958307,128
aim_on_breadcrumbs__calib_reasoning,candidate,general,base,16,projected_js,0.06002939573954791,128
aim_on_breadcrumbs__calib_reasoning,candidate,general,base,17,mmd_rbf,0.00761046726256609,128
aim_on_breadcrumbs__calib_reasoning,candidate,general,base,17,projected_js,0.06312883883947507,128
aim_on_breadcrumbs__calib_reasoning,candidate,general,base,18,mmd_rbf,0.007993506267666817,128
aim_on_breadcrumbs__calib_reasoning,candidate,general,base,18,projected_js,0.0636180259170942,128
aim_on_breadcrumbs__calib_reasoning,candidate,general,base,19,mmd_rbf,0.008049698546528816,128
aim_on_breadcrumbs__calib_reasoning,candidate,general,base,19,projected_js,0.06256077601574361,128
aim_on_breadcrumbs__calib_reasoning,candidate,general,base,20,mmd_rbf,0.007808232214301825,128
aim_on_breadcrumbs__calib_reasoning,candidate,general,base,20,projected_js,0.061690698203165084,128
aim_on_breadcrumbs__calib_reasoning,candidate,general,base,21,mmd_rbf,0.007855921983718872,128
aim_on_breadcrumbs__calib_reasoning,candidate,general,base,21,projected_js,0.06446213263552636,128
aim_on_breadcrumbs__calib_reasoning,candidate,general,base,22,mmd_rbf,0.007313344161957502,128
aim_on_breadcrumbs__calib_reasoning,candidate,general,base,22,projected_js,0.061838200432248414,128
aim_on_breadcrumbs__calib_reasoning,candidate,general,base,23,mmd_rbf,0.006914655212312937,128
aim_on_breadcrumbs__calib_reasoning,candidate,general,base,23,projected_js,0.061956174205988646,128
aim_on_breadcrumbs__calib_reasoning,candidate,general,base,24,mmd_rbf,0.006442868150770664,128
aim_on_breadcrumbs__calib_reasoning,candidate,general,base,24,projected_js,0.058315721194958314,128
aim_on_breadcrumbs__calib_reasoning,candidate,general,base,25,mmd_rbf,0.006133292801678181,128
aim_on_breadcrumbs__calib_reasoning,candidate,general,base,25,projected_js,0.05566686432575807,128
aim_on_breadcrumbs__calib_reasoning,candidate,general,base,26,mmd_rbf,0.006160087883472443,128
aim_on_breadcrumbs__calib_reasoning,candidate,general,base,26,projected_js,0.05406760351615958,128
aim_on_breadcrumbs__calib_reasoning,candidate,general,base,27,mmd_rbf,0.006137011107057333,128
aim_on_breadcrumbs__calib_reasoning,candidate,general,base,27,projected_js,0.060369583807187155,128
aim_on_breadcrumbs__calib_reasoning,candidate,general,base,28,mmd_rbf,0.005821194499731064,128
aim_on_breadcrumbs__calib_reasoning,candidate,general,base,28,projected_js,0.06021483655786142,128
aim_on_breadcrumbs__calib_reasoning,candidate,general,base,29,mmd_rbf,0.005667369347065687,128
aim_on_breadcrumbs__calib_reasoning,candidate,general,base,29,projected_js,0.056719482847256586,128
aim_on_breadcrumbs__calib_reasoning,candidate,general,base,30,mmd_rbf,0.005374911241233349,128
aim_on_breadcrumbs__calib_reasoning,candidate,general,base,30,projected_js,0.05556240148143843,128
aim_on_breadcrumbs__calib_reasoning,candidate,general,base,31,mmd_rbf,0.00515452167019248,128
aim_on_breadcrumbs__calib_reasoning,candidate,general,base,31,projected_js,0.05853126058354974,128
aim_on_breadcrumbs__calib_reasoning,candidate,general,base,32,mmd_rbf,0.0054201590828597546,128
aim_on_breadcrumbs__calib_reasoning,candidate,general,base,32,projected_js,0.05622899887384847,128
aim_on_breadcrumbs__calib_reasoning,candidate,general,base,33,mmd_rbf,0.005640155170112848,128
aim_on_breadcrumbs__calib_reasoning,candidate,general,base,33,projected_js,0.05915237491717562,128
aim_on_breadcrumbs__calib_reasoning,candidate,general,base,34,mmd_rbf,0.00957714393734932,128
aim_on_breadcrumbs__calib_reasoning,candidate,general,base,34,projected_js,0.06383174593793228,128
aim_on_breadcrumbs__calib_reasoning,candidate,general,base,35,mmd_rbf,0.04726738482713699,128
aim_on_breadcrumbs__calib_reasoning,candidate,general,base,35,projected_js,0.09111122682224959,128
aim_on_breadcrumbs__calib_reasoning,candidate,general,instr_only,0,mmd_rbf,0.0033957362174987793,128
aim_on_breadcrumbs__calib_reasoning,candidate,general,instr_only,0,projected_js,0.03165678901132196,128
aim_on_breadcrumbs__calib_reasoning,candidate,general,instr_only,1,mmd_rbf,0.0038316070567816496,128
aim_on_breadcrumbs__calib_reasoning,candidate,general,instr_only,1,projected_js,0.03498887876048684,128
aim_on_breadcrumbs__calib_reasoning,candidate,general,instr_only,2,mmd_rbf,0.003983916249126196,128
aim_on_breadcrumbs__calib_reasoning,candidate,general,instr_only,2,projected_js,0.037640614129486494,128
aim_on_breadcrumbs__calib_reasoning,candidate,general,instr_only,3,mmd_rbf,0.004493264947086573,128
aim_on_breadcrumbs__calib_reasoning,candidate,general,instr_only,3,projected_js,0.042059255196363665,128
aim_on_breadcrumbs__calib_reasoning,candidate,general,instr_only,4,mmd_rbf,0.005283126141875982,128
aim_on_breadcrumbs__calib_reasoning,candidate,general,instr_only,4,projected_js,0.042565090785501525,128
aim_on_breadcrumbs__calib_reasoning,candidate,general,instr_only,5,mmd_rbf,0.005750936456024647,128
aim_on_breadcrumbs__calib_reasoning,candidate,general,instr_only,5,projected_js,0.046891579433577135,128
aim_on_breadcrumbs__calib_reasoning,candidate,general,instr_only,6,mmd_rbf,0.004280506167560816,128
aim_on_breadcrumbs__calib_reasoning,candidate,general,instr_only,6,projected_js,0.04327765497146174,128
aim_on_breadcrumbs__calib_reasoning,candidate,general,instr_only,7,mmd_rbf,0.0035951316822320223,128
aim_on_breadcrumbs__calib_reasoning,candidate,general,instr_only,7,projected_js,0.043531685980269685,128
aim_on_breadcrumbs__calib_reasoning,candidate,general,instr_only,8,mmd_rbf,0.0028752328362315893,128
aim_on_breadcrumbs__calib_reasoning,candidate,general,instr_only,8,projected_js,0.043908374034799635,128
aim_on_breadcrumbs__calib_reasoning,candidate,general,instr_only,9,mmd_rbf,0.0028700418770313263,128
aim_on_breadcrumbs__calib_reasoning,candidate,general,instr_only,9,projected_js,0.049470837198896334,128
aim_on_breadcrumbs__calib_reasoning,candidate,general,instr_only,10,mmd_rbf,0.002855706959962845,128
aim_on_breadcrumbs__calib_reasoning,candidate,general,instr_only,10,projected_js,0.047849130496615544,128
aim_on_breadcrumbs__calib_reasoning,candidate,general,instr_only,11,mmd_rbf,0.0028020732570439577,128
aim_on_breadcrumbs__calib_reasoning,candidate,general,instr_only,11,projected_js,0.04823531399597414,128
aim_on_breadcrumbs__calib_reasoning,candidate,general,instr_only,12,mmd_rbf,0.0029216220136731863,128
aim_on_breadcrumbs__calib_reasoning,candidate,general,instr_only,12,projected_js,0.051443833828670904,128
aim_on_breadcrumbs__calib_reasoning,candidate,general,instr_only,13,mmd_rbf,0.003418136853724718,128
aim_on_breadcrumbs__calib_reasoning,candidate,general,instr_only,13,projected_js,0.05391447659349069,128
aim_on_breadcrumbs__calib_reasoning,candidate,general,instr_only,14,mmd_rbf,0.003370758146047592,128
aim_on_breadcrumbs__calib_reasoning,candidate,general,instr_only,14,projected_js,0.05215278116520494,128
aim_on_breadcrumbs__calib_reasoning,candidate,general,instr_only,15,mmd_rbf,0.003711255267262459,128
aim_on_breadcrumbs__calib_reasoning,candidate,general,instr_only,15,projected_js,0.052492392249405384,128
aim_on_breadcrumbs__calib_reasoning,candidate,general,instr_only,16,mmd_rbf,0.004179447889328003,128
aim_on_breadcrumbs__calib_reasoning,candidate,general,instr_only,16,projected_js,0.05601970697171055,128
aim_on_breadcrumbs__calib_reasoning,candidate,general,instr_only,17,mmd_rbf,0.004441266879439354,128
aim_on_breadcrumbs__calib_reasoning,candidate,general,instr_only,17,projected_js,0.05914257123367861,128
aim_on_breadcrumbs__calib_reasoning,candidate,general,instr_only,18,mmd_rbf,0.0048159281723201275,128
aim_on_breadcrumbs__calib_reasoning,candidate,general,instr_only,18,projected_js,0.05903958485578187,128
aim_on_breadcrumbs__calib_reasoning,candidate,general,instr_only,19,mmd_rbf,0.005051541607826948,128
aim_on_breadcrumbs__calib_reasoning,candidate,general,instr_only,19,projected_js,0.057186408928828314,128
aim_on_breadcrumbs__calib_reasoning,candidate,general,instr_only,20,mmd_rbf,0.005094694904983044,128
aim_on_breadcrumbs__calib_reasoning,candidate,general,instr_only,20,projected_js,0.05451559665380046,128
aim_on_breadcrumbs__calib_reasoning,candidate,general,instr_only,21,mmd_rbf,0.005407214630395174,128
aim_on_breadcrumbs__calib_reasoning,candidate,general,instr_only,21,projected_js,0.059554595180088654,128
aim_on_breadcrumbs__calib_reasoning,candidate,general,instr_only,22,mmd_rbf,0.005629471968859434,128
aim_on_breadcrumbs__calib_reasoning,candidate,general,instr_only,22,projected_js,0.058386777847772464,128
aim_on_breadcrumbs__calib_reasoning,candidate,general,instr_only,23,mmd_rbf,0.005405333824455738,128
aim_on_breadcrumbs__calib_reasoning,candidate,general,instr_only,23,projected_js,0.053255083155818284,128
aim_on_breadcrumbs__calib_reasoning,candidate,general,instr_only,24,mmd_rbf,0.005321353208273649,128
aim_on_breadcrumbs__calib_reasoning,candidate,general,instr_only,24,projected_js,0.05632372140826192,128
aim_on_breadcrumbs__calib_reasoning,candidate,general,instr_only,25,mmd_rbf,0.0051762377843260765,128
aim_on_breadcrumbs__calib_reasoning,candidate,general,instr_only,25,projected_js,0.05699346700566821,128
aim_on_breadcrumbs__calib_reasoning,candidate,general,instr_only,26,mmd_rbf,0.005134126637130976,128
aim_on_breadcrumbs__calib_reasoning,candidate,general,instr_only,26,projected_js,0.05487933577387594,128
aim_on_breadcrumbs__calib_reasoning,candidate,general,instr_only,27,mmd_rbf,0.005071873310953379,128
aim_on_breadcrumbs__calib_reasoning,candidate,general,instr_only,27,projected_js,0.05762374552432448,128
aim_on_breadcrumbs__calib_reasoning,candidate,general,instr_only,28,mmd_rbf,0.004916706588119268,128
aim_on_breadcrumbs__calib_reasoning,candidate,general,instr_only,28,projected_js,0.05516743066255003,128
aim_on_breadcrumbs__calib_reasoning,candidate,general,instr_only,29,mmd_rbf,0.004635214805603027,128
aim_on_breadcrumbs__calib_reasoning,candidate,general,instr_only,29,projected_js,0.054869353713002056,128
aim_on_breadcrumbs__calib_reasoning,candidate,general,instr_only,30,mmd_rbf,0.004428710322827101,128
aim_on_breadcrumbs__calib_reasoning,candidate,general,instr_only,30,projected_js,0.05820412782486528,128
aim_on_breadcrumbs__calib_reasoning,candidate,general,instr_only,31,mmd_rbf,0.0043572429567575455,128
aim_on_breadcrumbs__calib_reasoning,candidate,general,instr_only,31,projected_js,0.052750486647710204,128
aim_on_breadcrumbs__calib_reasoning,candidate,general,instr_only,32,mmd_rbf,0.00463485112413764,128
aim_on_breadcrumbs__calib_reasoning,candidate,general,instr_only,32,projected_js,0.058483630273258314,128
aim_on_breadcrumbs__calib_reasoning,candidate,general,instr_only,33,mmd_rbf,0.004878235049545765,128
aim_on_breadcrumbs__calib_reasoning,candidate,general,instr_only,33,projected_js,0.05619562335778028,128
aim_on_breadcrumbs__calib_reasoning,candidate,general,instr_only,34,mmd_rbf,0.007196283433586359,128
aim_on_breadcrumbs__calib_reasoning,candidate,general,instr_only,34,projected_js,0.06046525534475222,128
aim_on_breadcrumbs__calib_reasoning,candidate,general,instr_only,35,mmd_rbf,0.053644996136426926,128
aim_on_breadcrumbs__calib_reasoning,candidate,general,instr_only,35,projected_js,0.09667967271525413,128
aim_on_breadcrumbs__calib_reasoning,candidate,general,reasoning_only,0,mmd_rbf,0.01360400952398777,128
aim_on_breadcrumbs__calib_reasoning,candidate,general,reasoning_only,0,projected_js,0.05989960610168055,128
aim_on_breadcrumbs__calib_reasoning,candidate,general,reasoning_only,1,mmd_rbf,0.015094694681465626,128
aim_on_breadcrumbs__calib_reasoning,candidate,general,reasoning_only,1,projected_js,0.059992269380018115,128
aim_on_breadcrumbs__calib_reasoning,candidate,general,reasoning_only,2,mmd_rbf,0.020994411781430244,128
aim_on_breadcrumbs__calib_reasoning,candidate,general,reasoning_only,2,projected_js,0.06415847057360224,128
aim_on_breadcrumbs__calib_reasoning,candidate,general,reasoning_only,3,mmd_rbf,0.02408182993531227,128
aim_on_breadcrumbs__calib_reasoning,candidate,general,reasoning_only,3,projected_js,0.07564970786916092,128
aim_on_breadcrumbs__calib_reasoning,candidate,general,reasoning_only,4,mmd_rbf,0.024225926026701927,128
aim_on_breadcrumbs__calib_reasoning,candidate,general,reasoning_only,4,projected_js,0.07397523443796672,128
aim_on_breadcrumbs__calib_reasoning,candidate,general,reasoning_only,5,mmd_rbf,0.02418629080057144,128
aim_on_breadcrumbs__calib_reasoning,candidate,general,reasoning_only,5,projected_js,0.07651290879584849,128
aim_on_breadcrumbs__calib_reasoning,candidate,general,reasoning_only,6,mmd_rbf,0.0169349554926157,128
aim_on_breadcrumbs__calib_reasoning,candidate,general,reasoning_only,6,projected_js,0.06608024603337981,128
aim_on_breadcrumbs__calib_reasoning,candidate,general,reasoning_only,7,mmd_rbf,0.015299635007977486,128
aim_on_breadcrumbs__calib_reasoning,candidate,general,reasoning_only,7,projected_js,0.06558579835109413,128
aim_on_breadcrumbs__calib_reasoning,candidate,general,reasoning_only,8,mmd_rbf,0.011568582616746426,128
aim_on_breadcrumbs__calib_reasoning,candidate,general,reasoning_only,8,projected_js,0.0667198151932098,128
aim_on_breadcrumbs__calib_reasoning,candidate,general,reasoning_only,9,mmd_rbf,0.011006680317223072,128
aim_on_breadcrumbs__calib_reasoning,candidate,general,reasoning_only,9,projected_js,0.06376952934078872,128
aim_on_breadcrumbs__calib_reasoning,candidate,general,reasoning_only,10,mmd_rbf,0.011786423623561859,128
aim_on_breadcrumbs__calib_reasoning,candidate,general,reasoning_only,10,projected_js,0.06328612321522087,128
aim_on_breadcrumbs__calib_reasoning,candidate,general,reasoning_only,11,mmd_rbf,0.010854638181626797,128
aim_on_breadcrumbs__calib_reasoning,candidate,general,reasoning_only,11,projected_js,0.06330973881995305,128
aim_on_breadcrumbs__calib_reasoning,candidate,general,reasoning_only,12,mmd_rbf,0.0111309252679348,128
aim_on_breadcrumbs__calib_reasoning,candidate,general,reasoning_only,12,projected_js,0.06532987055834383,128
aim_on_breadcrumbs__calib_reasoning,candidate,general,reasoning_only,13,mmd_rbf,0.01164109818637371,128
aim_on_breadcrumbs__calib_reasoning,candidate,general,reasoning_only,13,projected_js,0.06455531404935755,128
aim_on_breadcrumbs__calib_reasoning,candidate,general,reasoning_only,14,mmd_rbf,0.011679447256028652,128
aim_on_breadcrumbs__calib_reasoning,candidate,general,reasoning_only,14,projected_js,0.06370847643120214,128
aim_on_breadcrumbs__calib_reasoning,candidate,general,reasoning_only,15,mmd_rbf,0.012389746494591236,128
aim_on_breadcrumbs__calib_reasoning,candidate,general,reasoning_only,15,projected_js,0.06405168218770996,128
aim_on_breadcrumbs__calib_reasoning,candidate,general,reasoning_only,16,mmd_rbf,0.012601024471223354,128
aim_on_breadcrumbs__calib_reasoning,candidate,general,reasoning_only,16,projected_js,0.06726801756303757,128
aim_on_breadcrumbs__calib_reasoning,candidate,general,reasoning_only,17,mmd_rbf,0.012556077912449837,128
aim_on_breadcrumbs__calib_reasoning,candidate,general,reasoning_only,17,projected_js,0.06672148589859717,128
aim_on_breadcrumbs__calib_reasoning,candidate,general,reasoning_only,18,mmd_rbf,0.014135119505226612,128
aim_on_breadcrumbs__calib_reasoning,candidate,general,reasoning_only,18,projected_js,0.06698552193120122,128
aim_on_breadcrumbs__calib_reasoning,candidate,general,reasoning_only,19,mmd_rbf,0.013297947123646736,128
aim_on_breadcrumbs__calib_reasoning,candidate,general,reasoning_only,19,projected_js,0.06475815852172673,128
aim_on_breadcrumbs__calib_reasoning,candidate,general,reasoning_only,20,mmd_rbf,0.013257257640361786,128
aim_on_breadcrumbs__calib_reasoning,candidate,general,reasoning_only,20,projected_js,0.06511576747288927,128
aim_on_breadcrumbs__calib_reasoning,candidate,general,reasoning_only,21,mmd_rbf,0.013825985603034496,128
aim_on_breadcrumbs__calib_reasoning,candidate,general,reasoning_only,21,projected_js,0.0665890407981351,128
aim_on_breadcrumbs__calib_reasoning,candidate,general,reasoning_only,22,mmd_rbf,0.011929021216928959,128
aim_on_breadcrumbs__calib_reasoning,candidate,general,reasoning_only,22,projected_js,0.06430562736932188,128
aim_on_breadcrumbs__calib_reasoning,candidate,general,reasoning_only,23,mmd_rbf,0.009928112849593163,128
aim_on_breadcrumbs__calib_reasoning,candidate,general,reasoning_only,23,projected_js,0.06534147670026869,128
aim_on_breadcrumbs__calib_reasoning,candidate,general,reasoning_only,24,mmd_rbf,0.010362746194005013,128
aim_on_breadcrumbs__calib_reasoning,candidate,general,reasoning_only,24,projected_js,0.06320409622276202,128
aim_on_breadcrumbs__calib_reasoning,candidate,general,reasoning_only,25,mmd_rbf,0.009743561036884785,128
aim_on_breadcrumbs__calib_reasoning,candidate,general,reasoning_only,25,projected_js,0.06288916009361856,128
aim_on_breadcrumbs__calib_reasoning,candidate,general,reasoning_only,26,mmd_rbf,0.009997322224080563,128
aim_on_breadcrumbs__calib_reasoning,candidate,general,reasoning_only,26,projected_js,0.0611318061419297,128
aim_on_breadcrumbs__calib_reasoning,candidate,general,reasoning_only,27,mmd_rbf,0.00961161870509386,128
aim_on_breadcrumbs__calib_reasoning,candidate,general,reasoning_only,27,projected_js,0.06200755320605822,128
aim_on_breadcrumbs__calib_reasoning,candidate,general,reasoning_only,28,mmd_rbf,0.009885220788419247,128
aim_on_breadcrumbs__calib_reasoning,candidate,general,reasoning_only,28,projected_js,0.06201697199139744,128
aim_on_breadcrumbs__calib_reasoning,candidate,general,reasoning_only,29,mmd_rbf,0.00980648584663868,128
aim_on_breadcrumbs__calib_reasoning,candidate,general,reasoning_only,29,projected_js,0.06281293177744374,128
aim_on_breadcrumbs__calib_reasoning,candidate,general,reasoning_only,30,mmd_rbf,0.009704788215458393,128
aim_on_breadcrumbs__calib_reasoning,candidate,general,reasoning_only,30,projected_js,0.05992604966741055,128
aim_on_breadcrumbs__calib_reasoning,candidate,general,reasoning_only,31,mmd_rbf,0.0098063163459301,128
aim_on_breadcrumbs__calib_reasoning,candidate,general,reasoning_only,31,projected_js,0.06325416400795802,128
aim_on_breadcrumbs__calib_reasoning,candidate,general,reasoning_only,32,mmd_rbf,0.009632778353989124,128
aim_on_breadcrumbs__calib_reasoning,candidate,general,reasoning_only,32,projected_js,0.06359606888145208,128
aim_on_breadcrumbs__calib_reasoning,candidate,general,reasoning_only,33,mmd_rbf,0.009079325012862682,128
aim_on_breadcrumbs__calib_reasoning,candidate,general,reasoning_only,33,projected_js,0.06094534299336374,128
aim_on_breadcrumbs__calib_reasoning,candidate,general,reasoning_only,34,mmd_rbf,0.00873623788356781,128
aim_on_breadcrumbs__calib_reasoning,candidate,general,reasoning_only,34,projected_js,0.06148908461909741,128
aim_on_breadcrumbs__calib_reasoning,candidate,general,reasoning_only,35,mmd_rbf,0.020972570404410362,128
aim_on_breadcrumbs__calib_reasoning,candidate,general,reasoning_only,35,projected_js,0.06721765419933945,128
aim_on_breadcrumbs__calib_reasoning,candidate,general,uncensored_only,0,mmd_rbf,0.008844638243317604,128
aim_on_breadcrumbs__calib_reasoning,candidate,general,uncensored_only,0,projected_js,0.04456253042735625,128
aim_on_breadcrumbs__calib_reasoning,candidate,general,uncensored_only,1,mmd_rbf,0.17013798654079437,128
aim_on_breadcrumbs__calib_reasoning,candidate,general,uncensored_only,1,projected_js,0.17870798299554735,128
aim_on_breadcrumbs__calib_reasoning,candidate,general,uncensored_only,2,mmd_rbf,0.14170145988464355,128
aim_on_breadcrumbs__calib_reasoning,candidate,general,uncensored_only,2,projected_js,0.13782901695230976,128
aim_on_breadcrumbs__calib_reasoning,candidate,general,uncensored_only,3,mmd_rbf,0.10672035068273544,128
aim_on_breadcrumbs__calib_reasoning,candidate,general,uncensored_only,3,projected_js,0.12472740421071649,128
aim_on_breadcrumbs__calib_reasoning,candidate,general,uncensored_only,4,mmd_rbf,0.07860888540744781,128
aim_on_breadcrumbs__calib_reasoning,candidate,general,uncensored_only,4,projected_js,0.1133623011992313,128
aim_on_breadcrumbs__calib_reasoning,candidate,general,uncensored_only,5,mmd_rbf,0.05534255504608154,128
aim_on_breadcrumbs__calib_reasoning,candidate,general,uncensored_only,5,projected_js,0.1048882938339375,128
aim_on_breadcrumbs__calib_reasoning,candidate,general,uncensored_only,6,mmd_rbf,0.03128612041473389,128
aim_on_breadcrumbs__calib_reasoning,candidate,general,uncensored_only,6,projected_js,0.08273621514672413,128
aim_on_breadcrumbs__calib_reasoning,candidate,general,uncensored_only,7,mmd_rbf,0.02396179549396038,128
aim_on_breadcrumbs__calib_reasoning,candidate,general,uncensored_only,7,projected_js,0.0749226693296805,128
aim_on_breadcrumbs__calib_reasoning,candidate,general,uncensored_only,8,mmd_rbf,0.015714585781097412,128
aim_on_breadcrumbs__calib_reasoning,candidate,general,uncensored_only,8,projected_js,0.0667101300205104,128
aim_on_breadcrumbs__calib_reasoning,candidate,general,uncensored_only,9,mmd_rbf,0.012880089692771435,128
aim_on_breadcrumbs__calib_reasoning,candidate,general,uncensored_only,9,projected_js,0.06265733615146019,128
aim_on_breadcrumbs__calib_reasoning,candidate,general,uncensored_only,10,mmd_rbf,0.01142940390855074,128
aim_on_breadcrumbs__calib_reasoning,candidate,general,uncensored_only,10,projected_js,0.0635090863215737,128
aim_on_breadcrumbs__calib_reasoning,candidate,general,uncensored_only,11,mmd_rbf,0.009757514111697674,128
aim_on_breadcrumbs__calib_reasoning,candidate,general,uncensored_only,11,projected_js,0.06204981388873421,128
aim_on_breadcrumbs__calib_reasoning,candidate,general,uncensored_only,12,mmd_rbf,0.009600045159459114,128
aim_on_breadcrumbs__calib_reasoning,candidate,general,uncensored_only,12,projected_js,0.06224102035048418,128
aim_on_breadcrumbs__calib_reasoning,candidate,general,uncensored_only,13,mmd_rbf,0.010158263146877289,128
aim_on_breadcrumbs__calib_reasoning,candidate,general,uncensored_only,13,projected_js,0.06049538921797648,128
aim_on_breadcrumbs__calib_reasoning,candidate,general,uncensored_only,14,mmd_rbf,0.010408682748675346,128
aim_on_breadcrumbs__calib_reasoning,candidate,general,uncensored_only,14,projected_js,0.06540805497206748,128
aim_on_breadcrumbs__calib_reasoning,candidate,general,uncensored_only,15,mmd_rbf,0.012966386042535305,128
aim_on_breadcrumbs__calib_reasoning,candidate,general,uncensored_only,15,projected_js,0.06386183804715984,128
aim_on_breadcrumbs__calib_reasoning,candidate,general,uncensored_only,16,mmd_rbf,0.014376378618180752,128
aim_on_breadcrumbs__calib_reasoning,candidate,general,uncensored_only,16,projected_js,0.06863695126958191,128
aim_on_breadcrumbs__calib_reasoning,candidate,general,uncensored_only,17,mmd_rbf,0.013115723617374897,128
aim_on_breadcrumbs__calib_reasoning,candidate,general,uncensored_only,17,projected_js,0.06543322512879968,128
aim_on_breadcrumbs__calib_reasoning,candidate,general,uncensored_only,18,mmd_rbf,0.013644412159919739,128
aim_on_breadcrumbs__calib_reasoning,candidate,general,uncensored_only,18,projected_js,0.07066957477945834,128
aim_on_breadcrumbs__calib_reasoning,candidate,general,uncensored_only,19,mmd_rbf,0.012745308689773083,128
aim_on_breadcrumbs__calib_reasoning,candidate,general,uncensored_only,19,projected_js,0.0662931464612484,128
aim_on_breadcrumbs__calib_reasoning,candidate,general,uncensored_only,20,mmd_rbf,0.012531089596450329,128
aim_on_breadcrumbs__calib_reasoning,candidate,general,uncensored_only,20,projected_js,0.06308189750416204,128
aim_on_breadcrumbs__calib_reasoning,candidate,general,uncensored_only,21,mmd_rbf,0.01374734379351139,128
aim_on_breadcrumbs__calib_reasoning,candidate,general,uncensored_only,21,projected_js,0.07102871831739321,128
aim_on_breadcrumbs__calib_reasoning,candidate,general,uncensored_only,22,mmd_rbf,0.014533977024257183,128
aim_on_breadcrumbs__calib_reasoning,candidate,general,uncensored_only,22,projected_js,0.06672009840258397,128
aim_on_breadcrumbs__calib_reasoning,candidate,general,uncensored_only,23,mmd_rbf,0.013802503235638142,128
aim_on_breadcrumbs__calib_reasoning,candidate,general,uncensored_only,23,projected_js,0.06690979591803625,128
aim_on_breadcrumbs__calib_reasoning,candidate,general,uncensored_only,24,mmd_rbf,0.013949932530522346,128
aim_on_breadcrumbs__calib_reasoning,candidate,general,uncensored_only,24,projected_js,0.06962449100683443,128
aim_on_breadcrumbs__calib_reasoning,candidate,general,uncensored_only,25,mmd_rbf,0.014180773869156837,128
aim_on_breadcrumbs__calib_reasoning,candidate,general,uncensored_only,25,projected_js,0.06762103113578632,128
aim_on_breadcrumbs__calib_reasoning,candidate,general,uncensored_only,26,mmd_rbf,0.014399212785065174,128
aim_on_breadcrumbs__calib_reasoning,candidate,general,uncensored_only,26,projected_js,0.06867151893675327,128
aim_on_breadcrumbs__calib_reasoning,candidate,general,uncensored_only,27,mmd_rbf,0.014367187395691872,128
aim_on_breadcrumbs__calib_reasoning,candidate,general,uncensored_only,27,projected_js,0.06990050169406459,128
aim_on_breadcrumbs__calib_reasoning,candidate,general,uncensored_only,28,mmd_rbf,0.013071494176983833,128
aim_on_breadcrumbs__calib_reasoning,candidate,general,uncensored_only,28,projected_js,0.0706846535904333,128
aim_on_breadcrumbs__calib_reasoning,candidate,general,uncensored_only,29,mmd_rbf,0.012483100406825542,128
aim_on_breadcrumbs__calib_reasoning,candidate,general,uncensored_only,29,projected_js,0.06266311119543388,128
aim_on_breadcrumbs__calib_reasoning,candidate,general,uncensored_only,30,mmd_rbf,0.012383288703858852,128
aim_on_breadcrumbs__calib_reasoning,candidate,general,uncensored_only,30,projected_js,0.0618407892761752,128
aim_on_breadcrumbs__calib_reasoning,candidate,general,uncensored_only,31,mmd_rbf,0.011688150465488434,128
aim_on_breadcrumbs__calib_reasoning,candidate,general,uncensored_only,31,projected_js,0.06286811007885262,128
aim_on_breadcrumbs__calib_reasoning,candidate,general,uncensored_only,32,mmd_rbf,0.011611121706664562,128
aim_on_breadcrumbs__calib_reasoning,candidate,general,uncensored_only,32,projected_js,0.060343069897498935,128
aim_on_breadcrumbs__calib_reasoning,candidate,general,uncensored_only,33,mmd_rbf,0.011848247610032558,128
aim_on_breadcrumbs__calib_reasoning,candidate,general,uncensored_only,33,projected_js,0.06446238013450056,128
aim_on_breadcrumbs__calib_reasoning,candidate,general,uncensored_only,34,mmd_rbf,0.01384822465479374,128
aim_on_breadcrumbs__calib_reasoning,candidate,general,uncensored_only,34,projected_js,0.06520507193636149,128
aim_on_breadcrumbs__calib_reasoning,candidate,general,uncensored_only,35,mmd_rbf,0.06952331215143204,128
aim_on_breadcrumbs__calib_reasoning,candidate,general,uncensored_only,35,projected_js,0.10908747836947441,128
aim_on_breadcrumbs__calib_reasoning,candidate,instruction,base,0,mmd_rbf,0.003923678305000067,128
aim_on_breadcrumbs__calib_reasoning,candidate,instruction,base,0,projected_js,0.04786897552548908,128
aim_on_breadcrumbs__calib_reasoning,candidate,instruction,base,1,mmd_rbf,0.006279903929680586,128
aim_on_breadcrumbs__calib_reasoning,candidate,instruction,base,1,projected_js,0.05238106506294571,128
aim_on_breadcrumbs__calib_reasoning,candidate,instruction,base,2,mmd_rbf,0.008430530317127705,128
aim_on_breadcrumbs__calib_reasoning,candidate,instruction,base,2,projected_js,0.060560499085113406,128
aim_on_breadcrumbs__calib_reasoning,candidate,instruction,base,3,mmd_rbf,0.011313512921333313,128
aim_on_breadcrumbs__calib_reasoning,candidate,instruction,base,3,projected_js,0.06549859812366776,128
aim_on_breadcrumbs__calib_reasoning,candidate,instruction,base,4,mmd_rbf,0.010644525289535522,128
aim_on_breadcrumbs__calib_reasoning,candidate,instruction,base,4,projected_js,0.0622770109330304,128
aim_on_breadcrumbs__calib_reasoning,candidate,instruction,base,5,mmd_rbf,0.011130631901323795,128
aim_on_breadcrumbs__calib_reasoning,candidate,instruction,base,5,projected_js,0.0574919258360751,128
aim_on_breadcrumbs__calib_reasoning,candidate,instruction,base,6,mmd_rbf,0.009889272972941399,128
aim_on_breadcrumbs__calib_reasoning,candidate,instruction,base,6,projected_js,0.06273037247592583,128
aim_on_breadcrumbs__calib_reasoning,candidate,instruction,base,7,mmd_rbf,0.009282450191676617,128
aim_on_breadcrumbs__calib_reasoning,candidate,instruction,base,7,projected_js,0.06325201882282272,128
aim_on_breadcrumbs__calib_reasoning,candidate,instruction,base,8,mmd_rbf,0.00867295078933239,128
aim_on_breadcrumbs__calib_reasoning,candidate,instruction,base,8,projected_js,0.0633070511103142,128
aim_on_breadcrumbs__calib_reasoning,candidate,instruction,base,9,mmd_rbf,0.009517982602119446,128
aim_on_breadcrumbs__calib_reasoning,candidate,instruction,base,9,projected_js,0.06246979668503627,128
aim_on_breadcrumbs__calib_reasoning,candidate,instruction,base,10,mmd_rbf,0.010371069423854351,128
aim_on_breadcrumbs__calib_reasoning,candidate,instruction,base,10,projected_js,0.06566362659214064,128
aim_on_breadcrumbs__calib_reasoning,candidate,instruction,base,11,mmd_rbf,0.010126537643373013,128
aim_on_breadcrumbs__calib_reasoning,candidate,instruction,base,11,projected_js,0.06363120523747057,128
aim_on_breadcrumbs__calib_reasoning,candidate,instruction,base,12,mmd_rbf,0.009952898137271404,128
aim_on_breadcrumbs__calib_reasoning,candidate,instruction,base,12,projected_js,0.06775489513529465,128
aim_on_breadcrumbs__calib_reasoning,candidate,instruction,base,13,mmd_rbf,0.01055329479277134,128
aim_on_breadcrumbs__calib_reasoning,candidate,instruction,base,13,projected_js,0.06816562317544594,128
aim_on_breadcrumbs__calib_reasoning,candidate,instruction,base,14,mmd_rbf,0.010808196850121021,128
aim_on_breadcrumbs__calib_reasoning,candidate,instruction,base,14,projected_js,0.06878669623984024,128
aim_on_breadcrumbs__calib_reasoning,candidate,instruction,base,15,mmd_rbf,0.011584541760385036,128
aim_on_breadcrumbs__calib_reasoning,candidate,instruction,base,15,projected_js,0.07056468148948625,128
aim_on_breadcrumbs__calib_reasoning,candidate,instruction,base,16,mmd_rbf,0.012211738154292107,128
aim_on_breadcrumbs__calib_reasoning,candidate,instruction,base,16,projected_js,0.06751987163443118,128
aim_on_breadcrumbs__calib_reasoning,candidate,instruction,base,17,mmd_rbf,0.012229775078594685,128
aim_on_breadcrumbs__calib_reasoning,candidate,instruction,base,17,projected_js,0.06821488117566332,128
aim_on_breadcrumbs__calib_reasoning,candidate,instruction,base,18,mmd_rbf,0.013145393691956997,128
aim_on_breadcrumbs__calib_reasoning,candidate,instruction,base,18,projected_js,0.07059307559393346,128
aim_on_breadcrumbs__calib_reasoning,candidate,instruction,base,19,mmd_rbf,0.01443948782980442,128
aim_on_breadcrumbs__calib_reasoning,candidate,instruction,base,19,projected_js,0.07157749799080193,128
aim_on_breadcrumbs__calib_reasoning,candidate,instruction,base,20,mmd_rbf,0.014599728398025036,128
aim_on_breadcrumbs__calib_reasoning,candidate,instruction,base,20,projected_js,0.07023039349587634,128
aim_on_breadcrumbs__calib_reasoning,candidate,instruction,base,21,mmd_rbf,0.015283288434147835,128
aim_on_breadcrumbs__calib_reasoning,candidate,instruction,base,21,projected_js,0.07511136669199914,128
aim_on_breadcrumbs__calib_reasoning,candidate,instruction,base,22,mmd_rbf,0.014718162827193737,128
aim_on_breadcrumbs__calib_reasoning,candidate,instruction,base,22,projected_js,0.07157954724971205,128
aim_on_breadcrumbs__calib_reasoning,candidate,instruction,base,23,mmd_rbf,0.01379044633358717,128
aim_on_breadcrumbs__calib_reasoning,candidate,instruction,base,23,projected_js,0.07215151895070449,128
aim_on_breadcrumbs__calib_reasoning,candidate,instruction,base,24,mmd_rbf,0.013033623807132244,128
aim_on_breadcrumbs__calib_reasoning,candidate,instruction,base,24,projected_js,0.06982311478350312,128
aim_on_breadcrumbs__calib_reasoning,candidate,instruction,base,25,mmd_rbf,0.01227492280304432,128
aim_on_breadcrumbs__calib_reasoning,candidate,instruction,base,25,projected_js,0.07176589730079286,128
aim_on_breadcrumbs__calib_reasoning,candidate,instruction,base,26,mmd_rbf,0.011963121592998505,128
aim_on_breadcrumbs__calib_reasoning,candidate,instruction,base,26,projected_js,0.06948050399660133,128
aim_on_breadcrumbs__calib_reasoning,candidate,instruction,base,27,mmd_rbf,0.011625127866864204,128
aim_on_breadcrumbs__calib_reasoning,candidate,instruction,base,27,projected_js,0.06673664855770767,128
aim_on_breadcrumbs__calib_reasoning,candidate,instruction,base,28,mmd_rbf,0.0108278077095747,128
aim_on_breadcrumbs__calib_reasoning,candidate,instruction,base,28,projected_js,0.066134777123807,128
aim_on_breadcrumbs__calib_reasoning,candidate,instruction,base,29,mmd_rbf,0.010271268896758556,128
aim_on_breadcrumbs__calib_reasoning,candidate,instruction,base,29,projected_js,0.06556267250562087,128
aim_on_breadcrumbs__calib_reasoning,candidate,instruction,base,30,mmd_rbf,0.010007189586758614,128
aim_on_breadcrumbs__calib_reasoning,candidate,instruction,base,30,projected_js,0.0666705071926117,128
aim_on_breadcrumbs__calib_reasoning,candidate,instruction,base,31,mmd_rbf,0.009718972258269787,128
aim_on_breadcrumbs__calib_reasoning,candidate,instruction,base,31,projected_js,0.06893226434476674,128
aim_on_breadcrumbs__calib_reasoning,candidate,instruction,base,32,mmd_rbf,0.010006248950958252,128
aim_on_breadcrumbs__calib_reasoning,candidate,instruction,base,32,projected_js,0.06942802577395923,128
aim_on_breadcrumbs__calib_reasoning,candidate,instruction,base,33,mmd_rbf,0.010283083654940128,128
aim_on_breadcrumbs__calib_reasoning,candidate,instruction,base,33,projected_js,0.06854246236616746,128
aim_on_breadcrumbs__calib_reasoning,candidate,instruction,base,34,mmd_rbf,0.014633938670158386,128
aim_on_breadcrumbs__calib_reasoning,candidate,instruction,base,34,projected_js,0.07720633962890133,128
aim_on_breadcrumbs__calib_reasoning,candidate,instruction,base,35,mmd_rbf,0.04090581461787224,128
aim_on_breadcrumbs__calib_reasoning,candidate,instruction,base,35,projected_js,0.09970481344498694,128
aim_on_breadcrumbs__calib_reasoning,candidate,instruction,instr_only,0,mmd_rbf,0.002026122761890292,128
aim_on_breadcrumbs__calib_reasoning,candidate,instruction,instr_only,0,projected_js,0.03527616205974482,128
aim_on_breadcrumbs__calib_reasoning,candidate,instruction,instr_only,1,mmd_rbf,0.0029609084594994783,128
aim_on_breadcrumbs__calib_reasoning,candidate,instruction,instr_only,1,projected_js,0.03721442128880881,128
aim_on_breadcrumbs__calib_reasoning,candidate,instruction,instr_only,2,mmd_rbf,0.00357803120277822,128
aim_on_breadcrumbs__calib_reasoning,candidate,instruction,instr_only,2,projected_js,0.042358233615232166,128
aim_on_breadcrumbs__calib_reasoning,candidate,instruction,instr_only,3,mmd_rbf,0.0037208013236522675,128
aim_on_breadcrumbs__calib_reasoning,candidate,instruction,instr_only,3,projected_js,0.043858723976882175,128
aim_on_breadcrumbs__calib_reasoning,candidate,instruction,instr_only,4,mmd_rbf,0.004252381157130003,128
aim_on_breadcrumbs__calib_reasoning,candidate,instruction,instr_only,4,projected_js,0.04409429695806466,128
aim_on_breadcrumbs__calib_reasoning,candidate,instruction,instr_only,5,mmd_rbf,0.005010060500353575,128
aim_on_breadcrumbs__calib_reasoning,candidate,instruction,instr_only,5,projected_js,0.04652809354593046,128
aim_on_breadcrumbs__calib_reasoning,candidate,instruction,instr_only,6,mmd_rbf,0.003926245961338282,128
aim_on_breadcrumbs__calib_reasoning,candidate,instruction,instr_only,6,projected_js,0.04698751893010922,128
aim_on_breadcrumbs__calib_reasoning,candidate,instruction,instr_only,7,mmd_rbf,0.003446069313213229,128
aim_on_breadcrumbs__calib_reasoning,candidate,instruction,instr_only,7,projected_js,0.04923382741981186,128
aim_on_breadcrumbs__calib_reasoning,candidate,instruction,instr_only,8,mmd_rbf,0.0029385879170149565,128
aim_on_breadcrumbs__calib_reasoning,candidate,instruction,instr_only,8,projected_js,0.047668023966252804,128
aim_on_breadcrumbs__calib_reasoning,candidate,instruction,instr_only,9,mmd_rbf,0.0030300335492938757,128
aim_on_breadcrumbs__calib_reasoning,candidate,instruction,instr_only,9,projected_js,0.0525752414832823,128
aim_on_breadcrumbs__calib_reasoning,candidate,instruction,instr_only,10,mmd_rbf,0.003106942865997553,128
aim_on_breadcrumbs__calib_reasoning,candidate,instruction,instr_only,10,projected_js,0.0540561161324149,128
aim_on_breadcrumbs__calib_reasoning,candidate,instruction,instr_only,11,mmd_rbf,0.0028165511321276426,128
aim_on_breadcrumbs__calib_reasoning,candidate,instruction,instr_only,11,projected_js,0.05722339914063923,128
aim_on_breadcrumbs__calib_reasoning,candidate,instruction,instr_only,12,mmd_rbf,0.0027484670281410217,128
aim_on_breadcrumbs__calib_reasoning,candidate,instruction,instr_only,12,projected_js,0.05455131671624258,128
aim_on_breadcrumbs__calib_reasoning,candidate,instruction,instr_only,13,mmd_rbf,0.002870428143069148,128
aim_on_breadcrumbs__calib_reasoning,candidate,instruction,instr_only,13,projected_js,0.055149856460047886,128
aim_on_breadcrumbs__calib_reasoning,candidate,instruction,instr_only,14,mmd_rbf,0.002825673669576645,128
aim_on_breadcrumbs__calib_reasoning,candidate,instruction,instr_only,14,projected_js,0.05317640650901012,128
aim_on_breadcrumbs__calib_reasoning,candidate,instruction,instr_only,15,mmd_rbf,0.0030027979519218206,128
aim_on_breadcrumbs__calib_reasoning,candidate,instruction,instr_only,15,projected_js,0.06000488839345053,128
aim_on_breadcrumbs__calib_reasoning,candidate,instruction,instr_only,16,mmd_rbf,0.0032060386147350073,128
aim_on_breadcrumbs__calib_reasoning,candidate,instruction,instr_only,16,projected_js,0.05869633794645779,128
aim_on_breadcrumbs__calib_reasoning,candidate,instruction,instr_only,17,mmd_rbf,0.003332216292619705,128
aim_on_breadcrumbs__calib_reasoning,candidate,instruction,instr_only,17,projected_js,0.056703197391470894,128
aim_on_breadcrumbs__calib_reasoning,candidate,instruction,instr_only,18,mmd_rbf,0.003661826718598604,128
aim_on_breadcrumbs__calib_reasoning,candidate,instruction,instr_only,18,projected_js,0.05898728684405796,128
aim_on_breadcrumbs__calib_reasoning,candidate,instruction,instr_only,19,mmd_rbf,0.004103913437575102,128
aim_on_breadcrumbs__calib_reasoning,candidate,instruction,instr_only,19,projected_js,0.0579583014769014,128
aim_on_breadcrumbs__calib_reasoning,candidate,instruction,instr_only,20,mmd_rbf,0.004352249205112457,128
aim_on_breadcrumbs__calib_reasoning,candidate,instruction,instr_only,20,projected_js,0.056380583031568676,128
aim_on_breadcrumbs__calib_reasoning,candidate,instruction,instr_only,21,mmd_rbf,0.005385017488151789,128
aim_on_breadcrumbs__calib_reasoning,candidate,instruction,instr_only,21,projected_js,0.06563685237779282,128
aim_on_breadcrumbs__calib_reasoning,candidate,instruction,instr_only,22,mmd_rbf,0.005818404257297516,128
aim_on_breadcrumbs__calib_reasoning,candidate,instruction,instr_only,22,projected_js,0.06239233474479988,128
aim_on_breadcrumbs__calib_reasoning,candidate,instruction,instr_only,23,mmd_rbf,0.0058961533941328526,128
aim_on_breadcrumbs__calib_reasoning,candidate,instruction,instr_only,23,projected_js,0.06205106285051443,128
aim_on_breadcrumbs__calib_reasoning,candidate,instruction,instr_only,24,mmd_rbf,0.0057488372549414635,128
aim_on_breadcrumbs__calib_reasoning,candidate,instruction,instr_only,24,projected_js,0.06224127853056416,128
aim_on_breadcrumbs__calib_reasoning,candidate,instruction,instr_only,25,mmd_rbf,0.00583314523100853,128
aim_on_breadcrumbs__calib_reasoning,candidate,instruction,instr_only,25,projected_js,0.06420112197520211,128
aim_on_breadcrumbs__calib_reasoning,candidate,instruction,instr_only,26,mmd_rbf,0.005849781911820173,128
aim_on_breadcrumbs__calib_reasoning,candidate,instruction,instr_only,26,projected_js,0.0638394441921264,128
aim_on_breadcrumbs__calib_reasoning,candidate,instruction,instr_only,27,mmd_rbf,0.005803772248327732,128
aim_on_breadcrumbs__calib_reasoning,candidate,instruction,instr_only,27,projected_js,0.06762518611503765,128
aim_on_breadcrumbs__calib_reasoning,candidate,instruction,instr_only,28,mmd_rbf,0.0055250502191483974,128
aim_on_breadcrumbs__calib_reasoning,candidate,instruction,instr_only,28,projected_js,0.06146555230952799,128
aim_on_breadcrumbs__calib_reasoning,candidate,instruction,instr_only,29,mmd_rbf,0.005227177869528532,128
aim_on_breadcrumbs__calib_reasoning,candidate,instruction,instr_only,29,projected_js,0.06131600745720789,128
aim_on_breadcrumbs__calib_reasoning,candidate,instruction,instr_only,30,mmd_rbf,0.005134792532771826,128
aim_on_breadcrumbs__calib_reasoning,candidate,instruction,instr_only,30,projected_js,0.0632957067573443,128
aim_on_breadcrumbs__calib_reasoning,candidate,instruction,instr_only,31,mmd_rbf,0.005009148735553026,128
aim_on_breadcrumbs__calib_reasoning,candidate,instruction,instr_only,31,projected_js,0.06125087128020823,128
aim_on_breadcrumbs__calib_reasoning,candidate,instruction,instr_only,32,mmd_rbf,0.005189030896872282,128
aim_on_breadcrumbs__calib_reasoning,candidate,instruction,instr_only,32,projected_js,0.05949317786144093,128
aim_on_breadcrumbs__calib_reasoning,candidate,instruction,instr_only,33,mmd_rbf,0.005528360139578581,128
aim_on_breadcrumbs__calib_reasoning,candidate,instruction,instr_only,33,projected_js,0.06484790923423134,128
aim_on_breadcrumbs__calib_reasoning,candidate,instruction,instr_only,34,mmd_rbf,0.008167183957993984,128
aim_on_breadcrumbs__calib_reasoning,candidate,instruction,instr_only,34,projected_js,0.06495420378632843,128
aim_on_breadcrumbs__calib_reasoning,candidate,instruction,instr_only,35,mmd_rbf,0.04975534602999687,128
aim_on_breadcrumbs__calib_reasoning,candidate,instruction,instr_only,35,projected_js,0.10717913607368246,128
aim_on_breadcrumbs__calib_reasoning,candidate,instruction,reasoning_only,0,mmd_rbf,0.006554699037224054,128
aim_on_breadcrumbs__calib_reasoning,candidate,instruction,reasoning_only,0,projected_js,0.057896375335985795,128
aim_on_breadcrumbs__calib_reasoning,candidate,instruction,reasoning_only,1,mmd_rbf,0.010208976455032825,128
aim_on_breadcrumbs__calib_reasoning,candidate,instruction,reasoning_only,1,projected_js,0.05692740945960395,128
aim_on_breadcrumbs__calib_reasoning,candidate,instruction,reasoning_only,2,mmd_rbf,0.015913890674710274,128
aim_on_breadcrumbs__calib_reasoning,candidate,instruction,reasoning_only,2,projected_js,0.06453015186707489,128
aim_on_breadcrumbs__calib_reasoning,candidate,instruction,reasoning_only,3,mmd_rbf,0.017740843817591667,128
aim_on_breadcrumbs__calib_reasoning,candidate,instruction,reasoning_only,3,projected_js,0.06822966382605955,128
aim_on_breadcrumbs__calib_reasoning,candidate,instruction,reasoning_only,4,mmd_rbf,0.019407594576478004,128
aim_on_breadcrumbs__calib_reasoning,candidate,instruction,reasoning_only,4,projected_js,0.07345943595282733,128
aim_on_breadcrumbs__calib_reasoning,candidate,instruction,reasoning_only,5,mmd_rbf,0.021818077191710472,128
aim_on_breadcrumbs__calib_reasoning,candidate,instruction,reasoning_only,5,projected_js,0.07460615958552808,128
aim_on_breadcrumbs__calib_reasoning,candidate,instruction,reasoning_only,6,mmd_rbf,0.01674552820622921,128
aim_on_breadcrumbs__calib_reasoning,candidate,instruction,reasoning_only,6,projected_js,0.07392963563324884,128
aim_on_breadcrumbs__calib_reasoning,candidate,instruction,reasoning_only,7,mmd_rbf,0.016480177640914917,128
aim_on_breadcrumbs__calib_reasoning,candidate,instruction,reasoning_only,7,projected_js,0.07643684366485104,128
aim_on_breadcrumbs__calib_reasoning,candidate,instruction,reasoning_only,8,mmd_rbf,0.012899698689579964,128
aim_on_breadcrumbs__calib_reasoning,candidate,instruction,reasoning_only,8,projected_js,0.07071262327372096,128
aim_on_breadcrumbs__calib_reasoning,candidate,instruction,reasoning_only,9,mmd_rbf,0.012626725248992443,128
aim_on_breadcrumbs__calib_reasoning,candidate,instruction,reasoning_only,9,projected_js,0.07088589412160218,128
aim_on_breadcrumbs__calib_reasoning,candidate,instruction,reasoning_only,10,mmd_rbf,0.014387177303433418,128
aim_on_breadcrumbs__calib_reasoning,candidate,instruction,reasoning_only,10,projected_js,0.07371847616741434,128
aim_on_breadcrumbs__calib_reasoning,candidate,instruction,reasoning_only,11,mmd_rbf,0.013909244909882545,128
aim_on_breadcrumbs__calib_reasoning,candidate,instruction,reasoning_only,11,projected_js,0.07192183018196374,128
aim_on_breadcrumbs__calib_reasoning,candidate,instruction,reasoning_only,12,mmd_rbf,0.014756997115910053,128
aim_on_breadcrumbs__calib_reasoning,candidate,instruction,reasoning_only,12,projected_js,0.07491176371695474,128
aim_on_breadcrumbs__calib_reasoning,candidate,instruction,reasoning_only,13,mmd_rbf,0.015512297861278057,128
aim_on_breadcrumbs__calib_reasoning,candidate,instruction,reasoning_only,13,projected_js,0.07631391036557034,128
aim_on_breadcrumbs__calib_reasoning,candidate,instruction,reasoning_only,14,mmd_rbf,0.015382058918476105,128
aim_on_breadcrumbs__calib_reasoning,candidate,instruction,reasoning_only,14,projected_js,0.07417088939109817,128
aim_on_breadcrumbs__calib_reasoning,candidate,instruction,reasoning_only,15,mmd_rbf,0.016352523118257523,128
aim_on_breadcrumbs__calib_reasoning,candidate,instruction,reasoning_only,15,projected_js,0.07555842713918537,128
aim_on_breadcrumbs__calib_reasoning,candidate,instruction,reasoning_only,16,mmd_rbf,0.016590801998972893,128
aim_on_breadcrumbs__calib_reasoning,candidate,instruction,reasoning_only,16,projected_js,0.07515678618801758,128
aim_on_breadcrumbs__calib_reasoning,candidate,instruction,reasoning_only,17,mmd_rbf,0.01669960282742977,128
aim_on_breadcrumbs__calib_reasoning,candidate,instruction,reasoning_only,17,projected_js,0.0717153416480869,128
aim_on_breadcrumbs__calib_reasoning,candidate,instruction,reasoning_only,18,mmd_rbf,0.019025633111596107,128
aim_on_breadcrumbs__calib_reasoning,candidate,instruction,reasoning_only,18,projected_js,0.07368965487694368,128
aim_on_breadcrumbs__calib_reasoning,candidate,instruction,reasoning_only,19,mmd_rbf,0.019672434777021408,128
aim_on_breadcrumbs__calib_reasoning,candidate,instruction,reasoning_only,19,projected_js,0.07591687462991104,128
aim_on_breadcrumbs__calib_reasoning,candidate,instruction,reasoning_only,20,mmd_rbf,0.019727138802409172,128
aim_on_breadcrumbs__calib_reasoning,candidate,instruction,reasoning_only,20,projected_js,0.07629821344744414,128
aim_on_breadcrumbs__calib_reasoning,candidate,instruction,reasoning_only,21,mmd_rbf,0.02027932181954384,128
aim_on_breadcrumbs__calib_reasoning,candidate,instruction,reasoning_only,21,projected_js,0.07813450845424086,128
aim_on_breadcrumbs__calib_reasoning,candidate,instruction,reasoning_only,22,mmd_rbf,0.019403284415602684,128
aim_on_breadcrumbs__calib_reasoning,candidate,instruction,reasoning_only,22,projected_js,0.07823396957246587,128
aim_on_breadcrumbs__calib_reasoning,candidate,instruction,reasoning_only,23,mmd_rbf,0.016851944848895073,128
aim_on_breadcrumbs__calib_reasoning,candidate,instruction,reasoning_only,23,projected_js,0.07806404918665066,128
aim_on_breadcrumbs__calib_reasoning,candidate,instruction,reasoning_only,24,mmd_rbf,0.01792364940047264,128
aim_on_breadcrumbs__calib_reasoning,candidate,instruction,reasoning_only,24,projected_js,0.07689997530542314,128
aim_on_breadcrumbs__calib_reasoning,candidate,instruction,reasoning_only,25,mmd_rbf,0.017183825373649597,128
aim_on_breadcrumbs__calib_reasoning,candidate,instruction,reasoning_only,25,projected_js,0.07490111677907407,128
aim_on_breadcrumbs__calib_reasoning,candidate,instruction,reasoning_only,26,mmd_rbf,0.017899049445986748,128
aim_on_breadcrumbs__calib_reasoning,candidate,instruction,reasoning_only,26,projected_js,0.07614013599231839,128
aim_on_breadcrumbs__calib_reasoning,candidate,instruction,reasoning_only,27,mmd_rbf,0.0177769735455513,128
aim_on_breadcrumbs__calib_reasoning,candidate,instruction,reasoning_only,27,projected_js,0.0736050940467976,128
aim_on_breadcrumbs__calib_reasoning,candidate,instruction,reasoning_only,28,mmd_rbf,0.018282918259501457,128
aim_on_breadcrumbs__calib_reasoning,candidate,instruction,reasoning_only,28,projected_js,0.07830771734006703,128
aim_on_breadcrumbs__calib_reasoning,candidate,instruction,reasoning_only,29,mmd_rbf,0.01783624291419983,128
aim_on_breadcrumbs__calib_reasoning,candidate,instruction,reasoning_only,29,projected_js,0.07644371729111299,128
aim_on_breadcrumbs__calib_reasoning,candidate,instruction,reasoning_only,30,mmd_rbf,0.01857704296708107,128
aim_on_breadcrumbs__calib_reasoning,candidate,instruction,reasoning_only,30,projected_js,0.07732605980709195,128
aim_on_breadcrumbs__calib_reasoning,candidate,instruction,reasoning_only,31,mmd_rbf,0.01858675666153431,128
aim_on_breadcrumbs__calib_reasoning,candidate,instruction,reasoning_only,31,projected_js,0.07634049613261595,128
aim_on_breadcrumbs__calib_reasoning,candidate,instruction,reasoning_only,32,mmd_rbf,0.01804499700665474,128
aim_on_breadcrumbs__calib_reasoning,candidate,instruction,reasoning_only,32,projected_js,0.07486278936266899,128
aim_on_breadcrumbs__calib_reasoning,candidate,instruction,reasoning_only,33,mmd_rbf,0.01643650233745575,128
aim_on_breadcrumbs__calib_reasoning,candidate,instruction,reasoning_only,33,projected_js,0.07510996219934896,128
aim_on_breadcrumbs__calib_reasoning,candidate,instruction,reasoning_only,34,mmd_rbf,0.01610659249126911,128
aim_on_breadcrumbs__calib_reasoning,candidate,instruction,reasoning_only,34,projected_js,0.07278861000668257,128
aim_on_breadcrumbs__calib_reasoning,candidate,instruction,reasoning_only,35,mmd_rbf,0.016841473057866096,128
aim_on_breadcrumbs__calib_reasoning,candidate,instruction,reasoning_only,35,projected_js,0.06785123082227074,128
aim_on_breadcrumbs__calib_reasoning,candidate,instruction,uncensored_only,0,mmd_rbf,0.0060017467476427555,128
aim_on_breadcrumbs__calib_reasoning,candidate,instruction,uncensored_only,0,projected_js,0.0499206920794677,128
aim_on_breadcrumbs__calib_reasoning,candidate,instruction,uncensored_only,1,mmd_rbf,0.13562440872192383,128
aim_on_breadcrumbs__calib_reasoning,candidate,instruction,uncensored_only,1,projected_js,0.16095931793097407,128
aim_on_breadcrumbs__calib_reasoning,candidate,instruction,uncensored_only,2,mmd_rbf,0.12018042057752609,128
aim_on_breadcrumbs__calib_reasoning,candidate,instruction,uncensored_only,2,projected_js,0.1402991550276056,128
aim_on_breadcrumbs__calib_reasoning,candidate,instruction,uncensored_only,3,mmd_rbf,0.08968622982501984,128
aim_on_breadcrumbs__calib_reasoning,candidate,instruction,uncensored_only,3,projected_js,0.11797978257527575,128
aim_on_breadcrumbs__calib_reasoning,candidate,instruction,uncensored_only,4,mmd_rbf,0.06600427627563477,128
aim_on_breadcrumbs__calib_reasoning,candidate,instruction,uncensored_only,4,projected_js,0.11412906198529527,128
aim_on_breadcrumbs__calib_reasoning,candidate,instruction,uncensored_only,5,mmd_rbf,0.04937748610973358,128
aim_on_breadcrumbs__calib_reasoning,candidate,instruction,uncensored_only,5,projected_js,0.09772861044621095,128
aim_on_breadcrumbs__calib_reasoning,candidate,instruction,uncensored_only,6,mmd_rbf,0.029722606763243675,128
aim_on_breadcrumbs__calib_reasoning,candidate,instruction,uncensored_only,6,projected_js,0.0857967755291611,128
aim_on_breadcrumbs__calib_reasoning,candidate,instruction,uncensored_only,7,mmd_rbf,0.024035872891545296,128
aim_on_breadcrumbs__calib_reasoning,candidate,instruction,uncensored_only,7,projected_js,0.08315856190165505,128
aim_on_breadcrumbs__calib_reasoning,candidate,instruction,uncensored_only,8,mmd_rbf,0.016544096171855927,128
aim_on_breadcrumbs__calib_reasoning,candidate,instruction,uncensored_only,8,projected_js,0.07487891992786899,128
aim_on_breadcrumbs__calib_reasoning,candidate,instruction,uncensored_only,9,mmd_rbf,0.013618784956634045,128
aim_on_breadcrumbs__calib_reasoning,candidate,instruction,uncensored_only,9,projected_js,0.06553856981918216,128
aim_on_breadcrumbs__calib_reasoning,candidate,instruction,uncensored_only,10,mmd_rbf,0.012382074259221554,128
aim_on_breadcrumbs__calib_reasoning,candidate,instruction,uncensored_only,10,projected_js,0.06882471800781786,128
aim_on_breadcrumbs__calib_reasoning,candidate,instruction,uncensored_only,11,mmd_rbf,0.01017038431018591,128
aim_on_breadcrumbs__calib_reasoning,candidate,instruction,uncensored_only,11,projected_js,0.06771620822837576,128
aim_on_breadcrumbs__calib_reasoning,candidate,instruction,uncensored_only,12,mmd_rbf,0.01007209625095129,128
aim_on_breadcrumbs__calib_reasoning,candidate,instruction,uncensored_only,12,projected_js,0.06983521772781387,128
aim_on_breadcrumbs__calib_reasoning,candidate,instruction,uncensored_only,13,mmd_rbf,0.010309589095413685,128
aim_on_breadcrumbs__calib_reasoning,candidate,instruction,uncensored_only,13,projected_js,0.06924314971547574,128
aim_on_breadcrumbs__calib_reasoning,candidate,instruction,uncensored_only,14,mmd_rbf,0.011225076392292976,128
aim_on_breadcrumbs__calib_reasoning,candidate,instruction,uncensored_only,14,projected_js,0.0680604525259696,128
aim_on_breadcrumbs__calib_reasoning,candidate,instruction,uncensored_only,15,mmd_rbf,0.013356718234717846,128
aim_on_breadcrumbs__calib_reasoning,candidate,instruction,uncensored_only,15,projected_js,0.07091466133715585,128
aim_on_breadcrumbs__calib_reasoning,candidate,instruction,uncensored_only,16,mmd_rbf,0.014250448904931545,128
aim_on_breadcrumbs__calib_reasoning,candidate,instruction,uncensored_only,16,projected_js,0.06985874887323007,128
aim_on_breadcrumbs__calib_reasoning,candidate,instruction,uncensored_only,17,mmd_rbf,0.01355233695358038,128
aim_on_breadcrumbs__calib_reasoning,candidate,instruction,uncensored_only,17,projected_js,0.06902263639494777,128
aim_on_breadcrumbs__calib_reasoning,candidate,instruction,uncensored_only,18,mmd_rbf,0.013838482089340687,128
aim_on_breadcrumbs__calib_reasoning,candidate,instruction,uncensored_only,18,projected_js,0.07466991944238544,128
aim_on_breadcrumbs__calib_reasoning,candidate,instruction,uncensored_only,19,mmd_rbf,0.013796694576740265,128
aim_on_breadcrumbs__calib_reasoning,candidate,instruction,uncensored_only,19,projected_js,0.0740327270468697,128
aim_on_breadcrumbs__calib_reasoning,candidate,instruction,uncensored_only,20,mmd_rbf,0.0143679054453969,128
aim_on_breadcrumbs__calib_reasoning,candidate,instruction,uncensored_only,20,projected_js,0.07019387686159462,128
aim_on_breadcrumbs__calib_reasoning,candidate,instruction,uncensored_only,21,mmd_rbf,0.01597130298614502,128
aim_on_breadcrumbs__calib_reasoning,candidate,instruction,uncensored_only,21,projected_js,0.07514030486345291,128
aim_on_breadcrumbs__calib_reasoning,candidate,instruction,uncensored_only,22,mmd_rbf,0.017737895250320435,128
aim_on_breadcrumbs__calib_reasoning,candidate,instruction,uncensored_only,22,projected_js,0.07182331482181326,128
aim_on_breadcrumbs__calib_reasoning,candidate,instruction,uncensored_only,23,mmd_rbf,0.01796133629977703,128
aim_on_breadcrumbs__calib_reasoning,candidate,instruction,uncensored_only,23,projected_js,0.07537383952876553,128
aim_on_breadcrumbs__calib_reasoning,candidate,instruction,uncensored_only,24,mmd_rbf,0.019183924421668053,128
aim_on_breadcrumbs__calib_reasoning,candidate,instruction,uncensored_only,24,projected_js,0.07584344706265256,128
aim_on_breadcrumbs__calib_reasoning,candidate,instruction,uncensored_only,25,mmd_rbf,0.019832849502563477,128
aim_on_breadcrumbs__calib_reasoning,candidate,instruction,uncensored_only,25,projected_js,0.0805873871431686,128
aim_on_breadcrumbs__calib_reasoning,candidate,instruction,uncensored_only,26,mmd_rbf,0.02008194662630558,128
aim_on_breadcrumbs__calib_reasoning,candidate,instruction,uncensored_only,26,projected_js,0.08055576891638339,128
aim_on_breadcrumbs__calib_reasoning,candidate,instruction,uncensored_only,27,mmd_rbf,0.019930019974708557,128
aim_on_breadcrumbs__calib_reasoning,candidate,instruction,uncensored_only,27,projected_js,0.07855436799582094,128
aim_on_breadcrumbs__calib_reasoning,candidate,instruction,uncensored_only,28,mmd_rbf,0.01771770790219307,128
aim_on_breadcrumbs__calib_reasoning,candidate,instruction,uncensored_only,28,projected_js,0.07327374431770295,128
aim_on_breadcrumbs__calib_reasoning,candidate,instruction,uncensored_only,29,mmd_rbf,0.016695836558938026,128
aim_on_breadcrumbs__calib_reasoning,candidate,instruction,uncensored_only,29,projected_js,0.07643004792043939,128
aim_on_breadcrumbs__calib_reasoning,candidate,instruction,uncensored_only,30,mmd_rbf,0.016628572717308998,128
aim_on_breadcrumbs__calib_reasoning,candidate,instruction,uncensored_only,30,projected_js,0.06930224190000445,128
aim_on_breadcrumbs__calib_reasoning,candidate,instruction,uncensored_only,31,mmd_rbf,0.015883533284068108,128
aim_on_breadcrumbs__calib_reasoning,candidate,instruction,uncensored_only,31,projected_js,0.07352602062746882,128
aim_on_breadcrumbs__calib_reasoning,candidate,instruction,uncensored_only,32,mmd_rbf,0.015792544931173325,128
aim_on_breadcrumbs__calib_reasoning,candidate,instruction,uncensored_only,32,projected_js,0.06818264606408775,128
aim_on_breadcrumbs__calib_reasoning,candidate,instruction,uncensored_only,33,mmd_rbf,0.015800073742866516,128
aim_on_breadcrumbs__calib_reasoning,candidate,instruction,uncensored_only,33,projected_js,0.07108333357609808,128
aim_on_breadcrumbs__calib_reasoning,candidate,instruction,uncensored_only,34,mmd_rbf,0.0181412510573864,128
aim_on_breadcrumbs__calib_reasoning,candidate,instruction,uncensored_only,34,projected_js,0.07705613374128006,128
aim_on_breadcrumbs__calib_reasoning,candidate,instruction,uncensored_only,35,mmd_rbf,0.05977114662528038,128
aim_on_breadcrumbs__calib_reasoning,candidate,instruction,uncensored_only,35,projected_js,0.10745909524848685,128
aim_on_breadcrumbs__calib_reasoning,candidate,reasoning,base,0,mmd_rbf,0.0025380372535437346,128
aim_on_breadcrumbs__calib_reasoning,candidate,reasoning,base,0,projected_js,0.044911314005730674,128
aim_on_breadcrumbs__calib_reasoning,candidate,reasoning,base,1,mmd_rbf,0.0047114090994000435,128
aim_on_breadcrumbs__calib_reasoning,candidate,reasoning,base,1,projected_js,0.047564408829202875,128
aim_on_breadcrumbs__calib_reasoning,candidate,reasoning,base,2,mmd_rbf,0.006254388485103846,128
aim_on_breadcrumbs__calib_reasoning,candidate,reasoning,base,2,projected_js,0.051606710185296834,128
aim_on_breadcrumbs__calib_reasoning,candidate,reasoning,base,3,mmd_rbf,0.007434926927089691,128
aim_on_breadcrumbs__calib_reasoning,candidate,reasoning,base,3,projected_js,0.05724697551340796,128
aim_on_breadcrumbs__calib_reasoning,candidate,reasoning,base,4,mmd_rbf,0.007523744832724333,128
aim_on_breadcrumbs__calib_reasoning,candidate,reasoning,base,4,projected_js,0.05444942007306963,128
aim_on_breadcrumbs__calib_reasoning,candidate,reasoning,base,5,mmd_rbf,0.006756804883480072,128
aim_on_breadcrumbs__calib_reasoning,candidate,reasoning,base,5,projected_js,0.05348296163720079,128
aim_on_breadcrumbs__calib_reasoning,candidate,reasoning,base,6,mmd_rbf,0.0054204328916966915,128
aim_on_breadcrumbs__calib_reasoning,candidate,reasoning,base,6,projected_js,0.05444986998918466,128
aim_on_breadcrumbs__calib_reasoning,candidate,reasoning,base,7,mmd_rbf,0.005139441695064306,128
aim_on_breadcrumbs__calib_reasoning,candidate,reasoning,base,7,projected_js,0.0551247950643301,128
aim_on_breadcrumbs__calib_reasoning,candidate,reasoning,base,8,mmd_rbf,0.004774065222591162,128
aim_on_breadcrumbs__calib_reasoning,candidate,reasoning,base,8,projected_js,0.05693860078463331,128
aim_on_breadcrumbs__calib_reasoning,candidate,reasoning,base,9,mmd_rbf,0.005131644196808338,128
aim_on_breadcrumbs__calib_reasoning,candidate,reasoning,base,9,projected_js,0.057709737156983465,128
aim_on_breadcrumbs__calib_reasoning,candidate,reasoning,base,10,mmd_rbf,0.005467563401907682,128
aim_on_breadcrumbs__calib_reasoning,candidate,reasoning,base,10,projected_js,0.054264037680695765,128
aim_on_breadcrumbs__calib_reasoning,candidate,reasoning,base,11,mmd_rbf,0.005108133889734745,128
aim_on_breadcrumbs__calib_reasoning,candidate,reasoning,base,11,projected_js,0.05823823426908348,128
aim_on_breadcrumbs__calib_reasoning,candidate,reasoning,base,12,mmd_rbf,0.005276563577353954,128
aim_on_breadcrumbs__calib_reasoning,candidate,reasoning,base,12,projected_js,0.05519658967386931,128
aim_on_breadcrumbs__calib_reasoning,candidate,reasoning,base,13,mmd_rbf,0.00535654416307807,128
aim_on_breadcrumbs__calib_reasoning,candidate,reasoning,base,13,projected_js,0.05955976637778804,128
aim_on_breadcrumbs__calib_reasoning,candidate,reasoning,base,14,mmd_rbf,0.005390057805925608,128
aim_on_breadcrumbs__calib_reasoning,candidate,reasoning,base,14,projected_js,0.05855629837606102,128
aim_on_breadcrumbs__calib_reasoning,candidate,reasoning,base,15,mmd_rbf,0.0056989723816514015,128
aim_on_breadcrumbs__calib_reasoning,candidate,reasoning,base,15,projected_js,0.0573591097490862,128
aim_on_breadcrumbs__calib_reasoning,candidate,reasoning,base,16,mmd_rbf,0.006167886313050985,128
aim_on_breadcrumbs__calib_reasoning,candidate,reasoning,base,16,projected_js,0.05762196908472106,128
aim_on_breadcrumbs__calib_reasoning,candidate,reasoning,base,17,mmd_rbf,0.006022075656801462,128
aim_on_breadcrumbs__calib_reasoning,candidate,reasoning,base,17,projected_js,0.06251401151530445,128
aim_on_breadcrumbs__calib_reasoning,candidate,reasoning,base,18,mmd_rbf,0.006262464914470911,128
aim_on_breadcrumbs__calib_reasoning,candidate,reasoning,base,18,projected_js,0.05786995525704697,128
aim_on_breadcrumbs__calib_reasoning,candidate,reasoning,base,19,mmd_rbf,0.00641497690230608,128
aim_on_breadcrumbs__calib_reasoning,candidate,reasoning,base,19,projected_js,0.06246833055047318,128
aim_on_breadcrumbs__calib_reasoning,candidate,reasoning,base,20,mmd_rbf,0.006247309036552906,128
aim_on_breadcrumbs__calib_reasoning,candidate,reasoning,base,20,projected_js,0.06165297725237906,128
aim_on_breadcrumbs__calib_reasoning,candidate,reasoning,base,21,mmd_rbf,0.006273319013416767,128
aim_on_breadcrumbs__calib_reasoning,candidate,reasoning,base,21,projected_js,0.060094560554716736,128
aim_on_breadcrumbs__calib_reasoning,candidate,reasoning,base,22,mmd_rbf,0.00594322057440877,128
aim_on_breadcrumbs__calib_reasoning,candidate,reasoning,base,22,projected_js,0.060387714474927634,128
aim_on_breadcrumbs__calib_reasoning,candidate,reasoning,base,23,mmd_rbf,0.005920884665101767,128
aim_on_breadcrumbs__calib_reasoning,candidate,reasoning,base,23,projected_js,0.05714953981805593,128
aim_on_breadcrumbs__calib_reasoning,candidate,reasoning,base,24,mmd_rbf,0.005601938348263502,128
aim_on_breadcrumbs__calib_reasoning,candidate,reasoning,base,24,projected_js,0.0568347197258845,128
aim_on_breadcrumbs__calib_reasoning,candidate,reasoning,base,25,mmd_rbf,0.005428133998066187,128
aim_on_breadcrumbs__calib_reasoning,candidate,reasoning,base,25,projected_js,0.061110790411476046,128
aim_on_breadcrumbs__calib_reasoning,candidate,reasoning,base,26,mmd_rbf,0.005423421505838633,128
aim_on_breadcrumbs__calib_reasoning,candidate,reasoning,base,26,projected_js,0.059544244257267565,128
aim_on_breadcrumbs__calib_reasoning,candidate,reasoning,base,27,mmd_rbf,0.005519281141459942,128
aim_on_breadcrumbs__calib_reasoning,candidate,reasoning,base,27,projected_js,0.06027703720610589,128
aim_on_breadcrumbs__calib_reasoning,candidate,reasoning,base,28,mmd_rbf,0.005614787805825472,128
aim_on_breadcrumbs__calib_reasoning,candidate,reasoning,base,28,projected_js,0.06029417138779536,128
aim_on_breadcrumbs__calib_reasoning,candidate,reasoning,base,29,mmd_rbf,0.005807935725897551,128
aim_on_breadcrumbs__calib_reasoning,candidate,reasoning,base,29,projected_js,0.06295786006376147,128
aim_on_breadcrumbs__calib_reasoning,candidate,reasoning,base,30,mmd_rbf,0.005911830812692642,128
aim_on_breadcrumbs__calib_reasoning,candidate,reasoning,base,30,projected_js,0.058170287287794054,128
aim_on_breadcrumbs__calib_reasoning,candidate,reasoning,base,31,mmd_rbf,0.006015789695084095,128
aim_on_breadcrumbs__calib_reasoning,candidate,reasoning,base,31,projected_js,0.061709411325864494,128
aim_on_breadcrumbs__calib_reasoning,candidate,reasoning,base,32,mmd_rbf,0.0063442750833928585,128
aim_on_breadcrumbs__calib_reasoning,candidate,reasoning,base,32,projected_js,0.06009125636774115,128
aim_on_breadcrumbs__calib_reasoning,candidate,reasoning,base,33,mmd_rbf,0.006451357156038284,128
aim_on_breadcrumbs__calib_reasoning,candidate,reasoning,base,33,projected_js,0.06006294128019363,128
aim_on_breadcrumbs__calib_reasoning,candidate,reasoning,base,34,mmd_rbf,0.008391915820538998,128
aim_on_breadcrumbs__calib_reasoning,candidate,reasoning,base,34,projected_js,0.06498230091528967,128
aim_on_breadcrumbs__calib_reasoning,candidate,reasoning,base,35,mmd_rbf,0.02828803099691868,128
aim_on_breadcrumbs__calib_reasoning,candidate,reasoning,base,35,projected_js,0.07536860310938209,128
aim_on_breadcrumbs__calib_reasoning,candidate,reasoning,instr_only,0,mmd_rbf,0.0012065351475030184,128
aim_on_breadcrumbs__calib_reasoning,candidate,reasoning,instr_only,0,projected_js,0.03305223910138011,128
aim_on_breadcrumbs__calib_reasoning,candidate,reasoning,instr_only,1,mmd_rbf,0.0017910301685333252,128
aim_on_breadcrumbs__calib_reasoning,candidate,reasoning,instr_only,1,projected_js,0.03452249494148418,128
aim_on_breadcrumbs__calib_reasoning,candidate,reasoning,instr_only,2,mmd_rbf,0.0022787482012063265,128
aim_on_breadcrumbs__calib_reasoning,candidate,reasoning,instr_only,2,projected_js,0.03871791309211403,128
aim_on_breadcrumbs__calib_reasoning,candidate,reasoning,instr_only,3,mmd_rbf,0.002403846476227045,128
aim_on_breadcrumbs__calib_reasoning,candidate,reasoning,instr_only,3,projected_js,0.03827980058849789,128
aim_on_breadcrumbs__calib_reasoning,candidate,reasoning,instr_only,4,mmd_rbf,0.0024054318200796843,128
aim_on_breadcrumbs__calib_reasoning,candidate,reasoning,instr_only,4,projected_js,0.03983732331835199,128
aim_on_breadcrumbs__calib_reasoning,candidate,reasoning,instr_only,5,mmd_rbf,0.0024956457782536745,128
aim_on_breadcrumbs__calib_reasoning,candidate,reasoning,instr_only,5,projected_js,0.040144278202205896,128
aim_on_breadcrumbs__calib_reasoning,candidate,reasoning,instr_only,6,mmd_rbf,0.0019971400033682585,128
aim_on_breadcrumbs__calib_reasoning,candidate,reasoning,instr_only,6,projected_js,0.04290001536719501,128
aim_on_breadcrumbs__calib_reasoning,candidate,reasoning,instr_only,7,mmd_rbf,0.0019507318502292037,128
aim_on_breadcrumbs__calib_reasoning,candidate,reasoning,instr_only,7,projected_js,0.04559147998224944,128
aim_on_breadcrumbs__calib_reasoning,candidate,reasoning,instr_only,8,mmd_rbf,0.001819091266952455,128
aim_on_breadcrumbs__calib_reasoning,candidate,reasoning,instr_only,8,projected_js,0.046649458206957206,128
aim_on_breadcrumbs__calib_reasoning,candidate,reasoning,instr_only,9,mmd_rbf,0.0018936243141070008,128
aim_on_breadcrumbs__calib_reasoning,candidate,reasoning,instr_only,9,projected_js,0.04951028333744034,128
aim_on_breadcrumbs__calib_reasoning,candidate,reasoning,instr_only,10,mmd_rbf,0.001801620121113956,128
aim_on_breadcrumbs__calib_reasoning,candidate,reasoning,instr_only,10,projected_js,0.04505206650355831,128
aim_on_breadcrumbs__calib_reasoning,candidate,reasoning,instr_only,11,mmd_rbf,0.00162807188462466,128
aim_on_breadcrumbs__calib_reasoning,candidate,reasoning,instr_only,11,projected_js,0.04855023630079813,128
aim_on_breadcrumbs__calib_reasoning,candidate,reasoning,instr_only,12,mmd_rbf,0.0016448416281491518,128
aim_on_breadcrumbs__calib_reasoning,candidate,reasoning,instr_only,12,projected_js,0.047470358869759366,128
aim_on_breadcrumbs__calib_reasoning,candidate,reasoning,instr_only,13,mmd_rbf,0.0017843705136328936,128
aim_on_breadcrumbs__calib_reasoning,candidate,reasoning,instr_only,13,projected_js,0.05099963236716576,128
aim_on_breadcrumbs__calib_reasoning,candidate,reasoning,instr_only,14,mmd_rbf,0.0016943172086030245,128
aim_on_breadcrumbs__calib_reasoning,candidate,reasoning,instr_only,14,projected_js,0.04800964138121344,128
aim_on_breadcrumbs__calib_reasoning,candidate,reasoning,instr_only,15,mmd_rbf,0.0018412399804219604,128
aim_on_breadcrumbs__calib_reasoning,candidate,reasoning,instr_only,15,projected_js,0.05173048886354081,128
aim_on_breadcrumbs__calib_reasoning,candidate,reasoning,instr_only,16,mmd_rbf,0.0019830092787742615,128
aim_on_breadcrumbs__calib_reasoning,candidate,reasoning,instr_only,16,projected_js,0.05165153997950256,128
aim_on_breadcrumbs__calib_reasoning,candidate,reasoning,instr_only,17,mmd_rbf,0.0021039049606770277,128
aim_on_breadcrumbs__calib_reasoning,candidate,reasoning,instr_only,17,projected_js,0.05272367724683136,128
aim_on_breadcrumbs__calib_reasoning,candidate,reasoning,instr_only,18,mmd_rbf,0.002254862105473876,128
aim_on_breadcrumbs__calib_reasoning,candidate,reasoning,instr_only,18,projected_js,0.05173083726549521,128
aim_on_breadcrumbs__calib_reasoning,candidate,reasoning,instr_only,19,mmd_rbf,0.002371891401708126,128
aim_on_breadcrumbs__calib_reasoning,candidate,reasoning,instr_only,19,projected_js,0.05273364737513475,128
aim_on_breadcrumbs__calib_reasoning,candidate,reasoning,instr_only,20,mmd_rbf,0.002375164767727256,128
aim_on_breadcrumbs__calib_reasoning,candidate,reasoning,instr_only,20,projected_js,0.05201319791376591,128
aim_on_breadcrumbs__calib_reasoning,candidate,reasoning,instr_only,21,mmd_rbf,0.00248402520082891,128
aim_on_breadcrumbs__calib_reasoning,candidate,reasoning,instr_only,21,projected_js,0.055955901654670015,128
aim_on_breadcrumbs__calib_reasoning,candidate,reasoning,instr_only,22,mmd_rbf,0.0024932664819061756,128
aim_on_breadcrumbs__calib_reasoning,candidate,reasoning,instr_only,22,projected_js,0.05063548425096087,128
aim_on_breadcrumbs__calib_reasoning,candidate,reasoning,instr_only,23,mmd_rbf,0.002414447022601962,128
aim_on_breadcrumbs__calib_reasoning,candidate,reasoning,instr_only,23,projected_js,0.053175024659140036,128
aim_on_breadcrumbs__calib_reasoning,candidate,reasoning,instr_only,24,mmd_rbf,0.00238744355738163,128
aim_on_breadcrumbs__calib_reasoning,candidate,reasoning,instr_only,24,projected_js,0.05071553372545168,128
aim_on_breadcrumbs__calib_reasoning,candidate,reasoning,instr_only,25,mmd_rbf,0.0023260328453034163,128
aim_on_breadcrumbs__calib_reasoning,candidate,reasoning,instr_only,25,projected_js,0.049712422623997554,128
aim_on_breadcrumbs__calib_reasoning,candidate,reasoning,instr_only,26,mmd_rbf,0.002302126958966255,128
aim_on_breadcrumbs__calib_reasoning,candidate,reasoning,instr_only,26,projected_js,0.05415976152289659,128
aim_on_breadcrumbs__calib_reasoning,candidate,reasoning,instr_only,27,mmd_rbf,0.0023367442190647125,128
aim_on_breadcrumbs__calib_reasoning,candidate,reasoning,instr_only,27,projected_js,0.05696548332343809,128
aim_on_breadcrumbs__calib_reasoning,candidate,reasoning,instr_only,28,mmd_rbf,0.002423905534669757,128
aim_on_breadcrumbs__calib_reasoning,candidate,reasoning,instr_only,28,projected_js,0.05306056121480651,128
aim_on_breadcrumbs__calib_reasoning,candidate,reasoning,instr_only,29,mmd_rbf,0.0023927136790007353,128
aim_on_breadcrumbs__calib_reasoning,candidate,reasoning,instr_only,29,projected_js,0.054752750642364845,128
aim_on_breadcrumbs__calib_reasoning,candidate,reasoning,instr_only,30,mmd_rbf,0.002448249375447631,128
aim_on_breadcrumbs__calib_reasoning,candidate,reasoning,instr_only,30,projected_js,0.04877291640150361,128
aim_on_breadcrumbs__calib_reasoning,candidate,reasoning,instr_only,31,mmd_rbf,0.00255209649913013,128
aim_on_breadcrumbs__calib_reasoning,candidate,reasoning,instr_only,31,projected_js,0.05453773515182547,128
aim_on_breadcrumbs__calib_reasoning,candidate,reasoning,instr_only,32,mmd_rbf,0.0027841569390147924,128
aim_on_breadcrumbs__calib_reasoning,candidate,reasoning,instr_only,32,projected_js,0.05327251603011973,128
aim_on_breadcrumbs__calib_reasoning,candidate,reasoning,instr_only,33,mmd_rbf,0.0031155298929661512,128
aim_on_breadcrumbs__calib_reasoning,candidate,reasoning,instr_only,33,projected_js,0.052306413592305034,128
aim_on_breadcrumbs__calib_reasoning,candidate,reasoning,instr_only,34,mmd_rbf,0.004923755768686533,128
aim_on_breadcrumbs__calib_reasoning,candidate,reasoning,instr_only,34,projected_js,0.05817085283342749,128
aim_on_breadcrumbs__calib_reasoning,candidate,reasoning,instr_only,35,mmd_rbf,0.038438037037849426,128
aim_on_breadcrumbs__calib_reasoning,candidate,reasoning,instr_only,35,projected_js,0.0874520453508012,128
aim_on_breadcrumbs__calib_reasoning,candidate,reasoning,reasoning_only,0,mmd_rbf,0.003921699710190296,128
aim_on_breadcrumbs__calib_reasoning,candidate,reasoning,reasoning_only,0,projected_js,0.04717699286993593,128
aim_on_breadcrumbs__calib_reasoning,candidate,reasoning,reasoning_only,1,mmd_rbf,0.00613385159522295,128
aim_on_breadcrumbs__calib_reasoning,candidate,reasoning,reasoning_only,1,projected_js,0.05143106624018401,128
aim_on_breadcrumbs__calib_reasoning,candidate,reasoning,reasoning_only,2,mmd_rbf,0.011562174186110497,128
aim_on_breadcrumbs__calib_reasoning,candidate,reasoning,reasoning_only,2,projected_js,0.06063138507306576,128
aim_on_breadcrumbs__calib_reasoning,candidate,reasoning,reasoning_only,3,mmd_rbf,0.01406178530305624,128
aim_on_breadcrumbs__calib_reasoning,candidate,reasoning,reasoning_only,3,projected_js,0.06399978057015687,128
aim_on_breadcrumbs__calib_reasoning,candidate,reasoning,reasoning_only,4,mmd_rbf,0.013829904608428478,128
aim_on_breadcrumbs__calib_reasoning,candidate,reasoning,reasoning_only,4,projected_js,0.0667375047923997,128
aim_on_breadcrumbs__calib_reasoning,candidate,reasoning,reasoning_only,5,mmd_rbf,0.01332827191799879,128
aim_on_breadcrumbs__calib_reasoning,candidate,reasoning,reasoning_only,5,projected_js,0.06432467992999591,128
aim_on_breadcrumbs__calib_reasoning,candidate,reasoning,reasoning_only,6,mmd_rbf,0.010198921896517277,128
aim_on_breadcrumbs__calib_reasoning,candidate,reasoning,reasoning_only,6,projected_js,0.06418549074442126,128
aim_on_breadcrumbs__calib_reasoning,candidate,reasoning,reasoning_only,7,mmd_rbf,0.0105900252237916,128
aim_on_breadcrumbs__calib_reasoning,candidate,reasoning,reasoning_only,7,projected_js,0.0632258266559802,128
aim_on_breadcrumbs__calib_reasoning,candidate,reasoning,reasoning_only,8,mmd_rbf,0.009211583994328976,128
aim_on_breadcrumbs__calib_reasoning,candidate,reasoning,reasoning_only,8,projected_js,0.06485975760733709,128
aim_on_breadcrumbs__calib_reasoning,candidate,reasoning,reasoning_only,9,mmd_rbf,0.009364210069179535,128
aim_on_breadcrumbs__calib_reasoning,candidate,reasoning,reasoning_only,9,projected_js,0.06002609245479107,128
aim_on_breadcrumbs__calib_reasoning,candidate,reasoning,reasoning_only,10,mmd_rbf,0.010325945913791656,128
aim_on_breadcrumbs__calib_reasoning,candidate,reasoning,reasoning_only,10,projected_js,0.06541459946311079,128
aim_on_breadcrumbs__calib_reasoning,candidate,reasoning,reasoning_only,11,mmd_rbf,0.00986232329159975,128
aim_on_breadcrumbs__calib_reasoning,candidate,reasoning,reasoning_only,11,projected_js,0.06119251577183604,128
aim_on_breadcrumbs__calib_reasoning,candidate,reasoning,reasoning_only,12,mmd_rbf,0.010038492269814014,128
aim_on_breadcrumbs__calib_reasoning,candidate,reasoning,reasoning_only,12,projected_js,0.06261534246732481,128
aim_on_breadcrumbs__calib_reasoning,candidate,reasoning,reasoning_only,13,mmd_rbf,0.01037252601236105,128
aim_on_breadcrumbs__calib_reasoning,candidate,reasoning,reasoning_only,13,projected_js,0.06729358559823595,128
aim_on_breadcrumbs__calib_reasoning,candidate,reasoning,reasoning_only,14,mmd_rbf,0.010324674658477306,128
aim_on_breadcrumbs__calib_reasoning,candidate,reasoning,reasoning_only,14,projected_js,0.06037829283741303,128
aim_on_breadcrumbs__calib_reasoning,candidate,reasoning,reasoning_only,15,mmd_rbf,0.01123819686472416,128
aim_on_breadcrumbs__calib_reasoning,candidate,reasoning,reasoning_only,15,projected_js,0.06490118207875639,128
aim_on_breadcrumbs__calib_reasoning,candidate,reasoning,reasoning_only,16,mmd_rbf,0.011684509925544262,128
aim_on_breadcrumbs__calib_reasoning,candidate,reasoning,reasoning_only,16,projected_js,0.06668618865660392,128
aim_on_breadcrumbs__calib_reasoning,candidate,reasoning,reasoning_only,17,mmd_rbf,0.011639161966741085,128
aim_on_breadcrumbs__calib_reasoning,candidate,reasoning,reasoning_only,17,projected_js,0.06415115343406796,128
aim_on_breadcrumbs__calib_reasoning,candidate,reasoning,reasoning_only,18,mmd_rbf,0.013168138451874256,128
aim_on_breadcrumbs__calib_reasoning,candidate,reasoning,reasoning_only,18,projected_js,0.06700556841678917,128
aim_on_breadcrumbs__calib_reasoning,candidate,reasoning,reasoning_only,19,mmd_rbf,0.012631597928702831,128
aim_on_breadcrumbs__calib_reasoning,candidate,reasoning,reasoning_only,19,projected_js,0.06735306227346882,128
aim_on_breadcrumbs__calib_reasoning,candidate,reasoning,reasoning_only,20,mmd_rbf,0.012190758250653744,128
aim_on_breadcrumbs__calib_reasoning,candidate,reasoning,reasoning_only,20,projected_js,0.06722241756506264,128
aim_on_breadcrumbs__calib_reasoning,candidate,reasoning,reasoning_only,21,mmd_rbf,0.012476039119064808,128
aim_on_breadcrumbs__calib_reasoning,candidate,reasoning,reasoning_only,21,projected_js,0.06367865257197991,128
aim_on_breadcrumbs__calib_reasoning,candidate,reasoning,reasoning_only,22,mmd_rbf,0.010761335492134094,128
aim_on_breadcrumbs__calib_reasoning,candidate,reasoning,reasoning_only,22,projected_js,0.06215603038435802,128
aim_on_breadcrumbs__calib_reasoning,candidate,reasoning,reasoning_only,23,mmd_rbf,0.008850486017763615,128
aim_on_breadcrumbs__calib_reasoning,candidate,reasoning,reasoning_only,23,projected_js,0.06009685416938737,128
aim_on_breadcrumbs__calib_reasoning,candidate,reasoning,reasoning_only,24,mmd_rbf,0.008483663201332092,128
aim_on_breadcrumbs__calib_reasoning,candidate,reasoning,reasoning_only,24,projected_js,0.06076470040716231,128
aim_on_breadcrumbs__calib_reasoning,candidate,reasoning,reasoning_only,25,mmd_rbf,0.007458639796823263,128
aim_on_breadcrumbs__calib_reasoning,candidate,reasoning,reasoning_only,25,projected_js,0.05862292929668911,128
aim_on_breadcrumbs__calib_reasoning,candidate,reasoning,reasoning_only,26,mmd_rbf,0.007070986088365316,128
aim_on_breadcrumbs__calib_reasoning,candidate,reasoning,reasoning_only,26,projected_js,0.062067905615549535,128
aim_on_breadcrumbs__calib_reasoning,candidate,reasoning,reasoning_only,27,mmd_rbf,0.006930665113031864,128
aim_on_breadcrumbs__calib_reasoning,candidate,reasoning,reasoning_only,27,projected_js,0.06211142902611755,128
aim_on_breadcrumbs__calib_reasoning,candidate,reasoning,reasoning_only,28,mmd_rbf,0.007220097817480564,128
aim_on_breadcrumbs__calib_reasoning,candidate,reasoning,reasoning_only,28,projected_js,0.06082291703205556,128
aim_on_breadcrumbs__calib_reasoning,candidate,reasoning,reasoning_only,29,mmd_rbf,0.007237687241286039,128
aim_on_breadcrumbs__calib_reasoning,candidate,reasoning,reasoning_only,29,projected_js,0.06283448118483648,128
aim_on_breadcrumbs__calib_reasoning,candidate,reasoning,reasoning_only,30,mmd_rbf,0.00768458703532815,128
aim_on_breadcrumbs__calib_reasoning,candidate,reasoning,reasoning_only,30,projected_js,0.06459089842974208,128
aim_on_breadcrumbs__calib_reasoning,candidate,reasoning,reasoning_only,31,mmd_rbf,0.008070556446909904,128
aim_on_breadcrumbs__calib_reasoning,candidate,reasoning,reasoning_only,31,projected_js,0.0640436050016433,128
aim_on_breadcrumbs__calib_reasoning,candidate,reasoning,reasoning_only,32,mmd_rbf,0.008086574263870716,128
aim_on_breadcrumbs__calib_reasoning,candidate,reasoning,reasoning_only,32,projected_js,0.06292626151116565,128
aim_on_breadcrumbs__calib_reasoning,candidate,reasoning,reasoning_only,33,mmd_rbf,0.008118323981761932,128
aim_on_breadcrumbs__calib_reasoning,candidate,reasoning,reasoning_only,33,projected_js,0.062190669181291014,128
aim_on_breadcrumbs__calib_reasoning,candidate,reasoning,reasoning_only,34,mmd_rbf,0.008385135792195797,128
aim_on_breadcrumbs__calib_reasoning,candidate,reasoning,reasoning_only,34,projected_js,0.06297222495777532,128
aim_on_breadcrumbs__calib_reasoning,candidate,reasoning,reasoning_only,35,mmd_rbf,0.020694483071565628,128
aim_on_breadcrumbs__calib_reasoning,candidate,reasoning,reasoning_only,35,projected_js,0.07179597855429165,128
aim_on_breadcrumbs__calib_reasoning,candidate,reasoning,uncensored_only,0,mmd_rbf,0.0033333003520965576,128
aim_on_breadcrumbs__calib_reasoning,candidate,reasoning,uncensored_only,0,projected_js,0.03946787527820561,128
aim_on_breadcrumbs__calib_reasoning,candidate,reasoning,uncensored_only,1,mmd_rbf,0.08521156758069992,128
aim_on_breadcrumbs__calib_reasoning,candidate,reasoning,uncensored_only,1,projected_js,0.1208208889584057,128
aim_on_breadcrumbs__calib_reasoning,candidate,reasoning,uncensored_only,2,mmd_rbf,0.08024197071790695,128
aim_on_breadcrumbs__calib_reasoning,candidate,reasoning,uncensored_only,2,projected_js,0.11051278084050864,128
aim_on_breadcrumbs__calib_reasoning,candidate,reasoning,uncensored_only,3,mmd_rbf,0.06100580841302872,128
aim_on_breadcrumbs__calib_reasoning,candidate,reasoning,uncensored_only,3,projected_js,0.09953338175546378,128
aim_on_breadcrumbs__calib_reasoning,candidate,reasoning,uncensored_only,4,mmd_rbf,0.041327256709337234,128
aim_on_breadcrumbs__calib_reasoning,candidate,reasoning,uncensored_only,4,projected_js,0.09437566419364884,128
aim_on_breadcrumbs__calib_reasoning,candidate,reasoning,uncensored_only,5,mmd_rbf,0.02725072018802166,128
aim_on_breadcrumbs__calib_reasoning,candidate,reasoning,uncensored_only,5,projected_js,0.08278783946298063,128
aim_on_breadcrumbs__calib_reasoning,candidate,reasoning,uncensored_only,6,mmd_rbf,0.016243817284703255,128
aim_on_breadcrumbs__calib_reasoning,candidate,reasoning,uncensored_only,6,projected_js,0.06964225228875875,128
aim_on_breadcrumbs__calib_reasoning,candidate,reasoning,uncensored_only,7,mmd_rbf,0.014452151022851467,128
aim_on_breadcrumbs__calib_reasoning,candidate,reasoning,uncensored_only,7,projected_js,0.06752637471072376,128
aim_on_breadcrumbs__calib_reasoning,candidate,reasoning,uncensored_only,8,mmd_rbf,0.011220782995223999,128
aim_on_breadcrumbs__calib_reasoning,candidate,reasoning,uncensored_only,8,projected_js,0.06397691764868796,128
aim_on_breadcrumbs__calib_reasoning,candidate,reasoning,uncensored_only,9,mmd_rbf,0.009460428729653358,128
aim_on_breadcrumbs__calib_reasoning,candidate,reasoning,uncensored_only,9,projected_js,0.060753503552405164,128
aim_on_breadcrumbs__calib_reasoning,candidate,reasoning,uncensored_only,10,mmd_rbf,0.008466586470603943,128
aim_on_breadcrumbs__calib_reasoning,candidate,reasoning,uncensored_only,10,projected_js,0.05976112064672634,128
aim_on_breadcrumbs__calib_reasoning,candidate,reasoning,uncensored_only,11,mmd_rbf,0.007156834006309509,128
aim_on_breadcrumbs__calib_reasoning,candidate,reasoning,uncensored_only,11,projected_js,0.0623129986342974,128
aim_on_breadcrumbs__calib_reasoning,candidate,reasoning,uncensored_only,12,mmd_rbf,0.007158114109188318,128
aim_on_breadcrumbs__calib_reasoning,candidate,reasoning,uncensored_only,12,projected_js,0.05838860748917796,128
aim_on_breadcrumbs__calib_reasoning,candidate,reasoning,uncensored_only,13,mmd_rbf,0.007346928119659424,128
aim_on_breadcrumbs__calib_reasoning,candidate,reasoning,uncensored_only,13,projected_js,0.062733719649259,128
aim_on_breadcrumbs__calib_reasoning,candidate,reasoning,uncensored_only,14,mmd_rbf,0.007992642931640148,128
aim_on_breadcrumbs__calib_reasoning,candidate,reasoning,uncensored_only,14,projected_js,0.061096914316294715,128
aim_on_breadcrumbs__calib_reasoning,candidate,reasoning,uncensored_only,15,mmd_rbf,0.00973761361092329,128
aim_on_breadcrumbs__calib_reasoning,candidate,reasoning,uncensored_only,15,projected_js,0.06365985999582335,128
aim_on_breadcrumbs__calib_reasoning,candidate,reasoning,uncensored_only,16,mmd_rbf,0.010557438246905804,128
aim_on_breadcrumbs__calib_reasoning,candidate,reasoning,uncensored_only,16,projected_js,0.06409146278747357,128
aim_on_breadcrumbs__calib_reasoning,candidate,reasoning,uncensored_only,17,mmd_rbf,0.010185802355408669,128
aim_on_breadcrumbs__calib_reasoning,candidate,reasoning,uncensored_only,17,projected_js,0.05968620668863878,128
aim_on_breadcrumbs__calib_reasoning,candidate,reasoning,uncensored_only,18,mmd_rbf,0.010322244837880135,128
aim_on_breadcrumbs__calib_reasoning,candidate,reasoning,uncensored_only,18,projected_js,0.06438452581642196,128
aim_on_breadcrumbs__calib_reasoning,candidate,reasoning,uncensored_only,19,mmd_rbf,0.010294984094798565,128
aim_on_breadcrumbs__calib_reasoning,candidate,reasoning,uncensored_only,19,projected_js,0.06334767048247159,128
aim_on_breadcrumbs__calib_reasoning,candidate,reasoning,uncensored_only,20,mmd_rbf,0.010466285049915314,128
aim_on_breadcrumbs__calib_reasoning,candidate,reasoning,uncensored_only,20,projected_js,0.06650406657718122,128
aim_on_breadcrumbs__calib_reasoning,candidate,reasoning,uncensored_only,21,mmd_rbf,0.011301719583570957,128
aim_on_breadcrumbs__calib_reasoning,candidate,reasoning,uncensored_only,21,projected_js,0.06358521938091144,128
aim_on_breadcrumbs__calib_reasoning,candidate,reasoning,uncensored_only,22,mmd_rbf,0.011818154715001583,128
aim_on_breadcrumbs__calib_reasoning,candidate,reasoning,uncensored_only,22,projected_js,0.06460961536504328,128
aim_on_breadcrumbs__calib_reasoning,candidate,reasoning,uncensored_only,23,mmd_rbf,0.011402379721403122,128
aim_on_breadcrumbs__calib_reasoning,candidate,reasoning,uncensored_only,23,projected_js,0.06211754441028461,128
aim_on_breadcrumbs__calib_reasoning,candidate,reasoning,uncensored_only,24,mmd_rbf,0.011043909937143326,128
aim_on_breadcrumbs__calib_reasoning,candidate,reasoning,uncensored_only,24,projected_js,0.065728644374758,128
aim_on_breadcrumbs__calib_reasoning,candidate,reasoning,uncensored_only,25,mmd_rbf,0.011060885153710842,128
aim_on_breadcrumbs__calib_reasoning,candidate,reasoning,uncensored_only,25,projected_js,0.06751329690450802,128
aim_on_breadcrumbs__calib_reasoning,candidate,reasoning,uncensored_only,26,mmd_rbf,0.010819322429597378,128
aim_on_breadcrumbs__calib_reasoning,candidate,reasoning,uncensored_only,26,projected_js,0.06815165269654244,128
aim_on_breadcrumbs__calib_reasoning,candidate,reasoning,uncensored_only,27,mmd_rbf,0.010880917310714722,128
aim_on_breadcrumbs__calib_reasoning,candidate,reasoning,uncensored_only,27,projected_js,0.06969319243216887,128
aim_on_breadcrumbs__calib_reasoning,candidate,reasoning,uncensored_only,28,mmd_rbf,0.01035290863364935,128
aim_on_breadcrumbs__calib_reasoning,candidate,reasoning,uncensored_only,28,projected_js,0.0665067260270007,128
aim_on_breadcrumbs__calib_reasoning,candidate,reasoning,uncensored_only,29,mmd_rbf,0.010324634611606598,128
aim_on_breadcrumbs__calib_reasoning,candidate,reasoning,uncensored_only,29,projected_js,0.06485950876958668,128
aim_on_breadcrumbs__calib_reasoning,candidate,reasoning,uncensored_only,30,mmd_rbf,0.010539417155086994,128
aim_on_breadcrumbs__calib_reasoning,candidate,reasoning,uncensored_only,30,projected_js,0.06354241824010387,128
aim_on_breadcrumbs__calib_reasoning,candidate,reasoning,uncensored_only,31,mmd_rbf,0.010364329442381859,128
aim_on_breadcrumbs__calib_reasoning,candidate,reasoning,uncensored_only,31,projected_js,0.06546168486238457,128
aim_on_breadcrumbs__calib_reasoning,candidate,reasoning,uncensored_only,32,mmd_rbf,0.010703625157475471,128
aim_on_breadcrumbs__calib_reasoning,candidate,reasoning,uncensored_only,32,projected_js,0.0635415538563393,128
aim_on_breadcrumbs__calib_reasoning,candidate,reasoning,uncensored_only,33,mmd_rbf,0.011105512268841267,128
aim_on_breadcrumbs__calib_reasoning,candidate,reasoning,uncensored_only,33,projected_js,0.06196036440087482,128
aim_on_breadcrumbs__calib_reasoning,candidate,reasoning,uncensored_only,34,mmd_rbf,0.01271276455372572,128
aim_on_breadcrumbs__calib_reasoning,candidate,reasoning,uncensored_only,34,projected_js,0.06887509935768321,128
aim_on_breadcrumbs__calib_reasoning,candidate,reasoning,uncensored_only,35,mmd_rbf,0.04599592089653015,128
aim_on_breadcrumbs__calib_reasoning,candidate,reasoning,uncensored_only,35,projected_js,0.09164150236756541,128
aim_on_breadcrumbs__calib_reasoning,candidate,uncensored_refusal_like,base,0,mmd_rbf,0.010911243967711926,128
aim_on_breadcrumbs__calib_reasoning,candidate,uncensored_refusal_like,base,0,projected_js,0.057572490186430514,128
aim_on_breadcrumbs__calib_reasoning,candidate,uncensored_refusal_like,base,1,mmd_rbf,0.014554894529283047,128
aim_on_breadcrumbs__calib_reasoning,candidate,uncensored_refusal_like,base,1,projected_js,0.06663734174799174,128
aim_on_breadcrumbs__calib_reasoning,candidate,uncensored_refusal_like,base,2,mmd_rbf,0.018608836457133293,128
aim_on_breadcrumbs__calib_reasoning,candidate,uncensored_refusal_like,base,2,projected_js,0.07039906847057864,128
aim_on_breadcrumbs__calib_reasoning,candidate,uncensored_refusal_like,base,3,mmd_rbf,0.0321713350713253,128
aim_on_breadcrumbs__calib_reasoning,candidate,uncensored_refusal_like,base,3,projected_js,0.0945802993956022,128
aim_on_breadcrumbs__calib_reasoning,candidate,uncensored_refusal_like,base,4,mmd_rbf,0.03069433569908142,128
aim_on_breadcrumbs__calib_reasoning,candidate,uncensored_refusal_like,base,4,projected_js,0.08977648080326617,128
aim_on_breadcrumbs__calib_reasoning,candidate,uncensored_refusal_like,base,5,mmd_rbf,0.03169165179133415,128
aim_on_breadcrumbs__calib_reasoning,candidate,uncensored_refusal_like,base,5,projected_js,0.08416472215321846,128
aim_on_breadcrumbs__calib_reasoning,candidate,uncensored_refusal_like,base,6,mmd_rbf,0.028254061937332153,128
aim_on_breadcrumbs__calib_reasoning,candidate,uncensored_refusal_like,base,6,projected_js,0.07749598007649183,128
aim_on_breadcrumbs__calib_reasoning,candidate,uncensored_refusal_like,base,7,mmd_rbf,0.025196297094225883,128
aim_on_breadcrumbs__calib_reasoning,candidate,uncensored_refusal_like,base,7,projected_js,0.06999195396201685,128
aim_on_breadcrumbs__calib_reasoning,candidate,uncensored_refusal_like,base,8,mmd_rbf,0.0227517057210207,128
aim_on_breadcrumbs__calib_reasoning,candidate,uncensored_refusal_like,base,8,projected_js,0.07623998931376263,128
aim_on_breadcrumbs__calib_reasoning,candidate,uncensored_refusal_like,base,9,mmd_rbf,0.02572965994477272,128
aim_on_breadcrumbs__calib_reasoning,candidate,uncensored_refusal_like,base,9,projected_js,0.07687947194790468,128
aim_on_breadcrumbs__calib_reasoning,candidate,uncensored_refusal_like,base,10,mmd_rbf,0.02793218567967415,128
aim_on_breadcrumbs__calib_reasoning,candidate,uncensored_refusal_like,base,10,projected_js,0.08052263094577938,128
aim_on_breadcrumbs__calib_reasoning,candidate,uncensored_refusal_like,base,11,mmd_rbf,0.030075032263994217,128
aim_on_breadcrumbs__calib_reasoning,candidate,uncensored_refusal_like,base,11,projected_js,0.08332663151668385,128
aim_on_breadcrumbs__calib_reasoning,candidate,uncensored_refusal_like,base,12,mmd_rbf,0.03391244634985924,128
aim_on_breadcrumbs__calib_reasoning,candidate,uncensored_refusal_like,base,12,projected_js,0.0855028411897365,128
aim_on_breadcrumbs__calib_reasoning,candidate,uncensored_refusal_like,base,13,mmd_rbf,0.03764035180211067,128
aim_on_breadcrumbs__calib_reasoning,candidate,uncensored_refusal_like,base,13,projected_js,0.09051420009927824,128
aim_on_breadcrumbs__calib_reasoning,candidate,uncensored_refusal_like,base,14,mmd_rbf,0.03847511485219002,128
aim_on_breadcrumbs__calib_reasoning,candidate,uncensored_refusal_like,base,14,projected_js,0.08671879157191142,128
aim_on_breadcrumbs__calib_reasoning,candidate,uncensored_refusal_like,base,15,mmd_rbf,0.039404191076755524,128
aim_on_breadcrumbs__calib_reasoning,candidate,uncensored_refusal_like,base,15,projected_js,0.08207808708539233,128
aim_on_breadcrumbs__calib_reasoning,candidate,uncensored_refusal_like,base,16,mmd_rbf,0.03945332020521164,128
aim_on_breadcrumbs__calib_reasoning,candidate,uncensored_refusal_like,base,16,projected_js,0.08410021179588512,128
aim_on_breadcrumbs__calib_reasoning,candidate,uncensored_refusal_like,base,17,mmd_rbf,0.04050461947917938,128
aim_on_breadcrumbs__calib_reasoning,candidate,uncensored_refusal_like,base,17,projected_js,0.08477842918364331,128
aim_on_breadcrumbs__calib_reasoning,candidate,uncensored_refusal_like,base,18,mmd_rbf,0.041567374020814896,128
aim_on_breadcrumbs__calib_reasoning,candidate,uncensored_refusal_like,base,18,projected_js,0.09072217909852043,128
aim_on_breadcrumbs__calib_reasoning,candidate,uncensored_refusal_like,base,19,mmd_rbf,0.04139150679111481,128
aim_on_breadcrumbs__calib_reasoning,candidate,uncensored_refusal_like,base,19,projected_js,0.08924213907448575,128
aim_on_breadcrumbs__calib_reasoning,candidate,uncensored_refusal_like,base,20,mmd_rbf,0.04815712198615074,128
aim_on_breadcrumbs__calib_reasoning,candidate,uncensored_refusal_like,base,20,projected_js,0.09476161800557747,128
aim_on_breadcrumbs__calib_reasoning,candidate,uncensored_refusal_like,base,21,mmd_rbf,0.05079375579953194,128
aim_on_breadcrumbs__calib_reasoning,candidate,uncensored_refusal_like,base,21,projected_js,0.08729190903250128,128
aim_on_breadcrumbs__calib_reasoning,candidate,uncensored_refusal_like,base,22,mmd_rbf,0.0530799999833107,128
aim_on_breadcrumbs__calib_reasoning,candidate,uncensored_refusal_like,base,22,projected_js,0.09672824101289734,128
aim_on_breadcrumbs__calib_reasoning,candidate,uncensored_refusal_like,base,23,mmd_rbf,0.05258458852767944,128
aim_on_breadcrumbs__calib_reasoning,candidate,uncensored_refusal_like,base,23,projected_js,0.09563656034879386,128
aim_on_breadcrumbs__calib_reasoning,candidate,uncensored_refusal_like,base,24,mmd_rbf,0.0515979640185833,128
aim_on_breadcrumbs__calib_reasoning,candidate,uncensored_refusal_like,base,24,projected_js,0.10378798400051892,128
aim_on_breadcrumbs__calib_reasoning,candidate,uncensored_refusal_like,base,25,mmd_rbf,0.05024930462241173,128
aim_on_breadcrumbs__calib_reasoning,candidate,uncensored_refusal_like,base,25,projected_js,0.09537327394355088,128
aim_on_breadcrumbs__calib_reasoning,candidate,uncensored_refusal_like,base,26,mmd_rbf,0.050422705709934235,128
aim_on_breadcrumbs__calib_reasoning,candidate,uncensored_refusal_like,base,26,projected_js,0.09832222282420844,128
aim_on_breadcrumbs__calib_reasoning,candidate,uncensored_refusal_like,base,27,mmd_rbf,0.05064349249005318,128
aim_on_breadcrumbs__calib_reasoning,candidate,uncensored_refusal_like,base,27,projected_js,0.10138958448078483,128
aim_on_breadcrumbs__calib_reasoning,candidate,uncensored_refusal_like,base,28,mmd_rbf,0.0491957813501358,128
aim_on_breadcrumbs__calib_reasoning,candidate,uncensored_refusal_like,base,28,projected_js,0.09901662927586585,128
aim_on_breadcrumbs__calib_reasoning,candidate,uncensored_refusal_like,base,29,mmd_rbf,0.04632272198796272,128
aim_on_breadcrumbs__calib_reasoning,candidate,uncensored_refusal_like,base,29,projected_js,0.0943430686602369,128
aim_on_breadcrumbs__calib_reasoning,candidate,uncensored_refusal_like,base,30,mmd_rbf,0.046406347304582596,128
aim_on_breadcrumbs__calib_reasoning,candidate,uncensored_refusal_like,base,30,projected_js,0.09681560948956758,128
aim_on_breadcrumbs__calib_reasoning,candidate,uncensored_refusal_like,base,31,mmd_rbf,0.045531079173088074,128
aim_on_breadcrumbs__calib_reasoning,candidate,uncensored_refusal_like,base,31,projected_js,0.09500624000793323,128
aim_on_breadcrumbs__calib_reasoning,candidate,uncensored_refusal_like,base,32,mmd_rbf,0.04529838636517525,128
aim_on_breadcrumbs__calib_reasoning,candidate,uncensored_refusal_like,base,32,projected_js,0.09389561030548066,128
aim_on_breadcrumbs__calib_reasoning,candidate,uncensored_refusal_like,base,33,mmd_rbf,0.04386458545923233,128
aim_on_breadcrumbs__calib_reasoning,candidate,uncensored_refusal_like,base,33,projected_js,0.09489488817052916,128
aim_on_breadcrumbs__calib_reasoning,candidate,uncensored_refusal_like,base,34,mmd_rbf,0.055604685097932816,128
aim_on_breadcrumbs__calib_reasoning,candidate,uncensored_refusal_like,base,34,projected_js,0.10128384863492101,128
aim_on_breadcrumbs__calib_reasoning,candidate,uncensored_refusal_like,base,35,mmd_rbf,0.11817719787359238,128
aim_on_breadcrumbs__calib_reasoning,candidate,uncensored_refusal_like,base,35,projected_js,0.16348685254342854,128
aim_on_breadcrumbs__calib_reasoning,candidate,uncensored_refusal_like,instr_only,0,mmd_rbf,0.006039637606590986,128
aim_on_breadcrumbs__calib_reasoning,candidate,uncensored_refusal_like,instr_only,0,projected_js,0.0486593063978944,128
aim_on_breadcrumbs__calib_reasoning,candidate,uncensored_refusal_like,instr_only,1,mmd_rbf,0.006863114424049854,128
aim_on_breadcrumbs__calib_reasoning,candidate,uncensored_refusal_like,instr_only,1,projected_js,0.046408406109549105,128
aim_on_breadcrumbs__calib_reasoning,candidate,uncensored_refusal_like,instr_only,2,mmd_rbf,0.007403993513435125,128
aim_on_breadcrumbs__calib_reasoning,candidate,uncensored_refusal_like,instr_only,2,projected_js,0.052819253847701475,128
aim_on_breadcrumbs__calib_reasoning,candidate,uncensored_refusal_like,instr_only,3,mmd_rbf,0.009042063727974892,128
aim_on_breadcrumbs__calib_reasoning,candidate,uncensored_refusal_like,instr_only,3,projected_js,0.05760119791375473,128
aim_on_breadcrumbs__calib_reasoning,candidate,uncensored_refusal_like,instr_only,4,mmd_rbf,0.010301986709237099,128
aim_on_breadcrumbs__calib_reasoning,candidate,uncensored_refusal_like,instr_only,4,projected_js,0.05898102230275981,128
aim_on_breadcrumbs__calib_reasoning,candidate,uncensored_refusal_like,instr_only,5,mmd_rbf,0.011622078716754913,128
aim_on_breadcrumbs__calib_reasoning,candidate,uncensored_refusal_like,instr_only,5,projected_js,0.05878422415116802,128
aim_on_breadcrumbs__calib_reasoning,candidate,uncensored_refusal_like,instr_only,6,mmd_rbf,0.009124415926635265,128
aim_on_breadcrumbs__calib_reasoning,candidate,uncensored_refusal_like,instr_only,6,projected_js,0.05642940237885341,128
aim_on_breadcrumbs__calib_reasoning,candidate,uncensored_refusal_like,instr_only,7,mmd_rbf,0.0076575069688260555,128
aim_on_breadcrumbs__calib_reasoning,candidate,uncensored_refusal_like,instr_only,7,projected_js,0.05876958227599971,128
aim_on_breadcrumbs__calib_reasoning,candidate,uncensored_refusal_like,instr_only,8,mmd_rbf,0.006260018330067396,128
aim_on_breadcrumbs__calib_reasoning,candidate,uncensored_refusal_like,instr_only,8,projected_js,0.05809430999215692,128
aim_on_breadcrumbs__calib_reasoning,candidate,uncensored_refusal_like,instr_only,9,mmd_rbf,0.006428150925785303,128
aim_on_breadcrumbs__calib_reasoning,candidate,uncensored_refusal_like,instr_only,9,projected_js,0.06313798361225054,128
aim_on_breadcrumbs__calib_reasoning,candidate,uncensored_refusal_like,instr_only,10,mmd_rbf,0.006572999060153961,128
aim_on_breadcrumbs__calib_reasoning,candidate,uncensored_refusal_like,instr_only,10,projected_js,0.06134795313118957,128
aim_on_breadcrumbs__calib_reasoning,candidate,uncensored_refusal_like,instr_only,11,mmd_rbf,0.006009332835674286,128
aim_on_breadcrumbs__calib_reasoning,candidate,uncensored_refusal_like,instr_only,11,projected_js,0.06141898743226193,128
aim_on_breadcrumbs__calib_reasoning,candidate,uncensored_refusal_like,instr_only,12,mmd_rbf,0.006240037735551596,128
aim_on_breadcrumbs__calib_reasoning,candidate,uncensored_refusal_like,instr_only,12,projected_js,0.062430602294625714,128
aim_on_breadcrumbs__calib_reasoning,candidate,uncensored_refusal_like,instr_only,13,mmd_rbf,0.006523819174617529,128
aim_on_breadcrumbs__calib_reasoning,candidate,uncensored_refusal_like,instr_only,13,projected_js,0.06119805324124172,128
aim_on_breadcrumbs__calib_reasoning,candidate,uncensored_refusal_like,instr_only,14,mmd_rbf,0.0063018943183124065,128
aim_on_breadcrumbs__calib_reasoning,candidate,uncensored_refusal_like,instr_only,14,projected_js,0.06229403946781531,128
aim_on_breadcrumbs__calib_reasoning,candidate,uncensored_refusal_like,instr_only,15,mmd_rbf,0.006614899728447199,128
aim_on_breadcrumbs__calib_reasoning,candidate,uncensored_refusal_like,instr_only,15,projected_js,0.06086715270066634,128
aim_on_breadcrumbs__calib_reasoning,candidate,uncensored_refusal_like,instr_only,16,mmd_rbf,0.007131596561521292,128
aim_on_breadcrumbs__calib_reasoning,candidate,uncensored_refusal_like,instr_only,16,projected_js,0.06353129557101056,128
aim_on_breadcrumbs__calib_reasoning,candidate,uncensored_refusal_like,instr_only,17,mmd_rbf,0.007812502793967724,128
aim_on_breadcrumbs__calib_reasoning,candidate,uncensored_refusal_like,instr_only,17,projected_js,0.0623448365367949,128
aim_on_breadcrumbs__calib_reasoning,candidate,uncensored_refusal_like,instr_only,18,mmd_rbf,0.008758940733969212,128
aim_on_breadcrumbs__calib_reasoning,candidate,uncensored_refusal_like,instr_only,18,projected_js,0.06447445318917744,128
aim_on_breadcrumbs__calib_reasoning,candidate,uncensored_refusal_like,instr_only,19,mmd_rbf,0.009674579836428165,128
aim_on_breadcrumbs__calib_reasoning,candidate,uncensored_refusal_like,instr_only,19,projected_js,0.06296805097372271,128
aim_on_breadcrumbs__calib_reasoning,candidate,uncensored_refusal_like,instr_only,20,mmd_rbf,0.010620477609336376,128
aim_on_breadcrumbs__calib_reasoning,candidate,uncensored_refusal_like,instr_only,20,projected_js,0.06365072357584722,128
aim_on_breadcrumbs__calib_reasoning,candidate,uncensored_refusal_like,instr_only,21,mmd_rbf,0.013262010179460049,128
aim_on_breadcrumbs__calib_reasoning,candidate,uncensored_refusal_like,instr_only,21,projected_js,0.06814817574922927,128
aim_on_breadcrumbs__calib_reasoning,candidate,uncensored_refusal_like,instr_only,22,mmd_rbf,0.014798663556575775,128
aim_on_breadcrumbs__calib_reasoning,candidate,uncensored_refusal_like,instr_only,22,projected_js,0.0680510409292765,128
aim_on_breadcrumbs__calib_reasoning,candidate,uncensored_refusal_like,instr_only,23,mmd_rbf,0.015130514279007912,128
aim_on_breadcrumbs__calib_reasoning,candidate,uncensored_refusal_like,instr_only,23,projected_js,0.06607971293851733,128
aim_on_breadcrumbs__calib_reasoning,candidate,uncensored_refusal_like,instr_only,24,mmd_rbf,0.015918178483843803,128
aim_on_breadcrumbs__calib_reasoning,candidate,uncensored_refusal_like,instr_only,24,projected_js,0.06885232531931251,128
aim_on_breadcrumbs__calib_reasoning,candidate,uncensored_refusal_like,instr_only,25,mmd_rbf,0.01722935400903225,128
aim_on_breadcrumbs__calib_reasoning,candidate,uncensored_refusal_like,instr_only,25,projected_js,0.0711519246106036,128
aim_on_breadcrumbs__calib_reasoning,candidate,uncensored_refusal_like,instr_only,26,mmd_rbf,0.01749519258737564,128
aim_on_breadcrumbs__calib_reasoning,candidate,uncensored_refusal_like,instr_only,26,projected_js,0.07129301631357521,128
aim_on_breadcrumbs__calib_reasoning,candidate,uncensored_refusal_like,instr_only,27,mmd_rbf,0.017626894637942314,128
aim_on_breadcrumbs__calib_reasoning,candidate,uncensored_refusal_like,instr_only,27,projected_js,0.07145190524170175,128
aim_on_breadcrumbs__calib_reasoning,candidate,uncensored_refusal_like,instr_only,28,mmd_rbf,0.017320923507213593,128
aim_on_breadcrumbs__calib_reasoning,candidate,uncensored_refusal_like,instr_only,28,projected_js,0.07052274711895734,128
aim_on_breadcrumbs__calib_reasoning,candidate,uncensored_refusal_like,instr_only,29,mmd_rbf,0.01649755798280239,128
aim_on_breadcrumbs__calib_reasoning,candidate,uncensored_refusal_like,instr_only,29,projected_js,0.07344303675927222,128
aim_on_breadcrumbs__calib_reasoning,candidate,uncensored_refusal_like,instr_only,30,mmd_rbf,0.016512883827090263,128
aim_on_breadcrumbs__calib_reasoning,candidate,uncensored_refusal_like,instr_only,30,projected_js,0.0750189577229321,128
aim_on_breadcrumbs__calib_reasoning,candidate,uncensored_refusal_like,instr_only,31,mmd_rbf,0.015939509496092796,128
aim_on_breadcrumbs__calib_reasoning,candidate,uncensored_refusal_like,instr_only,31,projected_js,0.07446177722886205,128
aim_on_breadcrumbs__calib_reasoning,candidate,uncensored_refusal_like,instr_only,32,mmd_rbf,0.01671501249074936,128
aim_on_breadcrumbs__calib_reasoning,candidate,uncensored_refusal_like,instr_only,32,projected_js,0.07533104269532487,128
aim_on_breadcrumbs__calib_reasoning,candidate,uncensored_refusal_like,instr_only,33,mmd_rbf,0.01698019914329052,128
aim_on_breadcrumbs__calib_reasoning,candidate,uncensored_refusal_like,instr_only,33,projected_js,0.07575576700037345,128
aim_on_breadcrumbs__calib_reasoning,candidate,uncensored_refusal_like,instr_only,34,mmd_rbf,0.02214232087135315,128
aim_on_breadcrumbs__calib_reasoning,candidate,uncensored_refusal_like,instr_only,34,projected_js,0.08449428135645576,128
aim_on_breadcrumbs__calib_reasoning,candidate,uncensored_refusal_like,instr_only,35,mmd_rbf,0.11608775705099106,128
aim_on_breadcrumbs__calib_reasoning,candidate,uncensored_refusal_like,instr_only,35,projected_js,0.15941013698466122,128
aim_on_breadcrumbs__calib_reasoning,candidate,uncensored_refusal_like,reasoning_only,0,mmd_rbf,0.020248567685484886,128
aim_on_breadcrumbs__calib_reasoning,candidate,uncensored_refusal_like,reasoning_only,0,projected_js,0.09030251594958827,128
aim_on_breadcrumbs__calib_reasoning,candidate,uncensored_refusal_like,reasoning_only,1,mmd_rbf,0.024477729573845863,128
aim_on_breadcrumbs__calib_reasoning,candidate,uncensored_refusal_like,reasoning_only,1,projected_js,0.07646932947682217,128
aim_on_breadcrumbs__calib_reasoning,candidate,uncensored_refusal_like,reasoning_only,2,mmd_rbf,0.03587029129266739,128
aim_on_breadcrumbs__calib_reasoning,candidate,uncensored_refusal_like,reasoning_only,2,projected_js,0.08494420436909422,128
aim_on_breadcrumbs__calib_reasoning,candidate,uncensored_refusal_like,reasoning_only,3,mmd_rbf,0.043447885662317276,128
aim_on_breadcrumbs__calib_reasoning,candidate,uncensored_refusal_like,reasoning_only,3,projected_js,0.09856119123287499,128
aim_on_breadcrumbs__calib_reasoning,candidate,uncensored_refusal_like,reasoning_only,4,mmd_rbf,0.04772186279296875,128
aim_on_breadcrumbs__calib_reasoning,candidate,uncensored_refusal_like,reasoning_only,4,projected_js,0.11303053394658491,128
aim_on_breadcrumbs__calib_reasoning,candidate,uncensored_refusal_like,reasoning_only,5,mmd_rbf,0.05421748384833336,128
aim_on_breadcrumbs__calib_reasoning,candidate,uncensored_refusal_like,reasoning_only,5,projected_js,0.12220527429599315,128
aim_on_breadcrumbs__calib_reasoning,candidate,uncensored_refusal_like,reasoning_only,6,mmd_rbf,0.04237789288163185,128
aim_on_breadcrumbs__calib_reasoning,candidate,uncensored_refusal_like,reasoning_only,6,projected_js,0.10014963458525017,128
aim_on_breadcrumbs__calib_reasoning,candidate,uncensored_refusal_like,reasoning_only,7,mmd_rbf,0.03826785832643509,128
aim_on_breadcrumbs__calib_reasoning,candidate,uncensored_refusal_like,reasoning_only,7,projected_js,0.10062650707550347,128
aim_on_breadcrumbs__calib_reasoning,candidate,uncensored_refusal_like,reasoning_only,8,mmd_rbf,0.02977629378437996,128
aim_on_breadcrumbs__calib_reasoning,candidate,uncensored_refusal_like,reasoning_only,8,projected_js,0.08993887522956356,128
aim_on_breadcrumbs__calib_reasoning,candidate,uncensored_refusal_like,reasoning_only,9,mmd_rbf,0.02894623391330242,128
aim_on_breadcrumbs__calib_reasoning,candidate,uncensored_refusal_like,reasoning_only,9,projected_js,0.08805657614720985,128
aim_on_breadcrumbs__calib_reasoning,candidate,uncensored_refusal_like,reasoning_only,10,mmd_rbf,0.03039969876408577,128
aim_on_breadcrumbs__calib_reasoning,candidate,uncensored_refusal_like,reasoning_only,10,projected_js,0.09151686099357903,128
aim_on_breadcrumbs__calib_reasoning,candidate,uncensored_refusal_like,reasoning_only,11,mmd_rbf,0.029824305325746536,128
aim_on_breadcrumbs__calib_reasoning,candidate,uncensored_refusal_like,reasoning_only,11,projected_js,0.0851283649681136,128
aim_on_breadcrumbs__calib_reasoning,candidate,uncensored_refusal_like,reasoning_only,12,mmd_rbf,0.03337909281253815,128
aim_on_breadcrumbs__calib_reasoning,candidate,uncensored_refusal_like,reasoning_only,12,projected_js,0.08739268008503132,128
aim_on_breadcrumbs__calib_reasoning,candidate,uncensored_refusal_like,reasoning_only,13,mmd_rbf,0.036140069365501404,128
aim_on_breadcrumbs__calib_reasoning,candidate,uncensored_refusal_like,reasoning_only,13,projected_js,0.09046219778247178,128
aim_on_breadcrumbs__calib_reasoning,candidate,uncensored_refusal_like,reasoning_only,14,mmd_rbf,0.03511776030063629,128
aim_on_breadcrumbs__calib_reasoning,candidate,uncensored_refusal_like,reasoning_only,14,projected_js,0.08850662875920534,128
aim_on_breadcrumbs__calib_reasoning,candidate,uncensored_refusal_like,reasoning_only,15,mmd_rbf,0.03610171750187874,128
aim_on_breadcrumbs__calib_reasoning,candidate,uncensored_refusal_like,reasoning_only,15,projected_js,0.08852428069803864,128
aim_on_breadcrumbs__calib_reasoning,candidate,uncensored_refusal_like,reasoning_only,16,mmd_rbf,0.03542984277009964,128
aim_on_breadcrumbs__calib_reasoning,candidate,uncensored_refusal_like,reasoning_only,16,projected_js,0.08709915558574721,128
aim_on_breadcrumbs__calib_reasoning,candidate,uncensored_refusal_like,reasoning_only,17,mmd_rbf,0.03636660799384117,128
aim_on_breadcrumbs__calib_reasoning,candidate,uncensored_refusal_like,reasoning_only,17,projected_js,0.0867590332054533,128
aim_on_breadcrumbs__calib_reasoning,candidate,uncensored_refusal_like,reasoning_only,18,mmd_rbf,0.04248270019888878,128
aim_on_breadcrumbs__calib_reasoning,candidate,uncensored_refusal_like,reasoning_only,18,projected_js,0.08885351652861573,128
aim_on_breadcrumbs__calib_reasoning,candidate,uncensored_refusal_like,reasoning_only,19,mmd_rbf,0.041688065975904465,128
aim_on_breadcrumbs__calib_reasoning,candidate,uncensored_refusal_like,reasoning_only,19,projected_js,0.09081928140949458,128
aim_on_breadcrumbs__calib_reasoning,candidate,uncensored_refusal_like,reasoning_only,20,mmd_rbf,0.04227013140916824,128
aim_on_breadcrumbs__calib_reasoning,candidate,uncensored_refusal_like,reasoning_only,20,projected_js,0.08721384283853695,128
aim_on_breadcrumbs__calib_reasoning,candidate,uncensored_refusal_like,reasoning_only,21,mmd_rbf,0.04282520338892937,128
aim_on_breadcrumbs__calib_reasoning,candidate,uncensored_refusal_like,reasoning_only,21,projected_js,0.08872684359084815,128
aim_on_breadcrumbs__calib_reasoning,candidate,uncensored_refusal_like,reasoning_only,22,mmd_rbf,0.04352251812815666,128
aim_on_breadcrumbs__calib_reasoning,candidate,uncensored_refusal_like,reasoning_only,22,projected_js,0.0950545230298303,128
aim_on_breadcrumbs__calib_reasoning,candidate,uncensored_refusal_like,reasoning_only,23,mmd_rbf,0.038549695163965225,128
aim_on_breadcrumbs__calib_reasoning,candidate,uncensored_refusal_like,reasoning_only,23,projected_js,0.08695774670923129,128
aim_on_breadcrumbs__calib_reasoning,candidate,uncensored_refusal_like,reasoning_only,24,mmd_rbf,0.04477108269929886,128
aim_on_breadcrumbs__calib_reasoning,candidate,uncensored_refusal_like,reasoning_only,24,projected_js,0.09489582240348682,128
aim_on_breadcrumbs__calib_reasoning,candidate,uncensored_refusal_like,reasoning_only,25,mmd_rbf,0.04336562752723694,128
aim_on_breadcrumbs__calib_reasoning,candidate,uncensored_refusal_like,reasoning_only,25,projected_js,0.09325510624330491,128
aim_on_breadcrumbs__calib_reasoning,candidate,uncensored_refusal_like,reasoning_only,26,mmd_rbf,0.04644131287932396,128
aim_on_breadcrumbs__calib_reasoning,candidate,uncensored_refusal_like,reasoning_only,26,projected_js,0.09367011982249096,128
aim_on_breadcrumbs__calib_reasoning,candidate,uncensored_refusal_like,reasoning_only,27,mmd_rbf,0.048646729439496994,128
aim_on_breadcrumbs__calib_reasoning,candidate,uncensored_refusal_like,reasoning_only,27,projected_js,0.09628818836063147,128
aim_on_breadcrumbs__calib_reasoning,candidate,uncensored_refusal_like,reasoning_only,28,mmd_rbf,0.05152428150177002,128
aim_on_breadcrumbs__calib_reasoning,candidate,uncensored_refusal_like,reasoning_only,28,projected_js,0.10527277702931315,128
aim_on_breadcrumbs__calib_reasoning,candidate,uncensored_refusal_like,reasoning_only,29,mmd_rbf,0.05050979182124138,128
aim_on_breadcrumbs__calib_reasoning,candidate,uncensored_refusal_like,reasoning_only,29,projected_js,0.10626022017095238,128
aim_on_breadcrumbs__calib_reasoning,candidate,uncensored_refusal_like,reasoning_only,30,mmd_rbf,0.05439136177301407,128
aim_on_breadcrumbs__calib_reasoning,candidate,uncensored_refusal_like,reasoning_only,30,projected_js,0.11533459136262536,128
aim_on_breadcrumbs__calib_reasoning,candidate,uncensored_refusal_like,reasoning_only,31,mmd_rbf,0.05483752489089966,128
aim_on_breadcrumbs__calib_reasoning,candidate,uncensored_refusal_like,reasoning_only,31,projected_js,0.10974701133091003,128
aim_on_breadcrumbs__calib_reasoning,candidate,uncensored_refusal_like,reasoning_only,32,mmd_rbf,0.05463191866874695,128
aim_on_breadcrumbs__calib_reasoning,candidate,uncensored_refusal_like,reasoning_only,32,projected_js,0.10626775166019797,128
aim_on_breadcrumbs__calib_reasoning,candidate,uncensored_refusal_like,reasoning_only,33,mmd_rbf,0.05032746121287346,128
aim_on_breadcrumbs__calib_reasoning,candidate,uncensored_refusal_like,reasoning_only,33,projected_js,0.0996555519523099,128
aim_on_breadcrumbs__calib_reasoning,candidate,uncensored_refusal_like,reasoning_only,34,mmd_rbf,0.05221730098128319,128
aim_on_breadcrumbs__calib_reasoning,candidate,uncensored_refusal_like,reasoning_only,34,projected_js,0.0972097756457515,128
aim_on_breadcrumbs__calib_reasoning,candidate,uncensored_refusal_like,reasoning_only,35,mmd_rbf,0.04364779219031334,128
aim_on_breadcrumbs__calib_reasoning,candidate,uncensored_refusal_like,reasoning_only,35,projected_js,0.09681652905419469,128
aim_on_breadcrumbs__calib_reasoning,candidate,uncensored_refusal_like,uncensored_only,0,mmd_rbf,0.01557963527739048,128
aim_on_breadcrumbs__calib_reasoning,candidate,uncensored_refusal_like,uncensored_only,0,projected_js,0.06862539306166582,128
aim_on_breadcrumbs__calib_reasoning,candidate,uncensored_refusal_like,uncensored_only,1,mmd_rbf,0.24095581471920013,128
aim_on_breadcrumbs__calib_reasoning,candidate,uncensored_refusal_like,uncensored_only,1,projected_js,0.25921296956948936,128
aim_on_breadcrumbs__calib_reasoning,candidate,uncensored_refusal_like,uncensored_only,2,mmd_rbf,0.21452374756336212,128
aim_on_breadcrumbs__calib_reasoning,candidate,uncensored_refusal_like,uncensored_only,2,projected_js,0.21641367150004953,128
aim_on_breadcrumbs__calib_reasoning,candidate,uncensored_refusal_like,uncensored_only,3,mmd_rbf,0.17159155011177063,128
aim_on_breadcrumbs__calib_reasoning,candidate,uncensored_refusal_like,uncensored_only,3,projected_js,0.17082434799522161,128
aim_on_breadcrumbs__calib_reasoning,candidate,uncensored_refusal_like,uncensored_only,4,mmd_rbf,0.1388007402420044,128
aim_on_breadcrumbs__calib_reasoning,candidate,uncensored_refusal_like,uncensored_only,4,projected_js,0.17064549686620012,128
aim_on_breadcrumbs__calib_reasoning,candidate,uncensored_refusal_like,uncensored_only,5,mmd_rbf,0.10680105537176132,128
aim_on_breadcrumbs__calib_reasoning,candidate,uncensored_refusal_like,uncensored_only,5,projected_js,0.15896852704463527,128
aim_on_breadcrumbs__calib_reasoning,candidate,uncensored_refusal_like,uncensored_only,6,mmd_rbf,0.06776916235685349,128
aim_on_breadcrumbs__calib_reasoning,candidate,uncensored_refusal_like,uncensored_only,6,projected_js,0.1190269494545646,128
aim_on_breadcrumbs__calib_reasoning,candidate,uncensored_refusal_like,uncensored_only,7,mmd_rbf,0.051196951419115067,128
aim_on_breadcrumbs__calib_reasoning,candidate,uncensored_refusal_like,uncensored_only,7,projected_js,0.10119626607047394,128
aim_on_breadcrumbs__calib_reasoning,candidate,uncensored_refusal_like,uncensored_only,8,mmd_rbf,0.03641112893819809,128
aim_on_breadcrumbs__calib_reasoning,candidate,uncensored_refusal_like,uncensored_only,8,projected_js,0.08446883683791384,128
aim_on_breadcrumbs__calib_reasoning,candidate,uncensored_refusal_like,uncensored_only,9,mmd_rbf,0.03128061816096306,128
aim_on_breadcrumbs__calib_reasoning,candidate,uncensored_refusal_like,uncensored_only,9,projected_js,0.08098169503500685,128
aim_on_breadcrumbs__calib_reasoning,candidate,uncensored_refusal_like,uncensored_only,10,mmd_rbf,0.026592886075377464,128
aim_on_breadcrumbs__calib_reasoning,candidate,uncensored_refusal_like,uncensored_only,10,projected_js,0.07805114873917773,128
aim_on_breadcrumbs__calib_reasoning,candidate,uncensored_refusal_like,uncensored_only,11,mmd_rbf,0.02219710685312748,128
aim_on_breadcrumbs__calib_reasoning,candidate,uncensored_refusal_like,uncensored_only,11,projected_js,0.06939473116653971,128
aim_on_breadcrumbs__calib_reasoning,candidate,uncensored_refusal_like,uncensored_only,12,mmd_rbf,0.022698042914271355,128
aim_on_breadcrumbs__calib_reasoning,candidate,uncensored_refusal_like,uncensored_only,12,projected_js,0.07191846147179604,128
aim_on_breadcrumbs__calib_reasoning,candidate,uncensored_refusal_like,uncensored_only,13,mmd_rbf,0.023842094466090202,128
aim_on_breadcrumbs__calib_reasoning,candidate,uncensored_refusal_like,uncensored_only,13,projected_js,0.0797191887977533,128
aim_on_breadcrumbs__calib_reasoning,candidate,uncensored_refusal_like,uncensored_only,14,mmd_rbf,0.025442618876695633,128
aim_on_breadcrumbs__calib_reasoning,candidate,uncensored_refusal_like,uncensored_only,14,projected_js,0.07839304051594809,128
aim_on_breadcrumbs__calib_reasoning,candidate,uncensored_refusal_like,uncensored_only,15,mmd_rbf,0.03147149831056595,128
aim_on_breadcrumbs__calib_reasoning,candidate,uncensored_refusal_like,uncensored_only,15,projected_js,0.085830524971243,128
aim_on_breadcrumbs__calib_reasoning,candidate,uncensored_refusal_like,uncensored_only,16,mmd_rbf,0.033992327749729156,128
aim_on_breadcrumbs__calib_reasoning,candidate,uncensored_refusal_like,uncensored_only,16,projected_js,0.07786640815902501,128
aim_on_breadcrumbs__calib_reasoning,candidate,uncensored_refusal_like,uncensored_only,17,mmd_rbf,0.034154437482357025,128
aim_on_breadcrumbs__calib_reasoning,candidate,uncensored_refusal_like,uncensored_only,17,projected_js,0.08151169691700488,128
aim_on_breadcrumbs__calib_reasoning,candidate,uncensored_refusal_like,uncensored_only,18,mmd_rbf,0.03634894639253616,128
aim_on_breadcrumbs__calib_reasoning,candidate,uncensored_refusal_like,uncensored_only,18,projected_js,0.08321056904969737,128
aim_on_breadcrumbs__calib_reasoning,candidate,uncensored_refusal_like,uncensored_only,19,mmd_rbf,0.03465372323989868,128
aim_on_breadcrumbs__calib_reasoning,candidate,uncensored_refusal_like,uncensored_only,19,projected_js,0.08804230019450188,128
aim_on_breadcrumbs__calib_reasoning,candidate,uncensored_refusal_like,uncensored_only,20,mmd_rbf,0.03677741810679436,128
aim_on_breadcrumbs__calib_reasoning,candidate,uncensored_refusal_like,uncensored_only,20,projected_js,0.08364489197265357,128
aim_on_breadcrumbs__calib_reasoning,candidate,uncensored_refusal_like,uncensored_only,21,mmd_rbf,0.04174869880080223,128
aim_on_breadcrumbs__calib_reasoning,candidate,uncensored_refusal_like,uncensored_only,21,projected_js,0.08857719093794003,128
aim_on_breadcrumbs__calib_reasoning,candidate,uncensored_refusal_like,uncensored_only,22,mmd_rbf,0.04378363490104675,128
aim_on_breadcrumbs__calib_reasoning,candidate,uncensored_refusal_like,uncensored_only,22,projected_js,0.09057847270742059,128
aim_on_breadcrumbs__calib_reasoning,candidate,uncensored_refusal_like,uncensored_only,23,mmd_rbf,0.04457278922200203,128
aim_on_breadcrumbs__calib_reasoning,candidate,uncensored_refusal_like,uncensored_only,23,projected_js,0.09740394173422828,128
aim_on_breadcrumbs__calib_reasoning,candidate,uncensored_refusal_like,uncensored_only,24,mmd_rbf,0.0493570901453495,128
aim_on_breadcrumbs__calib_reasoning,candidate,uncensored_refusal_like,uncensored_only,24,projected_js,0.09786753787193447,128
aim_on_breadcrumbs__calib_reasoning,candidate,uncensored_refusal_like,uncensored_only,25,mmd_rbf,0.05327760800719261,128
aim_on_breadcrumbs__calib_reasoning,candidate,uncensored_refusal_like,uncensored_only,25,projected_js,0.10036966914776713,128
aim_on_breadcrumbs__calib_reasoning,candidate,uncensored_refusal_like,uncensored_only,26,mmd_rbf,0.05436817929148674,128
aim_on_breadcrumbs__calib_reasoning,candidate,uncensored_refusal_like,uncensored_only,26,projected_js,0.09612790093524382,128
aim_on_breadcrumbs__calib_reasoning,candidate,uncensored_refusal_like,uncensored_only,27,mmd_rbf,0.05581221729516983,128
aim_on_breadcrumbs__calib_reasoning,candidate,uncensored_refusal_like,uncensored_only,27,projected_js,0.0974811318446882,128
aim_on_breadcrumbs__calib_reasoning,candidate,uncensored_refusal_like,uncensored_only,28,mmd_rbf,0.05333251878619194,128
aim_on_breadcrumbs__calib_reasoning,candidate,uncensored_refusal_like,uncensored_only,28,projected_js,0.104765520314686,128
aim_on_breadcrumbs__calib_reasoning,candidate,uncensored_refusal_like,uncensored_only,29,mmd_rbf,0.050818681716918945,128
aim_on_breadcrumbs__calib_reasoning,candidate,uncensored_refusal_like,uncensored_only,29,projected_js,0.09921888564713299,128
aim_on_breadcrumbs__calib_reasoning,candidate,uncensored_refusal_like,uncensored_only,30,mmd_rbf,0.05338134989142418,128
aim_on_breadcrumbs__calib_reasoning,candidate,uncensored_refusal_like,uncensored_only,30,projected_js,0.10091148607898504,128
aim_on_breadcrumbs__calib_reasoning,candidate,uncensored_refusal_like,uncensored_only,31,mmd_rbf,0.05143149569630623,128
aim_on_breadcrumbs__calib_reasoning,candidate,uncensored_refusal_like,uncensored_only,31,projected_js,0.09434936830075458,128
aim_on_breadcrumbs__calib_reasoning,candidate,uncensored_refusal_like,uncensored_only,32,mmd_rbf,0.05149953439831734,128
aim_on_breadcrumbs__calib_reasoning,candidate,uncensored_refusal_like,uncensored_only,32,projected_js,0.09480175445787609,128
aim_on_breadcrumbs__calib_reasoning,candidate,uncensored_refusal_like,uncensored_only,33,mmd_rbf,0.05098552256822586,128
aim_on_breadcrumbs__calib_reasoning,candidate,uncensored_refusal_like,uncensored_only,33,projected_js,0.09938669356051832,128
aim_on_breadcrumbs__calib_reasoning,candidate,uncensored_refusal_like,uncensored_only,34,mmd_rbf,0.05644379183650017,128
aim_on_breadcrumbs__calib_reasoning,candidate,uncensored_refusal_like,uncensored_only,34,projected_js,0.10640228574629873,128
aim_on_breadcrumbs__calib_reasoning,candidate,uncensored_refusal_like,uncensored_only,35,mmd_rbf,0.1324521005153656,128
aim_on_breadcrumbs__calib_reasoning,candidate,uncensored_refusal_like,uncensored_only,35,projected_js,0.15865886711981148,128
