model_id,model_kind,calib_subset,target_id,layer,metric,value,n_prompts
aim_on_della__calib_instruction,candidate,general,base,0,mmd_rbf,0.004997462034225464,128
aim_on_della__calib_instruction,candidate,general,base,0,projected_js,0.04177531732420903,128
aim_on_della__calib_instruction,candidate,general,base,1,mmd_rbf,0.010776089504361153,128
aim_on_della__calib_instruction,candidate,general,base,1,projected_js,0.05072494052001275,128
aim_on_della__calib_instruction,candidate,general,base,2,mmd_rbf,0.009399543516337872,128
aim_on_della__calib_instruction,candidate,general,base,2,projected_js,0.05355858471011743,128
aim_on_della__calib_instruction,candidate,general,base,3,mmd_rbf,0.01114837359637022,128
aim_on_della__calib_instruction,candidate,general,base,3,projected_js,0.05535827705170959,128
aim_on_della__calib_instruction,candidate,general,base,4,mmd_rbf,0.009967765770852566,128
aim_on_della__calib_instruction,candidate,general,base,4,projected_js,0.055829962773714215,128
aim_on_della__calib_instruction,candidate,general,base,5,mmd_rbf,0.009351409040391445,128
aim_on_della__calib_instruction,candidate,general,base,5,projected_js,0.05516161778359674,128
aim_on_della__calib_instruction,candidate,general,base,6,mmd_rbf,0.007174128200858831,128
aim_on_della__calib_instruction,candidate,general,base,6,projected_js,0.05159779914538376,128
aim_on_della__calib_instruction,candidate,general,base,7,mmd_rbf,0.006509460508823395,128
aim_on_della__calib_instruction,candidate,general,base,7,projected_js,0.05264939059270546,128
aim_on_della__calib_instruction,candidate,general,base,8,mmd_rbf,0.005312310066074133,128
aim_on_della__calib_instruction,candidate,general,base,8,projected_js,0.05524105136282742,128
aim_on_della__calib_instruction,candidate,general,base,9,mmd_rbf,0.005276940297335386,128
aim_on_della__calib_instruction,candidate,general,base,9,projected_js,0.05591968141379766,128
aim_on_della__calib_instruction,candidate,general,base,10,mmd_rbf,0.005486930720508099,128
aim_on_della__calib_instruction,candidate,general,base,10,projected_js,0.05552481737686321,128
aim_on_della__calib_instruction,candidate,general,base,11,mmd_rbf,0.005410920362919569,128
aim_on_della__calib_instruction,candidate,general,base,11,projected_js,0.05754726429586299,128
aim_on_della__calib_instruction,candidate,general,base,12,mmd_rbf,0.005506629124283791,128
aim_on_della__calib_instruction,candidate,general,base,12,projected_js,0.05688205227488652,128
aim_on_della__calib_instruction,candidate,general,base,13,mmd_rbf,0.005861103069037199,128
aim_on_della__calib_instruction,candidate,general,base,13,projected_js,0.05878430310986005,128
aim_on_della__calib_instruction,candidate,general,base,14,mmd_rbf,0.006070141680538654,128
aim_on_della__calib_instruction,candidate,general,base,14,projected_js,0.05917965521803126,128
aim_on_della__calib_instruction,candidate,general,base,15,mmd_rbf,0.006697371602058411,128
aim_on_della__calib_instruction,candidate,general,base,15,projected_js,0.057571923767682165,128
aim_on_della__calib_instruction,candidate,general,base,16,mmd_rbf,0.007773113436996937,128
aim_on_della__calib_instruction,candidate,general,base,16,projected_js,0.062198352883569896,128
aim_on_della__calib_instruction,candidate,general,base,17,mmd_rbf,0.007444560527801514,128
aim_on_della__calib_instruction,candidate,general,base,17,projected_js,0.059302149718860164,128
aim_on_della__calib_instruction,candidate,general,base,18,mmd_rbf,0.00808778591454029,128
aim_on_della__calib_instruction,candidate,general,base,18,projected_js,0.06297210277989507,128
aim_on_della__calib_instruction,candidate,general,base,19,mmd_rbf,0.008276296779513359,128
aim_on_della__calib_instruction,candidate,general,base,19,projected_js,0.06356690474785864,128
aim_on_della__calib_instruction,candidate,general,base,20,mmd_rbf,0.008033365942537785,128
aim_on_della__calib_instruction,candidate,general,base,20,projected_js,0.06275991722941399,128
aim_on_della__calib_instruction,candidate,general,base,21,mmd_rbf,0.008290017955005169,128
aim_on_della__calib_instruction,candidate,general,base,21,projected_js,0.06124825723236427,128
aim_on_della__calib_instruction,candidate,general,base,22,mmd_rbf,0.007609833963215351,128
aim_on_della__calib_instruction,candidate,general,base,22,projected_js,0.06242432651924901,128
aim_on_della__calib_instruction,candidate,general,base,23,mmd_rbf,0.007057777140289545,128
aim_on_della__calib_instruction,candidate,general,base,23,projected_js,0.061730061628622934,128
aim_on_della__calib_instruction,candidate,general,base,24,mmd_rbf,0.006347295828163624,128
aim_on_della__calib_instruction,candidate,general,base,24,projected_js,0.05854902876308188,128
aim_on_della__calib_instruction,candidate,general,base,25,mmd_rbf,0.0059376610442996025,128
aim_on_della__calib_instruction,candidate,general,base,25,projected_js,0.05628812016220763,128
aim_on_della__calib_instruction,candidate,general,base,26,mmd_rbf,0.005862161982804537,128
aim_on_della__calib_instruction,candidate,general,base,26,projected_js,0.057697343960171565,128
aim_on_della__calib_instruction,candidate,general,base,27,mmd_rbf,0.005780092906206846,128
aim_on_della__calib_instruction,candidate,general,base,27,projected_js,0.05972926795948297,128
aim_on_della__calib_instruction,candidate,general,base,28,mmd_rbf,0.005483649671077728,128
aim_on_della__calib_instruction,candidate,general,base,28,projected_js,0.05730872886488214,128
aim_on_della__calib_instruction,candidate,general,base,29,mmd_rbf,0.005291674751788378,128
aim_on_della__calib_instruction,candidate,general,base,29,projected_js,0.055340476596029475,128
aim_on_della__calib_instruction,candidate,general,base,30,mmd_rbf,0.0051159546710550785,128
aim_on_della__calib_instruction,candidate,general,base,30,projected_js,0.05690241343108937,128
aim_on_della__calib_instruction,candidate,general,base,31,mmd_rbf,0.004878038074821234,128
aim_on_della__calib_instruction,candidate,general,base,31,projected_js,0.05849492526613176,128
aim_on_della__calib_instruction,candidate,general,base,32,mmd_rbf,0.00524037703871727,128
aim_on_della__calib_instruction,candidate,general,base,32,projected_js,0.05693538434570655,128
aim_on_della__calib_instruction,candidate,general,base,33,mmd_rbf,0.00565165001899004,128
aim_on_della__calib_instruction,candidate,general,base,33,projected_js,0.06006876187166199,128
aim_on_della__calib_instruction,candidate,general,base,34,mmd_rbf,0.01068415679037571,128
aim_on_della__calib_instruction,candidate,general,base,34,projected_js,0.06161138537572697,128
aim_on_della__calib_instruction,candidate,general,base,35,mmd_rbf,0.06401019543409348,128
aim_on_della__calib_instruction,candidate,general,base,35,projected_js,0.10719008836895227,128
aim_on_della__calib_instruction,candidate,general,instr_only,0,mmd_rbf,0.002706045052036643,128
aim_on_della__calib_instruction,candidate,general,instr_only,0,projected_js,0.031161468446953222,128
aim_on_della__calib_instruction,candidate,general,instr_only,1,mmd_rbf,0.00583609938621521,128
aim_on_della__calib_instruction,candidate,general,instr_only,1,projected_js,0.03886943464749493,128
aim_on_della__calib_instruction,candidate,general,instr_only,2,mmd_rbf,0.006202574819326401,128
aim_on_della__calib_instruction,candidate,general,instr_only,2,projected_js,0.04391692962963134,128
aim_on_della__calib_instruction,candidate,general,instr_only,3,mmd_rbf,0.0073046148754656315,128
aim_on_della__calib_instruction,candidate,general,instr_only,3,projected_js,0.049174209212651476,128
aim_on_della__calib_instruction,candidate,general,instr_only,4,mmd_rbf,0.007431305944919586,128
aim_on_della__calib_instruction,candidate,general,instr_only,4,projected_js,0.047320531972218305,128
aim_on_della__calib_instruction,candidate,general,instr_only,5,mmd_rbf,0.006955246906727552,128
aim_on_della__calib_instruction,candidate,general,instr_only,5,projected_js,0.05083227317663841,128
aim_on_della__calib_instruction,candidate,general,instr_only,6,mmd_rbf,0.004750389140099287,128
aim_on_della__calib_instruction,candidate,general,instr_only,6,projected_js,0.04542389974812977,128
aim_on_della__calib_instruction,candidate,general,instr_only,7,mmd_rbf,0.0038093121256679296,128
aim_on_della__calib_instruction,candidate,general,instr_only,7,projected_js,0.04615634077345021,128
aim_on_della__calib_instruction,candidate,general,instr_only,8,mmd_rbf,0.002960116369649768,128
aim_on_della__calib_instruction,candidate,general,instr_only,8,projected_js,0.049175944091985,128
aim_on_della__calib_instruction,candidate,general,instr_only,9,mmd_rbf,0.00286363298073411,128
aim_on_della__calib_instruction,candidate,general,instr_only,9,projected_js,0.05048596396227367,128
aim_on_della__calib_instruction,candidate,general,instr_only,10,mmd_rbf,0.002997776260599494,128
aim_on_della__calib_instruction,candidate,general,instr_only,10,projected_js,0.049315104639390483,128
aim_on_della__calib_instruction,candidate,general,instr_only,11,mmd_rbf,0.0030699786730110645,128
aim_on_della__calib_instruction,candidate,general,instr_only,11,projected_js,0.05200916575267911,128
aim_on_della__calib_instruction,candidate,general,instr_only,12,mmd_rbf,0.0033373001497238874,128
aim_on_della__calib_instruction,candidate,general,instr_only,12,projected_js,0.053000569954747334,128
aim_on_della__calib_instruction,candidate,general,instr_only,13,mmd_rbf,0.0037793212104588747,128
aim_on_della__calib_instruction,candidate,general,instr_only,13,projected_js,0.05417798430426046,128
aim_on_della__calib_instruction,candidate,general,instr_only,14,mmd_rbf,0.0039058884140104055,128
aim_on_della__calib_instruction,candidate,general,instr_only,14,projected_js,0.0544107926543802,128
aim_on_della__calib_instruction,candidate,general,instr_only,15,mmd_rbf,0.004303576424717903,128
aim_on_della__calib_instruction,candidate,general,instr_only,15,projected_js,0.0542608798132278,128
aim_on_della__calib_instruction,candidate,general,instr_only,16,mmd_rbf,0.00461145956069231,128
aim_on_della__calib_instruction,candidate,general,instr_only,16,projected_js,0.06108500831760466,128
aim_on_della__calib_instruction,candidate,general,instr_only,17,mmd_rbf,0.004935593344271183,128
aim_on_della__calib_instruction,candidate,general,instr_only,17,projected_js,0.05889388493960723,128
aim_on_della__calib_instruction,candidate,general,instr_only,18,mmd_rbf,0.005119127221405506,128
aim_on_della__calib_instruction,candidate,general,instr_only,18,projected_js,0.058816931530600414,128
aim_on_della__calib_instruction,candidate,general,instr_only,19,mmd_rbf,0.005462279077619314,128
aim_on_della__calib_instruction,candidate,general,instr_only,19,projected_js,0.06015513156307861,128
aim_on_della__calib_instruction,candidate,general,instr_only,20,mmd_rbf,0.005614668130874634,128
aim_on_della__calib_instruction,candidate,general,instr_only,20,projected_js,0.061121057136915624,128
aim_on_della__calib_instruction,candidate,general,instr_only,21,mmd_rbf,0.005757187958806753,128
aim_on_della__calib_instruction,candidate,general,instr_only,21,projected_js,0.06105102610308677,128
aim_on_della__calib_instruction,candidate,general,instr_only,22,mmd_rbf,0.0060811699368059635,128
aim_on_della__calib_instruction,candidate,general,instr_only,22,projected_js,0.056868500134442,128
aim_on_della__calib_instruction,candidate,general,instr_only,23,mmd_rbf,0.006000470370054245,128
aim_on_della__calib_instruction,candidate,general,instr_only,23,projected_js,0.06003191880881786,128
aim_on_della__calib_instruction,candidate,general,instr_only,24,mmd_rbf,0.006214929278939962,128
aim_on_della__calib_instruction,candidate,general,instr_only,24,projected_js,0.057106476626358926,128
aim_on_della__calib_instruction,candidate,general,instr_only,25,mmd_rbf,0.006268363445997238,128
aim_on_della__calib_instruction,candidate,general,instr_only,25,projected_js,0.05825246931635775,128
aim_on_della__calib_instruction,candidate,general,instr_only,26,mmd_rbf,0.006415069103240967,128
aim_on_della__calib_instruction,candidate,general,instr_only,26,projected_js,0.05703554503270425,128
aim_on_della__calib_instruction,candidate,general,instr_only,27,mmd_rbf,0.006429746747016907,128
aim_on_della__calib_instruction,candidate,general,instr_only,27,projected_js,0.06006009125849232,128
aim_on_della__calib_instruction,candidate,general,instr_only,28,mmd_rbf,0.00611512828618288,128
aim_on_della__calib_instruction,candidate,general,instr_only,28,projected_js,0.05593588628107682,128
aim_on_della__calib_instruction,candidate,general,instr_only,29,mmd_rbf,0.005793159361928701,128
aim_on_della__calib_instruction,candidate,general,instr_only,29,projected_js,0.05734143385780044,128
aim_on_della__calib_instruction,candidate,general,instr_only,30,mmd_rbf,0.0055001298896968365,128
aim_on_della__calib_instruction,candidate,general,instr_only,30,projected_js,0.055985760263865814,128
aim_on_della__calib_instruction,candidate,general,instr_only,31,mmd_rbf,0.005484891589730978,128
aim_on_della__calib_instruction,candidate,general,instr_only,31,projected_js,0.05715350413811393,128
aim_on_della__calib_instruction,candidate,general,instr_only,32,mmd_rbf,0.005600979086011648,128
aim_on_della__calib_instruction,candidate,general,instr_only,32,projected_js,0.05843663393170573,128
aim_on_della__calib_instruction,candidate,general,instr_only,33,mmd_rbf,0.0055307066068053246,128
aim_on_della__calib_instruction,candidate,general,instr_only,33,projected_js,0.05819659127155319,128
aim_on_della__calib_instruction,candidate,general,instr_only,34,mmd_rbf,0.006892831530421972,128
aim_on_della__calib_instruction,candidate,general,instr_only,34,projected_js,0.05805523646995425,128
aim_on_della__calib_instruction,candidate,general,instr_only,35,mmd_rbf,0.03657585009932518,128
aim_on_della__calib_instruction,candidate,general,instr_only,35,projected_js,0.08094267698470503,128
aim_on_della__calib_instruction,candidate,general,reasoning_only,0,mmd_rbf,0.016175681725144386,128
aim_on_della__calib_instruction,candidate,general,reasoning_only,0,projected_js,0.06474896788131446,128
aim_on_della__calib_instruction,candidate,general,reasoning_only,1,mmd_rbf,0.018300969153642654,128
aim_on_della__calib_instruction,candidate,general,reasoning_only,1,projected_js,0.06593031124793924,128
aim_on_della__calib_instruction,candidate,general,reasoning_only,2,mmd_rbf,0.02499747835099697,128
aim_on_della__calib_instruction,candidate,general,reasoning_only,2,projected_js,0.07010863220784813,128
aim_on_della__calib_instruction,candidate,general,reasoning_only,3,mmd_rbf,0.026774555444717407,128
aim_on_della__calib_instruction,candidate,general,reasoning_only,3,projected_js,0.07953221694333479,128
aim_on_della__calib_instruction,candidate,general,reasoning_only,4,mmd_rbf,0.026283113285899162,128
aim_on_della__calib_instruction,candidate,general,reasoning_only,4,projected_js,0.07933496381156147,128
aim_on_della__calib_instruction,candidate,general,reasoning_only,5,mmd_rbf,0.02646622434258461,128
aim_on_della__calib_instruction,candidate,general,reasoning_only,5,projected_js,0.0817322384682484,128
aim_on_della__calib_instruction,candidate,general,reasoning_only,6,mmd_rbf,0.01826360821723938,128
aim_on_della__calib_instruction,candidate,general,reasoning_only,6,projected_js,0.06993477267678827,128
aim_on_della__calib_instruction,candidate,general,reasoning_only,7,mmd_rbf,0.01672486774623394,128
aim_on_della__calib_instruction,candidate,general,reasoning_only,7,projected_js,0.06691664701793343,128
aim_on_della__calib_instruction,candidate,general,reasoning_only,8,mmd_rbf,0.012817040085792542,128
aim_on_della__calib_instruction,candidate,general,reasoning_only,8,projected_js,0.06892197241540998,128
aim_on_della__calib_instruction,candidate,general,reasoning_only,9,mmd_rbf,0.012156607583165169,128
aim_on_della__calib_instruction,candidate,general,reasoning_only,9,projected_js,0.06533695792313665,128
aim_on_della__calib_instruction,candidate,general,reasoning_only,10,mmd_rbf,0.01263217069208622,128
aim_on_della__calib_instruction,candidate,general,reasoning_only,10,projected_js,0.06302900958689861,128
aim_on_della__calib_instruction,candidate,general,reasoning_only,11,mmd_rbf,0.01141946017742157,128
aim_on_della__calib_instruction,candidate,general,reasoning_only,11,projected_js,0.06429208972258493,128
aim_on_della__calib_instruction,candidate,general,reasoning_only,12,mmd_rbf,0.01159975677728653,128
aim_on_della__calib_instruction,candidate,general,reasoning_only,12,projected_js,0.06728360606939532,128
aim_on_della__calib_instruction,candidate,general,reasoning_only,13,mmd_rbf,0.012024201452732086,128
aim_on_della__calib_instruction,candidate,general,reasoning_only,13,projected_js,0.06581446423660964,128
aim_on_della__calib_instruction,candidate,general,reasoning_only,14,mmd_rbf,0.01216561533510685,128
aim_on_della__calib_instruction,candidate,general,reasoning_only,14,projected_js,0.06435561197577044,128
aim_on_della__calib_instruction,candidate,general,reasoning_only,15,mmd_rbf,0.013178825378417969,128
aim_on_della__calib_instruction,candidate,general,reasoning_only,15,projected_js,0.06511244474677369,128
aim_on_della__calib_instruction,candidate,general,reasoning_only,16,mmd_rbf,0.013424721546471119,128
aim_on_della__calib_instruction,candidate,general,reasoning_only,16,projected_js,0.06708761065965518,128
aim_on_della__calib_instruction,candidate,general,reasoning_only,17,mmd_rbf,0.012837514281272888,128
aim_on_della__calib_instruction,candidate,general,reasoning_only,17,projected_js,0.06687214347766712,128
aim_on_della__calib_instruction,candidate,general,reasoning_only,18,mmd_rbf,0.014505229890346527,128
aim_on_della__calib_instruction,candidate,general,reasoning_only,18,projected_js,0.0669772849068977,128
aim_on_della__calib_instruction,candidate,general,reasoning_only,19,mmd_rbf,0.013368655927479267,128
aim_on_della__calib_instruction,candidate,general,reasoning_only,19,projected_js,0.064650846819859,128
aim_on_della__calib_instruction,candidate,general,reasoning_only,20,mmd_rbf,0.013199864886701107,128
aim_on_della__calib_instruction,candidate,general,reasoning_only,20,projected_js,0.06557051639538258,128
aim_on_della__calib_instruction,candidate,general,reasoning_only,21,mmd_rbf,0.014029334299266338,128
aim_on_della__calib_instruction,candidate,general,reasoning_only,21,projected_js,0.06851936562452465,128
aim_on_della__calib_instruction,candidate,general,reasoning_only,22,mmd_rbf,0.011689589358866215,128
aim_on_della__calib_instruction,candidate,general,reasoning_only,22,projected_js,0.0667677930323407,128
aim_on_della__calib_instruction,candidate,general,reasoning_only,23,mmd_rbf,0.009419821202754974,128
aim_on_della__calib_instruction,candidate,general,reasoning_only,23,projected_js,0.0674989678664133,128
aim_on_della__calib_instruction,candidate,general,reasoning_only,24,mmd_rbf,0.009432402439415455,128
aim_on_della__calib_instruction,candidate,general,reasoning_only,24,projected_js,0.06449825663003139,128
aim_on_della__calib_instruction,candidate,general,reasoning_only,25,mmd_rbf,0.008639796636998653,128
aim_on_della__calib_instruction,candidate,general,reasoning_only,25,projected_js,0.06305005261674523,128
aim_on_della__calib_instruction,candidate,general,reasoning_only,26,mmd_rbf,0.008607673458755016,128
aim_on_della__calib_instruction,candidate,general,reasoning_only,26,projected_js,0.06206846883287653,128
aim_on_della__calib_instruction,candidate,general,reasoning_only,27,mmd_rbf,0.008200976997613907,128
aim_on_della__calib_instruction,candidate,general,reasoning_only,27,projected_js,0.06088048266246915,128
aim_on_della__calib_instruction,candidate,general,reasoning_only,28,mmd_rbf,0.008436465635895729,128
aim_on_della__calib_instruction,candidate,general,reasoning_only,28,projected_js,0.059813992760609835,128
aim_on_della__calib_instruction,candidate,general,reasoning_only,29,mmd_rbf,0.008298461325466633,128
aim_on_della__calib_instruction,candidate,general,reasoning_only,29,projected_js,0.06415664381347597,128
aim_on_della__calib_instruction,candidate,general,reasoning_only,30,mmd_rbf,0.008115937933325768,128
aim_on_della__calib_instruction,candidate,general,reasoning_only,30,projected_js,0.058144247537711635,128
aim_on_della__calib_instruction,candidate,general,reasoning_only,31,mmd_rbf,0.007998473942279816,128
aim_on_della__calib_instruction,candidate,general,reasoning_only,31,projected_js,0.05770576762733981,128
aim_on_della__calib_instruction,candidate,general,reasoning_only,32,mmd_rbf,0.007951210252940655,128
aim_on_della__calib_instruction,candidate,general,reasoning_only,32,projected_js,0.0636709330137819,128
aim_on_della__calib_instruction,candidate,general,reasoning_only,33,mmd_rbf,0.007912355475127697,128
aim_on_della__calib_instruction,candidate,general,reasoning_only,33,projected_js,0.06120589334750548,128
aim_on_della__calib_instruction,candidate,general,reasoning_only,34,mmd_rbf,0.008227708749473095,128
aim_on_della__calib_instruction,candidate,general,reasoning_only,34,projected_js,0.061224886507261544,128
aim_on_della__calib_instruction,candidate,general,reasoning_only,35,mmd_rbf,0.03086118772625923,128
aim_on_della__calib_instruction,candidate,general,reasoning_only,35,projected_js,0.07490691629936919,128
aim_on_della__calib_instruction,candidate,general,uncensored_only,0,mmd_rbf,0.007133525796234608,128
aim_on_della__calib_instruction,candidate,general,uncensored_only,0,projected_js,0.04123750013241079,128
aim_on_della__calib_instruction,candidate,general,uncensored_only,1,mmd_rbf,0.15881364047527313,128
aim_on_della__calib_instruction,candidate,general,uncensored_only,1,projected_js,0.1682435717084445,128
aim_on_della__calib_instruction,candidate,general,uncensored_only,2,mmd_rbf,0.13117676973342896,128
aim_on_della__calib_instruction,candidate,general,uncensored_only,2,projected_js,0.13175137364305556,128
aim_on_della__calib_instruction,candidate,general,uncensored_only,3,mmd_rbf,0.09957064688205719,128
aim_on_della__calib_instruction,candidate,general,uncensored_only,3,projected_js,0.12306766700930893,128
aim_on_della__calib_instruction,candidate,general,uncensored_only,4,mmd_rbf,0.07237731665372849,128
aim_on_della__calib_instruction,candidate,general,uncensored_only,4,projected_js,0.1096922394935973,128
aim_on_della__calib_instruction,candidate,general,uncensored_only,5,mmd_rbf,0.04996268451213837,128
aim_on_della__calib_instruction,candidate,general,uncensored_only,5,projected_js,0.10307932586874813,128
aim_on_della__calib_instruction,candidate,general,uncensored_only,6,mmd_rbf,0.028319284319877625,128
aim_on_della__calib_instruction,candidate,general,uncensored_only,6,projected_js,0.07778530250652693,128
aim_on_della__calib_instruction,candidate,general,uncensored_only,7,mmd_rbf,0.021804053336381912,128
aim_on_della__calib_instruction,candidate,general,uncensored_only,7,projected_js,0.07373082151752897,128
aim_on_della__calib_instruction,candidate,general,uncensored_only,8,mmd_rbf,0.014564122073352337,128
aim_on_della__calib_instruction,candidate,general,uncensored_only,8,projected_js,0.06563771000946872,128
aim_on_della__calib_instruction,candidate,general,uncensored_only,9,mmd_rbf,0.012264752760529518,128
aim_on_della__calib_instruction,candidate,general,uncensored_only,9,projected_js,0.0638071441790089,128
aim_on_della__calib_instruction,candidate,general,uncensored_only,10,mmd_rbf,0.010737687349319458,128
aim_on_della__calib_instruction,candidate,general,uncensored_only,10,projected_js,0.0653504136716947,128
aim_on_della__calib_instruction,candidate,general,uncensored_only,11,mmd_rbf,0.009351778775453568,128
aim_on_della__calib_instruction,candidate,general,uncensored_only,11,projected_js,0.058478605875279754,128
aim_on_della__calib_instruction,candidate,general,uncensored_only,12,mmd_rbf,0.009113702923059464,128
aim_on_della__calib_instruction,candidate,general,uncensored_only,12,projected_js,0.06370168449939229,128
aim_on_della__calib_instruction,candidate,general,uncensored_only,13,mmd_rbf,0.009785893373191357,128
aim_on_della__calib_instruction,candidate,general,uncensored_only,13,projected_js,0.0634766930306796,128
aim_on_della__calib_instruction,candidate,general,uncensored_only,14,mmd_rbf,0.009587655775249004,128
aim_on_della__calib_instruction,candidate,general,uncensored_only,14,projected_js,0.06334462444647215,128
aim_on_della__calib_instruction,candidate,general,uncensored_only,15,mmd_rbf,0.011588038876652718,128
aim_on_della__calib_instruction,candidate,general,uncensored_only,15,projected_js,0.06329511071089655,128
aim_on_della__calib_instruction,candidate,general,uncensored_only,16,mmd_rbf,0.01283413078635931,128
aim_on_della__calib_instruction,candidate,general,uncensored_only,16,projected_js,0.06876403628848493,128
aim_on_della__calib_instruction,candidate,general,uncensored_only,17,mmd_rbf,0.012067696079611778,128
aim_on_della__calib_instruction,candidate,general,uncensored_only,17,projected_js,0.06563772435765713,128
aim_on_della__calib_instruction,candidate,general,uncensored_only,18,mmd_rbf,0.012276599183678627,128
aim_on_della__calib_instruction,candidate,general,uncensored_only,18,projected_js,0.0643290503649041,128
aim_on_della__calib_instruction,candidate,general,uncensored_only,19,mmd_rbf,0.011241879314184189,128
aim_on_della__calib_instruction,candidate,general,uncensored_only,19,projected_js,0.06632784058456309,128
aim_on_della__calib_instruction,candidate,general,uncensored_only,20,mmd_rbf,0.011009061709046364,128
aim_on_della__calib_instruction,candidate,general,uncensored_only,20,projected_js,0.06523892187396996,128
aim_on_della__calib_instruction,candidate,general,uncensored_only,21,mmd_rbf,0.011818327941000462,128
aim_on_della__calib_instruction,candidate,general,uncensored_only,21,projected_js,0.06766183252329938,128
aim_on_della__calib_instruction,candidate,general,uncensored_only,22,mmd_rbf,0.01242093276232481,128
aim_on_della__calib_instruction,candidate,general,uncensored_only,22,projected_js,0.06462871615076438,128
aim_on_della__calib_instruction,candidate,general,uncensored_only,23,mmd_rbf,0.01191722508519888,128
aim_on_della__calib_instruction,candidate,general,uncensored_only,23,projected_js,0.06661310233175755,128
aim_on_della__calib_instruction,candidate,general,uncensored_only,24,mmd_rbf,0.012391019612550735,128
aim_on_della__calib_instruction,candidate,general,uncensored_only,24,projected_js,0.07137098698876798,128
aim_on_della__calib_instruction,candidate,general,uncensored_only,25,mmd_rbf,0.012638838961720467,128
aim_on_della__calib_instruction,candidate,general,uncensored_only,25,projected_js,0.06508622359251603,128
aim_on_della__calib_instruction,candidate,general,uncensored_only,26,mmd_rbf,0.012967037037014961,128
aim_on_della__calib_instruction,candidate,general,uncensored_only,26,projected_js,0.06722677638754249,128
aim_on_della__calib_instruction,candidate,general,uncensored_only,27,mmd_rbf,0.01307023037225008,128
aim_on_della__calib_instruction,candidate,general,uncensored_only,27,projected_js,0.06566243688575923,128
aim_on_della__calib_instruction,candidate,general,uncensored_only,28,mmd_rbf,0.012129627168178558,128
aim_on_della__calib_instruction,candidate,general,uncensored_only,28,projected_js,0.06487268442288041,128
aim_on_della__calib_instruction,candidate,general,uncensored_only,29,mmd_rbf,0.011699500493705273,128
aim_on_della__calib_instruction,candidate,general,uncensored_only,29,projected_js,0.06069490473601036,128
aim_on_della__calib_instruction,candidate,general,uncensored_only,30,mmd_rbf,0.011653440073132515,128
aim_on_della__calib_instruction,candidate,general,uncensored_only,30,projected_js,0.06389729207148775,128
aim_on_della__calib_instruction,candidate,general,uncensored_only,31,mmd_rbf,0.011136178858578205,128
aim_on_della__calib_instruction,candidate,general,uncensored_only,31,projected_js,0.06087884522275999,128
aim_on_della__calib_instruction,candidate,general,uncensored_only,32,mmd_rbf,0.010960811749100685,128
aim_on_della__calib_instruction,candidate,general,uncensored_only,32,projected_js,0.061703224666416645,128
aim_on_della__calib_instruction,candidate,general,uncensored_only,33,mmd_rbf,0.011031411588191986,128
aim_on_della__calib_instruction,candidate,general,uncensored_only,33,projected_js,0.060874212183989584,128
aim_on_della__calib_instruction,candidate,general,uncensored_only,34,mmd_rbf,0.012254777364432812,128
aim_on_della__calib_instruction,candidate,general,uncensored_only,34,projected_js,0.06225389434257522,128
aim_on_della__calib_instruction,candidate,general,uncensored_only,35,mmd_rbf,0.050099100917577744,128
aim_on_della__calib_instruction,candidate,general,uncensored_only,35,projected_js,0.09233516131644137,128
aim_on_della__calib_instruction,candidate,instruction,base,0,mmd_rbf,0.0031440199818462133,128
aim_on_della__calib_instruction,candidate,instruction,base,0,projected_js,0.041770229989197105,128
aim_on_della__calib_instruction,candidate,instruction,base,1,mmd_rbf,0.0071340338326990604,128
aim_on_della__calib_instruction,candidate,instruction,base,1,projected_js,0.051003029104322195,128
aim_on_della__calib_instruction,candidate,instruction,base,2,mmd_rbf,0.007885544560849667,128
aim_on_della__calib_instruction,candidate,instruction,base,2,projected_js,0.054435068304883316,128
aim_on_della__calib_instruction,candidate,instruction,base,3,mmd_rbf,0.009987173601984978,128
aim_on_della__calib_instruction,candidate,instruction,base,3,projected_js,0.05963925499236211,128
aim_on_della__calib_instruction,candidate,instruction,base,4,mmd_rbf,0.009288795292377472,128
aim_on_della__calib_instruction,candidate,instruction,base,4,projected_js,0.06373056428856216,128
aim_on_della__calib_instruction,candidate,instruction,base,5,mmd_rbf,0.009724138304591179,128
aim_on_della__calib_instruction,candidate,instruction,base,5,projected_js,0.05758205195888877,128
aim_on_della__calib_instruction,candidate,instruction,base,6,mmd_rbf,0.008496176451444626,128
aim_on_della__calib_instruction,candidate,instruction,base,6,projected_js,0.05691080473479815,128
aim_on_della__calib_instruction,candidate,instruction,base,7,mmd_rbf,0.008126430213451385,128
aim_on_della__calib_instruction,candidate,instruction,base,7,projected_js,0.06076415232382715,128
aim_on_della__calib_instruction,candidate,instruction,base,8,mmd_rbf,0.007376197725534439,128
aim_on_della__calib_instruction,candidate,instruction,base,8,projected_js,0.060903887526365,128
aim_on_della__calib_instruction,candidate,instruction,base,9,mmd_rbf,0.008104856126010418,128
aim_on_della__calib_instruction,candidate,instruction,base,9,projected_js,0.06246035100775771,128
aim_on_della__calib_instruction,candidate,instruction,base,10,mmd_rbf,0.009223315864801407,128
aim_on_della__calib_instruction,candidate,instruction,base,10,projected_js,0.06608757370850071,128
aim_on_della__calib_instruction,candidate,instruction,base,11,mmd_rbf,0.009146994911134243,128
aim_on_della__calib_instruction,candidate,instruction,base,11,projected_js,0.06552353338338435,128
aim_on_della__calib_instruction,candidate,instruction,base,12,mmd_rbf,0.009094859473407269,128
aim_on_della__calib_instruction,candidate,instruction,base,12,projected_js,0.06941793026635423,128
aim_on_della__calib_instruction,candidate,instruction,base,13,mmd_rbf,0.009819171391427517,128
aim_on_della__calib_instruction,candidate,instruction,base,13,projected_js,0.06818618840770796,128
aim_on_della__calib_instruction,candidate,instruction,base,14,mmd_rbf,0.01052605640143156,128
aim_on_della__calib_instruction,candidate,instruction,base,14,projected_js,0.06542078906204551,128
aim_on_della__calib_instruction,candidate,instruction,base,15,mmd_rbf,0.011556285433471203,128
aim_on_della__calib_instruction,candidate,instruction,base,15,projected_js,0.0683672612067312,128
aim_on_della__calib_instruction,candidate,instruction,base,16,mmd_rbf,0.012454255484044552,128
aim_on_della__calib_instruction,candidate,instruction,base,16,projected_js,0.06916191265918314,128
aim_on_della__calib_instruction,candidate,instruction,base,17,mmd_rbf,0.012261155061423779,128
aim_on_della__calib_instruction,candidate,instruction,base,17,projected_js,0.07095922180451453,128
aim_on_della__calib_instruction,candidate,instruction,base,18,mmd_rbf,0.013338619843125343,128
aim_on_della__calib_instruction,candidate,instruction,base,18,projected_js,0.07278913556365296,128
aim_on_della__calib_instruction,candidate,instruction,base,19,mmd_rbf,0.014598223380744457,128
aim_on_della__calib_instruction,candidate,instruction,base,19,projected_js,0.07067832053871825,128
aim_on_della__calib_instruction,candidate,instruction,base,20,mmd_rbf,0.014660367742180824,128
aim_on_della__calib_instruction,candidate,instruction,base,20,projected_js,0.07086182717466727,128
aim_on_della__calib_instruction,candidate,instruction,base,21,mmd_rbf,0.015661587938666344,128
aim_on_della__calib_instruction,candidate,instruction,base,21,projected_js,0.07330923998961225,128
aim_on_della__calib_instruction,candidate,instruction,base,22,mmd_rbf,0.015064582228660583,128
aim_on_della__calib_instruction,candidate,instruction,base,22,projected_js,0.07193820568500087,128
aim_on_della__calib_instruction,candidate,instruction,base,23,mmd_rbf,0.014029351063072681,128
aim_on_della__calib_instruction,candidate,instruction,base,23,projected_js,0.07207655283855274,128
aim_on_della__calib_instruction,candidate,instruction,base,24,mmd_rbf,0.013013665564358234,128
aim_on_della__calib_instruction,candidate,instruction,base,24,projected_js,0.07183710276149213,128
aim_on_della__calib_instruction,candidate,instruction,base,25,mmd_rbf,0.012220538221299648,128
aim_on_della__calib_instruction,candidate,instruction,base,25,projected_js,0.06912664783885702,128
aim_on_della__calib_instruction,candidate,instruction,base,26,mmd_rbf,0.011825228109955788,128
aim_on_della__calib_instruction,candidate,instruction,base,26,projected_js,0.06846407754346728,128
aim_on_della__calib_instruction,candidate,instruction,base,27,mmd_rbf,0.011383745819330215,128
aim_on_della__calib_instruction,candidate,instruction,base,27,projected_js,0.06602130481041968,128
aim_on_della__calib_instruction,candidate,instruction,base,28,mmd_rbf,0.010644040070474148,128
aim_on_della__calib_instruction,candidate,instruction,base,28,projected_js,0.06966488208854571,128
aim_on_della__calib_instruction,candidate,instruction,base,29,mmd_rbf,0.010084296576678753,128
aim_on_della__calib_instruction,candidate,instruction,base,29,projected_js,0.0669294924591668,128
aim_on_della__calib_instruction,candidate,instruction,base,30,mmd_rbf,0.009861546568572521,128
aim_on_della__calib_instruction,candidate,instruction,base,30,projected_js,0.06662886613048613,128
aim_on_della__calib_instruction,candidate,instruction,base,31,mmd_rbf,0.009596488438546658,128
aim_on_della__calib_instruction,candidate,instruction,base,31,projected_js,0.07019038300495595,128
aim_on_della__calib_instruction,candidate,instruction,base,32,mmd_rbf,0.009992829523980618,128
aim_on_della__calib_instruction,candidate,instruction,base,32,projected_js,0.06778017512988299,128
aim_on_della__calib_instruction,candidate,instruction,base,33,mmd_rbf,0.01034428272396326,128
aim_on_della__calib_instruction,candidate,instruction,base,33,projected_js,0.06581604154780507,128
aim_on_della__calib_instruction,candidate,instruction,base,34,mmd_rbf,0.015780074521899223,128
aim_on_della__calib_instruction,candidate,instruction,base,34,projected_js,0.07610060478327796,128
aim_on_della__calib_instruction,candidate,instruction,base,35,mmd_rbf,0.05359907075762749,128
aim_on_della__calib_instruction,candidate,instruction,base,35,projected_js,0.11463177634868771,128
aim_on_della__calib_instruction,candidate,instruction,instr_only,0,mmd_rbf,0.0018147797090932727,128
aim_on_della__calib_instruction,candidate,instruction,instr_only,0,projected_js,0.03499594682944007,128
aim_on_della__calib_instruction,candidate,instruction,instr_only,1,mmd_rbf,0.004616189282387495,128
aim_on_della__calib_instruction,candidate,instruction,instr_only,1,projected_js,0.04238594166235998,128
aim_on_della__calib_instruction,candidate,instruction,instr_only,2,mmd_rbf,0.005392338614910841,128
aim_on_della__calib_instruction,candidate,instruction,instr_only,2,projected_js,0.0469639464863576,128
aim_on_della__calib_instruction,candidate,instruction,instr_only,3,mmd_rbf,0.005405236966907978,128
aim_on_della__calib_instruction,candidate,instruction,instr_only,3,projected_js,0.045544494525529444,128
aim_on_della__calib_instruction,candidate,instruction,instr_only,4,mmd_rbf,0.005503401160240173,128
aim_on_della__calib_instruction,candidate,instruction,instr_only,4,projected_js,0.04935802015825175,128
aim_on_della__calib_instruction,candidate,instruction,instr_only,5,mmd_rbf,0.005743710789829493,128
aim_on_della__calib_instruction,candidate,instruction,instr_only,5,projected_js,0.045986304292455316,128
aim_on_della__calib_instruction,candidate,instruction,instr_only,6,mmd_rbf,0.0041449107229709625,128
aim_on_della__calib_instruction,candidate,instruction,instr_only,6,projected_js,0.049314897041767836,128
aim_on_della__calib_instruction,candidate,instruction,instr_only,7,mmd_rbf,0.003577533410862088,128
aim_on_della__calib_instruction,candidate,instruction,instr_only,7,projected_js,0.05126963689690456,128
aim_on_della__calib_instruction,candidate,instruction,instr_only,8,mmd_rbf,0.0032000336796045303,128
aim_on_della__calib_instruction,candidate,instruction,instr_only,8,projected_js,0.05231143021956086,128
aim_on_della__calib_instruction,candidate,instruction,instr_only,9,mmd_rbf,0.0030891818460077047,128
aim_on_della__calib_instruction,candidate,instruction,instr_only,9,projected_js,0.05532606958877295,128
aim_on_della__calib_instruction,candidate,instruction,instr_only,10,mmd_rbf,0.0034199494402855635,128
aim_on_della__calib_instruction,candidate,instruction,instr_only,10,projected_js,0.05570140990312211,128
aim_on_della__calib_instruction,candidate,instruction,instr_only,11,mmd_rbf,0.0032204166054725647,128
aim_on_della__calib_instruction,candidate,instruction,instr_only,11,projected_js,0.05904878460569307,128
aim_on_della__calib_instruction,candidate,instruction,instr_only,12,mmd_rbf,0.003278686897829175,128
aim_on_della__calib_instruction,candidate,instruction,instr_only,12,projected_js,0.057211220933822915,128
aim_on_della__calib_instruction,candidate,instruction,instr_only,13,mmd_rbf,0.003361425595358014,128
aim_on_della__calib_instruction,candidate,instruction,instr_only,13,projected_js,0.060773415403673425,128
aim_on_della__calib_instruction,candidate,instruction,instr_only,14,mmd_rbf,0.0034102064091712236,128
aim_on_della__calib_instruction,candidate,instruction,instr_only,14,projected_js,0.05542002062429674,128
aim_on_della__calib_instruction,candidate,instruction,instr_only,15,mmd_rbf,0.0035493471659719944,128
aim_on_della__calib_instruction,candidate,instruction,instr_only,15,projected_js,0.06122937038890086,128
aim_on_della__calib_instruction,candidate,instruction,instr_only,16,mmd_rbf,0.0036632746923714876,128
aim_on_della__calib_instruction,candidate,instruction,instr_only,16,projected_js,0.06178381052450277,128
aim_on_della__calib_instruction,candidate,instruction,instr_only,17,mmd_rbf,0.003838849486783147,128
aim_on_della__calib_instruction,candidate,instruction,instr_only,17,projected_js,0.06057719362434,128
aim_on_della__calib_instruction,candidate,instruction,instr_only,18,mmd_rbf,0.00411553168669343,128
aim_on_della__calib_instruction,candidate,instruction,instr_only,18,projected_js,0.058801131846848875,128
aim_on_della__calib_instruction,candidate,instruction,instr_only,19,mmd_rbf,0.0047035375609993935,128
aim_on_della__calib_instruction,candidate,instruction,instr_only,19,projected_js,0.06205056485487148,128
aim_on_della__calib_instruction,candidate,instruction,instr_only,20,mmd_rbf,0.005105874035507441,128
aim_on_della__calib_instruction,candidate,instruction,instr_only,20,projected_js,0.060387585195712745,128
aim_on_della__calib_instruction,candidate,instruction,instr_only,21,mmd_rbf,0.00590674951672554,128
aim_on_della__calib_instruction,candidate,instruction,instr_only,21,projected_js,0.06191751014557667,128
aim_on_della__calib_instruction,candidate,instruction,instr_only,22,mmd_rbf,0.006359279155731201,128
aim_on_della__calib_instruction,candidate,instruction,instr_only,22,projected_js,0.06346566948923282,128
aim_on_della__calib_instruction,candidate,instruction,instr_only,23,mmd_rbf,0.006535456981509924,128
aim_on_della__calib_instruction,candidate,instruction,instr_only,23,projected_js,0.06340258661657572,128
aim_on_della__calib_instruction,candidate,instruction,instr_only,24,mmd_rbf,0.006585011724382639,128
aim_on_della__calib_instruction,candidate,instruction,instr_only,24,projected_js,0.06565541657619178,128
aim_on_della__calib_instruction,candidate,instruction,instr_only,25,mmd_rbf,0.006706343498080969,128
aim_on_della__calib_instruction,candidate,instruction,instr_only,25,projected_js,0.06654014042578638,128
aim_on_della__calib_instruction,candidate,instruction,instr_only,26,mmd_rbf,0.006914433091878891,128
aim_on_della__calib_instruction,candidate,instruction,instr_only,26,projected_js,0.0660859394702129,128
aim_on_della__calib_instruction,candidate,instruction,instr_only,27,mmd_rbf,0.006867039483040571,128
aim_on_della__calib_instruction,candidate,instruction,instr_only,27,projected_js,0.0642583366134204,128
aim_on_della__calib_instruction,candidate,instruction,instr_only,28,mmd_rbf,0.006472773849964142,128
aim_on_della__calib_instruction,candidate,instruction,instr_only,28,projected_js,0.06491526908939704,128
aim_on_della__calib_instruction,candidate,instruction,instr_only,29,mmd_rbf,0.006097685545682907,128
aim_on_della__calib_instruction,candidate,instruction,instr_only,29,projected_js,0.0642816792242229,128
aim_on_della__calib_instruction,candidate,instruction,instr_only,30,mmd_rbf,0.005948884412646294,128
aim_on_della__calib_instruction,candidate,instruction,instr_only,30,projected_js,0.06239174696383998,128
aim_on_della__calib_instruction,candidate,instruction,instr_only,31,mmd_rbf,0.005903568118810654,128
aim_on_della__calib_instruction,candidate,instruction,instr_only,31,projected_js,0.06202272538212128,128
aim_on_della__calib_instruction,candidate,instruction,instr_only,32,mmd_rbf,0.005944948643445969,128
aim_on_della__calib_instruction,candidate,instruction,instr_only,32,projected_js,0.06290485855424777,128
aim_on_della__calib_instruction,candidate,instruction,instr_only,33,mmd_rbf,0.006067928858101368,128
aim_on_della__calib_instruction,candidate,instruction,instr_only,33,projected_js,0.061059876170475036,128
aim_on_della__calib_instruction,candidate,instruction,instr_only,34,mmd_rbf,0.007687640376389027,128
aim_on_della__calib_instruction,candidate,instruction,instr_only,34,projected_js,0.06414983351714909,128
aim_on_della__calib_instruction,candidate,instruction,instr_only,35,mmd_rbf,0.03512880951166153,128
aim_on_della__calib_instruction,candidate,instruction,instr_only,35,projected_js,0.09222867456264794,128
aim_on_della__calib_instruction,candidate,instruction,reasoning_only,0,mmd_rbf,0.007555404212325811,128
aim_on_della__calib_instruction,candidate,instruction,reasoning_only,0,projected_js,0.06039327709004283,128
aim_on_della__calib_instruction,candidate,instruction,reasoning_only,1,mmd_rbf,0.012587732635438442,128
aim_on_della__calib_instruction,candidate,instruction,reasoning_only,1,projected_js,0.06372542781173252,128
aim_on_della__calib_instruction,candidate,instruction,reasoning_only,2,mmd_rbf,0.019066207110881805,128
aim_on_della__calib_instruction,candidate,instruction,reasoning_only,2,projected_js,0.06845705636078492,128
aim_on_della__calib_instruction,candidate,instruction,reasoning_only,3,mmd_rbf,0.02054409496486187,128
aim_on_della__calib_instruction,candidate,instruction,reasoning_only,3,projected_js,0.0701846448937431,128
aim_on_della__calib_instruction,candidate,instruction,reasoning_only,4,mmd_rbf,0.021785520017147064,128
aim_on_della__calib_instruction,candidate,instruction,reasoning_only,4,projected_js,0.08062406175304204,128
aim_on_della__calib_instruction,candidate,instruction,reasoning_only,5,mmd_rbf,0.02392667904496193,128
aim_on_della__calib_instruction,candidate,instruction,reasoning_only,5,projected_js,0.07882486266316846,128
aim_on_della__calib_instruction,candidate,instruction,reasoning_only,6,mmd_rbf,0.018041810020804405,128
aim_on_della__calib_instruction,candidate,instruction,reasoning_only,6,projected_js,0.0769413894158788,128
aim_on_della__calib_instruction,candidate,instruction,reasoning_only,7,mmd_rbf,0.017716730013489723,128
aim_on_della__calib_instruction,candidate,instruction,reasoning_only,7,projected_js,0.07636693032691255,128
aim_on_della__calib_instruction,candidate,instruction,reasoning_only,8,mmd_rbf,0.013955575414001942,128
aim_on_della__calib_instruction,candidate,instruction,reasoning_only,8,projected_js,0.07548849668819457,128
aim_on_della__calib_instruction,candidate,instruction,reasoning_only,9,mmd_rbf,0.013576027937233448,128
aim_on_della__calib_instruction,candidate,instruction,reasoning_only,9,projected_js,0.07507471076678485,128
aim_on_della__calib_instruction,candidate,instruction,reasoning_only,10,mmd_rbf,0.01507616974413395,128
aim_on_della__calib_instruction,candidate,instruction,reasoning_only,10,projected_js,0.07335352734662592,128
aim_on_della__calib_instruction,candidate,instruction,reasoning_only,11,mmd_rbf,0.014378941617906094,128
aim_on_della__calib_instruction,candidate,instruction,reasoning_only,11,projected_js,0.07214327662950382,128
aim_on_della__calib_instruction,candidate,instruction,reasoning_only,12,mmd_rbf,0.015124409459531307,128
aim_on_della__calib_instruction,candidate,instruction,reasoning_only,12,projected_js,0.07505827775457874,128
aim_on_della__calib_instruction,candidate,instruction,reasoning_only,13,mmd_rbf,0.01586591824889183,128
aim_on_della__calib_instruction,candidate,instruction,reasoning_only,13,projected_js,0.07961756724398583,128
aim_on_della__calib_instruction,candidate,instruction,reasoning_only,14,mmd_rbf,0.016080398112535477,128
aim_on_della__calib_instruction,candidate,instruction,reasoning_only,14,projected_js,0.07557064772117883,128
aim_on_della__calib_instruction,candidate,instruction,reasoning_only,15,mmd_rbf,0.017223795875906944,128
aim_on_della__calib_instruction,candidate,instruction,reasoning_only,15,projected_js,0.0749551021726802,128
aim_on_della__calib_instruction,candidate,instruction,reasoning_only,16,mmd_rbf,0.01755012944340706,128
aim_on_della__calib_instruction,candidate,instruction,reasoning_only,16,projected_js,0.07887522672535852,128
aim_on_della__calib_instruction,candidate,instruction,reasoning_only,17,mmd_rbf,0.017161084339022636,128
aim_on_della__calib_instruction,candidate,instruction,reasoning_only,17,projected_js,0.07250867265975103,128
aim_on_della__calib_instruction,candidate,instruction,reasoning_only,18,mmd_rbf,0.019602959975600243,128
aim_on_della__calib_instruction,candidate,instruction,reasoning_only,18,projected_js,0.07566769677214324,128
aim_on_della__calib_instruction,candidate,instruction,reasoning_only,19,mmd_rbf,0.01998545601963997,128
aim_on_della__calib_instruction,candidate,instruction,reasoning_only,19,projected_js,0.07820764003554359,128
aim_on_della__calib_instruction,candidate,instruction,reasoning_only,20,mmd_rbf,0.019879838451743126,128
aim_on_della__calib_instruction,candidate,instruction,reasoning_only,20,projected_js,0.07581135869259015,128
aim_on_della__calib_instruction,candidate,instruction,reasoning_only,21,mmd_rbf,0.020793739706277847,128
aim_on_della__calib_instruction,candidate,instruction,reasoning_only,21,projected_js,0.07839658332522959,128
aim_on_della__calib_instruction,candidate,instruction,reasoning_only,22,mmd_rbf,0.019205395132303238,128
aim_on_della__calib_instruction,candidate,instruction,reasoning_only,22,projected_js,0.07738346525002271,128
aim_on_della__calib_instruction,candidate,instruction,reasoning_only,23,mmd_rbf,0.016602544113993645,128
aim_on_della__calib_instruction,candidate,instruction,reasoning_only,23,projected_js,0.07750703545752913,128
aim_on_della__calib_instruction,candidate,instruction,reasoning_only,24,mmd_rbf,0.01713584177196026,128
aim_on_della__calib_instruction,candidate,instruction,reasoning_only,24,projected_js,0.07651777658611536,128
aim_on_della__calib_instruction,candidate,instruction,reasoning_only,25,mmd_rbf,0.01628509722650051,128
aim_on_della__calib_instruction,candidate,instruction,reasoning_only,25,projected_js,0.07340638560708612,128
aim_on_della__calib_instruction,candidate,instruction,reasoning_only,26,mmd_rbf,0.0165840033441782,128
aim_on_della__calib_instruction,candidate,instruction,reasoning_only,26,projected_js,0.0729716036003083,128
aim_on_della__calib_instruction,candidate,instruction,reasoning_only,27,mmd_rbf,0.01633272133767605,128
aim_on_della__calib_instruction,candidate,instruction,reasoning_only,27,projected_js,0.07492614060174674,128
aim_on_della__calib_instruction,candidate,instruction,reasoning_only,28,mmd_rbf,0.016634490340948105,128
aim_on_della__calib_instruction,candidate,instruction,reasoning_only,28,projected_js,0.07465995743405074,128
aim_on_della__calib_instruction,candidate,instruction,reasoning_only,29,mmd_rbf,0.016108108684420586,128
aim_on_della__calib_instruction,candidate,instruction,reasoning_only,29,projected_js,0.07426197949098423,128
aim_on_della__calib_instruction,candidate,instruction,reasoning_only,30,mmd_rbf,0.016568293794989586,128
aim_on_della__calib_instruction,candidate,instruction,reasoning_only,30,projected_js,0.0743864705436863,128
aim_on_della__calib_instruction,candidate,instruction,reasoning_only,31,mmd_rbf,0.016301607713103294,128
aim_on_della__calib_instruction,candidate,instruction,reasoning_only,31,projected_js,0.0724719570716843,128
aim_on_della__calib_instruction,candidate,instruction,reasoning_only,32,mmd_rbf,0.015996858477592468,128
aim_on_della__calib_instruction,candidate,instruction,reasoning_only,32,projected_js,0.07274944143136963,128
aim_on_della__calib_instruction,candidate,instruction,reasoning_only,33,mmd_rbf,0.01500190794467926,128
aim_on_della__calib_instruction,candidate,instruction,reasoning_only,33,projected_js,0.07111580978380516,128
aim_on_della__calib_instruction,candidate,instruction,reasoning_only,34,mmd_rbf,0.015165544115006924,128
aim_on_della__calib_instruction,candidate,instruction,reasoning_only,34,projected_js,0.07209799205884337,128
aim_on_della__calib_instruction,candidate,instruction,reasoning_only,35,mmd_rbf,0.021521730348467827,128
aim_on_della__calib_instruction,candidate,instruction,reasoning_only,35,projected_js,0.07488633901812136,128
aim_on_della__calib_instruction,candidate,instruction,uncensored_only,0,mmd_rbf,0.005012223031371832,128
aim_on_della__calib_instruction,candidate,instruction,uncensored_only,0,projected_js,0.04633857024600729,128
aim_on_della__calib_instruction,candidate,instruction,uncensored_only,1,mmd_rbf,0.12566684186458588,128
aim_on_della__calib_instruction,candidate,instruction,uncensored_only,1,projected_js,0.15084516585920937,128
aim_on_della__calib_instruction,candidate,instruction,uncensored_only,2,mmd_rbf,0.11176949739456177,128
aim_on_della__calib_instruction,candidate,instruction,uncensored_only,2,projected_js,0.1356917475350201,128
aim_on_della__calib_instruction,candidate,instruction,uncensored_only,3,mmd_rbf,0.0834813117980957,128
aim_on_della__calib_instruction,candidate,instruction,uncensored_only,3,projected_js,0.1176124601624906,128
aim_on_della__calib_instruction,candidate,instruction,uncensored_only,4,mmd_rbf,0.06081434711813927,128
aim_on_della__calib_instruction,candidate,instruction,uncensored_only,4,projected_js,0.11175516224466264,128
aim_on_della__calib_instruction,candidate,instruction,uncensored_only,5,mmd_rbf,0.0447300523519516,128
aim_on_della__calib_instruction,candidate,instruction,uncensored_only,5,projected_js,0.09587389539228752,128
aim_on_della__calib_instruction,candidate,instruction,uncensored_only,6,mmd_rbf,0.02710345759987831,128
aim_on_della__calib_instruction,candidate,instruction,uncensored_only,6,projected_js,0.0849373341188766,128
aim_on_della__calib_instruction,candidate,instruction,uncensored_only,7,mmd_rbf,0.021785607561469078,128
aim_on_della__calib_instruction,candidate,instruction,uncensored_only,7,projected_js,0.07826701915473677,128
aim_on_della__calib_instruction,candidate,instruction,uncensored_only,8,mmd_rbf,0.015144921839237213,128
aim_on_della__calib_instruction,candidate,instruction,uncensored_only,8,projected_js,0.0739653016498778,128
aim_on_della__calib_instruction,candidate,instruction,uncensored_only,9,mmd_rbf,0.012712495401501656,128
aim_on_della__calib_instruction,candidate,instruction,uncensored_only,9,projected_js,0.06745332898572087,128
aim_on_della__calib_instruction,candidate,instruction,uncensored_only,10,mmd_rbf,0.011501758359372616,128
aim_on_della__calib_instruction,candidate,instruction,uncensored_only,10,projected_js,0.06796871667029336,128
aim_on_della__calib_instruction,candidate,instruction,uncensored_only,11,mmd_rbf,0.009594875387847424,128
aim_on_della__calib_instruction,candidate,instruction,uncensored_only,11,projected_js,0.06713424457120709,128
aim_on_della__calib_instruction,candidate,instruction,uncensored_only,12,mmd_rbf,0.009471111930906773,128
aim_on_della__calib_instruction,candidate,instruction,uncensored_only,12,projected_js,0.06864236376713961,128
aim_on_della__calib_instruction,candidate,instruction,uncensored_only,13,mmd_rbf,0.009849612601101398,128
aim_on_della__calib_instruction,candidate,instruction,uncensored_only,13,projected_js,0.07040136336581782,128
aim_on_della__calib_instruction,candidate,instruction,uncensored_only,14,mmd_rbf,0.010289985686540604,128
aim_on_della__calib_instruction,candidate,instruction,uncensored_only,14,projected_js,0.06702131626661867,128
aim_on_della__calib_instruction,candidate,instruction,uncensored_only,15,mmd_rbf,0.012082711793482304,128
aim_on_della__calib_instruction,candidate,instruction,uncensored_only,15,projected_js,0.07070917286910117,128
aim_on_della__calib_instruction,candidate,instruction,uncensored_only,16,mmd_rbf,0.012742558494210243,128
aim_on_della__calib_instruction,candidate,instruction,uncensored_only,16,projected_js,0.07061379158403724,128
aim_on_della__calib_instruction,candidate,instruction,uncensored_only,17,mmd_rbf,0.012369013391435146,128
aim_on_della__calib_instruction,candidate,instruction,uncensored_only,17,projected_js,0.06742557854158804,128
aim_on_della__calib_instruction,candidate,instruction,uncensored_only,18,mmd_rbf,0.012449090369045734,128
aim_on_della__calib_instruction,candidate,instruction,uncensored_only,18,projected_js,0.07007375196553767,128
aim_on_della__calib_instruction,candidate,instruction,uncensored_only,19,mmd_rbf,0.012343828566372395,128
aim_on_della__calib_instruction,candidate,instruction,uncensored_only,19,projected_js,0.07205128099303693,128
aim_on_della__calib_instruction,candidate,instruction,uncensored_only,20,mmd_rbf,0.012689745984971523,128
aim_on_della__calib_instruction,candidate,instruction,uncensored_only,20,projected_js,0.06767493853112683,128
aim_on_della__calib_instruction,candidate,instruction,uncensored_only,21,mmd_rbf,0.013890658505260944,128
aim_on_della__calib_instruction,candidate,instruction,uncensored_only,21,projected_js,0.07304706977447495,128
aim_on_della__calib_instruction,candidate,instruction,uncensored_only,22,mmd_rbf,0.015316876582801342,128
aim_on_della__calib_instruction,candidate,instruction,uncensored_only,22,projected_js,0.07117916253628209,128
aim_on_della__calib_instruction,candidate,instruction,uncensored_only,23,mmd_rbf,0.015340159647166729,128
aim_on_della__calib_instruction,candidate,instruction,uncensored_only,23,projected_js,0.07417383103165776,128
aim_on_della__calib_instruction,candidate,instruction,uncensored_only,24,mmd_rbf,0.01672997884452343,128
aim_on_della__calib_instruction,candidate,instruction,uncensored_only,24,projected_js,0.0744013405055739,128
aim_on_della__calib_instruction,candidate,instruction,uncensored_only,25,mmd_rbf,0.017382731661200523,128
aim_on_della__calib_instruction,candidate,instruction,uncensored_only,25,projected_js,0.07912550488254055,128
aim_on_della__calib_instruction,candidate,instruction,uncensored_only,26,mmd_rbf,0.017715252935886383,128
aim_on_della__calib_instruction,candidate,instruction,uncensored_only,26,projected_js,0.07798195141367614,128
aim_on_della__calib_instruction,candidate,instruction,uncensored_only,27,mmd_rbf,0.017641447484493256,128
aim_on_della__calib_instruction,candidate,instruction,uncensored_only,27,projected_js,0.07458580291131511,128
aim_on_della__calib_instruction,candidate,instruction,uncensored_only,28,mmd_rbf,0.015797341242432594,128
aim_on_della__calib_instruction,candidate,instruction,uncensored_only,28,projected_js,0.0737815688480623,128
aim_on_della__calib_instruction,candidate,instruction,uncensored_only,29,mmd_rbf,0.014912775717675686,128
aim_on_della__calib_instruction,candidate,instruction,uncensored_only,29,projected_js,0.07429100124863908,128
aim_on_della__calib_instruction,candidate,instruction,uncensored_only,30,mmd_rbf,0.01496125292032957,128
aim_on_della__calib_instruction,candidate,instruction,uncensored_only,30,projected_js,0.07076033391058445,128
aim_on_della__calib_instruction,candidate,instruction,uncensored_only,31,mmd_rbf,0.014427299611270428,128
aim_on_della__calib_instruction,candidate,instruction,uncensored_only,31,projected_js,0.06742228788789362,128
aim_on_della__calib_instruction,candidate,instruction,uncensored_only,32,mmd_rbf,0.014292873442173004,128
aim_on_della__calib_instruction,candidate,instruction,uncensored_only,32,projected_js,0.07029398533632047,128
aim_on_della__calib_instruction,candidate,instruction,uncensored_only,33,mmd_rbf,0.014317375607788563,128
aim_on_della__calib_instruction,candidate,instruction,uncensored_only,33,projected_js,0.06899990857345983,128
aim_on_della__calib_instruction,candidate,instruction,uncensored_only,34,mmd_rbf,0.015948301181197166,128
aim_on_della__calib_instruction,candidate,instruction,uncensored_only,34,projected_js,0.07292464224155992,128
aim_on_della__calib_instruction,candidate,instruction,uncensored_only,35,mmd_rbf,0.04453219845890999,128
aim_on_della__calib_instruction,candidate,instruction,uncensored_only,35,projected_js,0.09234901086892933,128
aim_on_della__calib_instruction,candidate,reasoning,base,0,mmd_rbf,0.0020380974747240543,128
aim_on_della__calib_instruction,candidate,reasoning,base,0,projected_js,0.041899907402694225,128
aim_on_della__calib_instruction,candidate,reasoning,base,1,mmd_rbf,0.004947036504745483,128
aim_on_della__calib_instruction,candidate,reasoning,base,1,projected_js,0.04613710689591244,128
aim_on_della__calib_instruction,candidate,reasoning,base,2,mmd_rbf,0.005374159663915634,128
aim_on_della__calib_instruction,candidate,reasoning,base,2,projected_js,0.04656287431134842,128
aim_on_della__calib_instruction,candidate,reasoning,base,3,mmd_rbf,0.0062628923915326595,128
aim_on_della__calib_instruction,candidate,reasoning,base,3,projected_js,0.05248479198780842,128
aim_on_della__calib_instruction,candidate,reasoning,base,4,mmd_rbf,0.006293224636465311,128
aim_on_della__calib_instruction,candidate,reasoning,base,4,projected_js,0.05277829078841023,128
aim_on_della__calib_instruction,candidate,reasoning,base,5,mmd_rbf,0.005676125176250935,128
aim_on_della__calib_instruction,candidate,reasoning,base,5,projected_js,0.052682040055515245,128
aim_on_della__calib_instruction,candidate,reasoning,base,6,mmd_rbf,0.004511415492743254,128
aim_on_della__calib_instruction,candidate,reasoning,base,6,projected_js,0.05055882906890474,128
aim_on_della__calib_instruction,candidate,reasoning,base,7,mmd_rbf,0.004410925786942244,128
aim_on_della__calib_instruction,candidate,reasoning,base,7,projected_js,0.0551613176940009,128
aim_on_della__calib_instruction,candidate,reasoning,base,8,mmd_rbf,0.004171072971075773,128
aim_on_della__calib_instruction,candidate,reasoning,base,8,projected_js,0.0565719380392693,128
aim_on_della__calib_instruction,candidate,reasoning,base,9,mmd_rbf,0.004424049984663725,128
aim_on_della__calib_instruction,candidate,reasoning,base,9,projected_js,0.058284226717660204,128
aim_on_della__calib_instruction,candidate,reasoning,base,10,mmd_rbf,0.004887344781309366,128
aim_on_della__calib_instruction,candidate,reasoning,base,10,projected_js,0.05210991986677982,128
aim_on_della__calib_instruction,candidate,reasoning,base,11,mmd_rbf,0.004730188753455877,128
aim_on_della__calib_instruction,candidate,reasoning,base,11,projected_js,0.05265052311006002,128
aim_on_della__calib_instruction,candidate,reasoning,base,12,mmd_rbf,0.0049894885160028934,128
aim_on_della__calib_instruction,candidate,reasoning,base,12,projected_js,0.055518560140626505,128
aim_on_della__calib_instruction,candidate,reasoning,base,13,mmd_rbf,0.005077028181403875,128
aim_on_della__calib_instruction,candidate,reasoning,base,13,projected_js,0.06000800966285169,128
aim_on_della__calib_instruction,candidate,reasoning,base,14,mmd_rbf,0.005267687141895294,128
aim_on_della__calib_instruction,candidate,reasoning,base,14,projected_js,0.05818084007478319,128
aim_on_della__calib_instruction,candidate,reasoning,base,15,mmd_rbf,0.005696769338101149,128
aim_on_della__calib_instruction,candidate,reasoning,base,15,projected_js,0.05820879800012335,128
aim_on_della__calib_instruction,candidate,reasoning,base,16,mmd_rbf,0.006278311368077993,128
aim_on_della__calib_instruction,candidate,reasoning,base,16,projected_js,0.05728205048944801,128
aim_on_della__calib_instruction,candidate,reasoning,base,17,mmd_rbf,0.006148101296275854,128
aim_on_della__calib_instruction,candidate,reasoning,base,17,projected_js,0.057884819427272305,128
aim_on_della__calib_instruction,candidate,reasoning,base,18,mmd_rbf,0.006556317210197449,128
aim_on_della__calib_instruction,candidate,reasoning,base,18,projected_js,0.06210610922425985,128
aim_on_della__calib_instruction,candidate,reasoning,base,19,mmd_rbf,0.006871182005852461,128
aim_on_della__calib_instruction,candidate,reasoning,base,19,projected_js,0.06161373422946781,128
aim_on_della__calib_instruction,candidate,reasoning,base,20,mmd_rbf,0.0066872346214950085,128
aim_on_della__calib_instruction,candidate,reasoning,base,20,projected_js,0.061021127039566636,128
aim_on_della__calib_instruction,candidate,reasoning,base,21,mmd_rbf,0.006859973073005676,128
aim_on_della__calib_instruction,candidate,reasoning,base,21,projected_js,0.05838447640417144,128
aim_on_della__calib_instruction,candidate,reasoning,base,22,mmd_rbf,0.006441530771553516,128
aim_on_della__calib_instruction,candidate,reasoning,base,22,projected_js,0.0587136167450808,128
aim_on_della__calib_instruction,candidate,reasoning,base,23,mmd_rbf,0.006264652591198683,128
aim_on_della__calib_instruction,candidate,reasoning,base,23,projected_js,0.0574250947101973,128
aim_on_della__calib_instruction,candidate,reasoning,base,24,mmd_rbf,0.00575990928336978,128
aim_on_della__calib_instruction,candidate,reasoning,base,24,projected_js,0.05623787548393011,128
aim_on_della__calib_instruction,candidate,reasoning,base,25,mmd_rbf,0.005512441508471966,128
aim_on_della__calib_instruction,candidate,reasoning,base,25,projected_js,0.05956807668553665,128
aim_on_della__calib_instruction,candidate,reasoning,base,26,mmd_rbf,0.00539408391341567,128
aim_on_della__calib_instruction,candidate,reasoning,base,26,projected_js,0.060775369638577104,128
aim_on_della__calib_instruction,candidate,reasoning,base,27,mmd_rbf,0.005410350393503904,128
aim_on_della__calib_instruction,candidate,reasoning,base,27,projected_js,0.06184511008905247,128
aim_on_della__calib_instruction,candidate,reasoning,base,28,mmd_rbf,0.005497212987393141,128
aim_on_della__calib_instruction,candidate,reasoning,base,28,projected_js,0.06047236023005098,128
aim_on_della__calib_instruction,candidate,reasoning,base,29,mmd_rbf,0.0056256758980453014,128
aim_on_della__calib_instruction,candidate,reasoning,base,29,projected_js,0.05982924246927723,128
aim_on_della__calib_instruction,candidate,reasoning,base,30,mmd_rbf,0.005698852241039276,128
aim_on_della__calib_instruction,candidate,reasoning,base,30,projected_js,0.05917801387840882,128
aim_on_della__calib_instruction,candidate,reasoning,base,31,mmd_rbf,0.005710057448595762,128
aim_on_della__calib_instruction,candidate,reasoning,base,31,projected_js,0.05839559208834544,128
aim_on_della__calib_instruction,candidate,reasoning,base,32,mmd_rbf,0.006124515552073717,128
aim_on_della__calib_instruction,candidate,reasoning,base,32,projected_js,0.05829527380410582,128
aim_on_della__calib_instruction,candidate,reasoning,base,33,mmd_rbf,0.006463666912168264,128
aim_on_della__calib_instruction,candidate,reasoning,base,33,projected_js,0.06151241122279316,128
aim_on_della__calib_instruction,candidate,reasoning,base,34,mmd_rbf,0.009372703731060028,128
aim_on_della__calib_instruction,candidate,reasoning,base,34,projected_js,0.06580794200999662,128
aim_on_della__calib_instruction,candidate,reasoning,base,35,mmd_rbf,0.04330947622656822,128
aim_on_della__calib_instruction,candidate,reasoning,base,35,projected_js,0.0898472050903365,128
aim_on_della__calib_instruction,candidate,reasoning,instr_only,0,mmd_rbf,0.0010534286266192794,128
aim_on_della__calib_instruction,candidate,reasoning,instr_only,0,projected_js,0.03142649162327871,128
aim_on_della__calib_instruction,candidate,reasoning,instr_only,1,mmd_rbf,0.002599865198135376,128
aim_on_della__calib_instruction,candidate,reasoning,instr_only,1,projected_js,0.03733587452734355,128
aim_on_della__calib_instruction,candidate,reasoning,instr_only,2,mmd_rbf,0.0031513653229922056,128
aim_on_della__calib_instruction,candidate,reasoning,instr_only,2,projected_js,0.04117643318022601,128
aim_on_della__calib_instruction,candidate,reasoning,instr_only,3,mmd_rbf,0.00318307732231915,128
aim_on_della__calib_instruction,candidate,reasoning,instr_only,3,projected_js,0.042940244980854914,128
aim_on_della__calib_instruction,candidate,reasoning,instr_only,4,mmd_rbf,0.002806108444929123,128
aim_on_della__calib_instruction,candidate,reasoning,instr_only,4,projected_js,0.04047811508644372,128
aim_on_della__calib_instruction,candidate,reasoning,instr_only,5,mmd_rbf,0.0025528387632220984,128
aim_on_della__calib_instruction,candidate,reasoning,instr_only,5,projected_js,0.03954332834109664,128
aim_on_della__calib_instruction,candidate,reasoning,instr_only,6,mmd_rbf,0.0018624387448653579,128
aim_on_della__calib_instruction,candidate,reasoning,instr_only,6,projected_js,0.04498205188428983,128
aim_on_della__calib_instruction,candidate,reasoning,instr_only,7,mmd_rbf,0.0017233021790161729,128
aim_on_della__calib_instruction,candidate,reasoning,instr_only,7,projected_js,0.0453627664828673,128
aim_on_della__calib_instruction,candidate,reasoning,instr_only,8,mmd_rbf,0.001553729991428554,128
aim_on_della__calib_instruction,candidate,reasoning,instr_only,8,projected_js,0.0478571992716752,128
aim_on_della__calib_instruction,candidate,reasoning,instr_only,9,mmd_rbf,0.0015484318137168884,128
aim_on_della__calib_instruction,candidate,reasoning,instr_only,9,projected_js,0.043776649836217985,128
aim_on_della__calib_instruction,candidate,reasoning,instr_only,10,mmd_rbf,0.0016470454866066575,128
aim_on_della__calib_instruction,candidate,reasoning,instr_only,10,projected_js,0.0463251975888852,128
aim_on_della__calib_instruction,candidate,reasoning,instr_only,11,mmd_rbf,0.0015633758157491684,128
aim_on_della__calib_instruction,candidate,reasoning,instr_only,11,projected_js,0.046544407145120203,128
aim_on_della__calib_instruction,candidate,reasoning,instr_only,12,mmd_rbf,0.0017281651962548494,128
aim_on_della__calib_instruction,candidate,reasoning,instr_only,12,projected_js,0.050035739288432524,128
aim_on_della__calib_instruction,candidate,reasoning,instr_only,13,mmd_rbf,0.00185714743565768,128
aim_on_della__calib_instruction,candidate,reasoning,instr_only,13,projected_js,0.051515047904103994,128
aim_on_della__calib_instruction,candidate,reasoning,instr_only,14,mmd_rbf,0.0018901210278272629,128
aim_on_della__calib_instruction,candidate,reasoning,instr_only,14,projected_js,0.05151652661152184,128
aim_on_della__calib_instruction,candidate,reasoning,instr_only,15,mmd_rbf,0.0021269680000841618,128
aim_on_della__calib_instruction,candidate,reasoning,instr_only,15,projected_js,0.05334446477354504,128
aim_on_della__calib_instruction,candidate,reasoning,instr_only,16,mmd_rbf,0.0022595692425966263,128
aim_on_della__calib_instruction,candidate,reasoning,instr_only,16,projected_js,0.05458281870232895,128
aim_on_della__calib_instruction,candidate,reasoning,instr_only,17,mmd_rbf,0.0023942941334098577,128
aim_on_della__calib_instruction,candidate,reasoning,instr_only,17,projected_js,0.053586404741508886,128
aim_on_della__calib_instruction,candidate,reasoning,instr_only,18,mmd_rbf,0.0024510791990906,128
aim_on_della__calib_instruction,candidate,reasoning,instr_only,18,projected_js,0.05397264935891144,128
aim_on_della__calib_instruction,candidate,reasoning,instr_only,19,mmd_rbf,0.0026311182882636786,128
aim_on_della__calib_instruction,candidate,reasoning,instr_only,19,projected_js,0.05673196373390965,128
aim_on_della__calib_instruction,candidate,reasoning,instr_only,20,mmd_rbf,0.002680456265807152,128
aim_on_della__calib_instruction,candidate,reasoning,instr_only,20,projected_js,0.05141409547650255,128
aim_on_della__calib_instruction,candidate,reasoning,instr_only,21,mmd_rbf,0.0026985809672623873,128
aim_on_della__calib_instruction,candidate,reasoning,instr_only,21,projected_js,0.05010472587309778,128
aim_on_della__calib_instruction,candidate,reasoning,instr_only,22,mmd_rbf,0.002800864866003394,128
aim_on_della__calib_instruction,candidate,reasoning,instr_only,22,projected_js,0.05275060285930522,128
aim_on_della__calib_instruction,candidate,reasoning,instr_only,23,mmd_rbf,0.002764927688986063,128
aim_on_della__calib_instruction,candidate,reasoning,instr_only,23,projected_js,0.05273164188838564,128
aim_on_della__calib_instruction,candidate,reasoning,instr_only,24,mmd_rbf,0.0028039475437253714,128
aim_on_della__calib_instruction,candidate,reasoning,instr_only,24,projected_js,0.053562407178105786,128
aim_on_della__calib_instruction,candidate,reasoning,instr_only,25,mmd_rbf,0.002769365906715393,128
aim_on_della__calib_instruction,candidate,reasoning,instr_only,25,projected_js,0.049902840255526826,128
aim_on_della__calib_instruction,candidate,reasoning,instr_only,26,mmd_rbf,0.0028014660347253084,128
aim_on_della__calib_instruction,candidate,reasoning,instr_only,26,projected_js,0.05465336126508191,128
aim_on_della__calib_instruction,candidate,reasoning,instr_only,27,mmd_rbf,0.002873425604775548,128
aim_on_della__calib_instruction,candidate,reasoning,instr_only,27,projected_js,0.054535178525839,128
aim_on_della__calib_instruction,candidate,reasoning,instr_only,28,mmd_rbf,0.00292471656575799,128
aim_on_della__calib_instruction,candidate,reasoning,instr_only,28,projected_js,0.0525674578093458,128
aim_on_della__calib_instruction,candidate,reasoning,instr_only,29,mmd_rbf,0.002897944301366806,128
aim_on_della__calib_instruction,candidate,reasoning,instr_only,29,projected_js,0.054046587756602094,128
aim_on_della__calib_instruction,candidate,reasoning,instr_only,30,mmd_rbf,0.002961234888061881,128
aim_on_della__calib_instruction,candidate,reasoning,instr_only,30,projected_js,0.050616191467270255,128
aim_on_della__calib_instruction,candidate,reasoning,instr_only,31,mmd_rbf,0.0031433359254151583,128
aim_on_della__calib_instruction,candidate,reasoning,instr_only,31,projected_js,0.056288377090822905,128
aim_on_della__calib_instruction,candidate,reasoning,instr_only,32,mmd_rbf,0.0032450114376842976,128
aim_on_della__calib_instruction,candidate,reasoning,instr_only,32,projected_js,0.05535159321152605,128
aim_on_della__calib_instruction,candidate,reasoning,instr_only,33,mmd_rbf,0.0034026079811155796,128
aim_on_della__calib_instruction,candidate,reasoning,instr_only,33,projected_js,0.0540707515028771,128
aim_on_della__calib_instruction,candidate,reasoning,instr_only,34,mmd_rbf,0.004352572839707136,128
aim_on_della__calib_instruction,candidate,reasoning,instr_only,34,projected_js,0.05803446006029844,128
aim_on_della__calib_instruction,candidate,reasoning,instr_only,35,mmd_rbf,0.02322262153029442,128
aim_on_della__calib_instruction,candidate,reasoning,instr_only,35,projected_js,0.07315782352816314,128
aim_on_della__calib_instruction,candidate,reasoning,reasoning_only,0,mmd_rbf,0.00452061602845788,128
aim_on_della__calib_instruction,candidate,reasoning,reasoning_only,0,projected_js,0.04870231912354939,128
aim_on_della__calib_instruction,candidate,reasoning,reasoning_only,1,mmd_rbf,0.007528002839535475,128
aim_on_della__calib_instruction,candidate,reasoning,reasoning_only,1,projected_js,0.055713106121402234,128
aim_on_della__calib_instruction,candidate,reasoning,reasoning_only,2,mmd_rbf,0.013714444823563099,128
aim_on_della__calib_instruction,candidate,reasoning,reasoning_only,2,projected_js,0.06413023103959858,128
aim_on_della__calib_instruction,candidate,reasoning,reasoning_only,3,mmd_rbf,0.016493365168571472,128
aim_on_della__calib_instruction,candidate,reasoning,reasoning_only,3,projected_js,0.06818702281452715,128
aim_on_della__calib_instruction,candidate,reasoning,reasoning_only,4,mmd_rbf,0.01578398048877716,128
aim_on_della__calib_instruction,candidate,reasoning,reasoning_only,4,projected_js,0.06965935928747058,128
aim_on_della__calib_instruction,candidate,reasoning,reasoning_only,5,mmd_rbf,0.01493813842535019,128
aim_on_della__calib_instruction,candidate,reasoning,reasoning_only,5,projected_js,0.06675989934592508,128
aim_on_della__calib_instruction,candidate,reasoning,reasoning_only,6,mmd_rbf,0.011254312470555305,128
aim_on_della__calib_instruction,candidate,reasoning,reasoning_only,6,projected_js,0.06451434752671048,128
aim_on_della__calib_instruction,candidate,reasoning,reasoning_only,7,mmd_rbf,0.011722242459654808,128
aim_on_della__calib_instruction,candidate,reasoning,reasoning_only,7,projected_js,0.066832744050771,128
aim_on_della__calib_instruction,candidate,reasoning,reasoning_only,8,mmd_rbf,0.01033681072294712,128
aim_on_della__calib_instruction,candidate,reasoning,reasoning_only,8,projected_js,0.06314025056781247,128
aim_on_della__calib_instruction,candidate,reasoning,reasoning_only,9,mmd_rbf,0.01048707403242588,128
aim_on_della__calib_instruction,candidate,reasoning,reasoning_only,9,projected_js,0.06578409508801997,128
aim_on_della__calib_instruction,candidate,reasoning,reasoning_only,10,mmd_rbf,0.01120598241686821,128
aim_on_della__calib_instruction,candidate,reasoning,reasoning_only,10,projected_js,0.06409100705059245,128
aim_on_della__calib_instruction,candidate,reasoning,reasoning_only,11,mmd_rbf,0.010582493618130684,128
aim_on_della__calib_instruction,candidate,reasoning,reasoning_only,11,projected_js,0.06470778095535934,128
aim_on_della__calib_instruction,candidate,reasoning,reasoning_only,12,mmd_rbf,0.010615861974656582,128
aim_on_della__calib_instruction,candidate,reasoning,reasoning_only,12,projected_js,0.06838798843091354,128
aim_on_della__calib_instruction,candidate,reasoning,reasoning_only,13,mmd_rbf,0.010908914729952812,128
aim_on_della__calib_instruction,candidate,reasoning,reasoning_only,13,projected_js,0.06583158229477704,128
aim_on_della__calib_instruction,candidate,reasoning,reasoning_only,14,mmd_rbf,0.010977734811604023,128
aim_on_della__calib_instruction,candidate,reasoning,reasoning_only,14,projected_js,0.06408887135330588,128
aim_on_della__calib_instruction,candidate,reasoning,reasoning_only,15,mmd_rbf,0.012053735554218292,128
aim_on_della__calib_instruction,candidate,reasoning,reasoning_only,15,projected_js,0.06361474606092088,128
aim_on_della__calib_instruction,candidate,reasoning,reasoning_only,16,mmd_rbf,0.012403269298374653,128
aim_on_della__calib_instruction,candidate,reasoning,reasoning_only,16,projected_js,0.06681185602792539,128
aim_on_della__calib_instruction,candidate,reasoning,reasoning_only,17,mmd_rbf,0.011884484440088272,128
aim_on_della__calib_instruction,candidate,reasoning,reasoning_only,17,projected_js,0.06566094324807636,128
aim_on_della__calib_instruction,candidate,reasoning,reasoning_only,18,mmd_rbf,0.013387458398938179,128
aim_on_della__calib_instruction,candidate,reasoning,reasoning_only,18,projected_js,0.06691105023492128,128
aim_on_della__calib_instruction,candidate,reasoning,reasoning_only,19,mmd_rbf,0.012601722963154316,128
aim_on_della__calib_instruction,candidate,reasoning,reasoning_only,19,projected_js,0.06685571023263037,128
aim_on_della__calib_instruction,candidate,reasoning,reasoning_only,20,mmd_rbf,0.01205427385866642,128
aim_on_della__calib_instruction,candidate,reasoning,reasoning_only,20,projected_js,0.0689466642215848,128
aim_on_della__calib_instruction,candidate,reasoning,reasoning_only,21,mmd_rbf,0.012508240528404713,128
aim_on_della__calib_instruction,candidate,reasoning,reasoning_only,21,projected_js,0.06602908470085822,128
aim_on_della__calib_instruction,candidate,reasoning,reasoning_only,22,mmd_rbf,0.010622221976518631,128
aim_on_della__calib_instruction,candidate,reasoning,reasoning_only,22,projected_js,0.06452621665084735,128
aim_on_della__calib_instruction,candidate,reasoning,reasoning_only,23,mmd_rbf,0.008651337586343288,128
aim_on_della__calib_instruction,candidate,reasoning,reasoning_only,23,projected_js,0.06227087340084836,128
aim_on_della__calib_instruction,candidate,reasoning,reasoning_only,24,mmd_rbf,0.00823394674807787,128
aim_on_della__calib_instruction,candidate,reasoning,reasoning_only,24,projected_js,0.06360722926910967,128
aim_on_della__calib_instruction,candidate,reasoning,reasoning_only,25,mmd_rbf,0.007308874279260635,128
aim_on_della__calib_instruction,candidate,reasoning,reasoning_only,25,projected_js,0.06072950718225911,128
aim_on_della__calib_instruction,candidate,reasoning,reasoning_only,26,mmd_rbf,0.006863262038677931,128
aim_on_della__calib_instruction,candidate,reasoning,reasoning_only,26,projected_js,0.06238990684505552,128
aim_on_della__calib_instruction,candidate,reasoning,reasoning_only,27,mmd_rbf,0.006687433458864689,128
aim_on_della__calib_instruction,candidate,reasoning,reasoning_only,27,projected_js,0.05967117354157381,128
aim_on_della__calib_instruction,candidate,reasoning,reasoning_only,28,mmd_rbf,0.0069228424690663815,128
aim_on_della__calib_instruction,candidate,reasoning,reasoning_only,28,projected_js,0.06293813354568556,128
aim_on_della__calib_instruction,candidate,reasoning,reasoning_only,29,mmd_rbf,0.006866733077913523,128
aim_on_della__calib_instruction,candidate,reasoning,reasoning_only,29,projected_js,0.06258388131391257,128
aim_on_della__calib_instruction,candidate,reasoning,reasoning_only,30,mmd_rbf,0.007150106132030487,128
aim_on_della__calib_instruction,candidate,reasoning,reasoning_only,30,projected_js,0.06175478856312111,128
aim_on_della__calib_instruction,candidate,reasoning,reasoning_only,31,mmd_rbf,0.00732667138800025,128
aim_on_della__calib_instruction,candidate,reasoning,reasoning_only,31,projected_js,0.06090421479893848,128
aim_on_della__calib_instruction,candidate,reasoning,reasoning_only,32,mmd_rbf,0.00741862365975976,128
aim_on_della__calib_instruction,candidate,reasoning,reasoning_only,32,projected_js,0.06346877902979031,128
aim_on_della__calib_instruction,candidate,reasoning,reasoning_only,33,mmd_rbf,0.007654020097106695,128
aim_on_della__calib_instruction,candidate,reasoning,reasoning_only,33,projected_js,0.06143919512396678,128
aim_on_della__calib_instruction,candidate,reasoning,reasoning_only,34,mmd_rbf,0.008435653522610664,128
aim_on_della__calib_instruction,candidate,reasoning,reasoning_only,34,projected_js,0.06097507174126804,128
aim_on_della__calib_instruction,candidate,reasoning,reasoning_only,35,mmd_rbf,0.03175736963748932,128
aim_on_della__calib_instruction,candidate,reasoning,reasoning_only,35,projected_js,0.08114339457824826,128
aim_on_della__calib_instruction,candidate,reasoning,uncensored_only,0,mmd_rbf,0.002757042646408081,128
aim_on_della__calib_instruction,candidate,reasoning,uncensored_only,0,projected_js,0.037312701853807084,128
aim_on_della__calib_instruction,candidate,reasoning,uncensored_only,1,mmd_rbf,0.07828515022993088,128
aim_on_della__calib_instruction,candidate,reasoning,uncensored_only,1,projected_js,0.1167634008161258,128
aim_on_della__calib_instruction,candidate,reasoning,uncensored_only,2,mmd_rbf,0.07360200583934784,128
aim_on_della__calib_instruction,candidate,reasoning,uncensored_only,2,projected_js,0.10384551261086017,128
aim_on_della__calib_instruction,candidate,reasoning,uncensored_only,3,mmd_rbf,0.05580167844891548,128
aim_on_della__calib_instruction,candidate,reasoning,uncensored_only,3,projected_js,0.09678049039212056,128
aim_on_della__calib_instruction,candidate,reasoning,uncensored_only,4,mmd_rbf,0.03778786212205887,128
aim_on_della__calib_instruction,candidate,reasoning,uncensored_only,4,projected_js,0.08900128048844635,128
aim_on_della__calib_instruction,candidate,reasoning,uncensored_only,5,mmd_rbf,0.02439884841442108,128
aim_on_della__calib_instruction,candidate,reasoning,uncensored_only,5,projected_js,0.0772666332195513,128
aim_on_della__calib_instruction,candidate,reasoning,uncensored_only,6,mmd_rbf,0.014766422100365162,128
aim_on_della__calib_instruction,candidate,reasoning,uncensored_only,6,projected_js,0.06749110569944605,128
aim_on_della__calib_instruction,candidate,reasoning,uncensored_only,7,mmd_rbf,0.013041341677308083,128
aim_on_della__calib_instruction,candidate,reasoning,uncensored_only,7,projected_js,0.06927013740641996,128
aim_on_della__calib_instruction,candidate,reasoning,uncensored_only,8,mmd_rbf,0.01013179775327444,128
aim_on_della__calib_instruction,candidate,reasoning,uncensored_only,8,projected_js,0.06258814269676805,128
aim_on_della__calib_instruction,candidate,reasoning,uncensored_only,9,mmd_rbf,0.008722874335944653,128
aim_on_della__calib_instruction,candidate,reasoning,uncensored_only,9,projected_js,0.0626381776528433,128
aim_on_della__calib_instruction,candidate,reasoning,uncensored_only,10,mmd_rbf,0.007929731160402298,128
aim_on_della__calib_instruction,candidate,reasoning,uncensored_only,10,projected_js,0.05608363886130974,128
aim_on_della__calib_instruction,candidate,reasoning,uncensored_only,11,mmd_rbf,0.0068015530705451965,128
aim_on_della__calib_instruction,candidate,reasoning,uncensored_only,11,projected_js,0.06171242782147601,128
aim_on_della__calib_instruction,candidate,reasoning,uncensored_only,12,mmd_rbf,0.006745384074747562,128
aim_on_della__calib_instruction,candidate,reasoning,uncensored_only,12,projected_js,0.06124616030137986,128
aim_on_della__calib_instruction,candidate,reasoning,uncensored_only,13,mmd_rbf,0.0069835977628827095,128
aim_on_della__calib_instruction,candidate,reasoning,uncensored_only,13,projected_js,0.06336511165136471,128
aim_on_della__calib_instruction,candidate,reasoning,uncensored_only,14,mmd_rbf,0.007256692741066217,128
aim_on_della__calib_instruction,candidate,reasoning,uncensored_only,14,projected_js,0.061875923653133214,128
aim_on_della__calib_instruction,candidate,reasoning,uncensored_only,15,mmd_rbf,0.008619136177003384,128
aim_on_della__calib_instruction,candidate,reasoning,uncensored_only,15,projected_js,0.06139609951060265,128
aim_on_della__calib_instruction,candidate,reasoning,uncensored_only,16,mmd_rbf,0.009412757121026516,128
aim_on_della__calib_instruction,candidate,reasoning,uncensored_only,16,projected_js,0.0634904449689202,128
aim_on_della__calib_instruction,candidate,reasoning,uncensored_only,17,mmd_rbf,0.009326081722974777,128
aim_on_della__calib_instruction,candidate,reasoning,uncensored_only,17,projected_js,0.06260585965355858,128
aim_on_della__calib_instruction,candidate,reasoning,uncensored_only,18,mmd_rbf,0.009306992404162884,128
aim_on_della__calib_instruction,candidate,reasoning,uncensored_only,18,projected_js,0.06567997421370819,128
aim_on_della__calib_instruction,candidate,reasoning,uncensored_only,19,mmd_rbf,0.009160573594272137,128
aim_on_della__calib_instruction,candidate,reasoning,uncensored_only,19,projected_js,0.06322412303416058,128
aim_on_della__calib_instruction,candidate,reasoning,uncensored_only,20,mmd_rbf,0.009235629811882973,128
aim_on_della__calib_instruction,candidate,reasoning,uncensored_only,20,projected_js,0.06518833816517144,128
aim_on_della__calib_instruction,candidate,reasoning,uncensored_only,21,mmd_rbf,0.009819685481488705,128
aim_on_della__calib_instruction,candidate,reasoning,uncensored_only,21,projected_js,0.06081292396993376,128
aim_on_della__calib_instruction,candidate,reasoning,uncensored_only,22,mmd_rbf,0.010095222853124142,128
aim_on_della__calib_instruction,candidate,reasoning,uncensored_only,22,projected_js,0.061886489391326904,128
aim_on_della__calib_instruction,candidate,reasoning,uncensored_only,23,mmd_rbf,0.00988011248409748,128
aim_on_della__calib_instruction,candidate,reasoning,uncensored_only,23,projected_js,0.06518016033805907,128
aim_on_della__calib_instruction,candidate,reasoning,uncensored_only,24,mmd_rbf,0.009821297600865364,128
aim_on_della__calib_instruction,candidate,reasoning,uncensored_only,24,projected_js,0.06580226728692651,128
aim_on_della__calib_instruction,candidate,reasoning,uncensored_only,25,mmd_rbf,0.009900721721351147,128
aim_on_della__calib_instruction,candidate,reasoning,uncensored_only,25,projected_js,0.06766856677131727,128
aim_on_della__calib_instruction,candidate,reasoning,uncensored_only,26,mmd_rbf,0.009880139492452145,128
aim_on_della__calib_instruction,candidate,reasoning,uncensored_only,26,projected_js,0.06770632526604459,128
aim_on_della__calib_instruction,candidate,reasoning,uncensored_only,27,mmd_rbf,0.010043776594102383,128
aim_on_della__calib_instruction,candidate,reasoning,uncensored_only,27,projected_js,0.06371281814062968,128
aim_on_della__calib_instruction,candidate,reasoning,uncensored_only,28,mmd_rbf,0.009640051983296871,128
aim_on_della__calib_instruction,candidate,reasoning,uncensored_only,28,projected_js,0.06725258810911328,128
aim_on_della__calib_instruction,candidate,reasoning,uncensored_only,29,mmd_rbf,0.009709443897008896,128
aim_on_della__calib_instruction,candidate,reasoning,uncensored_only,29,projected_js,0.0646032688091509,128
aim_on_della__calib_instruction,candidate,reasoning,uncensored_only,30,mmd_rbf,0.009961092844605446,128
aim_on_della__calib_instruction,candidate,reasoning,uncensored_only,30,projected_js,0.06299398676492274,128
aim_on_della__calib_instruction,candidate,reasoning,uncensored_only,31,mmd_rbf,0.009931409731507301,128
aim_on_della__calib_instruction,candidate,reasoning,uncensored_only,31,projected_js,0.06555003707762808,128
aim_on_della__calib_instruction,candidate,reasoning,uncensored_only,32,mmd_rbf,0.01012416835874319,128
aim_on_della__calib_instruction,candidate,reasoning,uncensored_only,32,projected_js,0.06461115783895366,128
aim_on_della__calib_instruction,candidate,reasoning,uncensored_only,33,mmd_rbf,0.010362513363361359,128
aim_on_della__calib_instruction,candidate,reasoning,uncensored_only,33,projected_js,0.0629186047881376,128
aim_on_della__calib_instruction,candidate,reasoning,uncensored_only,34,mmd_rbf,0.011164306662976742,128
aim_on_della__calib_instruction,candidate,reasoning,uncensored_only,34,projected_js,0.06740199349587783,128
aim_on_della__calib_instruction,candidate,reasoning,uncensored_only,35,mmd_rbf,0.029849393293261528,128
aim_on_della__calib_instruction,candidate,reasoning,uncensored_only,35,projected_js,0.07603798300260678,128
aim_on_della__calib_instruction,candidate,uncensored_refusal_like,base,0,mmd_rbf,0.008712745271623135,128
aim_on_della__calib_instruction,candidate,uncensored_refusal_like,base,0,projected_js,0.055044046515831724,128
aim_on_della__calib_instruction,candidate,uncensored_refusal_like,base,1,mmd_rbf,0.01663689687848091,128
aim_on_della__calib_instruction,candidate,uncensored_refusal_like,base,1,projected_js,0.06901149137411267,128
aim_on_della__calib_instruction,candidate,uncensored_refusal_like,base,2,mmd_rbf,0.017820095643401146,128
aim_on_della__calib_instruction,candidate,uncensored_refusal_like,base,2,projected_js,0.06201947433874011,128
aim_on_della__calib_instruction,candidate,uncensored_refusal_like,base,3,mmd_rbf,0.02707136981189251,128
aim_on_della__calib_instruction,candidate,uncensored_refusal_like,base,3,projected_js,0.07927360170288011,128
aim_on_della__calib_instruction,candidate,uncensored_refusal_like,base,4,mmd_rbf,0.02590908482670784,128
aim_on_della__calib_instruction,candidate,uncensored_refusal_like,base,4,projected_js,0.07724866585340351,128
aim_on_della__calib_instruction,candidate,uncensored_refusal_like,base,5,mmd_rbf,0.02687223255634308,128
aim_on_della__calib_instruction,candidate,uncensored_refusal_like,base,5,projected_js,0.07956133194966242,128
aim_on_della__calib_instruction,candidate,uncensored_refusal_like,base,6,mmd_rbf,0.02334609627723694,128
aim_on_della__calib_instruction,candidate,uncensored_refusal_like,base,6,projected_js,0.07379509665770456,128
aim_on_della__calib_instruction,candidate,uncensored_refusal_like,base,7,mmd_rbf,0.02137526497244835,128
aim_on_della__calib_instruction,candidate,uncensored_refusal_like,base,7,projected_js,0.06908030004706234,128
aim_on_della__calib_instruction,candidate,uncensored_refusal_like,base,8,mmd_rbf,0.019215989857912064,128
aim_on_della__calib_instruction,candidate,uncensored_refusal_like,base,8,projected_js,0.07359988032840192,128
aim_on_della__calib_instruction,candidate,uncensored_refusal_like,base,9,mmd_rbf,0.022209331393241882,128
aim_on_della__calib_instruction,candidate,uncensored_refusal_like,base,9,projected_js,0.0760906869545579,128
aim_on_della__calib_instruction,candidate,uncensored_refusal_like,base,10,mmd_rbf,0.02458053082227707,128
aim_on_della__calib_instruction,candidate,uncensored_refusal_like,base,10,projected_js,0.08038295444566756,128
aim_on_della__calib_instruction,candidate,uncensored_refusal_like,base,11,mmd_rbf,0.026883304119110107,128
aim_on_della__calib_instruction,candidate,uncensored_refusal_like,base,11,projected_js,0.08002443966688588,128
aim_on_della__calib_instruction,candidate,uncensored_refusal_like,base,12,mmd_rbf,0.029927933588624,128
aim_on_della__calib_instruction,candidate,uncensored_refusal_like,base,12,projected_js,0.08228937548119575,128
aim_on_della__calib_instruction,candidate,uncensored_refusal_like,base,13,mmd_rbf,0.033619917929172516,128
aim_on_della__calib_instruction,candidate,uncensored_refusal_like,base,13,projected_js,0.08691630081739277,128
aim_on_della__calib_instruction,candidate,uncensored_refusal_like,base,14,mmd_rbf,0.03593908250331879,128
aim_on_della__calib_instruction,candidate,uncensored_refusal_like,base,14,projected_js,0.0846131160215009,128
aim_on_della__calib_instruction,candidate,uncensored_refusal_like,base,15,mmd_rbf,0.03792121633887291,128
aim_on_della__calib_instruction,candidate,uncensored_refusal_like,base,15,projected_js,0.08265308378031477,128
aim_on_della__calib_instruction,candidate,uncensored_refusal_like,base,16,mmd_rbf,0.038739163428545,128
aim_on_della__calib_instruction,candidate,uncensored_refusal_like,base,16,projected_js,0.08355411986121908,128
aim_on_della__calib_instruction,candidate,uncensored_refusal_like,base,17,mmd_rbf,0.03925679624080658,128
aim_on_della__calib_instruction,candidate,uncensored_refusal_like,base,17,projected_js,0.08309402520535514,128
aim_on_della__calib_instruction,candidate,uncensored_refusal_like,base,18,mmd_rbf,0.04051802307367325,128
aim_on_della__calib_instruction,candidate,uncensored_refusal_like,base,18,projected_js,0.0884167700423859,128
aim_on_della__calib_instruction,candidate,uncensored_refusal_like,base,19,mmd_rbf,0.04012761637568474,128
aim_on_della__calib_instruction,candidate,uncensored_refusal_like,base,19,projected_js,0.08733413374284282,128
aim_on_della__calib_instruction,candidate,uncensored_refusal_like,base,20,mmd_rbf,0.04757966473698616,128
aim_on_della__calib_instruction,candidate,uncensored_refusal_like,base,20,projected_js,0.09030771855032071,128
aim_on_della__calib_instruction,candidate,uncensored_refusal_like,base,21,mmd_rbf,0.05108172819018364,128
aim_on_della__calib_instruction,candidate,uncensored_refusal_like,base,21,projected_js,0.08874301321338862,128
aim_on_della__calib_instruction,candidate,uncensored_refusal_like,base,22,mmd_rbf,0.053181249648332596,128
aim_on_della__calib_instruction,candidate,uncensored_refusal_like,base,22,projected_js,0.09542551066260785,128
aim_on_della__calib_instruction,candidate,uncensored_refusal_like,base,23,mmd_rbf,0.05223439261317253,128
aim_on_della__calib_instruction,candidate,uncensored_refusal_like,base,23,projected_js,0.09380837791832164,128
aim_on_della__calib_instruction,candidate,uncensored_refusal_like,base,24,mmd_rbf,0.05035696551203728,128
aim_on_della__calib_instruction,candidate,uncensored_refusal_like,base,24,projected_js,0.10266159422462806,128
aim_on_della__calib_instruction,candidate,uncensored_refusal_like,base,25,mmd_rbf,0.04891152307391167,128
aim_on_della__calib_instruction,candidate,uncensored_refusal_like,base,25,projected_js,0.09735022071981803,128
aim_on_della__calib_instruction,candidate,uncensored_refusal_like,base,26,mmd_rbf,0.04911206662654877,128
aim_on_della__calib_instruction,candidate,uncensored_refusal_like,base,26,projected_js,0.09976714942604303,128
aim_on_della__calib_instruction,candidate,uncensored_refusal_like,base,27,mmd_rbf,0.049393247812986374,128
aim_on_della__calib_instruction,candidate,uncensored_refusal_like,base,27,projected_js,0.10307838174048811,128
aim_on_della__calib_instruction,candidate,uncensored_refusal_like,base,28,mmd_rbf,0.04809311032295227,128
aim_on_della__calib_instruction,candidate,uncensored_refusal_like,base,28,projected_js,0.10579469078220427,128
aim_on_della__calib_instruction,candidate,uncensored_refusal_like,base,29,mmd_rbf,0.04498983174562454,128
aim_on_della__calib_instruction,candidate,uncensored_refusal_like,base,29,projected_js,0.10152819543145597,128
aim_on_della__calib_instruction,candidate,uncensored_refusal_like,base,30,mmd_rbf,0.045364316552877426,128
aim_on_della__calib_instruction,candidate,uncensored_refusal_like,base,30,projected_js,0.100471485638991,128
aim_on_della__calib_instruction,candidate,uncensored_refusal_like,base,31,mmd_rbf,0.044857051223516464,128
aim_on_della__calib_instruction,candidate,uncensored_refusal_like,base,31,projected_js,0.09324896818725392,128
aim_on_della__calib_instruction,candidate,uncensored_refusal_like,base,32,mmd_rbf,0.045181505382061005,128
aim_on_della__calib_instruction,candidate,uncensored_refusal_like,base,32,projected_js,0.09496438462520018,128
aim_on_della__calib_instruction,candidate,uncensored_refusal_like,base,33,mmd_rbf,0.04363241419196129,128
aim_on_della__calib_instruction,candidate,uncensored_refusal_like,base,33,projected_js,0.09586253872839734,128
aim_on_della__calib_instruction,candidate,uncensored_refusal_like,base,34,mmd_rbf,0.056951042264699936,128
aim_on_della__calib_instruction,candidate,uncensored_refusal_like,base,34,projected_js,0.10870054922997952,128
aim_on_della__calib_instruction,candidate,uncensored_refusal_like,base,35,mmd_rbf,0.13351337611675262,128
aim_on_della__calib_instruction,candidate,uncensored_refusal_like,base,35,projected_js,0.17405478784348816,128
aim_on_della__calib_instruction,candidate,uncensored_refusal_like,instr_only,0,mmd_rbf,0.005294013302773237,128
aim_on_della__calib_instruction,candidate,uncensored_refusal_like,instr_only,0,projected_js,0.046259949216619134,128
aim_on_della__calib_instruction,candidate,uncensored_refusal_like,instr_only,1,mmd_rbf,0.01063934899866581,128
aim_on_della__calib_instruction,candidate,uncensored_refusal_like,instr_only,1,projected_js,0.05857249058317393,128
aim_on_della__calib_instruction,candidate,uncensored_refusal_like,instr_only,2,mmd_rbf,0.012249598279595375,128
aim_on_della__calib_instruction,candidate,uncensored_refusal_like,instr_only,2,projected_js,0.0586273415829055,128
aim_on_della__calib_instruction,candidate,uncensored_refusal_like,instr_only,3,mmd_rbf,0.013535221107304096,128
aim_on_della__calib_instruction,candidate,uncensored_refusal_like,instr_only,3,projected_js,0.06135101622203365,128
aim_on_della__calib_instruction,candidate,uncensored_refusal_like,instr_only,4,mmd_rbf,0.014179239980876446,128
aim_on_della__calib_instruction,candidate,uncensored_refusal_like,instr_only,4,projected_js,0.06199130890308879,128
aim_on_della__calib_instruction,candidate,uncensored_refusal_like,instr_only,5,mmd_rbf,0.014057986438274384,128
aim_on_della__calib_instruction,candidate,uncensored_refusal_like,instr_only,5,projected_js,0.0620556459762156,128
aim_on_della__calib_instruction,candidate,uncensored_refusal_like,instr_only,6,mmd_rbf,0.010622384957969189,128
aim_on_della__calib_instruction,candidate,uncensored_refusal_like,instr_only,6,projected_js,0.06114694330608472,128
aim_on_della__calib_instruction,candidate,uncensored_refusal_like,instr_only,7,mmd_rbf,0.008616945706307888,128
aim_on_della__calib_instruction,candidate,uncensored_refusal_like,instr_only,7,projected_js,0.05843136928160675,128
aim_on_della__calib_instruction,candidate,uncensored_refusal_like,instr_only,8,mmd_rbf,0.007078683469444513,128
aim_on_della__calib_instruction,candidate,uncensored_refusal_like,instr_only,8,projected_js,0.06069979866151698,128
aim_on_della__calib_instruction,candidate,uncensored_refusal_like,instr_only,9,mmd_rbf,0.006908309645950794,128
aim_on_della__calib_instruction,candidate,uncensored_refusal_like,instr_only,9,projected_js,0.05772251257440075,128
aim_on_della__calib_instruction,candidate,uncensored_refusal_like,instr_only,10,mmd_rbf,0.007332049310207367,128
aim_on_della__calib_instruction,candidate,uncensored_refusal_like,instr_only,10,projected_js,0.06296571239363402,128
aim_on_della__calib_instruction,candidate,uncensored_refusal_like,instr_only,11,mmd_rbf,0.00712182093411684,128
aim_on_della__calib_instruction,candidate,uncensored_refusal_like,instr_only,11,projected_js,0.061200729571282864,128
aim_on_della__calib_instruction,candidate,uncensored_refusal_like,instr_only,12,mmd_rbf,0.00785113126039505,128
aim_on_della__calib_instruction,candidate,uncensored_refusal_like,instr_only,12,projected_js,0.06191062985453755,128
aim_on_della__calib_instruction,candidate,uncensored_refusal_like,instr_only,13,mmd_rbf,0.008159461431205273,128
aim_on_della__calib_instruction,candidate,uncensored_refusal_like,instr_only,13,projected_js,0.06105474894866347,128
aim_on_della__calib_instruction,candidate,uncensored_refusal_like,instr_only,14,mmd_rbf,0.007994452491402626,128
aim_on_della__calib_instruction,candidate,uncensored_refusal_like,instr_only,14,projected_js,0.06283963081659749,128
aim_on_della__calib_instruction,candidate,uncensored_refusal_like,instr_only,15,mmd_rbf,0.008375441655516624,128
aim_on_della__calib_instruction,candidate,uncensored_refusal_like,instr_only,15,projected_js,0.06297668151091784,128
aim_on_della__calib_instruction,candidate,uncensored_refusal_like,instr_only,16,mmd_rbf,0.00897566881030798,128
aim_on_della__calib_instruction,candidate,uncensored_refusal_like,instr_only,16,projected_js,0.06380454369354993,128
aim_on_della__calib_instruction,candidate,uncensored_refusal_like,instr_only,17,mmd_rbf,0.009672272019088268,128
aim_on_della__calib_instruction,candidate,uncensored_refusal_like,instr_only,17,projected_js,0.06217183405533433,128
aim_on_della__calib_instruction,candidate,uncensored_refusal_like,instr_only,18,mmd_rbf,0.010739983059465885,128
aim_on_della__calib_instruction,candidate,uncensored_refusal_like,instr_only,18,projected_js,0.06861561757978052,128
aim_on_della__calib_instruction,candidate,uncensored_refusal_like,instr_only,19,mmd_rbf,0.011856499128043652,128
aim_on_della__calib_instruction,candidate,uncensored_refusal_like,instr_only,19,projected_js,0.06784446918754838,128
aim_on_della__calib_instruction,candidate,uncensored_refusal_like,instr_only,20,mmd_rbf,0.013166132383048534,128
aim_on_della__calib_instruction,candidate,uncensored_refusal_like,instr_only,20,projected_js,0.06936714780749753,128
aim_on_della__calib_instruction,candidate,uncensored_refusal_like,instr_only,21,mmd_rbf,0.015295964665710926,128
aim_on_della__calib_instruction,candidate,uncensored_refusal_like,instr_only,21,projected_js,0.06839434924768284,128
aim_on_della__calib_instruction,candidate,uncensored_refusal_like,instr_only,22,mmd_rbf,0.016894176602363586,128
aim_on_della__calib_instruction,candidate,uncensored_refusal_like,instr_only,22,projected_js,0.07474451087182388,128
aim_on_della__calib_instruction,candidate,uncensored_refusal_like,instr_only,23,mmd_rbf,0.017442991957068443,128
aim_on_della__calib_instruction,candidate,uncensored_refusal_like,instr_only,23,projected_js,0.07062591944122687,128
aim_on_della__calib_instruction,candidate,uncensored_refusal_like,instr_only,24,mmd_rbf,0.018847528845071793,128
aim_on_della__calib_instruction,candidate,uncensored_refusal_like,instr_only,24,projected_js,0.0735784973949194,128
aim_on_della__calib_instruction,candidate,uncensored_refusal_like,instr_only,25,mmd_rbf,0.020129499956965446,128
aim_on_della__calib_instruction,candidate,uncensored_refusal_like,instr_only,25,projected_js,0.07478638662723824,128
aim_on_della__calib_instruction,candidate,uncensored_refusal_like,instr_only,26,mmd_rbf,0.020823277533054352,128
aim_on_della__calib_instruction,candidate,uncensored_refusal_like,instr_only,26,projected_js,0.07543665036791936,128
aim_on_della__calib_instruction,candidate,uncensored_refusal_like,instr_only,27,mmd_rbf,0.020898519083857536,128
aim_on_della__calib_instruction,candidate,uncensored_refusal_like,instr_only,27,projected_js,0.07396183584933169,128
aim_on_della__calib_instruction,candidate,uncensored_refusal_like,instr_only,28,mmd_rbf,0.02043619565665722,128
aim_on_della__calib_instruction,candidate,uncensored_refusal_like,instr_only,28,projected_js,0.07485629216535017,128
aim_on_della__calib_instruction,candidate,uncensored_refusal_like,instr_only,29,mmd_rbf,0.01954605057835579,128
aim_on_della__calib_instruction,candidate,uncensored_refusal_like,instr_only,29,projected_js,0.07534027501242235,128
aim_on_della__calib_instruction,candidate,uncensored_refusal_like,instr_only,30,mmd_rbf,0.019501755014061928,128
aim_on_della__calib_instruction,candidate,uncensored_refusal_like,instr_only,30,projected_js,0.07641543779755011,128
aim_on_della__calib_instruction,candidate,uncensored_refusal_like,instr_only,31,mmd_rbf,0.019331349059939384,128
aim_on_della__calib_instruction,candidate,uncensored_refusal_like,instr_only,31,projected_js,0.07648961659288034,128
aim_on_della__calib_instruction,candidate,uncensored_refusal_like,instr_only,32,mmd_rbf,0.019991334527730942,128
aim_on_della__calib_instruction,candidate,uncensored_refusal_like,instr_only,32,projected_js,0.07684322074055672,128
aim_on_della__calib_instruction,candidate,uncensored_refusal_like,instr_only,33,mmd_rbf,0.019730517640709877,128
aim_on_della__calib_instruction,candidate,uncensored_refusal_like,instr_only,33,projected_js,0.07814934378257021,128
aim_on_della__calib_instruction,candidate,uncensored_refusal_like,instr_only,34,mmd_rbf,0.023046845570206642,128
aim_on_della__calib_instruction,candidate,uncensored_refusal_like,instr_only,34,projected_js,0.08465361059643328,128
aim_on_della__calib_instruction,candidate,uncensored_refusal_like,instr_only,35,mmd_rbf,0.07953119277954102,128
aim_on_della__calib_instruction,candidate,uncensored_refusal_like,instr_only,35,projected_js,0.12911621399689466,128
aim_on_della__calib_instruction,candidate,uncensored_refusal_like,reasoning_only,0,mmd_rbf,0.023485912010073662,128
aim_on_della__calib_instruction,candidate,uncensored_refusal_like,reasoning_only,0,projected_js,0.093106768472353,128
aim_on_della__calib_instruction,candidate,uncensored_refusal_like,reasoning_only,1,mmd_rbf,0.03027302958071232,128
aim_on_della__calib_instruction,candidate,uncensored_refusal_like,reasoning_only,1,projected_js,0.08540921664098278,128
aim_on_della__calib_instruction,candidate,uncensored_refusal_like,reasoning_only,2,mmd_rbf,0.042278870940208435,128
aim_on_della__calib_instruction,candidate,uncensored_refusal_like,reasoning_only,2,projected_js,0.09193115727975965,128
aim_on_della__calib_instruction,candidate,uncensored_refusal_like,reasoning_only,3,mmd_rbf,0.049273621290922165,128
aim_on_della__calib_instruction,candidate,uncensored_refusal_like,reasoning_only,3,projected_js,0.10347061199718155,128
aim_on_della__calib_instruction,candidate,uncensored_refusal_like,reasoning_only,4,mmd_rbf,0.0527949295938015,128
aim_on_della__calib_instruction,candidate,uncensored_refusal_like,reasoning_only,4,projected_js,0.11923539062263444,128
aim_on_della__calib_instruction,candidate,uncensored_refusal_like,reasoning_only,5,mmd_rbf,0.05874267965555191,128
aim_on_della__calib_instruction,candidate,uncensored_refusal_like,reasoning_only,5,projected_js,0.129311615426559,128
aim_on_della__calib_instruction,candidate,uncensored_refusal_like,reasoning_only,6,mmd_rbf,0.04494326189160347,128
aim_on_della__calib_instruction,candidate,uncensored_refusal_like,reasoning_only,6,projected_js,0.10314246010966599,128
aim_on_della__calib_instruction,candidate,uncensored_refusal_like,reasoning_only,7,mmd_rbf,0.04076686128973961,128
aim_on_della__calib_instruction,candidate,uncensored_refusal_like,reasoning_only,7,projected_js,0.10379599081352353,128
aim_on_della__calib_instruction,candidate,uncensored_refusal_like,reasoning_only,8,mmd_rbf,0.032055869698524475,128
aim_on_della__calib_instruction,candidate,uncensored_refusal_like,reasoning_only,8,projected_js,0.09138305950909853,128
aim_on_della__calib_instruction,candidate,uncensored_refusal_like,reasoning_only,9,mmd_rbf,0.03100704215466976,128
aim_on_della__calib_instruction,candidate,uncensored_refusal_like,reasoning_only,9,projected_js,0.09082843532087281,128
aim_on_della__calib_instruction,candidate,uncensored_refusal_like,reasoning_only,10,mmd_rbf,0.03216254711151123,128
aim_on_della__calib_instruction,candidate,uncensored_refusal_like,reasoning_only,10,projected_js,0.09534895530669019,128
aim_on_della__calib_instruction,candidate,uncensored_refusal_like,reasoning_only,11,mmd_rbf,0.031138187274336815,128
aim_on_della__calib_instruction,candidate,uncensored_refusal_like,reasoning_only,11,projected_js,0.09039567684521899,128
aim_on_della__calib_instruction,candidate,uncensored_refusal_like,reasoning_only,12,mmd_rbf,0.03470601886510849,128
aim_on_della__calib_instruction,candidate,uncensored_refusal_like,reasoning_only,12,projected_js,0.08968134107999504,128
aim_on_della__calib_instruction,candidate,uncensored_refusal_like,reasoning_only,13,mmd_rbf,0.037353623658418655,128
aim_on_della__calib_instruction,candidate,uncensored_refusal_like,reasoning_only,13,projected_js,0.09522465174086392,128
aim_on_della__calib_instruction,candidate,uncensored_refusal_like,reasoning_only,14,mmd_rbf,0.03718762844800949,128
aim_on_della__calib_instruction,candidate,uncensored_refusal_like,reasoning_only,14,projected_js,0.08721296838484704,128
aim_on_della__calib_instruction,candidate,uncensored_refusal_like,reasoning_only,15,mmd_rbf,0.0386216826736927,128
aim_on_della__calib_instruction,candidate,uncensored_refusal_like,reasoning_only,15,projected_js,0.08971952984575182,128
aim_on_della__calib_instruction,candidate,uncensored_refusal_like,reasoning_only,16,mmd_rbf,0.03814681991934776,128
aim_on_della__calib_instruction,candidate,uncensored_refusal_like,reasoning_only,16,projected_js,0.08812783629400656,128
aim_on_della__calib_instruction,candidate,uncensored_refusal_like,reasoning_only,17,mmd_rbf,0.03794734552502632,128
aim_on_della__calib_instruction,candidate,uncensored_refusal_like,reasoning_only,17,projected_js,0.08389935828745365,128
aim_on_della__calib_instruction,candidate,uncensored_refusal_like,reasoning_only,18,mmd_rbf,0.04494009539484978,128
aim_on_della__calib_instruction,candidate,uncensored_refusal_like,reasoning_only,18,projected_js,0.08902255672728643,128
aim_on_della__calib_instruction,candidate,uncensored_refusal_like,reasoning_only,19,mmd_rbf,0.04381293058395386,128
aim_on_della__calib_instruction,candidate,uncensored_refusal_like,reasoning_only,19,projected_js,0.0876409595948644,128
aim_on_della__calib_instruction,candidate,uncensored_refusal_like,reasoning_only,20,mmd_rbf,0.04460418224334717,128
aim_on_della__calib_instruction,candidate,uncensored_refusal_like,reasoning_only,20,projected_js,0.08767801831709221,128
aim_on_della__calib_instruction,candidate,uncensored_refusal_like,reasoning_only,21,mmd_rbf,0.04639783129096031,128
aim_on_della__calib_instruction,candidate,uncensored_refusal_like,reasoning_only,21,projected_js,0.09111364441923797,128
aim_on_della__calib_instruction,candidate,uncensored_refusal_like,reasoning_only,22,mmd_rbf,0.04545062035322189,128
aim_on_della__calib_instruction,candidate,uncensored_refusal_like,reasoning_only,22,projected_js,0.09269330510869622,128
aim_on_della__calib_instruction,candidate,uncensored_refusal_like,reasoning_only,23,mmd_rbf,0.039935704320669174,128
aim_on_della__calib_instruction,candidate,uncensored_refusal_like,reasoning_only,23,projected_js,0.09128732385579497,128
aim_on_della__calib_instruction,candidate,uncensored_refusal_like,reasoning_only,24,mmd_rbf,0.04415567219257355,128
aim_on_della__calib_instruction,candidate,uncensored_refusal_like,reasoning_only,24,projected_js,0.09394667798187584,128
aim_on_della__calib_instruction,candidate,uncensored_refusal_like,reasoning_only,25,mmd_rbf,0.042281702160835266,128
aim_on_della__calib_instruction,candidate,uncensored_refusal_like,reasoning_only,25,projected_js,0.09054564300458878,128
aim_on_della__calib_instruction,candidate,uncensored_refusal_like,reasoning_only,26,mmd_rbf,0.04424750432372093,128
aim_on_della__calib_instruction,candidate,uncensored_refusal_like,reasoning_only,26,projected_js,0.08808038104325533,128
aim_on_della__calib_instruction,candidate,uncensored_refusal_like,reasoning_only,27,mmd_rbf,0.04621078819036484,128
aim_on_della__calib_instruction,candidate,uncensored_refusal_like,reasoning_only,27,projected_js,0.08959289215272292,128
aim_on_della__calib_instruction,candidate,uncensored_refusal_like,reasoning_only,28,mmd_rbf,0.04844297096133232,128
aim_on_della__calib_instruction,candidate,uncensored_refusal_like,reasoning_only,28,projected_js,0.09855987931950949,128
aim_on_della__calib_instruction,candidate,uncensored_refusal_like,reasoning_only,29,mmd_rbf,0.04684966430068016,128
aim_on_della__calib_instruction,candidate,uncensored_refusal_like,reasoning_only,29,projected_js,0.10511531995143741,128
aim_on_della__calib_instruction,candidate,uncensored_refusal_like,reasoning_only,30,mmd_rbf,0.04992275685071945,128
aim_on_della__calib_instruction,candidate,uncensored_refusal_like,reasoning_only,30,projected_js,0.10712819400941953,128
aim_on_della__calib_instruction,candidate,uncensored_refusal_like,reasoning_only,31,mmd_rbf,0.04949064180254936,128
aim_on_della__calib_instruction,candidate,uncensored_refusal_like,reasoning_only,31,projected_js,0.10058856219984591,128
aim_on_della__calib_instruction,candidate,uncensored_refusal_like,reasoning_only,32,mmd_rbf,0.04941090568900108,128
aim_on_della__calib_instruction,candidate,uncensored_refusal_like,reasoning_only,32,projected_js,0.09910699393367395,128
aim_on_della__calib_instruction,candidate,uncensored_refusal_like,reasoning_only,33,mmd_rbf,0.04697578400373459,128
aim_on_della__calib_instruction,candidate,uncensored_refusal_like,reasoning_only,33,projected_js,0.09664980263914913,128
aim_on_della__calib_instruction,candidate,uncensored_refusal_like,reasoning_only,34,mmd_rbf,0.049943190068006516,128
aim_on_della__calib_instruction,candidate,uncensored_refusal_like,reasoning_only,34,projected_js,0.09460597502766177,128
aim_on_della__calib_instruction,candidate,uncensored_refusal_like,reasoning_only,35,mmd_rbf,0.05854273959994316,128
aim_on_della__calib_instruction,candidate,uncensored_refusal_like,reasoning_only,35,projected_js,0.1064137177891098,128
aim_on_della__calib_instruction,candidate,uncensored_refusal_like,uncensored_only,0,mmd_rbf,0.013104379177093506,128
aim_on_della__calib_instruction,candidate,uncensored_refusal_like,uncensored_only,0,projected_js,0.06351838502450846,128
aim_on_della__calib_instruction,candidate,uncensored_refusal_like,uncensored_only,1,mmd_rbf,0.22485987842082977,128
aim_on_della__calib_instruction,candidate,uncensored_refusal_like,uncensored_only,1,projected_js,0.24842856900068,128
aim_on_della__calib_instruction,candidate,uncensored_refusal_like,uncensored_only,2,mmd_rbf,0.20037320256233215,128
aim_on_della__calib_instruction,candidate,uncensored_refusal_like,uncensored_only,2,projected_js,0.20948426722316071,128
aim_on_della__calib_instruction,candidate,uncensored_refusal_like,uncensored_only,3,mmd_rbf,0.16127818822860718,128
aim_on_della__calib_instruction,candidate,uncensored_refusal_like,uncensored_only,3,projected_js,0.16750217537628487,128
aim_on_della__calib_instruction,candidate,uncensored_refusal_like,uncensored_only,4,mmd_rbf,0.12968342006206512,128
aim_on_della__calib_instruction,candidate,uncensored_refusal_like,uncensored_only,4,projected_js,0.1659902036190033,128
aim_on_della__calib_instruction,candidate,uncensored_refusal_like,uncensored_only,5,mmd_rbf,0.09833981841802597,128
aim_on_della__calib_instruction,candidate,uncensored_refusal_like,uncensored_only,5,projected_js,0.1534980854485184,128
aim_on_della__calib_instruction,candidate,uncensored_refusal_like,uncensored_only,6,mmd_rbf,0.06231130287051201,128
aim_on_della__calib_instruction,candidate,uncensored_refusal_like,uncensored_only,6,projected_js,0.11628170654876158,128
aim_on_della__calib_instruction,candidate,uncensored_refusal_like,uncensored_only,7,mmd_rbf,0.04699737951159477,128
aim_on_della__calib_instruction,candidate,uncensored_refusal_like,uncensored_only,7,projected_js,0.09875875554280356,128
aim_on_della__calib_instruction,candidate,uncensored_refusal_like,uncensored_only,8,mmd_rbf,0.03383810445666313,128
aim_on_della__calib_instruction,candidate,uncensored_refusal_like,uncensored_only,8,projected_js,0.08499027730431408,128
aim_on_della__calib_instruction,candidate,uncensored_refusal_like,uncensored_only,9,mmd_rbf,0.02952929399907589,128
aim_on_della__calib_instruction,candidate,uncensored_refusal_like,uncensored_only,9,projected_js,0.07845613127574325,128
aim_on_della__calib_instruction,candidate,uncensored_refusal_like,uncensored_only,10,mmd_rbf,0.0249453354626894,128
aim_on_della__calib_instruction,candidate,uncensored_refusal_like,uncensored_only,10,projected_js,0.07957118604099378,128
aim_on_della__calib_instruction,candidate,uncensored_refusal_like,uncensored_only,11,mmd_rbf,0.021021582186222076,128
aim_on_della__calib_instruction,candidate,uncensored_refusal_like,uncensored_only,11,projected_js,0.06755429529584944,128
aim_on_della__calib_instruction,candidate,uncensored_refusal_like,uncensored_only,12,mmd_rbf,0.02161863073706627,128
aim_on_della__calib_instruction,candidate,uncensored_refusal_like,uncensored_only,12,projected_js,0.07432427094317973,128
aim_on_della__calib_instruction,candidate,uncensored_refusal_like,uncensored_only,13,mmd_rbf,0.02272728644311428,128
aim_on_della__calib_instruction,candidate,uncensored_refusal_like,uncensored_only,13,projected_js,0.07171834423206747,128
aim_on_della__calib_instruction,candidate,uncensored_refusal_like,uncensored_only,14,mmd_rbf,0.023032886907458305,128
aim_on_della__calib_instruction,candidate,uncensored_refusal_like,uncensored_only,14,projected_js,0.07751062914030626,128
aim_on_della__calib_instruction,candidate,uncensored_refusal_like,uncensored_only,15,mmd_rbf,0.02768109180033207,128
aim_on_della__calib_instruction,candidate,uncensored_refusal_like,uncensored_only,15,projected_js,0.08535803877748549,128
aim_on_della__calib_instruction,candidate,uncensored_refusal_like,uncensored_only,16,mmd_rbf,0.02929653599858284,128
aim_on_della__calib_instruction,candidate,uncensored_refusal_like,uncensored_only,16,projected_js,0.07756250322563574,128
aim_on_della__calib_instruction,candidate,uncensored_refusal_like,uncensored_only,17,mmd_rbf,0.030210494995117188,128
aim_on_della__calib_instruction,candidate,uncensored_refusal_like,uncensored_only,17,projected_js,0.07876655599102378,128
aim_on_della__calib_instruction,candidate,uncensored_refusal_like,uncensored_only,18,mmd_rbf,0.031580470502376556,128
aim_on_della__calib_instruction,candidate,uncensored_refusal_like,uncensored_only,18,projected_js,0.08334165584528819,128
aim_on_della__calib_instruction,candidate,uncensored_refusal_like,uncensored_only,19,mmd_rbf,0.030418578535318375,128
aim_on_della__calib_instruction,candidate,uncensored_refusal_like,uncensored_only,19,projected_js,0.08312241907697171,128
aim_on_della__calib_instruction,candidate,uncensored_refusal_like,uncensored_only,20,mmd_rbf,0.03207344934344292,128
aim_on_della__calib_instruction,candidate,uncensored_refusal_like,uncensored_only,20,projected_js,0.07910692371660843,128
aim_on_della__calib_instruction,candidate,uncensored_refusal_like,uncensored_only,21,mmd_rbf,0.03607066348195076,128
aim_on_della__calib_instruction,candidate,uncensored_refusal_like,uncensored_only,21,projected_js,0.08337379834847525,128
aim_on_della__calib_instruction,candidate,uncensored_refusal_like,uncensored_only,22,mmd_rbf,0.03853036090731621,128
aim_on_della__calib_instruction,candidate,uncensored_refusal_like,uncensored_only,22,projected_js,0.08907112153246999,128
aim_on_della__calib_instruction,candidate,uncensored_refusal_like,uncensored_only,23,mmd_rbf,0.03907350078225136,128
aim_on_della__calib_instruction,candidate,uncensored_refusal_like,uncensored_only,23,projected_js,0.08721313124988228,128
aim_on_della__calib_instruction,candidate,uncensored_refusal_like,uncensored_only,24,mmd_rbf,0.04393637180328369,128
aim_on_della__calib_instruction,candidate,uncensored_refusal_like,uncensored_only,24,projected_js,0.09108962747268379,128
aim_on_della__calib_instruction,candidate,uncensored_refusal_like,uncensored_only,25,mmd_rbf,0.047466810792684555,128
aim_on_della__calib_instruction,candidate,uncensored_refusal_like,uncensored_only,25,projected_js,0.09513501654146239,128
aim_on_della__calib_instruction,candidate,uncensored_refusal_like,uncensored_only,26,mmd_rbf,0.04876415804028511,128
aim_on_della__calib_instruction,candidate,uncensored_refusal_like,uncensored_only,26,projected_js,0.0921788100968115,128
aim_on_della__calib_instruction,candidate,uncensored_refusal_like,uncensored_only,27,mmd_rbf,0.050042130053043365,128
aim_on_della__calib_instruction,candidate,uncensored_refusal_like,uncensored_only,27,projected_js,0.09435648744693026,128
aim_on_della__calib_instruction,candidate,uncensored_refusal_like,uncensored_only,28,mmd_rbf,0.04817892611026764,128
aim_on_della__calib_instruction,candidate,uncensored_refusal_like,uncensored_only,28,projected_js,0.10240550158778206,128
aim_on_della__calib_instruction,candidate,uncensored_refusal_like,uncensored_only,29,mmd_rbf,0.04610472545027733,128
aim_on_della__calib_instruction,candidate,uncensored_refusal_like,uncensored_only,29,projected_js,0.09955823124619201,128
aim_on_della__calib_instruction,candidate,uncensored_refusal_like,uncensored_only,30,mmd_rbf,0.04869140312075615,128
aim_on_della__calib_instruction,candidate,uncensored_refusal_like,uncensored_only,30,projected_js,0.10280954738846049,128
aim_on_della__calib_instruction,candidate,uncensored_refusal_like,uncensored_only,31,mmd_rbf,0.04736337065696716,128
aim_on_della__calib_instruction,candidate,uncensored_refusal_like,uncensored_only,31,projected_js,0.09474084700923413,128
aim_on_della__calib_instruction,candidate,uncensored_refusal_like,uncensored_only,32,mmd_rbf,0.047331031411886215,128
aim_on_della__calib_instruction,candidate,uncensored_refusal_like,uncensored_only,32,projected_js,0.09431236237287521,128
aim_on_della__calib_instruction,candidate,uncensored_refusal_like,uncensored_only,33,mmd_rbf,0.04697540029883385,128
aim_on_della__calib_instruction,candidate,uncensored_refusal_like,uncensored_only,33,projected_js,0.09410850697895512,128
aim_on_della__calib_instruction,candidate,uncensored_refusal_like,uncensored_only,34,mmd_rbf,0.051231749355793,128
aim_on_della__calib_instruction,candidate,uncensored_refusal_like,uncensored_only,34,projected_js,0.10195948608452454,128
aim_on_della__calib_instruction,candidate,uncensored_refusal_like,uncensored_only,35,mmd_rbf,0.09847366809844971,128
aim_on_della__calib_instruction,candidate,uncensored_refusal_like,uncensored_only,35,projected_js,0.13048165565123782,128
