model_id,model_kind,calib_subset,target_id,layer,metric,value,n_prompts
aim_on_dare__calib_instruction,candidate,general,base,0,mmd_rbf,0.004833620972931385,128
aim_on_dare__calib_instruction,candidate,general,base,0,projected_js,0.043307600019034,128
aim_on_dare__calib_instruction,candidate,general,base,1,mmd_rbf,0.010727453045547009,128
aim_on_dare__calib_instruction,candidate,general,base,1,projected_js,0.051290996168972924,128
aim_on_dare__calib_instruction,candidate,general,base,2,mmd_rbf,0.009454173035919666,128
aim_on_dare__calib_instruction,candidate,general,base,2,projected_js,0.05404507284401916,128
aim_on_dare__calib_instruction,candidate,general,base,3,mmd_rbf,0.01117508765310049,128
aim_on_dare__calib_instruction,candidate,general,base,3,projected_js,0.05735402603750117,128
aim_on_dare__calib_instruction,candidate,general,base,4,mmd_rbf,0.00989334937185049,128
aim_on_dare__calib_instruction,candidate,general,base,4,projected_js,0.054729921044781804,128
aim_on_dare__calib_instruction,candidate,general,base,5,mmd_rbf,0.009261869825422764,128
aim_on_dare__calib_instruction,candidate,general,base,5,projected_js,0.05557659224723466,128
aim_on_dare__calib_instruction,candidate,general,base,6,mmd_rbf,0.007078409194946289,128
aim_on_dare__calib_instruction,candidate,general,base,6,projected_js,0.050824608479160815,128
aim_on_dare__calib_instruction,candidate,general,base,7,mmd_rbf,0.006455853581428528,128
aim_on_dare__calib_instruction,candidate,general,base,7,projected_js,0.05338270013453439,128
aim_on_dare__calib_instruction,candidate,general,base,8,mmd_rbf,0.005242097657173872,128
aim_on_dare__calib_instruction,candidate,general,base,8,projected_js,0.05478219376527704,128
aim_on_dare__calib_instruction,candidate,general,base,9,mmd_rbf,0.00518347742035985,128
aim_on_dare__calib_instruction,candidate,general,base,9,projected_js,0.05654706206405535,128
aim_on_dare__calib_instruction,candidate,general,base,10,mmd_rbf,0.005387711804360151,128
aim_on_dare__calib_instruction,candidate,general,base,10,projected_js,0.054757408623117954,128
aim_on_dare__calib_instruction,candidate,general,base,11,mmd_rbf,0.005379985086619854,128
aim_on_dare__calib_instruction,candidate,general,base,11,projected_js,0.056139689913834445,128
aim_on_dare__calib_instruction,candidate,general,base,12,mmd_rbf,0.005478282924741507,128
aim_on_dare__calib_instruction,candidate,general,base,12,projected_js,0.05761197497486137,128
aim_on_dare__calib_instruction,candidate,general,base,13,mmd_rbf,0.005855685565620661,128
aim_on_dare__calib_instruction,candidate,general,base,13,projected_js,0.05530834026285447,128
aim_on_dare__calib_instruction,candidate,general,base,14,mmd_rbf,0.0060471524484455585,128
aim_on_dare__calib_instruction,candidate,general,base,14,projected_js,0.05654389213304967,128
aim_on_dare__calib_instruction,candidate,general,base,15,mmd_rbf,0.006665334105491638,128
aim_on_dare__calib_instruction,candidate,general,base,15,projected_js,0.05851103988243267,128
aim_on_dare__calib_instruction,candidate,general,base,16,mmd_rbf,0.007689637131989002,128
aim_on_dare__calib_instruction,candidate,general,base,16,projected_js,0.060873445618199185,128
aim_on_dare__calib_instruction,candidate,general,base,17,mmd_rbf,0.007432177662849426,128
aim_on_dare__calib_instruction,candidate,general,base,17,projected_js,0.05983197101159021,128
aim_on_dare__calib_instruction,candidate,general,base,18,mmd_rbf,0.008067584596574306,128
aim_on_dare__calib_instruction,candidate,general,base,18,projected_js,0.06408882129471749,128
aim_on_dare__calib_instruction,candidate,general,base,19,mmd_rbf,0.008223792538046837,128
aim_on_dare__calib_instruction,candidate,general,base,19,projected_js,0.06380344953504391,128
aim_on_dare__calib_instruction,candidate,general,base,20,mmd_rbf,0.007962842471897602,128
aim_on_dare__calib_instruction,candidate,general,base,20,projected_js,0.05941305245505646,128
aim_on_dare__calib_instruction,candidate,general,base,21,mmd_rbf,0.008217494003474712,128
aim_on_dare__calib_instruction,candidate,general,base,21,projected_js,0.06228189411922358,128
aim_on_dare__calib_instruction,candidate,general,base,22,mmd_rbf,0.007527126464992762,128
aim_on_dare__calib_instruction,candidate,general,base,22,projected_js,0.0601509636035189,128
aim_on_dare__calib_instruction,candidate,general,base,23,mmd_rbf,0.0069453539326786995,128
aim_on_dare__calib_instruction,candidate,general,base,23,projected_js,0.06074665082269348,128
aim_on_dare__calib_instruction,candidate,general,base,24,mmd_rbf,0.006261435337364674,128
aim_on_dare__calib_instruction,candidate,general,base,24,projected_js,0.056637808738742024,128
aim_on_dare__calib_instruction,candidate,general,base,25,mmd_rbf,0.005861669313162565,128
aim_on_dare__calib_instruction,candidate,general,base,25,projected_js,0.05644517211476341,128
aim_on_dare__calib_instruction,candidate,general,base,26,mmd_rbf,0.005796934477984905,128
aim_on_dare__calib_instruction,candidate,general,base,26,projected_js,0.05530979431932792,128
aim_on_dare__calib_instruction,candidate,general,base,27,mmd_rbf,0.005703495349735022,128
aim_on_dare__calib_instruction,candidate,general,base,27,projected_js,0.05812753987265751,128
aim_on_dare__calib_instruction,candidate,general,base,28,mmd_rbf,0.005413951352238655,128
aim_on_dare__calib_instruction,candidate,general,base,28,projected_js,0.05827242456143722,128
aim_on_dare__calib_instruction,candidate,general,base,29,mmd_rbf,0.0052230325527489185,128
aim_on_dare__calib_instruction,candidate,general,base,29,projected_js,0.05561540080816485,128
aim_on_dare__calib_instruction,candidate,general,base,30,mmd_rbf,0.0050462656654417515,128
aim_on_dare__calib_instruction,candidate,general,base,30,projected_js,0.05745557919726707,128
aim_on_dare__calib_instruction,candidate,general,base,31,mmd_rbf,0.004817673470824957,128
aim_on_dare__calib_instruction,candidate,general,base,31,projected_js,0.054649067315040156,128
aim_on_dare__calib_instruction,candidate,general,base,32,mmd_rbf,0.0051841638050973415,128
aim_on_dare__calib_instruction,candidate,general,base,32,projected_js,0.05676010809838772,128
aim_on_dare__calib_instruction,candidate,general,base,33,mmd_rbf,0.005604348611086607,128
aim_on_dare__calib_instruction,candidate,general,base,33,projected_js,0.05960051351576112,128
aim_on_dare__calib_instruction,candidate,general,base,34,mmd_rbf,0.010644212365150452,128
aim_on_dare__calib_instruction,candidate,general,base,34,projected_js,0.06159460172057152,128
aim_on_dare__calib_instruction,candidate,general,base,35,mmd_rbf,0.06350937485694885,128
aim_on_dare__calib_instruction,candidate,general,base,35,projected_js,0.10856693086680025,128
aim_on_dare__calib_instruction,candidate,general,instr_only,0,mmd_rbf,0.0026701807510107756,128
aim_on_dare__calib_instruction,candidate,general,instr_only,0,projected_js,0.031001833616755903,128
aim_on_dare__calib_instruction,candidate,general,instr_only,1,mmd_rbf,0.006064468529075384,128
aim_on_dare__calib_instruction,candidate,general,instr_only,1,projected_js,0.04177586916193832,128
aim_on_dare__calib_instruction,candidate,general,instr_only,2,mmd_rbf,0.006339611019939184,128
aim_on_dare__calib_instruction,candidate,general,instr_only,2,projected_js,0.04441808714182116,128
aim_on_dare__calib_instruction,candidate,general,instr_only,3,mmd_rbf,0.007451444398611784,128
aim_on_dare__calib_instruction,candidate,general,instr_only,3,projected_js,0.04917381459381431,128
aim_on_dare__calib_instruction,candidate,general,instr_only,4,mmd_rbf,0.00758255273103714,128
aim_on_dare__calib_instruction,candidate,general,instr_only,4,projected_js,0.04852592767565511,128
aim_on_dare__calib_instruction,candidate,general,instr_only,5,mmd_rbf,0.0070656584575772285,128
aim_on_dare__calib_instruction,candidate,general,instr_only,5,projected_js,0.04898712853901088,128
aim_on_dare__calib_instruction,candidate,general,instr_only,6,mmd_rbf,0.004858734551817179,128
aim_on_dare__calib_instruction,candidate,general,instr_only,6,projected_js,0.04739327041897923,128
aim_on_dare__calib_instruction,candidate,general,instr_only,7,mmd_rbf,0.0038635923992842436,128
aim_on_dare__calib_instruction,candidate,general,instr_only,7,projected_js,0.04745910211931914,128
aim_on_dare__calib_instruction,candidate,general,instr_only,8,mmd_rbf,0.003010400803759694,128
aim_on_dare__calib_instruction,candidate,general,instr_only,8,projected_js,0.0503410626843106,128
aim_on_dare__calib_instruction,candidate,general,instr_only,9,mmd_rbf,0.0029263016767799854,128
aim_on_dare__calib_instruction,candidate,general,instr_only,9,projected_js,0.050251420616405085,128
aim_on_dare__calib_instruction,candidate,general,instr_only,10,mmd_rbf,0.0030283776577562094,128
aim_on_dare__calib_instruction,candidate,general,instr_only,10,projected_js,0.05108888086397201,128
aim_on_dare__calib_instruction,candidate,general,instr_only,11,mmd_rbf,0.003095716703683138,128
aim_on_dare__calib_instruction,candidate,general,instr_only,11,projected_js,0.051923185877967626,128
aim_on_dare__calib_instruction,candidate,general,instr_only,12,mmd_rbf,0.0033573780674487352,128
aim_on_dare__calib_instruction,candidate,general,instr_only,12,projected_js,0.053066976834088564,128
aim_on_dare__calib_instruction,candidate,general,instr_only,13,mmd_rbf,0.0037754185032099485,128
aim_on_dare__calib_instruction,candidate,general,instr_only,13,projected_js,0.05366892434540205,128
aim_on_dare__calib_instruction,candidate,general,instr_only,14,mmd_rbf,0.003924116492271423,128
aim_on_dare__calib_instruction,candidate,general,instr_only,14,projected_js,0.05148372062831186,128
aim_on_dare__calib_instruction,candidate,general,instr_only,15,mmd_rbf,0.004309516400098801,128
aim_on_dare__calib_instruction,candidate,general,instr_only,15,projected_js,0.05326309136580676,128
aim_on_dare__calib_instruction,candidate,general,instr_only,16,mmd_rbf,0.004647152964025736,128
aim_on_dare__calib_instruction,candidate,general,instr_only,16,projected_js,0.060120700974948704,128
aim_on_dare__calib_instruction,candidate,general,instr_only,17,mmd_rbf,0.0049547599628567696,128
aim_on_dare__calib_instruction,candidate,general,instr_only,17,projected_js,0.05587219289736822,128
aim_on_dare__calib_instruction,candidate,general,instr_only,18,mmd_rbf,0.005121257156133652,128
aim_on_dare__calib_instruction,candidate,general,instr_only,18,projected_js,0.059028070827480406,128
aim_on_dare__calib_instruction,candidate,general,instr_only,19,mmd_rbf,0.005499943159520626,128
aim_on_dare__calib_instruction,candidate,general,instr_only,19,projected_js,0.05815503478515893,128
aim_on_dare__calib_instruction,candidate,general,instr_only,20,mmd_rbf,0.005669643171131611,128
aim_on_dare__calib_instruction,candidate,general,instr_only,20,projected_js,0.060367503843735904,128
aim_on_dare__calib_instruction,candidate,general,instr_only,21,mmd_rbf,0.0058242506347596645,128
aim_on_dare__calib_instruction,candidate,general,instr_only,21,projected_js,0.06030953815206885,128
aim_on_dare__calib_instruction,candidate,general,instr_only,22,mmd_rbf,0.0061916508711874485,128
aim_on_dare__calib_instruction,candidate,general,instr_only,22,projected_js,0.05694402984227054,128
aim_on_dare__calib_instruction,candidate,general,instr_only,23,mmd_rbf,0.006118753459304571,128
aim_on_dare__calib_instruction,candidate,general,instr_only,23,projected_js,0.05884145089657977,128
aim_on_dare__calib_instruction,candidate,general,instr_only,24,mmd_rbf,0.006278087384998798,128
aim_on_dare__calib_instruction,candidate,general,instr_only,24,projected_js,0.057534739084076136,128
aim_on_dare__calib_instruction,candidate,general,instr_only,25,mmd_rbf,0.0063042487017810345,128
aim_on_dare__calib_instruction,candidate,general,instr_only,25,projected_js,0.0576403287705034,128
aim_on_dare__calib_instruction,candidate,general,instr_only,26,mmd_rbf,0.006432877387851477,128
aim_on_dare__calib_instruction,candidate,general,instr_only,26,projected_js,0.05525950534502044,128
aim_on_dare__calib_instruction,candidate,general,instr_only,27,mmd_rbf,0.006445621140301228,128
aim_on_dare__calib_instruction,candidate,general,instr_only,27,projected_js,0.05950478030717932,128
aim_on_dare__calib_instruction,candidate,general,instr_only,28,mmd_rbf,0.006136157549917698,128
aim_on_dare__calib_instruction,candidate,general,instr_only,28,projected_js,0.05697248433716595,128
aim_on_dare__calib_instruction,candidate,general,instr_only,29,mmd_rbf,0.005819838959723711,128
aim_on_dare__calib_instruction,candidate,general,instr_only,29,projected_js,0.058415957260876894,128
aim_on_dare__calib_instruction,candidate,general,instr_only,30,mmd_rbf,0.005550360772758722,128
aim_on_dare__calib_instruction,candidate,general,instr_only,30,projected_js,0.05872355221072212,128
aim_on_dare__calib_instruction,candidate,general,instr_only,31,mmd_rbf,0.005534700583666563,128
aim_on_dare__calib_instruction,candidate,general,instr_only,31,projected_js,0.05755485489498824,128
aim_on_dare__calib_instruction,candidate,general,instr_only,32,mmd_rbf,0.005667410790920258,128
aim_on_dare__calib_instruction,candidate,general,instr_only,32,projected_js,0.05894182264455594,128
aim_on_dare__calib_instruction,candidate,general,instr_only,33,mmd_rbf,0.005602661054581404,128
aim_on_dare__calib_instruction,candidate,general,instr_only,33,projected_js,0.05954057432245463,128
aim_on_dare__calib_instruction,candidate,general,instr_only,34,mmd_rbf,0.006951033603399992,128
aim_on_dare__calib_instruction,candidate,general,instr_only,34,projected_js,0.057089569949312136,128
aim_on_dare__calib_instruction,candidate,general,instr_only,35,mmd_rbf,0.03705253079533577,128
aim_on_dare__calib_instruction,candidate,general,instr_only,35,projected_js,0.08369409071747214,128
aim_on_dare__calib_instruction,candidate,general,reasoning_only,0,mmd_rbf,0.016416633501648903,128
aim_on_dare__calib_instruction,candidate,general,reasoning_only,0,projected_js,0.0646777237416245,128
aim_on_dare__calib_instruction,candidate,general,reasoning_only,1,mmd_rbf,0.01884014904499054,128
aim_on_dare__calib_instruction,candidate,general,reasoning_only,1,projected_js,0.06737742014229298,128
aim_on_dare__calib_instruction,candidate,general,reasoning_only,2,mmd_rbf,0.02486865036189556,128
aim_on_dare__calib_instruction,candidate,general,reasoning_only,2,projected_js,0.06989775702822953,128
aim_on_dare__calib_instruction,candidate,general,reasoning_only,3,mmd_rbf,0.026584213599562645,128
aim_on_dare__calib_instruction,candidate,general,reasoning_only,3,projected_js,0.07850799895823002,128
aim_on_dare__calib_instruction,candidate,general,reasoning_only,4,mmd_rbf,0.02610611915588379,128
aim_on_dare__calib_instruction,candidate,general,reasoning_only,4,projected_js,0.08107484376523644,128
aim_on_dare__calib_instruction,candidate,general,reasoning_only,5,mmd_rbf,0.026218298822641373,128
aim_on_dare__calib_instruction,candidate,general,reasoning_only,5,projected_js,0.08270980307133868,128
aim_on_dare__calib_instruction,candidate,general,reasoning_only,6,mmd_rbf,0.0180490855127573,128
aim_on_dare__calib_instruction,candidate,general,reasoning_only,6,projected_js,0.06936973397387192,128
aim_on_dare__calib_instruction,candidate,general,reasoning_only,7,mmd_rbf,0.016598297283053398,128
aim_on_dare__calib_instruction,candidate,general,reasoning_only,7,projected_js,0.06647197989514098,128
aim_on_dare__calib_instruction,candidate,general,reasoning_only,8,mmd_rbf,0.012762305326759815,128
aim_on_dare__calib_instruction,candidate,general,reasoning_only,8,projected_js,0.06854715384542942,128
aim_on_dare__calib_instruction,candidate,general,reasoning_only,9,mmd_rbf,0.012095588259398937,128
aim_on_dare__calib_instruction,candidate,general,reasoning_only,9,projected_js,0.06649401024333201,128
aim_on_dare__calib_instruction,candidate,general,reasoning_only,10,mmd_rbf,0.012649106793105602,128
aim_on_dare__calib_instruction,candidate,general,reasoning_only,10,projected_js,0.06442350769066252,128
aim_on_dare__calib_instruction,candidate,general,reasoning_only,11,mmd_rbf,0.01139209233224392,128
aim_on_dare__calib_instruction,candidate,general,reasoning_only,11,projected_js,0.06325275107519701,128
aim_on_dare__calib_instruction,candidate,general,reasoning_only,12,mmd_rbf,0.011599804274737835,128
aim_on_dare__calib_instruction,candidate,general,reasoning_only,12,projected_js,0.06652247032616287,128
aim_on_dare__calib_instruction,candidate,general,reasoning_only,13,mmd_rbf,0.012038054876029491,128
aim_on_dare__calib_instruction,candidate,general,reasoning_only,13,projected_js,0.06554562016390264,128
aim_on_dare__calib_instruction,candidate,general,reasoning_only,14,mmd_rbf,0.012118815444409847,128
aim_on_dare__calib_instruction,candidate,general,reasoning_only,14,projected_js,0.0644203761476092,128
aim_on_dare__calib_instruction,candidate,general,reasoning_only,15,mmd_rbf,0.013142622075974941,128
aim_on_dare__calib_instruction,candidate,general,reasoning_only,15,projected_js,0.06414588796906173,128
aim_on_dare__calib_instruction,candidate,general,reasoning_only,16,mmd_rbf,0.013356148265302181,128
aim_on_dare__calib_instruction,candidate,general,reasoning_only,16,projected_js,0.06715995288686827,128
aim_on_dare__calib_instruction,candidate,general,reasoning_only,17,mmd_rbf,0.012793995440006256,128
aim_on_dare__calib_instruction,candidate,general,reasoning_only,17,projected_js,0.06721904641017318,128
aim_on_dare__calib_instruction,candidate,general,reasoning_only,18,mmd_rbf,0.014507457613945007,128
aim_on_dare__calib_instruction,candidate,general,reasoning_only,18,projected_js,0.06749858270632103,128
aim_on_dare__calib_instruction,candidate,general,reasoning_only,19,mmd_rbf,0.013394707813858986,128
aim_on_dare__calib_instruction,candidate,general,reasoning_only,19,projected_js,0.06610932800685987,128
aim_on_dare__calib_instruction,candidate,general,reasoning_only,20,mmd_rbf,0.013222994282841682,128
aim_on_dare__calib_instruction,candidate,general,reasoning_only,20,projected_js,0.06428129848791286,128
aim_on_dare__calib_instruction,candidate,general,reasoning_only,21,mmd_rbf,0.013991015031933784,128
aim_on_dare__calib_instruction,candidate,general,reasoning_only,21,projected_js,0.06656823406228796,128
aim_on_dare__calib_instruction,candidate,general,reasoning_only,22,mmd_rbf,0.011631499044597149,128
aim_on_dare__calib_instruction,candidate,general,reasoning_only,22,projected_js,0.0657149989856407,128
aim_on_dare__calib_instruction,candidate,general,reasoning_only,23,mmd_rbf,0.009374481625854969,128
aim_on_dare__calib_instruction,candidate,general,reasoning_only,23,projected_js,0.06767354434123263,128
aim_on_dare__calib_instruction,candidate,general,reasoning_only,24,mmd_rbf,0.009435881860554218,128
aim_on_dare__calib_instruction,candidate,general,reasoning_only,24,projected_js,0.06651169390534051,128
aim_on_dare__calib_instruction,candidate,general,reasoning_only,25,mmd_rbf,0.00864844024181366,128
aim_on_dare__calib_instruction,candidate,general,reasoning_only,25,projected_js,0.06071232567774132,128
aim_on_dare__calib_instruction,candidate,general,reasoning_only,26,mmd_rbf,0.008619354106485844,128
aim_on_dare__calib_instruction,candidate,general,reasoning_only,26,projected_js,0.06276540947146714,128
aim_on_dare__calib_instruction,candidate,general,reasoning_only,27,mmd_rbf,0.008212925866246223,128
aim_on_dare__calib_instruction,candidate,general,reasoning_only,27,projected_js,0.05966950039146468,128
aim_on_dare__calib_instruction,candidate,general,reasoning_only,28,mmd_rbf,0.008454703725874424,128
aim_on_dare__calib_instruction,candidate,general,reasoning_only,28,projected_js,0.05766398130799644,128
aim_on_dare__calib_instruction,candidate,general,reasoning_only,29,mmd_rbf,0.008322929963469505,128
aim_on_dare__calib_instruction,candidate,general,reasoning_only,29,projected_js,0.06407600751845166,128
aim_on_dare__calib_instruction,candidate,general,reasoning_only,30,mmd_rbf,0.008105768822133541,128
aim_on_dare__calib_instruction,candidate,general,reasoning_only,30,projected_js,0.058142258174484596,128
aim_on_dare__calib_instruction,candidate,general,reasoning_only,31,mmd_rbf,0.008002023212611675,128
aim_on_dare__calib_instruction,candidate,general,reasoning_only,31,projected_js,0.059561741014476866,128
aim_on_dare__calib_instruction,candidate,general,reasoning_only,32,mmd_rbf,0.007937582209706306,128
aim_on_dare__calib_instruction,candidate,general,reasoning_only,32,projected_js,0.06229190604062751,128
aim_on_dare__calib_instruction,candidate,general,reasoning_only,33,mmd_rbf,0.007883838377892971,128
aim_on_dare__calib_instruction,candidate,general,reasoning_only,33,projected_js,0.061280318011995405,128
aim_on_dare__calib_instruction,candidate,general,reasoning_only,34,mmd_rbf,0.008171778172254562,128
aim_on_dare__calib_instruction,candidate,general,reasoning_only,34,projected_js,0.06015589862363413,128
aim_on_dare__calib_instruction,candidate,general,reasoning_only,35,mmd_rbf,0.0303509421646595,128
aim_on_dare__calib_instruction,candidate,general,reasoning_only,35,projected_js,0.07444749161368236,128
aim_on_dare__calib_instruction,candidate,general,uncensored_only,0,mmd_rbf,0.007175731938332319,128
aim_on_dare__calib_instruction,candidate,general,uncensored_only,0,projected_js,0.041522171202814206,128
aim_on_dare__calib_instruction,candidate,general,uncensored_only,1,mmd_rbf,0.15830010175704956,128
aim_on_dare__calib_instruction,candidate,general,uncensored_only,1,projected_js,0.16674539318773896,128
aim_on_dare__calib_instruction,candidate,general,uncensored_only,2,mmd_rbf,0.13118797540664673,128
aim_on_dare__calib_instruction,candidate,general,uncensored_only,2,projected_js,0.1336659378139302,128
aim_on_dare__calib_instruction,candidate,general,uncensored_only,3,mmd_rbf,0.0995895192027092,128
aim_on_dare__calib_instruction,candidate,general,uncensored_only,3,projected_js,0.12220160983270034,128
aim_on_dare__calib_instruction,candidate,general,uncensored_only,4,mmd_rbf,0.07237067073583603,128
aim_on_dare__calib_instruction,candidate,general,uncensored_only,4,projected_js,0.10972839774331078,128
aim_on_dare__calib_instruction,candidate,general,uncensored_only,5,mmd_rbf,0.04999326542019844,128
aim_on_dare__calib_instruction,candidate,general,uncensored_only,5,projected_js,0.10236428974894807,128
aim_on_dare__calib_instruction,candidate,general,uncensored_only,6,mmd_rbf,0.028316378593444824,128
aim_on_dare__calib_instruction,candidate,general,uncensored_only,6,projected_js,0.07774044756661169,128
aim_on_dare__calib_instruction,candidate,general,uncensored_only,7,mmd_rbf,0.021831301972270012,128
aim_on_dare__calib_instruction,candidate,general,uncensored_only,7,projected_js,0.07353580620838329,128
aim_on_dare__calib_instruction,candidate,general,uncensored_only,8,mmd_rbf,0.014594695530831814,128
aim_on_dare__calib_instruction,candidate,general,uncensored_only,8,projected_js,0.0642838318599388,128
aim_on_dare__calib_instruction,candidate,general,uncensored_only,9,mmd_rbf,0.012284442782402039,128
aim_on_dare__calib_instruction,candidate,general,uncensored_only,9,projected_js,0.06338993622921407,128
aim_on_dare__calib_instruction,candidate,general,uncensored_only,10,mmd_rbf,0.010755637660622597,128
aim_on_dare__calib_instruction,candidate,general,uncensored_only,10,projected_js,0.06516824464779347,128
aim_on_dare__calib_instruction,candidate,general,uncensored_only,11,mmd_rbf,0.009417515248060226,128
aim_on_dare__calib_instruction,candidate,general,uncensored_only,11,projected_js,0.060602969489991665,128
aim_on_dare__calib_instruction,candidate,general,uncensored_only,12,mmd_rbf,0.009258320555090904,128
aim_on_dare__calib_instruction,candidate,general,uncensored_only,12,projected_js,0.06123777403263375,128
aim_on_dare__calib_instruction,candidate,general,uncensored_only,13,mmd_rbf,0.010009539313614368,128
aim_on_dare__calib_instruction,candidate,general,uncensored_only,13,projected_js,0.06402917340165004,128
aim_on_dare__calib_instruction,candidate,general,uncensored_only,14,mmd_rbf,0.009766177274286747,128
aim_on_dare__calib_instruction,candidate,general,uncensored_only,14,projected_js,0.06554204656276852,128
aim_on_dare__calib_instruction,candidate,general,uncensored_only,15,mmd_rbf,0.011777011677622795,128
aim_on_dare__calib_instruction,candidate,general,uncensored_only,15,projected_js,0.06495983904460445,128
aim_on_dare__calib_instruction,candidate,general,uncensored_only,16,mmd_rbf,0.013154787011444569,128
aim_on_dare__calib_instruction,candidate,general,uncensored_only,16,projected_js,0.06881637781043537,128
aim_on_dare__calib_instruction,candidate,general,uncensored_only,17,mmd_rbf,0.012286526151001453,128
aim_on_dare__calib_instruction,candidate,general,uncensored_only,17,projected_js,0.0664375658670906,128
aim_on_dare__calib_instruction,candidate,general,uncensored_only,18,mmd_rbf,0.012447604909539223,128
aim_on_dare__calib_instruction,candidate,general,uncensored_only,18,projected_js,0.06729167437879369,128
aim_on_dare__calib_instruction,candidate,general,uncensored_only,19,mmd_rbf,0.011417686007916927,128
aim_on_dare__calib_instruction,candidate,general,uncensored_only,19,projected_js,0.06481425132369623,128
aim_on_dare__calib_instruction,candidate,general,uncensored_only,20,mmd_rbf,0.01120492722839117,128
aim_on_dare__calib_instruction,candidate,general,uncensored_only,20,projected_js,0.06483642396051437,128
aim_on_dare__calib_instruction,candidate,general,uncensored_only,21,mmd_rbf,0.01203928329050541,128
aim_on_dare__calib_instruction,candidate,general,uncensored_only,21,projected_js,0.06796393357217312,128
aim_on_dare__calib_instruction,candidate,general,uncensored_only,22,mmd_rbf,0.012699291110038757,128
aim_on_dare__calib_instruction,candidate,general,uncensored_only,22,projected_js,0.06495551054831594,128
aim_on_dare__calib_instruction,candidate,general,uncensored_only,23,mmd_rbf,0.012188361957669258,128
aim_on_dare__calib_instruction,candidate,general,uncensored_only,23,projected_js,0.06649977469351143,128
aim_on_dare__calib_instruction,candidate,general,uncensored_only,24,mmd_rbf,0.012611939571797848,128
aim_on_dare__calib_instruction,candidate,general,uncensored_only,24,projected_js,0.067019626731053,128
aim_on_dare__calib_instruction,candidate,general,uncensored_only,25,mmd_rbf,0.012835613451898098,128
aim_on_dare__calib_instruction,candidate,general,uncensored_only,25,projected_js,0.06883451057365164,128
aim_on_dare__calib_instruction,candidate,general,uncensored_only,26,mmd_rbf,0.01315055787563324,128
aim_on_dare__calib_instruction,candidate,general,uncensored_only,26,projected_js,0.06860394001705572,128
aim_on_dare__calib_instruction,candidate,general,uncensored_only,27,mmd_rbf,0.013253542594611645,128
aim_on_dare__calib_instruction,candidate,general,uncensored_only,27,projected_js,0.06568833626806736,128
aim_on_dare__calib_instruction,candidate,general,uncensored_only,28,mmd_rbf,0.012280854396522045,128
aim_on_dare__calib_instruction,candidate,general,uncensored_only,28,projected_js,0.0651910126907751,128
aim_on_dare__calib_instruction,candidate,general,uncensored_only,29,mmd_rbf,0.011844285763800144,128
aim_on_dare__calib_instruction,candidate,general,uncensored_only,29,projected_js,0.0630390906590037,128
aim_on_dare__calib_instruction,candidate,general,uncensored_only,30,mmd_rbf,0.011809222400188446,128
aim_on_dare__calib_instruction,candidate,general,uncensored_only,30,projected_js,0.06246040650876239,128
aim_on_dare__calib_instruction,candidate,general,uncensored_only,31,mmd_rbf,0.01127471961081028,128
aim_on_dare__calib_instruction,candidate,general,uncensored_only,31,projected_js,0.06307337188627571,128
aim_on_dare__calib_instruction,candidate,general,uncensored_only,32,mmd_rbf,0.01112114917486906,128
aim_on_dare__calib_instruction,candidate,general,uncensored_only,32,projected_js,0.06354877992998809,128
aim_on_dare__calib_instruction,candidate,general,uncensored_only,33,mmd_rbf,0.011178494431078434,128
aim_on_dare__calib_instruction,candidate,general,uncensored_only,33,projected_js,0.061352245829766616,128
aim_on_dare__calib_instruction,candidate,general,uncensored_only,34,mmd_rbf,0.012387107126414776,128
aim_on_dare__calib_instruction,candidate,general,uncensored_only,34,projected_js,0.060614689835347235,128
aim_on_dare__calib_instruction,candidate,general,uncensored_only,35,mmd_rbf,0.05072588846087456,128
aim_on_dare__calib_instruction,candidate,general,uncensored_only,35,projected_js,0.09229404758661985,128
aim_on_dare__calib_instruction,candidate,instruction,base,0,mmd_rbf,0.0030568630900233984,128
aim_on_dare__calib_instruction,candidate,instruction,base,0,projected_js,0.04328978163539432,128
aim_on_dare__calib_instruction,candidate,instruction,base,1,mmd_rbf,0.0071770669892430305,128
aim_on_dare__calib_instruction,candidate,instruction,base,1,projected_js,0.05121926867286675,128
aim_on_dare__calib_instruction,candidate,instruction,base,2,mmd_rbf,0.007850500755012035,128
aim_on_dare__calib_instruction,candidate,instruction,base,2,projected_js,0.056869132415158674,128
aim_on_dare__calib_instruction,candidate,instruction,base,3,mmd_rbf,0.0099553307518363,128
aim_on_dare__calib_instruction,candidate,instruction,base,3,projected_js,0.060583846643567085,128
aim_on_dare__calib_instruction,candidate,instruction,base,4,mmd_rbf,0.009220545180141926,128
aim_on_dare__calib_instruction,candidate,instruction,base,4,projected_js,0.061698707344476134,128
aim_on_dare__calib_instruction,candidate,instruction,base,5,mmd_rbf,0.009630552493035793,128
aim_on_dare__calib_instruction,candidate,instruction,base,5,projected_js,0.05813298502471298,128
aim_on_dare__calib_instruction,candidate,instruction,base,6,mmd_rbf,0.008371933363378048,128
aim_on_dare__calib_instruction,candidate,instruction,base,6,projected_js,0.05662518070312217,128
aim_on_dare__calib_instruction,candidate,instruction,base,7,mmd_rbf,0.008041705004870892,128
aim_on_dare__calib_instruction,candidate,instruction,base,7,projected_js,0.057934944896260276,128
aim_on_dare__calib_instruction,candidate,instruction,base,8,mmd_rbf,0.007267247885465622,128
aim_on_dare__calib_instruction,candidate,instruction,base,8,projected_js,0.05757276783697307,128
aim_on_dare__calib_instruction,candidate,instruction,base,9,mmd_rbf,0.007961917668581009,128
aim_on_dare__calib_instruction,candidate,instruction,base,9,projected_js,0.06208617283846252,128
aim_on_dare__calib_instruction,candidate,instruction,base,10,mmd_rbf,0.008999750018119812,128
aim_on_dare__calib_instruction,candidate,instruction,base,10,projected_js,0.06556889356579632,128
aim_on_dare__calib_instruction,candidate,instruction,base,11,mmd_rbf,0.009002186357975006,128
aim_on_dare__calib_instruction,candidate,instruction,base,11,projected_js,0.06269603944383562,128
aim_on_dare__calib_instruction,candidate,instruction,base,12,mmd_rbf,0.008962288498878479,128
aim_on_dare__calib_instruction,candidate,instruction,base,12,projected_js,0.06910122861154377,128
aim_on_dare__calib_instruction,candidate,instruction,base,13,mmd_rbf,0.009685291908681393,128
aim_on_dare__calib_instruction,candidate,instruction,base,13,projected_js,0.0670105887693353,128
aim_on_dare__calib_instruction,candidate,instruction,base,14,mmd_rbf,0.010391950607299805,128
aim_on_dare__calib_instruction,candidate,instruction,base,14,projected_js,0.06501839106203988,128
aim_on_dare__calib_instruction,candidate,instruction,base,15,mmd_rbf,0.011411047540605068,128
aim_on_dare__calib_instruction,candidate,instruction,base,15,projected_js,0.06952104379888624,128
aim_on_dare__calib_instruction,candidate,instruction,base,16,mmd_rbf,0.012217680923640728,128
aim_on_dare__calib_instruction,candidate,instruction,base,16,projected_js,0.0691730034595821,128
aim_on_dare__calib_instruction,candidate,instruction,base,17,mmd_rbf,0.01207694411277771,128
aim_on_dare__calib_instruction,candidate,instruction,base,17,projected_js,0.06867987671284936,128
aim_on_dare__calib_instruction,candidate,instruction,base,18,mmd_rbf,0.013167500495910645,128
aim_on_dare__calib_instruction,candidate,instruction,base,18,projected_js,0.07199484447482973,128
aim_on_dare__calib_instruction,candidate,instruction,base,19,mmd_rbf,0.014348536729812622,128
aim_on_dare__calib_instruction,candidate,instruction,base,19,projected_js,0.06833587534492835,128
aim_on_dare__calib_instruction,candidate,instruction,base,20,mmd_rbf,0.014397951774299145,128
aim_on_dare__calib_instruction,candidate,instruction,base,20,projected_js,0.06974443543003872,128
aim_on_dare__calib_instruction,candidate,instruction,base,21,mmd_rbf,0.01536017656326294,128
aim_on_dare__calib_instruction,candidate,instruction,base,21,projected_js,0.07487957330886275,128
aim_on_dare__calib_instruction,candidate,instruction,base,22,mmd_rbf,0.014676849357783794,128
aim_on_dare__calib_instruction,candidate,instruction,base,22,projected_js,0.07080548448720947,128
aim_on_dare__calib_instruction,candidate,instruction,base,23,mmd_rbf,0.013631626963615417,128
aim_on_dare__calib_instruction,candidate,instruction,base,23,projected_js,0.07121047785039991,128
aim_on_dare__calib_instruction,candidate,instruction,base,24,mmd_rbf,0.012688957154750824,128
aim_on_dare__calib_instruction,candidate,instruction,base,24,projected_js,0.07201639044797048,128
aim_on_dare__calib_instruction,candidate,instruction,base,25,mmd_rbf,0.011914479546248913,128
aim_on_dare__calib_instruction,candidate,instruction,base,25,projected_js,0.06685751327313483,128
aim_on_dare__calib_instruction,candidate,instruction,base,26,mmd_rbf,0.011540370993316174,128
aim_on_dare__calib_instruction,candidate,instruction,base,26,projected_js,0.0686649369308725,128
aim_on_dare__calib_instruction,candidate,instruction,base,27,mmd_rbf,0.011109943501651287,128
aim_on_dare__calib_instruction,candidate,instruction,base,27,projected_js,0.06533675536047667,128
aim_on_dare__calib_instruction,candidate,instruction,base,28,mmd_rbf,0.010411128401756287,128
aim_on_dare__calib_instruction,candidate,instruction,base,28,projected_js,0.0670321435900405,128
aim_on_dare__calib_instruction,candidate,instruction,base,29,mmd_rbf,0.009860456921160221,128
aim_on_dare__calib_instruction,candidate,instruction,base,29,projected_js,0.0678267864859663,128
aim_on_dare__calib_instruction,candidate,instruction,base,30,mmd_rbf,0.009632343426346779,128
aim_on_dare__calib_instruction,candidate,instruction,base,30,projected_js,0.06440303730778396,128
aim_on_dare__calib_instruction,candidate,instruction,base,31,mmd_rbf,0.009397914633154869,128
aim_on_dare__calib_instruction,candidate,instruction,base,31,projected_js,0.07050767468172126,128
aim_on_dare__calib_instruction,candidate,instruction,base,32,mmd_rbf,0.009813382290303707,128
aim_on_dare__calib_instruction,candidate,instruction,base,32,projected_js,0.06757894577458501,128
aim_on_dare__calib_instruction,candidate,instruction,base,33,mmd_rbf,0.010157699696719646,128
aim_on_dare__calib_instruction,candidate,instruction,base,33,projected_js,0.06535440473817289,128
aim_on_dare__calib_instruction,candidate,instruction,base,34,mmd_rbf,0.015578153543174267,128
aim_on_dare__calib_instruction,candidate,instruction,base,34,projected_js,0.07718985917745158,128
aim_on_dare__calib_instruction,candidate,instruction,base,35,mmd_rbf,0.052773088216781616,128
aim_on_dare__calib_instruction,candidate,instruction,base,35,projected_js,0.11293795966776088,128
aim_on_dare__calib_instruction,candidate,instruction,instr_only,0,mmd_rbf,0.0017959773540496826,128
aim_on_dare__calib_instruction,candidate,instruction,instr_only,0,projected_js,0.034916474178317,128
aim_on_dare__calib_instruction,candidate,instruction,instr_only,1,mmd_rbf,0.004778701346367598,128
aim_on_dare__calib_instruction,candidate,instruction,instr_only,1,projected_js,0.04416975459025707,128
aim_on_dare__calib_instruction,candidate,instruction,instr_only,2,mmd_rbf,0.005409300327301025,128
aim_on_dare__calib_instruction,candidate,instruction,instr_only,2,projected_js,0.04772567903273739,128
aim_on_dare__calib_instruction,candidate,instruction,instr_only,3,mmd_rbf,0.005449134856462479,128
aim_on_dare__calib_instruction,candidate,instruction,instr_only,3,projected_js,0.04729974947986193,128
aim_on_dare__calib_instruction,candidate,instruction,instr_only,4,mmd_rbf,0.0055176615715026855,128
aim_on_dare__calib_instruction,candidate,instruction,instr_only,4,projected_js,0.050075401668436825,128
aim_on_dare__calib_instruction,candidate,instruction,instr_only,5,mmd_rbf,0.005767523776739836,128
aim_on_dare__calib_instruction,candidate,instruction,instr_only,5,projected_js,0.04557064294931479,128
aim_on_dare__calib_instruction,candidate,instruction,instr_only,6,mmd_rbf,0.004203186836093664,128
aim_on_dare__calib_instruction,candidate,instruction,instr_only,6,projected_js,0.049549444287549704,128
aim_on_dare__calib_instruction,candidate,instruction,instr_only,7,mmd_rbf,0.0036274984013289213,128
aim_on_dare__calib_instruction,candidate,instruction,instr_only,7,projected_js,0.05001243035076186,128
aim_on_dare__calib_instruction,candidate,instruction,instr_only,8,mmd_rbf,0.0032643903978168964,128
aim_on_dare__calib_instruction,candidate,instruction,instr_only,8,projected_js,0.05310633122280706,128
aim_on_dare__calib_instruction,candidate,instruction,instr_only,9,mmd_rbf,0.0031522978097200394,128
aim_on_dare__calib_instruction,candidate,instruction,instr_only,9,projected_js,0.05409389812848531,128
aim_on_dare__calib_instruction,candidate,instruction,instr_only,10,mmd_rbf,0.003482946427538991,128
aim_on_dare__calib_instruction,candidate,instruction,instr_only,10,projected_js,0.057444724545348436,128
aim_on_dare__calib_instruction,candidate,instruction,instr_only,11,mmd_rbf,0.0032721359748393297,128
aim_on_dare__calib_instruction,candidate,instruction,instr_only,11,projected_js,0.05686831468483433,128
aim_on_dare__calib_instruction,candidate,instruction,instr_only,12,mmd_rbf,0.0033002891577780247,128
aim_on_dare__calib_instruction,candidate,instruction,instr_only,12,projected_js,0.05765500452253036,128
aim_on_dare__calib_instruction,candidate,instruction,instr_only,13,mmd_rbf,0.0033818092197179794,128
aim_on_dare__calib_instruction,candidate,instruction,instr_only,13,projected_js,0.06083472340833396,128
aim_on_dare__calib_instruction,candidate,instruction,instr_only,14,mmd_rbf,0.0034709989558905363,128
aim_on_dare__calib_instruction,candidate,instruction,instr_only,14,projected_js,0.055917018733453006,128
aim_on_dare__calib_instruction,candidate,instruction,instr_only,15,mmd_rbf,0.003609355539083481,128
aim_on_dare__calib_instruction,candidate,instruction,instr_only,15,projected_js,0.06039236026117578,128
aim_on_dare__calib_instruction,candidate,instruction,instr_only,16,mmd_rbf,0.003767217043787241,128
aim_on_dare__calib_instruction,candidate,instruction,instr_only,16,projected_js,0.06270139160915278,128
aim_on_dare__calib_instruction,candidate,instruction,instr_only,17,mmd_rbf,0.003954251762479544,128
aim_on_dare__calib_instruction,candidate,instruction,instr_only,17,projected_js,0.060743568115867674,128
aim_on_dare__calib_instruction,candidate,instruction,instr_only,18,mmd_rbf,0.004229506943374872,128
aim_on_dare__calib_instruction,candidate,instruction,instr_only,18,projected_js,0.05932747235056013,128
aim_on_dare__calib_instruction,candidate,instruction,instr_only,19,mmd_rbf,0.004875656217336655,128
aim_on_dare__calib_instruction,candidate,instruction,instr_only,19,projected_js,0.06004700012272224,128
aim_on_dare__calib_instruction,candidate,instruction,instr_only,20,mmd_rbf,0.005261726211756468,128
aim_on_dare__calib_instruction,candidate,instruction,instr_only,20,projected_js,0.06032971997046843,128
aim_on_dare__calib_instruction,candidate,instruction,instr_only,21,mmd_rbf,0.006088569760322571,128
aim_on_dare__calib_instruction,candidate,instruction,instr_only,21,projected_js,0.06492907012579963,128
aim_on_dare__calib_instruction,candidate,instruction,instr_only,22,mmd_rbf,0.006616930942982435,128
aim_on_dare__calib_instruction,candidate,instruction,instr_only,22,projected_js,0.06605773774208501,128
aim_on_dare__calib_instruction,candidate,instruction,instr_only,23,mmd_rbf,0.00677688280120492,128
aim_on_dare__calib_instruction,candidate,instruction,instr_only,23,projected_js,0.06365567923057824,128
aim_on_dare__calib_instruction,candidate,instruction,instr_only,24,mmd_rbf,0.0067945304326713085,128
aim_on_dare__calib_instruction,candidate,instruction,instr_only,24,projected_js,0.06630139506887645,128
aim_on_dare__calib_instruction,candidate,instruction,instr_only,25,mmd_rbf,0.0069066802971065044,128
aim_on_dare__calib_instruction,candidate,instruction,instr_only,25,projected_js,0.06424407011945732,128
aim_on_dare__calib_instruction,candidate,instruction,instr_only,26,mmd_rbf,0.007111226208508015,128
aim_on_dare__calib_instruction,candidate,instruction,instr_only,26,projected_js,0.06483086262596771,128
aim_on_dare__calib_instruction,candidate,instruction,instr_only,27,mmd_rbf,0.007056509610265493,128
aim_on_dare__calib_instruction,candidate,instruction,instr_only,27,projected_js,0.06411862053209916,128
aim_on_dare__calib_instruction,candidate,instruction,instr_only,28,mmd_rbf,0.006651843432337046,128
aim_on_dare__calib_instruction,candidate,instruction,instr_only,28,projected_js,0.06489763592253439,128
aim_on_dare__calib_instruction,candidate,instruction,instr_only,29,mmd_rbf,0.006288436241447926,128
aim_on_dare__calib_instruction,candidate,instruction,instr_only,29,projected_js,0.06135601986898109,128
aim_on_dare__calib_instruction,candidate,instruction,instr_only,30,mmd_rbf,0.006153763737529516,128
aim_on_dare__calib_instruction,candidate,instruction,instr_only,30,projected_js,0.06243818663642742,128
aim_on_dare__calib_instruction,candidate,instruction,instr_only,31,mmd_rbf,0.0060785189270973206,128
aim_on_dare__calib_instruction,candidate,instruction,instr_only,31,projected_js,0.06467460101703182,128
aim_on_dare__calib_instruction,candidate,instruction,instr_only,32,mmd_rbf,0.006124610081315041,128
aim_on_dare__calib_instruction,candidate,instruction,instr_only,32,projected_js,0.06379812501836568,128
aim_on_dare__calib_instruction,candidate,instruction,instr_only,33,mmd_rbf,0.00623871386051178,128
aim_on_dare__calib_instruction,candidate,instruction,instr_only,33,projected_js,0.06156911636935547,128
aim_on_dare__calib_instruction,candidate,instruction,instr_only,34,mmd_rbf,0.00788087397813797,128
aim_on_dare__calib_instruction,candidate,instruction,instr_only,34,projected_js,0.0637668780691456,128
aim_on_dare__calib_instruction,candidate,instruction,instr_only,35,mmd_rbf,0.036284010857343674,128
aim_on_dare__calib_instruction,candidate,instruction,instr_only,35,projected_js,0.09432530112098902,128
aim_on_dare__calib_instruction,candidate,instruction,reasoning_only,0,mmd_rbf,0.007588872220367193,128
aim_on_dare__calib_instruction,candidate,instruction,reasoning_only,0,projected_js,0.06171839270973578,128
aim_on_dare__calib_instruction,candidate,instruction,reasoning_only,1,mmd_rbf,0.012862920761108398,128
aim_on_dare__calib_instruction,candidate,instruction,reasoning_only,1,projected_js,0.06269600000814535,128
aim_on_dare__calib_instruction,candidate,instruction,reasoning_only,2,mmd_rbf,0.018963700160384178,128
aim_on_dare__calib_instruction,candidate,instruction,reasoning_only,2,projected_js,0.06834049394819885,128
aim_on_dare__calib_instruction,candidate,instruction,reasoning_only,3,mmd_rbf,0.020358696579933167,128
aim_on_dare__calib_instruction,candidate,instruction,reasoning_only,3,projected_js,0.0689533140975982,128
aim_on_dare__calib_instruction,candidate,instruction,reasoning_only,4,mmd_rbf,0.02158379554748535,128
aim_on_dare__calib_instruction,candidate,instruction,reasoning_only,4,projected_js,0.0803924240753986,128
aim_on_dare__calib_instruction,candidate,instruction,reasoning_only,5,mmd_rbf,0.0236506387591362,128
aim_on_dare__calib_instruction,candidate,instruction,reasoning_only,5,projected_js,0.07814946316648275,128
aim_on_dare__calib_instruction,candidate,instruction,reasoning_only,6,mmd_rbf,0.017801621928811073,128
aim_on_dare__calib_instruction,candidate,instruction,reasoning_only,6,projected_js,0.07677020557457581,128
aim_on_dare__calib_instruction,candidate,instruction,reasoning_only,7,mmd_rbf,0.01755821704864502,128
aim_on_dare__calib_instruction,candidate,instruction,reasoning_only,7,projected_js,0.07471682960749604,128
aim_on_dare__calib_instruction,candidate,instruction,reasoning_only,8,mmd_rbf,0.013861066661775112,128
aim_on_dare__calib_instruction,candidate,instruction,reasoning_only,8,projected_js,0.07344259694218636,128
aim_on_dare__calib_instruction,candidate,instruction,reasoning_only,9,mmd_rbf,0.013510050252079964,128
aim_on_dare__calib_instruction,candidate,instruction,reasoning_only,9,projected_js,0.07085845142137259,128
aim_on_dare__calib_instruction,candidate,instruction,reasoning_only,10,mmd_rbf,0.014988592825829983,128
aim_on_dare__calib_instruction,candidate,instruction,reasoning_only,10,projected_js,0.07512186735402793,128
aim_on_dare__calib_instruction,candidate,instruction,reasoning_only,11,mmd_rbf,0.014261990785598755,128
aim_on_dare__calib_instruction,candidate,instruction,reasoning_only,11,projected_js,0.07132961705792695,128
aim_on_dare__calib_instruction,candidate,instruction,reasoning_only,12,mmd_rbf,0.015099763870239258,128
aim_on_dare__calib_instruction,candidate,instruction,reasoning_only,12,projected_js,0.07708002917934209,128
aim_on_dare__calib_instruction,candidate,instruction,reasoning_only,13,mmd_rbf,0.01582900993525982,128
aim_on_dare__calib_instruction,candidate,instruction,reasoning_only,13,projected_js,0.07698841620003805,128
aim_on_dare__calib_instruction,candidate,instruction,reasoning_only,14,mmd_rbf,0.015955017879605293,128
aim_on_dare__calib_instruction,candidate,instruction,reasoning_only,14,projected_js,0.07425765157677233,128
aim_on_dare__calib_instruction,candidate,instruction,reasoning_only,15,mmd_rbf,0.01708805374801159,128
aim_on_dare__calib_instruction,candidate,instruction,reasoning_only,15,projected_js,0.0739255475345999,128
aim_on_dare__calib_instruction,candidate,instruction,reasoning_only,16,mmd_rbf,0.017412004992365837,128
aim_on_dare__calib_instruction,candidate,instruction,reasoning_only,16,projected_js,0.07772746472619474,128
aim_on_dare__calib_instruction,candidate,instruction,reasoning_only,17,mmd_rbf,0.017021572217345238,128
aim_on_dare__calib_instruction,candidate,instruction,reasoning_only,17,projected_js,0.0717927489313297,128
aim_on_dare__calib_instruction,candidate,instruction,reasoning_only,18,mmd_rbf,0.019503310322761536,128
aim_on_dare__calib_instruction,candidate,instruction,reasoning_only,18,projected_js,0.0759369385195896,128
aim_on_dare__calib_instruction,candidate,instruction,reasoning_only,19,mmd_rbf,0.019893957301974297,128
aim_on_dare__calib_instruction,candidate,instruction,reasoning_only,19,projected_js,0.0753427151357755,128
aim_on_dare__calib_instruction,candidate,instruction,reasoning_only,20,mmd_rbf,0.019832318648695946,128
aim_on_dare__calib_instruction,candidate,instruction,reasoning_only,20,projected_js,0.07594600910670124,128
aim_on_dare__calib_instruction,candidate,instruction,reasoning_only,21,mmd_rbf,0.020661965012550354,128
aim_on_dare__calib_instruction,candidate,instruction,reasoning_only,21,projected_js,0.07835961610544473,128
aim_on_dare__calib_instruction,candidate,instruction,reasoning_only,22,mmd_rbf,0.019070914015173912,128
aim_on_dare__calib_instruction,candidate,instruction,reasoning_only,22,projected_js,0.07780703087337315,128
aim_on_dare__calib_instruction,candidate,instruction,reasoning_only,23,mmd_rbf,0.01651468127965927,128
aim_on_dare__calib_instruction,candidate,instruction,reasoning_only,23,projected_js,0.07503703708061948,128
aim_on_dare__calib_instruction,candidate,instruction,reasoning_only,24,mmd_rbf,0.01707504317164421,128
aim_on_dare__calib_instruction,candidate,instruction,reasoning_only,24,projected_js,0.07731103093829006,128
aim_on_dare__calib_instruction,candidate,instruction,reasoning_only,25,mmd_rbf,0.016178039833903313,128
aim_on_dare__calib_instruction,candidate,instruction,reasoning_only,25,projected_js,0.07453265349613503,128
aim_on_dare__calib_instruction,candidate,instruction,reasoning_only,26,mmd_rbf,0.016441622748970985,128
aim_on_dare__calib_instruction,candidate,instruction,reasoning_only,26,projected_js,0.07440869288984686,128
aim_on_dare__calib_instruction,candidate,instruction,reasoning_only,27,mmd_rbf,0.016182290390133858,128
aim_on_dare__calib_instruction,candidate,instruction,reasoning_only,27,projected_js,0.07448910715174861,128
aim_on_dare__calib_instruction,candidate,instruction,reasoning_only,28,mmd_rbf,0.016475558280944824,128
aim_on_dare__calib_instruction,candidate,instruction,reasoning_only,28,projected_js,0.07507957780035213,128
aim_on_dare__calib_instruction,candidate,instruction,reasoning_only,29,mmd_rbf,0.01592331938445568,128
aim_on_dare__calib_instruction,candidate,instruction,reasoning_only,29,projected_js,0.07173320703441277,128
aim_on_dare__calib_instruction,candidate,instruction,reasoning_only,30,mmd_rbf,0.016334906220436096,128
aim_on_dare__calib_instruction,candidate,instruction,reasoning_only,30,projected_js,0.073130251490511,128
aim_on_dare__calib_instruction,candidate,instruction,reasoning_only,31,mmd_rbf,0.016114497557282448,128
aim_on_dare__calib_instruction,candidate,instruction,reasoning_only,31,projected_js,0.07150350767187774,128
aim_on_dare__calib_instruction,candidate,instruction,reasoning_only,32,mmd_rbf,0.01577490009367466,128
aim_on_dare__calib_instruction,candidate,instruction,reasoning_only,32,projected_js,0.07501176296500489,128
aim_on_dare__calib_instruction,candidate,instruction,reasoning_only,33,mmd_rbf,0.01478452980518341,128
aim_on_dare__calib_instruction,candidate,instruction,reasoning_only,33,projected_js,0.06969163857866079,128
aim_on_dare__calib_instruction,candidate,instruction,reasoning_only,34,mmd_rbf,0.014909214340150356,128
aim_on_dare__calib_instruction,candidate,instruction,reasoning_only,34,projected_js,0.07179491902934387,128
aim_on_dare__calib_instruction,candidate,instruction,reasoning_only,35,mmd_rbf,0.02072305791079998,128
aim_on_dare__calib_instruction,candidate,instruction,reasoning_only,35,projected_js,0.07378489008988254,128
aim_on_dare__calib_instruction,candidate,instruction,uncensored_only,0,mmd_rbf,0.005097490735352039,128
aim_on_dare__calib_instruction,candidate,instruction,uncensored_only,0,projected_js,0.04559631727170199,128
aim_on_dare__calib_instruction,candidate,instruction,uncensored_only,1,mmd_rbf,0.12536510825157166,128
aim_on_dare__calib_instruction,candidate,instruction,uncensored_only,1,projected_js,0.148221647774335,128
aim_on_dare__calib_instruction,candidate,instruction,uncensored_only,2,mmd_rbf,0.11190443485975266,128
aim_on_dare__calib_instruction,candidate,instruction,uncensored_only,2,projected_js,0.13484806811902672,128
aim_on_dare__calib_instruction,candidate,instruction,uncensored_only,3,mmd_rbf,0.08365228027105331,128
aim_on_dare__calib_instruction,candidate,instruction,uncensored_only,3,projected_js,0.11647491261828691,128
aim_on_dare__calib_instruction,candidate,instruction,uncensored_only,4,mmd_rbf,0.06097578629851341,128
aim_on_dare__calib_instruction,candidate,instruction,uncensored_only,4,projected_js,0.10983984649647027,128
aim_on_dare__calib_instruction,candidate,instruction,uncensored_only,5,mmd_rbf,0.044843606650829315,128
aim_on_dare__calib_instruction,candidate,instruction,uncensored_only,5,projected_js,0.09374732349533588,128
aim_on_dare__calib_instruction,candidate,instruction,uncensored_only,6,mmd_rbf,0.027108365669846535,128
aim_on_dare__calib_instruction,candidate,instruction,uncensored_only,6,projected_js,0.08316900982754305,128
aim_on_dare__calib_instruction,candidate,instruction,uncensored_only,7,mmd_rbf,0.021831726655364037,128
aim_on_dare__calib_instruction,candidate,instruction,uncensored_only,7,projected_js,0.07768836981267668,128
aim_on_dare__calib_instruction,candidate,instruction,uncensored_only,8,mmd_rbf,0.015206480398774147,128
aim_on_dare__calib_instruction,candidate,instruction,uncensored_only,8,projected_js,0.07423643121728674,128
aim_on_dare__calib_instruction,candidate,instruction,uncensored_only,9,mmd_rbf,0.012748906388878822,128
aim_on_dare__calib_instruction,candidate,instruction,uncensored_only,9,projected_js,0.06662448655697517,128
aim_on_dare__calib_instruction,candidate,instruction,uncensored_only,10,mmd_rbf,0.011489586904644966,128
aim_on_dare__calib_instruction,candidate,instruction,uncensored_only,10,projected_js,0.06946885521756485,128
aim_on_dare__calib_instruction,candidate,instruction,uncensored_only,11,mmd_rbf,0.009674889035522938,128
aim_on_dare__calib_instruction,candidate,instruction,uncensored_only,11,projected_js,0.06618532032007352,128
aim_on_dare__calib_instruction,candidate,instruction,uncensored_only,12,mmd_rbf,0.009640931151807308,128
aim_on_dare__calib_instruction,candidate,instruction,uncensored_only,12,projected_js,0.06919451936846599,128
aim_on_dare__calib_instruction,candidate,instruction,uncensored_only,13,mmd_rbf,0.010074007324874401,128
aim_on_dare__calib_instruction,candidate,instruction,uncensored_only,13,projected_js,0.07311371085233986,128
aim_on_dare__calib_instruction,candidate,instruction,uncensored_only,14,mmd_rbf,0.010501141659915447,128
aim_on_dare__calib_instruction,candidate,instruction,uncensored_only,14,projected_js,0.06699331937124953,128
aim_on_dare__calib_instruction,candidate,instruction,uncensored_only,15,mmd_rbf,0.012322258204221725,128
aim_on_dare__calib_instruction,candidate,instruction,uncensored_only,15,projected_js,0.07220264413626865,128
aim_on_dare__calib_instruction,candidate,instruction,uncensored_only,16,mmd_rbf,0.013058297336101532,128
aim_on_dare__calib_instruction,candidate,instruction,uncensored_only,16,projected_js,0.07128833490423858,128
aim_on_dare__calib_instruction,candidate,instruction,uncensored_only,17,mmd_rbf,0.012637038715183735,128
aim_on_dare__calib_instruction,candidate,instruction,uncensored_only,17,projected_js,0.06946163688553497,128
aim_on_dare__calib_instruction,candidate,instruction,uncensored_only,18,mmd_rbf,0.012672513723373413,128
aim_on_dare__calib_instruction,candidate,instruction,uncensored_only,18,projected_js,0.06908294957247563,128
aim_on_dare__calib_instruction,candidate,instruction,uncensored_only,19,mmd_rbf,0.012563946656882763,128
aim_on_dare__calib_instruction,candidate,instruction,uncensored_only,19,projected_js,0.07109951484017074,128
aim_on_dare__calib_instruction,candidate,instruction,uncensored_only,20,mmd_rbf,0.012951797805726528,128
aim_on_dare__calib_instruction,candidate,instruction,uncensored_only,20,projected_js,0.06931828724918887,128
aim_on_dare__calib_instruction,candidate,instruction,uncensored_only,21,mmd_rbf,0.014152212999761105,128
aim_on_dare__calib_instruction,candidate,instruction,uncensored_only,21,projected_js,0.07376362796640024,128
aim_on_dare__calib_instruction,candidate,instruction,uncensored_only,22,mmd_rbf,0.0156675036996603,128
aim_on_dare__calib_instruction,candidate,instruction,uncensored_only,22,projected_js,0.0734466064022854,128
aim_on_dare__calib_instruction,candidate,instruction,uncensored_only,23,mmd_rbf,0.015714161098003387,128
aim_on_dare__calib_instruction,candidate,instruction,uncensored_only,23,projected_js,0.0733448262908496,128
aim_on_dare__calib_instruction,candidate,instruction,uncensored_only,24,mmd_rbf,0.01709718070924282,128
aim_on_dare__calib_instruction,candidate,instruction,uncensored_only,24,projected_js,0.07428960793185979,128
aim_on_dare__calib_instruction,candidate,instruction,uncensored_only,25,mmd_rbf,0.017738571390509605,128
aim_on_dare__calib_instruction,candidate,instruction,uncensored_only,25,projected_js,0.08064799453131855,128
aim_on_dare__calib_instruction,candidate,instruction,uncensored_only,26,mmd_rbf,0.018071338534355164,128
aim_on_dare__calib_instruction,candidate,instruction,uncensored_only,26,projected_js,0.07481396850198507,128
aim_on_dare__calib_instruction,candidate,instruction,uncensored_only,27,mmd_rbf,0.017969345673918724,128
aim_on_dare__calib_instruction,candidate,instruction,uncensored_only,27,projected_js,0.07509819103870541,128
aim_on_dare__calib_instruction,candidate,instruction,uncensored_only,28,mmd_rbf,0.016091814264655113,128
aim_on_dare__calib_instruction,candidate,instruction,uncensored_only,28,projected_js,0.07256411231355742,128
aim_on_dare__calib_instruction,candidate,instruction,uncensored_only,29,mmd_rbf,0.01518774963915348,128
aim_on_dare__calib_instruction,candidate,instruction,uncensored_only,29,projected_js,0.07432846783194691,128
aim_on_dare__calib_instruction,candidate,instruction,uncensored_only,30,mmd_rbf,0.015256205573678017,128
aim_on_dare__calib_instruction,candidate,instruction,uncensored_only,30,projected_js,0.0727365940110758,128
aim_on_dare__calib_instruction,candidate,instruction,uncensored_only,31,mmd_rbf,0.01470092125236988,128
aim_on_dare__calib_instruction,candidate,instruction,uncensored_only,31,projected_js,0.06820620078360662,128
aim_on_dare__calib_instruction,candidate,instruction,uncensored_only,32,mmd_rbf,0.014569327235221863,128
aim_on_dare__calib_instruction,candidate,instruction,uncensored_only,32,projected_js,0.07157939072931185,128
aim_on_dare__calib_instruction,candidate,instruction,uncensored_only,33,mmd_rbf,0.014564516954123974,128
aim_on_dare__calib_instruction,candidate,instruction,uncensored_only,33,projected_js,0.06803225760813802,128
aim_on_dare__calib_instruction,candidate,instruction,uncensored_only,34,mmd_rbf,0.016191735863685608,128
aim_on_dare__calib_instruction,candidate,instruction,uncensored_only,34,projected_js,0.07391115790233016,128
aim_on_dare__calib_instruction,candidate,instruction,uncensored_only,35,mmd_rbf,0.04560478404164314,128
aim_on_dare__calib_instruction,candidate,instruction,uncensored_only,35,projected_js,0.09436430298956111,128
aim_on_dare__calib_instruction,candidate,reasoning,base,0,mmd_rbf,0.0019816712010651827,128
aim_on_dare__calib_instruction,candidate,reasoning,base,0,projected_js,0.04222008946817368,128
aim_on_dare__calib_instruction,candidate,reasoning,base,1,mmd_rbf,0.004908129572868347,128
aim_on_dare__calib_instruction,candidate,reasoning,base,1,projected_js,0.04571563721401617,128
aim_on_dare__calib_instruction,candidate,reasoning,base,2,mmd_rbf,0.005262994207441807,128
aim_on_dare__calib_instruction,candidate,reasoning,base,2,projected_js,0.046916214167140424,128
aim_on_dare__calib_instruction,candidate,reasoning,base,3,mmd_rbf,0.0061562457121908665,128
aim_on_dare__calib_instruction,candidate,reasoning,base,3,projected_js,0.05393217902746983,128
aim_on_dare__calib_instruction,candidate,reasoning,base,4,mmd_rbf,0.0061494349502027035,128
aim_on_dare__calib_instruction,candidate,reasoning,base,4,projected_js,0.05444850816274993,128
aim_on_dare__calib_instruction,candidate,reasoning,base,5,mmd_rbf,0.0055848765186965466,128
aim_on_dare__calib_instruction,candidate,reasoning,base,5,projected_js,0.05209567560814321,128
aim_on_dare__calib_instruction,candidate,reasoning,base,6,mmd_rbf,0.004447326064109802,128
aim_on_dare__calib_instruction,candidate,reasoning,base,6,projected_js,0.050482819555327296,128
aim_on_dare__calib_instruction,candidate,reasoning,base,7,mmd_rbf,0.004357911646366119,128
aim_on_dare__calib_instruction,candidate,reasoning,base,7,projected_js,0.05499194803996943,128
aim_on_dare__calib_instruction,candidate,reasoning,base,8,mmd_rbf,0.0041154311038553715,128
aim_on_dare__calib_instruction,candidate,reasoning,base,8,projected_js,0.056741457286989316,128
aim_on_dare__calib_instruction,candidate,reasoning,base,9,mmd_rbf,0.004344152752310038,128
aim_on_dare__calib_instruction,candidate,reasoning,base,9,projected_js,0.05656334219384007,128
aim_on_dare__calib_instruction,candidate,reasoning,base,10,mmd_rbf,0.004783423617482185,128
aim_on_dare__calib_instruction,candidate,reasoning,base,10,projected_js,0.05228477026685141,128
aim_on_dare__calib_instruction,candidate,reasoning,base,11,mmd_rbf,0.004658570513129234,128
aim_on_dare__calib_instruction,candidate,reasoning,base,11,projected_js,0.05291728855809197,128
aim_on_dare__calib_instruction,candidate,reasoning,base,12,mmd_rbf,0.00490008806809783,128
aim_on_dare__calib_instruction,candidate,reasoning,base,12,projected_js,0.056437411287333816,128
aim_on_dare__calib_instruction,candidate,reasoning,base,13,mmd_rbf,0.0050032781437039375,128
aim_on_dare__calib_instruction,candidate,reasoning,base,13,projected_js,0.05916122315102257,128
aim_on_dare__calib_instruction,candidate,reasoning,base,14,mmd_rbf,0.005193973891437054,128
aim_on_dare__calib_instruction,candidate,reasoning,base,14,projected_js,0.05632988389697857,128
aim_on_dare__calib_instruction,candidate,reasoning,base,15,mmd_rbf,0.005619119852781296,128
aim_on_dare__calib_instruction,candidate,reasoning,base,15,projected_js,0.05750276171602309,128
aim_on_dare__calib_instruction,candidate,reasoning,base,16,mmd_rbf,0.006162024103105068,128
aim_on_dare__calib_instruction,candidate,reasoning,base,16,projected_js,0.06090391852194443,128
aim_on_dare__calib_instruction,candidate,reasoning,base,17,mmd_rbf,0.00607833918184042,128
aim_on_dare__calib_instruction,candidate,reasoning,base,17,projected_js,0.05576420441502705,128
aim_on_dare__calib_instruction,candidate,reasoning,base,18,mmd_rbf,0.006476552691310644,128
aim_on_dare__calib_instruction,candidate,reasoning,base,18,projected_js,0.05940522666787729,128
aim_on_dare__calib_instruction,candidate,reasoning,base,19,mmd_rbf,0.006749087478965521,128
aim_on_dare__calib_instruction,candidate,reasoning,base,19,projected_js,0.06129130849149078,128
aim_on_dare__calib_instruction,candidate,reasoning,base,20,mmd_rbf,0.006579625885933638,128
aim_on_dare__calib_instruction,candidate,reasoning,base,20,projected_js,0.060040694661438465,128
aim_on_dare__calib_instruction,candidate,reasoning,base,21,mmd_rbf,0.006741634104400873,128
aim_on_dare__calib_instruction,candidate,reasoning,base,21,projected_js,0.06004141393350437,128
aim_on_dare__calib_instruction,candidate,reasoning,base,22,mmd_rbf,0.006318829953670502,128
aim_on_dare__calib_instruction,candidate,reasoning,base,22,projected_js,0.058635615539969876,128
aim_on_dare__calib_instruction,candidate,reasoning,base,23,mmd_rbf,0.006117609795182943,128
aim_on_dare__calib_instruction,candidate,reasoning,base,23,projected_js,0.05642773665022105,128
aim_on_dare__calib_instruction,candidate,reasoning,base,24,mmd_rbf,0.005627917125821114,128
aim_on_dare__calib_instruction,candidate,reasoning,base,24,projected_js,0.05660155066289008,128
aim_on_dare__calib_instruction,candidate,reasoning,base,25,mmd_rbf,0.005380599293857813,128
aim_on_dare__calib_instruction,candidate,reasoning,base,25,projected_js,0.06113260582787916,128
aim_on_dare__calib_instruction,candidate,reasoning,base,26,mmd_rbf,0.005260576959699392,128
aim_on_dare__calib_instruction,candidate,reasoning,base,26,projected_js,0.06130259612109512,128
aim_on_dare__calib_instruction,candidate,reasoning,base,27,mmd_rbf,0.0052717761136591434,128
aim_on_dare__calib_instruction,candidate,reasoning,base,27,projected_js,0.05828735406976193,128
aim_on_dare__calib_instruction,candidate,reasoning,base,28,mmd_rbf,0.005363311618566513,128
aim_on_dare__calib_instruction,candidate,reasoning,base,28,projected_js,0.061210208223201334,128
aim_on_dare__calib_instruction,candidate,reasoning,base,29,mmd_rbf,0.0054775686003267765,128
aim_on_dare__calib_instruction,candidate,reasoning,base,29,projected_js,0.06155837542610243,128
aim_on_dare__calib_instruction,candidate,reasoning,base,30,mmd_rbf,0.005541616585105658,128
aim_on_dare__calib_instruction,candidate,reasoning,base,30,projected_js,0.060077104659285396,128
aim_on_dare__calib_instruction,candidate,reasoning,base,31,mmd_rbf,0.005573636386543512,128
aim_on_dare__calib_instruction,candidate,reasoning,base,31,projected_js,0.05679841316305101,128
aim_on_dare__calib_instruction,candidate,reasoning,base,32,mmd_rbf,0.005990085657685995,128
aim_on_dare__calib_instruction,candidate,reasoning,base,32,projected_js,0.05844751017866656,128
aim_on_dare__calib_instruction,candidate,reasoning,base,33,mmd_rbf,0.006340535823255777,128
aim_on_dare__calib_instruction,candidate,reasoning,base,33,projected_js,0.06172114779474214,128
aim_on_dare__calib_instruction,candidate,reasoning,base,34,mmd_rbf,0.009242534637451172,128
aim_on_dare__calib_instruction,candidate,reasoning,base,34,projected_js,0.06368789030238986,128
aim_on_dare__calib_instruction,candidate,reasoning,base,35,mmd_rbf,0.043610867112874985,128
aim_on_dare__calib_instruction,candidate,reasoning,base,35,projected_js,0.09048549504950643,128
aim_on_dare__calib_instruction,candidate,reasoning,instr_only,0,mmd_rbf,0.0010486692190170288,128
aim_on_dare__calib_instruction,candidate,reasoning,instr_only,0,projected_js,0.033125223766546696,128
aim_on_dare__calib_instruction,candidate,reasoning,instr_only,1,mmd_rbf,0.002702142344787717,128
aim_on_dare__calib_instruction,candidate,reasoning,instr_only,1,projected_js,0.03653796488652006,128
aim_on_dare__calib_instruction,candidate,reasoning,instr_only,2,mmd_rbf,0.0031912848353385925,128
aim_on_dare__calib_instruction,candidate,reasoning,instr_only,2,projected_js,0.04209860850824043,128
aim_on_dare__calib_instruction,candidate,reasoning,instr_only,3,mmd_rbf,0.003172083990648389,128
aim_on_dare__calib_instruction,candidate,reasoning,instr_only,3,projected_js,0.044459828990511596,128
aim_on_dare__calib_instruction,candidate,reasoning,instr_only,4,mmd_rbf,0.0027874417137354612,128
aim_on_dare__calib_instruction,candidate,reasoning,instr_only,4,projected_js,0.042802040523383766,128
aim_on_dare__calib_instruction,candidate,reasoning,instr_only,5,mmd_rbf,0.0025415688287466764,128
aim_on_dare__calib_instruction,candidate,reasoning,instr_only,5,projected_js,0.04061938030645251,128
aim_on_dare__calib_instruction,candidate,reasoning,instr_only,6,mmd_rbf,0.0018695220351219177,128
aim_on_dare__calib_instruction,candidate,reasoning,instr_only,6,projected_js,0.04289279173826799,128
aim_on_dare__calib_instruction,candidate,reasoning,instr_only,7,mmd_rbf,0.001723049208521843,128
aim_on_dare__calib_instruction,candidate,reasoning,instr_only,7,projected_js,0.04550438714795746,128
aim_on_dare__calib_instruction,candidate,reasoning,instr_only,8,mmd_rbf,0.0015559096354991198,128
aim_on_dare__calib_instruction,candidate,reasoning,instr_only,8,projected_js,0.048338065651478246,128
aim_on_dare__calib_instruction,candidate,reasoning,instr_only,9,mmd_rbf,0.001563981524668634,128
aim_on_dare__calib_instruction,candidate,reasoning,instr_only,9,projected_js,0.04435422478127293,128
aim_on_dare__calib_instruction,candidate,reasoning,instr_only,10,mmd_rbf,0.0016505956882610917,128
aim_on_dare__calib_instruction,candidate,reasoning,instr_only,10,projected_js,0.04634285590145737,128
aim_on_dare__calib_instruction,candidate,reasoning,instr_only,11,mmd_rbf,0.0015779100358486176,128
aim_on_dare__calib_instruction,candidate,reasoning,instr_only,11,projected_js,0.04738811997231096,128
aim_on_dare__calib_instruction,candidate,reasoning,instr_only,12,mmd_rbf,0.0017267875373363495,128
aim_on_dare__calib_instruction,candidate,reasoning,instr_only,12,projected_js,0.04996368702268228,128
aim_on_dare__calib_instruction,candidate,reasoning,instr_only,13,mmd_rbf,0.001852509449236095,128
aim_on_dare__calib_instruction,candidate,reasoning,instr_only,13,projected_js,0.05086376136750914,128
aim_on_dare__calib_instruction,candidate,reasoning,instr_only,14,mmd_rbf,0.0019032940035685897,128
aim_on_dare__calib_instruction,candidate,reasoning,instr_only,14,projected_js,0.05165923235472292,128
aim_on_dare__calib_instruction,candidate,reasoning,instr_only,15,mmd_rbf,0.0021347457077354193,128
aim_on_dare__calib_instruction,candidate,reasoning,instr_only,15,projected_js,0.05334819637937471,128
aim_on_dare__calib_instruction,candidate,reasoning,instr_only,16,mmd_rbf,0.002272734884172678,128
aim_on_dare__calib_instruction,candidate,reasoning,instr_only,16,projected_js,0.05676874396158382,128
aim_on_dare__calib_instruction,candidate,reasoning,instr_only,17,mmd_rbf,0.0024040124844759703,128
aim_on_dare__calib_instruction,candidate,reasoning,instr_only,17,projected_js,0.055056579323718324,128
aim_on_dare__calib_instruction,candidate,reasoning,instr_only,18,mmd_rbf,0.002455855952575803,128
aim_on_dare__calib_instruction,candidate,reasoning,instr_only,18,projected_js,0.051986890292027965,128
aim_on_dare__calib_instruction,candidate,reasoning,instr_only,19,mmd_rbf,0.0026588283944875,128
aim_on_dare__calib_instruction,candidate,reasoning,instr_only,19,projected_js,0.055024030385538936,128
aim_on_dare__calib_instruction,candidate,reasoning,instr_only,20,mmd_rbf,0.0027076953556388617,128
aim_on_dare__calib_instruction,candidate,reasoning,instr_only,20,projected_js,0.05212692663189955,128
aim_on_dare__calib_instruction,candidate,reasoning,instr_only,21,mmd_rbf,0.002747532445937395,128
aim_on_dare__calib_instruction,candidate,reasoning,instr_only,21,projected_js,0.05323705781484023,128
aim_on_dare__calib_instruction,candidate,reasoning,instr_only,22,mmd_rbf,0.0028708314057439566,128
aim_on_dare__calib_instruction,candidate,reasoning,instr_only,22,projected_js,0.05345581303117797,128
aim_on_dare__calib_instruction,candidate,reasoning,instr_only,23,mmd_rbf,0.0028392046224325895,128
aim_on_dare__calib_instruction,candidate,reasoning,instr_only,23,projected_js,0.05156944633927196,128
aim_on_dare__calib_instruction,candidate,reasoning,instr_only,24,mmd_rbf,0.002864795969799161,128
aim_on_dare__calib_instruction,candidate,reasoning,instr_only,24,projected_js,0.053964585793437436,128
aim_on_dare__calib_instruction,candidate,reasoning,instr_only,25,mmd_rbf,0.0028234682977199554,128
aim_on_dare__calib_instruction,candidate,reasoning,instr_only,25,projected_js,0.050743278494337574,128
aim_on_dare__calib_instruction,candidate,reasoning,instr_only,26,mmd_rbf,0.0028584394603967667,128
aim_on_dare__calib_instruction,candidate,reasoning,instr_only,26,projected_js,0.0556995268270839,128
aim_on_dare__calib_instruction,candidate,reasoning,instr_only,27,mmd_rbf,0.002926434623077512,128
aim_on_dare__calib_instruction,candidate,reasoning,instr_only,27,projected_js,0.055653019197052345,128
aim_on_dare__calib_instruction,candidate,reasoning,instr_only,28,mmd_rbf,0.002980849239975214,128
aim_on_dare__calib_instruction,candidate,reasoning,instr_only,28,projected_js,0.0532314318115823,128
aim_on_dare__calib_instruction,candidate,reasoning,instr_only,29,mmd_rbf,0.0029627890326082706,128
aim_on_dare__calib_instruction,candidate,reasoning,instr_only,29,projected_js,0.05451733630616218,128
aim_on_dare__calib_instruction,candidate,reasoning,instr_only,30,mmd_rbf,0.003034191206097603,128
aim_on_dare__calib_instruction,candidate,reasoning,instr_only,30,projected_js,0.05254042037995532,128
aim_on_dare__calib_instruction,candidate,reasoning,instr_only,31,mmd_rbf,0.003216045442968607,128
aim_on_dare__calib_instruction,candidate,reasoning,instr_only,31,projected_js,0.053677144227549434,128
aim_on_dare__calib_instruction,candidate,reasoning,instr_only,32,mmd_rbf,0.0033188622910529375,128
aim_on_dare__calib_instruction,candidate,reasoning,instr_only,32,projected_js,0.05391352708102204,128
aim_on_dare__calib_instruction,candidate,reasoning,instr_only,33,mmd_rbf,0.0034690164029598236,128
aim_on_dare__calib_instruction,candidate,reasoning,instr_only,33,projected_js,0.05563835124485195,128
aim_on_dare__calib_instruction,candidate,reasoning,instr_only,34,mmd_rbf,0.004404631908982992,128
aim_on_dare__calib_instruction,candidate,reasoning,instr_only,34,projected_js,0.05685726320371032,128
aim_on_dare__calib_instruction,candidate,reasoning,instr_only,35,mmd_rbf,0.022953003644943237,128
aim_on_dare__calib_instruction,candidate,reasoning,instr_only,35,projected_js,0.07273602770874277,128
aim_on_dare__calib_instruction,candidate,reasoning,reasoning_only,0,mmd_rbf,0.004545468371361494,128
aim_on_dare__calib_instruction,candidate,reasoning,reasoning_only,0,projected_js,0.04794446169398725,128
aim_on_dare__calib_instruction,candidate,reasoning,reasoning_only,1,mmd_rbf,0.0077141048386693,128
aim_on_dare__calib_instruction,candidate,reasoning,reasoning_only,1,projected_js,0.055309912757365964,128
aim_on_dare__calib_instruction,candidate,reasoning,reasoning_only,2,mmd_rbf,0.013690987601876259,128
aim_on_dare__calib_instruction,candidate,reasoning,reasoning_only,2,projected_js,0.06642150634434074,128
aim_on_dare__calib_instruction,candidate,reasoning,reasoning_only,3,mmd_rbf,0.016475584357976913,128
aim_on_dare__calib_instruction,candidate,reasoning,reasoning_only,3,projected_js,0.0684149942244403,128
aim_on_dare__calib_instruction,candidate,reasoning,reasoning_only,4,mmd_rbf,0.015779929235577583,128
aim_on_dare__calib_instruction,candidate,reasoning,reasoning_only,4,projected_js,0.06726585020078346,128
aim_on_dare__calib_instruction,candidate,reasoning,reasoning_only,5,mmd_rbf,0.014845557510852814,128
aim_on_dare__calib_instruction,candidate,reasoning,reasoning_only,5,projected_js,0.06618812313536182,128
aim_on_dare__calib_instruction,candidate,reasoning,reasoning_only,6,mmd_rbf,0.011168747209012508,128
aim_on_dare__calib_instruction,candidate,reasoning,reasoning_only,6,projected_js,0.0631533187115565,128
aim_on_dare__calib_instruction,candidate,reasoning,reasoning_only,7,mmd_rbf,0.011690457351505756,128
aim_on_dare__calib_instruction,candidate,reasoning,reasoning_only,7,projected_js,0.06701530277496204,128
aim_on_dare__calib_instruction,candidate,reasoning,reasoning_only,8,mmd_rbf,0.010338976979255676,128
aim_on_dare__calib_instruction,candidate,reasoning,reasoning_only,8,projected_js,0.06354220863431692,128
aim_on_dare__calib_instruction,candidate,reasoning,reasoning_only,9,mmd_rbf,0.010477459989488125,128
aim_on_dare__calib_instruction,candidate,reasoning,reasoning_only,9,projected_js,0.0653115320019424,128
aim_on_dare__calib_instruction,candidate,reasoning,reasoning_only,10,mmd_rbf,0.011207218281924725,128
aim_on_dare__calib_instruction,candidate,reasoning,reasoning_only,10,projected_js,0.06582591088954359,128
aim_on_dare__calib_instruction,candidate,reasoning,reasoning_only,11,mmd_rbf,0.010553985834121704,128
aim_on_dare__calib_instruction,candidate,reasoning,reasoning_only,11,projected_js,0.0645364205702208,128
aim_on_dare__calib_instruction,candidate,reasoning,reasoning_only,12,mmd_rbf,0.01062176376581192,128
aim_on_dare__calib_instruction,candidate,reasoning,reasoning_only,12,projected_js,0.06772482418455184,128
aim_on_dare__calib_instruction,candidate,reasoning,reasoning_only,13,mmd_rbf,0.010911382734775543,128
aim_on_dare__calib_instruction,candidate,reasoning,reasoning_only,13,projected_js,0.06744164315750822,128
aim_on_dare__calib_instruction,candidate,reasoning,reasoning_only,14,mmd_rbf,0.010950326919555664,128
aim_on_dare__calib_instruction,candidate,reasoning,reasoning_only,14,projected_js,0.06435572484042495,128
aim_on_dare__calib_instruction,candidate,reasoning,reasoning_only,15,mmd_rbf,0.01204537320882082,128
aim_on_dare__calib_instruction,candidate,reasoning,reasoning_only,15,projected_js,0.06536358135053888,128
aim_on_dare__calib_instruction,candidate,reasoning,reasoning_only,16,mmd_rbf,0.012373249977827072,128
aim_on_dare__calib_instruction,candidate,reasoning,reasoning_only,16,projected_js,0.06570837608887814,128
aim_on_dare__calib_instruction,candidate,reasoning,reasoning_only,17,mmd_rbf,0.011870644986629486,128
aim_on_dare__calib_instruction,candidate,reasoning,reasoning_only,17,projected_js,0.06467382251867093,128
aim_on_dare__calib_instruction,candidate,reasoning,reasoning_only,18,mmd_rbf,0.013381433673202991,128
aim_on_dare__calib_instruction,candidate,reasoning,reasoning_only,18,projected_js,0.06576991162728518,128
aim_on_dare__calib_instruction,candidate,reasoning,reasoning_only,19,mmd_rbf,0.012617364525794983,128
aim_on_dare__calib_instruction,candidate,reasoning,reasoning_only,19,projected_js,0.06678380374796689,128
aim_on_dare__calib_instruction,candidate,reasoning,reasoning_only,20,mmd_rbf,0.012057854793965816,128
aim_on_dare__calib_instruction,candidate,reasoning,reasoning_only,20,projected_js,0.06804356985958293,128
aim_on_dare__calib_instruction,candidate,reasoning,reasoning_only,21,mmd_rbf,0.012466189451515675,128
aim_on_dare__calib_instruction,candidate,reasoning,reasoning_only,21,projected_js,0.06687724171206355,128
aim_on_dare__calib_instruction,candidate,reasoning,reasoning_only,22,mmd_rbf,0.01061855535954237,128
aim_on_dare__calib_instruction,candidate,reasoning,reasoning_only,22,projected_js,0.06603277387330309,128
aim_on_dare__calib_instruction,candidate,reasoning,reasoning_only,23,mmd_rbf,0.008666413836181164,128
aim_on_dare__calib_instruction,candidate,reasoning,reasoning_only,23,projected_js,0.06238977430621162,128
aim_on_dare__calib_instruction,candidate,reasoning,reasoning_only,24,mmd_rbf,0.008246103301644325,128
aim_on_dare__calib_instruction,candidate,reasoning,reasoning_only,24,projected_js,0.06114833985338919,128
aim_on_dare__calib_instruction,candidate,reasoning,reasoning_only,25,mmd_rbf,0.007296936120837927,128
aim_on_dare__calib_instruction,candidate,reasoning,reasoning_only,25,projected_js,0.061340187792666256,128
aim_on_dare__calib_instruction,candidate,reasoning,reasoning_only,26,mmd_rbf,0.006856493651866913,128
aim_on_dare__calib_instruction,candidate,reasoning,reasoning_only,26,projected_js,0.06375480117276311,128
aim_on_dare__calib_instruction,candidate,reasoning,reasoning_only,27,mmd_rbf,0.006675527896732092,128
aim_on_dare__calib_instruction,candidate,reasoning,reasoning_only,27,projected_js,0.059747705003246665,128
aim_on_dare__calib_instruction,candidate,reasoning,reasoning_only,28,mmd_rbf,0.006898860912770033,128
aim_on_dare__calib_instruction,candidate,reasoning,reasoning_only,28,projected_js,0.061594190483447164,128
aim_on_dare__calib_instruction,candidate,reasoning,reasoning_only,29,mmd_rbf,0.0068387300707399845,128
aim_on_dare__calib_instruction,candidate,reasoning,reasoning_only,29,projected_js,0.06273406045511365,128
aim_on_dare__calib_instruction,candidate,reasoning,reasoning_only,30,mmd_rbf,0.007098458707332611,128
aim_on_dare__calib_instruction,candidate,reasoning,reasoning_only,30,projected_js,0.061717907956335694,128
aim_on_dare__calib_instruction,candidate,reasoning,reasoning_only,31,mmd_rbf,0.00728424359112978,128
aim_on_dare__calib_instruction,candidate,reasoning,reasoning_only,31,projected_js,0.0626687143521849,128
aim_on_dare__calib_instruction,candidate,reasoning,reasoning_only,32,mmd_rbf,0.007369676139205694,128
aim_on_dare__calib_instruction,candidate,reasoning,reasoning_only,32,projected_js,0.06138177076354623,128
aim_on_dare__calib_instruction,candidate,reasoning,reasoning_only,33,mmd_rbf,0.007614135276526213,128
aim_on_dare__calib_instruction,candidate,reasoning,reasoning_only,33,projected_js,0.06160760665079579,128
aim_on_dare__calib_instruction,candidate,reasoning,reasoning_only,34,mmd_rbf,0.008399363607168198,128
aim_on_dare__calib_instruction,candidate,reasoning,reasoning_only,34,projected_js,0.06398589140735567,128
aim_on_dare__calib_instruction,candidate,reasoning,reasoning_only,35,mmd_rbf,0.03203444927930832,128
aim_on_dare__calib_instruction,candidate,reasoning,reasoning_only,35,projected_js,0.08009238104568794,128
aim_on_dare__calib_instruction,candidate,reasoning,uncensored_only,0,mmd_rbf,0.002790233585983515,128
aim_on_dare__calib_instruction,candidate,reasoning,uncensored_only,0,projected_js,0.03683389240177348,128
aim_on_dare__calib_instruction,candidate,reasoning,uncensored_only,1,mmd_rbf,0.07803487777709961,128
aim_on_dare__calib_instruction,candidate,reasoning,uncensored_only,1,projected_js,0.11573536961805075,128
aim_on_dare__calib_instruction,candidate,reasoning,uncensored_only,2,mmd_rbf,0.07355388253927231,128
aim_on_dare__calib_instruction,candidate,reasoning,uncensored_only,2,projected_js,0.10469132987782359,128
aim_on_dare__calib_instruction,candidate,reasoning,uncensored_only,3,mmd_rbf,0.05573684722185135,128
aim_on_dare__calib_instruction,candidate,reasoning,uncensored_only,3,projected_js,0.09799429168924689,128
aim_on_dare__calib_instruction,candidate,reasoning,uncensored_only,4,mmd_rbf,0.03782299906015396,128
aim_on_dare__calib_instruction,candidate,reasoning,uncensored_only,4,projected_js,0.09023401973536238,128
aim_on_dare__calib_instruction,candidate,reasoning,uncensored_only,5,mmd_rbf,0.02449793368577957,128
aim_on_dare__calib_instruction,candidate,reasoning,uncensored_only,5,projected_js,0.07932435942348093,128
aim_on_dare__calib_instruction,candidate,reasoning,uncensored_only,6,mmd_rbf,0.01485056895762682,128
aim_on_dare__calib_instruction,candidate,reasoning,uncensored_only,6,projected_js,0.0681391698308289,128
aim_on_dare__calib_instruction,candidate,reasoning,uncensored_only,7,mmd_rbf,0.01310856081545353,128
aim_on_dare__calib_instruction,candidate,reasoning,uncensored_only,7,projected_js,0.06865766254486516,128
aim_on_dare__calib_instruction,candidate,reasoning,uncensored_only,8,mmd_rbf,0.010192908346652985,128
aim_on_dare__calib_instruction,candidate,reasoning,uncensored_only,8,projected_js,0.06301308138063177,128
aim_on_dare__calib_instruction,candidate,reasoning,uncensored_only,9,mmd_rbf,0.008765450678765774,128
aim_on_dare__calib_instruction,candidate,reasoning,uncensored_only,9,projected_js,0.0608019643696025,128
aim_on_dare__calib_instruction,candidate,reasoning,uncensored_only,10,mmd_rbf,0.00791431125253439,128
aim_on_dare__calib_instruction,candidate,reasoning,uncensored_only,10,projected_js,0.05742874392308295,128
aim_on_dare__calib_instruction,candidate,reasoning,uncensored_only,11,mmd_rbf,0.006838159170001745,128
aim_on_dare__calib_instruction,candidate,reasoning,uncensored_only,11,projected_js,0.060515308927278966,128
aim_on_dare__calib_instruction,candidate,reasoning,uncensored_only,12,mmd_rbf,0.006861833389848471,128
aim_on_dare__calib_instruction,candidate,reasoning,uncensored_only,12,projected_js,0.06093383379629813,128
aim_on_dare__calib_instruction,candidate,reasoning,uncensored_only,13,mmd_rbf,0.00711969006806612,128
aim_on_dare__calib_instruction,candidate,reasoning,uncensored_only,13,projected_js,0.0646894506062381,128
aim_on_dare__calib_instruction,candidate,reasoning,uncensored_only,14,mmd_rbf,0.007372839841991663,128
aim_on_dare__calib_instruction,candidate,reasoning,uncensored_only,14,projected_js,0.06106307031586766,128
aim_on_dare__calib_instruction,candidate,reasoning,uncensored_only,15,mmd_rbf,0.008746105246245861,128
aim_on_dare__calib_instruction,candidate,reasoning,uncensored_only,15,projected_js,0.06239979714155197,128
aim_on_dare__calib_instruction,candidate,reasoning,uncensored_only,16,mmd_rbf,0.009628592990338802,128
aim_on_dare__calib_instruction,candidate,reasoning,uncensored_only,16,projected_js,0.05978745041647926,128
aim_on_dare__calib_instruction,candidate,reasoning,uncensored_only,17,mmd_rbf,0.009507627226412296,128
aim_on_dare__calib_instruction,candidate,reasoning,uncensored_only,17,projected_js,0.059917915728874505,128
aim_on_dare__calib_instruction,candidate,reasoning,uncensored_only,18,mmd_rbf,0.009477432817220688,128
aim_on_dare__calib_instruction,candidate,reasoning,uncensored_only,18,projected_js,0.0632184962159954,128
aim_on_dare__calib_instruction,candidate,reasoning,uncensored_only,19,mmd_rbf,0.009331992827355862,128
aim_on_dare__calib_instruction,candidate,reasoning,uncensored_only,19,projected_js,0.06225936725968495,128
aim_on_dare__calib_instruction,candidate,reasoning,uncensored_only,20,mmd_rbf,0.00942918099462986,128
aim_on_dare__calib_instruction,candidate,reasoning,uncensored_only,20,projected_js,0.061152324837166816,128
aim_on_dare__calib_instruction,candidate,reasoning,uncensored_only,21,mmd_rbf,0.010043474845588207,128
aim_on_dare__calib_instruction,candidate,reasoning,uncensored_only,21,projected_js,0.060929298284463584,128
aim_on_dare__calib_instruction,candidate,reasoning,uncensored_only,22,mmd_rbf,0.010320206172764301,128
aim_on_dare__calib_instruction,candidate,reasoning,uncensored_only,22,projected_js,0.06162716750986874,128
aim_on_dare__calib_instruction,candidate,reasoning,uncensored_only,23,mmd_rbf,0.010087679140269756,128
aim_on_dare__calib_instruction,candidate,reasoning,uncensored_only,23,projected_js,0.06536585750291124,128
aim_on_dare__calib_instruction,candidate,reasoning,uncensored_only,24,mmd_rbf,0.010017884895205498,128
aim_on_dare__calib_instruction,candidate,reasoning,uncensored_only,24,projected_js,0.06388433364918455,128
aim_on_dare__calib_instruction,candidate,reasoning,uncensored_only,25,mmd_rbf,0.010085982270538807,128
aim_on_dare__calib_instruction,candidate,reasoning,uncensored_only,25,projected_js,0.06611569959204644,128
aim_on_dare__calib_instruction,candidate,reasoning,uncensored_only,26,mmd_rbf,0.010054646991193295,128
aim_on_dare__calib_instruction,candidate,reasoning,uncensored_only,26,projected_js,0.06625977047951892,128
aim_on_dare__calib_instruction,candidate,reasoning,uncensored_only,27,mmd_rbf,0.0102172140032053,128
aim_on_dare__calib_instruction,candidate,reasoning,uncensored_only,27,projected_js,0.06273915950441733,128
aim_on_dare__calib_instruction,candidate,reasoning,uncensored_only,28,mmd_rbf,0.009808997623622417,128
aim_on_dare__calib_instruction,candidate,reasoning,uncensored_only,28,projected_js,0.06561070765019394,128
aim_on_dare__calib_instruction,candidate,reasoning,uncensored_only,29,mmd_rbf,0.00989560317248106,128
aim_on_dare__calib_instruction,candidate,reasoning,uncensored_only,29,projected_js,0.06504681438673288,128
aim_on_dare__calib_instruction,candidate,reasoning,uncensored_only,30,mmd_rbf,0.010156577453017235,128
aim_on_dare__calib_instruction,candidate,reasoning,uncensored_only,30,projected_js,0.06446154951117933,128
aim_on_dare__calib_instruction,candidate,reasoning,uncensored_only,31,mmd_rbf,0.010116039775311947,128
aim_on_dare__calib_instruction,candidate,reasoning,uncensored_only,31,projected_js,0.06275808723876253,128
aim_on_dare__calib_instruction,candidate,reasoning,uncensored_only,32,mmd_rbf,0.010297687724232674,128
aim_on_dare__calib_instruction,candidate,reasoning,uncensored_only,32,projected_js,0.06372178951278329,128
aim_on_dare__calib_instruction,candidate,reasoning,uncensored_only,33,mmd_rbf,0.010524755343794823,128
aim_on_dare__calib_instruction,candidate,reasoning,uncensored_only,33,projected_js,0.062129059399012476,128
aim_on_dare__calib_instruction,candidate,reasoning,uncensored_only,34,mmd_rbf,0.011312833055853844,128
aim_on_dare__calib_instruction,candidate,reasoning,uncensored_only,34,projected_js,0.06539679219713435,128
aim_on_dare__calib_instruction,candidate,reasoning,uncensored_only,35,mmd_rbf,0.029623601585626602,128
aim_on_dare__calib_instruction,candidate,reasoning,uncensored_only,35,projected_js,0.07811017276253551,128
aim_on_dare__calib_instruction,candidate,uncensored_refusal_like,base,0,mmd_rbf,0.008393299765884876,128
aim_on_dare__calib_instruction,candidate,uncensored_refusal_like,base,0,projected_js,0.053968971711583436,128
aim_on_dare__calib_instruction,candidate,uncensored_refusal_like,base,1,mmd_rbf,0.01675589382648468,128
aim_on_dare__calib_instruction,candidate,uncensored_refusal_like,base,1,projected_js,0.06760300471796654,128
aim_on_dare__calib_instruction,candidate,uncensored_refusal_like,base,2,mmd_rbf,0.017777811735868454,128
aim_on_dare__calib_instruction,candidate,uncensored_refusal_like,base,2,projected_js,0.06353886751458049,128
aim_on_dare__calib_instruction,candidate,uncensored_refusal_like,base,3,mmd_rbf,0.026731574907898903,128
aim_on_dare__calib_instruction,candidate,uncensored_refusal_like,base,3,projected_js,0.08099817298352718,128
aim_on_dare__calib_instruction,candidate,uncensored_refusal_like,base,4,mmd_rbf,0.025548819452524185,128
aim_on_dare__calib_instruction,candidate,uncensored_refusal_like,base,4,projected_js,0.07809126359643415,128
aim_on_dare__calib_instruction,candidate,uncensored_refusal_like,base,5,mmd_rbf,0.026513243094086647,128
aim_on_dare__calib_instruction,candidate,uncensored_refusal_like,base,5,projected_js,0.07996162690687925,128
aim_on_dare__calib_instruction,candidate,uncensored_refusal_like,base,6,mmd_rbf,0.022968895733356476,128
aim_on_dare__calib_instruction,candidate,uncensored_refusal_like,base,6,projected_js,0.07332130940631032,128
aim_on_dare__calib_instruction,candidate,uncensored_refusal_like,base,7,mmd_rbf,0.021124746650457382,128
aim_on_dare__calib_instruction,candidate,uncensored_refusal_like,base,7,projected_js,0.06643752387026325,128
aim_on_dare__calib_instruction,candidate,uncensored_refusal_like,base,8,mmd_rbf,0.01897602155804634,128
aim_on_dare__calib_instruction,candidate,uncensored_refusal_like,base,8,projected_js,0.07381582897505723,128
aim_on_dare__calib_instruction,candidate,uncensored_refusal_like,base,9,mmd_rbf,0.0218207910656929,128
aim_on_dare__calib_instruction,candidate,uncensored_refusal_like,base,9,projected_js,0.07596535969059914,128
aim_on_dare__calib_instruction,candidate,uncensored_refusal_like,base,10,mmd_rbf,0.023888859897851944,128
aim_on_dare__calib_instruction,candidate,uncensored_refusal_like,base,10,projected_js,0.08044285263167694,128
aim_on_dare__calib_instruction,candidate,uncensored_refusal_like,base,11,mmd_rbf,0.026222972199320793,128
aim_on_dare__calib_instruction,candidate,uncensored_refusal_like,base,11,projected_js,0.08074682351434603,128
aim_on_dare__calib_instruction,candidate,uncensored_refusal_like,base,12,mmd_rbf,0.02929767407476902,128
aim_on_dare__calib_instruction,candidate,uncensored_refusal_like,base,12,projected_js,0.08031094289617613,128
aim_on_dare__calib_instruction,candidate,uncensored_refusal_like,base,13,mmd_rbf,0.03296411782503128,128
aim_on_dare__calib_instruction,candidate,uncensored_refusal_like,base,13,projected_js,0.08771517855348065,128
aim_on_dare__calib_instruction,candidate,uncensored_refusal_like,base,14,mmd_rbf,0.035475581884384155,128
aim_on_dare__calib_instruction,candidate,uncensored_refusal_like,base,14,projected_js,0.08658110431861132,128
aim_on_dare__calib_instruction,candidate,uncensored_refusal_like,base,15,mmd_rbf,0.03730037808418274,128
aim_on_dare__calib_instruction,candidate,uncensored_refusal_like,base,15,projected_js,0.0792586570023559,128
aim_on_dare__calib_instruction,candidate,uncensored_refusal_like,base,16,mmd_rbf,0.037790656089782715,128
aim_on_dare__calib_instruction,candidate,uncensored_refusal_like,base,16,projected_js,0.08334716031095013,128
aim_on_dare__calib_instruction,candidate,uncensored_refusal_like,base,17,mmd_rbf,0.03832663968205452,128
aim_on_dare__calib_instruction,candidate,uncensored_refusal_like,base,17,projected_js,0.08444611128652468,128
aim_on_dare__calib_instruction,candidate,uncensored_refusal_like,base,18,mmd_rbf,0.039559390395879745,128
aim_on_dare__calib_instruction,candidate,uncensored_refusal_like,base,18,projected_js,0.08544872951461002,128
aim_on_dare__calib_instruction,candidate,uncensored_refusal_like,base,19,mmd_rbf,0.038979340344667435,128
aim_on_dare__calib_instruction,candidate,uncensored_refusal_like,base,19,projected_js,0.08746611594688147,128
aim_on_dare__calib_instruction,candidate,uncensored_refusal_like,base,20,mmd_rbf,0.04602030664682388,128
aim_on_dare__calib_instruction,candidate,uncensored_refusal_like,base,20,projected_js,0.08937927318038419,128
aim_on_dare__calib_instruction,candidate,uncensored_refusal_like,base,21,mmd_rbf,0.04926496371626854,128
aim_on_dare__calib_instruction,candidate,uncensored_refusal_like,base,21,projected_js,0.08803677931427956,128
aim_on_dare__calib_instruction,candidate,uncensored_refusal_like,base,22,mmd_rbf,0.05115300044417381,128
aim_on_dare__calib_instruction,candidate,uncensored_refusal_like,base,22,projected_js,0.09464309620670974,128
aim_on_dare__calib_instruction,candidate,uncensored_refusal_like,base,23,mmd_rbf,0.050314486026763916,128
aim_on_dare__calib_instruction,candidate,uncensored_refusal_like,base,23,projected_js,0.09679312334628776,128
aim_on_dare__calib_instruction,candidate,uncensored_refusal_like,base,24,mmd_rbf,0.048638466745615005,128
aim_on_dare__calib_instruction,candidate,uncensored_refusal_like,base,24,projected_js,0.10200680169509724,128
aim_on_dare__calib_instruction,candidate,uncensored_refusal_like,base,25,mmd_rbf,0.0472516231238842,128
aim_on_dare__calib_instruction,candidate,uncensored_refusal_like,base,25,projected_js,0.09347088693175465,128
aim_on_dare__calib_instruction,candidate,uncensored_refusal_like,base,26,mmd_rbf,0.04750628024339676,128
aim_on_dare__calib_instruction,candidate,uncensored_refusal_like,base,26,projected_js,0.09562572976574302,128
aim_on_dare__calib_instruction,candidate,uncensored_refusal_like,base,27,mmd_rbf,0.04785384610295296,128
aim_on_dare__calib_instruction,candidate,uncensored_refusal_like,base,27,projected_js,0.10174767079297453,128
aim_on_dare__calib_instruction,candidate,uncensored_refusal_like,base,28,mmd_rbf,0.04672272130846977,128
aim_on_dare__calib_instruction,candidate,uncensored_refusal_like,base,28,projected_js,0.10473369917599484,128
aim_on_dare__calib_instruction,candidate,uncensored_refusal_like,base,29,mmd_rbf,0.04377551004290581,128
aim_on_dare__calib_instruction,candidate,uncensored_refusal_like,base,29,projected_js,0.0988734009442851,128
aim_on_dare__calib_instruction,candidate,uncensored_refusal_like,base,30,mmd_rbf,0.044080402702093124,128
aim_on_dare__calib_instruction,candidate,uncensored_refusal_like,base,30,projected_js,0.09736282471567392,128
aim_on_dare__calib_instruction,candidate,uncensored_refusal_like,base,31,mmd_rbf,0.04364371672272682,128
aim_on_dare__calib_instruction,candidate,uncensored_refusal_like,base,31,projected_js,0.09222282096743584,128
aim_on_dare__calib_instruction,candidate,uncensored_refusal_like,base,32,mmd_rbf,0.044224467128515244,128
aim_on_dare__calib_instruction,candidate,uncensored_refusal_like,base,32,projected_js,0.09466908825561404,128
aim_on_dare__calib_instruction,candidate,uncensored_refusal_like,base,33,mmd_rbf,0.04277513548731804,128
aim_on_dare__calib_instruction,candidate,uncensored_refusal_like,base,33,projected_js,0.09674421674571931,128
aim_on_dare__calib_instruction,candidate,uncensored_refusal_like,base,34,mmd_rbf,0.05625765398144722,128
aim_on_dare__calib_instruction,candidate,uncensored_refusal_like,base,34,projected_js,0.10744344611885026,128
aim_on_dare__calib_instruction,candidate,uncensored_refusal_like,base,35,mmd_rbf,0.1326056718826294,128
aim_on_dare__calib_instruction,candidate,uncensored_refusal_like,base,35,projected_js,0.17216120183002204,128
aim_on_dare__calib_instruction,candidate,uncensored_refusal_like,instr_only,0,mmd_rbf,0.005213219206780195,128
aim_on_dare__calib_instruction,candidate,uncensored_refusal_like,instr_only,0,projected_js,0.046876416308805346,128
aim_on_dare__calib_instruction,candidate,uncensored_refusal_like,instr_only,1,mmd_rbf,0.011031887494027615,128
aim_on_dare__calib_instruction,candidate,uncensored_refusal_like,instr_only,1,projected_js,0.05998551315860823,128
aim_on_dare__calib_instruction,candidate,uncensored_refusal_like,instr_only,2,mmd_rbf,0.012385792098939419,128
aim_on_dare__calib_instruction,candidate,uncensored_refusal_like,instr_only,2,projected_js,0.05991283952607773,128
aim_on_dare__calib_instruction,candidate,uncensored_refusal_like,instr_only,3,mmd_rbf,0.013319842517375946,128
aim_on_dare__calib_instruction,candidate,uncensored_refusal_like,instr_only,3,projected_js,0.06090327544370666,128
aim_on_dare__calib_instruction,candidate,uncensored_refusal_like,instr_only,4,mmd_rbf,0.014023630879819393,128
aim_on_dare__calib_instruction,candidate,uncensored_refusal_like,instr_only,4,projected_js,0.06455828752950765,128
aim_on_dare__calib_instruction,candidate,uncensored_refusal_like,instr_only,5,mmd_rbf,0.013977176509797573,128
aim_on_dare__calib_instruction,candidate,uncensored_refusal_like,instr_only,5,projected_js,0.061230973777128384,128
aim_on_dare__calib_instruction,candidate,uncensored_refusal_like,instr_only,6,mmd_rbf,0.010688080452382565,128
aim_on_dare__calib_instruction,candidate,uncensored_refusal_like,instr_only,6,projected_js,0.061021299625281245,128
aim_on_dare__calib_instruction,candidate,uncensored_refusal_like,instr_only,7,mmd_rbf,0.008680430240929127,128
aim_on_dare__calib_instruction,candidate,uncensored_refusal_like,instr_only,7,projected_js,0.059732650028308854,128
aim_on_dare__calib_instruction,candidate,uncensored_refusal_like,instr_only,8,mmd_rbf,0.007163661997765303,128
aim_on_dare__calib_instruction,candidate,uncensored_refusal_like,instr_only,8,projected_js,0.05935380273149349,128
aim_on_dare__calib_instruction,candidate,uncensored_refusal_like,instr_only,9,mmd_rbf,0.00702440133318305,128
aim_on_dare__calib_instruction,candidate,uncensored_refusal_like,instr_only,9,projected_js,0.06262495735427365,128
aim_on_dare__calib_instruction,candidate,uncensored_refusal_like,instr_only,10,mmd_rbf,0.0075602903962135315,128
aim_on_dare__calib_instruction,candidate,uncensored_refusal_like,instr_only,10,projected_js,0.062192319659516215,128
aim_on_dare__calib_instruction,candidate,uncensored_refusal_like,instr_only,11,mmd_rbf,0.007326153106987476,128
aim_on_dare__calib_instruction,candidate,uncensored_refusal_like,instr_only,11,projected_js,0.06147076661000028,128
aim_on_dare__calib_instruction,candidate,uncensored_refusal_like,instr_only,12,mmd_rbf,0.008012357167899609,128
aim_on_dare__calib_instruction,candidate,uncensored_refusal_like,instr_only,12,projected_js,0.06262031162623316,128
aim_on_dare__calib_instruction,candidate,uncensored_refusal_like,instr_only,13,mmd_rbf,0.008398899808526039,128
aim_on_dare__calib_instruction,candidate,uncensored_refusal_like,instr_only,13,projected_js,0.061418369645252824,128
aim_on_dare__calib_instruction,candidate,uncensored_refusal_like,instr_only,14,mmd_rbf,0.00833029206842184,128
aim_on_dare__calib_instruction,candidate,uncensored_refusal_like,instr_only,14,projected_js,0.0626595871290192,128
aim_on_dare__calib_instruction,candidate,uncensored_refusal_like,instr_only,15,mmd_rbf,0.008677839301526546,128
aim_on_dare__calib_instruction,candidate,uncensored_refusal_like,instr_only,15,projected_js,0.06468922877684236,128
aim_on_dare__calib_instruction,candidate,uncensored_refusal_like,instr_only,16,mmd_rbf,0.009345456957817078,128
aim_on_dare__calib_instruction,candidate,uncensored_refusal_like,instr_only,16,projected_js,0.06669272028375417,128
aim_on_dare__calib_instruction,candidate,uncensored_refusal_like,instr_only,17,mmd_rbf,0.01016234327107668,128
aim_on_dare__calib_instruction,candidate,uncensored_refusal_like,instr_only,17,projected_js,0.06286949594505131,128
aim_on_dare__calib_instruction,candidate,uncensored_refusal_like,instr_only,18,mmd_rbf,0.011267227120697498,128
aim_on_dare__calib_instruction,candidate,uncensored_refusal_like,instr_only,18,projected_js,0.06754784571239725,128
aim_on_dare__calib_instruction,candidate,uncensored_refusal_like,instr_only,19,mmd_rbf,0.012575668282806873,128
aim_on_dare__calib_instruction,candidate,uncensored_refusal_like,instr_only,19,projected_js,0.0661624759377446,128
aim_on_dare__calib_instruction,candidate,uncensored_refusal_like,instr_only,20,mmd_rbf,0.013902249746024609,128
aim_on_dare__calib_instruction,candidate,uncensored_refusal_like,instr_only,20,projected_js,0.07120127422967926,128
aim_on_dare__calib_instruction,candidate,uncensored_refusal_like,instr_only,21,mmd_rbf,0.016137301921844482,128
aim_on_dare__calib_instruction,candidate,uncensored_refusal_like,instr_only,21,projected_js,0.06994688231498003,128
aim_on_dare__calib_instruction,candidate,uncensored_refusal_like,instr_only,22,mmd_rbf,0.01770392619073391,128
aim_on_dare__calib_instruction,candidate,uncensored_refusal_like,instr_only,22,projected_js,0.07197248941520229,128
aim_on_dare__calib_instruction,candidate,uncensored_refusal_like,instr_only,23,mmd_rbf,0.018228044733405113,128
aim_on_dare__calib_instruction,candidate,uncensored_refusal_like,instr_only,23,projected_js,0.0714100714540109,128
aim_on_dare__calib_instruction,candidate,uncensored_refusal_like,instr_only,24,mmd_rbf,0.019505923613905907,128
aim_on_dare__calib_instruction,candidate,uncensored_refusal_like,instr_only,24,projected_js,0.07477586134336889,128
aim_on_dare__calib_instruction,candidate,uncensored_refusal_like,instr_only,25,mmd_rbf,0.02062383107841015,128
aim_on_dare__calib_instruction,candidate,uncensored_refusal_like,instr_only,25,projected_js,0.07298916496802121,128
aim_on_dare__calib_instruction,candidate,uncensored_refusal_like,instr_only,26,mmd_rbf,0.021297305822372437,128
aim_on_dare__calib_instruction,candidate,uncensored_refusal_like,instr_only,26,projected_js,0.07936564151896164,128
aim_on_dare__calib_instruction,candidate,uncensored_refusal_like,instr_only,27,mmd_rbf,0.021347105503082275,128
aim_on_dare__calib_instruction,candidate,uncensored_refusal_like,instr_only,27,projected_js,0.07587943284306675,128
aim_on_dare__calib_instruction,candidate,uncensored_refusal_like,instr_only,28,mmd_rbf,0.020781060680747032,128
aim_on_dare__calib_instruction,candidate,uncensored_refusal_like,instr_only,28,projected_js,0.0757253845804371,128
aim_on_dare__calib_instruction,candidate,uncensored_refusal_like,instr_only,29,mmd_rbf,0.019849544391036034,128
aim_on_dare__calib_instruction,candidate,uncensored_refusal_like,instr_only,29,projected_js,0.07420057273702696,128
aim_on_dare__calib_instruction,candidate,uncensored_refusal_like,instr_only,30,mmd_rbf,0.01979277841746807,128
aim_on_dare__calib_instruction,candidate,uncensored_refusal_like,instr_only,30,projected_js,0.07624565868172795,128
aim_on_dare__calib_instruction,candidate,uncensored_refusal_like,instr_only,31,mmd_rbf,0.01957773044705391,128
aim_on_dare__calib_instruction,candidate,uncensored_refusal_like,instr_only,31,projected_js,0.07697027601534501,128
aim_on_dare__calib_instruction,candidate,uncensored_refusal_like,instr_only,32,mmd_rbf,0.02024506777524948,128
aim_on_dare__calib_instruction,candidate,uncensored_refusal_like,instr_only,32,projected_js,0.07549750793259591,128
aim_on_dare__calib_instruction,candidate,uncensored_refusal_like,instr_only,33,mmd_rbf,0.019939539954066277,128
aim_on_dare__calib_instruction,candidate,uncensored_refusal_like,instr_only,33,projected_js,0.07769901485880837,128
aim_on_dare__calib_instruction,candidate,uncensored_refusal_like,instr_only,34,mmd_rbf,0.02339109219610691,128
aim_on_dare__calib_instruction,candidate,uncensored_refusal_like,instr_only,34,projected_js,0.08171292941551656,128
aim_on_dare__calib_instruction,candidate,uncensored_refusal_like,instr_only,35,mmd_rbf,0.08300495892763138,128
aim_on_dare__calib_instruction,candidate,uncensored_refusal_like,instr_only,35,projected_js,0.13346291752532125,128
aim_on_dare__calib_instruction,candidate,uncensored_refusal_like,reasoning_only,0,mmd_rbf,0.02393862046301365,128
aim_on_dare__calib_instruction,candidate,uncensored_refusal_like,reasoning_only,0,projected_js,0.09475633225520141,128
aim_on_dare__calib_instruction,candidate,uncensored_refusal_like,reasoning_only,1,mmd_rbf,0.03114246390759945,128
aim_on_dare__calib_instruction,candidate,uncensored_refusal_like,reasoning_only,1,projected_js,0.08852153009502217,128
aim_on_dare__calib_instruction,candidate,uncensored_refusal_like,reasoning_only,2,mmd_rbf,0.04209810495376587,128
aim_on_dare__calib_instruction,candidate,uncensored_refusal_like,reasoning_only,2,projected_js,0.09223002486396581,128
aim_on_dare__calib_instruction,candidate,uncensored_refusal_like,reasoning_only,3,mmd_rbf,0.04870148375630379,128
aim_on_dare__calib_instruction,candidate,uncensored_refusal_like,reasoning_only,3,projected_js,0.10251683671958745,128
aim_on_dare__calib_instruction,candidate,uncensored_refusal_like,reasoning_only,4,mmd_rbf,0.052248984575271606,128
aim_on_dare__calib_instruction,candidate,uncensored_refusal_like,reasoning_only,4,projected_js,0.12032454926520586,128
aim_on_dare__calib_instruction,candidate,uncensored_refusal_like,reasoning_only,5,mmd_rbf,0.058091629296541214,128
aim_on_dare__calib_instruction,candidate,uncensored_refusal_like,reasoning_only,5,projected_js,0.13009223522385582,128
aim_on_dare__calib_instruction,candidate,uncensored_refusal_like,reasoning_only,6,mmd_rbf,0.04438171908259392,128
aim_on_dare__calib_instruction,candidate,uncensored_refusal_like,reasoning_only,6,projected_js,0.10276632651221007,128
aim_on_dare__calib_instruction,candidate,uncensored_refusal_like,reasoning_only,7,mmd_rbf,0.040400195866823196,128
aim_on_dare__calib_instruction,candidate,uncensored_refusal_like,reasoning_only,7,projected_js,0.10304975364124402,128
aim_on_dare__calib_instruction,candidate,uncensored_refusal_like,reasoning_only,8,mmd_rbf,0.03184134513139725,128
aim_on_dare__calib_instruction,candidate,uncensored_refusal_like,reasoning_only,8,projected_js,0.09237705008126795,128
aim_on_dare__calib_instruction,candidate,uncensored_refusal_like,reasoning_only,9,mmd_rbf,0.03086104989051819,128
aim_on_dare__calib_instruction,candidate,uncensored_refusal_like,reasoning_only,9,projected_js,0.09112484351499006,128
aim_on_dare__calib_instruction,candidate,uncensored_refusal_like,reasoning_only,10,mmd_rbf,0.03183993324637413,128
aim_on_dare__calib_instruction,candidate,uncensored_refusal_like,reasoning_only,10,projected_js,0.09574704497936182,128
aim_on_dare__calib_instruction,candidate,uncensored_refusal_like,reasoning_only,11,mmd_rbf,0.030722958967089653,128
aim_on_dare__calib_instruction,candidate,uncensored_refusal_like,reasoning_only,11,projected_js,0.08812596695497632,128
aim_on_dare__calib_instruction,candidate,uncensored_refusal_like,reasoning_only,12,mmd_rbf,0.034470085054636,128
aim_on_dare__calib_instruction,candidate,uncensored_refusal_like,reasoning_only,12,projected_js,0.09130984079092741,128
aim_on_dare__calib_instruction,candidate,uncensored_refusal_like,reasoning_only,13,mmd_rbf,0.03708832338452339,128
aim_on_dare__calib_instruction,candidate,uncensored_refusal_like,reasoning_only,13,projected_js,0.09320230112643912,128
aim_on_dare__calib_instruction,candidate,uncensored_refusal_like,reasoning_only,14,mmd_rbf,0.0369127057492733,128
aim_on_dare__calib_instruction,candidate,uncensored_refusal_like,reasoning_only,14,projected_js,0.08619870041729882,128
aim_on_dare__calib_instruction,candidate,uncensored_refusal_like,reasoning_only,15,mmd_rbf,0.03839010372757912,128
aim_on_dare__calib_instruction,candidate,uncensored_refusal_like,reasoning_only,15,projected_js,0.0878785629174672,128
aim_on_dare__calib_instruction,candidate,uncensored_refusal_like,reasoning_only,16,mmd_rbf,0.037864748388528824,128
aim_on_dare__calib_instruction,candidate,uncensored_refusal_like,reasoning_only,16,projected_js,0.08698164852103218,128
aim_on_dare__calib_instruction,candidate,uncensored_refusal_like,reasoning_only,17,mmd_rbf,0.03774198517203331,128
aim_on_dare__calib_instruction,candidate,uncensored_refusal_like,reasoning_only,17,projected_js,0.08715804218081757,128
aim_on_dare__calib_instruction,candidate,uncensored_refusal_like,reasoning_only,18,mmd_rbf,0.04477367550134659,128
aim_on_dare__calib_instruction,candidate,uncensored_refusal_like,reasoning_only,18,projected_js,0.08935356768779457,128
aim_on_dare__calib_instruction,candidate,uncensored_refusal_like,reasoning_only,19,mmd_rbf,0.04357292503118515,128
aim_on_dare__calib_instruction,candidate,uncensored_refusal_like,reasoning_only,19,projected_js,0.08791338442824781,128
aim_on_dare__calib_instruction,candidate,uncensored_refusal_like,reasoning_only,20,mmd_rbf,0.04441187158226967,128
aim_on_dare__calib_instruction,candidate,uncensored_refusal_like,reasoning_only,20,projected_js,0.08630648459075019,128
aim_on_dare__calib_instruction,candidate,uncensored_refusal_like,reasoning_only,21,mmd_rbf,0.04599127918481827,128
aim_on_dare__calib_instruction,candidate,uncensored_refusal_like,reasoning_only,21,projected_js,0.09269053500611335,128
aim_on_dare__calib_instruction,candidate,uncensored_refusal_like,reasoning_only,22,mmd_rbf,0.04534266144037247,128
aim_on_dare__calib_instruction,candidate,uncensored_refusal_like,reasoning_only,22,projected_js,0.09305390261579305,128
aim_on_dare__calib_instruction,candidate,uncensored_refusal_like,reasoning_only,23,mmd_rbf,0.04002790153026581,128
aim_on_dare__calib_instruction,candidate,uncensored_refusal_like,reasoning_only,23,projected_js,0.09120742732193321,128
aim_on_dare__calib_instruction,candidate,uncensored_refusal_like,reasoning_only,24,mmd_rbf,0.04438496381044388,128
aim_on_dare__calib_instruction,candidate,uncensored_refusal_like,reasoning_only,24,projected_js,0.09453853050945327,128
aim_on_dare__calib_instruction,candidate,uncensored_refusal_like,reasoning_only,25,mmd_rbf,0.04263835772871971,128
aim_on_dare__calib_instruction,candidate,uncensored_refusal_like,reasoning_only,25,projected_js,0.09102796908700839,128
aim_on_dare__calib_instruction,candidate,uncensored_refusal_like,reasoning_only,26,mmd_rbf,0.04450516030192375,128
aim_on_dare__calib_instruction,candidate,uncensored_refusal_like,reasoning_only,26,projected_js,0.09059483796590939,128
aim_on_dare__calib_instruction,candidate,uncensored_refusal_like,reasoning_only,27,mmd_rbf,0.046465035527944565,128
aim_on_dare__calib_instruction,candidate,uncensored_refusal_like,reasoning_only,27,projected_js,0.09039766155183315,128
aim_on_dare__calib_instruction,candidate,uncensored_refusal_like,reasoning_only,28,mmd_rbf,0.048783980309963226,128
aim_on_dare__calib_instruction,candidate,uncensored_refusal_like,reasoning_only,28,projected_js,0.09968446765560657,128
aim_on_dare__calib_instruction,candidate,uncensored_refusal_like,reasoning_only,29,mmd_rbf,0.04718739911913872,128
aim_on_dare__calib_instruction,candidate,uncensored_refusal_like,reasoning_only,29,projected_js,0.10428302362561226,128
aim_on_dare__calib_instruction,candidate,uncensored_refusal_like,reasoning_only,30,mmd_rbf,0.050171561539173126,128
aim_on_dare__calib_instruction,candidate,uncensored_refusal_like,reasoning_only,30,projected_js,0.10443414520705119,128
aim_on_dare__calib_instruction,candidate,uncensored_refusal_like,reasoning_only,31,mmd_rbf,0.04983571916818619,128
aim_on_dare__calib_instruction,candidate,uncensored_refusal_like,reasoning_only,31,projected_js,0.10479209269396961,128
aim_on_dare__calib_instruction,candidate,uncensored_refusal_like,reasoning_only,32,mmd_rbf,0.04966114088892937,128
aim_on_dare__calib_instruction,candidate,uncensored_refusal_like,reasoning_only,32,projected_js,0.101279039576184,128
aim_on_dare__calib_instruction,candidate,uncensored_refusal_like,reasoning_only,33,mmd_rbf,0.047160662710666656,128
aim_on_dare__calib_instruction,candidate,uncensored_refusal_like,reasoning_only,33,projected_js,0.09836083743721247,128
aim_on_dare__calib_instruction,candidate,uncensored_refusal_like,reasoning_only,34,mmd_rbf,0.04986879229545593,128
aim_on_dare__calib_instruction,candidate,uncensored_refusal_like,reasoning_only,34,projected_js,0.09466244449140504,128
aim_on_dare__calib_instruction,candidate,uncensored_refusal_like,reasoning_only,35,mmd_rbf,0.05673074722290039,128
aim_on_dare__calib_instruction,candidate,uncensored_refusal_like,reasoning_only,35,projected_js,0.10481744568096474,128
aim_on_dare__calib_instruction,candidate,uncensored_refusal_like,uncensored_only,0,mmd_rbf,0.013175315223634243,128
aim_on_dare__calib_instruction,candidate,uncensored_refusal_like,uncensored_only,0,projected_js,0.06312485746457241,128
aim_on_dare__calib_instruction,candidate,uncensored_refusal_like,uncensored_only,1,mmd_rbf,0.22423231601715088,128
aim_on_dare__calib_instruction,candidate,uncensored_refusal_like,uncensored_only,1,projected_js,0.24701120116515085,128
aim_on_dare__calib_instruction,candidate,uncensored_refusal_like,uncensored_only,2,mmd_rbf,0.20030267536640167,128
aim_on_dare__calib_instruction,candidate,uncensored_refusal_like,uncensored_only,2,projected_js,0.20747070637298748,128
aim_on_dare__calib_instruction,candidate,uncensored_refusal_like,uncensored_only,3,mmd_rbf,0.1611769050359726,128
aim_on_dare__calib_instruction,candidate,uncensored_refusal_like,uncensored_only,3,projected_js,0.16882467590039596,128
aim_on_dare__calib_instruction,candidate,uncensored_refusal_like,uncensored_only,4,mmd_rbf,0.12959879636764526,128
aim_on_dare__calib_instruction,candidate,uncensored_refusal_like,uncensored_only,4,projected_js,0.1672759080247488,128
aim_on_dare__calib_instruction,candidate,uncensored_refusal_like,uncensored_only,5,mmd_rbf,0.09825839847326279,128
aim_on_dare__calib_instruction,candidate,uncensored_refusal_like,uncensored_only,5,projected_js,0.15413549833465368,128
aim_on_dare__calib_instruction,candidate,uncensored_refusal_like,uncensored_only,6,mmd_rbf,0.06222128868103027,128
aim_on_dare__calib_instruction,candidate,uncensored_refusal_like,uncensored_only,6,projected_js,0.1157530450145714,128
aim_on_dare__calib_instruction,candidate,uncensored_refusal_like,uncensored_only,7,mmd_rbf,0.047078538686037064,128
aim_on_dare__calib_instruction,candidate,uncensored_refusal_like,uncensored_only,7,projected_js,0.09831642854260281,128
aim_on_dare__calib_instruction,candidate,uncensored_refusal_like,uncensored_only,8,mmd_rbf,0.033916573971509933,128
aim_on_dare__calib_instruction,candidate,uncensored_refusal_like,uncensored_only,8,projected_js,0.08392377907875925,128
aim_on_dare__calib_instruction,candidate,uncensored_refusal_like,uncensored_only,9,mmd_rbf,0.029512012377381325,128
aim_on_dare__calib_instruction,candidate,uncensored_refusal_like,uncensored_only,9,projected_js,0.07999391289195046,128
aim_on_dare__calib_instruction,candidate,uncensored_refusal_like,uncensored_only,10,mmd_rbf,0.024796372279524803,128
aim_on_dare__calib_instruction,candidate,uncensored_refusal_like,uncensored_only,10,projected_js,0.07620745210442692,128
aim_on_dare__calib_instruction,candidate,uncensored_refusal_like,uncensored_only,11,mmd_rbf,0.02114243432879448,128
aim_on_dare__calib_instruction,candidate,uncensored_refusal_like,uncensored_only,11,projected_js,0.06832125491928309,128
aim_on_dare__calib_instruction,candidate,uncensored_refusal_like,uncensored_only,12,mmd_rbf,0.021958772093057632,128
aim_on_dare__calib_instruction,candidate,uncensored_refusal_like,uncensored_only,12,projected_js,0.07459145819302648,128
aim_on_dare__calib_instruction,candidate,uncensored_refusal_like,uncensored_only,13,mmd_rbf,0.02324114553630352,128
aim_on_dare__calib_instruction,candidate,uncensored_refusal_like,uncensored_only,13,projected_js,0.07388277669087984,128
aim_on_dare__calib_instruction,candidate,uncensored_refusal_like,uncensored_only,14,mmd_rbf,0.023440709337592125,128
aim_on_dare__calib_instruction,candidate,uncensored_refusal_like,uncensored_only,14,projected_js,0.07753651821985841,128
aim_on_dare__calib_instruction,candidate,uncensored_refusal_like,uncensored_only,15,mmd_rbf,0.028222117573022842,128
aim_on_dare__calib_instruction,candidate,uncensored_refusal_like,uncensored_only,15,projected_js,0.08397252485156059,128
aim_on_dare__calib_instruction,candidate,uncensored_refusal_like,uncensored_only,16,mmd_rbf,0.03008134663105011,128
aim_on_dare__calib_instruction,candidate,uncensored_refusal_like,uncensored_only,16,projected_js,0.07595807925099507,128
aim_on_dare__calib_instruction,candidate,uncensored_refusal_like,uncensored_only,17,mmd_rbf,0.03083520010113716,128
aim_on_dare__calib_instruction,candidate,uncensored_refusal_like,uncensored_only,17,projected_js,0.08102576830424368,128
aim_on_dare__calib_instruction,candidate,uncensored_refusal_like,uncensored_only,18,mmd_rbf,0.03216933086514473,128
aim_on_dare__calib_instruction,candidate,uncensored_refusal_like,uncensored_only,18,projected_js,0.08111869287677109,128
aim_on_dare__calib_instruction,candidate,uncensored_refusal_like,uncensored_only,19,mmd_rbf,0.03083391860127449,128
aim_on_dare__calib_instruction,candidate,uncensored_refusal_like,uncensored_only,19,projected_js,0.08292281354079023,128
aim_on_dare__calib_instruction,candidate,uncensored_refusal_like,uncensored_only,20,mmd_rbf,0.032679229974746704,128
aim_on_dare__calib_instruction,candidate,uncensored_refusal_like,uncensored_only,20,projected_js,0.07961820752825588,128
aim_on_dare__calib_instruction,candidate,uncensored_refusal_like,uncensored_only,21,mmd_rbf,0.03672010824084282,128
aim_on_dare__calib_instruction,candidate,uncensored_refusal_like,uncensored_only,21,projected_js,0.08642384019913152,128
aim_on_dare__calib_instruction,candidate,uncensored_refusal_like,uncensored_only,22,mmd_rbf,0.03927258402109146,128
aim_on_dare__calib_instruction,candidate,uncensored_refusal_like,uncensored_only,22,projected_js,0.0874324442120269,128
aim_on_dare__calib_instruction,candidate,uncensored_refusal_like,uncensored_only,23,mmd_rbf,0.03985941782593727,128
aim_on_dare__calib_instruction,candidate,uncensored_refusal_like,uncensored_only,23,projected_js,0.0890124473371543,128
aim_on_dare__calib_instruction,candidate,uncensored_refusal_like,uncensored_only,24,mmd_rbf,0.04471097141504288,128
aim_on_dare__calib_instruction,candidate,uncensored_refusal_like,uncensored_only,24,projected_js,0.09202383941737935,128
aim_on_dare__calib_instruction,candidate,uncensored_refusal_like,uncensored_only,25,mmd_rbf,0.04823010787367821,128
aim_on_dare__calib_instruction,candidate,uncensored_refusal_like,uncensored_only,25,projected_js,0.09484239324228838,128
aim_on_dare__calib_instruction,candidate,uncensored_refusal_like,uncensored_only,26,mmd_rbf,0.049566518515348434,128
aim_on_dare__calib_instruction,candidate,uncensored_refusal_like,uncensored_only,26,projected_js,0.09120926712057553,128
aim_on_dare__calib_instruction,candidate,uncensored_refusal_like,uncensored_only,27,mmd_rbf,0.050818175077438354,128
aim_on_dare__calib_instruction,candidate,uncensored_refusal_like,uncensored_only,27,projected_js,0.09737648617010564,128
aim_on_dare__calib_instruction,candidate,uncensored_refusal_like,uncensored_only,28,mmd_rbf,0.048884209245443344,128
aim_on_dare__calib_instruction,candidate,uncensored_refusal_like,uncensored_only,28,projected_js,0.10593940783292055,128
aim_on_dare__calib_instruction,candidate,uncensored_refusal_like,uncensored_only,29,mmd_rbf,0.04681183397769928,128
aim_on_dare__calib_instruction,candidate,uncensored_refusal_like,uncensored_only,29,projected_js,0.09916492464253679,128
aim_on_dare__calib_instruction,candidate,uncensored_refusal_like,uncensored_only,30,mmd_rbf,0.04950330778956413,128
aim_on_dare__calib_instruction,candidate,uncensored_refusal_like,uncensored_only,30,projected_js,0.10152166651096195,128
aim_on_dare__calib_instruction,candidate,uncensored_refusal_like,uncensored_only,31,mmd_rbf,0.04807119444012642,128
aim_on_dare__calib_instruction,candidate,uncensored_refusal_like,uncensored_only,31,projected_js,0.0947257584775798,128
aim_on_dare__calib_instruction,candidate,uncensored_refusal_like,uncensored_only,32,mmd_rbf,0.048013683408498764,128
aim_on_dare__calib_instruction,candidate,uncensored_refusal_like,uncensored_only,32,projected_js,0.09567600570153445,128
aim_on_dare__calib_instruction,candidate,uncensored_refusal_like,uncensored_only,33,mmd_rbf,0.04756888374686241,128
aim_on_dare__calib_instruction,candidate,uncensored_refusal_like,uncensored_only,33,projected_js,0.09584507823456079,128
aim_on_dare__calib_instruction,candidate,uncensored_refusal_like,uncensored_only,34,mmd_rbf,0.051923688501119614,128
aim_on_dare__calib_instruction,candidate,uncensored_refusal_like,uncensored_only,34,projected_js,0.10003705398412421,128
aim_on_dare__calib_instruction,candidate,uncensored_refusal_like,uncensored_only,35,mmd_rbf,0.10104333609342575,128
aim_on_dare__calib_instruction,candidate,uncensored_refusal_like,uncensored_only,35,projected_js,0.1329586028587073,128
