model_id,model_kind,calib_subset,target_id,layer,metric,value,n_prompts
aim_on_della__calib_reasoning,candidate,general,base,0,mmd_rbf,0.00508306035771966,128
aim_on_della__calib_reasoning,candidate,general,base,0,projected_js,0.0424579884565901,128
aim_on_della__calib_reasoning,candidate,general,base,1,mmd_rbf,0.01086754072457552,128
aim_on_della__calib_reasoning,candidate,general,base,1,projected_js,0.051960239274194464,128
aim_on_della__calib_reasoning,candidate,general,base,2,mmd_rbf,0.009502473287284374,128
aim_on_della__calib_reasoning,candidate,general,base,2,projected_js,0.05342751042917371,128
aim_on_della__calib_reasoning,candidate,general,base,3,mmd_rbf,0.011322359554469585,128
aim_on_della__calib_reasoning,candidate,general,base,3,projected_js,0.05514948122436181,128
aim_on_della__calib_reasoning,candidate,general,base,4,mmd_rbf,0.010080262087285519,128
aim_on_della__calib_reasoning,candidate,general,base,4,projected_js,0.05619698952068575,128
aim_on_della__calib_reasoning,candidate,general,base,5,mmd_rbf,0.009433633647859097,128
aim_on_della__calib_reasoning,candidate,general,base,5,projected_js,0.05665663618128747,128
aim_on_della__calib_reasoning,candidate,general,base,6,mmd_rbf,0.007216277066618204,128
aim_on_della__calib_reasoning,candidate,general,base,6,projected_js,0.051764176081633195,128
aim_on_della__calib_reasoning,candidate,general,base,7,mmd_rbf,0.006532307714223862,128
aim_on_della__calib_reasoning,candidate,general,base,7,projected_js,0.0529064052097965,128
aim_on_della__calib_reasoning,candidate,general,base,8,mmd_rbf,0.005332006141543388,128
aim_on_della__calib_reasoning,candidate,general,base,8,projected_js,0.05531237254035659,128
aim_on_della__calib_reasoning,candidate,general,base,9,mmd_rbf,0.0052934312261641026,128
aim_on_della__calib_reasoning,candidate,general,base,9,projected_js,0.055602634412935004,128
aim_on_della__calib_reasoning,candidate,general,base,10,mmd_rbf,0.005493830889463425,128
aim_on_della__calib_reasoning,candidate,general,base,10,projected_js,0.05492783561930992,128
aim_on_della__calib_reasoning,candidate,general,base,11,mmd_rbf,0.005415787920355797,128
aim_on_della__calib_reasoning,candidate,general,base,11,projected_js,0.05807558406377211,128
aim_on_della__calib_reasoning,candidate,general,base,12,mmd_rbf,0.005501055624336004,128
aim_on_della__calib_reasoning,candidate,general,base,12,projected_js,0.05630451859906316,128
aim_on_della__calib_reasoning,candidate,general,base,13,mmd_rbf,0.005848666653037071,128
aim_on_della__calib_reasoning,candidate,general,base,13,projected_js,0.05773023306392133,128
aim_on_della__calib_reasoning,candidate,general,base,14,mmd_rbf,0.006072795018553734,128
aim_on_della__calib_reasoning,candidate,general,base,14,projected_js,0.057981502439361066,128
aim_on_della__calib_reasoning,candidate,general,base,15,mmd_rbf,0.006698031909763813,128
aim_on_della__calib_reasoning,candidate,general,base,15,projected_js,0.05775175619055517,128
aim_on_della__calib_reasoning,candidate,general,base,16,mmd_rbf,0.007777166552841663,128
aim_on_della__calib_reasoning,candidate,general,base,16,projected_js,0.06157284550135955,128
aim_on_della__calib_reasoning,candidate,general,base,17,mmd_rbf,0.007430157158523798,128
aim_on_della__calib_reasoning,candidate,general,base,17,projected_js,0.058388483652379364,128
aim_on_della__calib_reasoning,candidate,general,base,18,mmd_rbf,0.008064252324402332,128
aim_on_della__calib_reasoning,candidate,general,base,18,projected_js,0.06479493359802291,128
aim_on_della__calib_reasoning,candidate,general,base,19,mmd_rbf,0.008247514255344868,128
aim_on_della__calib_reasoning,candidate,general,base,19,projected_js,0.06385559815680608,128
aim_on_della__calib_reasoning,candidate,general,base,20,mmd_rbf,0.00800494384020567,128
aim_on_della__calib_reasoning,candidate,general,base,20,projected_js,0.06228342588292435,128
aim_on_della__calib_reasoning,candidate,general,base,21,mmd_rbf,0.008259608410298824,128
aim_on_della__calib_reasoning,candidate,general,base,21,projected_js,0.06219984375638887,128
aim_on_della__calib_reasoning,candidate,general,base,22,mmd_rbf,0.0075773135758936405,128
aim_on_della__calib_reasoning,candidate,general,base,22,projected_js,0.06158808124018833,128
aim_on_della__calib_reasoning,candidate,general,base,23,mmd_rbf,0.007009656634181738,128
aim_on_della__calib_reasoning,candidate,general,base,23,projected_js,0.06258257949957624,128
aim_on_della__calib_reasoning,candidate,general,base,24,mmd_rbf,0.0063053616322577,128
aim_on_della__calib_reasoning,candidate,general,base,24,projected_js,0.058091720449738204,128
aim_on_della__calib_reasoning,candidate,general,base,25,mmd_rbf,0.005897385533899069,128
aim_on_della__calib_reasoning,candidate,general,base,25,projected_js,0.05675125919515267,128
aim_on_della__calib_reasoning,candidate,general,base,26,mmd_rbf,0.005824355408549309,128
aim_on_della__calib_reasoning,candidate,general,base,26,projected_js,0.05495687434449792,128
aim_on_della__calib_reasoning,candidate,general,base,27,mmd_rbf,0.005744036287069321,128
aim_on_della__calib_reasoning,candidate,general,base,27,projected_js,0.05959572989377193,128
aim_on_della__calib_reasoning,candidate,general,base,28,mmd_rbf,0.005450568627566099,128
aim_on_della__calib_reasoning,candidate,general,base,28,projected_js,0.05751319456612691,128
aim_on_della__calib_reasoning,candidate,general,base,29,mmd_rbf,0.005265754647552967,128
aim_on_della__calib_reasoning,candidate,general,base,29,projected_js,0.056504833250073716,128
aim_on_della__calib_reasoning,candidate,general,base,30,mmd_rbf,0.005098892375826836,128
aim_on_della__calib_reasoning,candidate,general,base,30,projected_js,0.05614841476199217,128
aim_on_della__calib_reasoning,candidate,general,base,31,mmd_rbf,0.004867336247116327,128
aim_on_della__calib_reasoning,candidate,general,base,31,projected_js,0.055847900483058766,128
aim_on_della__calib_reasoning,candidate,general,base,32,mmd_rbf,0.005230084527283907,128
aim_on_della__calib_reasoning,candidate,general,base,32,projected_js,0.055409851716831326,128
aim_on_della__calib_reasoning,candidate,general,base,33,mmd_rbf,0.005648810416460037,128
aim_on_della__calib_reasoning,candidate,general,base,33,projected_js,0.059745066333562136,128
aim_on_della__calib_reasoning,candidate,general,base,34,mmd_rbf,0.010727879591286182,128
aim_on_della__calib_reasoning,candidate,general,base,34,projected_js,0.06039781152503565,128
aim_on_della__calib_reasoning,candidate,general,base,35,mmd_rbf,0.0644204244017601,128
aim_on_della__calib_reasoning,candidate,general,base,35,projected_js,0.1073194308555685,128
aim_on_della__calib_reasoning,candidate,general,instr_only,0,mmd_rbf,0.002710837172344327,128
aim_on_della__calib_reasoning,candidate,general,instr_only,0,projected_js,0.030541285683284514,128
aim_on_della__calib_reasoning,candidate,general,instr_only,1,mmd_rbf,0.00585181126371026,128
aim_on_della__calib_reasoning,candidate,general,instr_only,1,projected_js,0.039760653395205736,128
aim_on_della__calib_reasoning,candidate,general,instr_only,2,mmd_rbf,0.0062849330715835094,128
aim_on_della__calib_reasoning,candidate,general,instr_only,2,projected_js,0.04379624326247722,128
aim_on_della__calib_reasoning,candidate,general,instr_only,3,mmd_rbf,0.007451561279594898,128
aim_on_della__calib_reasoning,candidate,general,instr_only,3,projected_js,0.04789334331871942,128
aim_on_della__calib_reasoning,candidate,general,instr_only,4,mmd_rbf,0.007524328771978617,128
aim_on_della__calib_reasoning,candidate,general,instr_only,4,projected_js,0.0487012246157974,128
aim_on_della__calib_reasoning,candidate,general,instr_only,5,mmd_rbf,0.0070162625052034855,128
aim_on_della__calib_reasoning,candidate,general,instr_only,5,projected_js,0.050496857962571084,128
aim_on_della__calib_reasoning,candidate,general,instr_only,6,mmd_rbf,0.004779231734573841,128
aim_on_della__calib_reasoning,candidate,general,instr_only,6,projected_js,0.047074955102289096,128
aim_on_della__calib_reasoning,candidate,general,instr_only,7,mmd_rbf,0.00382835790514946,128
aim_on_della__calib_reasoning,candidate,general,instr_only,7,projected_js,0.04534383158897981,128
aim_on_della__calib_reasoning,candidate,general,instr_only,8,mmd_rbf,0.0029642803128808737,128
aim_on_della__calib_reasoning,candidate,general,instr_only,8,projected_js,0.04906645152368583,128
aim_on_della__calib_reasoning,candidate,general,instr_only,9,mmd_rbf,0.0028635505586862564,128
aim_on_della__calib_reasoning,candidate,general,instr_only,9,projected_js,0.050989124458283186,128
aim_on_della__calib_reasoning,candidate,general,instr_only,10,mmd_rbf,0.0029965084977447987,128
aim_on_della__calib_reasoning,candidate,general,instr_only,10,projected_js,0.049177453154698014,128
aim_on_della__calib_reasoning,candidate,general,instr_only,11,mmd_rbf,0.003069865284487605,128
aim_on_della__calib_reasoning,candidate,general,instr_only,11,projected_js,0.05038177839014679,128
aim_on_della__calib_reasoning,candidate,general,instr_only,12,mmd_rbf,0.0033465318847447634,128
aim_on_della__calib_reasoning,candidate,general,instr_only,12,projected_js,0.05287402315298095,128
aim_on_della__calib_reasoning,candidate,general,instr_only,13,mmd_rbf,0.003787339199334383,128
aim_on_della__calib_reasoning,candidate,general,instr_only,13,projected_js,0.05420041497563943,128
aim_on_della__calib_reasoning,candidate,general,instr_only,14,mmd_rbf,0.003934073727577925,128
aim_on_della__calib_reasoning,candidate,general,instr_only,14,projected_js,0.05226226133527234,128
aim_on_della__calib_reasoning,candidate,general,instr_only,15,mmd_rbf,0.004337609745562077,128
aim_on_della__calib_reasoning,candidate,general,instr_only,15,projected_js,0.0564937021699734,128
aim_on_della__calib_reasoning,candidate,general,instr_only,16,mmd_rbf,0.004643572494387627,128
aim_on_della__calib_reasoning,candidate,general,instr_only,16,projected_js,0.06076199165545404,128
aim_on_della__calib_reasoning,candidate,general,instr_only,17,mmd_rbf,0.004952358081936836,128
aim_on_della__calib_reasoning,candidate,general,instr_only,17,projected_js,0.05838302310439758,128
aim_on_della__calib_reasoning,candidate,general,instr_only,18,mmd_rbf,0.005146660376340151,128
aim_on_della__calib_reasoning,candidate,general,instr_only,18,projected_js,0.057525545213138685,128
aim_on_della__calib_reasoning,candidate,general,instr_only,19,mmd_rbf,0.005502799991518259,128
aim_on_della__calib_reasoning,candidate,general,instr_only,19,projected_js,0.059187097183894366,128
aim_on_della__calib_reasoning,candidate,general,instr_only,20,mmd_rbf,0.005663551390171051,128
aim_on_della__calib_reasoning,candidate,general,instr_only,20,projected_js,0.05987939008628018,128
aim_on_della__calib_reasoning,candidate,general,instr_only,21,mmd_rbf,0.005805686581879854,128
aim_on_della__calib_reasoning,candidate,general,instr_only,21,projected_js,0.060005711507983506,128
aim_on_della__calib_reasoning,candidate,general,instr_only,22,mmd_rbf,0.006141057703644037,128
aim_on_della__calib_reasoning,candidate,general,instr_only,22,projected_js,0.05781702295644209,128
aim_on_della__calib_reasoning,candidate,general,instr_only,23,mmd_rbf,0.006064131390303373,128
aim_on_della__calib_reasoning,candidate,general,instr_only,23,projected_js,0.059219156100880355,128
aim_on_della__calib_reasoning,candidate,general,instr_only,24,mmd_rbf,0.006277676671743393,128
aim_on_della__calib_reasoning,candidate,general,instr_only,24,projected_js,0.057572488323785365,128
aim_on_della__calib_reasoning,candidate,general,instr_only,25,mmd_rbf,0.00633833697065711,128
aim_on_della__calib_reasoning,candidate,general,instr_only,25,projected_js,0.058554132061544806,128
aim_on_della__calib_reasoning,candidate,general,instr_only,26,mmd_rbf,0.006484150420874357,128
aim_on_della__calib_reasoning,candidate,general,instr_only,26,projected_js,0.05685405095573515,128
aim_on_della__calib_reasoning,candidate,general,instr_only,27,mmd_rbf,0.006500657182186842,128
aim_on_della__calib_reasoning,candidate,general,instr_only,27,projected_js,0.059534615313168615,128
aim_on_della__calib_reasoning,candidate,general,instr_only,28,mmd_rbf,0.0061838445253670216,128
aim_on_della__calib_reasoning,candidate,general,instr_only,28,projected_js,0.05675108206924051,128
aim_on_della__calib_reasoning,candidate,general,instr_only,29,mmd_rbf,0.005856461822986603,128
aim_on_della__calib_reasoning,candidate,general,instr_only,29,projected_js,0.05780226638307795,128
aim_on_della__calib_reasoning,candidate,general,instr_only,30,mmd_rbf,0.0055579631589353085,128
aim_on_della__calib_reasoning,candidate,general,instr_only,30,projected_js,0.05621679584146477,128
aim_on_della__calib_reasoning,candidate,general,instr_only,31,mmd_rbf,0.005538895260542631,128
aim_on_della__calib_reasoning,candidate,general,instr_only,31,projected_js,0.05738774861674756,128
aim_on_della__calib_reasoning,candidate,general,instr_only,32,mmd_rbf,0.005652160849422216,128
aim_on_della__calib_reasoning,candidate,general,instr_only,32,projected_js,0.05813081894302741,128
aim_on_della__calib_reasoning,candidate,general,instr_only,33,mmd_rbf,0.005573470611125231,128
aim_on_della__calib_reasoning,candidate,general,instr_only,33,projected_js,0.05939045801642351,128
aim_on_della__calib_reasoning,candidate,general,instr_only,34,mmd_rbf,0.006910265889018774,128
aim_on_della__calib_reasoning,candidate,general,instr_only,34,projected_js,0.05688006163109094,128
aim_on_della__calib_reasoning,candidate,general,instr_only,35,mmd_rbf,0.036272574216127396,128
aim_on_della__calib_reasoning,candidate,general,instr_only,35,projected_js,0.0828312878147699,128
aim_on_della__calib_reasoning,candidate,general,reasoning_only,0,mmd_rbf,0.016100918874144554,128
aim_on_della__calib_reasoning,candidate,general,reasoning_only,0,projected_js,0.06436752923764288,128
aim_on_della__calib_reasoning,candidate,general,reasoning_only,1,mmd_rbf,0.018261028453707695,128
aim_on_della__calib_reasoning,candidate,general,reasoning_only,1,projected_js,0.06559896102407947,128
aim_on_della__calib_reasoning,candidate,general,reasoning_only,2,mmd_rbf,0.025137191638350487,128
aim_on_della__calib_reasoning,candidate,general,reasoning_only,2,projected_js,0.06946946959942579,128
aim_on_della__calib_reasoning,candidate,general,reasoning_only,3,mmd_rbf,0.0268126018345356,128
aim_on_della__calib_reasoning,candidate,general,reasoning_only,3,projected_js,0.07919357757782564,128
aim_on_della__calib_reasoning,candidate,general,reasoning_only,4,mmd_rbf,0.02634420432150364,128
aim_on_della__calib_reasoning,candidate,general,reasoning_only,4,projected_js,0.08161626243963838,128
aim_on_della__calib_reasoning,candidate,general,reasoning_only,5,mmd_rbf,0.026472890749573708,128
aim_on_della__calib_reasoning,candidate,general,reasoning_only,5,projected_js,0.08171076388680376,128
aim_on_della__calib_reasoning,candidate,general,reasoning_only,6,mmd_rbf,0.018268300220370293,128
aim_on_della__calib_reasoning,candidate,general,reasoning_only,6,projected_js,0.06937852123519406,128
aim_on_della__calib_reasoning,candidate,general,reasoning_only,7,mmd_rbf,0.016722500324249268,128
aim_on_della__calib_reasoning,candidate,general,reasoning_only,7,projected_js,0.06775300548179075,128
aim_on_della__calib_reasoning,candidate,general,reasoning_only,8,mmd_rbf,0.01282601710408926,128
aim_on_della__calib_reasoning,candidate,general,reasoning_only,8,projected_js,0.0687182564579416,128
aim_on_della__calib_reasoning,candidate,general,reasoning_only,9,mmd_rbf,0.012170800939202309,128
aim_on_della__calib_reasoning,candidate,general,reasoning_only,9,projected_js,0.06537372196908109,128
aim_on_della__calib_reasoning,candidate,general,reasoning_only,10,mmd_rbf,0.012648224830627441,128
aim_on_della__calib_reasoning,candidate,general,reasoning_only,10,projected_js,0.06383325107162818,128
aim_on_della__calib_reasoning,candidate,general,reasoning_only,11,mmd_rbf,0.011431173421442509,128
aim_on_della__calib_reasoning,candidate,general,reasoning_only,11,projected_js,0.0642033105250448,128
aim_on_della__calib_reasoning,candidate,general,reasoning_only,12,mmd_rbf,0.011612757109105587,128
aim_on_della__calib_reasoning,candidate,general,reasoning_only,12,projected_js,0.06741327012423426,128
aim_on_della__calib_reasoning,candidate,general,reasoning_only,13,mmd_rbf,0.012048459611833096,128
aim_on_della__calib_reasoning,candidate,general,reasoning_only,13,projected_js,0.06641030934406444,128
aim_on_della__calib_reasoning,candidate,general,reasoning_only,14,mmd_rbf,0.012193146161735058,128
aim_on_della__calib_reasoning,candidate,general,reasoning_only,14,projected_js,0.06557683617575094,128
aim_on_della__calib_reasoning,candidate,general,reasoning_only,15,mmd_rbf,0.013198524713516235,128
aim_on_della__calib_reasoning,candidate,general,reasoning_only,15,projected_js,0.06672473094658926,128
aim_on_della__calib_reasoning,candidate,general,reasoning_only,16,mmd_rbf,0.013449800200760365,128
aim_on_della__calib_reasoning,candidate,general,reasoning_only,16,projected_js,0.06708263815380633,128
aim_on_della__calib_reasoning,candidate,general,reasoning_only,17,mmd_rbf,0.012890762649476528,128
aim_on_della__calib_reasoning,candidate,general,reasoning_only,17,projected_js,0.06815999024547637,128
aim_on_della__calib_reasoning,candidate,general,reasoning_only,18,mmd_rbf,0.014570015482604504,128
aim_on_della__calib_reasoning,candidate,general,reasoning_only,18,projected_js,0.06806113466154784,128
aim_on_della__calib_reasoning,candidate,general,reasoning_only,19,mmd_rbf,0.013414156623184681,128
aim_on_della__calib_reasoning,candidate,general,reasoning_only,19,projected_js,0.06381755316397175,128
aim_on_della__calib_reasoning,candidate,general,reasoning_only,20,mmd_rbf,0.013227271847426891,128
aim_on_della__calib_reasoning,candidate,general,reasoning_only,20,projected_js,0.06642466556513682,128
aim_on_della__calib_reasoning,candidate,general,reasoning_only,21,mmd_rbf,0.014041808433830738,128
aim_on_della__calib_reasoning,candidate,general,reasoning_only,21,projected_js,0.06887031270889565,128
aim_on_della__calib_reasoning,candidate,general,reasoning_only,22,mmd_rbf,0.011685940437018871,128
aim_on_della__calib_reasoning,candidate,general,reasoning_only,22,projected_js,0.06670515262521803,128
aim_on_della__calib_reasoning,candidate,general,reasoning_only,23,mmd_rbf,0.009418882429599762,128
aim_on_della__calib_reasoning,candidate,general,reasoning_only,23,projected_js,0.06701679463731125,128
aim_on_della__calib_reasoning,candidate,general,reasoning_only,24,mmd_rbf,0.009421311318874359,128
aim_on_della__calib_reasoning,candidate,general,reasoning_only,24,projected_js,0.06411724188365042,128
aim_on_della__calib_reasoning,candidate,general,reasoning_only,25,mmd_rbf,0.008621088229119778,128
aim_on_della__calib_reasoning,candidate,general,reasoning_only,25,projected_js,0.06154254433931783,128
aim_on_della__calib_reasoning,candidate,general,reasoning_only,26,mmd_rbf,0.008582270704209805,128
aim_on_della__calib_reasoning,candidate,general,reasoning_only,26,projected_js,0.061565270356368273,128
aim_on_della__calib_reasoning,candidate,general,reasoning_only,27,mmd_rbf,0.008173036389052868,128
aim_on_della__calib_reasoning,candidate,general,reasoning_only,27,projected_js,0.06157992029329762,128
aim_on_della__calib_reasoning,candidate,general,reasoning_only,28,mmd_rbf,0.008398540318012238,128
aim_on_della__calib_reasoning,candidate,general,reasoning_only,28,projected_js,0.05970405833795667,128
aim_on_della__calib_reasoning,candidate,general,reasoning_only,29,mmd_rbf,0.008258054964244366,128
aim_on_della__calib_reasoning,candidate,general,reasoning_only,29,projected_js,0.06387006223667413,128
aim_on_della__calib_reasoning,candidate,general,reasoning_only,30,mmd_rbf,0.008076360449194908,128
aim_on_della__calib_reasoning,candidate,general,reasoning_only,30,projected_js,0.05560084999888204,128
aim_on_della__calib_reasoning,candidate,general,reasoning_only,31,mmd_rbf,0.00796081405133009,128
aim_on_della__calib_reasoning,candidate,general,reasoning_only,31,projected_js,0.05861247156281024,128
aim_on_della__calib_reasoning,candidate,general,reasoning_only,32,mmd_rbf,0.007919969037175179,128
aim_on_della__calib_reasoning,candidate,general,reasoning_only,32,projected_js,0.06293155014282092,128
aim_on_della__calib_reasoning,candidate,general,reasoning_only,33,mmd_rbf,0.007892250083386898,128
aim_on_della__calib_reasoning,candidate,general,reasoning_only,33,projected_js,0.06142527918564156,128
aim_on_della__calib_reasoning,candidate,general,reasoning_only,34,mmd_rbf,0.008229099214076996,128
aim_on_della__calib_reasoning,candidate,general,reasoning_only,34,projected_js,0.06218348004040308,128
aim_on_della__calib_reasoning,candidate,general,reasoning_only,35,mmd_rbf,0.031159782782197,128
aim_on_della__calib_reasoning,candidate,general,reasoning_only,35,projected_js,0.07606892811600119,128
aim_on_della__calib_reasoning,candidate,general,uncensored_only,0,mmd_rbf,0.0071561275981366634,128
aim_on_della__calib_reasoning,candidate,general,uncensored_only,0,projected_js,0.04137412863201462,128
aim_on_della__calib_reasoning,candidate,general,uncensored_only,1,mmd_rbf,0.1588204801082611,128
aim_on_della__calib_reasoning,candidate,general,uncensored_only,1,projected_js,0.1695086258405354,128
aim_on_della__calib_reasoning,candidate,general,uncensored_only,2,mmd_rbf,0.13108479976654053,128
aim_on_della__calib_reasoning,candidate,general,uncensored_only,2,projected_js,0.13234090601326898,128
aim_on_della__calib_reasoning,candidate,general,uncensored_only,3,mmd_rbf,0.09957617521286011,128
aim_on_della__calib_reasoning,candidate,general,uncensored_only,3,projected_js,0.12046069581992924,128
aim_on_della__calib_reasoning,candidate,general,uncensored_only,4,mmd_rbf,0.07237081974744797,128
aim_on_della__calib_reasoning,candidate,general,uncensored_only,4,projected_js,0.11055764503544196,128
aim_on_della__calib_reasoning,candidate,general,uncensored_only,5,mmd_rbf,0.04997849464416504,128
aim_on_della__calib_reasoning,candidate,general,uncensored_only,5,projected_js,0.10303488554200158,128
aim_on_della__calib_reasoning,candidate,general,uncensored_only,6,mmd_rbf,0.028316915035247803,128
aim_on_della__calib_reasoning,candidate,general,uncensored_only,6,projected_js,0.078009384626057,128
aim_on_della__calib_reasoning,candidate,general,uncensored_only,7,mmd_rbf,0.021793633699417114,128
aim_on_della__calib_reasoning,candidate,general,uncensored_only,7,projected_js,0.07386006793240085,128
aim_on_della__calib_reasoning,candidate,general,uncensored_only,8,mmd_rbf,0.01454744953662157,128
aim_on_della__calib_reasoning,candidate,general,uncensored_only,8,projected_js,0.06525245594093576,128
aim_on_della__calib_reasoning,candidate,general,uncensored_only,9,mmd_rbf,0.012247529812157154,128
aim_on_della__calib_reasoning,candidate,general,uncensored_only,9,projected_js,0.06498457584530115,128
aim_on_della__calib_reasoning,candidate,general,uncensored_only,10,mmd_rbf,0.010722440667450428,128
aim_on_della__calib_reasoning,candidate,general,uncensored_only,10,projected_js,0.06561029428848997,128
aim_on_della__calib_reasoning,candidate,general,uncensored_only,11,mmd_rbf,0.009350215084850788,128
aim_on_della__calib_reasoning,candidate,general,uncensored_only,11,projected_js,0.059856695850612596,128
aim_on_della__calib_reasoning,candidate,general,uncensored_only,12,mmd_rbf,0.009128117002546787,128
aim_on_della__calib_reasoning,candidate,general,uncensored_only,12,projected_js,0.062191597069613636,128
aim_on_della__calib_reasoning,candidate,general,uncensored_only,13,mmd_rbf,0.009806236252188683,128
aim_on_della__calib_reasoning,candidate,general,uncensored_only,13,projected_js,0.06234944687457755,128
aim_on_della__calib_reasoning,candidate,general,uncensored_only,14,mmd_rbf,0.009579966776072979,128
aim_on_della__calib_reasoning,candidate,general,uncensored_only,14,projected_js,0.06294661667197943,128
aim_on_della__calib_reasoning,candidate,general,uncensored_only,15,mmd_rbf,0.011591850779950619,128
aim_on_della__calib_reasoning,candidate,general,uncensored_only,15,projected_js,0.06380295613780618,128
aim_on_della__calib_reasoning,candidate,general,uncensored_only,16,mmd_rbf,0.012817904353141785,128
aim_on_della__calib_reasoning,candidate,general,uncensored_only,16,projected_js,0.06823542196070775,128
aim_on_della__calib_reasoning,candidate,general,uncensored_only,17,mmd_rbf,0.012059075757861137,128
aim_on_della__calib_reasoning,candidate,general,uncensored_only,17,projected_js,0.06594659682014026,128
aim_on_della__calib_reasoning,candidate,general,uncensored_only,18,mmd_rbf,0.012269418686628342,128
aim_on_della__calib_reasoning,candidate,general,uncensored_only,18,projected_js,0.06360155565198511,128
aim_on_della__calib_reasoning,candidate,general,uncensored_only,19,mmd_rbf,0.011247074231505394,128
aim_on_della__calib_reasoning,candidate,general,uncensored_only,19,projected_js,0.0655360099626705,128
aim_on_della__calib_reasoning,candidate,general,uncensored_only,20,mmd_rbf,0.011007105000317097,128
aim_on_della__calib_reasoning,candidate,general,uncensored_only,20,projected_js,0.06394575559534132,128
aim_on_della__calib_reasoning,candidate,general,uncensored_only,21,mmd_rbf,0.011824947781860828,128
aim_on_della__calib_reasoning,candidate,general,uncensored_only,21,projected_js,0.06879465183010325,128
aim_on_della__calib_reasoning,candidate,general,uncensored_only,22,mmd_rbf,0.012423663400113583,128
aim_on_della__calib_reasoning,candidate,general,uncensored_only,22,projected_js,0.06344387619174086,128
aim_on_della__calib_reasoning,candidate,general,uncensored_only,23,mmd_rbf,0.011931371875107288,128
aim_on_della__calib_reasoning,candidate,general,uncensored_only,23,projected_js,0.06524757173610851,128
aim_on_della__calib_reasoning,candidate,general,uncensored_only,24,mmd_rbf,0.012401924468576908,128
aim_on_della__calib_reasoning,candidate,general,uncensored_only,24,projected_js,0.06785080040572211,128
aim_on_della__calib_reasoning,candidate,general,uncensored_only,25,mmd_rbf,0.012646108865737915,128
aim_on_della__calib_reasoning,candidate,general,uncensored_only,25,projected_js,0.06548499286873266,128
aim_on_della__calib_reasoning,candidate,general,uncensored_only,26,mmd_rbf,0.012971374206244946,128
aim_on_della__calib_reasoning,candidate,general,uncensored_only,26,projected_js,0.06765819055726752,128
aim_on_della__calib_reasoning,candidate,general,uncensored_only,27,mmd_rbf,0.013066954910755157,128
aim_on_della__calib_reasoning,candidate,general,uncensored_only,27,projected_js,0.065841170551721,128
aim_on_della__calib_reasoning,candidate,general,uncensored_only,28,mmd_rbf,0.012139316648244858,128
aim_on_della__calib_reasoning,candidate,general,uncensored_only,28,projected_js,0.064764091395773,128
aim_on_della__calib_reasoning,candidate,general,uncensored_only,29,mmd_rbf,0.011710131540894508,128
aim_on_della__calib_reasoning,candidate,general,uncensored_only,29,projected_js,0.06078894773963839,128
aim_on_della__calib_reasoning,candidate,general,uncensored_only,30,mmd_rbf,0.011662131175398827,128
aim_on_della__calib_reasoning,candidate,general,uncensored_only,30,projected_js,0.06219698389759287,128
aim_on_della__calib_reasoning,candidate,general,uncensored_only,31,mmd_rbf,0.011141106486320496,128
aim_on_della__calib_reasoning,candidate,general,uncensored_only,31,projected_js,0.06118136004079133,128
aim_on_della__calib_reasoning,candidate,general,uncensored_only,32,mmd_rbf,0.010959982872009277,128
aim_on_della__calib_reasoning,candidate,general,uncensored_only,32,projected_js,0.06218313949648291,128
aim_on_della__calib_reasoning,candidate,general,uncensored_only,33,mmd_rbf,0.01101890578866005,128
aim_on_della__calib_reasoning,candidate,general,uncensored_only,33,projected_js,0.06265619766782038,128
aim_on_della__calib_reasoning,candidate,general,uncensored_only,34,mmd_rbf,0.012216269038617611,128
aim_on_della__calib_reasoning,candidate,general,uncensored_only,34,projected_js,0.06215710652759299,128
aim_on_della__calib_reasoning,candidate,general,uncensored_only,35,mmd_rbf,0.04969346150755882,128
aim_on_della__calib_reasoning,candidate,general,uncensored_only,35,projected_js,0.09184212901163846,128
aim_on_della__calib_reasoning,candidate,instruction,base,0,mmd_rbf,0.0031945526134222746,128
aim_on_della__calib_reasoning,candidate,instruction,base,0,projected_js,0.04193936457158998,128
aim_on_della__calib_reasoning,candidate,instruction,base,1,mmd_rbf,0.00719925481826067,128
aim_on_della__calib_reasoning,candidate,instruction,base,1,projected_js,0.05026317271403968,128
aim_on_della__calib_reasoning,candidate,instruction,base,2,mmd_rbf,0.007979483343660831,128
aim_on_della__calib_reasoning,candidate,instruction,base,2,projected_js,0.05458770628320053,128
aim_on_della__calib_reasoning,candidate,instruction,base,3,mmd_rbf,0.01018183957785368,128
aim_on_della__calib_reasoning,candidate,instruction,base,3,projected_js,0.05907226671115495,128
aim_on_della__calib_reasoning,candidate,instruction,base,4,mmd_rbf,0.009409683756530285,128
aim_on_della__calib_reasoning,candidate,instruction,base,4,projected_js,0.06376370077487081,128
aim_on_della__calib_reasoning,candidate,instruction,base,5,mmd_rbf,0.009826035238802433,128
aim_on_della__calib_reasoning,candidate,instruction,base,5,projected_js,0.056969065830344334,128
aim_on_della__calib_reasoning,candidate,instruction,base,6,mmd_rbf,0.008566043339669704,128
aim_on_della__calib_reasoning,candidate,instruction,base,6,projected_js,0.0566734702733811,128
aim_on_della__calib_reasoning,candidate,instruction,base,7,mmd_rbf,0.008174784481525421,128
aim_on_della__calib_reasoning,candidate,instruction,base,7,projected_js,0.06079038558527827,128
aim_on_della__calib_reasoning,candidate,instruction,base,8,mmd_rbf,0.007421195041388273,128
aim_on_della__calib_reasoning,candidate,instruction,base,8,projected_js,0.06019339372869581,128
aim_on_della__calib_reasoning,candidate,instruction,base,9,mmd_rbf,0.008150571957230568,128
aim_on_della__calib_reasoning,candidate,instruction,base,9,projected_js,0.0630301620985847,128
aim_on_della__calib_reasoning,candidate,instruction,base,10,mmd_rbf,0.009268238209187984,128
aim_on_della__calib_reasoning,candidate,instruction,base,10,projected_js,0.06458648759871721,128
aim_on_della__calib_reasoning,candidate,instruction,base,11,mmd_rbf,0.009185913018882275,128
aim_on_della__calib_reasoning,candidate,instruction,base,11,projected_js,0.06658486818196252,128
aim_on_della__calib_reasoning,candidate,instruction,base,12,mmd_rbf,0.009112785570323467,128
aim_on_della__calib_reasoning,candidate,instruction,base,12,projected_js,0.06927803764119744,128
aim_on_della__calib_reasoning,candidate,instruction,base,13,mmd_rbf,0.009853716008365154,128
aim_on_della__calib_reasoning,candidate,instruction,base,13,projected_js,0.06900274741929024,128
aim_on_della__calib_reasoning,candidate,instruction,base,14,mmd_rbf,0.010594162158668041,128
aim_on_della__calib_reasoning,candidate,instruction,base,14,projected_js,0.06654177577001974,128
aim_on_della__calib_reasoning,candidate,instruction,base,15,mmd_rbf,0.011622193269431591,128
aim_on_della__calib_reasoning,candidate,instruction,base,15,projected_js,0.0695260621723719,128
aim_on_della__calib_reasoning,candidate,instruction,base,16,mmd_rbf,0.012521541677415371,128
aim_on_della__calib_reasoning,candidate,instruction,base,16,projected_js,0.07009938755072653,128
aim_on_della__calib_reasoning,candidate,instruction,base,17,mmd_rbf,0.012306020595133305,128
aim_on_della__calib_reasoning,candidate,instruction,base,17,projected_js,0.06954336818307638,128
aim_on_della__calib_reasoning,candidate,instruction,base,18,mmd_rbf,0.013366795144975185,128
aim_on_della__calib_reasoning,candidate,instruction,base,18,projected_js,0.07347150897840038,128
aim_on_della__calib_reasoning,candidate,instruction,base,19,mmd_rbf,0.014598730020225048,128
aim_on_della__calib_reasoning,candidate,instruction,base,19,projected_js,0.07058437349041924,128
aim_on_della__calib_reasoning,candidate,instruction,base,20,mmd_rbf,0.01464468240737915,128
aim_on_della__calib_reasoning,candidate,instruction,base,20,projected_js,0.07143819361226633,128
aim_on_della__calib_reasoning,candidate,instruction,base,21,mmd_rbf,0.015637671574950218,128
aim_on_della__calib_reasoning,candidate,instruction,base,21,projected_js,0.07494911376852542,128
aim_on_della__calib_reasoning,candidate,instruction,base,22,mmd_rbf,0.015049563720822334,128
aim_on_della__calib_reasoning,candidate,instruction,base,22,projected_js,0.0715985587448813,128
aim_on_della__calib_reasoning,candidate,instruction,base,23,mmd_rbf,0.014006391167640686,128
aim_on_della__calib_reasoning,candidate,instruction,base,23,projected_js,0.07185621530516073,128
aim_on_della__calib_reasoning,candidate,instruction,base,24,mmd_rbf,0.012992552481591702,128
aim_on_della__calib_reasoning,candidate,instruction,base,24,projected_js,0.07029871933627874,128
aim_on_della__calib_reasoning,candidate,instruction,base,25,mmd_rbf,0.012200701050460339,128
aim_on_della__calib_reasoning,candidate,instruction,base,25,projected_js,0.0673673992860131,128
aim_on_della__calib_reasoning,candidate,instruction,base,26,mmd_rbf,0.011806689202785492,128
aim_on_della__calib_reasoning,candidate,instruction,base,26,projected_js,0.06963597686262801,128
aim_on_della__calib_reasoning,candidate,instruction,base,27,mmd_rbf,0.01137383934110403,128
aim_on_della__calib_reasoning,candidate,instruction,base,27,projected_js,0.06717798544559628,128
aim_on_della__calib_reasoning,candidate,instruction,base,28,mmd_rbf,0.010632677935063839,128
aim_on_della__calib_reasoning,candidate,instruction,base,28,projected_js,0.0687373056425713,128
aim_on_della__calib_reasoning,candidate,instruction,base,29,mmd_rbf,0.010080805979669094,128
aim_on_della__calib_reasoning,candidate,instruction,base,29,projected_js,0.06499688554322347,128
aim_on_della__calib_reasoning,candidate,instruction,base,30,mmd_rbf,0.00987162534147501,128
aim_on_della__calib_reasoning,candidate,instruction,base,30,projected_js,0.06722130347043276,128
aim_on_della__calib_reasoning,candidate,instruction,base,31,mmd_rbf,0.009616123512387276,128
aim_on_della__calib_reasoning,candidate,instruction,base,31,projected_js,0.070166910008993,128
aim_on_della__calib_reasoning,candidate,instruction,base,32,mmd_rbf,0.01000488456338644,128
aim_on_della__calib_reasoning,candidate,instruction,base,32,projected_js,0.06797361091594212,128
aim_on_della__calib_reasoning,candidate,instruction,base,33,mmd_rbf,0.010370537638664246,128
aim_on_della__calib_reasoning,candidate,instruction,base,33,projected_js,0.06575029081432149,128
aim_on_della__calib_reasoning,candidate,instruction,base,34,mmd_rbf,0.015884211286902428,128
aim_on_della__calib_reasoning,candidate,instruction,base,34,projected_js,0.07647731207543984,128
aim_on_della__calib_reasoning,candidate,instruction,base,35,mmd_rbf,0.05414685606956482,128
aim_on_della__calib_reasoning,candidate,instruction,base,35,projected_js,0.1155539263272658,128
aim_on_della__calib_reasoning,candidate,instruction,instr_only,0,mmd_rbf,0.0018155098659917712,128
aim_on_della__calib_reasoning,candidate,instruction,instr_only,0,projected_js,0.03498431283514947,128
aim_on_della__calib_reasoning,candidate,instruction,instr_only,1,mmd_rbf,0.004624867346137762,128
aim_on_della__calib_reasoning,candidate,instruction,instr_only,1,projected_js,0.04241265130985994,128
aim_on_della__calib_reasoning,candidate,instruction,instr_only,2,mmd_rbf,0.005462666042149067,128
aim_on_della__calib_reasoning,candidate,instruction,instr_only,2,projected_js,0.04711902534472756,128
aim_on_della__calib_reasoning,candidate,instruction,instr_only,3,mmd_rbf,0.00548360962420702,128
aim_on_della__calib_reasoning,candidate,instruction,instr_only,3,projected_js,0.047501101944362745,128
aim_on_della__calib_reasoning,candidate,instruction,instr_only,4,mmd_rbf,0.005552224349230528,128
aim_on_della__calib_reasoning,candidate,instruction,instr_only,4,projected_js,0.04802137138904072,128
aim_on_della__calib_reasoning,candidate,instruction,instr_only,5,mmd_rbf,0.005791181232780218,128
aim_on_della__calib_reasoning,candidate,instruction,instr_only,5,projected_js,0.04604951071087271,128
aim_on_della__calib_reasoning,candidate,instruction,instr_only,6,mmd_rbf,0.00416693976148963,128
aim_on_della__calib_reasoning,candidate,instruction,instr_only,6,projected_js,0.04957830926286988,128
aim_on_della__calib_reasoning,candidate,instruction,instr_only,7,mmd_rbf,0.0035891381558030844,128
aim_on_della__calib_reasoning,candidate,instruction,instr_only,7,projected_js,0.04927578003844246,128
aim_on_della__calib_reasoning,candidate,instruction,instr_only,8,mmd_rbf,0.003194407792761922,128
aim_on_della__calib_reasoning,candidate,instruction,instr_only,8,projected_js,0.052804281207500026,128
aim_on_della__calib_reasoning,candidate,instruction,instr_only,9,mmd_rbf,0.003078089328482747,128
aim_on_della__calib_reasoning,candidate,instruction,instr_only,9,projected_js,0.0536945839994587,128
aim_on_della__calib_reasoning,candidate,instruction,instr_only,10,mmd_rbf,0.0033986063208431005,128
aim_on_della__calib_reasoning,candidate,instruction,instr_only,10,projected_js,0.056073643296258524,128
aim_on_della__calib_reasoning,candidate,instruction,instr_only,11,mmd_rbf,0.003203887492418289,128
aim_on_della__calib_reasoning,candidate,instruction,instr_only,11,projected_js,0.059487285441718996,128
aim_on_della__calib_reasoning,candidate,instruction,instr_only,12,mmd_rbf,0.0032606918830424547,128
aim_on_della__calib_reasoning,candidate,instruction,instr_only,12,projected_js,0.057542976894183084,128
aim_on_della__calib_reasoning,candidate,instruction,instr_only,13,mmd_rbf,0.0033469372428953648,128
aim_on_della__calib_reasoning,candidate,instruction,instr_only,13,projected_js,0.06204068471561186,128
aim_on_della__calib_reasoning,candidate,instruction,instr_only,14,mmd_rbf,0.0034166399855166674,128
aim_on_della__calib_reasoning,candidate,instruction,instr_only,14,projected_js,0.05621767294360325,128
aim_on_della__calib_reasoning,candidate,instruction,instr_only,15,mmd_rbf,0.0035572454798966646,128
aim_on_della__calib_reasoning,candidate,instruction,instr_only,15,projected_js,0.06155100220348686,128
aim_on_della__calib_reasoning,candidate,instruction,instr_only,16,mmd_rbf,0.003675705287605524,128
aim_on_della__calib_reasoning,candidate,instruction,instr_only,16,projected_js,0.060272658709436655,128
aim_on_della__calib_reasoning,candidate,instruction,instr_only,17,mmd_rbf,0.0038374164141714573,128
aim_on_della__calib_reasoning,candidate,instruction,instr_only,17,projected_js,0.060061491501983255,128
aim_on_della__calib_reasoning,candidate,instruction,instr_only,18,mmd_rbf,0.004122546408325434,128
aim_on_della__calib_reasoning,candidate,instruction,instr_only,18,projected_js,0.06012679060222581,128
aim_on_della__calib_reasoning,candidate,instruction,instr_only,19,mmd_rbf,0.004718340467661619,128
aim_on_della__calib_reasoning,candidate,instruction,instr_only,19,projected_js,0.062177375570172444,128
aim_on_della__calib_reasoning,candidate,instruction,instr_only,20,mmd_rbf,0.005130555015057325,128
aim_on_della__calib_reasoning,candidate,instruction,instr_only,20,projected_js,0.059529237740207464,128
aim_on_della__calib_reasoning,candidate,instruction,instr_only,21,mmd_rbf,0.005930987186729908,128
aim_on_della__calib_reasoning,candidate,instruction,instr_only,21,projected_js,0.0632012783898972,128
aim_on_della__calib_reasoning,candidate,instruction,instr_only,22,mmd_rbf,0.006394237279891968,128
aim_on_della__calib_reasoning,candidate,instruction,instr_only,22,projected_js,0.06333480202010833,128
aim_on_della__calib_reasoning,candidate,instruction,instr_only,23,mmd_rbf,0.006557013373821974,128
aim_on_della__calib_reasoning,candidate,instruction,instr_only,23,projected_js,0.06401733026723377,128
aim_on_della__calib_reasoning,candidate,instruction,instr_only,24,mmd_rbf,0.006613121833652258,128
aim_on_della__calib_reasoning,candidate,instruction,instr_only,24,projected_js,0.06474231631727889,128
aim_on_della__calib_reasoning,candidate,instruction,instr_only,25,mmd_rbf,0.006746675353497267,128
aim_on_della__calib_reasoning,candidate,instruction,instr_only,25,projected_js,0.06710046314401552,128
aim_on_della__calib_reasoning,candidate,instruction,instr_only,26,mmd_rbf,0.006955969613045454,128
aim_on_della__calib_reasoning,candidate,instruction,instr_only,26,projected_js,0.06417148213949986,128
aim_on_della__calib_reasoning,candidate,instruction,instr_only,27,mmd_rbf,0.006908741779625416,128
aim_on_della__calib_reasoning,candidate,instruction,instr_only,27,projected_js,0.06527795956935734,128
aim_on_della__calib_reasoning,candidate,instruction,instr_only,28,mmd_rbf,0.006519331131130457,128
aim_on_della__calib_reasoning,candidate,instruction,instr_only,28,projected_js,0.06334883836098015,128
aim_on_della__calib_reasoning,candidate,instruction,instr_only,29,mmd_rbf,0.006141173653304577,128
aim_on_della__calib_reasoning,candidate,instruction,instr_only,29,projected_js,0.06230474100448191,128
aim_on_della__calib_reasoning,candidate,instruction,instr_only,30,mmd_rbf,0.005992678459733725,128
aim_on_della__calib_reasoning,candidate,instruction,instr_only,30,projected_js,0.06414030800806358,128
aim_on_della__calib_reasoning,candidate,instruction,instr_only,31,mmd_rbf,0.005943820811808109,128
aim_on_della__calib_reasoning,candidate,instruction,instr_only,31,projected_js,0.06282865989487618,128
aim_on_della__calib_reasoning,candidate,instruction,instr_only,32,mmd_rbf,0.005977222230285406,128
aim_on_della__calib_reasoning,candidate,instruction,instr_only,32,projected_js,0.06194252654677257,128
aim_on_della__calib_reasoning,candidate,instruction,instr_only,33,mmd_rbf,0.006073349621146917,128
aim_on_della__calib_reasoning,candidate,instruction,instr_only,33,projected_js,0.06138079380616546,128
aim_on_della__calib_reasoning,candidate,instruction,instr_only,34,mmd_rbf,0.007641955744475126,128
aim_on_della__calib_reasoning,candidate,instruction,instr_only,34,projected_js,0.06575486683868803,128
aim_on_della__calib_reasoning,candidate,instruction,instr_only,35,mmd_rbf,0.034471120685338974,128
aim_on_della__calib_reasoning,candidate,instruction,instr_only,35,projected_js,0.09271200298098847,128
aim_on_della__calib_reasoning,candidate,instruction,reasoning_only,0,mmd_rbf,0.007533002179116011,128
aim_on_della__calib_reasoning,candidate,instruction,reasoning_only,0,projected_js,0.06142619426827878,128
aim_on_della__calib_reasoning,candidate,instruction,reasoning_only,1,mmd_rbf,0.012568602338433266,128
aim_on_della__calib_reasoning,candidate,instruction,reasoning_only,1,projected_js,0.06415242454386316,128
aim_on_della__calib_reasoning,candidate,instruction,reasoning_only,2,mmd_rbf,0.019165053963661194,128
aim_on_della__calib_reasoning,candidate,instruction,reasoning_only,2,projected_js,0.06958881294121966,128
aim_on_della__calib_reasoning,candidate,instruction,reasoning_only,3,mmd_rbf,0.02059621550142765,128
aim_on_della__calib_reasoning,candidate,instruction,reasoning_only,3,projected_js,0.07024671591352671,128
aim_on_della__calib_reasoning,candidate,instruction,reasoning_only,4,mmd_rbf,0.021871183067560196,128
aim_on_della__calib_reasoning,candidate,instruction,reasoning_only,4,projected_js,0.08133148396154866,128
aim_on_della__calib_reasoning,candidate,instruction,reasoning_only,5,mmd_rbf,0.023964164778590202,128
aim_on_della__calib_reasoning,candidate,instruction,reasoning_only,5,projected_js,0.07912408612901345,128
aim_on_della__calib_reasoning,candidate,instruction,reasoning_only,6,mmd_rbf,0.01806407980620861,128
aim_on_della__calib_reasoning,candidate,instruction,reasoning_only,6,projected_js,0.07615445053670555,128
aim_on_della__calib_reasoning,candidate,instruction,reasoning_only,7,mmd_rbf,0.01772492192685604,128
aim_on_della__calib_reasoning,candidate,instruction,reasoning_only,7,projected_js,0.07700953085441142,128
aim_on_della__calib_reasoning,candidate,instruction,reasoning_only,8,mmd_rbf,0.013965819962322712,128
aim_on_della__calib_reasoning,candidate,instruction,reasoning_only,8,projected_js,0.07549558853497729,128
aim_on_della__calib_reasoning,candidate,instruction,reasoning_only,9,mmd_rbf,0.013584147207438946,128
aim_on_della__calib_reasoning,candidate,instruction,reasoning_only,9,projected_js,0.07398267212556675,128
aim_on_della__calib_reasoning,candidate,instruction,reasoning_only,10,mmd_rbf,0.015093828551471233,128
aim_on_della__calib_reasoning,candidate,instruction,reasoning_only,10,projected_js,0.07332870672689751,128
aim_on_della__calib_reasoning,candidate,instruction,reasoning_only,11,mmd_rbf,0.01438969373703003,128
aim_on_della__calib_reasoning,candidate,instruction,reasoning_only,11,projected_js,0.07224355213111266,128
aim_on_della__calib_reasoning,candidate,instruction,reasoning_only,12,mmd_rbf,0.015137475915253162,128
aim_on_della__calib_reasoning,candidate,instruction,reasoning_only,12,projected_js,0.07516875630244613,128
aim_on_della__calib_reasoning,candidate,instruction,reasoning_only,13,mmd_rbf,0.01587621681392193,128
aim_on_della__calib_reasoning,candidate,instruction,reasoning_only,13,projected_js,0.07846034970134497,128
aim_on_della__calib_reasoning,candidate,instruction,reasoning_only,14,mmd_rbf,0.016130587086081505,128
aim_on_della__calib_reasoning,candidate,instruction,reasoning_only,14,projected_js,0.07464170706225559,128
aim_on_della__calib_reasoning,candidate,instruction,reasoning_only,15,mmd_rbf,0.01728185825049877,128
aim_on_della__calib_reasoning,candidate,instruction,reasoning_only,15,projected_js,0.07470326637849212,128
aim_on_della__calib_reasoning,candidate,instruction,reasoning_only,16,mmd_rbf,0.017578182741999626,128
aim_on_della__calib_reasoning,candidate,instruction,reasoning_only,16,projected_js,0.07857253833208233,128
aim_on_della__calib_reasoning,candidate,instruction,reasoning_only,17,mmd_rbf,0.01721528172492981,128
aim_on_della__calib_reasoning,candidate,instruction,reasoning_only,17,projected_js,0.07174181990558282,128
aim_on_della__calib_reasoning,candidate,instruction,reasoning_only,18,mmd_rbf,0.0196670051664114,128
aim_on_della__calib_reasoning,candidate,instruction,reasoning_only,18,projected_js,0.07611397485015914,128
aim_on_della__calib_reasoning,candidate,instruction,reasoning_only,19,mmd_rbf,0.020054344087839127,128
aim_on_della__calib_reasoning,candidate,instruction,reasoning_only,19,projected_js,0.07872328750090674,128
aim_on_della__calib_reasoning,candidate,instruction,reasoning_only,20,mmd_rbf,0.0199302826076746,128
aim_on_della__calib_reasoning,candidate,instruction,reasoning_only,20,projected_js,0.07569089881144464,128
aim_on_della__calib_reasoning,candidate,instruction,reasoning_only,21,mmd_rbf,0.02083452045917511,128
aim_on_della__calib_reasoning,candidate,instruction,reasoning_only,21,projected_js,0.07691959489602596,128
aim_on_della__calib_reasoning,candidate,instruction,reasoning_only,22,mmd_rbf,0.019215835258364677,128
aim_on_della__calib_reasoning,candidate,instruction,reasoning_only,22,projected_js,0.07737450618878938,128
aim_on_della__calib_reasoning,candidate,instruction,reasoning_only,23,mmd_rbf,0.016662491485476494,128
aim_on_della__calib_reasoning,candidate,instruction,reasoning_only,23,projected_js,0.07649872911861166,128
aim_on_della__calib_reasoning,candidate,instruction,reasoning_only,24,mmd_rbf,0.01717149093747139,128
aim_on_della__calib_reasoning,candidate,instruction,reasoning_only,24,projected_js,0.07812723721144721,128
aim_on_della__calib_reasoning,candidate,instruction,reasoning_only,25,mmd_rbf,0.01628890633583069,128
aim_on_della__calib_reasoning,candidate,instruction,reasoning_only,25,projected_js,0.07472535345004871,128
aim_on_della__calib_reasoning,candidate,instruction,reasoning_only,26,mmd_rbf,0.01657141000032425,128
aim_on_della__calib_reasoning,candidate,instruction,reasoning_only,26,projected_js,0.07505138096166775,128
aim_on_della__calib_reasoning,candidate,instruction,reasoning_only,27,mmd_rbf,0.01631876267492771,128
aim_on_della__calib_reasoning,candidate,instruction,reasoning_only,27,projected_js,0.07391167932655662,128
aim_on_della__calib_reasoning,candidate,instruction,reasoning_only,28,mmd_rbf,0.016596490517258644,128
aim_on_della__calib_reasoning,candidate,instruction,reasoning_only,28,projected_js,0.07320939295459539,128
aim_on_della__calib_reasoning,candidate,instruction,reasoning_only,29,mmd_rbf,0.016065726056694984,128
aim_on_della__calib_reasoning,candidate,instruction,reasoning_only,29,projected_js,0.07400463079102337,128
aim_on_della__calib_reasoning,candidate,instruction,reasoning_only,30,mmd_rbf,0.016513008624315262,128
aim_on_della__calib_reasoning,candidate,instruction,reasoning_only,30,projected_js,0.07497358386171982,128
aim_on_della__calib_reasoning,candidate,instruction,reasoning_only,31,mmd_rbf,0.01625322364270687,128
aim_on_della__calib_reasoning,candidate,instruction,reasoning_only,31,projected_js,0.0714890489471145,128
aim_on_della__calib_reasoning,candidate,instruction,reasoning_only,32,mmd_rbf,0.015960125252604485,128
aim_on_della__calib_reasoning,candidate,instruction,reasoning_only,32,projected_js,0.07354685803875327,128
aim_on_della__calib_reasoning,candidate,instruction,reasoning_only,33,mmd_rbf,0.015017096884548664,128
aim_on_della__calib_reasoning,candidate,instruction,reasoning_only,33,projected_js,0.07162972789956257,128
aim_on_della__calib_reasoning,candidate,instruction,reasoning_only,34,mmd_rbf,0.015191340819001198,128
aim_on_della__calib_reasoning,candidate,instruction,reasoning_only,34,projected_js,0.07275476114591584,128
aim_on_della__calib_reasoning,candidate,instruction,reasoning_only,35,mmd_rbf,0.02196851745247841,128
aim_on_della__calib_reasoning,candidate,instruction,reasoning_only,35,projected_js,0.07531016442226246,128
aim_on_della__calib_reasoning,candidate,instruction,uncensored_only,0,mmd_rbf,0.005021131131798029,128
aim_on_della__calib_reasoning,candidate,instruction,uncensored_only,0,projected_js,0.046396718578762375,128
aim_on_della__calib_reasoning,candidate,instruction,uncensored_only,1,mmd_rbf,0.12567906081676483,128
aim_on_della__calib_reasoning,candidate,instruction,uncensored_only,1,projected_js,0.1515644077444449,128
aim_on_della__calib_reasoning,candidate,instruction,uncensored_only,2,mmd_rbf,0.11168303340673447,128
aim_on_della__calib_reasoning,candidate,instruction,uncensored_only,2,projected_js,0.13416877231793478,128
aim_on_della__calib_reasoning,candidate,instruction,uncensored_only,3,mmd_rbf,0.08350525051355362,128
aim_on_della__calib_reasoning,candidate,instruction,uncensored_only,3,projected_js,0.11647551727946848,128
aim_on_della__calib_reasoning,candidate,instruction,uncensored_only,4,mmd_rbf,0.0607890784740448,128
aim_on_della__calib_reasoning,candidate,instruction,uncensored_only,4,projected_js,0.11082991224247962,128
aim_on_della__calib_reasoning,candidate,instruction,uncensored_only,5,mmd_rbf,0.044740159064531326,128
aim_on_della__calib_reasoning,candidate,instruction,uncensored_only,5,projected_js,0.09507418749853969,128
aim_on_della__calib_reasoning,candidate,instruction,uncensored_only,6,mmd_rbf,0.02711566723883152,128
aim_on_della__calib_reasoning,candidate,instruction,uncensored_only,6,projected_js,0.08390434161992744,128
aim_on_della__calib_reasoning,candidate,instruction,uncensored_only,7,mmd_rbf,0.021799536421895027,128
aim_on_della__calib_reasoning,candidate,instruction,uncensored_only,7,projected_js,0.07770397924468853,128
aim_on_della__calib_reasoning,candidate,instruction,uncensored_only,8,mmd_rbf,0.015146930702030659,128
aim_on_della__calib_reasoning,candidate,instruction,uncensored_only,8,projected_js,0.07515089091612026,128
aim_on_della__calib_reasoning,candidate,instruction,uncensored_only,9,mmd_rbf,0.012705638073384762,128
aim_on_della__calib_reasoning,candidate,instruction,uncensored_only,9,projected_js,0.06723154964856803,128
aim_on_della__calib_reasoning,candidate,instruction,uncensored_only,10,mmd_rbf,0.011505776084959507,128
aim_on_della__calib_reasoning,candidate,instruction,uncensored_only,10,projected_js,0.06875256169587374,128
aim_on_della__calib_reasoning,candidate,instruction,uncensored_only,11,mmd_rbf,0.009606550447642803,128
aim_on_della__calib_reasoning,candidate,instruction,uncensored_only,11,projected_js,0.06674148872843944,128
aim_on_della__calib_reasoning,candidate,instruction,uncensored_only,12,mmd_rbf,0.009485061280429363,128
aim_on_della__calib_reasoning,candidate,instruction,uncensored_only,12,projected_js,0.06879545509582385,128
aim_on_della__calib_reasoning,candidate,instruction,uncensored_only,13,mmd_rbf,0.009846041910350323,128
aim_on_della__calib_reasoning,candidate,instruction,uncensored_only,13,projected_js,0.07066449875128455,128
aim_on_della__calib_reasoning,candidate,instruction,uncensored_only,14,mmd_rbf,0.010252334177494049,128
aim_on_della__calib_reasoning,candidate,instruction,uncensored_only,14,projected_js,0.06812738222652115,128
aim_on_della__calib_reasoning,candidate,instruction,uncensored_only,15,mmd_rbf,0.012045028619468212,128
aim_on_della__calib_reasoning,candidate,instruction,uncensored_only,15,projected_js,0.0702176105696708,128
aim_on_della__calib_reasoning,candidate,instruction,uncensored_only,16,mmd_rbf,0.012705651111900806,128
aim_on_della__calib_reasoning,candidate,instruction,uncensored_only,16,projected_js,0.07133533468004316,128
aim_on_della__calib_reasoning,candidate,instruction,uncensored_only,17,mmd_rbf,0.012334666214883327,128
aim_on_della__calib_reasoning,candidate,instruction,uncensored_only,17,projected_js,0.06849867367418483,128
aim_on_della__calib_reasoning,candidate,instruction,uncensored_only,18,mmd_rbf,0.012405063025653362,128
aim_on_della__calib_reasoning,candidate,instruction,uncensored_only,18,projected_js,0.07043506344780326,128
aim_on_della__calib_reasoning,candidate,instruction,uncensored_only,19,mmd_rbf,0.012317902408540249,128
aim_on_della__calib_reasoning,candidate,instruction,uncensored_only,19,projected_js,0.07190583372721449,128
aim_on_della__calib_reasoning,candidate,instruction,uncensored_only,20,mmd_rbf,0.012661359272897243,128
aim_on_della__calib_reasoning,candidate,instruction,uncensored_only,20,projected_js,0.06998670741450042,128
aim_on_della__calib_reasoning,candidate,instruction,uncensored_only,21,mmd_rbf,0.01387220062315464,128
aim_on_della__calib_reasoning,candidate,instruction,uncensored_only,21,projected_js,0.07408246345585212,128
aim_on_della__calib_reasoning,candidate,instruction,uncensored_only,22,mmd_rbf,0.015293702483177185,128
aim_on_della__calib_reasoning,candidate,instruction,uncensored_only,22,projected_js,0.07227136031724513,128
aim_on_della__calib_reasoning,candidate,instruction,uncensored_only,23,mmd_rbf,0.01531966682523489,128
aim_on_della__calib_reasoning,candidate,instruction,uncensored_only,23,projected_js,0.07445742265554145,128
aim_on_della__calib_reasoning,candidate,instruction,uncensored_only,24,mmd_rbf,0.01670299656689167,128
aim_on_della__calib_reasoning,candidate,instruction,uncensored_only,24,projected_js,0.07654537860071287,128
aim_on_della__calib_reasoning,candidate,instruction,uncensored_only,25,mmd_rbf,0.017361292615532875,128
aim_on_della__calib_reasoning,candidate,instruction,uncensored_only,25,projected_js,0.07957703218562528,128
aim_on_della__calib_reasoning,candidate,instruction,uncensored_only,26,mmd_rbf,0.01769569329917431,128
aim_on_della__calib_reasoning,candidate,instruction,uncensored_only,26,projected_js,0.0774204630870372,128
aim_on_della__calib_reasoning,candidate,instruction,uncensored_only,27,mmd_rbf,0.01761232130229473,128
aim_on_della__calib_reasoning,candidate,instruction,uncensored_only,27,projected_js,0.0753798393998295,128
aim_on_della__calib_reasoning,candidate,instruction,uncensored_only,28,mmd_rbf,0.01578488200902939,128
aim_on_della__calib_reasoning,candidate,instruction,uncensored_only,28,projected_js,0.0744529718067497,128
aim_on_della__calib_reasoning,candidate,instruction,uncensored_only,29,mmd_rbf,0.01489614974707365,128
aim_on_della__calib_reasoning,candidate,instruction,uncensored_only,29,projected_js,0.07387476065196097,128
aim_on_della__calib_reasoning,candidate,instruction,uncensored_only,30,mmd_rbf,0.014946299605071545,128
aim_on_della__calib_reasoning,candidate,instruction,uncensored_only,30,projected_js,0.07163802901050076,128
aim_on_della__calib_reasoning,candidate,instruction,uncensored_only,31,mmd_rbf,0.014417004771530628,128
aim_on_della__calib_reasoning,candidate,instruction,uncensored_only,31,projected_js,0.06775314954575151,128
aim_on_della__calib_reasoning,candidate,instruction,uncensored_only,32,mmd_rbf,0.014275026507675648,128
aim_on_della__calib_reasoning,candidate,instruction,uncensored_only,32,projected_js,0.07027181852026843,128
aim_on_della__calib_reasoning,candidate,instruction,uncensored_only,33,mmd_rbf,0.014279523864388466,128
aim_on_della__calib_reasoning,candidate,instruction,uncensored_only,33,projected_js,0.0683459848514758,128
aim_on_della__calib_reasoning,candidate,instruction,uncensored_only,34,mmd_rbf,0.01587364636361599,128
aim_on_della__calib_reasoning,candidate,instruction,uncensored_only,34,projected_js,0.0716167421778664,128
aim_on_della__calib_reasoning,candidate,instruction,uncensored_only,35,mmd_rbf,0.043880898505449295,128
aim_on_della__calib_reasoning,candidate,instruction,uncensored_only,35,projected_js,0.09177021536743268,128
aim_on_della__calib_reasoning,candidate,reasoning,base,0,mmd_rbf,0.002058273646980524,128
aim_on_della__calib_reasoning,candidate,reasoning,base,0,projected_js,0.04225351975765079,128
aim_on_della__calib_reasoning,candidate,reasoning,base,1,mmd_rbf,0.0049640522338449955,128
aim_on_della__calib_reasoning,candidate,reasoning,base,1,projected_js,0.04542677861172706,128
aim_on_della__calib_reasoning,candidate,reasoning,base,2,mmd_rbf,0.00540523324161768,128
aim_on_della__calib_reasoning,candidate,reasoning,base,2,projected_js,0.04717666286160238,128
aim_on_della__calib_reasoning,candidate,reasoning,base,3,mmd_rbf,0.006298190448433161,128
aim_on_della__calib_reasoning,candidate,reasoning,base,3,projected_js,0.0527919162705075,128
aim_on_della__calib_reasoning,candidate,reasoning,base,4,mmd_rbf,0.006300054024904966,128
aim_on_della__calib_reasoning,candidate,reasoning,base,4,projected_js,0.0521906009525992,128
aim_on_della__calib_reasoning,candidate,reasoning,base,5,mmd_rbf,0.0056831794790923595,128
aim_on_della__calib_reasoning,candidate,reasoning,base,5,projected_js,0.05257540359161794,128
aim_on_della__calib_reasoning,candidate,reasoning,base,6,mmd_rbf,0.004513190593570471,128
aim_on_della__calib_reasoning,candidate,reasoning,base,6,projected_js,0.05066156084649265,128
aim_on_della__calib_reasoning,candidate,reasoning,base,7,mmd_rbf,0.004406142979860306,128
aim_on_della__calib_reasoning,candidate,reasoning,base,7,projected_js,0.05520540877478197,128
aim_on_della__calib_reasoning,candidate,reasoning,base,8,mmd_rbf,0.0041652582585811615,128
aim_on_della__calib_reasoning,candidate,reasoning,base,8,projected_js,0.0552514991723001,128
aim_on_della__calib_reasoning,candidate,reasoning,base,9,mmd_rbf,0.004421233665198088,128
aim_on_della__calib_reasoning,candidate,reasoning,base,9,projected_js,0.05705703963758424,128
aim_on_della__calib_reasoning,candidate,reasoning,base,10,mmd_rbf,0.004875134211033583,128
aim_on_della__calib_reasoning,candidate,reasoning,base,10,projected_js,0.051270075084175915,128
aim_on_della__calib_reasoning,candidate,reasoning,base,11,mmd_rbf,0.004709802567958832,128
aim_on_della__calib_reasoning,candidate,reasoning,base,11,projected_js,0.05334435950499028,128
aim_on_della__calib_reasoning,candidate,reasoning,base,12,mmd_rbf,0.004947586916387081,128
aim_on_della__calib_reasoning,candidate,reasoning,base,12,projected_js,0.05825917894253507,128
aim_on_della__calib_reasoning,candidate,reasoning,base,13,mmd_rbf,0.00502754095941782,128
aim_on_della__calib_reasoning,candidate,reasoning,base,13,projected_js,0.060338605573633686,128
aim_on_della__calib_reasoning,candidate,reasoning,base,14,mmd_rbf,0.005222700070589781,128
aim_on_della__calib_reasoning,candidate,reasoning,base,14,projected_js,0.05767673486843705,128
aim_on_della__calib_reasoning,candidate,reasoning,base,15,mmd_rbf,0.005649773869663477,128
aim_on_della__calib_reasoning,candidate,reasoning,base,15,projected_js,0.05797701101982966,128
aim_on_della__calib_reasoning,candidate,reasoning,base,16,mmd_rbf,0.006237418856471777,128
aim_on_della__calib_reasoning,candidate,reasoning,base,16,projected_js,0.05706151231424883,128
aim_on_della__calib_reasoning,candidate,reasoning,base,17,mmd_rbf,0.006100146099925041,128
aim_on_della__calib_reasoning,candidate,reasoning,base,17,projected_js,0.059163044672459364,128
aim_on_della__calib_reasoning,candidate,reasoning,base,18,mmd_rbf,0.006502735894173384,128
aim_on_della__calib_reasoning,candidate,reasoning,base,18,projected_js,0.06056861288379878,128
aim_on_della__calib_reasoning,candidate,reasoning,base,19,mmd_rbf,0.006815296597778797,128
aim_on_della__calib_reasoning,candidate,reasoning,base,19,projected_js,0.062081816664431244,128
aim_on_della__calib_reasoning,candidate,reasoning,base,20,mmd_rbf,0.006629785988479853,128
aim_on_della__calib_reasoning,candidate,reasoning,base,20,projected_js,0.06129756919108331,128
aim_on_della__calib_reasoning,candidate,reasoning,base,21,mmd_rbf,0.006797699723392725,128
aim_on_della__calib_reasoning,candidate,reasoning,base,21,projected_js,0.05849513559951447,128
aim_on_della__calib_reasoning,candidate,reasoning,base,22,mmd_rbf,0.006374348886311054,128
aim_on_della__calib_reasoning,candidate,reasoning,base,22,projected_js,0.05856059881625697,128
aim_on_della__calib_reasoning,candidate,reasoning,base,23,mmd_rbf,0.0061783273704349995,128
aim_on_della__calib_reasoning,candidate,reasoning,base,23,projected_js,0.05718044060631655,128
aim_on_della__calib_reasoning,candidate,reasoning,base,24,mmd_rbf,0.005673713516443968,128
aim_on_della__calib_reasoning,candidate,reasoning,base,24,projected_js,0.05714188239653595,128
aim_on_della__calib_reasoning,candidate,reasoning,base,25,mmd_rbf,0.0054170130752027035,128
aim_on_della__calib_reasoning,candidate,reasoning,base,25,projected_js,0.05849176982883364,128
aim_on_della__calib_reasoning,candidate,reasoning,base,26,mmd_rbf,0.005294968839734793,128
aim_on_della__calib_reasoning,candidate,reasoning,base,26,projected_js,0.06031801720382646,128
aim_on_della__calib_reasoning,candidate,reasoning,base,27,mmd_rbf,0.00531653081998229,128
aim_on_della__calib_reasoning,candidate,reasoning,base,27,projected_js,0.06095747189829126,128
aim_on_della__calib_reasoning,candidate,reasoning,base,28,mmd_rbf,0.005403288174420595,128
aim_on_della__calib_reasoning,candidate,reasoning,base,28,projected_js,0.061481796379666775,128
aim_on_della__calib_reasoning,candidate,reasoning,base,29,mmd_rbf,0.005530620459467173,128
aim_on_della__calib_reasoning,candidate,reasoning,base,29,projected_js,0.061125021311454475,128
aim_on_della__calib_reasoning,candidate,reasoning,base,30,mmd_rbf,0.005604884121567011,128
aim_on_della__calib_reasoning,candidate,reasoning,base,30,projected_js,0.059608096606098115,128
aim_on_della__calib_reasoning,candidate,reasoning,base,31,mmd_rbf,0.005620565731078386,128
aim_on_della__calib_reasoning,candidate,reasoning,base,31,projected_js,0.05943849659524858,128
aim_on_della__calib_reasoning,candidate,reasoning,base,32,mmd_rbf,0.006029057782143354,128
aim_on_della__calib_reasoning,candidate,reasoning,base,32,projected_js,0.05822524122777395,128
aim_on_della__calib_reasoning,candidate,reasoning,base,33,mmd_rbf,0.006377854384481907,128
aim_on_della__calib_reasoning,candidate,reasoning,base,33,projected_js,0.06058710429351777,128
aim_on_della__calib_reasoning,candidate,reasoning,base,34,mmd_rbf,0.009284685365855694,128
aim_on_della__calib_reasoning,candidate,reasoning,base,34,projected_js,0.06644350133137777,128
aim_on_della__calib_reasoning,candidate,reasoning,base,35,mmd_rbf,0.0434349849820137,128
aim_on_della__calib_reasoning,candidate,reasoning,base,35,projected_js,0.09015963028650731,128
aim_on_della__calib_reasoning,candidate,reasoning,instr_only,0,mmd_rbf,0.00105227530002594,128
aim_on_della__calib_reasoning,candidate,reasoning,instr_only,0,projected_js,0.03136121577699669,128
aim_on_della__calib_reasoning,candidate,reasoning,instr_only,1,mmd_rbf,0.0025964081287384033,128
aim_on_della__calib_reasoning,candidate,reasoning,instr_only,1,projected_js,0.036439615418203175,128
aim_on_della__calib_reasoning,candidate,reasoning,instr_only,2,mmd_rbf,0.0031889930833131075,128
aim_on_della__calib_reasoning,candidate,reasoning,instr_only,2,projected_js,0.040124261897290125,128
aim_on_della__calib_reasoning,candidate,reasoning,instr_only,3,mmd_rbf,0.0032313712872564793,128
aim_on_della__calib_reasoning,candidate,reasoning,instr_only,3,projected_js,0.04340708744712174,128
aim_on_della__calib_reasoning,candidate,reasoning,instr_only,4,mmd_rbf,0.0028320990968495607,128
aim_on_della__calib_reasoning,candidate,reasoning,instr_only,4,projected_js,0.042081810446688905,128
aim_on_della__calib_reasoning,candidate,reasoning,instr_only,5,mmd_rbf,0.0025661089457571507,128
aim_on_della__calib_reasoning,candidate,reasoning,instr_only,5,projected_js,0.03895647882018238,128
aim_on_della__calib_reasoning,candidate,reasoning,instr_only,6,mmd_rbf,0.0018696532351896167,128
aim_on_della__calib_reasoning,candidate,reasoning,instr_only,6,projected_js,0.045166506693931296,128
aim_on_della__calib_reasoning,candidate,reasoning,instr_only,7,mmd_rbf,0.0017235864652320743,128
aim_on_della__calib_reasoning,candidate,reasoning,instr_only,7,projected_js,0.04588810168206692,128
aim_on_della__calib_reasoning,candidate,reasoning,instr_only,8,mmd_rbf,0.0015520561719313264,128
aim_on_della__calib_reasoning,candidate,reasoning,instr_only,8,projected_js,0.04792071189149283,128
aim_on_della__calib_reasoning,candidate,reasoning,instr_only,9,mmd_rbf,0.0015487723285332322,128
aim_on_della__calib_reasoning,candidate,reasoning,instr_only,9,projected_js,0.045640922005986795,128
aim_on_della__calib_reasoning,candidate,reasoning,instr_only,10,mmd_rbf,0.0016481876373291016,128
aim_on_della__calib_reasoning,candidate,reasoning,instr_only,10,projected_js,0.045243210362968966,128
aim_on_della__calib_reasoning,candidate,reasoning,instr_only,11,mmd_rbf,0.0015614837175235152,128
aim_on_della__calib_reasoning,candidate,reasoning,instr_only,11,projected_js,0.047265810921089724,128
aim_on_della__calib_reasoning,candidate,reasoning,instr_only,12,mmd_rbf,0.001718992367386818,128
aim_on_della__calib_reasoning,candidate,reasoning,instr_only,12,projected_js,0.04952668465557508,128
aim_on_della__calib_reasoning,candidate,reasoning,instr_only,13,mmd_rbf,0.0018441785359755158,128
aim_on_della__calib_reasoning,candidate,reasoning,instr_only,13,projected_js,0.05207594367675483,128
aim_on_della__calib_reasoning,candidate,reasoning,instr_only,14,mmd_rbf,0.001889126026071608,128
aim_on_della__calib_reasoning,candidate,reasoning,instr_only,14,projected_js,0.051194863743148744,128
aim_on_della__calib_reasoning,candidate,reasoning,instr_only,15,mmd_rbf,0.0021276064217090607,128
aim_on_della__calib_reasoning,candidate,reasoning,instr_only,15,projected_js,0.053555367019725963,128
aim_on_della__calib_reasoning,candidate,reasoning,instr_only,16,mmd_rbf,0.002265344141051173,128
aim_on_della__calib_reasoning,candidate,reasoning,instr_only,16,projected_js,0.0532819232030306,128
aim_on_della__calib_reasoning,candidate,reasoning,instr_only,17,mmd_rbf,0.002395025687292218,128
aim_on_della__calib_reasoning,candidate,reasoning,instr_only,17,projected_js,0.05471149616641924,128
aim_on_della__calib_reasoning,candidate,reasoning,instr_only,18,mmd_rbf,0.0024543621111661196,128
aim_on_della__calib_reasoning,candidate,reasoning,instr_only,18,projected_js,0.05132695581414737,128
aim_on_della__calib_reasoning,candidate,reasoning,instr_only,19,mmd_rbf,0.0026351686101406813,128
aim_on_della__calib_reasoning,candidate,reasoning,instr_only,19,projected_js,0.056772806914523244,128
aim_on_della__calib_reasoning,candidate,reasoning,instr_only,20,mmd_rbf,0.00268921977840364,128
aim_on_della__calib_reasoning,candidate,reasoning,instr_only,20,projected_js,0.05246296137920581,128
aim_on_della__calib_reasoning,candidate,reasoning,instr_only,21,mmd_rbf,0.0027094469405710697,128
aim_on_della__calib_reasoning,candidate,reasoning,instr_only,21,projected_js,0.050891843129647896,128
aim_on_della__calib_reasoning,candidate,reasoning,instr_only,22,mmd_rbf,0.0028240743558853865,128
aim_on_della__calib_reasoning,candidate,reasoning,instr_only,22,projected_js,0.05291041696909815,128
aim_on_della__calib_reasoning,candidate,reasoning,instr_only,23,mmd_rbf,0.0028024488128721714,128
aim_on_della__calib_reasoning,candidate,reasoning,instr_only,23,projected_js,0.051694340247195214,128
aim_on_della__calib_reasoning,candidate,reasoning,instr_only,24,mmd_rbf,0.002852304372936487,128
aim_on_della__calib_reasoning,candidate,reasoning,instr_only,24,projected_js,0.05276784472516738,128
aim_on_della__calib_reasoning,candidate,reasoning,instr_only,25,mmd_rbf,0.0028300979174673557,128
aim_on_della__calib_reasoning,candidate,reasoning,instr_only,25,projected_js,0.05098631416331045,128
aim_on_della__calib_reasoning,candidate,reasoning,instr_only,26,mmd_rbf,0.0028637878131121397,128
aim_on_della__calib_reasoning,candidate,reasoning,instr_only,26,projected_js,0.05498637247364968,128
aim_on_della__calib_reasoning,candidate,reasoning,instr_only,27,mmd_rbf,0.0029352225828915834,128
aim_on_della__calib_reasoning,candidate,reasoning,instr_only,27,projected_js,0.053351351933088154,128
aim_on_della__calib_reasoning,candidate,reasoning,instr_only,28,mmd_rbf,0.0029855866450816393,128
aim_on_della__calib_reasoning,candidate,reasoning,instr_only,28,projected_js,0.052657128078863025,128
aim_on_della__calib_reasoning,candidate,reasoning,instr_only,29,mmd_rbf,0.0029600788839161396,128
aim_on_della__calib_reasoning,candidate,reasoning,instr_only,29,projected_js,0.05403138301335275,128
aim_on_della__calib_reasoning,candidate,reasoning,instr_only,30,mmd_rbf,0.0030234381556510925,128
aim_on_della__calib_reasoning,candidate,reasoning,instr_only,30,projected_js,0.051454720669426024,128
aim_on_della__calib_reasoning,candidate,reasoning,instr_only,31,mmd_rbf,0.003209485439583659,128
aim_on_della__calib_reasoning,candidate,reasoning,instr_only,31,projected_js,0.05704364142729901,128
aim_on_della__calib_reasoning,candidate,reasoning,instr_only,32,mmd_rbf,0.00331461732275784,128
aim_on_della__calib_reasoning,candidate,reasoning,instr_only,32,projected_js,0.05359172652242705,128
aim_on_della__calib_reasoning,candidate,reasoning,instr_only,33,mmd_rbf,0.0034658429212868214,128
aim_on_della__calib_reasoning,candidate,reasoning,instr_only,33,projected_js,0.057215761829866096,128
aim_on_della__calib_reasoning,candidate,reasoning,instr_only,34,mmd_rbf,0.0044123465195298195,128
aim_on_della__calib_reasoning,candidate,reasoning,instr_only,34,projected_js,0.05554861036944203,128
aim_on_della__calib_reasoning,candidate,reasoning,instr_only,35,mmd_rbf,0.023135364055633545,128
aim_on_della__calib_reasoning,candidate,reasoning,instr_only,35,projected_js,0.07320415548747405,128
aim_on_della__calib_reasoning,candidate,reasoning,reasoning_only,0,mmd_rbf,0.004514283034950495,128
aim_on_della__calib_reasoning,candidate,reasoning,reasoning_only,0,projected_js,0.04916179121937603,128
aim_on_della__calib_reasoning,candidate,reasoning,reasoning_only,1,mmd_rbf,0.007523033302277327,128
aim_on_della__calib_reasoning,candidate,reasoning,reasoning_only,1,projected_js,0.05528756158309989,128
aim_on_della__calib_reasoning,candidate,reasoning,reasoning_only,2,mmd_rbf,0.013781760819256306,128
aim_on_della__calib_reasoning,candidate,reasoning,reasoning_only,2,projected_js,0.06531259213807061,128
aim_on_della__calib_reasoning,candidate,reasoning,reasoning_only,3,mmd_rbf,0.016524702310562134,128
aim_on_della__calib_reasoning,candidate,reasoning,reasoning_only,3,projected_js,0.06788886990398169,128
aim_on_della__calib_reasoning,candidate,reasoning,reasoning_only,4,mmd_rbf,0.015811864286661148,128
aim_on_della__calib_reasoning,candidate,reasoning,reasoning_only,4,projected_js,0.06936058652354404,128
aim_on_della__calib_reasoning,candidate,reasoning,reasoning_only,5,mmd_rbf,0.014936256222426891,128
aim_on_della__calib_reasoning,candidate,reasoning,reasoning_only,5,projected_js,0.0669360943720676,128
aim_on_della__calib_reasoning,candidate,reasoning,reasoning_only,6,mmd_rbf,0.011252778582274914,128
aim_on_della__calib_reasoning,candidate,reasoning,reasoning_only,6,projected_js,0.0630385170225054,128
aim_on_della__calib_reasoning,candidate,reasoning,reasoning_only,7,mmd_rbf,0.01173112727701664,128
aim_on_della__calib_reasoning,candidate,reasoning,reasoning_only,7,projected_js,0.06631354126147926,128
aim_on_della__calib_reasoning,candidate,reasoning,reasoning_only,8,mmd_rbf,0.010348297655582428,128
aim_on_della__calib_reasoning,candidate,reasoning,reasoning_only,8,projected_js,0.06369392952183262,128
aim_on_della__calib_reasoning,candidate,reasoning,reasoning_only,9,mmd_rbf,0.010485874488949776,128
aim_on_della__calib_reasoning,candidate,reasoning,reasoning_only,9,projected_js,0.0668140419293195,128
aim_on_della__calib_reasoning,candidate,reasoning,reasoning_only,10,mmd_rbf,0.01119872834533453,128
aim_on_della__calib_reasoning,candidate,reasoning,reasoning_only,10,projected_js,0.06459569511935115,128
aim_on_della__calib_reasoning,candidate,reasoning,reasoning_only,11,mmd_rbf,0.01057878602296114,128
aim_on_della__calib_reasoning,candidate,reasoning,reasoning_only,11,projected_js,0.06416759671992622,128
aim_on_della__calib_reasoning,candidate,reasoning,reasoning_only,12,mmd_rbf,0.010628242045640945,128
aim_on_della__calib_reasoning,candidate,reasoning,reasoning_only,12,projected_js,0.06625501264352351,128
aim_on_della__calib_reasoning,candidate,reasoning,reasoning_only,13,mmd_rbf,0.010924155823886395,128
aim_on_della__calib_reasoning,candidate,reasoning,reasoning_only,13,projected_js,0.06713040167232975,128
aim_on_della__calib_reasoning,candidate,reasoning,reasoning_only,14,mmd_rbf,0.010999465361237526,128
aim_on_della__calib_reasoning,candidate,reasoning,reasoning_only,14,projected_js,0.06482389860320836,128
aim_on_della__calib_reasoning,candidate,reasoning,reasoning_only,15,mmd_rbf,0.012071887962520123,128
aim_on_della__calib_reasoning,candidate,reasoning,reasoning_only,15,projected_js,0.0645246165804565,128
aim_on_della__calib_reasoning,candidate,reasoning,reasoning_only,16,mmd_rbf,0.012417346239089966,128
aim_on_della__calib_reasoning,candidate,reasoning,reasoning_only,16,projected_js,0.06536882632644847,128
aim_on_della__calib_reasoning,candidate,reasoning,reasoning_only,17,mmd_rbf,0.011916111223399639,128
aim_on_della__calib_reasoning,candidate,reasoning,reasoning_only,17,projected_js,0.06589463370619342,128
aim_on_della__calib_reasoning,candidate,reasoning,reasoning_only,18,mmd_rbf,0.013427731581032276,128
aim_on_della__calib_reasoning,candidate,reasoning,reasoning_only,18,projected_js,0.06546580593567342,128
aim_on_della__calib_reasoning,candidate,reasoning,reasoning_only,19,mmd_rbf,0.01264654565602541,128
aim_on_della__calib_reasoning,candidate,reasoning,reasoning_only,19,projected_js,0.06564534862991422,128
aim_on_della__calib_reasoning,candidate,reasoning,reasoning_only,20,mmd_rbf,0.012087923474609852,128
aim_on_della__calib_reasoning,candidate,reasoning,reasoning_only,20,projected_js,0.06854898517485708,128
aim_on_della__calib_reasoning,candidate,reasoning,reasoning_only,21,mmd_rbf,0.012531307525932789,128
aim_on_della__calib_reasoning,candidate,reasoning,reasoning_only,21,projected_js,0.06465639238012955,128
aim_on_della__calib_reasoning,candidate,reasoning,reasoning_only,22,mmd_rbf,0.010655424557626247,128
aim_on_della__calib_reasoning,candidate,reasoning,reasoning_only,22,projected_js,0.06445795140461996,128
aim_on_della__calib_reasoning,candidate,reasoning,reasoning_only,23,mmd_rbf,0.008685323409736156,128
aim_on_della__calib_reasoning,candidate,reasoning,reasoning_only,23,projected_js,0.062418682617135346,128
aim_on_della__calib_reasoning,candidate,reasoning,reasoning_only,24,mmd_rbf,0.008255312219262123,128
aim_on_della__calib_reasoning,candidate,reasoning,reasoning_only,24,projected_js,0.06298852484906092,128
aim_on_della__calib_reasoning,candidate,reasoning,reasoning_only,25,mmd_rbf,0.007317318115383387,128
aim_on_della__calib_reasoning,candidate,reasoning,reasoning_only,25,projected_js,0.06139691098360345,128
aim_on_della__calib_reasoning,candidate,reasoning,reasoning_only,26,mmd_rbf,0.006867583375424147,128
aim_on_della__calib_reasoning,candidate,reasoning,reasoning_only,26,projected_js,0.061938012775499374,128
aim_on_della__calib_reasoning,candidate,reasoning,reasoning_only,27,mmd_rbf,0.006689372006803751,128
aim_on_della__calib_reasoning,candidate,reasoning,reasoning_only,27,projected_js,0.05991989155882038,128
aim_on_della__calib_reasoning,candidate,reasoning,reasoning_only,28,mmd_rbf,0.006917502731084824,128
aim_on_della__calib_reasoning,candidate,reasoning,reasoning_only,28,projected_js,0.06116284825839102,128
aim_on_della__calib_reasoning,candidate,reasoning,reasoning_only,29,mmd_rbf,0.006854437291622162,128
aim_on_della__calib_reasoning,candidate,reasoning,reasoning_only,29,projected_js,0.06345305504510179,128
aim_on_della__calib_reasoning,candidate,reasoning,reasoning_only,30,mmd_rbf,0.007131913211196661,128
aim_on_della__calib_reasoning,candidate,reasoning,reasoning_only,30,projected_js,0.06215367227559909,128
aim_on_della__calib_reasoning,candidate,reasoning,reasoning_only,31,mmd_rbf,0.007299338933080435,128
aim_on_della__calib_reasoning,candidate,reasoning,reasoning_only,31,projected_js,0.062049658270552754,128
aim_on_della__calib_reasoning,candidate,reasoning,reasoning_only,32,mmd_rbf,0.0073893205262720585,128
aim_on_della__calib_reasoning,candidate,reasoning,reasoning_only,32,projected_js,0.06285269453655928,128
aim_on_della__calib_reasoning,candidate,reasoning,reasoning_only,33,mmd_rbf,0.007633659522980452,128
aim_on_della__calib_reasoning,candidate,reasoning,reasoning_only,33,projected_js,0.06229044258361682,128
aim_on_della__calib_reasoning,candidate,reasoning,reasoning_only,34,mmd_rbf,0.008419325575232506,128
aim_on_della__calib_reasoning,candidate,reasoning,reasoning_only,34,projected_js,0.06238182503147982,128
aim_on_della__calib_reasoning,candidate,reasoning,reasoning_only,35,mmd_rbf,0.031891416758298874,128
aim_on_della__calib_reasoning,candidate,reasoning,reasoning_only,35,projected_js,0.0811408229637891,128
aim_on_della__calib_reasoning,candidate,reasoning,uncensored_only,0,mmd_rbf,0.002757817506790161,128
aim_on_della__calib_reasoning,candidate,reasoning,uncensored_only,0,projected_js,0.03707692584430333,128
aim_on_della__calib_reasoning,candidate,reasoning,uncensored_only,1,mmd_rbf,0.07828434556722641,128
aim_on_della__calib_reasoning,candidate,reasoning,uncensored_only,1,projected_js,0.1163369728019461,128
aim_on_della__calib_reasoning,candidate,reasoning,uncensored_only,2,mmd_rbf,0.07352862507104874,128
aim_on_della__calib_reasoning,candidate,reasoning,uncensored_only,2,projected_js,0.10302176675759256,128
aim_on_della__calib_reasoning,candidate,reasoning,uncensored_only,3,mmd_rbf,0.05577540397644043,128
aim_on_della__calib_reasoning,candidate,reasoning,uncensored_only,3,projected_js,0.09693657926982269,128
aim_on_della__calib_reasoning,candidate,reasoning,uncensored_only,4,mmd_rbf,0.03776877000927925,128
aim_on_della__calib_reasoning,candidate,reasoning,uncensored_only,4,projected_js,0.08878327574348077,128
aim_on_della__calib_reasoning,candidate,reasoning,uncensored_only,5,mmd_rbf,0.024408889934420586,128
aim_on_della__calib_reasoning,candidate,reasoning,uncensored_only,5,projected_js,0.0786826444673352,128
aim_on_della__calib_reasoning,candidate,reasoning,uncensored_only,6,mmd_rbf,0.014769877307116985,128
aim_on_della__calib_reasoning,candidate,reasoning,uncensored_only,6,projected_js,0.06757502187974751,128
aim_on_della__calib_reasoning,candidate,reasoning,uncensored_only,7,mmd_rbf,0.013041742146015167,128
aim_on_della__calib_reasoning,candidate,reasoning,uncensored_only,7,projected_js,0.06972538051195443,128
aim_on_della__calib_reasoning,candidate,reasoning,uncensored_only,8,mmd_rbf,0.010133219882845879,128
aim_on_della__calib_reasoning,candidate,reasoning,uncensored_only,8,projected_js,0.061495980131439865,128
aim_on_della__calib_reasoning,candidate,reasoning,uncensored_only,9,mmd_rbf,0.008720630779862404,128
aim_on_della__calib_reasoning,candidate,reasoning,uncensored_only,9,projected_js,0.061464520695153624,128
aim_on_della__calib_reasoning,candidate,reasoning,uncensored_only,10,mmd_rbf,0.007928787730634212,128
aim_on_della__calib_reasoning,candidate,reasoning,uncensored_only,10,projected_js,0.05509406008059159,128
aim_on_della__calib_reasoning,candidate,reasoning,uncensored_only,11,mmd_rbf,0.006801833864301443,128
aim_on_della__calib_reasoning,candidate,reasoning,uncensored_only,11,projected_js,0.05990350857609883,128
aim_on_della__calib_reasoning,candidate,reasoning,uncensored_only,12,mmd_rbf,0.0067505924962460995,128
aim_on_della__calib_reasoning,candidate,reasoning,uncensored_only,12,projected_js,0.06159201875561848,128
aim_on_della__calib_reasoning,candidate,reasoning,uncensored_only,13,mmd_rbf,0.007001562509685755,128
aim_on_della__calib_reasoning,candidate,reasoning,uncensored_only,13,projected_js,0.06319595305831172,128
aim_on_della__calib_reasoning,candidate,reasoning,uncensored_only,14,mmd_rbf,0.007267510052770376,128
aim_on_della__calib_reasoning,candidate,reasoning,uncensored_only,14,projected_js,0.06236692375387065,128
aim_on_della__calib_reasoning,candidate,reasoning,uncensored_only,15,mmd_rbf,0.008642240427434444,128
aim_on_della__calib_reasoning,candidate,reasoning,uncensored_only,15,projected_js,0.061732960923109204,128
aim_on_della__calib_reasoning,candidate,reasoning,uncensored_only,16,mmd_rbf,0.009431782178580761,128
aim_on_della__calib_reasoning,candidate,reasoning,uncensored_only,16,projected_js,0.061539224057924,128
aim_on_della__calib_reasoning,candidate,reasoning,uncensored_only,17,mmd_rbf,0.009348283521831036,128
aim_on_della__calib_reasoning,candidate,reasoning,uncensored_only,17,projected_js,0.0631620327476412,128
aim_on_della__calib_reasoning,candidate,reasoning,uncensored_only,18,mmd_rbf,0.009333441965281963,128
aim_on_della__calib_reasoning,candidate,reasoning,uncensored_only,18,projected_js,0.064107074693311,128
aim_on_della__calib_reasoning,candidate,reasoning,uncensored_only,19,mmd_rbf,0.009184165857732296,128
aim_on_della__calib_reasoning,candidate,reasoning,uncensored_only,19,projected_js,0.0615494285011664,128
aim_on_della__calib_reasoning,candidate,reasoning,uncensored_only,20,mmd_rbf,0.009256861172616482,128
aim_on_della__calib_reasoning,candidate,reasoning,uncensored_only,20,projected_js,0.06522632046835497,128
aim_on_della__calib_reasoning,candidate,reasoning,uncensored_only,21,mmd_rbf,0.009845840744674206,128
aim_on_della__calib_reasoning,candidate,reasoning,uncensored_only,21,projected_js,0.06085207819705829,128
aim_on_della__calib_reasoning,candidate,reasoning,uncensored_only,22,mmd_rbf,0.010114151053130627,128
aim_on_della__calib_reasoning,candidate,reasoning,uncensored_only,22,projected_js,0.06177661020774394,128
aim_on_della__calib_reasoning,candidate,reasoning,uncensored_only,23,mmd_rbf,0.009905117563903332,128
aim_on_della__calib_reasoning,candidate,reasoning,uncensored_only,23,projected_js,0.06647334876470268,128
aim_on_della__calib_reasoning,candidate,reasoning,uncensored_only,24,mmd_rbf,0.009848478250205517,128
aim_on_della__calib_reasoning,candidate,reasoning,uncensored_only,24,projected_js,0.06573461985681206,128
aim_on_della__calib_reasoning,candidate,reasoning,uncensored_only,25,mmd_rbf,0.009935839101672173,128
aim_on_della__calib_reasoning,candidate,reasoning,uncensored_only,25,projected_js,0.06718212371924892,128
aim_on_della__calib_reasoning,candidate,reasoning,uncensored_only,26,mmd_rbf,0.00992423016577959,128
aim_on_della__calib_reasoning,candidate,reasoning,uncensored_only,26,projected_js,0.06725397106492892,128
aim_on_della__calib_reasoning,candidate,reasoning,uncensored_only,27,mmd_rbf,0.010089228861033916,128
aim_on_della__calib_reasoning,candidate,reasoning,uncensored_only,27,projected_js,0.06566552846925333,128
aim_on_della__calib_reasoning,candidate,reasoning,uncensored_only,28,mmd_rbf,0.009692974388599396,128
aim_on_della__calib_reasoning,candidate,reasoning,uncensored_only,28,projected_js,0.0666830096160993,128
aim_on_della__calib_reasoning,candidate,reasoning,uncensored_only,29,mmd_rbf,0.009765977039933205,128
aim_on_della__calib_reasoning,candidate,reasoning,uncensored_only,29,projected_js,0.06411711091641337,128
aim_on_della__calib_reasoning,candidate,reasoning,uncensored_only,30,mmd_rbf,0.0100169125944376,128
aim_on_della__calib_reasoning,candidate,reasoning,uncensored_only,30,projected_js,0.06558691419195384,128
aim_on_della__calib_reasoning,candidate,reasoning,uncensored_only,31,mmd_rbf,0.009995508939027786,128
aim_on_della__calib_reasoning,candidate,reasoning,uncensored_only,31,projected_js,0.06381500503630377,128
aim_on_della__calib_reasoning,candidate,reasoning,uncensored_only,32,mmd_rbf,0.010182988829910755,128
aim_on_della__calib_reasoning,candidate,reasoning,uncensored_only,32,projected_js,0.06526217464124784,128
aim_on_della__calib_reasoning,candidate,reasoning,uncensored_only,33,mmd_rbf,0.010411988012492657,128
aim_on_della__calib_reasoning,candidate,reasoning,uncensored_only,33,projected_js,0.06378266896354035,128
aim_on_della__calib_reasoning,candidate,reasoning,uncensored_only,34,mmd_rbf,0.011202313005924225,128
aim_on_della__calib_reasoning,candidate,reasoning,uncensored_only,34,projected_js,0.0680393865914084,128
aim_on_della__calib_reasoning,candidate,reasoning,uncensored_only,35,mmd_rbf,0.029728028923273087,128
aim_on_della__calib_reasoning,candidate,reasoning,uncensored_only,35,projected_js,0.07618408225243911,128
aim_on_della__calib_reasoning,candidate,uncensored_refusal_like,base,0,mmd_rbf,0.008831090293824673,128
aim_on_della__calib_reasoning,candidate,uncensored_refusal_like,base,0,projected_js,0.05586800110177137,128
aim_on_della__calib_reasoning,candidate,uncensored_refusal_like,base,1,mmd_rbf,0.016764385625720024,128
aim_on_della__calib_reasoning,candidate,uncensored_refusal_like,base,1,projected_js,0.06829999148612842,128
aim_on_della__calib_reasoning,candidate,uncensored_refusal_like,base,2,mmd_rbf,0.018060969188809395,128
aim_on_della__calib_reasoning,candidate,uncensored_refusal_like,base,2,projected_js,0.06161691417219117,128
aim_on_della__calib_reasoning,candidate,uncensored_refusal_like,base,3,mmd_rbf,0.027811378240585327,128
aim_on_della__calib_reasoning,candidate,uncensored_refusal_like,base,3,projected_js,0.0814962494187057,128
aim_on_della__calib_reasoning,candidate,uncensored_refusal_like,base,4,mmd_rbf,0.026398926973342896,128
aim_on_della__calib_reasoning,candidate,uncensored_refusal_like,base,4,projected_js,0.07862623664550483,128
aim_on_della__calib_reasoning,candidate,uncensored_refusal_like,base,5,mmd_rbf,0.02729017101228237,128
aim_on_della__calib_reasoning,candidate,uncensored_refusal_like,base,5,projected_js,0.08080283150775358,128
aim_on_della__calib_reasoning,candidate,uncensored_refusal_like,base,6,mmd_rbf,0.023654622957110405,128
aim_on_della__calib_reasoning,candidate,uncensored_refusal_like,base,6,projected_js,0.07409216364612803,128
aim_on_della__calib_reasoning,candidate,uncensored_refusal_like,base,7,mmd_rbf,0.02158200554549694,128
aim_on_della__calib_reasoning,candidate,uncensored_refusal_like,base,7,projected_js,0.06915544427465647,128
aim_on_della__calib_reasoning,candidate,uncensored_refusal_like,base,8,mmd_rbf,0.019378140568733215,128
aim_on_della__calib_reasoning,candidate,uncensored_refusal_like,base,8,projected_js,0.0731907541048713,128
aim_on_della__calib_reasoning,candidate,uncensored_refusal_like,base,9,mmd_rbf,0.022394513711333275,128
aim_on_della__calib_reasoning,candidate,uncensored_refusal_like,base,9,projected_js,0.07639886700781062,128
aim_on_della__calib_reasoning,candidate,uncensored_refusal_like,base,10,mmd_rbf,0.024747459217905998,128
aim_on_della__calib_reasoning,candidate,uncensored_refusal_like,base,10,projected_js,0.08116849174257368,128
aim_on_della__calib_reasoning,candidate,uncensored_refusal_like,base,11,mmd_rbf,0.027030108496546745,128
aim_on_della__calib_reasoning,candidate,uncensored_refusal_like,base,11,projected_js,0.08018861024174839,128
aim_on_della__calib_reasoning,candidate,uncensored_refusal_like,base,12,mmd_rbf,0.030016859993338585,128
aim_on_della__calib_reasoning,candidate,uncensored_refusal_like,base,12,projected_js,0.08251001388998702,128
aim_on_della__calib_reasoning,candidate,uncensored_refusal_like,base,13,mmd_rbf,0.03378511965274811,128
aim_on_della__calib_reasoning,candidate,uncensored_refusal_like,base,13,projected_js,0.08769360382575542,128
aim_on_della__calib_reasoning,candidate,uncensored_refusal_like,base,14,mmd_rbf,0.03618225082755089,128
aim_on_della__calib_reasoning,candidate,uncensored_refusal_like,base,14,projected_js,0.08560471946839243,128
aim_on_della__calib_reasoning,candidate,uncensored_refusal_like,base,15,mmd_rbf,0.038180142641067505,128
aim_on_della__calib_reasoning,candidate,uncensored_refusal_like,base,15,projected_js,0.08144454011926427,128
aim_on_della__calib_reasoning,candidate,uncensored_refusal_like,base,16,mmd_rbf,0.03894466161727905,128
aim_on_della__calib_reasoning,candidate,uncensored_refusal_like,base,16,projected_js,0.08253010211046785,128
aim_on_della__calib_reasoning,candidate,uncensored_refusal_like,base,17,mmd_rbf,0.03942491486668587,128
aim_on_della__calib_reasoning,candidate,uncensored_refusal_like,base,17,projected_js,0.08465760562103242,128
aim_on_della__calib_reasoning,candidate,uncensored_refusal_like,base,18,mmd_rbf,0.04064634069800377,128
aim_on_della__calib_reasoning,candidate,uncensored_refusal_like,base,18,projected_js,0.08872470259666443,128
aim_on_della__calib_reasoning,candidate,uncensored_refusal_like,base,19,mmd_rbf,0.040208835154771805,128
aim_on_della__calib_reasoning,candidate,uncensored_refusal_like,base,19,projected_js,0.08742097503272817,128
aim_on_della__calib_reasoning,candidate,uncensored_refusal_like,base,20,mmd_rbf,0.047601282596588135,128
aim_on_della__calib_reasoning,candidate,uncensored_refusal_like,base,20,projected_js,0.09007197088794783,128
aim_on_della__calib_reasoning,candidate,uncensored_refusal_like,base,21,mmd_rbf,0.05110149458050728,128
aim_on_della__calib_reasoning,candidate,uncensored_refusal_like,base,21,projected_js,0.08877214218955487,128
aim_on_della__calib_reasoning,candidate,uncensored_refusal_like,base,22,mmd_rbf,0.053145188838243484,128
aim_on_della__calib_reasoning,candidate,uncensored_refusal_like,base,22,projected_js,0.09587429580278695,128
aim_on_della__calib_reasoning,candidate,uncensored_refusal_like,base,23,mmd_rbf,0.05217098072171211,128
aim_on_della__calib_reasoning,candidate,uncensored_refusal_like,base,23,projected_js,0.09490992943756282,128
aim_on_della__calib_reasoning,candidate,uncensored_refusal_like,base,24,mmd_rbf,0.05029144510626793,128
aim_on_della__calib_reasoning,candidate,uncensored_refusal_like,base,24,projected_js,0.10259869712172076,128
aim_on_della__calib_reasoning,candidate,uncensored_refusal_like,base,25,mmd_rbf,0.048881083726882935,128
aim_on_della__calib_reasoning,candidate,uncensored_refusal_like,base,25,projected_js,0.09581094147870317,128
aim_on_della__calib_reasoning,candidate,uncensored_refusal_like,base,26,mmd_rbf,0.049094896763563156,128
aim_on_della__calib_reasoning,candidate,uncensored_refusal_like,base,26,projected_js,0.09819191455608234,128
aim_on_della__calib_reasoning,candidate,uncensored_refusal_like,base,27,mmd_rbf,0.04938532039523125,128
aim_on_della__calib_reasoning,candidate,uncensored_refusal_like,base,27,projected_js,0.10364549123914912,128
aim_on_della__calib_reasoning,candidate,uncensored_refusal_like,base,28,mmd_rbf,0.04808561131358147,128
aim_on_della__calib_reasoning,candidate,uncensored_refusal_like,base,28,projected_js,0.10587310581468046,128
aim_on_della__calib_reasoning,candidate,uncensored_refusal_like,base,29,mmd_rbf,0.04500420764088631,128
aim_on_della__calib_reasoning,candidate,uncensored_refusal_like,base,29,projected_js,0.10262635396793485,128
aim_on_della__calib_reasoning,candidate,uncensored_refusal_like,base,30,mmd_rbf,0.04539906978607178,128
aim_on_della__calib_reasoning,candidate,uncensored_refusal_like,base,30,projected_js,0.10237894940655679,128
aim_on_della__calib_reasoning,candidate,uncensored_refusal_like,base,31,mmd_rbf,0.04489296302199364,128
aim_on_della__calib_reasoning,candidate,uncensored_refusal_like,base,31,projected_js,0.09521813638275489,128
aim_on_della__calib_reasoning,candidate,uncensored_refusal_like,base,32,mmd_rbf,0.04519865661859512,128
aim_on_della__calib_reasoning,candidate,uncensored_refusal_like,base,32,projected_js,0.09467877619317733,128
aim_on_della__calib_reasoning,candidate,uncensored_refusal_like,base,33,mmd_rbf,0.043670106679201126,128
aim_on_della__calib_reasoning,candidate,uncensored_refusal_like,base,33,projected_js,0.0967653583502397,128
aim_on_della__calib_reasoning,candidate,uncensored_refusal_like,base,34,mmd_rbf,0.0570819266140461,128
aim_on_della__calib_reasoning,candidate,uncensored_refusal_like,base,34,projected_js,0.10936868807766587,128
aim_on_della__calib_reasoning,candidate,uncensored_refusal_like,base,35,mmd_rbf,0.13340376317501068,128
aim_on_della__calib_reasoning,candidate,uncensored_refusal_like,base,35,projected_js,0.17272668902296573,128
aim_on_della__calib_reasoning,candidate,uncensored_refusal_like,instr_only,0,mmd_rbf,0.005296796560287476,128
aim_on_della__calib_reasoning,candidate,uncensored_refusal_like,instr_only,0,projected_js,0.04637817986076698,128
aim_on_della__calib_reasoning,candidate,uncensored_refusal_like,instr_only,1,mmd_rbf,0.010664206929504871,128
aim_on_della__calib_reasoning,candidate,uncensored_refusal_like,instr_only,1,projected_js,0.058958837907994166,128
aim_on_della__calib_reasoning,candidate,uncensored_refusal_like,instr_only,2,mmd_rbf,0.01243616919964552,128
aim_on_della__calib_reasoning,candidate,uncensored_refusal_like,instr_only,2,projected_js,0.05889704285073094,128
aim_on_della__calib_reasoning,candidate,uncensored_refusal_like,instr_only,3,mmd_rbf,0.01364150084555149,128
aim_on_della__calib_reasoning,candidate,uncensored_refusal_like,instr_only,3,projected_js,0.06032925384351984,128
aim_on_della__calib_reasoning,candidate,uncensored_refusal_like,instr_only,4,mmd_rbf,0.014239557087421417,128
aim_on_della__calib_reasoning,candidate,uncensored_refusal_like,instr_only,4,projected_js,0.062241475214250386,128
aim_on_della__calib_reasoning,candidate,uncensored_refusal_like,instr_only,5,mmd_rbf,0.01411706954240799,128
aim_on_della__calib_reasoning,candidate,uncensored_refusal_like,instr_only,5,projected_js,0.06117979495320469,128
aim_on_della__calib_reasoning,candidate,uncensored_refusal_like,instr_only,6,mmd_rbf,0.010620524175465107,128
aim_on_della__calib_reasoning,candidate,uncensored_refusal_like,instr_only,6,projected_js,0.061479680764023215,128
aim_on_della__calib_reasoning,candidate,uncensored_refusal_like,instr_only,7,mmd_rbf,0.008615560829639435,128
aim_on_della__calib_reasoning,candidate,uncensored_refusal_like,instr_only,7,projected_js,0.05917147680884227,128
aim_on_della__calib_reasoning,candidate,uncensored_refusal_like,instr_only,8,mmd_rbf,0.007053831126540899,128
aim_on_della__calib_reasoning,candidate,uncensored_refusal_like,instr_only,8,projected_js,0.05998310772702098,128
aim_on_della__calib_reasoning,candidate,uncensored_refusal_like,instr_only,9,mmd_rbf,0.006875240709632635,128
aim_on_della__calib_reasoning,candidate,uncensored_refusal_like,instr_only,9,projected_js,0.06015005405060947,128
aim_on_della__calib_reasoning,candidate,uncensored_refusal_like,instr_only,10,mmd_rbf,0.007291866932064295,128
aim_on_della__calib_reasoning,candidate,uncensored_refusal_like,instr_only,10,projected_js,0.06255492431228049,128
aim_on_della__calib_reasoning,candidate,uncensored_refusal_like,instr_only,11,mmd_rbf,0.007082267198711634,128
aim_on_della__calib_reasoning,candidate,uncensored_refusal_like,instr_only,11,projected_js,0.05983384238788858,128
aim_on_della__calib_reasoning,candidate,uncensored_refusal_like,instr_only,12,mmd_rbf,0.007811430376023054,128
aim_on_della__calib_reasoning,candidate,uncensored_refusal_like,instr_only,12,projected_js,0.06169225508347154,128
aim_on_della__calib_reasoning,candidate,uncensored_refusal_like,instr_only,13,mmd_rbf,0.008127237670123577,128
aim_on_della__calib_reasoning,candidate,uncensored_refusal_like,instr_only,13,projected_js,0.061023447720799595,128
aim_on_della__calib_reasoning,candidate,uncensored_refusal_like,instr_only,14,mmd_rbf,0.008017504587769508,128
aim_on_della__calib_reasoning,candidate,uncensored_refusal_like,instr_only,14,projected_js,0.06414248736109585,128
aim_on_della__calib_reasoning,candidate,uncensored_refusal_like,instr_only,15,mmd_rbf,0.00840134546160698,128
aim_on_della__calib_reasoning,candidate,uncensored_refusal_like,instr_only,15,projected_js,0.06364304706221446,128
aim_on_della__calib_reasoning,candidate,uncensored_refusal_like,instr_only,16,mmd_rbf,0.008995403535664082,128
aim_on_della__calib_reasoning,candidate,uncensored_refusal_like,instr_only,16,projected_js,0.06262664456153288,128
aim_on_della__calib_reasoning,candidate,uncensored_refusal_like,instr_only,17,mmd_rbf,0.009680249728262424,128
aim_on_della__calib_reasoning,candidate,uncensored_refusal_like,instr_only,17,projected_js,0.06368390104034916,128
aim_on_della__calib_reasoning,candidate,uncensored_refusal_like,instr_only,18,mmd_rbf,0.010764806531369686,128
aim_on_della__calib_reasoning,candidate,uncensored_refusal_like,instr_only,18,projected_js,0.06657193560386077,128
aim_on_della__calib_reasoning,candidate,uncensored_refusal_like,instr_only,19,mmd_rbf,0.011890105903148651,128
aim_on_della__calib_reasoning,candidate,uncensored_refusal_like,instr_only,19,projected_js,0.0667766661499627,128
aim_on_della__calib_reasoning,candidate,uncensored_refusal_like,instr_only,20,mmd_rbf,0.013210400938987732,128
aim_on_della__calib_reasoning,candidate,uncensored_refusal_like,instr_only,20,projected_js,0.06925753119867295,128
aim_on_della__calib_reasoning,candidate,uncensored_refusal_like,instr_only,21,mmd_rbf,0.015336480922996998,128
aim_on_della__calib_reasoning,candidate,uncensored_refusal_like,instr_only,21,projected_js,0.06908670417033136,128
aim_on_della__calib_reasoning,candidate,uncensored_refusal_like,instr_only,22,mmd_rbf,0.016937194392085075,128
aim_on_della__calib_reasoning,candidate,uncensored_refusal_like,instr_only,22,projected_js,0.07480411959113553,128
aim_on_della__calib_reasoning,candidate,uncensored_refusal_like,instr_only,23,mmd_rbf,0.017461849376559258,128
aim_on_della__calib_reasoning,candidate,uncensored_refusal_like,instr_only,23,projected_js,0.06911401060642675,128
aim_on_della__calib_reasoning,candidate,uncensored_refusal_like,instr_only,24,mmd_rbf,0.018879957497119904,128
aim_on_della__calib_reasoning,candidate,uncensored_refusal_like,instr_only,24,projected_js,0.07383897784166038,128
aim_on_della__calib_reasoning,candidate,uncensored_refusal_like,instr_only,25,mmd_rbf,0.02017461322247982,128
aim_on_della__calib_reasoning,candidate,uncensored_refusal_like,instr_only,25,projected_js,0.07417584769427776,128
aim_on_della__calib_reasoning,candidate,uncensored_refusal_like,instr_only,26,mmd_rbf,0.020890220999717712,128
aim_on_della__calib_reasoning,candidate,uncensored_refusal_like,instr_only,26,projected_js,0.07572022976819426,128
aim_on_della__calib_reasoning,candidate,uncensored_refusal_like,instr_only,27,mmd_rbf,0.020984675735235214,128
aim_on_della__calib_reasoning,candidate,uncensored_refusal_like,instr_only,27,projected_js,0.07320549030555412,128
aim_on_della__calib_reasoning,candidate,uncensored_refusal_like,instr_only,28,mmd_rbf,0.020543605089187622,128
aim_on_della__calib_reasoning,candidate,uncensored_refusal_like,instr_only,28,projected_js,0.07573792652692646,128
aim_on_della__calib_reasoning,candidate,uncensored_refusal_like,instr_only,29,mmd_rbf,0.019652826711535454,128
aim_on_della__calib_reasoning,candidate,uncensored_refusal_like,instr_only,29,projected_js,0.07591485901502892,128
aim_on_della__calib_reasoning,candidate,uncensored_refusal_like,instr_only,30,mmd_rbf,0.01961125247180462,128
aim_on_della__calib_reasoning,candidate,uncensored_refusal_like,instr_only,30,projected_js,0.07721131353173405,128
aim_on_della__calib_reasoning,candidate,uncensored_refusal_like,instr_only,31,mmd_rbf,0.019441990181803703,128
aim_on_della__calib_reasoning,candidate,uncensored_refusal_like,instr_only,31,projected_js,0.0782295786193572,128
aim_on_della__calib_reasoning,candidate,uncensored_refusal_like,instr_only,32,mmd_rbf,0.020081952214241028,128
aim_on_della__calib_reasoning,candidate,uncensored_refusal_like,instr_only,32,projected_js,0.07693136483430862,128
aim_on_della__calib_reasoning,candidate,uncensored_refusal_like,instr_only,33,mmd_rbf,0.01977062039077282,128
aim_on_della__calib_reasoning,candidate,uncensored_refusal_like,instr_only,33,projected_js,0.07793579052668065,128
aim_on_della__calib_reasoning,candidate,uncensored_refusal_like,instr_only,34,mmd_rbf,0.023035293444991112,128
aim_on_della__calib_reasoning,candidate,uncensored_refusal_like,instr_only,34,projected_js,0.08327827393077314,128
aim_on_della__calib_reasoning,candidate,uncensored_refusal_like,instr_only,35,mmd_rbf,0.07878484576940536,128
aim_on_della__calib_reasoning,candidate,uncensored_refusal_like,instr_only,35,projected_js,0.12963677337393165,128
aim_on_della__calib_reasoning,candidate,uncensored_refusal_like,reasoning_only,0,mmd_rbf,0.02345713973045349,128
aim_on_della__calib_reasoning,candidate,uncensored_refusal_like,reasoning_only,0,projected_js,0.0938656963116955,128
aim_on_della__calib_reasoning,candidate,uncensored_refusal_like,reasoning_only,1,mmd_rbf,0.03025331161916256,128
aim_on_della__calib_reasoning,candidate,uncensored_refusal_like,reasoning_only,1,projected_js,0.08370642823865637,128
aim_on_della__calib_reasoning,candidate,uncensored_refusal_like,reasoning_only,2,mmd_rbf,0.042500514537096024,128
aim_on_della__calib_reasoning,candidate,uncensored_refusal_like,reasoning_only,2,projected_js,0.09193894141935743,128
aim_on_della__calib_reasoning,candidate,uncensored_refusal_like,reasoning_only,3,mmd_rbf,0.04926874861121178,128
aim_on_della__calib_reasoning,candidate,uncensored_refusal_like,reasoning_only,3,projected_js,0.10341160287498496,128
aim_on_della__calib_reasoning,candidate,uncensored_refusal_like,reasoning_only,4,mmd_rbf,0.052908360958099365,128
aim_on_della__calib_reasoning,candidate,uncensored_refusal_like,reasoning_only,4,projected_js,0.11901722883339971,128
aim_on_della__calib_reasoning,candidate,uncensored_refusal_like,reasoning_only,5,mmd_rbf,0.05876878648996353,128
aim_on_della__calib_reasoning,candidate,uncensored_refusal_like,reasoning_only,5,projected_js,0.1304183798492886,128
aim_on_della__calib_reasoning,candidate,uncensored_refusal_like,reasoning_only,6,mmd_rbf,0.044943127781152725,128
aim_on_della__calib_reasoning,candidate,uncensored_refusal_like,reasoning_only,6,projected_js,0.10381347755901515,128
aim_on_della__calib_reasoning,candidate,uncensored_refusal_like,reasoning_only,7,mmd_rbf,0.04073183983564377,128
aim_on_della__calib_reasoning,candidate,uncensored_refusal_like,reasoning_only,7,projected_js,0.10179676568077412,128
aim_on_della__calib_reasoning,candidate,uncensored_refusal_like,reasoning_only,8,mmd_rbf,0.0319996178150177,128
aim_on_della__calib_reasoning,candidate,uncensored_refusal_like,reasoning_only,8,projected_js,0.09252659470075741,128
aim_on_della__calib_reasoning,candidate,uncensored_refusal_like,reasoning_only,9,mmd_rbf,0.03096260130405426,128
aim_on_della__calib_reasoning,candidate,uncensored_refusal_like,reasoning_only,9,projected_js,0.09001912805251777,128
aim_on_della__calib_reasoning,candidate,uncensored_refusal_like,reasoning_only,10,mmd_rbf,0.0320836640894413,128
aim_on_della__calib_reasoning,candidate,uncensored_refusal_like,reasoning_only,10,projected_js,0.09583011688664556,128
aim_on_della__calib_reasoning,candidate,uncensored_refusal_like,reasoning_only,11,mmd_rbf,0.031064031645655632,128
aim_on_della__calib_reasoning,candidate,uncensored_refusal_like,reasoning_only,11,projected_js,0.08807043969864026,128
aim_on_della__calib_reasoning,candidate,uncensored_refusal_like,reasoning_only,12,mmd_rbf,0.03463537618517876,128
aim_on_della__calib_reasoning,candidate,uncensored_refusal_like,reasoning_only,12,projected_js,0.08973769861040637,128
aim_on_della__calib_reasoning,candidate,uncensored_refusal_like,reasoning_only,13,mmd_rbf,0.03729451447725296,128
aim_on_della__calib_reasoning,candidate,uncensored_refusal_like,reasoning_only,13,projected_js,0.09480809257365763,128
aim_on_della__calib_reasoning,candidate,uncensored_refusal_like,reasoning_only,14,mmd_rbf,0.03719938173890114,128
aim_on_della__calib_reasoning,candidate,uncensored_refusal_like,reasoning_only,14,projected_js,0.08800791768589988,128
aim_on_della__calib_reasoning,candidate,uncensored_refusal_like,reasoning_only,15,mmd_rbf,0.03863802179694176,128
aim_on_della__calib_reasoning,candidate,uncensored_refusal_like,reasoning_only,15,projected_js,0.08950135327177122,128
aim_on_della__calib_reasoning,candidate,uncensored_refusal_like,reasoning_only,16,mmd_rbf,0.03812531381845474,128
aim_on_della__calib_reasoning,candidate,uncensored_refusal_like,reasoning_only,16,projected_js,0.08886553742922843,128
aim_on_della__calib_reasoning,candidate,uncensored_refusal_like,reasoning_only,17,mmd_rbf,0.037955380976200104,128
aim_on_della__calib_reasoning,candidate,uncensored_refusal_like,reasoning_only,17,projected_js,0.08486155042191967,128
aim_on_della__calib_reasoning,candidate,uncensored_refusal_like,reasoning_only,18,mmd_rbf,0.04495023563504219,128
aim_on_della__calib_reasoning,candidate,uncensored_refusal_like,reasoning_only,18,projected_js,0.08951181199518032,128
aim_on_della__calib_reasoning,candidate,uncensored_refusal_like,reasoning_only,19,mmd_rbf,0.04381122812628746,128
aim_on_della__calib_reasoning,candidate,uncensored_refusal_like,reasoning_only,19,projected_js,0.08605729800183326,128
aim_on_della__calib_reasoning,candidate,uncensored_refusal_like,reasoning_only,20,mmd_rbf,0.04451576620340347,128
aim_on_della__calib_reasoning,candidate,uncensored_refusal_like,reasoning_only,20,projected_js,0.0876343249110505,128
aim_on_della__calib_reasoning,candidate,uncensored_refusal_like,reasoning_only,21,mmd_rbf,0.04631202295422554,128
aim_on_della__calib_reasoning,candidate,uncensored_refusal_like,reasoning_only,21,projected_js,0.09042935923207551,128
aim_on_della__calib_reasoning,candidate,uncensored_refusal_like,reasoning_only,22,mmd_rbf,0.04524686560034752,128
aim_on_della__calib_reasoning,candidate,uncensored_refusal_like,reasoning_only,22,projected_js,0.09289655991597101,128
aim_on_della__calib_reasoning,candidate,uncensored_refusal_like,reasoning_only,23,mmd_rbf,0.039844971150159836,128
aim_on_della__calib_reasoning,candidate,uncensored_refusal_like,reasoning_only,23,projected_js,0.09345786436460912,128
aim_on_della__calib_reasoning,candidate,uncensored_refusal_like,reasoning_only,24,mmd_rbf,0.0440480075776577,128
aim_on_della__calib_reasoning,candidate,uncensored_refusal_like,reasoning_only,24,projected_js,0.09435494907665998,128
aim_on_della__calib_reasoning,candidate,uncensored_refusal_like,reasoning_only,25,mmd_rbf,0.04214043542742729,128
aim_on_della__calib_reasoning,candidate,uncensored_refusal_like,reasoning_only,25,projected_js,0.08737097738776356,128
aim_on_della__calib_reasoning,candidate,uncensored_refusal_like,reasoning_only,26,mmd_rbf,0.044052474200725555,128
aim_on_della__calib_reasoning,candidate,uncensored_refusal_like,reasoning_only,26,projected_js,0.08773325808579102,128
aim_on_della__calib_reasoning,candidate,uncensored_refusal_like,reasoning_only,27,mmd_rbf,0.045985862612724304,128
aim_on_della__calib_reasoning,candidate,uncensored_refusal_like,reasoning_only,27,projected_js,0.09040079388068989,128
aim_on_della__calib_reasoning,candidate,uncensored_refusal_like,reasoning_only,28,mmd_rbf,0.048168450593948364,128
aim_on_della__calib_reasoning,candidate,uncensored_refusal_like,reasoning_only,28,projected_js,0.09745808632578701,128
aim_on_della__calib_reasoning,candidate,uncensored_refusal_like,reasoning_only,29,mmd_rbf,0.04658448323607445,128
aim_on_della__calib_reasoning,candidate,uncensored_refusal_like,reasoning_only,29,projected_js,0.10423111513955519,128
aim_on_della__calib_reasoning,candidate,uncensored_refusal_like,reasoning_only,30,mmd_rbf,0.04966240003705025,128
aim_on_della__calib_reasoning,candidate,uncensored_refusal_like,reasoning_only,30,projected_js,0.1068844303372316,128
aim_on_della__calib_reasoning,candidate,uncensored_refusal_like,reasoning_only,31,mmd_rbf,0.049231767654418945,128
aim_on_della__calib_reasoning,candidate,uncensored_refusal_like,reasoning_only,31,projected_js,0.10087131639011204,128
aim_on_della__calib_reasoning,candidate,uncensored_refusal_like,reasoning_only,32,mmd_rbf,0.049170177429914474,128
aim_on_della__calib_reasoning,candidate,uncensored_refusal_like,reasoning_only,32,projected_js,0.09953135583782569,128
aim_on_della__calib_reasoning,candidate,uncensored_refusal_like,reasoning_only,33,mmd_rbf,0.046871136873960495,128
aim_on_della__calib_reasoning,candidate,uncensored_refusal_like,reasoning_only,33,projected_js,0.09514606348238885,128
aim_on_della__calib_reasoning,candidate,uncensored_refusal_like,reasoning_only,34,mmd_rbf,0.04981840029358864,128
aim_on_della__calib_reasoning,candidate,uncensored_refusal_like,reasoning_only,34,projected_js,0.09458718873793259,128
aim_on_della__calib_reasoning,candidate,uncensored_refusal_like,reasoning_only,35,mmd_rbf,0.05899622663855553,128
aim_on_della__calib_reasoning,candidate,uncensored_refusal_like,reasoning_only,35,projected_js,0.10678202420240268,128
aim_on_della__calib_reasoning,candidate,uncensored_refusal_like,uncensored_only,0,mmd_rbf,0.013105916790664196,128
aim_on_della__calib_reasoning,candidate,uncensored_refusal_like,uncensored_only,0,projected_js,0.06266825745115057,128
aim_on_della__calib_reasoning,candidate,uncensored_refusal_like,uncensored_only,1,mmd_rbf,0.22483022511005402,128
aim_on_della__calib_reasoning,candidate,uncensored_refusal_like,uncensored_only,1,projected_js,0.24908786080777645,128
aim_on_della__calib_reasoning,candidate,uncensored_refusal_like,uncensored_only,2,mmd_rbf,0.2002318948507309,128
aim_on_della__calib_reasoning,candidate,uncensored_refusal_like,uncensored_only,2,projected_js,0.20918670896207914,128
aim_on_della__calib_reasoning,candidate,uncensored_refusal_like,uncensored_only,3,mmd_rbf,0.16124974191188812,128
aim_on_della__calib_reasoning,candidate,uncensored_refusal_like,uncensored_only,3,projected_js,0.16864111699396744,128
aim_on_della__calib_reasoning,candidate,uncensored_refusal_like,uncensored_only,4,mmd_rbf,0.12952767312526703,128
aim_on_della__calib_reasoning,candidate,uncensored_refusal_like,uncensored_only,4,projected_js,0.16582031841971911,128
aim_on_della__calib_reasoning,candidate,uncensored_refusal_like,uncensored_only,5,mmd_rbf,0.09826632589101791,128
aim_on_della__calib_reasoning,candidate,uncensored_refusal_like,uncensored_only,5,projected_js,0.15332851721905172,128
aim_on_della__calib_reasoning,candidate,uncensored_refusal_like,uncensored_only,6,mmd_rbf,0.06228167563676834,128
aim_on_della__calib_reasoning,candidate,uncensored_refusal_like,uncensored_only,6,projected_js,0.1152068228693679,128
aim_on_della__calib_reasoning,candidate,uncensored_refusal_like,uncensored_only,7,mmd_rbf,0.04700383543968201,128
aim_on_della__calib_reasoning,candidate,uncensored_refusal_like,uncensored_only,7,projected_js,0.09893751930212602,128
aim_on_della__calib_reasoning,candidate,uncensored_refusal_like,uncensored_only,8,mmd_rbf,0.033826928585767746,128
aim_on_della__calib_reasoning,candidate,uncensored_refusal_like,uncensored_only,8,projected_js,0.08345585752977058,128
aim_on_della__calib_reasoning,candidate,uncensored_refusal_like,uncensored_only,9,mmd_rbf,0.029491692781448364,128
aim_on_della__calib_reasoning,candidate,uncensored_refusal_like,uncensored_only,9,projected_js,0.07775454962393269,128
aim_on_della__calib_reasoning,candidate,uncensored_refusal_like,uncensored_only,10,mmd_rbf,0.024918407201766968,128
aim_on_della__calib_reasoning,candidate,uncensored_refusal_like,uncensored_only,10,projected_js,0.07871974451700225,128
aim_on_della__calib_reasoning,candidate,uncensored_refusal_like,uncensored_only,11,mmd_rbf,0.021007699891924858,128
aim_on_della__calib_reasoning,candidate,uncensored_refusal_like,uncensored_only,11,projected_js,0.06757504164124839,128
aim_on_della__calib_reasoning,candidate,uncensored_refusal_like,uncensored_only,12,mmd_rbf,0.021625135093927383,128
aim_on_della__calib_reasoning,candidate,uncensored_refusal_like,uncensored_only,12,projected_js,0.07453547726618126,128
aim_on_della__calib_reasoning,candidate,uncensored_refusal_like,uncensored_only,13,mmd_rbf,0.02268490009009838,128
aim_on_della__calib_reasoning,candidate,uncensored_refusal_like,uncensored_only,13,projected_js,0.07183398579945788,128
aim_on_della__calib_reasoning,candidate,uncensored_refusal_like,uncensored_only,14,mmd_rbf,0.022937653586268425,128
aim_on_della__calib_reasoning,candidate,uncensored_refusal_like,uncensored_only,14,projected_js,0.07773490843828768,128
aim_on_della__calib_reasoning,candidate,uncensored_refusal_like,uncensored_only,15,mmd_rbf,0.027620837092399597,128
aim_on_della__calib_reasoning,candidate,uncensored_refusal_like,uncensored_only,15,projected_js,0.08579737535910681,128
aim_on_della__calib_reasoning,candidate,uncensored_refusal_like,uncensored_only,16,mmd_rbf,0.029253585264086723,128
aim_on_della__calib_reasoning,candidate,uncensored_refusal_like,uncensored_only,16,projected_js,0.07778146665077657,128
aim_on_della__calib_reasoning,candidate,uncensored_refusal_like,uncensored_only,17,mmd_rbf,0.030151331797242165,128
aim_on_della__calib_reasoning,candidate,uncensored_refusal_like,uncensored_only,17,projected_js,0.07824334094766527,128
aim_on_della__calib_reasoning,candidate,uncensored_refusal_like,uncensored_only,18,mmd_rbf,0.031521208584308624,128
aim_on_della__calib_reasoning,candidate,uncensored_refusal_like,uncensored_only,18,projected_js,0.08429883373901248,128
aim_on_della__calib_reasoning,candidate,uncensored_refusal_like,uncensored_only,19,mmd_rbf,0.030387967824935913,128
aim_on_della__calib_reasoning,candidate,uncensored_refusal_like,uncensored_only,19,projected_js,0.08134437463013455,128
aim_on_della__calib_reasoning,candidate,uncensored_refusal_like,uncensored_only,20,mmd_rbf,0.032047122716903687,128
aim_on_della__calib_reasoning,candidate,uncensored_refusal_like,uncensored_only,20,projected_js,0.08036457729758695,128
aim_on_della__calib_reasoning,candidate,uncensored_refusal_like,uncensored_only,21,mmd_rbf,0.03603817895054817,128
aim_on_della__calib_reasoning,candidate,uncensored_refusal_like,uncensored_only,21,projected_js,0.08199109940323979,128
aim_on_della__calib_reasoning,candidate,uncensored_refusal_like,uncensored_only,22,mmd_rbf,0.03848584368824959,128
aim_on_della__calib_reasoning,candidate,uncensored_refusal_like,uncensored_only,22,projected_js,0.09027354879071936,128
aim_on_della__calib_reasoning,candidate,uncensored_refusal_like,uncensored_only,23,mmd_rbf,0.038993027061223984,128
aim_on_della__calib_reasoning,candidate,uncensored_refusal_like,uncensored_only,23,projected_js,0.08702095755143091,128
aim_on_della__calib_reasoning,candidate,uncensored_refusal_like,uncensored_only,24,mmd_rbf,0.04380219429731369,128
aim_on_della__calib_reasoning,candidate,uncensored_refusal_like,uncensored_only,24,projected_js,0.08985483355354518,128
aim_on_della__calib_reasoning,candidate,uncensored_refusal_like,uncensored_only,25,mmd_rbf,0.04734994098544121,128
aim_on_della__calib_reasoning,candidate,uncensored_refusal_like,uncensored_only,25,projected_js,0.09483521670335904,128
aim_on_della__calib_reasoning,candidate,uncensored_refusal_like,uncensored_only,26,mmd_rbf,0.04865537956357002,128
aim_on_della__calib_reasoning,candidate,uncensored_refusal_like,uncensored_only,26,projected_js,0.09049173392122611,128
aim_on_della__calib_reasoning,candidate,uncensored_refusal_like,uncensored_only,27,mmd_rbf,0.0498969741165638,128
aim_on_della__calib_reasoning,candidate,uncensored_refusal_like,uncensored_only,27,projected_js,0.09406550182029605,128
aim_on_della__calib_reasoning,candidate,uncensored_refusal_like,uncensored_only,28,mmd_rbf,0.04809597507119179,128
aim_on_della__calib_reasoning,candidate,uncensored_refusal_like,uncensored_only,28,projected_js,0.10251275546033867,128
aim_on_della__calib_reasoning,candidate,uncensored_refusal_like,uncensored_only,29,mmd_rbf,0.046031657606363297,128
aim_on_della__calib_reasoning,candidate,uncensored_refusal_like,uncensored_only,29,projected_js,0.10012436338001862,128
aim_on_della__calib_reasoning,candidate,uncensored_refusal_like,uncensored_only,30,mmd_rbf,0.04860059171915054,128
aim_on_della__calib_reasoning,candidate,uncensored_refusal_like,uncensored_only,30,projected_js,0.10122906410833821,128
aim_on_della__calib_reasoning,candidate,uncensored_refusal_like,uncensored_only,31,mmd_rbf,0.04728737100958824,128
aim_on_della__calib_reasoning,candidate,uncensored_refusal_like,uncensored_only,31,projected_js,0.09466635627904907,128
aim_on_della__calib_reasoning,candidate,uncensored_refusal_like,uncensored_only,32,mmd_rbf,0.047237467020750046,128
aim_on_della__calib_reasoning,candidate,uncensored_refusal_like,uncensored_only,32,projected_js,0.09289629047270864,128
aim_on_della__calib_reasoning,candidate,uncensored_refusal_like,uncensored_only,33,mmd_rbf,0.04683148115873337,128
aim_on_della__calib_reasoning,candidate,uncensored_refusal_like,uncensored_only,33,projected_js,0.09217952191829681,128
aim_on_della__calib_reasoning,candidate,uncensored_refusal_like,uncensored_only,34,mmd_rbf,0.051069475710392,128
aim_on_della__calib_reasoning,candidate,uncensored_refusal_like,uncensored_only,34,projected_js,0.09899408172350377,128
aim_on_della__calib_reasoning,candidate,uncensored_refusal_like,uncensored_only,35,mmd_rbf,0.0978127270936966,128
aim_on_della__calib_reasoning,candidate,uncensored_refusal_like,uncensored_only,35,projected_js,0.12970363243948668,128
