model_id,model_kind,calib_subset,target_id,layer,metric,value,n_prompts
aim_on_task_arithmetic__calib_general,candidate,general,base,0,mmd_rbf,0.004633832257241011,128
aim_on_task_arithmetic__calib_general,candidate,general,base,0,projected_js,0.03817430810886435,128
aim_on_task_arithmetic__calib_general,candidate,general,base,1,mmd_rbf,0.00900917686522007,128
aim_on_task_arithmetic__calib_general,candidate,general,base,1,projected_js,0.04605439305305481,128
aim_on_task_arithmetic__calib_general,candidate,general,base,2,mmd_rbf,0.008086422458291054,128
aim_on_task_arithmetic__calib_general,candidate,general,base,2,projected_js,0.04859956810832955,128
aim_on_task_arithmetic__calib_general,candidate,general,base,3,mmd_rbf,0.010528923943638802,128
aim_on_task_arithmetic__calib_general,candidate,general,base,3,projected_js,0.0556718488514889,128
aim_on_task_arithmetic__calib_general,candidate,general,base,4,mmd_rbf,0.009700129739940166,128
aim_on_task_arithmetic__calib_general,candidate,general,base,4,projected_js,0.05336016745422967,128
aim_on_task_arithmetic__calib_general,candidate,general,base,5,mmd_rbf,0.009024363942444324,128
aim_on_task_arithmetic__calib_general,candidate,general,base,5,projected_js,0.05537180777173489,128
aim_on_task_arithmetic__calib_general,candidate,general,base,6,mmd_rbf,0.006849294062703848,128
aim_on_task_arithmetic__calib_general,candidate,general,base,6,projected_js,0.052975540718762204,128
aim_on_task_arithmetic__calib_general,candidate,general,base,7,mmd_rbf,0.006151692010462284,128
aim_on_task_arithmetic__calib_general,candidate,general,base,7,projected_js,0.054203665524255484,128
aim_on_task_arithmetic__calib_general,candidate,general,base,8,mmd_rbf,0.004958509001880884,128
aim_on_task_arithmetic__calib_general,candidate,general,base,8,projected_js,0.053415735077578574,128
aim_on_task_arithmetic__calib_general,candidate,general,base,9,mmd_rbf,0.004884794354438782,128
aim_on_task_arithmetic__calib_general,candidate,general,base,9,projected_js,0.05415386019740254,128
aim_on_task_arithmetic__calib_general,candidate,general,base,10,mmd_rbf,0.004939094185829163,128
aim_on_task_arithmetic__calib_general,candidate,general,base,10,projected_js,0.05500473786378279,128
aim_on_task_arithmetic__calib_general,candidate,general,base,11,mmd_rbf,0.004905786365270615,128
aim_on_task_arithmetic__calib_general,candidate,general,base,11,projected_js,0.05558027743245475,128
aim_on_task_arithmetic__calib_general,candidate,general,base,12,mmd_rbf,0.004982521291822195,128
aim_on_task_arithmetic__calib_general,candidate,general,base,12,projected_js,0.05736704630544409,128
aim_on_task_arithmetic__calib_general,candidate,general,base,13,mmd_rbf,0.005283573642373085,128
aim_on_task_arithmetic__calib_general,candidate,general,base,13,projected_js,0.05685433387407102,128
aim_on_task_arithmetic__calib_general,candidate,general,base,14,mmd_rbf,0.005484323482960463,128
aim_on_task_arithmetic__calib_general,candidate,general,base,14,projected_js,0.054847033257829025,128
aim_on_task_arithmetic__calib_general,candidate,general,base,15,mmd_rbf,0.006083918269723654,128
aim_on_task_arithmetic__calib_general,candidate,general,base,15,projected_js,0.05518106263480149,128
aim_on_task_arithmetic__calib_general,candidate,general,base,16,mmd_rbf,0.007117860019207001,128
aim_on_task_arithmetic__calib_general,candidate,general,base,16,projected_js,0.058001512195914984,128
aim_on_task_arithmetic__calib_general,candidate,general,base,17,mmd_rbf,0.0069159939885139465,128
aim_on_task_arithmetic__calib_general,candidate,general,base,17,projected_js,0.05831111641600728,128
aim_on_task_arithmetic__calib_general,candidate,general,base,18,mmd_rbf,0.007545486092567444,128
aim_on_task_arithmetic__calib_general,candidate,general,base,18,projected_js,0.06174832599936053,128
aim_on_task_arithmetic__calib_general,candidate,general,base,19,mmd_rbf,0.007763893809169531,128
aim_on_task_arithmetic__calib_general,candidate,general,base,19,projected_js,0.06146848062053323,128
aim_on_task_arithmetic__calib_general,candidate,general,base,20,mmd_rbf,0.00751814991235733,128
aim_on_task_arithmetic__calib_general,candidate,general,base,20,projected_js,0.058556098461849615,128
aim_on_task_arithmetic__calib_general,candidate,general,base,21,mmd_rbf,0.007767489645630121,128
aim_on_task_arithmetic__calib_general,candidate,general,base,21,projected_js,0.059276140586007386,128
aim_on_task_arithmetic__calib_general,candidate,general,base,22,mmd_rbf,0.0071390122175216675,128
aim_on_task_arithmetic__calib_general,candidate,general,base,22,projected_js,0.06214934404124506,128
aim_on_task_arithmetic__calib_general,candidate,general,base,23,mmd_rbf,0.006584188435226679,128
aim_on_task_arithmetic__calib_general,candidate,general,base,23,projected_js,0.058409328426932916,128
aim_on_task_arithmetic__calib_general,candidate,general,base,24,mmd_rbf,0.005868520122021437,128
aim_on_task_arithmetic__calib_general,candidate,general,base,24,projected_js,0.06071053139748983,128
aim_on_task_arithmetic__calib_general,candidate,general,base,25,mmd_rbf,0.005412776954472065,128
aim_on_task_arithmetic__calib_general,candidate,general,base,25,projected_js,0.057303883106214926,128
aim_on_task_arithmetic__calib_general,candidate,general,base,26,mmd_rbf,0.005302774254232645,128
aim_on_task_arithmetic__calib_general,candidate,general,base,26,projected_js,0.05227946676313877,128
aim_on_task_arithmetic__calib_general,candidate,general,base,27,mmd_rbf,0.005227097775787115,128
aim_on_task_arithmetic__calib_general,candidate,general,base,27,projected_js,0.05726490306551568,128
aim_on_task_arithmetic__calib_general,candidate,general,base,28,mmd_rbf,0.0049348026514053345,128
aim_on_task_arithmetic__calib_general,candidate,general,base,28,projected_js,0.05665426695486531,128
aim_on_task_arithmetic__calib_general,candidate,general,base,29,mmd_rbf,0.004741125740110874,128
aim_on_task_arithmetic__calib_general,candidate,general,base,29,projected_js,0.0584847551654093,128
aim_on_task_arithmetic__calib_general,candidate,general,base,30,mmd_rbf,0.004548319615423679,128
aim_on_task_arithmetic__calib_general,candidate,general,base,30,projected_js,0.056908441765699536,128
aim_on_task_arithmetic__calib_general,candidate,general,base,31,mmd_rbf,0.004357832483947277,128
aim_on_task_arithmetic__calib_general,candidate,general,base,31,projected_js,0.05498500756220892,128
aim_on_task_arithmetic__calib_general,candidate,general,base,32,mmd_rbf,0.004724621772766113,128
aim_on_task_arithmetic__calib_general,candidate,general,base,32,projected_js,0.05543147888965905,128
aim_on_task_arithmetic__calib_general,candidate,general,base,33,mmd_rbf,0.005087921395897865,128
aim_on_task_arithmetic__calib_general,candidate,general,base,33,projected_js,0.055929581343661994,128
aim_on_task_arithmetic__calib_general,candidate,general,base,34,mmd_rbf,0.00989522971212864,128
aim_on_task_arithmetic__calib_general,candidate,general,base,34,projected_js,0.0607777310651727,128
aim_on_task_arithmetic__calib_general,candidate,general,base,35,mmd_rbf,0.06143033504486084,128
aim_on_task_arithmetic__calib_general,candidate,general,base,35,projected_js,0.10437720722984523,128
aim_on_task_arithmetic__calib_general,candidate,general,instr_only,0,mmd_rbf,0.002465146826580167,128
aim_on_task_arithmetic__calib_general,candidate,general,instr_only,0,projected_js,0.03081169720098842,128
aim_on_task_arithmetic__calib_general,candidate,general,instr_only,1,mmd_rbf,0.004492753650993109,128
aim_on_task_arithmetic__calib_general,candidate,general,instr_only,1,projected_js,0.0383474985283101,128
aim_on_task_arithmetic__calib_general,candidate,general,instr_only,2,mmd_rbf,0.005101509392261505,128
aim_on_task_arithmetic__calib_general,candidate,general,instr_only,2,projected_js,0.04171882089576684,128
aim_on_task_arithmetic__calib_general,candidate,general,instr_only,3,mmd_rbf,0.0066648684442043304,128
aim_on_task_arithmetic__calib_general,candidate,general,instr_only,3,projected_js,0.04669411340728402,128
aim_on_task_arithmetic__calib_general,candidate,general,instr_only,4,mmd_rbf,0.0070075602270662785,128
aim_on_task_arithmetic__calib_general,candidate,general,instr_only,4,projected_js,0.04541972980950959,128
aim_on_task_arithmetic__calib_general,candidate,general,instr_only,5,mmd_rbf,0.0066631692461669445,128
aim_on_task_arithmetic__calib_general,candidate,general,instr_only,5,projected_js,0.04833551129559055,128
aim_on_task_arithmetic__calib_general,candidate,general,instr_only,6,mmd_rbf,0.004617081023752689,128
aim_on_task_arithmetic__calib_general,candidate,general,instr_only,6,projected_js,0.046458765922579914,128
aim_on_task_arithmetic__calib_general,candidate,general,instr_only,7,mmd_rbf,0.0036978479474782944,128
aim_on_task_arithmetic__calib_general,candidate,general,instr_only,7,projected_js,0.043290904519381,128
aim_on_task_arithmetic__calib_general,candidate,general,instr_only,8,mmd_rbf,0.002865320071578026,128
aim_on_task_arithmetic__calib_general,candidate,general,instr_only,8,projected_js,0.04579890999593772,128
aim_on_task_arithmetic__calib_general,candidate,general,instr_only,9,mmd_rbf,0.002819739980623126,128
aim_on_task_arithmetic__calib_general,candidate,general,instr_only,9,projected_js,0.04872643848648295,128
aim_on_task_arithmetic__calib_general,candidate,general,instr_only,10,mmd_rbf,0.002922095824033022,128
aim_on_task_arithmetic__calib_general,candidate,general,instr_only,10,projected_js,0.048320471454644576,128
aim_on_task_arithmetic__calib_general,candidate,general,instr_only,11,mmd_rbf,0.0029964304994791746,128
aim_on_task_arithmetic__calib_general,candidate,general,instr_only,11,projected_js,0.04968767610262148,128
aim_on_task_arithmetic__calib_general,candidate,general,instr_only,12,mmd_rbf,0.003203096566721797,128
aim_on_task_arithmetic__calib_general,candidate,general,instr_only,12,projected_js,0.050758277327986434,128
aim_on_task_arithmetic__calib_general,candidate,general,instr_only,13,mmd_rbf,0.0036878467071801424,128
aim_on_task_arithmetic__calib_general,candidate,general,instr_only,13,projected_js,0.054646609409246594,128
aim_on_task_arithmetic__calib_general,candidate,general,instr_only,14,mmd_rbf,0.0038627111352980137,128
aim_on_task_arithmetic__calib_general,candidate,general,instr_only,14,projected_js,0.05288167783874087,128
aim_on_task_arithmetic__calib_general,candidate,general,instr_only,15,mmd_rbf,0.004182024393230677,128
aim_on_task_arithmetic__calib_general,candidate,general,instr_only,15,projected_js,0.054560242366278544,128
aim_on_task_arithmetic__calib_general,candidate,general,instr_only,16,mmd_rbf,0.0046277642250061035,128
aim_on_task_arithmetic__calib_general,candidate,general,instr_only,16,projected_js,0.05797336998512037,128
aim_on_task_arithmetic__calib_general,candidate,general,instr_only,17,mmd_rbf,0.004957427736371756,128
aim_on_task_arithmetic__calib_general,candidate,general,instr_only,17,projected_js,0.057418630516622216,128
aim_on_task_arithmetic__calib_general,candidate,general,instr_only,18,mmd_rbf,0.0052002109587192535,128
aim_on_task_arithmetic__calib_general,candidate,general,instr_only,18,projected_js,0.057092294737230986,128
aim_on_task_arithmetic__calib_general,candidate,general,instr_only,19,mmd_rbf,0.005464038345962763,128
aim_on_task_arithmetic__calib_general,candidate,general,instr_only,19,projected_js,0.059330546762794256,128
aim_on_task_arithmetic__calib_general,candidate,general,instr_only,20,mmd_rbf,0.00552689703181386,128
aim_on_task_arithmetic__calib_general,candidate,general,instr_only,20,projected_js,0.05820662761107087,128
aim_on_task_arithmetic__calib_general,candidate,general,instr_only,21,mmd_rbf,0.005675762426108122,128
aim_on_task_arithmetic__calib_general,candidate,general,instr_only,21,projected_js,0.05723508991650306,128
aim_on_task_arithmetic__calib_general,candidate,general,instr_only,22,mmd_rbf,0.005978361703455448,128
aim_on_task_arithmetic__calib_general,candidate,general,instr_only,22,projected_js,0.060518824378959835,128
aim_on_task_arithmetic__calib_general,candidate,general,instr_only,23,mmd_rbf,0.005928087513893843,128
aim_on_task_arithmetic__calib_general,candidate,general,instr_only,23,projected_js,0.05723673710599542,128
aim_on_task_arithmetic__calib_general,candidate,general,instr_only,24,mmd_rbf,0.006143085192888975,128
aim_on_task_arithmetic__calib_general,candidate,general,instr_only,24,projected_js,0.057260029774624854,128
aim_on_task_arithmetic__calib_general,candidate,general,instr_only,25,mmd_rbf,0.006202158983796835,128
aim_on_task_arithmetic__calib_general,candidate,general,instr_only,25,projected_js,0.059885338705498725,128
aim_on_task_arithmetic__calib_general,candidate,general,instr_only,26,mmd_rbf,0.0063517228700220585,128
aim_on_task_arithmetic__calib_general,candidate,general,instr_only,26,projected_js,0.056754202174488455,128
aim_on_task_arithmetic__calib_general,candidate,general,instr_only,27,mmd_rbf,0.006365377455949783,128
aim_on_task_arithmetic__calib_general,candidate,general,instr_only,27,projected_js,0.060964007047005,128
aim_on_task_arithmetic__calib_general,candidate,general,instr_only,28,mmd_rbf,0.006147218402475119,128
aim_on_task_arithmetic__calib_general,candidate,general,instr_only,28,projected_js,0.05693379166768864,128
aim_on_task_arithmetic__calib_general,candidate,general,instr_only,29,mmd_rbf,0.0058320811949670315,128
aim_on_task_arithmetic__calib_general,candidate,general,instr_only,29,projected_js,0.05300191353308037,128
aim_on_task_arithmetic__calib_general,candidate,general,instr_only,30,mmd_rbf,0.005534268915653229,128
aim_on_task_arithmetic__calib_general,candidate,general,instr_only,30,projected_js,0.058754825964570045,128
aim_on_task_arithmetic__calib_general,candidate,general,instr_only,31,mmd_rbf,0.005477364640682936,128
aim_on_task_arithmetic__calib_general,candidate,general,instr_only,31,projected_js,0.0571902148949448,128
aim_on_task_arithmetic__calib_general,candidate,general,instr_only,32,mmd_rbf,0.005596390925347805,128
aim_on_task_arithmetic__calib_general,candidate,general,instr_only,32,projected_js,0.05825361196184531,128
aim_on_task_arithmetic__calib_general,candidate,general,instr_only,33,mmd_rbf,0.005561782047152519,128
aim_on_task_arithmetic__calib_general,candidate,general,instr_only,33,projected_js,0.05768323695519939,128
aim_on_task_arithmetic__calib_general,candidate,general,instr_only,34,mmd_rbf,0.00695944344624877,128
aim_on_task_arithmetic__calib_general,candidate,general,instr_only,34,projected_js,0.0573723001871258,128
aim_on_task_arithmetic__calib_general,candidate,general,instr_only,35,mmd_rbf,0.03835061192512512,128
aim_on_task_arithmetic__calib_general,candidate,general,instr_only,35,projected_js,0.08198044286109507,128
aim_on_task_arithmetic__calib_general,candidate,general,reasoning_only,0,mmd_rbf,0.015886759385466576,128
aim_on_task_arithmetic__calib_general,candidate,general,reasoning_only,0,projected_js,0.06297399991308339,128
aim_on_task_arithmetic__calib_general,candidate,general,reasoning_only,1,mmd_rbf,0.017603987827897072,128
aim_on_task_arithmetic__calib_general,candidate,general,reasoning_only,1,projected_js,0.06611447993782349,128
aim_on_task_arithmetic__calib_general,candidate,general,reasoning_only,2,mmd_rbf,0.024072134867310524,128
aim_on_task_arithmetic__calib_general,candidate,general,reasoning_only,2,projected_js,0.07043531152885407,128
aim_on_task_arithmetic__calib_general,candidate,general,reasoning_only,3,mmd_rbf,0.025827571749687195,128
aim_on_task_arithmetic__calib_general,candidate,general,reasoning_only,3,projected_js,0.0810303509933874,128
aim_on_task_arithmetic__calib_general,candidate,general,reasoning_only,4,mmd_rbf,0.02515069581568241,128
aim_on_task_arithmetic__calib_general,candidate,general,reasoning_only,4,projected_js,0.07863733725389466,128
aim_on_task_arithmetic__calib_general,candidate,general,reasoning_only,5,mmd_rbf,0.024958467110991478,128
aim_on_task_arithmetic__calib_general,candidate,general,reasoning_only,5,projected_js,0.07749689422780648,128
aim_on_task_arithmetic__calib_general,candidate,general,reasoning_only,6,mmd_rbf,0.017301153391599655,128
aim_on_task_arithmetic__calib_general,candidate,general,reasoning_only,6,projected_js,0.07162205898202956,128
aim_on_task_arithmetic__calib_general,candidate,general,reasoning_only,7,mmd_rbf,0.015924010425806046,128
aim_on_task_arithmetic__calib_general,candidate,general,reasoning_only,7,projected_js,0.0691362758516334,128
aim_on_task_arithmetic__calib_general,candidate,general,reasoning_only,8,mmd_rbf,0.012231160886585712,128
aim_on_task_arithmetic__calib_general,candidate,general,reasoning_only,8,projected_js,0.06889837078051642,128
aim_on_task_arithmetic__calib_general,candidate,general,reasoning_only,9,mmd_rbf,0.011594775132834911,128
aim_on_task_arithmetic__calib_general,candidate,general,reasoning_only,9,projected_js,0.0639442787214648,128
aim_on_task_arithmetic__calib_general,candidate,general,reasoning_only,10,mmd_rbf,0.012262954376637936,128
aim_on_task_arithmetic__calib_general,candidate,general,reasoning_only,10,projected_js,0.06370448399684392,128
aim_on_task_arithmetic__calib_general,candidate,general,reasoning_only,11,mmd_rbf,0.01102411188185215,128
aim_on_task_arithmetic__calib_general,candidate,general,reasoning_only,11,projected_js,0.06118203143705614,128
aim_on_task_arithmetic__calib_general,candidate,general,reasoning_only,12,mmd_rbf,0.011128484271466732,128
aim_on_task_arithmetic__calib_general,candidate,general,reasoning_only,12,projected_js,0.06644884002162144,128
aim_on_task_arithmetic__calib_general,candidate,general,reasoning_only,13,mmd_rbf,0.011473423801362514,128
aim_on_task_arithmetic__calib_general,candidate,general,reasoning_only,13,projected_js,0.06478997226804495,128
aim_on_task_arithmetic__calib_general,candidate,general,reasoning_only,14,mmd_rbf,0.011298946104943752,128
aim_on_task_arithmetic__calib_general,candidate,general,reasoning_only,14,projected_js,0.0635744163300842,128
aim_on_task_arithmetic__calib_general,candidate,general,reasoning_only,15,mmd_rbf,0.01200268417596817,128
aim_on_task_arithmetic__calib_general,candidate,general,reasoning_only,15,projected_js,0.06353889353340492,128
aim_on_task_arithmetic__calib_general,candidate,general,reasoning_only,16,mmd_rbf,0.012262999080121517,128
aim_on_task_arithmetic__calib_general,candidate,general,reasoning_only,16,projected_js,0.06425479764584452,128
aim_on_task_arithmetic__calib_general,candidate,general,reasoning_only,17,mmd_rbf,0.011860652826726437,128
aim_on_task_arithmetic__calib_general,candidate,general,reasoning_only,17,projected_js,0.06488222087500617,128
aim_on_task_arithmetic__calib_general,candidate,general,reasoning_only,18,mmd_rbf,0.013538663275539875,128
aim_on_task_arithmetic__calib_general,candidate,general,reasoning_only,18,projected_js,0.06442239956231788,128
aim_on_task_arithmetic__calib_general,candidate,general,reasoning_only,19,mmd_rbf,0.012484472244977951,128
aim_on_task_arithmetic__calib_general,candidate,general,reasoning_only,19,projected_js,0.06637378974119201,128
aim_on_task_arithmetic__calib_general,candidate,general,reasoning_only,20,mmd_rbf,0.012284265831112862,128
aim_on_task_arithmetic__calib_general,candidate,general,reasoning_only,20,projected_js,0.06280840717954561,128
aim_on_task_arithmetic__calib_general,candidate,general,reasoning_only,21,mmd_rbf,0.012909953482449055,128
aim_on_task_arithmetic__calib_general,candidate,general,reasoning_only,21,projected_js,0.06425605341792107,128
aim_on_task_arithmetic__calib_general,candidate,general,reasoning_only,22,mmd_rbf,0.01089052390307188,128
aim_on_task_arithmetic__calib_general,candidate,general,reasoning_only,22,projected_js,0.06435738495201804,128
aim_on_task_arithmetic__calib_general,candidate,general,reasoning_only,23,mmd_rbf,0.008751598186790943,128
aim_on_task_arithmetic__calib_general,candidate,general,reasoning_only,23,projected_js,0.06336072037811391,128
aim_on_task_arithmetic__calib_general,candidate,general,reasoning_only,24,mmd_rbf,0.00882052443921566,128
aim_on_task_arithmetic__calib_general,candidate,general,reasoning_only,24,projected_js,0.06115356463124044,128
aim_on_task_arithmetic__calib_general,candidate,general,reasoning_only,25,mmd_rbf,0.00804769154638052,128
aim_on_task_arithmetic__calib_general,candidate,general,reasoning_only,25,projected_js,0.05903189512901008,128
aim_on_task_arithmetic__calib_general,candidate,general,reasoning_only,26,mmd_rbf,0.007988008670508862,128
aim_on_task_arithmetic__calib_general,candidate,general,reasoning_only,26,projected_js,0.05989340302767232,128
aim_on_task_arithmetic__calib_general,candidate,general,reasoning_only,27,mmd_rbf,0.007603594567626715,128
aim_on_task_arithmetic__calib_general,candidate,general,reasoning_only,27,projected_js,0.059642343723680824,128
aim_on_task_arithmetic__calib_general,candidate,general,reasoning_only,28,mmd_rbf,0.007762528955936432,128
aim_on_task_arithmetic__calib_general,candidate,general,reasoning_only,28,projected_js,0.05937269763671793,128
aim_on_task_arithmetic__calib_general,candidate,general,reasoning_only,29,mmd_rbf,0.0076394579373300076,128
aim_on_task_arithmetic__calib_general,candidate,general,reasoning_only,29,projected_js,0.06218196504050866,128
aim_on_task_arithmetic__calib_general,candidate,general,reasoning_only,30,mmd_rbf,0.007471546530723572,128
aim_on_task_arithmetic__calib_general,candidate,general,reasoning_only,30,projected_js,0.0586418756574858,128
aim_on_task_arithmetic__calib_general,candidate,general,reasoning_only,31,mmd_rbf,0.00741644436493516,128
aim_on_task_arithmetic__calib_general,candidate,general,reasoning_only,31,projected_js,0.05847275868291035,128
aim_on_task_arithmetic__calib_general,candidate,general,reasoning_only,32,mmd_rbf,0.007325818296521902,128
aim_on_task_arithmetic__calib_general,candidate,general,reasoning_only,32,projected_js,0.05895428860094398,128
aim_on_task_arithmetic__calib_general,candidate,general,reasoning_only,33,mmd_rbf,0.007260054349899292,128
aim_on_task_arithmetic__calib_general,candidate,general,reasoning_only,33,projected_js,0.061272119579371065,128
aim_on_task_arithmetic__calib_general,candidate,general,reasoning_only,34,mmd_rbf,0.007556319236755371,128
aim_on_task_arithmetic__calib_general,candidate,general,reasoning_only,34,projected_js,0.05873478148714639,128
aim_on_task_arithmetic__calib_general,candidate,general,reasoning_only,35,mmd_rbf,0.02885749749839306,128
aim_on_task_arithmetic__calib_general,candidate,general,reasoning_only,35,projected_js,0.07217929919715971,128
aim_on_task_arithmetic__calib_general,candidate,general,uncensored_only,0,mmd_rbf,0.007177406456321478,128
aim_on_task_arithmetic__calib_general,candidate,general,uncensored_only,0,projected_js,0.04001856193644926,128
aim_on_task_arithmetic__calib_general,candidate,general,uncensored_only,1,mmd_rbf,0.16062413156032562,128
aim_on_task_arithmetic__calib_general,candidate,general,uncensored_only,1,projected_js,0.16937080479692668,128
aim_on_task_arithmetic__calib_general,candidate,general,uncensored_only,2,mmd_rbf,0.13211169838905334,128
aim_on_task_arithmetic__calib_general,candidate,general,uncensored_only,2,projected_js,0.1333338365657255,128
aim_on_task_arithmetic__calib_general,candidate,general,uncensored_only,3,mmd_rbf,0.1006317287683487,128
aim_on_task_arithmetic__calib_general,candidate,general,uncensored_only,3,projected_js,0.12299155112123117,128
aim_on_task_arithmetic__calib_general,candidate,general,uncensored_only,4,mmd_rbf,0.07336198538541794,128
aim_on_task_arithmetic__calib_general,candidate,general,uncensored_only,4,projected_js,0.10954048251733184,128
aim_on_task_arithmetic__calib_general,candidate,general,uncensored_only,5,mmd_rbf,0.0510791651904583,128
aim_on_task_arithmetic__calib_general,candidate,general,uncensored_only,5,projected_js,0.1021664435393177,128
aim_on_task_arithmetic__calib_general,candidate,general,uncensored_only,6,mmd_rbf,0.028896426782011986,128
aim_on_task_arithmetic__calib_general,candidate,general,uncensored_only,6,projected_js,0.08011430560145527,128
aim_on_task_arithmetic__calib_general,candidate,general,uncensored_only,7,mmd_rbf,0.022164007648825645,128
aim_on_task_arithmetic__calib_general,candidate,general,uncensored_only,7,projected_js,0.07396455865819007,128
aim_on_task_arithmetic__calib_general,candidate,general,uncensored_only,8,mmd_rbf,0.014683089219033718,128
aim_on_task_arithmetic__calib_general,candidate,general,uncensored_only,8,projected_js,0.06486821890575811,128
aim_on_task_arithmetic__calib_general,candidate,general,uncensored_only,9,mmd_rbf,0.012393941171467304,128
aim_on_task_arithmetic__calib_general,candidate,general,uncensored_only,9,projected_js,0.06287516403244808,128
aim_on_task_arithmetic__calib_general,candidate,general,uncensored_only,10,mmd_rbf,0.01090496126562357,128
aim_on_task_arithmetic__calib_general,candidate,general,uncensored_only,10,projected_js,0.06452454256941564,128
aim_on_task_arithmetic__calib_general,candidate,general,uncensored_only,11,mmd_rbf,0.009507982060313225,128
aim_on_task_arithmetic__calib_general,candidate,general,uncensored_only,11,projected_js,0.06297675165114924,128
aim_on_task_arithmetic__calib_general,candidate,general,uncensored_only,12,mmd_rbf,0.009173850528895855,128
aim_on_task_arithmetic__calib_general,candidate,general,uncensored_only,12,projected_js,0.0603478149860166,128
aim_on_task_arithmetic__calib_general,candidate,general,uncensored_only,13,mmd_rbf,0.009829321876168251,128
aim_on_task_arithmetic__calib_general,candidate,general,uncensored_only,13,projected_js,0.060990281956037506,128
aim_on_task_arithmetic__calib_general,candidate,general,uncensored_only,14,mmd_rbf,0.009732278995215893,128
aim_on_task_arithmetic__calib_general,candidate,general,uncensored_only,14,projected_js,0.06409652536967769,128
aim_on_task_arithmetic__calib_general,candidate,general,uncensored_only,15,mmd_rbf,0.012148532085120678,128
aim_on_task_arithmetic__calib_general,candidate,general,uncensored_only,15,projected_js,0.06466420477954671,128
aim_on_task_arithmetic__calib_general,candidate,general,uncensored_only,16,mmd_rbf,0.013291028328239918,128
aim_on_task_arithmetic__calib_general,candidate,general,uncensored_only,16,projected_js,0.06465203210245818,128
aim_on_task_arithmetic__calib_general,candidate,general,uncensored_only,17,mmd_rbf,0.012401803396642208,128
aim_on_task_arithmetic__calib_general,candidate,general,uncensored_only,17,projected_js,0.06727812386816368,128
aim_on_task_arithmetic__calib_general,candidate,general,uncensored_only,18,mmd_rbf,0.012583981268107891,128
aim_on_task_arithmetic__calib_general,candidate,general,uncensored_only,18,projected_js,0.06777245466946624,128
aim_on_task_arithmetic__calib_general,candidate,general,uncensored_only,19,mmd_rbf,0.011588023975491524,128
aim_on_task_arithmetic__calib_general,candidate,general,uncensored_only,19,projected_js,0.06727418577065691,128
aim_on_task_arithmetic__calib_general,candidate,general,uncensored_only,20,mmd_rbf,0.011477939784526825,128
aim_on_task_arithmetic__calib_general,candidate,general,uncensored_only,20,projected_js,0.06519357999786735,128
aim_on_task_arithmetic__calib_general,candidate,general,uncensored_only,21,mmd_rbf,0.012325413525104523,128
aim_on_task_arithmetic__calib_general,candidate,general,uncensored_only,21,projected_js,0.06836450536502525,128
aim_on_task_arithmetic__calib_general,candidate,general,uncensored_only,22,mmd_rbf,0.012814936228096485,128
aim_on_task_arithmetic__calib_general,candidate,general,uncensored_only,22,projected_js,0.0638944671372883,128
aim_on_task_arithmetic__calib_general,candidate,general,uncensored_only,23,mmd_rbf,0.012262788601219654,128
aim_on_task_arithmetic__calib_general,candidate,general,uncensored_only,23,projected_js,0.06586455961223692,128
aim_on_task_arithmetic__calib_general,candidate,general,uncensored_only,24,mmd_rbf,0.012704746797680855,128
aim_on_task_arithmetic__calib_general,candidate,general,uncensored_only,24,projected_js,0.06537885405123234,128
aim_on_task_arithmetic__calib_general,candidate,general,uncensored_only,25,mmd_rbf,0.012978771701455116,128
aim_on_task_arithmetic__calib_general,candidate,general,uncensored_only,25,projected_js,0.06676744075957686,128
aim_on_task_arithmetic__calib_general,candidate,general,uncensored_only,26,mmd_rbf,0.013352281413972378,128
aim_on_task_arithmetic__calib_general,candidate,general,uncensored_only,26,projected_js,0.06554095691535622,128
aim_on_task_arithmetic__calib_general,candidate,general,uncensored_only,27,mmd_rbf,0.013407411985099316,128
aim_on_task_arithmetic__calib_general,candidate,general,uncensored_only,27,projected_js,0.0672646167804487,128
aim_on_task_arithmetic__calib_general,candidate,general,uncensored_only,28,mmd_rbf,0.01246615406125784,128
aim_on_task_arithmetic__calib_general,candidate,general,uncensored_only,28,projected_js,0.06750962254591286,128
aim_on_task_arithmetic__calib_general,candidate,general,uncensored_only,29,mmd_rbf,0.012080705724656582,128
aim_on_task_arithmetic__calib_general,candidate,general,uncensored_only,29,projected_js,0.06405493582133204,128
aim_on_task_arithmetic__calib_general,candidate,general,uncensored_only,30,mmd_rbf,0.012089229188859463,128
aim_on_task_arithmetic__calib_general,candidate,general,uncensored_only,30,projected_js,0.06241756270173937,128
aim_on_task_arithmetic__calib_general,candidate,general,uncensored_only,31,mmd_rbf,0.011505546979606152,128
aim_on_task_arithmetic__calib_general,candidate,general,uncensored_only,31,projected_js,0.06239863683003932,128
aim_on_task_arithmetic__calib_general,candidate,general,uncensored_only,32,mmd_rbf,0.011314963921904564,128
aim_on_task_arithmetic__calib_general,candidate,general,uncensored_only,32,projected_js,0.06033877085428685,128
aim_on_task_arithmetic__calib_general,candidate,general,uncensored_only,33,mmd_rbf,0.01139852311462164,128
aim_on_task_arithmetic__calib_general,candidate,general,uncensored_only,33,projected_js,0.06240148254437372,128
aim_on_task_arithmetic__calib_general,candidate,general,uncensored_only,34,mmd_rbf,0.012571108527481556,128
aim_on_task_arithmetic__calib_general,candidate,general,uncensored_only,34,projected_js,0.06022057487280108,128
aim_on_task_arithmetic__calib_general,candidate,general,uncensored_only,35,mmd_rbf,0.05226699635386467,128
aim_on_task_arithmetic__calib_general,candidate,general,uncensored_only,35,projected_js,0.09242644772166386,128
aim_on_task_arithmetic__calib_general,candidate,instruction,base,0,mmd_rbf,0.0028800785075873137,128
aim_on_task_arithmetic__calib_general,candidate,instruction,base,0,projected_js,0.039142480192822404,128
aim_on_task_arithmetic__calib_general,candidate,instruction,base,1,mmd_rbf,0.005824890919029713,128
aim_on_task_arithmetic__calib_general,candidate,instruction,base,1,projected_js,0.04662144766189158,128
aim_on_task_arithmetic__calib_general,candidate,instruction,base,2,mmd_rbf,0.006818343885242939,128
aim_on_task_arithmetic__calib_general,candidate,instruction,base,2,projected_js,0.05331650993321091,128
aim_on_task_arithmetic__calib_general,candidate,instruction,base,3,mmd_rbf,0.009294558316469193,128
aim_on_task_arithmetic__calib_general,candidate,instruction,base,3,projected_js,0.05997307976940647,128
aim_on_task_arithmetic__calib_general,candidate,instruction,base,4,mmd_rbf,0.008873163722455502,128
aim_on_task_arithmetic__calib_general,candidate,instruction,base,4,projected_js,0.06056653163977899,128
aim_on_task_arithmetic__calib_general,candidate,instruction,base,5,mmd_rbf,0.009341816417872906,128
aim_on_task_arithmetic__calib_general,candidate,instruction,base,5,projected_js,0.05489836208289489,128
aim_on_task_arithmetic__calib_general,candidate,instruction,base,6,mmd_rbf,0.008097486570477486,128
aim_on_task_arithmetic__calib_general,candidate,instruction,base,6,projected_js,0.05763136432506144,128
aim_on_task_arithmetic__calib_general,candidate,instruction,base,7,mmd_rbf,0.0077070677652955055,128
aim_on_task_arithmetic__calib_general,candidate,instruction,base,7,projected_js,0.05956870116642676,128
aim_on_task_arithmetic__calib_general,candidate,instruction,base,8,mmd_rbf,0.007034067064523697,128
aim_on_task_arithmetic__calib_general,candidate,instruction,base,8,projected_js,0.05954541580285877,128
aim_on_task_arithmetic__calib_general,candidate,instruction,base,9,mmd_rbf,0.007739921100437641,128
aim_on_task_arithmetic__calib_general,candidate,instruction,base,9,projected_js,0.0620662126748357,128
aim_on_task_arithmetic__calib_general,candidate,instruction,base,10,mmd_rbf,0.008527732454240322,128
aim_on_task_arithmetic__calib_general,candidate,instruction,base,10,projected_js,0.06305257399799302,128
aim_on_task_arithmetic__calib_general,candidate,instruction,base,11,mmd_rbf,0.008520384319126606,128
aim_on_task_arithmetic__calib_general,candidate,instruction,base,11,projected_js,0.06446700554806739,128
aim_on_task_arithmetic__calib_general,candidate,instruction,base,12,mmd_rbf,0.008442460559308529,128
aim_on_task_arithmetic__calib_general,candidate,instruction,base,12,projected_js,0.06861970061436296,128
aim_on_task_arithmetic__calib_general,candidate,instruction,base,13,mmd_rbf,0.009084579534828663,128
aim_on_task_arithmetic__calib_general,candidate,instruction,base,13,projected_js,0.0663243800518103,128
aim_on_task_arithmetic__calib_general,candidate,instruction,base,14,mmd_rbf,0.009777254424989223,128
aim_on_task_arithmetic__calib_general,candidate,instruction,base,14,projected_js,0.0643420132691972,128
aim_on_task_arithmetic__calib_general,candidate,instruction,base,15,mmd_rbf,0.010914898477494717,128
aim_on_task_arithmetic__calib_general,candidate,instruction,base,15,projected_js,0.0688497528899461,128
aim_on_task_arithmetic__calib_general,candidate,instruction,base,16,mmd_rbf,0.011771856807172298,128
aim_on_task_arithmetic__calib_general,candidate,instruction,base,16,projected_js,0.06663118855794892,128
aim_on_task_arithmetic__calib_general,candidate,instruction,base,17,mmd_rbf,0.011626720428466797,128
aim_on_task_arithmetic__calib_general,candidate,instruction,base,17,projected_js,0.0689574335119687,128
aim_on_task_arithmetic__calib_general,candidate,instruction,base,18,mmd_rbf,0.012723657302558422,128
aim_on_task_arithmetic__calib_general,candidate,instruction,base,18,projected_js,0.07099196827039123,128
aim_on_task_arithmetic__calib_general,candidate,instruction,base,19,mmd_rbf,0.014087854884564877,128
aim_on_task_arithmetic__calib_general,candidate,instruction,base,19,projected_js,0.06733657029690221,128
aim_on_task_arithmetic__calib_general,candidate,instruction,base,20,mmd_rbf,0.014053218066692352,128
aim_on_task_arithmetic__calib_general,candidate,instruction,base,20,projected_js,0.06880616775015369,128
aim_on_task_arithmetic__calib_general,candidate,instruction,base,21,mmd_rbf,0.015019230544567108,128
aim_on_task_arithmetic__calib_general,candidate,instruction,base,21,projected_js,0.0732081662863493,128
aim_on_task_arithmetic__calib_general,candidate,instruction,base,22,mmd_rbf,0.014549428597092628,128
aim_on_task_arithmetic__calib_general,candidate,instruction,base,22,projected_js,0.06953150482149795,128
aim_on_task_arithmetic__calib_general,candidate,instruction,base,23,mmd_rbf,0.013512924313545227,128
aim_on_task_arithmetic__calib_general,candidate,instruction,base,23,projected_js,0.07086426194291562,128
aim_on_task_arithmetic__calib_general,candidate,instruction,base,24,mmd_rbf,0.012505738995969296,128
aim_on_task_arithmetic__calib_general,candidate,instruction,base,24,projected_js,0.06866885686758906,128
aim_on_task_arithmetic__calib_general,candidate,instruction,base,25,mmd_rbf,0.011679495684802532,128
aim_on_task_arithmetic__calib_general,candidate,instruction,base,25,projected_js,0.06622054718900472,128
aim_on_task_arithmetic__calib_general,candidate,instruction,base,26,mmd_rbf,0.011238439939916134,128
aim_on_task_arithmetic__calib_general,candidate,instruction,base,26,projected_js,0.06518342194613069,128
aim_on_task_arithmetic__calib_general,candidate,instruction,base,27,mmd_rbf,0.010892709717154503,128
aim_on_task_arithmetic__calib_general,candidate,instruction,base,27,projected_js,0.0656340824207291,128
aim_on_task_arithmetic__calib_general,candidate,instruction,base,28,mmd_rbf,0.010129811242222786,128
aim_on_task_arithmetic__calib_general,candidate,instruction,base,28,projected_js,0.06695952813606709,128
aim_on_task_arithmetic__calib_general,candidate,instruction,base,29,mmd_rbf,0.009594730101525784,128
aim_on_task_arithmetic__calib_general,candidate,instruction,base,29,projected_js,0.06446278182556853,128
aim_on_task_arithmetic__calib_general,candidate,instruction,base,30,mmd_rbf,0.009387626312673092,128
aim_on_task_arithmetic__calib_general,candidate,instruction,base,30,projected_js,0.06565005477750674,128
aim_on_task_arithmetic__calib_general,candidate,instruction,base,31,mmd_rbf,0.009122936986386776,128
aim_on_task_arithmetic__calib_general,candidate,instruction,base,31,projected_js,0.06658231344772503,128
aim_on_task_arithmetic__calib_general,candidate,instruction,base,32,mmd_rbf,0.009546077810227871,128
aim_on_task_arithmetic__calib_general,candidate,instruction,base,32,projected_js,0.0679406690178439,128
aim_on_task_arithmetic__calib_general,candidate,instruction,base,33,mmd_rbf,0.009832203388214111,128
aim_on_task_arithmetic__calib_general,candidate,instruction,base,33,projected_js,0.06770585780031979,128
aim_on_task_arithmetic__calib_general,candidate,instruction,base,34,mmd_rbf,0.01532222330570221,128
aim_on_task_arithmetic__calib_general,candidate,instruction,base,34,projected_js,0.07608187792357057,128
aim_on_task_arithmetic__calib_general,candidate,instruction,base,35,mmd_rbf,0.0537351630628109,128
aim_on_task_arithmetic__calib_general,candidate,instruction,base,35,projected_js,0.11338427703594789,128
aim_on_task_arithmetic__calib_general,candidate,instruction,instr_only,0,mmd_rbf,0.0016472399001941085,128
aim_on_task_arithmetic__calib_general,candidate,instruction,instr_only,0,projected_js,0.03371592186158523,128
aim_on_task_arithmetic__calib_general,candidate,instruction,instr_only,1,mmd_rbf,0.003495279001072049,128
aim_on_task_arithmetic__calib_general,candidate,instruction,instr_only,1,projected_js,0.038706711697159335,128
aim_on_task_arithmetic__calib_general,candidate,instruction,instr_only,2,mmd_rbf,0.004478852730244398,128
aim_on_task_arithmetic__calib_general,candidate,instruction,instr_only,2,projected_js,0.046037939900998026,128
aim_on_task_arithmetic__calib_general,candidate,instruction,instr_only,3,mmd_rbf,0.0049073295667767525,128
aim_on_task_arithmetic__calib_general,candidate,instruction,instr_only,3,projected_js,0.0453325986454729,128
aim_on_task_arithmetic__calib_general,candidate,instruction,instr_only,4,mmd_rbf,0.005167074501514435,128
aim_on_task_arithmetic__calib_general,candidate,instruction,instr_only,4,projected_js,0.05004250098136254,128
aim_on_task_arithmetic__calib_general,candidate,instruction,instr_only,5,mmd_rbf,0.005456292070448399,128
aim_on_task_arithmetic__calib_general,candidate,instruction,instr_only,5,projected_js,0.046798060851870105,128
aim_on_task_arithmetic__calib_general,candidate,instruction,instr_only,6,mmd_rbf,0.0040357462130486965,128
aim_on_task_arithmetic__calib_general,candidate,instruction,instr_only,6,projected_js,0.047959908144548535,128
aim_on_task_arithmetic__calib_general,candidate,instruction,instr_only,7,mmd_rbf,0.0034760714042931795,128
aim_on_task_arithmetic__calib_general,candidate,instruction,instr_only,7,projected_js,0.049092891946202144,128
aim_on_task_arithmetic__calib_general,candidate,instruction,instr_only,8,mmd_rbf,0.0030593250412493944,128
aim_on_task_arithmetic__calib_general,candidate,instruction,instr_only,8,projected_js,0.05043759799445979,128
aim_on_task_arithmetic__calib_general,candidate,instruction,instr_only,9,mmd_rbf,0.003012696746736765,128
aim_on_task_arithmetic__calib_general,candidate,instruction,instr_only,9,projected_js,0.0525046604743693,128
aim_on_task_arithmetic__calib_general,candidate,instruction,instr_only,10,mmd_rbf,0.003285452490672469,128
aim_on_task_arithmetic__calib_general,candidate,instruction,instr_only,10,projected_js,0.05358817435626406,128
aim_on_task_arithmetic__calib_general,candidate,instruction,instr_only,11,mmd_rbf,0.0030650272965431213,128
aim_on_task_arithmetic__calib_general,candidate,instruction,instr_only,11,projected_js,0.05680881391162984,128
aim_on_task_arithmetic__calib_general,candidate,instruction,instr_only,12,mmd_rbf,0.0030166928190737963,128
aim_on_task_arithmetic__calib_general,candidate,instruction,instr_only,12,projected_js,0.05766834336100146,128
aim_on_task_arithmetic__calib_general,candidate,instruction,instr_only,13,mmd_rbf,0.0031050939578562975,128
aim_on_task_arithmetic__calib_general,candidate,instruction,instr_only,13,projected_js,0.05913112632697448,128
aim_on_task_arithmetic__calib_general,candidate,instruction,instr_only,14,mmd_rbf,0.0031269656028598547,128
aim_on_task_arithmetic__calib_general,candidate,instruction,instr_only,14,projected_js,0.054753303847974166,128
aim_on_task_arithmetic__calib_general,candidate,instruction,instr_only,15,mmd_rbf,0.0032686800695955753,128
aim_on_task_arithmetic__calib_general,candidate,instruction,instr_only,15,projected_js,0.05997263453900814,128
aim_on_task_arithmetic__calib_general,candidate,instruction,instr_only,16,mmd_rbf,0.003394894301891327,128
aim_on_task_arithmetic__calib_general,candidate,instruction,instr_only,16,projected_js,0.06092189528862946,128
aim_on_task_arithmetic__calib_general,candidate,instruction,instr_only,17,mmd_rbf,0.0036098596174269915,128
aim_on_task_arithmetic__calib_general,candidate,instruction,instr_only,17,projected_js,0.05686324698035605,128
aim_on_task_arithmetic__calib_general,candidate,instruction,instr_only,18,mmd_rbf,0.003922797739505768,128
aim_on_task_arithmetic__calib_general,candidate,instruction,instr_only,18,projected_js,0.06192289057071321,128
aim_on_task_arithmetic__calib_general,candidate,instruction,instr_only,19,mmd_rbf,0.004465361591428518,128
aim_on_task_arithmetic__calib_general,candidate,instruction,instr_only,19,projected_js,0.05846464916248806,128
aim_on_task_arithmetic__calib_general,candidate,instruction,instr_only,20,mmd_rbf,0.004807341378182173,128
aim_on_task_arithmetic__calib_general,candidate,instruction,instr_only,20,projected_js,0.06031257813447155,128
aim_on_task_arithmetic__calib_general,candidate,instruction,instr_only,21,mmd_rbf,0.00564212491735816,128
aim_on_task_arithmetic__calib_general,candidate,instruction,instr_only,21,projected_js,0.06480410130461678,128
aim_on_task_arithmetic__calib_general,candidate,instruction,instr_only,22,mmd_rbf,0.0060702962800860405,128
aim_on_task_arithmetic__calib_general,candidate,instruction,instr_only,22,projected_js,0.06627069972455502,128
aim_on_task_arithmetic__calib_general,candidate,instruction,instr_only,23,mmd_rbf,0.006308728363364935,128
aim_on_task_arithmetic__calib_general,candidate,instruction,instr_only,23,projected_js,0.06411685363855213,128
aim_on_task_arithmetic__calib_general,candidate,instruction,instr_only,24,mmd_rbf,0.006381702609360218,128
aim_on_task_arithmetic__calib_general,candidate,instruction,instr_only,24,projected_js,0.06443093018606305,128
aim_on_task_arithmetic__calib_general,candidate,instruction,instr_only,25,mmd_rbf,0.0066175395622849464,128
aim_on_task_arithmetic__calib_general,candidate,instruction,instr_only,25,projected_js,0.06754400348290801,128
aim_on_task_arithmetic__calib_general,candidate,instruction,instr_only,26,mmd_rbf,0.00685857841745019,128
aim_on_task_arithmetic__calib_general,candidate,instruction,instr_only,26,projected_js,0.06430122134042904,128
aim_on_task_arithmetic__calib_general,candidate,instruction,instr_only,27,mmd_rbf,0.006819972302764654,128
aim_on_task_arithmetic__calib_general,candidate,instruction,instr_only,27,projected_js,0.0634330312605016,128
aim_on_task_arithmetic__calib_general,candidate,instruction,instr_only,28,mmd_rbf,0.006589625962078571,128
aim_on_task_arithmetic__calib_general,candidate,instruction,instr_only,28,projected_js,0.06022159260464832,128
aim_on_task_arithmetic__calib_general,candidate,instruction,instr_only,29,mmd_rbf,0.006228265352547169,128
aim_on_task_arithmetic__calib_general,candidate,instruction,instr_only,29,projected_js,0.061413733928930014,128
aim_on_task_arithmetic__calib_general,candidate,instruction,instr_only,30,mmd_rbf,0.006141556892544031,128
aim_on_task_arithmetic__calib_general,candidate,instruction,instr_only,30,projected_js,0.06453655747463927,128
aim_on_task_arithmetic__calib_general,candidate,instruction,instr_only,31,mmd_rbf,0.006100445985794067,128
aim_on_task_arithmetic__calib_general,candidate,instruction,instr_only,31,projected_js,0.06236787443049252,128
aim_on_task_arithmetic__calib_general,candidate,instruction,instr_only,32,mmd_rbf,0.006090107839554548,128
aim_on_task_arithmetic__calib_general,candidate,instruction,instr_only,32,projected_js,0.06271509925136343,128
aim_on_task_arithmetic__calib_general,candidate,instruction,instr_only,33,mmd_rbf,0.006117680575698614,128
aim_on_task_arithmetic__calib_general,candidate,instruction,instr_only,33,projected_js,0.06389567744918168,128
aim_on_task_arithmetic__calib_general,candidate,instruction,instr_only,34,mmd_rbf,0.007533554919064045,128
aim_on_task_arithmetic__calib_general,candidate,instruction,instr_only,34,projected_js,0.0646546955103986,128
aim_on_task_arithmetic__calib_general,candidate,instruction,instr_only,35,mmd_rbf,0.03392402455210686,128
aim_on_task_arithmetic__calib_general,candidate,instruction,instr_only,35,projected_js,0.08968773944070563,128
aim_on_task_arithmetic__calib_general,candidate,instruction,reasoning_only,0,mmd_rbf,0.007412970066070557,128
aim_on_task_arithmetic__calib_general,candidate,instruction,reasoning_only,0,projected_js,0.058097191038541496,128
aim_on_task_arithmetic__calib_general,candidate,instruction,reasoning_only,1,mmd_rbf,0.01182471215724945,128
aim_on_task_arithmetic__calib_general,candidate,instruction,reasoning_only,1,projected_js,0.059906442125793546,128
aim_on_task_arithmetic__calib_general,candidate,instruction,reasoning_only,2,mmd_rbf,0.01803487353026867,128
aim_on_task_arithmetic__calib_general,candidate,instruction,reasoning_only,2,projected_js,0.06939283106476068,128
aim_on_task_arithmetic__calib_general,candidate,instruction,reasoning_only,3,mmd_rbf,0.0195259228348732,128
aim_on_task_arithmetic__calib_general,candidate,instruction,reasoning_only,3,projected_js,0.07068253378383815,128
aim_on_task_arithmetic__calib_general,candidate,instruction,reasoning_only,4,mmd_rbf,0.020692521706223488,128
aim_on_task_arithmetic__calib_general,candidate,instruction,reasoning_only,4,projected_js,0.07759321085177362,128
aim_on_task_arithmetic__calib_general,candidate,instruction,reasoning_only,5,mmd_rbf,0.022563602775335312,128
aim_on_task_arithmetic__calib_general,candidate,instruction,reasoning_only,5,projected_js,0.07631654007127509,128
aim_on_task_arithmetic__calib_general,candidate,instruction,reasoning_only,6,mmd_rbf,0.017206698656082153,128
aim_on_task_arithmetic__calib_general,candidate,instruction,reasoning_only,6,projected_js,0.07626898642047308,128
aim_on_task_arithmetic__calib_general,candidate,instruction,reasoning_only,7,mmd_rbf,0.01702260784804821,128
aim_on_task_arithmetic__calib_general,candidate,instruction,reasoning_only,7,projected_js,0.07707302537164651,128
aim_on_task_arithmetic__calib_general,candidate,instruction,reasoning_only,8,mmd_rbf,0.01339105423539877,128
aim_on_task_arithmetic__calib_general,candidate,instruction,reasoning_only,8,projected_js,0.07373625878244638,128
aim_on_task_arithmetic__calib_general,candidate,instruction,reasoning_only,9,mmd_rbf,0.013011890463531017,128
aim_on_task_arithmetic__calib_general,candidate,instruction,reasoning_only,9,projected_js,0.07230997571605258,128
aim_on_task_arithmetic__calib_general,candidate,instruction,reasoning_only,10,mmd_rbf,0.014551157131791115,128
aim_on_task_arithmetic__calib_general,candidate,instruction,reasoning_only,10,projected_js,0.07326072652358562,128
aim_on_task_arithmetic__calib_general,candidate,instruction,reasoning_only,11,mmd_rbf,0.013902070932090282,128
aim_on_task_arithmetic__calib_general,candidate,instruction,reasoning_only,11,projected_js,0.06933469962677918,128
aim_on_task_arithmetic__calib_general,candidate,instruction,reasoning_only,12,mmd_rbf,0.01465302612632513,128
aim_on_task_arithmetic__calib_general,candidate,instruction,reasoning_only,12,projected_js,0.07441331044537947,128
aim_on_task_arithmetic__calib_general,candidate,instruction,reasoning_only,13,mmd_rbf,0.015230699442327023,128
aim_on_task_arithmetic__calib_general,candidate,instruction,reasoning_only,13,projected_js,0.0766322796116583,128
aim_on_task_arithmetic__calib_general,candidate,instruction,reasoning_only,14,mmd_rbf,0.015080869197845459,128
aim_on_task_arithmetic__calib_general,candidate,instruction,reasoning_only,14,projected_js,0.07120212237350643,128
aim_on_task_arithmetic__calib_general,candidate,instruction,reasoning_only,15,mmd_rbf,0.016006775200366974,128
aim_on_task_arithmetic__calib_general,candidate,instruction,reasoning_only,15,projected_js,0.07390680539538153,128
aim_on_task_arithmetic__calib_general,candidate,instruction,reasoning_only,16,mmd_rbf,0.01638568751513958,128
aim_on_task_arithmetic__calib_general,candidate,instruction,reasoning_only,16,projected_js,0.07647512969560921,128
aim_on_task_arithmetic__calib_general,candidate,instruction,reasoning_only,17,mmd_rbf,0.016098638996481895,128
aim_on_task_arithmetic__calib_general,candidate,instruction,reasoning_only,17,projected_js,0.06837786181131378,128
aim_on_task_arithmetic__calib_general,candidate,instruction,reasoning_only,18,mmd_rbf,0.01861904002726078,128
aim_on_task_arithmetic__calib_general,candidate,instruction,reasoning_only,18,projected_js,0.0714810483623296,128
aim_on_task_arithmetic__calib_general,candidate,instruction,reasoning_only,19,mmd_rbf,0.01891404204070568,128
aim_on_task_arithmetic__calib_general,candidate,instruction,reasoning_only,19,projected_js,0.07373384683160111,128
aim_on_task_arithmetic__calib_general,candidate,instruction,reasoning_only,20,mmd_rbf,0.018675414845347404,128
aim_on_task_arithmetic__calib_general,candidate,instruction,reasoning_only,20,projected_js,0.0736834000563249,128
aim_on_task_arithmetic__calib_general,candidate,instruction,reasoning_only,21,mmd_rbf,0.0194635558873415,128
aim_on_task_arithmetic__calib_general,candidate,instruction,reasoning_only,21,projected_js,0.07453458319650963,128
aim_on_task_arithmetic__calib_general,candidate,instruction,reasoning_only,22,mmd_rbf,0.018082719296216965,128
aim_on_task_arithmetic__calib_general,candidate,instruction,reasoning_only,22,projected_js,0.07904970296658576,128
aim_on_task_arithmetic__calib_general,candidate,instruction,reasoning_only,23,mmd_rbf,0.015498240478336811,128
aim_on_task_arithmetic__calib_general,candidate,instruction,reasoning_only,23,projected_js,0.07665222842479125,128
aim_on_task_arithmetic__calib_general,candidate,instruction,reasoning_only,24,mmd_rbf,0.0159941166639328,128
aim_on_task_arithmetic__calib_general,candidate,instruction,reasoning_only,24,projected_js,0.07460621377686039,128
aim_on_task_arithmetic__calib_general,candidate,instruction,reasoning_only,25,mmd_rbf,0.015098600648343563,128
aim_on_task_arithmetic__calib_general,candidate,instruction,reasoning_only,25,projected_js,0.07251942536095157,128
aim_on_task_arithmetic__calib_general,candidate,instruction,reasoning_only,26,mmd_rbf,0.015271750278770924,128
aim_on_task_arithmetic__calib_general,candidate,instruction,reasoning_only,26,projected_js,0.07139806990744546,128
aim_on_task_arithmetic__calib_general,candidate,instruction,reasoning_only,27,mmd_rbf,0.015012755058705807,128
aim_on_task_arithmetic__calib_general,candidate,instruction,reasoning_only,27,projected_js,0.0753553108079359,128
aim_on_task_arithmetic__calib_general,candidate,instruction,reasoning_only,28,mmd_rbf,0.015142172574996948,128
aim_on_task_arithmetic__calib_general,candidate,instruction,reasoning_only,28,projected_js,0.07272247684886679,128
aim_on_task_arithmetic__calib_general,candidate,instruction,reasoning_only,29,mmd_rbf,0.014645636081695557,128
aim_on_task_arithmetic__calib_general,candidate,instruction,reasoning_only,29,projected_js,0.07241275202250108,128
aim_on_task_arithmetic__calib_general,candidate,instruction,reasoning_only,30,mmd_rbf,0.014982218854129314,128
aim_on_task_arithmetic__calib_general,candidate,instruction,reasoning_only,30,projected_js,0.07138456834945828,128
aim_on_task_arithmetic__calib_general,candidate,instruction,reasoning_only,31,mmd_rbf,0.014828383922576904,128
aim_on_task_arithmetic__calib_general,candidate,instruction,reasoning_only,31,projected_js,0.07329944695811719,128
aim_on_task_arithmetic__calib_general,candidate,instruction,reasoning_only,32,mmd_rbf,0.014519584365189075,128
aim_on_task_arithmetic__calib_general,candidate,instruction,reasoning_only,32,projected_js,0.06793793803080916,128
aim_on_task_arithmetic__calib_general,candidate,instruction,reasoning_only,33,mmd_rbf,0.013719774782657623,128
aim_on_task_arithmetic__calib_general,candidate,instruction,reasoning_only,33,projected_js,0.07306743378285319,128
aim_on_task_arithmetic__calib_general,candidate,instruction,reasoning_only,34,mmd_rbf,0.01409940142184496,128
aim_on_task_arithmetic__calib_general,candidate,instruction,reasoning_only,34,projected_js,0.0685112583450973,128
aim_on_task_arithmetic__calib_general,candidate,instruction,reasoning_only,35,mmd_rbf,0.022176450118422508,128
aim_on_task_arithmetic__calib_general,candidate,instruction,reasoning_only,35,projected_js,0.07436922506894916,128
aim_on_task_arithmetic__calib_general,candidate,instruction,uncensored_only,0,mmd_rbf,0.005035236477851868,128
aim_on_task_arithmetic__calib_general,candidate,instruction,uncensored_only,0,projected_js,0.04639177769422531,128
aim_on_task_arithmetic__calib_general,candidate,instruction,uncensored_only,1,mmd_rbf,0.12755148112773895,128
aim_on_task_arithmetic__calib_general,candidate,instruction,uncensored_only,1,projected_js,0.1528463211725466,128
aim_on_task_arithmetic__calib_general,candidate,instruction,uncensored_only,2,mmd_rbf,0.11289026588201523,128
aim_on_task_arithmetic__calib_general,candidate,instruction,uncensored_only,2,projected_js,0.13502110401168466,128
aim_on_task_arithmetic__calib_general,candidate,instruction,uncensored_only,3,mmd_rbf,0.08446037024259567,128
aim_on_task_arithmetic__calib_general,candidate,instruction,uncensored_only,3,projected_js,0.11533220508135855,128
aim_on_task_arithmetic__calib_general,candidate,instruction,uncensored_only,4,mmd_rbf,0.061632584780454636,128
aim_on_task_arithmetic__calib_general,candidate,instruction,uncensored_only,4,projected_js,0.10950072336709127,128
aim_on_task_arithmetic__calib_general,candidate,instruction,uncensored_only,5,mmd_rbf,0.045618850737810135,128
aim_on_task_arithmetic__calib_general,candidate,instruction,uncensored_only,5,projected_js,0.09551467368146405,128
aim_on_task_arithmetic__calib_general,candidate,instruction,uncensored_only,6,mmd_rbf,0.027614695951342583,128
aim_on_task_arithmetic__calib_general,candidate,instruction,uncensored_only,6,projected_js,0.08217702474212274,128
aim_on_task_arithmetic__calib_general,candidate,instruction,uncensored_only,7,mmd_rbf,0.022260243073105812,128
aim_on_task_arithmetic__calib_general,candidate,instruction,uncensored_only,7,projected_js,0.07847060420317575,128
aim_on_task_arithmetic__calib_general,candidate,instruction,uncensored_only,8,mmd_rbf,0.015385773964226246,128
aim_on_task_arithmetic__calib_general,candidate,instruction,uncensored_only,8,projected_js,0.07160723558627069,128
aim_on_task_arithmetic__calib_general,candidate,instruction,uncensored_only,9,mmd_rbf,0.01286519505083561,128
aim_on_task_arithmetic__calib_general,candidate,instruction,uncensored_only,9,projected_js,0.06517721270211041,128
aim_on_task_arithmetic__calib_general,candidate,instruction,uncensored_only,10,mmd_rbf,0.011598000302910805,128
aim_on_task_arithmetic__calib_general,candidate,instruction,uncensored_only,10,projected_js,0.06530884595122188,128
aim_on_task_arithmetic__calib_general,candidate,instruction,uncensored_only,11,mmd_rbf,0.009708220139145851,128
aim_on_task_arithmetic__calib_general,candidate,instruction,uncensored_only,11,projected_js,0.06582741608144715,128
aim_on_task_arithmetic__calib_general,candidate,instruction,uncensored_only,12,mmd_rbf,0.009538643062114716,128
aim_on_task_arithmetic__calib_general,candidate,instruction,uncensored_only,12,projected_js,0.06836430379189551,128
aim_on_task_arithmetic__calib_general,candidate,instruction,uncensored_only,13,mmd_rbf,0.00994853675365448,128
aim_on_task_arithmetic__calib_general,candidate,instruction,uncensored_only,13,projected_js,0.07233565929345787,128
aim_on_task_arithmetic__calib_general,candidate,instruction,uncensored_only,14,mmd_rbf,0.010495486669242382,128
aim_on_task_arithmetic__calib_general,candidate,instruction,uncensored_only,14,projected_js,0.06455131701659411,128
aim_on_task_arithmetic__calib_general,candidate,instruction,uncensored_only,15,mmd_rbf,0.012593145482242107,128
aim_on_task_arithmetic__calib_general,candidate,instruction,uncensored_only,15,projected_js,0.06904798932373524,128
aim_on_task_arithmetic__calib_general,candidate,instruction,uncensored_only,16,mmd_rbf,0.013229097239673138,128
aim_on_task_arithmetic__calib_general,candidate,instruction,uncensored_only,16,projected_js,0.07080522389151156,128
aim_on_task_arithmetic__calib_general,candidate,instruction,uncensored_only,17,mmd_rbf,0.012799474410712719,128
aim_on_task_arithmetic__calib_general,candidate,instruction,uncensored_only,17,projected_js,0.06777696576318704,128
aim_on_task_arithmetic__calib_general,candidate,instruction,uncensored_only,18,mmd_rbf,0.01280918437987566,128
aim_on_task_arithmetic__calib_general,candidate,instruction,uncensored_only,18,projected_js,0.07135600177571177,128
aim_on_task_arithmetic__calib_general,candidate,instruction,uncensored_only,19,mmd_rbf,0.012709180824458599,128
aim_on_task_arithmetic__calib_general,candidate,instruction,uncensored_only,19,projected_js,0.07190837827511132,128
aim_on_task_arithmetic__calib_general,candidate,instruction,uncensored_only,20,mmd_rbf,0.013157679699361324,128
aim_on_task_arithmetic__calib_general,candidate,instruction,uncensored_only,20,projected_js,0.06926328124245629,128
aim_on_task_arithmetic__calib_general,candidate,instruction,uncensored_only,21,mmd_rbf,0.014354555867612362,128
aim_on_task_arithmetic__calib_general,candidate,instruction,uncensored_only,21,projected_js,0.07195505051640794,128
aim_on_task_arithmetic__calib_general,candidate,instruction,uncensored_only,22,mmd_rbf,0.015649564564228058,128
aim_on_task_arithmetic__calib_general,candidate,instruction,uncensored_only,22,projected_js,0.07070630768430419,128
aim_on_task_arithmetic__calib_general,candidate,instruction,uncensored_only,23,mmd_rbf,0.015738004818558693,128
aim_on_task_arithmetic__calib_general,candidate,instruction,uncensored_only,23,projected_js,0.07243541625211947,128
aim_on_task_arithmetic__calib_general,candidate,instruction,uncensored_only,24,mmd_rbf,0.017141098156571388,128
aim_on_task_arithmetic__calib_general,candidate,instruction,uncensored_only,24,projected_js,0.07565311330836266,128
aim_on_task_arithmetic__calib_general,candidate,instruction,uncensored_only,25,mmd_rbf,0.017884835600852966,128
aim_on_task_arithmetic__calib_general,candidate,instruction,uncensored_only,25,projected_js,0.0797958000912331,128
aim_on_task_arithmetic__calib_general,candidate,instruction,uncensored_only,26,mmd_rbf,0.018317261710762978,128
aim_on_task_arithmetic__calib_general,candidate,instruction,uncensored_only,26,projected_js,0.07587678189156577,128
aim_on_task_arithmetic__calib_general,candidate,instruction,uncensored_only,27,mmd_rbf,0.018225086852908134,128
aim_on_task_arithmetic__calib_general,candidate,instruction,uncensored_only,27,projected_js,0.07839631475508213,128
aim_on_task_arithmetic__calib_general,candidate,instruction,uncensored_only,28,mmd_rbf,0.016369689255952835,128
aim_on_task_arithmetic__calib_general,candidate,instruction,uncensored_only,28,projected_js,0.07294803310651332,128
aim_on_task_arithmetic__calib_general,candidate,instruction,uncensored_only,29,mmd_rbf,0.01546400785446167,128
aim_on_task_arithmetic__calib_general,candidate,instruction,uncensored_only,29,projected_js,0.07239615445723757,128
aim_on_task_arithmetic__calib_general,candidate,instruction,uncensored_only,30,mmd_rbf,0.015595021657645702,128
aim_on_task_arithmetic__calib_general,candidate,instruction,uncensored_only,30,projected_js,0.07257371587911621,128
aim_on_task_arithmetic__calib_general,candidate,instruction,uncensored_only,31,mmd_rbf,0.015047800727188587,128
aim_on_task_arithmetic__calib_general,candidate,instruction,uncensored_only,31,projected_js,0.06853543448960409,128
aim_on_task_arithmetic__calib_general,candidate,instruction,uncensored_only,32,mmd_rbf,0.014862638898193836,128
aim_on_task_arithmetic__calib_general,candidate,instruction,uncensored_only,32,projected_js,0.07093057662132196,128
aim_on_task_arithmetic__calib_general,candidate,instruction,uncensored_only,33,mmd_rbf,0.014829196035861969,128
aim_on_task_arithmetic__calib_general,candidate,instruction,uncensored_only,33,projected_js,0.07248119043651968,128
aim_on_task_arithmetic__calib_general,candidate,instruction,uncensored_only,34,mmd_rbf,0.01626909337937832,128
aim_on_task_arithmetic__calib_general,candidate,instruction,uncensored_only,34,projected_js,0.07393602933734655,128
aim_on_task_arithmetic__calib_general,candidate,instruction,uncensored_only,35,mmd_rbf,0.043770767748355865,128
aim_on_task_arithmetic__calib_general,candidate,instruction,uncensored_only,35,projected_js,0.09085547045106068,128
aim_on_task_arithmetic__calib_general,candidate,reasoning,base,0,mmd_rbf,0.001909682177938521,128
aim_on_task_arithmetic__calib_general,candidate,reasoning,base,0,projected_js,0.03874551388435066,128
aim_on_task_arithmetic__calib_general,candidate,reasoning,base,1,mmd_rbf,0.004141743760555983,128
aim_on_task_arithmetic__calib_general,candidate,reasoning,base,1,projected_js,0.0418254813994281,128
aim_on_task_arithmetic__calib_general,candidate,reasoning,base,2,mmd_rbf,0.004752644803375006,128
aim_on_task_arithmetic__calib_general,candidate,reasoning,base,2,projected_js,0.04666918548173271,128
aim_on_task_arithmetic__calib_general,candidate,reasoning,base,3,mmd_rbf,0.005913057364523411,128
aim_on_task_arithmetic__calib_general,candidate,reasoning,base,3,projected_js,0.05276517107267864,128
aim_on_task_arithmetic__calib_general,candidate,reasoning,base,4,mmd_rbf,0.006148758810013533,128
aim_on_task_arithmetic__calib_general,candidate,reasoning,base,4,projected_js,0.051745134085649624,128
aim_on_task_arithmetic__calib_general,candidate,reasoning,base,5,mmd_rbf,0.005542377475649118,128
aim_on_task_arithmetic__calib_general,candidate,reasoning,base,5,projected_js,0.048629205382894725,128
aim_on_task_arithmetic__calib_general,candidate,reasoning,base,6,mmd_rbf,0.004370120353996754,128
aim_on_task_arithmetic__calib_general,candidate,reasoning,base,6,projected_js,0.05023554997751489,128
aim_on_task_arithmetic__calib_general,candidate,reasoning,base,7,mmd_rbf,0.004235086031258106,128
aim_on_task_arithmetic__calib_general,candidate,reasoning,base,7,projected_js,0.05540179830859415,128
aim_on_task_arithmetic__calib_general,candidate,reasoning,base,8,mmd_rbf,0.0039781685918569565,128
aim_on_task_arithmetic__calib_general,candidate,reasoning,base,8,projected_js,0.05710204236675054,128
aim_on_task_arithmetic__calib_general,candidate,reasoning,base,9,mmd_rbf,0.0041943928226828575,128
aim_on_task_arithmetic__calib_general,candidate,reasoning,base,9,projected_js,0.05692847177851945,128
aim_on_task_arithmetic__calib_general,candidate,reasoning,base,10,mmd_rbf,0.004511292092502117,128
aim_on_task_arithmetic__calib_general,candidate,reasoning,base,10,projected_js,0.050611138925887644,128
aim_on_task_arithmetic__calib_general,candidate,reasoning,base,11,mmd_rbf,0.0043617780320346355,128
aim_on_task_arithmetic__calib_general,candidate,reasoning,base,11,projected_js,0.05395529049565084,128
aim_on_task_arithmetic__calib_general,candidate,reasoning,base,12,mmd_rbf,0.004577604588121176,128
aim_on_task_arithmetic__calib_general,candidate,reasoning,base,12,projected_js,0.05347748612985015,128
aim_on_task_arithmetic__calib_general,candidate,reasoning,base,13,mmd_rbf,0.004651900380849838,128
aim_on_task_arithmetic__calib_general,candidate,reasoning,base,13,projected_js,0.05931658478220925,128
aim_on_task_arithmetic__calib_general,candidate,reasoning,base,14,mmd_rbf,0.004878344014286995,128
aim_on_task_arithmetic__calib_general,candidate,reasoning,base,14,projected_js,0.057869693264365196,128
aim_on_task_arithmetic__calib_general,candidate,reasoning,base,15,mmd_rbf,0.005380343180149794,128
aim_on_task_arithmetic__calib_general,candidate,reasoning,base,15,projected_js,0.0554064822208602,128
aim_on_task_arithmetic__calib_general,candidate,reasoning,base,16,mmd_rbf,0.00602958956733346,128
aim_on_task_arithmetic__calib_general,candidate,reasoning,base,16,projected_js,0.05733485339442268,128
aim_on_task_arithmetic__calib_general,candidate,reasoning,base,17,mmd_rbf,0.005931902211159468,128
aim_on_task_arithmetic__calib_general,candidate,reasoning,base,17,projected_js,0.06005485152127221,128
aim_on_task_arithmetic__calib_general,candidate,reasoning,base,18,mmd_rbf,0.006372684147208929,128
aim_on_task_arithmetic__calib_general,candidate,reasoning,base,18,projected_js,0.06193044944666326,128
aim_on_task_arithmetic__calib_general,candidate,reasoning,base,19,mmd_rbf,0.006651140749454498,128
aim_on_task_arithmetic__calib_general,candidate,reasoning,base,19,projected_js,0.06385840271832421,128
aim_on_task_arithmetic__calib_general,candidate,reasoning,base,20,mmd_rbf,0.006389744579792023,128
aim_on_task_arithmetic__calib_general,candidate,reasoning,base,20,projected_js,0.062300908437464386,128
aim_on_task_arithmetic__calib_general,candidate,reasoning,base,21,mmd_rbf,0.006553299725055695,128
aim_on_task_arithmetic__calib_general,candidate,reasoning,base,21,projected_js,0.05998875491786748,128
aim_on_task_arithmetic__calib_general,candidate,reasoning,base,22,mmd_rbf,0.006158535834401846,128
aim_on_task_arithmetic__calib_general,candidate,reasoning,base,22,projected_js,0.06101256818510592,128
aim_on_task_arithmetic__calib_general,candidate,reasoning,base,23,mmd_rbf,0.00594285735860467,128
aim_on_task_arithmetic__calib_general,candidate,reasoning,base,23,projected_js,0.05462009756593034,128
aim_on_task_arithmetic__calib_general,candidate,reasoning,base,24,mmd_rbf,0.005413679406046867,128
aim_on_task_arithmetic__calib_general,candidate,reasoning,base,24,projected_js,0.05490076696150936,128
aim_on_task_arithmetic__calib_general,candidate,reasoning,base,25,mmd_rbf,0.005086458753794432,128
aim_on_task_arithmetic__calib_general,candidate,reasoning,base,25,projected_js,0.058878219191683456,128
aim_on_task_arithmetic__calib_general,candidate,reasoning,base,26,mmd_rbf,0.004917812068015337,128
aim_on_task_arithmetic__calib_general,candidate,reasoning,base,26,projected_js,0.05883434700081125,128
aim_on_task_arithmetic__calib_general,candidate,reasoning,base,27,mmd_rbf,0.004948241636157036,128
aim_on_task_arithmetic__calib_general,candidate,reasoning,base,27,projected_js,0.05894660542253405,128
aim_on_task_arithmetic__calib_general,candidate,reasoning,base,28,mmd_rbf,0.00502579053863883,128
aim_on_task_arithmetic__calib_general,candidate,reasoning,base,28,projected_js,0.06232495041331276,128
aim_on_task_arithmetic__calib_general,candidate,reasoning,base,29,mmd_rbf,0.005108709447085857,128
aim_on_task_arithmetic__calib_general,candidate,reasoning,base,29,projected_js,0.061647855676710606,128
aim_on_task_arithmetic__calib_general,candidate,reasoning,base,30,mmd_rbf,0.0051469686441123486,128
aim_on_task_arithmetic__calib_general,candidate,reasoning,base,30,projected_js,0.05838275299174711,128
aim_on_task_arithmetic__calib_general,candidate,reasoning,base,31,mmd_rbf,0.005172256380319595,128
aim_on_task_arithmetic__calib_general,candidate,reasoning,base,31,projected_js,0.058252100832760334,128
aim_on_task_arithmetic__calib_general,candidate,reasoning,base,32,mmd_rbf,0.0055917357094585896,128
aim_on_task_arithmetic__calib_general,candidate,reasoning,base,32,projected_js,0.059964602754916996,128
aim_on_task_arithmetic__calib_general,candidate,reasoning,base,33,mmd_rbf,0.005946833174675703,128
aim_on_task_arithmetic__calib_general,candidate,reasoning,base,33,projected_js,0.06095003813970834,128
aim_on_task_arithmetic__calib_general,candidate,reasoning,base,34,mmd_rbf,0.0088456766679883,128
aim_on_task_arithmetic__calib_general,candidate,reasoning,base,34,projected_js,0.06394034845288843,128
aim_on_task_arithmetic__calib_general,candidate,reasoning,base,35,mmd_rbf,0.0429423563182354,128
aim_on_task_arithmetic__calib_general,candidate,reasoning,base,35,projected_js,0.09130617929622531,128
aim_on_task_arithmetic__calib_general,candidate,reasoning,instr_only,0,mmd_rbf,0.0009724199771881104,128
aim_on_task_arithmetic__calib_general,candidate,reasoning,instr_only,0,projected_js,0.030031730013433844,128
aim_on_task_arithmetic__calib_general,candidate,reasoning,instr_only,1,mmd_rbf,0.001947662211023271,128
aim_on_task_arithmetic__calib_general,candidate,reasoning,instr_only,1,projected_js,0.03379399848927278,128
aim_on_task_arithmetic__calib_general,candidate,reasoning,instr_only,2,mmd_rbf,0.0026069411542266607,128
aim_on_task_arithmetic__calib_general,candidate,reasoning,instr_only,2,projected_js,0.03910061345959548,128
aim_on_task_arithmetic__calib_general,candidate,reasoning,instr_only,3,mmd_rbf,0.002887208014726639,128
aim_on_task_arithmetic__calib_general,candidate,reasoning,instr_only,3,projected_js,0.04120475887611974,128
aim_on_task_arithmetic__calib_general,candidate,reasoning,instr_only,4,mmd_rbf,0.0026625588070601225,128
aim_on_task_arithmetic__calib_general,candidate,reasoning,instr_only,4,projected_js,0.043787695380160585,128
aim_on_task_arithmetic__calib_general,candidate,reasoning,instr_only,5,mmd_rbf,0.0024356499779969454,128
aim_on_task_arithmetic__calib_general,candidate,reasoning,instr_only,5,projected_js,0.0399311714572832,128
aim_on_task_arithmetic__calib_general,candidate,reasoning,instr_only,6,mmd_rbf,0.0017784677911549807,128
aim_on_task_arithmetic__calib_general,candidate,reasoning,instr_only,6,projected_js,0.04362335006590001,128
aim_on_task_arithmetic__calib_general,candidate,reasoning,instr_only,7,mmd_rbf,0.001641091308556497,128
aim_on_task_arithmetic__calib_general,candidate,reasoning,instr_only,7,projected_js,0.04488090751692653,128
aim_on_task_arithmetic__calib_general,candidate,reasoning,instr_only,8,mmd_rbf,0.0014761671191081405,128
aim_on_task_arithmetic__calib_general,candidate,reasoning,instr_only,8,projected_js,0.045732758386293426,128
aim_on_task_arithmetic__calib_general,candidate,reasoning,instr_only,9,mmd_rbf,0.0015003212029114366,128
aim_on_task_arithmetic__calib_general,candidate,reasoning,instr_only,9,projected_js,0.045309119479497895,128
aim_on_task_arithmetic__calib_general,candidate,reasoning,instr_only,10,mmd_rbf,0.0015271854354068637,128
aim_on_task_arithmetic__calib_general,candidate,reasoning,instr_only,10,projected_js,0.043430561519926414,128
aim_on_task_arithmetic__calib_general,candidate,reasoning,instr_only,11,mmd_rbf,0.001455213176086545,128
aim_on_task_arithmetic__calib_general,candidate,reasoning,instr_only,11,projected_js,0.044574559171451256,128
aim_on_task_arithmetic__calib_general,candidate,reasoning,instr_only,12,mmd_rbf,0.0015385821461677551,128
aim_on_task_arithmetic__calib_general,candidate,reasoning,instr_only,12,projected_js,0.04914676590124145,128
aim_on_task_arithmetic__calib_general,candidate,reasoning,instr_only,13,mmd_rbf,0.0016547952545806766,128
aim_on_task_arithmetic__calib_general,candidate,reasoning,instr_only,13,projected_js,0.049450033344328403,128
aim_on_task_arithmetic__calib_general,candidate,reasoning,instr_only,14,mmd_rbf,0.0016802020836621523,128
aim_on_task_arithmetic__calib_general,candidate,reasoning,instr_only,14,projected_js,0.04615453435690142,128
aim_on_task_arithmetic__calib_general,candidate,reasoning,instr_only,15,mmd_rbf,0.0018489006906747818,128
aim_on_task_arithmetic__calib_general,candidate,reasoning,instr_only,15,projected_js,0.05124542661360465,128
aim_on_task_arithmetic__calib_general,candidate,reasoning,instr_only,16,mmd_rbf,0.0019870728719979525,128
aim_on_task_arithmetic__calib_general,candidate,reasoning,instr_only,16,projected_js,0.05329092883039266,128
aim_on_task_arithmetic__calib_general,candidate,reasoning,instr_only,17,mmd_rbf,0.0021304581314325333,128
aim_on_task_arithmetic__calib_general,candidate,reasoning,instr_only,17,projected_js,0.05368233611807227,128
aim_on_task_arithmetic__calib_general,candidate,reasoning,instr_only,18,mmd_rbf,0.0022227976005524397,128
aim_on_task_arithmetic__calib_general,candidate,reasoning,instr_only,18,projected_js,0.05415094131603837,128
aim_on_task_arithmetic__calib_general,candidate,reasoning,instr_only,19,mmd_rbf,0.0023746441584080458,128
aim_on_task_arithmetic__calib_general,candidate,reasoning,instr_only,19,projected_js,0.05487222652300261,128
aim_on_task_arithmetic__calib_general,candidate,reasoning,instr_only,20,mmd_rbf,0.002384001389145851,128
aim_on_task_arithmetic__calib_general,candidate,reasoning,instr_only,20,projected_js,0.05198873789049685,128
aim_on_task_arithmetic__calib_general,candidate,reasoning,instr_only,21,mmd_rbf,0.0024301372468471527,128
aim_on_task_arithmetic__calib_general,candidate,reasoning,instr_only,21,projected_js,0.05152582022128627,128
aim_on_task_arithmetic__calib_general,candidate,reasoning,instr_only,22,mmd_rbf,0.00249285064637661,128
aim_on_task_arithmetic__calib_general,candidate,reasoning,instr_only,22,projected_js,0.05086936571751721,128
aim_on_task_arithmetic__calib_general,candidate,reasoning,instr_only,23,mmd_rbf,0.002530468627810478,128
aim_on_task_arithmetic__calib_general,candidate,reasoning,instr_only,23,projected_js,0.04954487521899864,128
aim_on_task_arithmetic__calib_general,candidate,reasoning,instr_only,24,mmd_rbf,0.002608773997053504,128
aim_on_task_arithmetic__calib_general,candidate,reasoning,instr_only,24,projected_js,0.05297155992593616,128
aim_on_task_arithmetic__calib_general,candidate,reasoning,instr_only,25,mmd_rbf,0.002613025950267911,128
aim_on_task_arithmetic__calib_general,candidate,reasoning,instr_only,25,projected_js,0.048510475462535396,128
aim_on_task_arithmetic__calib_general,candidate,reasoning,instr_only,26,mmd_rbf,0.002667563734576106,128
aim_on_task_arithmetic__calib_general,candidate,reasoning,instr_only,26,projected_js,0.053275652579031885,128
aim_on_task_arithmetic__calib_general,candidate,reasoning,instr_only,27,mmd_rbf,0.002718887524679303,128
aim_on_task_arithmetic__calib_general,candidate,reasoning,instr_only,27,projected_js,0.05116294854087755,128
aim_on_task_arithmetic__calib_general,candidate,reasoning,instr_only,28,mmd_rbf,0.0027982317842543125,128
aim_on_task_arithmetic__calib_general,candidate,reasoning,instr_only,28,projected_js,0.0508999559096992,128
aim_on_task_arithmetic__calib_general,candidate,reasoning,instr_only,29,mmd_rbf,0.0027892421931028366,128
aim_on_task_arithmetic__calib_general,candidate,reasoning,instr_only,29,projected_js,0.052728277805726975,128
aim_on_task_arithmetic__calib_general,candidate,reasoning,instr_only,30,mmd_rbf,0.0028637894429266453,128
aim_on_task_arithmetic__calib_general,candidate,reasoning,instr_only,30,projected_js,0.049928424414247274,128
aim_on_task_arithmetic__calib_general,candidate,reasoning,instr_only,31,mmd_rbf,0.003047548234462738,128
aim_on_task_arithmetic__calib_general,candidate,reasoning,instr_only,31,projected_js,0.053193896485026926,128
aim_on_task_arithmetic__calib_general,candidate,reasoning,instr_only,32,mmd_rbf,0.0031593963503837585,128
aim_on_task_arithmetic__calib_general,candidate,reasoning,instr_only,32,projected_js,0.05275975202675909,128
aim_on_task_arithmetic__calib_general,candidate,reasoning,instr_only,33,mmd_rbf,0.0032626029569655657,128
aim_on_task_arithmetic__calib_general,candidate,reasoning,instr_only,33,projected_js,0.05307874522986822,128
aim_on_task_arithmetic__calib_general,candidate,reasoning,instr_only,34,mmd_rbf,0.004143587779253721,128
aim_on_task_arithmetic__calib_general,candidate,reasoning,instr_only,34,projected_js,0.05404544118209742,128
aim_on_task_arithmetic__calib_general,candidate,reasoning,instr_only,35,mmd_rbf,0.023024577647447586,128
aim_on_task_arithmetic__calib_general,candidate,reasoning,instr_only,35,projected_js,0.07102683687116951,128
aim_on_task_arithmetic__calib_general,candidate,reasoning,reasoning_only,0,mmd_rbf,0.00443578977137804,128
aim_on_task_arithmetic__calib_general,candidate,reasoning,reasoning_only,0,projected_js,0.04765918859629892,128
aim_on_task_arithmetic__calib_general,candidate,reasoning,reasoning_only,1,mmd_rbf,0.007104914169758558,128
aim_on_task_arithmetic__calib_general,candidate,reasoning,reasoning_only,1,projected_js,0.05369777846499346,128
aim_on_task_arithmetic__calib_general,candidate,reasoning,reasoning_only,2,mmd_rbf,0.013206045143306255,128
aim_on_task_arithmetic__calib_general,candidate,reasoning,reasoning_only,2,projected_js,0.06232291576452553,128
aim_on_task_arithmetic__calib_general,candidate,reasoning,reasoning_only,3,mmd_rbf,0.01591508463025093,128
aim_on_task_arithmetic__calib_general,candidate,reasoning,reasoning_only,3,projected_js,0.06649163668043911,128
aim_on_task_arithmetic__calib_general,candidate,reasoning,reasoning_only,4,mmd_rbf,0.015079486183822155,128
aim_on_task_arithmetic__calib_general,candidate,reasoning,reasoning_only,4,projected_js,0.06836089614080265,128
aim_on_task_arithmetic__calib_general,candidate,reasoning,reasoning_only,5,mmd_rbf,0.014129489660263062,128
aim_on_task_arithmetic__calib_general,candidate,reasoning,reasoning_only,5,projected_js,0.06473730766447261,128
aim_on_task_arithmetic__calib_general,candidate,reasoning,reasoning_only,6,mmd_rbf,0.010747029446065426,128
aim_on_task_arithmetic__calib_general,candidate,reasoning,reasoning_only,6,projected_js,0.06279161715065129,128
aim_on_task_arithmetic__calib_general,candidate,reasoning,reasoning_only,7,mmd_rbf,0.011242922395467758,128
aim_on_task_arithmetic__calib_general,candidate,reasoning,reasoning_only,7,projected_js,0.06527697603451088,128
aim_on_task_arithmetic__calib_general,candidate,reasoning,reasoning_only,8,mmd_rbf,0.009906901977956295,128
aim_on_task_arithmetic__calib_general,candidate,reasoning,reasoning_only,8,projected_js,0.06451679876772687,128
aim_on_task_arithmetic__calib_general,candidate,reasoning,reasoning_only,9,mmd_rbf,0.010055938735604286,128
aim_on_task_arithmetic__calib_general,candidate,reasoning,reasoning_only,9,projected_js,0.06446787051390857,128
aim_on_task_arithmetic__calib_general,candidate,reasoning,reasoning_only,10,mmd_rbf,0.010922643356025219,128
aim_on_task_arithmetic__calib_general,candidate,reasoning,reasoning_only,10,projected_js,0.0660378442844376,128
aim_on_task_arithmetic__calib_general,candidate,reasoning,reasoning_only,11,mmd_rbf,0.010254496708512306,128
aim_on_task_arithmetic__calib_general,candidate,reasoning,reasoning_only,11,projected_js,0.06573617289541289,128
aim_on_task_arithmetic__calib_general,candidate,reasoning,reasoning_only,12,mmd_rbf,0.010279628448188305,128
aim_on_task_arithmetic__calib_general,candidate,reasoning,reasoning_only,12,projected_js,0.064355926704593,128
aim_on_task_arithmetic__calib_general,candidate,reasoning,reasoning_only,13,mmd_rbf,0.010534373112022877,128
aim_on_task_arithmetic__calib_general,candidate,reasoning,reasoning_only,13,projected_js,0.06816217990126461,128
aim_on_task_arithmetic__calib_general,candidate,reasoning,reasoning_only,14,mmd_rbf,0.010371582582592964,128
aim_on_task_arithmetic__calib_general,candidate,reasoning,reasoning_only,14,projected_js,0.060639343166258186,128
aim_on_task_arithmetic__calib_general,candidate,reasoning,reasoning_only,15,mmd_rbf,0.011179668828845024,128
aim_on_task_arithmetic__calib_general,candidate,reasoning,reasoning_only,15,projected_js,0.06266143787070177,128
aim_on_task_arithmetic__calib_general,candidate,reasoning,reasoning_only,16,mmd_rbf,0.011553741060197353,128
aim_on_task_arithmetic__calib_general,candidate,reasoning,reasoning_only,16,projected_js,0.06601081974804401,128
aim_on_task_arithmetic__calib_general,candidate,reasoning,reasoning_only,17,mmd_rbf,0.011183622293174267,128
aim_on_task_arithmetic__calib_general,candidate,reasoning,reasoning_only,17,projected_js,0.0634993466665037,128
aim_on_task_arithmetic__calib_general,candidate,reasoning,reasoning_only,18,mmd_rbf,0.012671343050897121,128
aim_on_task_arithmetic__calib_general,candidate,reasoning,reasoning_only,18,projected_js,0.0664565151091665,128
aim_on_task_arithmetic__calib_general,candidate,reasoning,reasoning_only,19,mmd_rbf,0.011851086281239986,128
aim_on_task_arithmetic__calib_general,candidate,reasoning,reasoning_only,19,projected_js,0.0651188061456196,128
aim_on_task_arithmetic__calib_general,candidate,reasoning,reasoning_only,20,mmd_rbf,0.011346647515892982,128
aim_on_task_arithmetic__calib_general,candidate,reasoning,reasoning_only,20,projected_js,0.0660680400324054,128
aim_on_task_arithmetic__calib_general,candidate,reasoning,reasoning_only,21,mmd_rbf,0.011702331714332104,128
aim_on_task_arithmetic__calib_general,candidate,reasoning,reasoning_only,21,projected_js,0.06687290343688801,128
aim_on_task_arithmetic__calib_general,candidate,reasoning,reasoning_only,22,mmd_rbf,0.010070174932479858,128
aim_on_task_arithmetic__calib_general,candidate,reasoning,reasoning_only,22,projected_js,0.0672446358948946,128
aim_on_task_arithmetic__calib_general,candidate,reasoning,reasoning_only,23,mmd_rbf,0.008192441426217556,128
aim_on_task_arithmetic__calib_general,candidate,reasoning,reasoning_only,23,projected_js,0.06123213583487086,128
aim_on_task_arithmetic__calib_general,candidate,reasoning,reasoning_only,24,mmd_rbf,0.007802254054695368,128
aim_on_task_arithmetic__calib_general,candidate,reasoning,reasoning_only,24,projected_js,0.05976409756112844,128
aim_on_task_arithmetic__calib_general,candidate,reasoning,reasoning_only,25,mmd_rbf,0.006865780800580978,128
aim_on_task_arithmetic__calib_general,candidate,reasoning,reasoning_only,25,projected_js,0.059334511402994394,128
aim_on_task_arithmetic__calib_general,candidate,reasoning,reasoning_only,26,mmd_rbf,0.006431297864764929,128
aim_on_task_arithmetic__calib_general,candidate,reasoning,reasoning_only,26,projected_js,0.0617936109774746,128
aim_on_task_arithmetic__calib_general,candidate,reasoning,reasoning_only,27,mmd_rbf,0.006257250905036926,128
aim_on_task_arithmetic__calib_general,candidate,reasoning,reasoning_only,27,projected_js,0.059584040369372815,128
aim_on_task_arithmetic__calib_general,candidate,reasoning,reasoning_only,28,mmd_rbf,0.006429648492485285,128
aim_on_task_arithmetic__calib_general,candidate,reasoning,reasoning_only,28,projected_js,0.06039193144533783,128
aim_on_task_arithmetic__calib_general,candidate,reasoning,reasoning_only,29,mmd_rbf,0.006357223726809025,128
aim_on_task_arithmetic__calib_general,candidate,reasoning,reasoning_only,29,projected_js,0.061169314285507426,128
aim_on_task_arithmetic__calib_general,candidate,reasoning,reasoning_only,30,mmd_rbf,0.006574030965566635,128
aim_on_task_arithmetic__calib_general,candidate,reasoning,reasoning_only,30,projected_js,0.06505628785816953,128
aim_on_task_arithmetic__calib_general,candidate,reasoning,reasoning_only,31,mmd_rbf,0.006742037832736969,128
aim_on_task_arithmetic__calib_general,candidate,reasoning,reasoning_only,31,projected_js,0.0632298689452,128
aim_on_task_arithmetic__calib_general,candidate,reasoning,reasoning_only,32,mmd_rbf,0.006777657661587,128
aim_on_task_arithmetic__calib_general,candidate,reasoning,reasoning_only,32,projected_js,0.061958041216712445,128
aim_on_task_arithmetic__calib_general,candidate,reasoning,reasoning_only,33,mmd_rbf,0.007081647403538227,128
aim_on_task_arithmetic__calib_general,candidate,reasoning,reasoning_only,33,projected_js,0.061740275530610234,128
aim_on_task_arithmetic__calib_general,candidate,reasoning,reasoning_only,34,mmd_rbf,0.00785855483263731,128
aim_on_task_arithmetic__calib_general,candidate,reasoning,reasoning_only,34,projected_js,0.059969577472656965,128
aim_on_task_arithmetic__calib_general,candidate,reasoning,reasoning_only,35,mmd_rbf,0.03121991455554962,128
aim_on_task_arithmetic__calib_general,candidate,reasoning,reasoning_only,35,projected_js,0.08152269903803244,128
aim_on_task_arithmetic__calib_general,candidate,reasoning,uncensored_only,0,mmd_rbf,0.0027786195278167725,128
aim_on_task_arithmetic__calib_general,candidate,reasoning,uncensored_only,0,projected_js,0.0368246918587829,128
aim_on_task_arithmetic__calib_general,candidate,reasoning,uncensored_only,1,mmd_rbf,0.0796959325671196,128
aim_on_task_arithmetic__calib_general,candidate,reasoning,uncensored_only,1,projected_js,0.11924799298867583,128
aim_on_task_arithmetic__calib_general,candidate,reasoning,uncensored_only,2,mmd_rbf,0.07433965057134628,128
aim_on_task_arithmetic__calib_general,candidate,reasoning,uncensored_only,2,projected_js,0.10433811479015276,128
aim_on_task_arithmetic__calib_general,candidate,reasoning,uncensored_only,3,mmd_rbf,0.05651634931564331,128
aim_on_task_arithmetic__calib_general,candidate,reasoning,uncensored_only,3,projected_js,0.09531571884872392,128
aim_on_task_arithmetic__calib_general,candidate,reasoning,uncensored_only,4,mmd_rbf,0.03830571100115776,128
aim_on_task_arithmetic__calib_general,candidate,reasoning,uncensored_only,4,projected_js,0.09018735610879958,128
aim_on_task_arithmetic__calib_general,candidate,reasoning,uncensored_only,5,mmd_rbf,0.024911081418395042,128
aim_on_task_arithmetic__calib_general,candidate,reasoning,uncensored_only,5,projected_js,0.07937358823255636,128
aim_on_task_arithmetic__calib_general,candidate,reasoning,uncensored_only,6,mmd_rbf,0.015074758790433407,128
aim_on_task_arithmetic__calib_general,candidate,reasoning,uncensored_only,6,projected_js,0.06904270278755575,128
aim_on_task_arithmetic__calib_general,candidate,reasoning,uncensored_only,7,mmd_rbf,0.013319501653313637,128
aim_on_task_arithmetic__calib_general,candidate,reasoning,uncensored_only,7,projected_js,0.06563374903635122,128
aim_on_task_arithmetic__calib_general,candidate,reasoning,uncensored_only,8,mmd_rbf,0.010286263190209866,128
aim_on_task_arithmetic__calib_general,candidate,reasoning,uncensored_only,8,projected_js,0.06201415602117777,128
aim_on_task_arithmetic__calib_general,candidate,reasoning,uncensored_only,9,mmd_rbf,0.008868795819580555,128
aim_on_task_arithmetic__calib_general,candidate,reasoning,uncensored_only,9,projected_js,0.06217531283618882,128
aim_on_task_arithmetic__calib_general,candidate,reasoning,uncensored_only,10,mmd_rbf,0.007966205477714539,128
aim_on_task_arithmetic__calib_general,candidate,reasoning,uncensored_only,10,projected_js,0.05923648094176315,128
aim_on_task_arithmetic__calib_general,candidate,reasoning,uncensored_only,11,mmd_rbf,0.006891127675771713,128
aim_on_task_arithmetic__calib_general,candidate,reasoning,uncensored_only,11,projected_js,0.05925376346567646,128
aim_on_task_arithmetic__calib_general,candidate,reasoning,uncensored_only,12,mmd_rbf,0.006821766495704651,128
aim_on_task_arithmetic__calib_general,candidate,reasoning,uncensored_only,12,projected_js,0.058079430484212935,128
aim_on_task_arithmetic__calib_general,candidate,reasoning,uncensored_only,13,mmd_rbf,0.007084518205374479,128
aim_on_task_arithmetic__calib_general,candidate,reasoning,uncensored_only,13,projected_js,0.06417371495626867,128
aim_on_task_arithmetic__calib_general,candidate,reasoning,uncensored_only,14,mmd_rbf,0.007426841650158167,128
aim_on_task_arithmetic__calib_general,candidate,reasoning,uncensored_only,14,projected_js,0.06008405378088355,128
aim_on_task_arithmetic__calib_general,candidate,reasoning,uncensored_only,15,mmd_rbf,0.009058745577931404,128
aim_on_task_arithmetic__calib_general,candidate,reasoning,uncensored_only,15,projected_js,0.06279862188966945,128
aim_on_task_arithmetic__calib_general,candidate,reasoning,uncensored_only,16,mmd_rbf,0.009753996506333351,128
aim_on_task_arithmetic__calib_general,candidate,reasoning,uncensored_only,16,projected_js,0.06056985681061633,128
aim_on_task_arithmetic__calib_general,candidate,reasoning,uncensored_only,17,mmd_rbf,0.009538818150758743,128
aim_on_task_arithmetic__calib_general,candidate,reasoning,uncensored_only,17,projected_js,0.059543837036471814,128
aim_on_task_arithmetic__calib_general,candidate,reasoning,uncensored_only,18,mmd_rbf,0.009474915452301502,128
aim_on_task_arithmetic__calib_general,candidate,reasoning,uncensored_only,18,projected_js,0.06386482616653666,128
aim_on_task_arithmetic__calib_general,candidate,reasoning,uncensored_only,19,mmd_rbf,0.009369613602757454,128
aim_on_task_arithmetic__calib_general,candidate,reasoning,uncensored_only,19,projected_js,0.06212408759165555,128
aim_on_task_arithmetic__calib_general,candidate,reasoning,uncensored_only,20,mmd_rbf,0.00954687874764204,128
aim_on_task_arithmetic__calib_general,candidate,reasoning,uncensored_only,20,projected_js,0.06548131047748029,128
aim_on_task_arithmetic__calib_general,candidate,reasoning,uncensored_only,21,mmd_rbf,0.010125330649316311,128
aim_on_task_arithmetic__calib_general,candidate,reasoning,uncensored_only,21,projected_js,0.06141888501588255,128
aim_on_task_arithmetic__calib_general,candidate,reasoning,uncensored_only,22,mmd_rbf,0.010289217345416546,128
aim_on_task_arithmetic__calib_general,candidate,reasoning,uncensored_only,22,projected_js,0.06101269944338128,128
aim_on_task_arithmetic__calib_general,candidate,reasoning,uncensored_only,23,mmd_rbf,0.010049973614513874,128
aim_on_task_arithmetic__calib_general,candidate,reasoning,uncensored_only,23,projected_js,0.06492764980066568,128
aim_on_task_arithmetic__calib_general,candidate,reasoning,uncensored_only,24,mmd_rbf,0.010032696649432182,128
aim_on_task_arithmetic__calib_general,candidate,reasoning,uncensored_only,24,projected_js,0.06654457468539476,128
aim_on_task_arithmetic__calib_general,candidate,reasoning,uncensored_only,25,mmd_rbf,0.010150955989956856,128
aim_on_task_arithmetic__calib_general,candidate,reasoning,uncensored_only,25,projected_js,0.06791543250437826,128
aim_on_task_arithmetic__calib_general,candidate,reasoning,uncensored_only,26,mmd_rbf,0.010157539509236813,128
aim_on_task_arithmetic__calib_general,candidate,reasoning,uncensored_only,26,projected_js,0.06573307665530592,128
aim_on_task_arithmetic__calib_general,candidate,reasoning,uncensored_only,27,mmd_rbf,0.01028944831341505,128
aim_on_task_arithmetic__calib_general,candidate,reasoning,uncensored_only,27,projected_js,0.06526861491147429,128
aim_on_task_arithmetic__calib_general,candidate,reasoning,uncensored_only,28,mmd_rbf,0.009894809685647488,128
aim_on_task_arithmetic__calib_general,candidate,reasoning,uncensored_only,28,projected_js,0.06323349906597286,128
aim_on_task_arithmetic__calib_general,candidate,reasoning,uncensored_only,29,mmd_rbf,0.010019384324550629,128
aim_on_task_arithmetic__calib_general,candidate,reasoning,uncensored_only,29,projected_js,0.06623573403339833,128
aim_on_task_arithmetic__calib_general,candidate,reasoning,uncensored_only,30,mmd_rbf,0.010311247780919075,128
aim_on_task_arithmetic__calib_general,candidate,reasoning,uncensored_only,30,projected_js,0.0655686374520883,128
aim_on_task_arithmetic__calib_general,candidate,reasoning,uncensored_only,31,mmd_rbf,0.010263072326779366,128
aim_on_task_arithmetic__calib_general,candidate,reasoning,uncensored_only,31,projected_js,0.06440040704910643,128
aim_on_task_arithmetic__calib_general,candidate,reasoning,uncensored_only,32,mmd_rbf,0.010420192033052444,128
aim_on_task_arithmetic__calib_general,candidate,reasoning,uncensored_only,32,projected_js,0.06648547627264634,128
aim_on_task_arithmetic__calib_general,candidate,reasoning,uncensored_only,33,mmd_rbf,0.010603080503642559,128
aim_on_task_arithmetic__calib_general,candidate,reasoning,uncensored_only,33,projected_js,0.06429096189094707,128
aim_on_task_arithmetic__calib_general,candidate,reasoning,uncensored_only,34,mmd_rbf,0.011308821849524975,128
aim_on_task_arithmetic__calib_general,candidate,reasoning,uncensored_only,34,projected_js,0.06477354862727225,128
aim_on_task_arithmetic__calib_general,candidate,reasoning,uncensored_only,35,mmd_rbf,0.02993396297097206,128
aim_on_task_arithmetic__calib_general,candidate,reasoning,uncensored_only,35,projected_js,0.07815140078309923,128
aim_on_task_arithmetic__calib_general,candidate,uncensored_refusal_like,base,0,mmd_rbf,0.008029783144593239,128
aim_on_task_arithmetic__calib_general,candidate,uncensored_refusal_like,base,0,projected_js,0.05008664360502735,128
aim_on_task_arithmetic__calib_general,candidate,uncensored_refusal_like,base,1,mmd_rbf,0.01370975375175476,128
aim_on_task_arithmetic__calib_general,candidate,uncensored_refusal_like,base,1,projected_js,0.06499826704384759,128
aim_on_task_arithmetic__calib_general,candidate,uncensored_refusal_like,base,2,mmd_rbf,0.015217426232993603,128
aim_on_task_arithmetic__calib_general,candidate,uncensored_refusal_like,base,2,projected_js,0.06160840083612129,128
aim_on_task_arithmetic__calib_general,candidate,uncensored_refusal_like,base,3,mmd_rbf,0.02521250955760479,128
aim_on_task_arithmetic__calib_general,candidate,uncensored_refusal_like,base,3,projected_js,0.08293872798094526,128
aim_on_task_arithmetic__calib_general,candidate,uncensored_refusal_like,base,4,mmd_rbf,0.02444717101752758,128
aim_on_task_arithmetic__calib_general,candidate,uncensored_refusal_like,base,4,projected_js,0.07775336201302707,128
aim_on_task_arithmetic__calib_general,candidate,uncensored_refusal_like,base,5,mmd_rbf,0.02557109110057354,128
aim_on_task_arithmetic__calib_general,candidate,uncensored_refusal_like,base,5,projected_js,0.07570452510844916,128
aim_on_task_arithmetic__calib_general,candidate,uncensored_refusal_like,base,6,mmd_rbf,0.02224382385611534,128
aim_on_task_arithmetic__calib_general,candidate,uncensored_refusal_like,base,6,projected_js,0.07327975350199267,128
aim_on_task_arithmetic__calib_general,candidate,uncensored_refusal_like,base,7,mmd_rbf,0.020158562809228897,128
aim_on_task_arithmetic__calib_general,candidate,uncensored_refusal_like,base,7,projected_js,0.06869429012294859,128
aim_on_task_arithmetic__calib_general,candidate,uncensored_refusal_like,base,8,mmd_rbf,0.018220363184809685,128
aim_on_task_arithmetic__calib_general,candidate,uncensored_refusal_like,base,8,projected_js,0.07197214983170852,128
aim_on_task_arithmetic__calib_general,candidate,uncensored_refusal_like,base,9,mmd_rbf,0.02085607312619686,128
aim_on_task_arithmetic__calib_general,candidate,uncensored_refusal_like,base,9,projected_js,0.07207921164808795,128
aim_on_task_arithmetic__calib_general,candidate,uncensored_refusal_like,base,10,mmd_rbf,0.022683128714561462,128
aim_on_task_arithmetic__calib_general,candidate,uncensored_refusal_like,base,10,projected_js,0.07696029503131285,128
aim_on_task_arithmetic__calib_general,candidate,uncensored_refusal_like,base,11,mmd_rbf,0.024950744584202766,128
aim_on_task_arithmetic__calib_general,candidate,uncensored_refusal_like,base,11,projected_js,0.07942235341761261,128
aim_on_task_arithmetic__calib_general,candidate,uncensored_refusal_like,base,12,mmd_rbf,0.028267694637179375,128
aim_on_task_arithmetic__calib_general,candidate,uncensored_refusal_like,base,12,projected_js,0.07847324426984414,128
aim_on_task_arithmetic__calib_general,candidate,uncensored_refusal_like,base,13,mmd_rbf,0.03203628957271576,128
aim_on_task_arithmetic__calib_general,candidate,uncensored_refusal_like,base,13,projected_js,0.0893597329268232,128
aim_on_task_arithmetic__calib_general,candidate,uncensored_refusal_like,base,14,mmd_rbf,0.03429318219423294,128
aim_on_task_arithmetic__calib_general,candidate,uncensored_refusal_like,base,14,projected_js,0.08464311884017661,128
aim_on_task_arithmetic__calib_general,candidate,uncensored_refusal_like,base,15,mmd_rbf,0.03647096827626228,128
aim_on_task_arithmetic__calib_general,candidate,uncensored_refusal_like,base,15,projected_js,0.07902387075591832,128
aim_on_task_arithmetic__calib_general,candidate,uncensored_refusal_like,base,16,mmd_rbf,0.03713851422071457,128
aim_on_task_arithmetic__calib_general,candidate,uncensored_refusal_like,base,16,projected_js,0.07981132221175358,128
aim_on_task_arithmetic__calib_general,candidate,uncensored_refusal_like,base,17,mmd_rbf,0.03767776116728783,128
aim_on_task_arithmetic__calib_general,candidate,uncensored_refusal_like,base,17,projected_js,0.08437519671861082,128
aim_on_task_arithmetic__calib_general,candidate,uncensored_refusal_like,base,18,mmd_rbf,0.039170291274785995,128
aim_on_task_arithmetic__calib_general,candidate,uncensored_refusal_like,base,18,projected_js,0.08468241844093427,128
aim_on_task_arithmetic__calib_general,candidate,uncensored_refusal_like,base,19,mmd_rbf,0.0391414575278759,128
aim_on_task_arithmetic__calib_general,candidate,uncensored_refusal_like,base,19,projected_js,0.085406438796781,128
aim_on_task_arithmetic__calib_general,candidate,uncensored_refusal_like,base,20,mmd_rbf,0.04512375593185425,128
aim_on_task_arithmetic__calib_general,candidate,uncensored_refusal_like,base,20,projected_js,0.08770485548302531,128
aim_on_task_arithmetic__calib_general,candidate,uncensored_refusal_like,base,21,mmd_rbf,0.04799909517168999,128
aim_on_task_arithmetic__calib_general,candidate,uncensored_refusal_like,base,21,projected_js,0.09030013345181942,128
aim_on_task_arithmetic__calib_general,candidate,uncensored_refusal_like,base,22,mmd_rbf,0.049865346401929855,128
aim_on_task_arithmetic__calib_general,candidate,uncensored_refusal_like,base,22,projected_js,0.09469737292965874,128
aim_on_task_arithmetic__calib_general,candidate,uncensored_refusal_like,base,23,mmd_rbf,0.04897967353463173,128
aim_on_task_arithmetic__calib_general,candidate,uncensored_refusal_like,base,23,projected_js,0.0951101589598693,128
aim_on_task_arithmetic__calib_general,candidate,uncensored_refusal_like,base,24,mmd_rbf,0.04738280922174454,128
aim_on_task_arithmetic__calib_general,candidate,uncensored_refusal_like,base,24,projected_js,0.09939309931360185,128
aim_on_task_arithmetic__calib_general,candidate,uncensored_refusal_like,base,25,mmd_rbf,0.04622158035635948,128
aim_on_task_arithmetic__calib_general,candidate,uncensored_refusal_like,base,25,projected_js,0.09011459158500656,128
aim_on_task_arithmetic__calib_general,candidate,uncensored_refusal_like,base,26,mmd_rbf,0.04624897614121437,128
aim_on_task_arithmetic__calib_general,candidate,uncensored_refusal_like,base,26,projected_js,0.09535335970576853,128
aim_on_task_arithmetic__calib_general,candidate,uncensored_refusal_like,base,27,mmd_rbf,0.046597838401794434,128
aim_on_task_arithmetic__calib_general,candidate,uncensored_refusal_like,base,27,projected_js,0.09991023252950981,128
aim_on_task_arithmetic__calib_general,candidate,uncensored_refusal_like,base,28,mmd_rbf,0.045174647122621536,128
aim_on_task_arithmetic__calib_general,candidate,uncensored_refusal_like,base,28,projected_js,0.10040353331714869,128
aim_on_task_arithmetic__calib_general,candidate,uncensored_refusal_like,base,29,mmd_rbf,0.042382221668958664,128
aim_on_task_arithmetic__calib_general,candidate,uncensored_refusal_like,base,29,projected_js,0.09549053863156587,128
aim_on_task_arithmetic__calib_general,candidate,uncensored_refusal_like,base,30,mmd_rbf,0.042842548340559006,128
aim_on_task_arithmetic__calib_general,candidate,uncensored_refusal_like,base,30,projected_js,0.09887793299276382,128
aim_on_task_arithmetic__calib_general,candidate,uncensored_refusal_like,base,31,mmd_rbf,0.0421772375702858,128
aim_on_task_arithmetic__calib_general,candidate,uncensored_refusal_like,base,31,projected_js,0.09241561207454652,128
aim_on_task_arithmetic__calib_general,candidate,uncensored_refusal_like,base,32,mmd_rbf,0.04246273264288902,128
aim_on_task_arithmetic__calib_general,candidate,uncensored_refusal_like,base,32,projected_js,0.09211887797573581,128
aim_on_task_arithmetic__calib_general,candidate,uncensored_refusal_like,base,33,mmd_rbf,0.040719758719205856,128
aim_on_task_arithmetic__calib_general,candidate,uncensored_refusal_like,base,33,projected_js,0.09102639387128875,128
aim_on_task_arithmetic__calib_general,candidate,uncensored_refusal_like,base,34,mmd_rbf,0.05376283451914787,128
aim_on_task_arithmetic__calib_general,candidate,uncensored_refusal_like,base,34,projected_js,0.10290109645575285,128
aim_on_task_arithmetic__calib_general,candidate,uncensored_refusal_like,base,35,mmd_rbf,0.12776608765125275,128
aim_on_task_arithmetic__calib_general,candidate,uncensored_refusal_like,base,35,projected_js,0.1680083245737478,128
aim_on_task_arithmetic__calib_general,candidate,uncensored_refusal_like,instr_only,0,mmd_rbf,0.0048084198497235775,128
aim_on_task_arithmetic__calib_general,candidate,uncensored_refusal_like,instr_only,0,projected_js,0.04634884843835607,128
aim_on_task_arithmetic__calib_general,candidate,uncensored_refusal_like,instr_only,1,mmd_rbf,0.008212173357605934,128
aim_on_task_arithmetic__calib_general,candidate,uncensored_refusal_like,instr_only,1,projected_js,0.0526619867014233,128
aim_on_task_arithmetic__calib_general,candidate,uncensored_refusal_like,instr_only,2,mmd_rbf,0.009787231683731079,128
aim_on_task_arithmetic__calib_general,candidate,uncensored_refusal_like,instr_only,2,projected_js,0.05734335270244628,128
aim_on_task_arithmetic__calib_general,candidate,uncensored_refusal_like,instr_only,3,mmd_rbf,0.01237289048731327,128
aim_on_task_arithmetic__calib_general,candidate,uncensored_refusal_like,instr_only,3,projected_js,0.06106641091173515,128
aim_on_task_arithmetic__calib_general,candidate,uncensored_refusal_like,instr_only,4,mmd_rbf,0.013484037481248379,128
aim_on_task_arithmetic__calib_general,candidate,uncensored_refusal_like,instr_only,4,projected_js,0.06294290407095104,128
aim_on_task_arithmetic__calib_general,candidate,uncensored_refusal_like,instr_only,5,mmd_rbf,0.01361540425568819,128
aim_on_task_arithmetic__calib_general,candidate,uncensored_refusal_like,instr_only,5,projected_js,0.059582878369838,128
aim_on_task_arithmetic__calib_general,candidate,uncensored_refusal_like,instr_only,6,mmd_rbf,0.010566159151494503,128
aim_on_task_arithmetic__calib_general,candidate,uncensored_refusal_like,instr_only,6,projected_js,0.057159044372383505,128
aim_on_task_arithmetic__calib_general,candidate,uncensored_refusal_like,instr_only,7,mmd_rbf,0.008642928674817085,128
aim_on_task_arithmetic__calib_general,candidate,uncensored_refusal_like,instr_only,7,projected_js,0.05871817856677808,128
aim_on_task_arithmetic__calib_general,candidate,uncensored_refusal_like,instr_only,8,mmd_rbf,0.007069289684295654,128
aim_on_task_arithmetic__calib_general,candidate,uncensored_refusal_like,instr_only,8,projected_js,0.05898528959369287,128
aim_on_task_arithmetic__calib_general,candidate,uncensored_refusal_like,instr_only,9,mmd_rbf,0.007067954633384943,128
aim_on_task_arithmetic__calib_general,candidate,uncensored_refusal_like,instr_only,9,projected_js,0.061299360007978976,128
aim_on_task_arithmetic__calib_general,candidate,uncensored_refusal_like,instr_only,10,mmd_rbf,0.007416179869323969,128
aim_on_task_arithmetic__calib_general,candidate,uncensored_refusal_like,instr_only,10,projected_js,0.06537000532262027,128
aim_on_task_arithmetic__calib_general,candidate,uncensored_refusal_like,instr_only,11,mmd_rbf,0.007088424172252417,128
aim_on_task_arithmetic__calib_general,candidate,uncensored_refusal_like,instr_only,11,projected_js,0.05753244552761316,128
aim_on_task_arithmetic__calib_general,candidate,uncensored_refusal_like,instr_only,12,mmd_rbf,0.007468565832823515,128
aim_on_task_arithmetic__calib_general,candidate,uncensored_refusal_like,instr_only,12,projected_js,0.0631268625438679,128
aim_on_task_arithmetic__calib_general,candidate,uncensored_refusal_like,instr_only,13,mmd_rbf,0.0076662697829306126,128
aim_on_task_arithmetic__calib_general,candidate,uncensored_refusal_like,instr_only,13,projected_js,0.06357848865445703,128
aim_on_task_arithmetic__calib_general,candidate,uncensored_refusal_like,instr_only,14,mmd_rbf,0.0075111836194992065,128
aim_on_task_arithmetic__calib_general,candidate,uncensored_refusal_like,instr_only,14,projected_js,0.06242808571550995,128
aim_on_task_arithmetic__calib_general,candidate,uncensored_refusal_like,instr_only,15,mmd_rbf,0.007817390374839306,128
aim_on_task_arithmetic__calib_general,candidate,uncensored_refusal_like,instr_only,15,projected_js,0.06598521646810696,128
aim_on_task_arithmetic__calib_general,candidate,uncensored_refusal_like,instr_only,16,mmd_rbf,0.008305855095386505,128
aim_on_task_arithmetic__calib_general,candidate,uncensored_refusal_like,instr_only,16,projected_js,0.06450892571592703,128
aim_on_task_arithmetic__calib_general,candidate,uncensored_refusal_like,instr_only,17,mmd_rbf,0.00920608639717102,128
aim_on_task_arithmetic__calib_general,candidate,uncensored_refusal_like,instr_only,17,projected_js,0.0622231088927947,128
aim_on_task_arithmetic__calib_general,candidate,uncensored_refusal_like,instr_only,18,mmd_rbf,0.010307182557880878,128
aim_on_task_arithmetic__calib_general,candidate,uncensored_refusal_like,instr_only,18,projected_js,0.063895825878717,128
aim_on_task_arithmetic__calib_general,candidate,uncensored_refusal_like,instr_only,19,mmd_rbf,0.011308751069009304,128
aim_on_task_arithmetic__calib_general,candidate,uncensored_refusal_like,instr_only,19,projected_js,0.06451349070994183,128
aim_on_task_arithmetic__calib_general,candidate,uncensored_refusal_like,instr_only,20,mmd_rbf,0.012689776718616486,128
aim_on_task_arithmetic__calib_general,candidate,uncensored_refusal_like,instr_only,20,projected_js,0.06695444777142256,128
aim_on_task_arithmetic__calib_general,candidate,uncensored_refusal_like,instr_only,21,mmd_rbf,0.0150191904976964,128
aim_on_task_arithmetic__calib_general,candidate,uncensored_refusal_like,instr_only,21,projected_js,0.07296721782768145,128
aim_on_task_arithmetic__calib_general,candidate,uncensored_refusal_like,instr_only,22,mmd_rbf,0.016383836045861244,128
aim_on_task_arithmetic__calib_general,candidate,uncensored_refusal_like,instr_only,22,projected_js,0.0706216151593253,128
aim_on_task_arithmetic__calib_general,candidate,uncensored_refusal_like,instr_only,23,mmd_rbf,0.01684315875172615,128
aim_on_task_arithmetic__calib_general,candidate,uncensored_refusal_like,instr_only,23,projected_js,0.07241830317070708,128
aim_on_task_arithmetic__calib_general,candidate,uncensored_refusal_like,instr_only,24,mmd_rbf,0.017871903255581856,128
aim_on_task_arithmetic__calib_general,candidate,uncensored_refusal_like,instr_only,24,projected_js,0.07219064352102578,128
aim_on_task_arithmetic__calib_general,candidate,uncensored_refusal_like,instr_only,25,mmd_rbf,0.01957111805677414,128
aim_on_task_arithmetic__calib_general,candidate,uncensored_refusal_like,instr_only,25,projected_js,0.07487790647428483,128
aim_on_task_arithmetic__calib_general,candidate,uncensored_refusal_like,instr_only,26,mmd_rbf,0.020541654899716377,128
aim_on_task_arithmetic__calib_general,candidate,uncensored_refusal_like,instr_only,26,projected_js,0.07676691201049834,128
aim_on_task_arithmetic__calib_general,candidate,uncensored_refusal_like,instr_only,27,mmd_rbf,0.020572734996676445,128
aim_on_task_arithmetic__calib_general,candidate,uncensored_refusal_like,instr_only,27,projected_js,0.0728536753449589,128
aim_on_task_arithmetic__calib_general,candidate,uncensored_refusal_like,instr_only,28,mmd_rbf,0.02048405073583126,128
aim_on_task_arithmetic__calib_general,candidate,uncensored_refusal_like,instr_only,28,projected_js,0.07845244603231549,128
aim_on_task_arithmetic__calib_general,candidate,uncensored_refusal_like,instr_only,29,mmd_rbf,0.01957925222814083,128
aim_on_task_arithmetic__calib_general,candidate,uncensored_refusal_like,instr_only,29,projected_js,0.0765519646811299,128
aim_on_task_arithmetic__calib_general,candidate,uncensored_refusal_like,instr_only,30,mmd_rbf,0.01973479799926281,128
aim_on_task_arithmetic__calib_general,candidate,uncensored_refusal_like,instr_only,30,projected_js,0.07794535858556628,128
aim_on_task_arithmetic__calib_general,candidate,uncensored_refusal_like,instr_only,31,mmd_rbf,0.0194606464356184,128
aim_on_task_arithmetic__calib_general,candidate,uncensored_refusal_like,instr_only,31,projected_js,0.07669737684773281,128
aim_on_task_arithmetic__calib_general,candidate,uncensored_refusal_like,instr_only,32,mmd_rbf,0.019845856353640556,128
aim_on_task_arithmetic__calib_general,candidate,uncensored_refusal_like,instr_only,32,projected_js,0.07721720231347717,128
aim_on_task_arithmetic__calib_general,candidate,uncensored_refusal_like,instr_only,33,mmd_rbf,0.01944744400680065,128
aim_on_task_arithmetic__calib_general,candidate,uncensored_refusal_like,instr_only,33,projected_js,0.07861978345317766,128
aim_on_task_arithmetic__calib_general,candidate,uncensored_refusal_like,instr_only,34,mmd_rbf,0.022270798683166504,128
aim_on_task_arithmetic__calib_general,candidate,uncensored_refusal_like,instr_only,34,projected_js,0.0814851468312554,128
aim_on_task_arithmetic__calib_general,candidate,uncensored_refusal_like,instr_only,35,mmd_rbf,0.07821182906627655,128
aim_on_task_arithmetic__calib_general,candidate,uncensored_refusal_like,instr_only,35,projected_js,0.12884415371809155,128
aim_on_task_arithmetic__calib_general,candidate,uncensored_refusal_like,reasoning_only,0,mmd_rbf,0.022949552163481712,128
aim_on_task_arithmetic__calib_general,candidate,uncensored_refusal_like,reasoning_only,0,projected_js,0.09162523163831793,128
aim_on_task_arithmetic__calib_general,candidate,uncensored_refusal_like,reasoning_only,1,mmd_rbf,0.028500854969024658,128
aim_on_task_arithmetic__calib_general,candidate,uncensored_refusal_like,reasoning_only,1,projected_js,0.08272097012377344,128
aim_on_task_arithmetic__calib_general,candidate,uncensored_refusal_like,reasoning_only,2,mmd_rbf,0.04004001244902611,128
aim_on_task_arithmetic__calib_general,candidate,uncensored_refusal_like,reasoning_only,2,projected_js,0.09154742711689323,128
aim_on_task_arithmetic__calib_general,candidate,uncensored_refusal_like,reasoning_only,3,mmd_rbf,0.04747845232486725,128
aim_on_task_arithmetic__calib_general,candidate,uncensored_refusal_like,reasoning_only,3,projected_js,0.10641421904438175,128
aim_on_task_arithmetic__calib_general,candidate,uncensored_refusal_like,reasoning_only,4,mmd_rbf,0.05064401775598526,128
aim_on_task_arithmetic__calib_general,candidate,uncensored_refusal_like,reasoning_only,4,projected_js,0.11591480579227209,128
aim_on_task_arithmetic__calib_general,candidate,uncensored_refusal_like,reasoning_only,5,mmd_rbf,0.056191205978393555,128
aim_on_task_arithmetic__calib_general,candidate,uncensored_refusal_like,reasoning_only,5,projected_js,0.12985000427579507,128
aim_on_task_arithmetic__calib_general,candidate,uncensored_refusal_like,reasoning_only,6,mmd_rbf,0.04340469464659691,128
aim_on_task_arithmetic__calib_general,candidate,uncensored_refusal_like,reasoning_only,6,projected_js,0.10431262810016051,128
aim_on_task_arithmetic__calib_general,candidate,uncensored_refusal_like,reasoning_only,7,mmd_rbf,0.03939236328005791,128
aim_on_task_arithmetic__calib_general,candidate,uncensored_refusal_like,reasoning_only,7,projected_js,0.10415885300608352,128
aim_on_task_arithmetic__calib_general,candidate,uncensored_refusal_like,reasoning_only,8,mmd_rbf,0.030818665400147438,128
aim_on_task_arithmetic__calib_general,candidate,uncensored_refusal_like,reasoning_only,8,projected_js,0.09301992278778926,128
aim_on_task_arithmetic__calib_general,candidate,uncensored_refusal_like,reasoning_only,9,mmd_rbf,0.029794568195939064,128
aim_on_task_arithmetic__calib_general,candidate,uncensored_refusal_like,reasoning_only,9,projected_js,0.092898131639231,128
aim_on_task_arithmetic__calib_general,candidate,uncensored_refusal_like,reasoning_only,10,mmd_rbf,0.031202509999275208,128
aim_on_task_arithmetic__calib_general,candidate,uncensored_refusal_like,reasoning_only,10,projected_js,0.0970690578687936,128
aim_on_task_arithmetic__calib_general,candidate,uncensored_refusal_like,reasoning_only,11,mmd_rbf,0.03039116971194744,128
aim_on_task_arithmetic__calib_general,candidate,uncensored_refusal_like,reasoning_only,11,projected_js,0.08892336030839942,128
aim_on_task_arithmetic__calib_general,candidate,uncensored_refusal_like,reasoning_only,12,mmd_rbf,0.03372276574373245,128
aim_on_task_arithmetic__calib_general,candidate,uncensored_refusal_like,reasoning_only,12,projected_js,0.09009689034428447,128
aim_on_task_arithmetic__calib_general,candidate,uncensored_refusal_like,reasoning_only,13,mmd_rbf,0.036010053008794785,128
aim_on_task_arithmetic__calib_general,candidate,uncensored_refusal_like,reasoning_only,13,projected_js,0.09337729663820937,128
aim_on_task_arithmetic__calib_general,candidate,uncensored_refusal_like,reasoning_only,14,mmd_rbf,0.03504965826869011,128
aim_on_task_arithmetic__calib_general,candidate,uncensored_refusal_like,reasoning_only,14,projected_js,0.08762941008899361,128
aim_on_task_arithmetic__calib_general,candidate,uncensored_refusal_like,reasoning_only,15,mmd_rbf,0.03608112409710884,128
aim_on_task_arithmetic__calib_general,candidate,uncensored_refusal_like,reasoning_only,15,projected_js,0.0880833970149979,128
aim_on_task_arithmetic__calib_general,candidate,uncensored_refusal_like,reasoning_only,16,mmd_rbf,0.03583646938204765,128
aim_on_task_arithmetic__calib_general,candidate,uncensored_refusal_like,reasoning_only,16,projected_js,0.08669191674562171,128
aim_on_task_arithmetic__calib_general,candidate,uncensored_refusal_like,reasoning_only,17,mmd_rbf,0.03587555140256882,128
aim_on_task_arithmetic__calib_general,candidate,uncensored_refusal_like,reasoning_only,17,projected_js,0.08309458335861564,128
aim_on_task_arithmetic__calib_general,candidate,uncensored_refusal_like,reasoning_only,18,mmd_rbf,0.04277704283595085,128
aim_on_task_arithmetic__calib_general,candidate,uncensored_refusal_like,reasoning_only,18,projected_js,0.08724720001919195,128
aim_on_task_arithmetic__calib_general,candidate,uncensored_refusal_like,reasoning_only,19,mmd_rbf,0.04143405705690384,128
aim_on_task_arithmetic__calib_general,candidate,uncensored_refusal_like,reasoning_only,19,projected_js,0.08610980835510418,128
aim_on_task_arithmetic__calib_general,candidate,uncensored_refusal_like,reasoning_only,20,mmd_rbf,0.041830241680145264,128
aim_on_task_arithmetic__calib_general,candidate,uncensored_refusal_like,reasoning_only,20,projected_js,0.08647317509166896,128
aim_on_task_arithmetic__calib_general,candidate,uncensored_refusal_like,reasoning_only,21,mmd_rbf,0.042919836938381195,128
aim_on_task_arithmetic__calib_general,candidate,uncensored_refusal_like,reasoning_only,21,projected_js,0.0879474597168155,128
aim_on_task_arithmetic__calib_general,candidate,uncensored_refusal_like,reasoning_only,22,mmd_rbf,0.04240695759654045,128
aim_on_task_arithmetic__calib_general,candidate,uncensored_refusal_like,reasoning_only,22,projected_js,0.09278886375250295,128
aim_on_task_arithmetic__calib_general,candidate,uncensored_refusal_like,reasoning_only,23,mmd_rbf,0.036993276327848434,128
aim_on_task_arithmetic__calib_general,candidate,uncensored_refusal_like,reasoning_only,23,projected_js,0.08810099225956947,128
aim_on_task_arithmetic__calib_general,candidate,uncensored_refusal_like,reasoning_only,24,mmd_rbf,0.041592128574848175,128
aim_on_task_arithmetic__calib_general,candidate,uncensored_refusal_like,reasoning_only,24,projected_js,0.08951033686753362,128
aim_on_task_arithmetic__calib_general,candidate,uncensored_refusal_like,reasoning_only,25,mmd_rbf,0.03969947248697281,128
aim_on_task_arithmetic__calib_general,candidate,uncensored_refusal_like,reasoning_only,25,projected_js,0.08595785679062828,128
aim_on_task_arithmetic__calib_general,candidate,uncensored_refusal_like,reasoning_only,26,mmd_rbf,0.04143763706088066,128
aim_on_task_arithmetic__calib_general,candidate,uncensored_refusal_like,reasoning_only,26,projected_js,0.08953309088246897,128
aim_on_task_arithmetic__calib_general,candidate,uncensored_refusal_like,reasoning_only,27,mmd_rbf,0.04345279559493065,128
aim_on_task_arithmetic__calib_general,candidate,uncensored_refusal_like,reasoning_only,27,projected_js,0.09012877807253972,128
aim_on_task_arithmetic__calib_general,candidate,uncensored_refusal_like,reasoning_only,28,mmd_rbf,0.04506583884358406,128
aim_on_task_arithmetic__calib_general,candidate,uncensored_refusal_like,reasoning_only,28,projected_js,0.09874091320671141,128
aim_on_task_arithmetic__calib_general,candidate,uncensored_refusal_like,reasoning_only,29,mmd_rbf,0.04364819452166557,128
aim_on_task_arithmetic__calib_general,candidate,uncensored_refusal_like,reasoning_only,29,projected_js,0.10146196180721745,128
aim_on_task_arithmetic__calib_general,candidate,uncensored_refusal_like,reasoning_only,30,mmd_rbf,0.04625106602907181,128
aim_on_task_arithmetic__calib_general,candidate,uncensored_refusal_like,reasoning_only,30,projected_js,0.10779801988974214,128
aim_on_task_arithmetic__calib_general,candidate,uncensored_refusal_like,reasoning_only,31,mmd_rbf,0.04606368765234947,128
aim_on_task_arithmetic__calib_general,candidate,uncensored_refusal_like,reasoning_only,31,projected_js,0.09913283615605906,128
aim_on_task_arithmetic__calib_general,candidate,uncensored_refusal_like,reasoning_only,32,mmd_rbf,0.04626994952559471,128
aim_on_task_arithmetic__calib_general,candidate,uncensored_refusal_like,reasoning_only,32,projected_js,0.09974309935932979,128
aim_on_task_arithmetic__calib_general,candidate,uncensored_refusal_like,reasoning_only,33,mmd_rbf,0.04415632039308548,128
aim_on_task_arithmetic__calib_general,candidate,uncensored_refusal_like,reasoning_only,33,projected_js,0.09212172875413671,128
aim_on_task_arithmetic__calib_general,candidate,uncensored_refusal_like,reasoning_only,34,mmd_rbf,0.04750150442123413,128
aim_on_task_arithmetic__calib_general,candidate,uncensored_refusal_like,reasoning_only,34,projected_js,0.09161062858765945,128
aim_on_task_arithmetic__calib_general,candidate,uncensored_refusal_like,reasoning_only,35,mmd_rbf,0.05891580134630203,128
aim_on_task_arithmetic__calib_general,candidate,uncensored_refusal_like,reasoning_only,35,projected_js,0.1066930047236383,128
aim_on_task_arithmetic__calib_general,candidate,uncensored_refusal_like,uncensored_only,0,mmd_rbf,0.013161814771592617,128
aim_on_task_arithmetic__calib_general,candidate,uncensored_refusal_like,uncensored_only,0,projected_js,0.05976693716365844,128
aim_on_task_arithmetic__calib_general,candidate,uncensored_refusal_like,uncensored_only,1,mmd_rbf,0.2279391586780548,128
aim_on_task_arithmetic__calib_general,candidate,uncensored_refusal_like,uncensored_only,1,projected_js,0.2502954413066618,128
aim_on_task_arithmetic__calib_general,candidate,uncensored_refusal_like,uncensored_only,2,mmd_rbf,0.20272910594940186,128
aim_on_task_arithmetic__calib_general,candidate,uncensored_refusal_like,uncensored_only,2,projected_js,0.21087245357921347,128
aim_on_task_arithmetic__calib_general,candidate,uncensored_refusal_like,uncensored_only,3,mmd_rbf,0.16308395564556122,128
aim_on_task_arithmetic__calib_general,candidate,uncensored_refusal_like,uncensored_only,3,projected_js,0.16940258216345683,128
aim_on_task_arithmetic__calib_general,candidate,uncensored_refusal_like,uncensored_only,4,mmd_rbf,0.13149979710578918,128
aim_on_task_arithmetic__calib_general,candidate,uncensored_refusal_like,uncensored_only,4,projected_js,0.1663824490387924,128
aim_on_task_arithmetic__calib_general,candidate,uncensored_refusal_like,uncensored_only,5,mmd_rbf,0.10055700689554214,128
aim_on_task_arithmetic__calib_general,candidate,uncensored_refusal_like,uncensored_only,5,projected_js,0.15595324954483658,128
aim_on_task_arithmetic__calib_general,candidate,uncensored_refusal_like,uncensored_only,6,mmd_rbf,0.06377863138914108,128
aim_on_task_arithmetic__calib_general,candidate,uncensored_refusal_like,uncensored_only,6,projected_js,0.116268047131598,128
aim_on_task_arithmetic__calib_general,candidate,uncensored_refusal_like,uncensored_only,7,mmd_rbf,0.048127803951501846,128
aim_on_task_arithmetic__calib_general,candidate,uncensored_refusal_like,uncensored_only,7,projected_js,0.09815103415166959,128
aim_on_task_arithmetic__calib_general,candidate,uncensored_refusal_like,uncensored_only,8,mmd_rbf,0.03439123556017876,128
aim_on_task_arithmetic__calib_general,candidate,uncensored_refusal_like,uncensored_only,8,projected_js,0.08527929423144087,128
aim_on_task_arithmetic__calib_general,candidate,uncensored_refusal_like,uncensored_only,9,mmd_rbf,0.029924800619482994,128
aim_on_task_arithmetic__calib_general,candidate,uncensored_refusal_like,uncensored_only,9,projected_js,0.07764935353770852,128
aim_on_task_arithmetic__calib_general,candidate,uncensored_refusal_like,uncensored_only,10,mmd_rbf,0.025132685899734497,128
aim_on_task_arithmetic__calib_general,candidate,uncensored_refusal_like,uncensored_only,10,projected_js,0.07850145880365744,128
aim_on_task_arithmetic__calib_general,candidate,uncensored_refusal_like,uncensored_only,11,mmd_rbf,0.021420685574412346,128
aim_on_task_arithmetic__calib_general,candidate,uncensored_refusal_like,uncensored_only,11,projected_js,0.06719342636642978,128
aim_on_task_arithmetic__calib_general,candidate,uncensored_refusal_like,uncensored_only,12,mmd_rbf,0.02171155996620655,128
aim_on_task_arithmetic__calib_general,candidate,uncensored_refusal_like,uncensored_only,12,projected_js,0.07377778482623398,128
aim_on_task_arithmetic__calib_general,candidate,uncensored_refusal_like,uncensored_only,13,mmd_rbf,0.023049036040902138,128
aim_on_task_arithmetic__calib_general,candidate,uncensored_refusal_like,uncensored_only,13,projected_js,0.07452557137003168,128
aim_on_task_arithmetic__calib_general,candidate,uncensored_refusal_like,uncensored_only,14,mmd_rbf,0.0236293263733387,128
aim_on_task_arithmetic__calib_general,candidate,uncensored_refusal_like,uncensored_only,14,projected_js,0.07407405850244686,128
aim_on_task_arithmetic__calib_general,candidate,uncensored_refusal_like,uncensored_only,15,mmd_rbf,0.02900397777557373,128
aim_on_task_arithmetic__calib_general,candidate,uncensored_refusal_like,uncensored_only,15,projected_js,0.08563801069976762,128
aim_on_task_arithmetic__calib_general,candidate,uncensored_refusal_like,uncensored_only,16,mmd_rbf,0.030508387833833694,128
aim_on_task_arithmetic__calib_general,candidate,uncensored_refusal_like,uncensored_only,16,projected_js,0.07859181560343131,128
aim_on_task_arithmetic__calib_general,candidate,uncensored_refusal_like,uncensored_only,17,mmd_rbf,0.03142468258738518,128
aim_on_task_arithmetic__calib_general,candidate,uncensored_refusal_like,uncensored_only,17,projected_js,0.08044916932703927,128
aim_on_task_arithmetic__calib_general,candidate,uncensored_refusal_like,uncensored_only,18,mmd_rbf,0.032692864537239075,128
aim_on_task_arithmetic__calib_general,candidate,uncensored_refusal_like,uncensored_only,18,projected_js,0.0813281312584877,128
aim_on_task_arithmetic__calib_general,candidate,uncensored_refusal_like,uncensored_only,19,mmd_rbf,0.0314367450773716,128
aim_on_task_arithmetic__calib_general,candidate,uncensored_refusal_like,uncensored_only,19,projected_js,0.08296844072174281,128
aim_on_task_arithmetic__calib_general,candidate,uncensored_refusal_like,uncensored_only,20,mmd_rbf,0.03363176807761192,128
aim_on_task_arithmetic__calib_general,candidate,uncensored_refusal_like,uncensored_only,20,projected_js,0.07900661416351795,128
aim_on_task_arithmetic__calib_general,candidate,uncensored_refusal_like,uncensored_only,21,mmd_rbf,0.037790633738040924,128
aim_on_task_arithmetic__calib_general,candidate,uncensored_refusal_like,uncensored_only,21,projected_js,0.08774812769843265,128
aim_on_task_arithmetic__calib_general,candidate,uncensored_refusal_like,uncensored_only,22,mmd_rbf,0.03982706740498543,128
aim_on_task_arithmetic__calib_general,candidate,uncensored_refusal_like,uncensored_only,22,projected_js,0.08961343119153753,128
aim_on_task_arithmetic__calib_general,candidate,uncensored_refusal_like,uncensored_only,23,mmd_rbf,0.0403486005961895,128
aim_on_task_arithmetic__calib_general,candidate,uncensored_refusal_like,uncensored_only,23,projected_js,0.09037560247816145,128
aim_on_task_arithmetic__calib_general,candidate,uncensored_refusal_like,uncensored_only,24,mmd_rbf,0.04551614075899124,128
aim_on_task_arithmetic__calib_general,candidate,uncensored_refusal_like,uncensored_only,24,projected_js,0.0889930471603293,128
aim_on_task_arithmetic__calib_general,candidate,uncensored_refusal_like,uncensored_only,25,mmd_rbf,0.04959956929087639,128
aim_on_task_arithmetic__calib_general,candidate,uncensored_refusal_like,uncensored_only,25,projected_js,0.09636156680062413,128
aim_on_task_arithmetic__calib_general,candidate,uncensored_refusal_like,uncensored_only,26,mmd_rbf,0.05112788826227188,128
aim_on_task_arithmetic__calib_general,candidate,uncensored_refusal_like,uncensored_only,26,projected_js,0.09286959288874641,128
aim_on_task_arithmetic__calib_general,candidate,uncensored_refusal_like,uncensored_only,27,mmd_rbf,0.05261460691690445,128
aim_on_task_arithmetic__calib_general,candidate,uncensored_refusal_like,uncensored_only,27,projected_js,0.09746894845739007,128
aim_on_task_arithmetic__calib_general,candidate,uncensored_refusal_like,uncensored_only,28,mmd_rbf,0.05084684118628502,128
aim_on_task_arithmetic__calib_general,candidate,uncensored_refusal_like,uncensored_only,28,projected_js,0.10333909781184047,128
aim_on_task_arithmetic__calib_general,candidate,uncensored_refusal_like,uncensored_only,29,mmd_rbf,0.04871217533946037,128
aim_on_task_arithmetic__calib_general,candidate,uncensored_refusal_like,uncensored_only,29,projected_js,0.10006006708135828,128
aim_on_task_arithmetic__calib_general,candidate,uncensored_refusal_like,uncensored_only,30,mmd_rbf,0.051786042749881744,128
aim_on_task_arithmetic__calib_general,candidate,uncensored_refusal_like,uncensored_only,30,projected_js,0.10303086566273123,128
aim_on_task_arithmetic__calib_general,candidate,uncensored_refusal_like,uncensored_only,31,mmd_rbf,0.05035822466015816,128
aim_on_task_arithmetic__calib_general,candidate,uncensored_refusal_like,uncensored_only,31,projected_js,0.09676923649385571,128
aim_on_task_arithmetic__calib_general,candidate,uncensored_refusal_like,uncensored_only,32,mmd_rbf,0.050109416246414185,128
aim_on_task_arithmetic__calib_general,candidate,uncensored_refusal_like,uncensored_only,32,projected_js,0.09774093877058476,128
aim_on_task_arithmetic__calib_general,candidate,uncensored_refusal_like,uncensored_only,33,mmd_rbf,0.04936409741640091,128
aim_on_task_arithmetic__calib_general,candidate,uncensored_refusal_like,uncensored_only,33,projected_js,0.0976123163709417,128
aim_on_task_arithmetic__calib_general,candidate,uncensored_refusal_like,uncensored_only,34,mmd_rbf,0.053215719759464264,128
aim_on_task_arithmetic__calib_general,candidate,uncensored_refusal_like,uncensored_only,34,projected_js,0.10512034979183227,128
aim_on_task_arithmetic__calib_general,candidate,uncensored_refusal_like,uncensored_only,35,mmd_rbf,0.1005064994096756,128
aim_on_task_arithmetic__calib_general,candidate,uncensored_refusal_like,uncensored_only,35,projected_js,0.1302335971267894,128
