model_id,model_kind,calib_subset,target_id,layer,metric,value,n_prompts
aim_on_ties__calib_general,candidate,general,base,0,mmd_rbf,0.0036450207699090242,128
aim_on_ties__calib_general,candidate,general,base,0,projected_js,0.037324203716707416,128
aim_on_ties__calib_general,candidate,general,base,1,mmd_rbf,0.007303187157958746,128
aim_on_ties__calib_general,candidate,general,base,1,projected_js,0.043634092406136915,128
aim_on_ties__calib_general,candidate,general,base,2,mmd_rbf,0.006739004049450159,128
aim_on_ties__calib_general,candidate,general,base,2,projected_js,0.047534614423057064,128
aim_on_ties__calib_general,candidate,general,base,3,mmd_rbf,0.00872976053506136,128
aim_on_ties__calib_general,candidate,general,base,3,projected_js,0.04921406166977249,128
aim_on_ties__calib_general,candidate,general,base,4,mmd_rbf,0.008008524775505066,128
aim_on_ties__calib_general,candidate,general,base,4,projected_js,0.052269304724177346,128
aim_on_ties__calib_general,candidate,general,base,5,mmd_rbf,0.007451202254742384,128
aim_on_ties__calib_general,candidate,general,base,5,projected_js,0.051783382397843525,128
aim_on_ties__calib_general,candidate,general,base,6,mmd_rbf,0.005625193007290363,128
aim_on_ties__calib_general,candidate,general,base,6,projected_js,0.05118679825682193,128
aim_on_ties__calib_general,candidate,general,base,7,mmd_rbf,0.004990406334400177,128
aim_on_ties__calib_general,candidate,general,base,7,projected_js,0.053332546551246196,128
aim_on_ties__calib_general,candidate,general,base,8,mmd_rbf,0.00397650059312582,128
aim_on_ties__calib_general,candidate,general,base,8,projected_js,0.05144655850017443,128
aim_on_ties__calib_general,candidate,general,base,9,mmd_rbf,0.003841730998829007,128
aim_on_ties__calib_general,candidate,general,base,9,projected_js,0.05177610827377066,128
aim_on_ties__calib_general,candidate,general,base,10,mmd_rbf,0.003836849005892873,128
aim_on_ties__calib_general,candidate,general,base,10,projected_js,0.05081748831435107,128
aim_on_ties__calib_general,candidate,general,base,11,mmd_rbf,0.003805970074608922,128
aim_on_ties__calib_general,candidate,general,base,11,projected_js,0.05438243463868275,128
aim_on_ties__calib_general,candidate,general,base,12,mmd_rbf,0.0038171515334397554,128
aim_on_ties__calib_general,candidate,general,base,12,projected_js,0.05439142091199756,128
aim_on_ties__calib_general,candidate,general,base,13,mmd_rbf,0.003997803200036287,128
aim_on_ties__calib_general,candidate,general,base,13,projected_js,0.055094535753596574,128
aim_on_ties__calib_general,candidate,general,base,14,mmd_rbf,0.004135338589549065,128
aim_on_ties__calib_general,candidate,general,base,14,projected_js,0.0549509035772644,128
aim_on_ties__calib_general,candidate,general,base,15,mmd_rbf,0.004572975914925337,128
aim_on_ties__calib_general,candidate,general,base,15,projected_js,0.05512105824891478,128
aim_on_ties__calib_general,candidate,general,base,16,mmd_rbf,0.00528971292078495,128
aim_on_ties__calib_general,candidate,general,base,16,projected_js,0.05642101028934121,128
aim_on_ties__calib_general,candidate,general,base,17,mmd_rbf,0.005075988359749317,128
aim_on_ties__calib_general,candidate,general,base,17,projected_js,0.055936244141776115,128
aim_on_ties__calib_general,candidate,general,base,18,mmd_rbf,0.005475935526192188,128
aim_on_ties__calib_general,candidate,general,base,18,projected_js,0.0603571604588069,128
aim_on_ties__calib_general,candidate,general,base,19,mmd_rbf,0.00554693816229701,128
aim_on_ties__calib_general,candidate,general,base,19,projected_js,0.0576409850618802,128
aim_on_ties__calib_general,candidate,general,base,20,mmd_rbf,0.005385931581258774,128
aim_on_ties__calib_general,candidate,general,base,20,projected_js,0.056213323783595115,128
aim_on_ties__calib_general,candidate,general,base,21,mmd_rbf,0.0055431486107409,128
aim_on_ties__calib_general,candidate,general,base,21,projected_js,0.05895726493326947,128
aim_on_ties__calib_general,candidate,general,base,22,mmd_rbf,0.005080887116491795,128
aim_on_ties__calib_general,candidate,general,base,22,projected_js,0.05603032460203394,128
aim_on_ties__calib_general,candidate,general,base,23,mmd_rbf,0.00474834768101573,128
aim_on_ties__calib_general,candidate,general,base,23,projected_js,0.05826180736767128,128
aim_on_ties__calib_general,candidate,general,base,24,mmd_rbf,0.00428450433537364,128
aim_on_ties__calib_general,candidate,general,base,24,projected_js,0.057337978709256276,128
aim_on_ties__calib_general,candidate,general,base,25,mmd_rbf,0.0040132165886461735,128
aim_on_ties__calib_general,candidate,general,base,25,projected_js,0.05569762582308613,128
aim_on_ties__calib_general,candidate,general,base,26,mmd_rbf,0.003980622161179781,128
aim_on_ties__calib_general,candidate,general,base,26,projected_js,0.0529229961684905,128
aim_on_ties__calib_general,candidate,general,base,27,mmd_rbf,0.003949013072997332,128
aim_on_ties__calib_general,candidate,general,base,27,projected_js,0.05493227351689711,128
aim_on_ties__calib_general,candidate,general,base,28,mmd_rbf,0.0037465847562998533,128
aim_on_ties__calib_general,candidate,general,base,28,projected_js,0.05601800204021856,128
aim_on_ties__calib_general,candidate,general,base,29,mmd_rbf,0.003641194896772504,128
aim_on_ties__calib_general,candidate,general,base,29,projected_js,0.05264878299203701,128
aim_on_ties__calib_general,candidate,general,base,30,mmd_rbf,0.0035056702326983213,128
aim_on_ties__calib_general,candidate,general,base,30,projected_js,0.053769933147123083,128
aim_on_ties__calib_general,candidate,general,base,31,mmd_rbf,0.0033776958007365465,128
aim_on_ties__calib_general,candidate,general,base,31,projected_js,0.052666840550955385,128
aim_on_ties__calib_general,candidate,general,base,32,mmd_rbf,0.0036155276466161013,128
aim_on_ties__calib_general,candidate,general,base,32,projected_js,0.051244431000668555,128
aim_on_ties__calib_general,candidate,general,base,33,mmd_rbf,0.0038710706867277622,128
aim_on_ties__calib_general,candidate,general,base,33,projected_js,0.05547282955376431,128
aim_on_ties__calib_general,candidate,general,base,34,mmd_rbf,0.007129451725631952,128
aim_on_ties__calib_general,candidate,general,base,34,projected_js,0.05752482754178345,128
aim_on_ties__calib_general,candidate,general,base,35,mmd_rbf,0.04227207973599434,128
aim_on_ties__calib_general,candidate,general,base,35,projected_js,0.08719834871590137,128
aim_on_ties__calib_general,candidate,general,instr_only,0,mmd_rbf,0.00265409960411489,128
aim_on_ties__calib_general,candidate,general,instr_only,0,projected_js,0.031198462995234877,128
aim_on_ties__calib_general,candidate,general,instr_only,1,mmd_rbf,0.004669016692787409,128
aim_on_ties__calib_general,candidate,general,instr_only,1,projected_js,0.038049785667681135,128
aim_on_ties__calib_general,candidate,general,instr_only,2,mmd_rbf,0.005680900998413563,128
aim_on_ties__calib_general,candidate,general,instr_only,2,projected_js,0.04312294165720232,128
aim_on_ties__calib_general,candidate,general,instr_only,3,mmd_rbf,0.006754200905561447,128
aim_on_ties__calib_general,candidate,general,instr_only,3,projected_js,0.04686075684730895,128
aim_on_ties__calib_general,candidate,general,instr_only,4,mmd_rbf,0.007035789079964161,128
aim_on_ties__calib_general,candidate,general,instr_only,4,projected_js,0.04560478511848487,128
aim_on_ties__calib_general,candidate,general,instr_only,5,mmd_rbf,0.006790864747017622,128
aim_on_ties__calib_general,candidate,general,instr_only,5,projected_js,0.04754537748522125,128
aim_on_ties__calib_general,candidate,general,instr_only,6,mmd_rbf,0.004869152791798115,128
aim_on_ties__calib_general,candidate,general,instr_only,6,projected_js,0.045781420631101355,128
aim_on_ties__calib_general,candidate,general,instr_only,7,mmd_rbf,0.003999324049800634,128
aim_on_ties__calib_general,candidate,general,instr_only,7,projected_js,0.04588959028478712,128
aim_on_ties__calib_general,candidate,general,instr_only,8,mmd_rbf,0.003161907894536853,128
aim_on_ties__calib_general,candidate,general,instr_only,8,projected_js,0.046500642522005364,128
aim_on_ties__calib_general,candidate,general,instr_only,9,mmd_rbf,0.003128542797639966,128
aim_on_ties__calib_general,candidate,general,instr_only,9,projected_js,0.050181513535790145,128
aim_on_ties__calib_general,candidate,general,instr_only,10,mmd_rbf,0.0032688539940863848,128
aim_on_ties__calib_general,candidate,general,instr_only,10,projected_js,0.04843689489644021,128
aim_on_ties__calib_general,candidate,general,instr_only,11,mmd_rbf,0.0034147861879318953,128
aim_on_ties__calib_general,candidate,general,instr_only,11,projected_js,0.05063899781089276,128
aim_on_ties__calib_general,candidate,general,instr_only,12,mmd_rbf,0.00366932968609035,128
aim_on_ties__calib_general,candidate,general,instr_only,12,projected_js,0.05269139670417644,128
aim_on_ties__calib_general,candidate,general,instr_only,13,mmd_rbf,0.004293646197766066,128
aim_on_ties__calib_general,candidate,general,instr_only,13,projected_js,0.05518884101184085,128
aim_on_ties__calib_general,candidate,general,instr_only,14,mmd_rbf,0.004461824893951416,128
aim_on_ties__calib_general,candidate,general,instr_only,14,projected_js,0.05386988210375421,128
aim_on_ties__calib_general,candidate,general,instr_only,15,mmd_rbf,0.004926964640617371,128
aim_on_ties__calib_general,candidate,general,instr_only,15,projected_js,0.0547871446760837,128
aim_on_ties__calib_general,candidate,general,instr_only,16,mmd_rbf,0.005585717037320137,128
aim_on_ties__calib_general,candidate,general,instr_only,16,projected_js,0.05882615226437338,128
aim_on_ties__calib_general,candidate,general,instr_only,17,mmd_rbf,0.0059712836518883705,128
aim_on_ties__calib_general,candidate,general,instr_only,17,projected_js,0.05718521020025946,128
aim_on_ties__calib_general,candidate,general,instr_only,18,mmd_rbf,0.006290559656918049,128
aim_on_ties__calib_general,candidate,general,instr_only,18,projected_js,0.060204649285878986,128
aim_on_ties__calib_general,candidate,general,instr_only,19,mmd_rbf,0.006743924226611853,128
aim_on_ties__calib_general,candidate,general,instr_only,19,projected_js,0.06169480521930382,128
aim_on_ties__calib_general,candidate,general,instr_only,20,mmd_rbf,0.006801741663366556,128
aim_on_ties__calib_general,candidate,general,instr_only,20,projected_js,0.05960374031565152,128
aim_on_ties__calib_general,candidate,general,instr_only,21,mmd_rbf,0.0069540515542030334,128
aim_on_ties__calib_general,candidate,general,instr_only,21,projected_js,0.061445549537893385,128
aim_on_ties__calib_general,candidate,general,instr_only,22,mmd_rbf,0.0073725031688809395,128
aim_on_ties__calib_general,candidate,general,instr_only,22,projected_js,0.058904724195599556,128
aim_on_ties__calib_general,candidate,general,instr_only,23,mmd_rbf,0.007282345090061426,128
aim_on_ties__calib_general,candidate,general,instr_only,23,projected_js,0.059830784099176526,128
aim_on_ties__calib_general,candidate,general,instr_only,24,mmd_rbf,0.007376351859420538,128
aim_on_ties__calib_general,candidate,general,instr_only,24,projected_js,0.058351877640234306,128
aim_on_ties__calib_general,candidate,general,instr_only,25,mmd_rbf,0.007306430488824844,128
aim_on_ties__calib_general,candidate,general,instr_only,25,projected_js,0.06013270717812702,128
aim_on_ties__calib_general,candidate,general,instr_only,26,mmd_rbf,0.007353981025516987,128
aim_on_ties__calib_general,candidate,general,instr_only,26,projected_js,0.058062832133146,128
aim_on_ties__calib_general,candidate,general,instr_only,27,mmd_rbf,0.007303372025489807,128
aim_on_ties__calib_general,candidate,general,instr_only,27,projected_js,0.057978022494353354,128
aim_on_ties__calib_general,candidate,general,instr_only,28,mmd_rbf,0.007001219782978296,128
aim_on_ties__calib_general,candidate,general,instr_only,28,projected_js,0.060315400711260736,128
aim_on_ties__calib_general,candidate,general,instr_only,29,mmd_rbf,0.006575477309525013,128
aim_on_ties__calib_general,candidate,general,instr_only,29,projected_js,0.05511790240416303,128
aim_on_ties__calib_general,candidate,general,instr_only,30,mmd_rbf,0.006182921584695578,128
aim_on_ties__calib_general,candidate,general,instr_only,30,projected_js,0.0601880234607961,128
aim_on_ties__calib_general,candidate,general,instr_only,31,mmd_rbf,0.006040419917553663,128
aim_on_ties__calib_general,candidate,general,instr_only,31,projected_js,0.05620042121154256,128
aim_on_ties__calib_general,candidate,general,instr_only,32,mmd_rbf,0.006305381655693054,128
aim_on_ties__calib_general,candidate,general,instr_only,32,projected_js,0.05578694381983951,128
aim_on_ties__calib_general,candidate,general,instr_only,33,mmd_rbf,0.006413397844880819,128
aim_on_ties__calib_general,candidate,general,instr_only,33,projected_js,0.056303468241821975,128
aim_on_ties__calib_general,candidate,general,instr_only,34,mmd_rbf,0.009087934158742428,128
aim_on_ties__calib_general,candidate,general,instr_only,34,projected_js,0.05950566547107883,128
aim_on_ties__calib_general,candidate,general,instr_only,35,mmd_rbf,0.05720292404294014,128
aim_on_ties__calib_general,candidate,general,instr_only,35,projected_js,0.09741475351620466,128
aim_on_ties__calib_general,candidate,general,reasoning_only,0,mmd_rbf,0.01746966876089573,128
aim_on_ties__calib_general,candidate,general,reasoning_only,0,projected_js,0.06854997162008658,128
aim_on_ties__calib_general,candidate,general,reasoning_only,1,mmd_rbf,0.019978193566203117,128
aim_on_ties__calib_general,candidate,general,reasoning_only,1,projected_js,0.06689293248928152,128
aim_on_ties__calib_general,candidate,general,reasoning_only,2,mmd_rbf,0.02707330323755741,128
aim_on_ties__calib_general,candidate,general,reasoning_only,2,projected_js,0.07230007910402492,128
aim_on_ties__calib_general,candidate,general,reasoning_only,3,mmd_rbf,0.02902728132903576,128
aim_on_ties__calib_general,candidate,general,reasoning_only,3,projected_js,0.08146261796355247,128
aim_on_ties__calib_general,candidate,general,reasoning_only,4,mmd_rbf,0.027815252542495728,128
aim_on_ties__calib_general,candidate,general,reasoning_only,4,projected_js,0.07977094867965207,128
aim_on_ties__calib_general,candidate,general,reasoning_only,5,mmd_rbf,0.02762770466506481,128
aim_on_ties__calib_general,candidate,general,reasoning_only,5,projected_js,0.08112379509839229,128
aim_on_ties__calib_general,candidate,general,reasoning_only,6,mmd_rbf,0.019029712304472923,128
aim_on_ties__calib_general,candidate,general,reasoning_only,6,projected_js,0.07204177472158335,128
aim_on_ties__calib_general,candidate,general,reasoning_only,7,mmd_rbf,0.017475811764597893,128
aim_on_ties__calib_general,candidate,general,reasoning_only,7,projected_js,0.07180461019743234,128
aim_on_ties__calib_general,candidate,general,reasoning_only,8,mmd_rbf,0.013432665728032589,128
aim_on_ties__calib_general,candidate,general,reasoning_only,8,projected_js,0.06895037833601236,128
aim_on_ties__calib_general,candidate,general,reasoning_only,9,mmd_rbf,0.01287929154932499,128
aim_on_ties__calib_general,candidate,general,reasoning_only,9,projected_js,0.06641820858931169,128
aim_on_ties__calib_general,candidate,general,reasoning_only,10,mmd_rbf,0.013623562641441822,128
aim_on_ties__calib_general,candidate,general,reasoning_only,10,projected_js,0.06469155004015192,128
aim_on_ties__calib_general,candidate,general,reasoning_only,11,mmd_rbf,0.012243530713021755,128
aim_on_ties__calib_general,candidate,general,reasoning_only,11,projected_js,0.06328211521031335,128
aim_on_ties__calib_general,candidate,general,reasoning_only,12,mmd_rbf,0.012470964342355728,128
aim_on_ties__calib_general,candidate,general,reasoning_only,12,projected_js,0.06916602971614338,128
aim_on_ties__calib_general,candidate,general,reasoning_only,13,mmd_rbf,0.012942171655595303,128
aim_on_ties__calib_general,candidate,general,reasoning_only,13,projected_js,0.06804874510271475,128
aim_on_ties__calib_general,candidate,general,reasoning_only,14,mmd_rbf,0.012819952331483364,128
aim_on_ties__calib_general,candidate,general,reasoning_only,14,projected_js,0.06645593512803316,128
aim_on_ties__calib_general,candidate,general,reasoning_only,15,mmd_rbf,0.013732305727899075,128
aim_on_ties__calib_general,candidate,general,reasoning_only,15,projected_js,0.06545345814083703,128
aim_on_ties__calib_general,candidate,general,reasoning_only,16,mmd_rbf,0.014069738797843456,128
aim_on_ties__calib_general,candidate,general,reasoning_only,16,projected_js,0.06559374541393481,128
aim_on_ties__calib_general,candidate,general,reasoning_only,17,mmd_rbf,0.013699180446565151,128
aim_on_ties__calib_general,candidate,general,reasoning_only,17,projected_js,0.06592308840481564,128
aim_on_ties__calib_general,candidate,general,reasoning_only,18,mmd_rbf,0.015712833032011986,128
aim_on_ties__calib_general,candidate,general,reasoning_only,18,projected_js,0.06671214726520702,128
aim_on_ties__calib_general,candidate,general,reasoning_only,19,mmd_rbf,0.014679640531539917,128
aim_on_ties__calib_general,candidate,general,reasoning_only,19,projected_js,0.06965984706766903,128
aim_on_ties__calib_general,candidate,general,reasoning_only,20,mmd_rbf,0.014418736100196838,128
aim_on_ties__calib_general,candidate,general,reasoning_only,20,projected_js,0.0657945417042356,128
aim_on_ties__calib_general,candidate,general,reasoning_only,21,mmd_rbf,0.01508117001503706,128
aim_on_ties__calib_general,candidate,general,reasoning_only,21,projected_js,0.06775109522277489,128
aim_on_ties__calib_general,candidate,general,reasoning_only,22,mmd_rbf,0.012607619166374207,128
aim_on_ties__calib_general,candidate,general,reasoning_only,22,projected_js,0.06840001710224897,128
aim_on_ties__calib_general,candidate,general,reasoning_only,23,mmd_rbf,0.010081891901791096,128
aim_on_ties__calib_general,candidate,general,reasoning_only,23,projected_js,0.0644910919945687,128
aim_on_ties__calib_general,candidate,general,reasoning_only,24,mmd_rbf,0.010014503262937069,128
aim_on_ties__calib_general,candidate,general,reasoning_only,24,projected_js,0.06105109868803993,128
aim_on_ties__calib_general,candidate,general,reasoning_only,25,mmd_rbf,0.009031434543430805,128
aim_on_ties__calib_general,candidate,general,reasoning_only,25,projected_js,0.06289097358239815,128
aim_on_ties__calib_general,candidate,general,reasoning_only,26,mmd_rbf,0.008911270648241043,128
aim_on_ties__calib_general,candidate,general,reasoning_only,26,projected_js,0.061712311464361846,128
aim_on_ties__calib_general,candidate,general,reasoning_only,27,mmd_rbf,0.008481594733893871,128
aim_on_ties__calib_general,candidate,general,reasoning_only,27,projected_js,0.06130695540923625,128
aim_on_ties__calib_general,candidate,general,reasoning_only,28,mmd_rbf,0.008633566088974476,128
aim_on_ties__calib_general,candidate,general,reasoning_only,28,projected_js,0.06062494506477378,128
aim_on_ties__calib_general,candidate,general,reasoning_only,29,mmd_rbf,0.008476517163217068,128
aim_on_ties__calib_general,candidate,general,reasoning_only,29,projected_js,0.06269108649576083,128
aim_on_ties__calib_general,candidate,general,reasoning_only,30,mmd_rbf,0.00834116991609335,128
aim_on_ties__calib_general,candidate,general,reasoning_only,30,projected_js,0.060261151200393215,128
aim_on_ties__calib_general,candidate,general,reasoning_only,31,mmd_rbf,0.008335101418197155,128
aim_on_ties__calib_general,candidate,general,reasoning_only,31,projected_js,0.06136455727391876,128
aim_on_ties__calib_general,candidate,general,reasoning_only,32,mmd_rbf,0.008304822258651257,128
aim_on_ties__calib_general,candidate,general,reasoning_only,32,projected_js,0.06066349445609376,128
aim_on_ties__calib_general,candidate,general,reasoning_only,33,mmd_rbf,0.008035633713006973,128
aim_on_ties__calib_general,candidate,general,reasoning_only,33,projected_js,0.06488133344100788,128
aim_on_ties__calib_general,candidate,general,reasoning_only,34,mmd_rbf,0.007864450104534626,128
aim_on_ties__calib_general,candidate,general,reasoning_only,34,projected_js,0.05877980246441439,128
aim_on_ties__calib_general,candidate,general,reasoning_only,35,mmd_rbf,0.019283762201666832,128
aim_on_ties__calib_general,candidate,general,reasoning_only,35,projected_js,0.06309594959020615,128
aim_on_ties__calib_general,candidate,general,uncensored_only,0,mmd_rbf,0.006927156355232,128
aim_on_ties__calib_general,candidate,general,uncensored_only,0,projected_js,0.03757573605980724,128
aim_on_ties__calib_general,candidate,general,uncensored_only,1,mmd_rbf,0.1582086980342865,128
aim_on_ties__calib_general,candidate,general,uncensored_only,1,projected_js,0.16830476134782657,128
aim_on_ties__calib_general,candidate,general,uncensored_only,2,mmd_rbf,0.1288180649280548,128
aim_on_ties__calib_general,candidate,general,uncensored_only,2,projected_js,0.13006393442628905,128
aim_on_ties__calib_general,candidate,general,uncensored_only,3,mmd_rbf,0.09803061932325363,128
aim_on_ties__calib_general,candidate,general,uncensored_only,3,projected_js,0.12034601834602654,128
aim_on_ties__calib_general,candidate,general,uncensored_only,4,mmd_rbf,0.07188749313354492,128
aim_on_ties__calib_general,candidate,general,uncensored_only,4,projected_js,0.10961556009715423,128
aim_on_ties__calib_general,candidate,general,uncensored_only,5,mmd_rbf,0.04980118200182915,128
aim_on_ties__calib_general,candidate,general,uncensored_only,5,projected_js,0.10027630563126877,128
aim_on_ties__calib_general,candidate,general,uncensored_only,6,mmd_rbf,0.02839932218194008,128
aim_on_ties__calib_general,candidate,general,uncensored_only,6,projected_js,0.08003326444304548,128
aim_on_ties__calib_general,candidate,general,uncensored_only,7,mmd_rbf,0.02187366597354412,128
aim_on_ties__calib_general,candidate,general,uncensored_only,7,projected_js,0.07302384189097211,128
aim_on_ties__calib_general,candidate,general,uncensored_only,8,mmd_rbf,0.014552697539329529,128
aim_on_ties__calib_general,candidate,general,uncensored_only,8,projected_js,0.06578425876796246,128
aim_on_ties__calib_general,candidate,general,uncensored_only,9,mmd_rbf,0.012374787591397762,128
aim_on_ties__calib_general,candidate,general,uncensored_only,9,projected_js,0.06334475986659527,128
aim_on_ties__calib_general,candidate,general,uncensored_only,10,mmd_rbf,0.010859697125852108,128
aim_on_ties__calib_general,candidate,general,uncensored_only,10,projected_js,0.06437712424667552,128
aim_on_ties__calib_general,candidate,general,uncensored_only,11,mmd_rbf,0.009475571103394032,128
aim_on_ties__calib_general,candidate,general,uncensored_only,11,projected_js,0.06094998263870366,128
aim_on_ties__calib_general,candidate,general,uncensored_only,12,mmd_rbf,0.009178652428090572,128
aim_on_ties__calib_general,candidate,general,uncensored_only,12,projected_js,0.061287805903702974,128
aim_on_ties__calib_general,candidate,general,uncensored_only,13,mmd_rbf,0.009709049947559834,128
aim_on_ties__calib_general,candidate,general,uncensored_only,13,projected_js,0.06185258139157668,128
aim_on_ties__calib_general,candidate,general,uncensored_only,14,mmd_rbf,0.009653687477111816,128
aim_on_ties__calib_general,candidate,general,uncensored_only,14,projected_js,0.06327662715921178,128
aim_on_ties__calib_general,candidate,general,uncensored_only,15,mmd_rbf,0.011954093351960182,128
aim_on_ties__calib_general,candidate,general,uncensored_only,15,projected_js,0.06612883356865495,128
aim_on_ties__calib_general,candidate,general,uncensored_only,16,mmd_rbf,0.01325328927487135,128
aim_on_ties__calib_general,candidate,general,uncensored_only,16,projected_js,0.06582103585242294,128
aim_on_ties__calib_general,candidate,general,uncensored_only,17,mmd_rbf,0.012327953241765499,128
aim_on_ties__calib_general,candidate,general,uncensored_only,17,projected_js,0.06700076826382428,128
aim_on_ties__calib_general,candidate,general,uncensored_only,18,mmd_rbf,0.012522691860795021,128
aim_on_ties__calib_general,candidate,general,uncensored_only,18,projected_js,0.06596438866108656,128
aim_on_ties__calib_general,candidate,general,uncensored_only,19,mmd_rbf,0.011814448051154613,128
aim_on_ties__calib_general,candidate,general,uncensored_only,19,projected_js,0.06686278927372769,128
aim_on_ties__calib_general,candidate,general,uncensored_only,20,mmd_rbf,0.011795843951404095,128
aim_on_ties__calib_general,candidate,general,uncensored_only,20,projected_js,0.06397155980812386,128
aim_on_ties__calib_general,candidate,general,uncensored_only,21,mmd_rbf,0.012758495286107063,128
aim_on_ties__calib_general,candidate,general,uncensored_only,21,projected_js,0.06944833998568356,128
aim_on_ties__calib_general,candidate,general,uncensored_only,22,mmd_rbf,0.013553231954574585,128
aim_on_ties__calib_general,candidate,general,uncensored_only,22,projected_js,0.06607883149990812,128
aim_on_ties__calib_general,candidate,general,uncensored_only,23,mmd_rbf,0.013091705739498138,128
aim_on_ties__calib_general,candidate,general,uncensored_only,23,projected_js,0.062072145025013015,128
aim_on_ties__calib_general,candidate,general,uncensored_only,24,mmd_rbf,0.013477838598191738,128
aim_on_ties__calib_general,candidate,general,uncensored_only,24,projected_js,0.06817738380050287,128
aim_on_ties__calib_general,candidate,general,uncensored_only,25,mmd_rbf,0.013740159571170807,128
aim_on_ties__calib_general,candidate,general,uncensored_only,25,projected_js,0.06674033275339752,128
aim_on_ties__calib_general,candidate,general,uncensored_only,26,mmd_rbf,0.014103795401751995,128
aim_on_ties__calib_general,candidate,general,uncensored_only,26,projected_js,0.06664252036716789,128
aim_on_ties__calib_general,candidate,general,uncensored_only,27,mmd_rbf,0.014157207682728767,128
aim_on_ties__calib_general,candidate,general,uncensored_only,27,projected_js,0.06925778940785676,128
aim_on_ties__calib_general,candidate,general,uncensored_only,28,mmd_rbf,0.013144085183739662,128
aim_on_ties__calib_general,candidate,general,uncensored_only,28,projected_js,0.065619440167211,128
aim_on_ties__calib_general,candidate,general,uncensored_only,29,mmd_rbf,0.012722034938633442,128
aim_on_ties__calib_general,candidate,general,uncensored_only,29,projected_js,0.061356766091194004,128
aim_on_ties__calib_general,candidate,general,uncensored_only,30,mmd_rbf,0.012674758210778236,128
aim_on_ties__calib_general,candidate,general,uncensored_only,30,projected_js,0.06224182067671791,128
aim_on_ties__calib_general,candidate,general,uncensored_only,31,mmd_rbf,0.012020408175885677,128
aim_on_ties__calib_general,candidate,general,uncensored_only,31,projected_js,0.06378674786537886,128
aim_on_ties__calib_general,candidate,general,uncensored_only,32,mmd_rbf,0.0119539899751544,128
aim_on_ties__calib_general,candidate,general,uncensored_only,32,projected_js,0.06099645691574551,128
aim_on_ties__calib_general,candidate,general,uncensored_only,33,mmd_rbf,0.012193619273602962,128
aim_on_ties__calib_general,candidate,general,uncensored_only,33,projected_js,0.06228744890540838,128
aim_on_ties__calib_general,candidate,general,uncensored_only,34,mmd_rbf,0.014397804625332355,128
aim_on_ties__calib_general,candidate,general,uncensored_only,34,projected_js,0.06254576455103233,128
aim_on_ties__calib_general,candidate,general,uncensored_only,35,mmd_rbf,0.07237010449171066,128
aim_on_ties__calib_general,candidate,general,uncensored_only,35,projected_js,0.11061866290401667,128
aim_on_ties__calib_general,candidate,instruction,base,0,mmd_rbf,0.002317804144695401,128
aim_on_ties__calib_general,candidate,instruction,base,0,projected_js,0.03817964906920679,128
aim_on_ties__calib_general,candidate,instruction,base,1,mmd_rbf,0.004758553113788366,128
aim_on_ties__calib_general,candidate,instruction,base,1,projected_js,0.044546190911205485,128
aim_on_ties__calib_general,candidate,instruction,base,2,mmd_rbf,0.005917284172028303,128
aim_on_ties__calib_general,candidate,instruction,base,2,projected_js,0.050408388779032975,128
aim_on_ties__calib_general,candidate,instruction,base,3,mmd_rbf,0.008040277287364006,128
aim_on_ties__calib_general,candidate,instruction,base,3,projected_js,0.05763816038961522,128
aim_on_ties__calib_general,candidate,instruction,base,4,mmd_rbf,0.007632565684616566,128
aim_on_ties__calib_general,candidate,instruction,base,4,projected_js,0.05804222365259193,128
aim_on_ties__calib_general,candidate,instruction,base,5,mmd_rbf,0.007920335978269577,128
aim_on_ties__calib_general,candidate,instruction,base,5,projected_js,0.053805056697456166,128
aim_on_ties__calib_general,candidate,instruction,base,6,mmd_rbf,0.006838236935436726,128
aim_on_ties__calib_general,candidate,instruction,base,6,projected_js,0.05381613571080379,128
aim_on_ties__calib_general,candidate,instruction,base,7,mmd_rbf,0.006411117967218161,128
aim_on_ties__calib_general,candidate,instruction,base,7,projected_js,0.05939616012619808,128
aim_on_ties__calib_general,candidate,instruction,base,8,mmd_rbf,0.005820985417813063,128
aim_on_ties__calib_general,candidate,instruction,base,8,projected_js,0.05687313442467712,128
aim_on_ties__calib_general,candidate,instruction,base,9,mmd_rbf,0.006361869163811207,128
aim_on_ties__calib_general,candidate,instruction,base,9,projected_js,0.06043802922067698,128
aim_on_ties__calib_general,candidate,instruction,base,10,mmd_rbf,0.007026012986898422,128
aim_on_ties__calib_general,candidate,instruction,base,10,projected_js,0.05970039061503485,128
aim_on_ties__calib_general,candidate,instruction,base,11,mmd_rbf,0.007037022151052952,128
aim_on_ties__calib_general,candidate,instruction,base,11,projected_js,0.0637921296292916,128
aim_on_ties__calib_general,candidate,instruction,base,12,mmd_rbf,0.006964400410652161,128
aim_on_ties__calib_general,candidate,instruction,base,12,projected_js,0.06607518822420388,128
aim_on_ties__calib_general,candidate,instruction,base,13,mmd_rbf,0.0075563774444162846,128
aim_on_ties__calib_general,candidate,instruction,base,13,projected_js,0.0636121995630674,128
aim_on_ties__calib_general,candidate,instruction,base,14,mmd_rbf,0.00811353325843811,128
aim_on_ties__calib_general,candidate,instruction,base,14,projected_js,0.061407693836372346,128
aim_on_ties__calib_general,candidate,instruction,base,15,mmd_rbf,0.009003945626318455,128
aim_on_ties__calib_general,candidate,instruction,base,15,projected_js,0.06545645522419363,128
aim_on_ties__calib_general,candidate,instruction,base,16,mmd_rbf,0.009592987596988678,128
aim_on_ties__calib_general,candidate,instruction,base,16,projected_js,0.0644980677170679,128
aim_on_ties__calib_general,candidate,instruction,base,17,mmd_rbf,0.009417755529284477,128
aim_on_ties__calib_general,candidate,instruction,base,17,projected_js,0.06439080624841154,128
aim_on_ties__calib_general,candidate,instruction,base,18,mmd_rbf,0.010218341834843159,128
aim_on_ties__calib_general,candidate,instruction,base,18,projected_js,0.06919597272644751,128
aim_on_ties__calib_general,candidate,instruction,base,19,mmd_rbf,0.011114566586911678,128
aim_on_ties__calib_general,candidate,instruction,base,19,projected_js,0.06713875447167084,128
aim_on_ties__calib_general,candidate,instruction,base,20,mmd_rbf,0.011127568781375885,128
aim_on_ties__calib_general,candidate,instruction,base,20,projected_js,0.06562616530572996,128
aim_on_ties__calib_general,candidate,instruction,base,21,mmd_rbf,0.011785236187279224,128
aim_on_ties__calib_general,candidate,instruction,base,21,projected_js,0.06646689004264772,128
aim_on_ties__calib_general,candidate,instruction,base,22,mmd_rbf,0.01129133626818657,128
aim_on_ties__calib_general,candidate,instruction,base,22,projected_js,0.07009904435835779,128
aim_on_ties__calib_general,candidate,instruction,base,23,mmd_rbf,0.010550140403211117,128
aim_on_ties__calib_general,candidate,instruction,base,23,projected_js,0.06964636535849422,128
aim_on_ties__calib_general,candidate,instruction,base,24,mmd_rbf,0.009787938557565212,128
aim_on_ties__calib_general,candidate,instruction,base,24,projected_js,0.06859637971501797,128
aim_on_ties__calib_general,candidate,instruction,base,25,mmd_rbf,0.009203231893479824,128
aim_on_ties__calib_general,candidate,instruction,base,25,projected_js,0.0629916611360386,128
aim_on_ties__calib_general,candidate,instruction,base,26,mmd_rbf,0.008928543888032436,128
aim_on_ties__calib_general,candidate,instruction,base,26,projected_js,0.0642341393395327,128
aim_on_ties__calib_general,candidate,instruction,base,27,mmd_rbf,0.008683345280587673,128
aim_on_ties__calib_general,candidate,instruction,base,27,projected_js,0.06432389776455238,128
aim_on_ties__calib_general,candidate,instruction,base,28,mmd_rbf,0.0081055648624897,128
aim_on_ties__calib_general,candidate,instruction,base,28,projected_js,0.06378579034935683,128
aim_on_ties__calib_general,candidate,instruction,base,29,mmd_rbf,0.007714985404163599,128
aim_on_ties__calib_general,candidate,instruction,base,29,projected_js,0.06193223438458517,128
aim_on_ties__calib_general,candidate,instruction,base,30,mmd_rbf,0.007560316007584333,128
aim_on_ties__calib_general,candidate,instruction,base,30,projected_js,0.06126677154679783,128
aim_on_ties__calib_general,candidate,instruction,base,31,mmd_rbf,0.007362186908721924,128
aim_on_ties__calib_general,candidate,instruction,base,31,projected_js,0.06347352609736845,128
aim_on_ties__calib_general,candidate,instruction,base,32,mmd_rbf,0.007634012494236231,128
aim_on_ties__calib_general,candidate,instruction,base,32,projected_js,0.06809803558280692,128
aim_on_ties__calib_general,candidate,instruction,base,33,mmd_rbf,0.007875020615756512,128
aim_on_ties__calib_general,candidate,instruction,base,33,projected_js,0.06383921671658754,128
aim_on_ties__calib_general,candidate,instruction,base,34,mmd_rbf,0.011631155386567116,128
aim_on_ties__calib_general,candidate,instruction,base,34,projected_js,0.07122027053264901,128
aim_on_ties__calib_general,candidate,instruction,base,35,mmd_rbf,0.03576876223087311,128
aim_on_ties__calib_general,candidate,instruction,base,35,projected_js,0.09365019667893648,128
aim_on_ties__calib_general,candidate,instruction,instr_only,0,mmd_rbf,0.001764279673807323,128
aim_on_ties__calib_general,candidate,instruction,instr_only,0,projected_js,0.03514349971374031,128
aim_on_ties__calib_general,candidate,instruction,instr_only,1,mmd_rbf,0.003588348627090454,128
aim_on_ties__calib_general,candidate,instruction,instr_only,1,projected_js,0.04007029684726149,128
aim_on_ties__calib_general,candidate,instruction,instr_only,2,mmd_rbf,0.004881880711764097,128
aim_on_ties__calib_general,candidate,instruction,instr_only,2,projected_js,0.04609703569440171,128
aim_on_ties__calib_general,candidate,instruction,instr_only,3,mmd_rbf,0.005089491605758667,128
aim_on_ties__calib_general,candidate,instruction,instr_only,3,projected_js,0.04689475768827833,128
aim_on_ties__calib_general,candidate,instruction,instr_only,4,mmd_rbf,0.005229938309639692,128
aim_on_ties__calib_general,candidate,instruction,instr_only,4,projected_js,0.047394199325935915,128
aim_on_ties__calib_general,candidate,instruction,instr_only,5,mmd_rbf,0.005546947475522757,128
aim_on_ties__calib_general,candidate,instruction,instr_only,5,projected_js,0.045660879026399925,128
aim_on_ties__calib_general,candidate,instruction,instr_only,6,mmd_rbf,0.0042283497750759125,128
aim_on_ties__calib_general,candidate,instruction,instr_only,6,projected_js,0.04739710464491509,128
aim_on_ties__calib_general,candidate,instruction,instr_only,7,mmd_rbf,0.003695703810080886,128
aim_on_ties__calib_general,candidate,instruction,instr_only,7,projected_js,0.05103911479818635,128
aim_on_ties__calib_general,candidate,instruction,instr_only,8,mmd_rbf,0.0033434962388128042,128
aim_on_ties__calib_general,candidate,instruction,instr_only,8,projected_js,0.05064610083354637,128
aim_on_ties__calib_general,candidate,instruction,instr_only,9,mmd_rbf,0.0032854569144546986,128
aim_on_ties__calib_general,candidate,instruction,instr_only,9,projected_js,0.054314275621436536,128
aim_on_ties__calib_general,candidate,instruction,instr_only,10,mmd_rbf,0.0036175863351672888,128
aim_on_ties__calib_general,candidate,instruction,instr_only,10,projected_js,0.055163471668493,128
aim_on_ties__calib_general,candidate,instruction,instr_only,11,mmd_rbf,0.0034439396113157272,128
aim_on_ties__calib_general,candidate,instruction,instr_only,11,projected_js,0.05818749556783587,128
aim_on_ties__calib_general,candidate,instruction,instr_only,12,mmd_rbf,0.003356562927365303,128
aim_on_ties__calib_general,candidate,instruction,instr_only,12,projected_js,0.0597284902469255,128
aim_on_ties__calib_general,candidate,instruction,instr_only,13,mmd_rbf,0.0034529243130236864,128
aim_on_ties__calib_general,candidate,instruction,instr_only,13,projected_js,0.05923984252149239,128
aim_on_ties__calib_general,candidate,instruction,instr_only,14,mmd_rbf,0.003479728940874338,128
aim_on_ties__calib_general,candidate,instruction,instr_only,14,projected_js,0.0552567005797755,128
aim_on_ties__calib_general,candidate,instruction,instr_only,15,mmd_rbf,0.0037101362831890583,128
aim_on_ties__calib_general,candidate,instruction,instr_only,15,projected_js,0.061653045122511685,128
aim_on_ties__calib_general,candidate,instruction,instr_only,16,mmd_rbf,0.003915342502295971,128
aim_on_ties__calib_general,candidate,instruction,instr_only,16,projected_js,0.06341648142552003,128
aim_on_ties__calib_general,candidate,instruction,instr_only,17,mmd_rbf,0.004222945775836706,128
aim_on_ties__calib_general,candidate,instruction,instr_only,17,projected_js,0.061730149027425796,128
aim_on_ties__calib_general,candidate,instruction,instr_only,18,mmd_rbf,0.004611659795045853,128
aim_on_ties__calib_general,candidate,instruction,instr_only,18,projected_js,0.06133774155750871,128
aim_on_ties__calib_general,candidate,instruction,instr_only,19,mmd_rbf,0.005495935212820768,128
aim_on_ties__calib_general,candidate,instruction,instr_only,19,projected_js,0.06118052714737132,128
aim_on_ties__calib_general,candidate,instruction,instr_only,20,mmd_rbf,0.005984822753816843,128
aim_on_ties__calib_general,candidate,instruction,instr_only,20,projected_js,0.05845858223619871,128
aim_on_ties__calib_general,candidate,instruction,instr_only,21,mmd_rbf,0.007076703943312168,128
aim_on_ties__calib_general,candidate,instruction,instr_only,21,projected_js,0.0637692237214651,128
aim_on_ties__calib_general,candidate,instruction,instr_only,22,mmd_rbf,0.007736449129879475,128
aim_on_ties__calib_general,candidate,instruction,instr_only,22,projected_js,0.07027475105132908,128
aim_on_ties__calib_general,candidate,instruction,instr_only,23,mmd_rbf,0.007973089814186096,128
aim_on_ties__calib_general,candidate,instruction,instr_only,23,projected_js,0.06611657195026055,128
aim_on_ties__calib_general,candidate,instruction,instr_only,24,mmd_rbf,0.007880630902945995,128
aim_on_ties__calib_general,candidate,instruction,instr_only,24,projected_js,0.06708311598049477,128
aim_on_ties__calib_general,candidate,instruction,instr_only,25,mmd_rbf,0.007982092909514904,128
aim_on_ties__calib_general,candidate,instruction,instr_only,25,projected_js,0.06910382560454309,128
aim_on_ties__calib_general,candidate,instruction,instr_only,26,mmd_rbf,0.008033252321183681,128
aim_on_ties__calib_general,candidate,instruction,instr_only,26,projected_js,0.06414913723710924,128
aim_on_ties__calib_general,candidate,instruction,instr_only,27,mmd_rbf,0.007848593406379223,128
aim_on_ties__calib_general,candidate,instruction,instr_only,27,projected_js,0.06716086709639058,128
aim_on_ties__calib_general,candidate,instruction,instr_only,28,mmd_rbf,0.0074606104753911495,128
aim_on_ties__calib_general,candidate,instruction,instr_only,28,projected_js,0.06376576924230903,128
aim_on_ties__calib_general,candidate,instruction,instr_only,29,mmd_rbf,0.006962079554796219,128
aim_on_ties__calib_general,candidate,instruction,instr_only,29,projected_js,0.06502701540011913,128
aim_on_ties__calib_general,candidate,instruction,instr_only,30,mmd_rbf,0.006719116121530533,128
aim_on_ties__calib_general,candidate,instruction,instr_only,30,projected_js,0.06566760627902113,128
aim_on_ties__calib_general,candidate,instruction,instr_only,31,mmd_rbf,0.006560395006090403,128
aim_on_ties__calib_general,candidate,instruction,instr_only,31,projected_js,0.06378482258878648,128
aim_on_ties__calib_general,candidate,instruction,instr_only,32,mmd_rbf,0.006709942128509283,128
aim_on_ties__calib_general,candidate,instruction,instr_only,32,projected_js,0.06569799419958144,128
aim_on_ties__calib_general,candidate,instruction,instr_only,33,mmd_rbf,0.006951201241463423,128
aim_on_ties__calib_general,candidate,instruction,instr_only,33,projected_js,0.0632660498667974,128
aim_on_ties__calib_general,candidate,instruction,instr_only,34,mmd_rbf,0.009749376215040684,128
aim_on_ties__calib_general,candidate,instruction,instr_only,34,projected_js,0.06690646737115458,128
aim_on_ties__calib_general,candidate,instruction,instr_only,35,mmd_rbf,0.051724571734666824,128
aim_on_ties__calib_general,candidate,instruction,instr_only,35,projected_js,0.11126088298624381,128
aim_on_ties__calib_general,candidate,instruction,reasoning_only,0,mmd_rbf,0.008265710435807705,128
aim_on_ties__calib_general,candidate,instruction,reasoning_only,0,projected_js,0.05916456179693341,128
aim_on_ties__calib_general,candidate,instruction,reasoning_only,1,mmd_rbf,0.013469320721924305,128
aim_on_ties__calib_general,candidate,instruction,reasoning_only,1,projected_js,0.06160636118147522,128
aim_on_ties__calib_general,candidate,instruction,reasoning_only,2,mmd_rbf,0.02020973712205887,128
aim_on_ties__calib_general,candidate,instruction,reasoning_only,2,projected_js,0.07149247039342299,128
aim_on_ties__calib_general,candidate,instruction,reasoning_only,3,mmd_rbf,0.021891718730330467,128
aim_on_ties__calib_general,candidate,instruction,reasoning_only,3,projected_js,0.07376630665385164,128
aim_on_ties__calib_general,candidate,instruction,reasoning_only,4,mmd_rbf,0.022800004109740257,128
aim_on_ties__calib_general,candidate,instruction,reasoning_only,4,projected_js,0.0804423334193416,128
aim_on_ties__calib_general,candidate,instruction,reasoning_only,5,mmd_rbf,0.02505038119852543,128
aim_on_ties__calib_general,candidate,instruction,reasoning_only,5,projected_js,0.0796084335888736,128
aim_on_ties__calib_general,candidate,instruction,reasoning_only,6,mmd_rbf,0.018955623731017113,128
aim_on_ties__calib_general,candidate,instruction,reasoning_only,6,projected_js,0.07816630674642511,128
aim_on_ties__calib_general,candidate,instruction,reasoning_only,7,mmd_rbf,0.01877431944012642,128
aim_on_ties__calib_general,candidate,instruction,reasoning_only,7,projected_js,0.07835397718008608,128
aim_on_ties__calib_general,candidate,instruction,reasoning_only,8,mmd_rbf,0.014805245213210583,128
aim_on_ties__calib_general,candidate,instruction,reasoning_only,8,projected_js,0.0756224314100109,128
aim_on_ties__calib_general,candidate,instruction,reasoning_only,9,mmd_rbf,0.014474103227257729,128
aim_on_ties__calib_general,candidate,instruction,reasoning_only,9,projected_js,0.07437196877435781,128
aim_on_ties__calib_general,candidate,instruction,reasoning_only,10,mmd_rbf,0.016139457002282143,128
aim_on_ties__calib_general,candidate,instruction,reasoning_only,10,projected_js,0.07369227515300736,128
aim_on_ties__calib_general,candidate,instruction,reasoning_only,11,mmd_rbf,0.015411384403705597,128
aim_on_ties__calib_general,candidate,instruction,reasoning_only,11,projected_js,0.07051695347763598,128
aim_on_ties__calib_general,candidate,instruction,reasoning_only,12,mmd_rbf,0.016307059675455093,128
aim_on_ties__calib_general,candidate,instruction,reasoning_only,12,projected_js,0.0771603518514894,128
aim_on_ties__calib_general,candidate,instruction,reasoning_only,13,mmd_rbf,0.017008759081363678,128
aim_on_ties__calib_general,candidate,instruction,reasoning_only,13,projected_js,0.07696182187646627,128
aim_on_ties__calib_general,candidate,instruction,reasoning_only,14,mmd_rbf,0.016924509778618813,128
aim_on_ties__calib_general,candidate,instruction,reasoning_only,14,projected_js,0.07439675921341404,128
aim_on_ties__calib_general,candidate,instruction,reasoning_only,15,mmd_rbf,0.01800689473748207,128
aim_on_ties__calib_general,candidate,instruction,reasoning_only,15,projected_js,0.07517943711718544,128
aim_on_ties__calib_general,candidate,instruction,reasoning_only,16,mmd_rbf,0.01850987784564495,128
aim_on_ties__calib_general,candidate,instruction,reasoning_only,16,projected_js,0.07356993417488411,128
aim_on_ties__calib_general,candidate,instruction,reasoning_only,17,mmd_rbf,0.0182464849203825,128
aim_on_ties__calib_general,candidate,instruction,reasoning_only,17,projected_js,0.07051179523114115,128
aim_on_ties__calib_general,candidate,instruction,reasoning_only,18,mmd_rbf,0.021105295047163963,128
aim_on_ties__calib_general,candidate,instruction,reasoning_only,18,projected_js,0.07392426338628866,128
aim_on_ties__calib_general,candidate,instruction,reasoning_only,19,mmd_rbf,0.0213925801217556,128
aim_on_ties__calib_general,candidate,instruction,reasoning_only,19,projected_js,0.07582661841297522,128
aim_on_ties__calib_general,candidate,instruction,reasoning_only,20,mmd_rbf,0.02129039727151394,128
aim_on_ties__calib_general,candidate,instruction,reasoning_only,20,projected_js,0.07534493060666136,128
aim_on_ties__calib_general,candidate,instruction,reasoning_only,21,mmd_rbf,0.022082582116127014,128
aim_on_ties__calib_general,candidate,instruction,reasoning_only,21,projected_js,0.07616682787192985,128
aim_on_ties__calib_general,candidate,instruction,reasoning_only,22,mmd_rbf,0.020551441237330437,128
aim_on_ties__calib_general,candidate,instruction,reasoning_only,22,projected_js,0.08057121036108583,128
aim_on_ties__calib_general,candidate,instruction,reasoning_only,23,mmd_rbf,0.017561722546815872,128
aim_on_ties__calib_general,candidate,instruction,reasoning_only,23,projected_js,0.07786494999891147,128
aim_on_ties__calib_general,candidate,instruction,reasoning_only,24,mmd_rbf,0.01802310161292553,128
aim_on_ties__calib_general,candidate,instruction,reasoning_only,24,projected_js,0.07935310457833111,128
aim_on_ties__calib_general,candidate,instruction,reasoning_only,25,mmd_rbf,0.016858765855431557,128
aim_on_ties__calib_general,candidate,instruction,reasoning_only,25,projected_js,0.07420292886672541,128
aim_on_ties__calib_general,candidate,instruction,reasoning_only,26,mmd_rbf,0.016973508521914482,128
aim_on_ties__calib_general,candidate,instruction,reasoning_only,26,projected_js,0.0750654277508147,128
aim_on_ties__calib_general,candidate,instruction,reasoning_only,27,mmd_rbf,0.016694022342562675,128
aim_on_ties__calib_general,candidate,instruction,reasoning_only,27,projected_js,0.07325845281593502,128
aim_on_ties__calib_general,candidate,instruction,reasoning_only,28,mmd_rbf,0.016906285658478737,128
aim_on_ties__calib_general,candidate,instruction,reasoning_only,28,projected_js,0.07692256249720231,128
aim_on_ties__calib_general,candidate,instruction,reasoning_only,29,mmd_rbf,0.016451392322778702,128
aim_on_ties__calib_general,candidate,instruction,reasoning_only,29,projected_js,0.07452943961834535,128
aim_on_ties__calib_general,candidate,instruction,reasoning_only,30,mmd_rbf,0.017017215490341187,128
aim_on_ties__calib_general,candidate,instruction,reasoning_only,30,projected_js,0.07543144194642082,128
aim_on_ties__calib_general,candidate,instruction,reasoning_only,31,mmd_rbf,0.01693367026746273,128
aim_on_ties__calib_general,candidate,instruction,reasoning_only,31,projected_js,0.0744733628234826,128
aim_on_ties__calib_general,candidate,instruction,reasoning_only,32,mmd_rbf,0.016633840277791023,128
aim_on_ties__calib_general,candidate,instruction,reasoning_only,32,projected_js,0.07301775849191472,128
aim_on_ties__calib_general,candidate,instruction,reasoning_only,33,mmd_rbf,0.015299201011657715,128
aim_on_ties__calib_general,candidate,instruction,reasoning_only,33,projected_js,0.07238824566593394,128
aim_on_ties__calib_general,candidate,instruction,reasoning_only,34,mmd_rbf,0.015286658890545368,128
aim_on_ties__calib_general,candidate,instruction,reasoning_only,34,projected_js,0.07183613034430891,128
aim_on_ties__calib_general,candidate,instruction,reasoning_only,35,mmd_rbf,0.01758798398077488,128
aim_on_ties__calib_general,candidate,instruction,reasoning_only,35,projected_js,0.06684078299440444,128
aim_on_ties__calib_general,candidate,instruction,uncensored_only,0,mmd_rbf,0.004845103714615107,128
aim_on_ties__calib_general,candidate,instruction,uncensored_only,0,projected_js,0.04452107907854952,128
aim_on_ties__calib_general,candidate,instruction,uncensored_only,1,mmd_rbf,0.12576334178447723,128
aim_on_ties__calib_general,candidate,instruction,uncensored_only,1,projected_js,0.1486991384299472,128
aim_on_ties__calib_general,candidate,instruction,uncensored_only,2,mmd_rbf,0.11043787002563477,128
aim_on_ties__calib_general,candidate,instruction,uncensored_only,2,projected_js,0.1337073678150773,128
aim_on_ties__calib_general,candidate,instruction,uncensored_only,3,mmd_rbf,0.08232378959655762,128
aim_on_ties__calib_general,candidate,instruction,uncensored_only,3,projected_js,0.11557807103963569,128
aim_on_ties__calib_general,candidate,instruction,uncensored_only,4,mmd_rbf,0.060390450060367584,128
aim_on_ties__calib_general,candidate,instruction,uncensored_only,4,projected_js,0.10882932919776067,128
aim_on_ties__calib_general,candidate,instruction,uncensored_only,5,mmd_rbf,0.04442312940955162,128
aim_on_ties__calib_general,candidate,instruction,uncensored_only,5,projected_js,0.09341556788422167,128
aim_on_ties__calib_general,candidate,instruction,uncensored_only,6,mmd_rbf,0.02699037455022335,128
aim_on_ties__calib_general,candidate,instruction,uncensored_only,6,projected_js,0.08324741292744875,128
aim_on_ties__calib_general,candidate,instruction,uncensored_only,7,mmd_rbf,0.021817049011588097,128
aim_on_ties__calib_general,candidate,instruction,uncensored_only,7,projected_js,0.0784437459660694,128
aim_on_ties__calib_general,candidate,instruction,uncensored_only,8,mmd_rbf,0.015134885907173157,128
aim_on_ties__calib_general,candidate,instruction,uncensored_only,8,projected_js,0.06630056555150077,128
aim_on_ties__calib_general,candidate,instruction,uncensored_only,9,mmd_rbf,0.012625250034034252,128
aim_on_ties__calib_general,candidate,instruction,uncensored_only,9,projected_js,0.06602768797893077,128
aim_on_ties__calib_general,candidate,instruction,uncensored_only,10,mmd_rbf,0.011334719136357307,128
aim_on_ties__calib_general,candidate,instruction,uncensored_only,10,projected_js,0.06638420445960946,128
aim_on_ties__calib_general,candidate,instruction,uncensored_only,11,mmd_rbf,0.009507394395768642,128
aim_on_ties__calib_general,candidate,instruction,uncensored_only,11,projected_js,0.06813694455195218,128
aim_on_ties__calib_general,candidate,instruction,uncensored_only,12,mmd_rbf,0.009394623339176178,128
aim_on_ties__calib_general,candidate,instruction,uncensored_only,12,projected_js,0.07017053692834452,128
aim_on_ties__calib_general,candidate,instruction,uncensored_only,13,mmd_rbf,0.009796555154025555,128
aim_on_ties__calib_general,candidate,instruction,uncensored_only,13,projected_js,0.07130258181132376,128
aim_on_ties__calib_general,candidate,instruction,uncensored_only,14,mmd_rbf,0.01035041268914938,128
aim_on_ties__calib_general,candidate,instruction,uncensored_only,14,projected_js,0.06484981731045991,128
aim_on_ties__calib_general,candidate,instruction,uncensored_only,15,mmd_rbf,0.012384205125272274,128
aim_on_ties__calib_general,candidate,instruction,uncensored_only,15,projected_js,0.07055756263434887,128
aim_on_ties__calib_general,candidate,instruction,uncensored_only,16,mmd_rbf,0.013054236769676208,128
aim_on_ties__calib_general,candidate,instruction,uncensored_only,16,projected_js,0.07062756770756096,128
aim_on_ties__calib_general,candidate,instruction,uncensored_only,17,mmd_rbf,0.01259701605886221,128
aim_on_ties__calib_general,candidate,instruction,uncensored_only,17,projected_js,0.07019115914590657,128
aim_on_ties__calib_general,candidate,instruction,uncensored_only,18,mmd_rbf,0.0126771479845047,128
aim_on_ties__calib_general,candidate,instruction,uncensored_only,18,projected_js,0.07044457941083238,128
aim_on_ties__calib_general,candidate,instruction,uncensored_only,19,mmd_rbf,0.012969868257641792,128
aim_on_ties__calib_general,candidate,instruction,uncensored_only,19,projected_js,0.07140339480247349,128
aim_on_ties__calib_general,candidate,instruction,uncensored_only,20,mmd_rbf,0.013571093790233135,128
aim_on_ties__calib_general,candidate,instruction,uncensored_only,20,projected_js,0.07046616543084383,128
aim_on_ties__calib_general,candidate,instruction,uncensored_only,21,mmd_rbf,0.014990423806011677,128
aim_on_ties__calib_general,candidate,instruction,uncensored_only,21,projected_js,0.07108467916259542,128
aim_on_ties__calib_general,candidate,instruction,uncensored_only,22,mmd_rbf,0.01686408929526806,128
aim_on_ties__calib_general,candidate,instruction,uncensored_only,22,projected_js,0.07486165728187189,128
aim_on_ties__calib_general,candidate,instruction,uncensored_only,23,mmd_rbf,0.017067579552531242,128
aim_on_ties__calib_general,candidate,instruction,uncensored_only,23,projected_js,0.074381155136507,128
aim_on_ties__calib_general,candidate,instruction,uncensored_only,24,mmd_rbf,0.01845429092645645,128
aim_on_ties__calib_general,candidate,instruction,uncensored_only,24,projected_js,0.07481665798695758,128
aim_on_ties__calib_general,candidate,instruction,uncensored_only,25,mmd_rbf,0.01917204074561596,128
aim_on_ties__calib_general,candidate,instruction,uncensored_only,25,projected_js,0.07803686056286097,128
aim_on_ties__calib_general,candidate,instruction,uncensored_only,26,mmd_rbf,0.019574036821722984,128
aim_on_ties__calib_general,candidate,instruction,uncensored_only,26,projected_js,0.07919391535688192,128
aim_on_ties__calib_general,candidate,instruction,uncensored_only,27,mmd_rbf,0.019413916394114494,128
aim_on_ties__calib_general,candidate,instruction,uncensored_only,27,projected_js,0.07841334631666541,128
aim_on_ties__calib_general,candidate,instruction,uncensored_only,28,mmd_rbf,0.017399292439222336,128
aim_on_ties__calib_general,candidate,instruction,uncensored_only,28,projected_js,0.07482010603416711,128
aim_on_ties__calib_general,candidate,instruction,uncensored_only,29,mmd_rbf,0.01643366739153862,128
aim_on_ties__calib_general,candidate,instruction,uncensored_only,29,projected_js,0.07469926058547571,128
aim_on_ties__calib_general,candidate,instruction,uncensored_only,30,mmd_rbf,0.01645425334572792,128
aim_on_ties__calib_general,candidate,instruction,uncensored_only,30,projected_js,0.06947011401643977,128
aim_on_ties__calib_general,candidate,instruction,uncensored_only,31,mmd_rbf,0.015766765922307968,128
aim_on_ties__calib_general,candidate,instruction,uncensored_only,31,projected_js,0.07080430682981387,128
aim_on_ties__calib_general,candidate,instruction,uncensored_only,32,mmd_rbf,0.015678852796554565,128
aim_on_ties__calib_general,candidate,instruction,uncensored_only,32,projected_js,0.07131098111858591,128
aim_on_ties__calib_general,candidate,instruction,uncensored_only,33,mmd_rbf,0.01576717011630535,128
aim_on_ties__calib_general,candidate,instruction,uncensored_only,33,projected_js,0.07194040977628902,128
aim_on_ties__calib_general,candidate,instruction,uncensored_only,34,mmd_rbf,0.01828223466873169,128
aim_on_ties__calib_general,candidate,instruction,uncensored_only,34,projected_js,0.07726709038252011,128
aim_on_ties__calib_general,candidate,instruction,uncensored_only,35,mmd_rbf,0.061740633100271225,128
aim_on_ties__calib_general,candidate,instruction,uncensored_only,35,projected_js,0.112932218471542,128
aim_on_ties__calib_general,candidate,reasoning,base,0,mmd_rbf,0.0015046149492263794,128
aim_on_ties__calib_general,candidate,reasoning,base,0,projected_js,0.037353628809796646,128
aim_on_ties__calib_general,candidate,reasoning,base,1,mmd_rbf,0.003354788525030017,128
aim_on_ties__calib_general,candidate,reasoning,base,1,projected_js,0.03978888252459001,128
aim_on_ties__calib_general,candidate,reasoning,base,2,mmd_rbf,0.0039537870325148106,128
aim_on_ties__calib_general,candidate,reasoning,base,2,projected_js,0.04274626029655337,128
aim_on_ties__calib_general,candidate,reasoning,base,3,mmd_rbf,0.004827096592634916,128
aim_on_ties__calib_general,candidate,reasoning,base,3,projected_js,0.05174864165019244,128
aim_on_ties__calib_general,candidate,reasoning,base,4,mmd_rbf,0.005033580120652914,128
aim_on_ties__calib_general,candidate,reasoning,base,4,projected_js,0.05193242817767896,128
aim_on_ties__calib_general,candidate,reasoning,base,5,mmd_rbf,0.004492671694606543,128
aim_on_ties__calib_general,candidate,reasoning,base,5,projected_js,0.04608769735204987,128
aim_on_ties__calib_general,candidate,reasoning,base,6,mmd_rbf,0.003557714866474271,128
aim_on_ties__calib_general,candidate,reasoning,base,6,projected_js,0.0483587225608062,128
aim_on_ties__calib_general,candidate,reasoning,base,7,mmd_rbf,0.0034090036060661077,128
aim_on_ties__calib_general,candidate,reasoning,base,7,projected_js,0.05326178381801583,128
aim_on_ties__calib_general,candidate,reasoning,base,8,mmd_rbf,0.0031791531946510077,128
aim_on_ties__calib_general,candidate,reasoning,base,8,projected_js,0.053080249403137714,128
aim_on_ties__calib_general,candidate,reasoning,base,9,mmd_rbf,0.0033025951124727726,128
aim_on_ties__calib_general,candidate,reasoning,base,9,projected_js,0.05412447024718858,128
aim_on_ties__calib_general,candidate,reasoning,base,10,mmd_rbf,0.0034903944469988346,128
aim_on_ties__calib_general,candidate,reasoning,base,10,projected_js,0.04950625219498761,128
aim_on_ties__calib_general,candidate,reasoning,base,11,mmd_rbf,0.003381074173375964,128
aim_on_ties__calib_general,candidate,reasoning,base,11,projected_js,0.05274146766168997,128
aim_on_ties__calib_general,candidate,reasoning,base,12,mmd_rbf,0.00351988198235631,128
aim_on_ties__calib_general,candidate,reasoning,base,12,projected_js,0.051295310811838135,128
aim_on_ties__calib_general,candidate,reasoning,base,13,mmd_rbf,0.003563484875485301,128
aim_on_ties__calib_general,candidate,reasoning,base,13,projected_js,0.05663271504454315,128
aim_on_ties__calib_general,candidate,reasoning,base,14,mmd_rbf,0.003691142424941063,128
aim_on_ties__calib_general,candidate,reasoning,base,14,projected_js,0.057808415906038135,128
aim_on_ties__calib_general,candidate,reasoning,base,15,mmd_rbf,0.004043258726596832,128
aim_on_ties__calib_general,candidate,reasoning,base,15,projected_js,0.055058723606634885,128
aim_on_ties__calib_general,candidate,reasoning,base,16,mmd_rbf,0.004450161941349506,128
aim_on_ties__calib_general,candidate,reasoning,base,16,projected_js,0.05406683625187725,128
aim_on_ties__calib_general,candidate,reasoning,base,17,mmd_rbf,0.00432578893378377,128
aim_on_ties__calib_general,candidate,reasoning,base,17,projected_js,0.05774845837731846,128
aim_on_ties__calib_general,candidate,reasoning,base,18,mmd_rbf,0.00457916921004653,128
aim_on_ties__calib_general,candidate,reasoning,base,18,projected_js,0.05853721732273698,128
aim_on_ties__calib_general,candidate,reasoning,base,19,mmd_rbf,0.004734416492283344,128
aim_on_ties__calib_general,candidate,reasoning,base,19,projected_js,0.05945620726561174,128
aim_on_ties__calib_general,candidate,reasoning,base,20,mmd_rbf,0.004584442358464003,128
aim_on_ties__calib_general,candidate,reasoning,base,20,projected_js,0.05537191400071606,128
aim_on_ties__calib_general,candidate,reasoning,base,21,mmd_rbf,0.004701471421867609,128
aim_on_ties__calib_general,candidate,reasoning,base,21,projected_js,0.05950714158825576,128
aim_on_ties__calib_general,candidate,reasoning,base,22,mmd_rbf,0.004422792233526707,128
aim_on_ties__calib_general,candidate,reasoning,base,22,projected_js,0.05829976999666542,128
aim_on_ties__calib_general,candidate,reasoning,base,23,mmd_rbf,0.004311113152652979,128
aim_on_ties__calib_general,candidate,reasoning,base,23,projected_js,0.05505438131513074,128
aim_on_ties__calib_general,candidate,reasoning,base,24,mmd_rbf,0.003960420843213797,128
aim_on_ties__calib_general,candidate,reasoning,base,24,projected_js,0.05373965628677979,128
aim_on_ties__calib_general,candidate,reasoning,base,25,mmd_rbf,0.0037751258350908756,128
aim_on_ties__calib_general,candidate,reasoning,base,25,projected_js,0.05850593373179436,128
aim_on_ties__calib_general,candidate,reasoning,base,26,mmd_rbf,0.003684736555442214,128
aim_on_ties__calib_general,candidate,reasoning,base,26,projected_js,0.0576429228822235,128
aim_on_ties__calib_general,candidate,reasoning,base,27,mmd_rbf,0.003747104201465845,128
aim_on_ties__calib_general,candidate,reasoning,base,27,projected_js,0.05581146595068276,128
aim_on_ties__calib_general,candidate,reasoning,base,28,mmd_rbf,0.003837968921288848,128
aim_on_ties__calib_general,candidate,reasoning,base,28,projected_js,0.0572876145306509,128
aim_on_ties__calib_general,candidate,reasoning,base,29,mmd_rbf,0.003977913409471512,128
aim_on_ties__calib_general,candidate,reasoning,base,29,projected_js,0.05908442128566094,128
aim_on_ties__calib_general,candidate,reasoning,base,30,mmd_rbf,0.004082503728568554,128
aim_on_ties__calib_general,candidate,reasoning,base,30,projected_js,0.05733193486230448,128
aim_on_ties__calib_general,candidate,reasoning,base,31,mmd_rbf,0.004150696098804474,128
aim_on_ties__calib_general,candidate,reasoning,base,31,projected_js,0.05678627983434126,128
aim_on_ties__calib_general,candidate,reasoning,base,32,mmd_rbf,0.004457032773643732,128
aim_on_ties__calib_general,candidate,reasoning,base,32,projected_js,0.05981542059453204,128
aim_on_ties__calib_general,candidate,reasoning,base,33,mmd_rbf,0.004709973465651274,128
aim_on_ties__calib_general,candidate,reasoning,base,33,projected_js,0.05692234341404401,128
aim_on_ties__calib_general,candidate,reasoning,base,34,mmd_rbf,0.006481532007455826,128
aim_on_ties__calib_general,candidate,reasoning,base,34,projected_js,0.061706747103016824,128
aim_on_ties__calib_general,candidate,reasoning,base,35,mmd_rbf,0.028108051046729088,128
aim_on_ties__calib_general,candidate,reasoning,base,35,projected_js,0.07860200305003673,128
aim_on_ties__calib_general,candidate,reasoning,instr_only,0,mmd_rbf,0.001065179705619812,128
aim_on_ties__calib_general,candidate,reasoning,instr_only,0,projected_js,0.029939601867226884,128
aim_on_ties__calib_general,candidate,reasoning,instr_only,1,mmd_rbf,0.0020782114006578922,128
aim_on_ties__calib_general,candidate,reasoning,instr_only,1,projected_js,0.03515503142261878,128
aim_on_ties__calib_general,candidate,reasoning,instr_only,2,mmd_rbf,0.002885378198698163,128
aim_on_ties__calib_general,candidate,reasoning,instr_only,2,projected_js,0.04081906290957704,128
aim_on_ties__calib_general,candidate,reasoning,instr_only,3,mmd_rbf,0.0030258879996836185,128
aim_on_ties__calib_general,candidate,reasoning,instr_only,3,projected_js,0.040946598805021495,128
aim_on_ties__calib_general,candidate,reasoning,instr_only,4,mmd_rbf,0.0026942992117255926,128
aim_on_ties__calib_general,candidate,reasoning,instr_only,4,projected_js,0.04337838658830151,128
aim_on_ties__calib_general,candidate,reasoning,instr_only,5,mmd_rbf,0.0024539835285395384,128
aim_on_ties__calib_general,candidate,reasoning,instr_only,5,projected_js,0.039812747287214734,128
aim_on_ties__calib_general,candidate,reasoning,instr_only,6,mmd_rbf,0.0018241122597828507,128
aim_on_ties__calib_general,candidate,reasoning,instr_only,6,projected_js,0.04027242324082181,128
aim_on_ties__calib_general,candidate,reasoning,instr_only,7,mmd_rbf,0.0016873590648174286,128
aim_on_ties__calib_general,candidate,reasoning,instr_only,7,projected_js,0.045888366032158956,128
aim_on_ties__calib_general,candidate,reasoning,instr_only,8,mmd_rbf,0.0015514575643464923,128
aim_on_ties__calib_general,candidate,reasoning,instr_only,8,projected_js,0.04744185495655984,128
aim_on_ties__calib_general,candidate,reasoning,instr_only,9,mmd_rbf,0.001566820195876062,128
aim_on_ties__calib_general,candidate,reasoning,instr_only,9,projected_js,0.04511786004877649,128
aim_on_ties__calib_general,candidate,reasoning,instr_only,10,mmd_rbf,0.0016194622730836272,128
aim_on_ties__calib_general,candidate,reasoning,instr_only,10,projected_js,0.04495626233983785,128
aim_on_ties__calib_general,candidate,reasoning,instr_only,11,mmd_rbf,0.001571469008922577,128
aim_on_ties__calib_general,candidate,reasoning,instr_only,11,projected_js,0.04721633036388084,128
aim_on_ties__calib_general,candidate,reasoning,instr_only,12,mmd_rbf,0.0017004146939143538,128
aim_on_ties__calib_general,candidate,reasoning,instr_only,12,projected_js,0.050731212977552786,128
aim_on_ties__calib_general,candidate,reasoning,instr_only,13,mmd_rbf,0.0018381193513050675,128
aim_on_ties__calib_general,candidate,reasoning,instr_only,13,projected_js,0.05169075072626583,128
aim_on_ties__calib_general,candidate,reasoning,instr_only,14,mmd_rbf,0.0018700361251831055,128
aim_on_ties__calib_general,candidate,reasoning,instr_only,14,projected_js,0.04767263669054955,128
aim_on_ties__calib_general,candidate,reasoning,instr_only,15,mmd_rbf,0.0020789452828466892,128
aim_on_ties__calib_general,candidate,reasoning,instr_only,15,projected_js,0.048868655459955335,128
aim_on_ties__calib_general,candidate,reasoning,instr_only,16,mmd_rbf,0.00229469477199018,128
aim_on_ties__calib_general,candidate,reasoning,instr_only,16,projected_js,0.05228247071499936,128
aim_on_ties__calib_general,candidate,reasoning,instr_only,17,mmd_rbf,0.002488253638148308,128
aim_on_ties__calib_general,candidate,reasoning,instr_only,17,projected_js,0.05273988182307221,128
aim_on_ties__calib_general,candidate,reasoning,instr_only,18,mmd_rbf,0.0025934490840882063,128
aim_on_ties__calib_general,candidate,reasoning,instr_only,18,projected_js,0.053771771024912596,128
aim_on_ties__calib_general,candidate,reasoning,instr_only,19,mmd_rbf,0.0028777136467397213,128
aim_on_ties__calib_general,candidate,reasoning,instr_only,19,projected_js,0.052641023794421926,128
aim_on_ties__calib_general,candidate,reasoning,instr_only,20,mmd_rbf,0.002902847481891513,128
aim_on_ties__calib_general,candidate,reasoning,instr_only,20,projected_js,0.05027450280613266,128
aim_on_ties__calib_general,candidate,reasoning,instr_only,21,mmd_rbf,0.0029401923529803753,128
aim_on_ties__calib_general,candidate,reasoning,instr_only,21,projected_js,0.054569053434534,128
aim_on_ties__calib_general,candidate,reasoning,instr_only,22,mmd_rbf,0.0031005279161036015,128
aim_on_ties__calib_general,candidate,reasoning,instr_only,22,projected_js,0.05266258053597994,128
aim_on_ties__calib_general,candidate,reasoning,instr_only,23,mmd_rbf,0.003208613023161888,128
aim_on_ties__calib_general,candidate,reasoning,instr_only,23,projected_js,0.0532864443375729,128
aim_on_ties__calib_general,candidate,reasoning,instr_only,24,mmd_rbf,0.003299680072814226,128
aim_on_ties__calib_general,candidate,reasoning,instr_only,24,projected_js,0.05208815820515156,128
aim_on_ties__calib_general,candidate,reasoning,instr_only,25,mmd_rbf,0.0032836217433214188,128
aim_on_ties__calib_general,candidate,reasoning,instr_only,25,projected_js,0.05071676601073705,128
aim_on_ties__calib_general,candidate,reasoning,instr_only,26,mmd_rbf,0.003310397733002901,128
aim_on_ties__calib_general,candidate,reasoning,instr_only,26,projected_js,0.05714049909147434,128
aim_on_ties__calib_general,candidate,reasoning,instr_only,27,mmd_rbf,0.0033472429495304823,128
aim_on_ties__calib_general,candidate,reasoning,instr_only,27,projected_js,0.05324483339791186,128
aim_on_ties__calib_general,candidate,reasoning,instr_only,28,mmd_rbf,0.003411870216950774,128
aim_on_ties__calib_general,candidate,reasoning,instr_only,28,projected_js,0.05125884324661456,128
aim_on_ties__calib_general,candidate,reasoning,instr_only,29,mmd_rbf,0.0033268064726144075,128
aim_on_ties__calib_general,candidate,reasoning,instr_only,29,projected_js,0.053804800409125164,128
aim_on_ties__calib_general,candidate,reasoning,instr_only,30,mmd_rbf,0.003331819549202919,128
aim_on_ties__calib_general,candidate,reasoning,instr_only,30,projected_js,0.052056288201129064,128
aim_on_ties__calib_general,candidate,reasoning,instr_only,31,mmd_rbf,0.0034821524750441313,128
aim_on_ties__calib_general,candidate,reasoning,instr_only,31,projected_js,0.05341640132246539,128
aim_on_ties__calib_general,candidate,reasoning,instr_only,32,mmd_rbf,0.0036799218505620956,128
aim_on_ties__calib_general,candidate,reasoning,instr_only,32,projected_js,0.05183812853647396,128
aim_on_ties__calib_general,candidate,reasoning,instr_only,33,mmd_rbf,0.003887885482981801,128
aim_on_ties__calib_general,candidate,reasoning,instr_only,33,projected_js,0.05852712324121967,128
aim_on_ties__calib_general,candidate,reasoning,instr_only,34,mmd_rbf,0.0057093361392617226,128
aim_on_ties__calib_general,candidate,reasoning,instr_only,34,projected_js,0.0592478247708641,128
aim_on_ties__calib_general,candidate,reasoning,instr_only,35,mmd_rbf,0.03694700822234154,128
aim_on_ties__calib_general,candidate,reasoning,instr_only,35,projected_js,0.0838762461207807,128
aim_on_ties__calib_general,candidate,reasoning,reasoning_only,0,mmd_rbf,0.004926830530166626,128
aim_on_ties__calib_general,candidate,reasoning,reasoning_only,0,projected_js,0.05084525322308764,128
aim_on_ties__calib_general,candidate,reasoning,reasoning_only,1,mmd_rbf,0.008100301027297974,128
aim_on_ties__calib_general,candidate,reasoning,reasoning_only,1,projected_js,0.056297991483006626,128
aim_on_ties__calib_general,candidate,reasoning,reasoning_only,2,mmd_rbf,0.014862887561321259,128
aim_on_ties__calib_general,candidate,reasoning,reasoning_only,2,projected_js,0.06431939487811178,128
aim_on_ties__calib_general,candidate,reasoning,reasoning_only,3,mmd_rbf,0.017987489700317383,128
aim_on_ties__calib_general,candidate,reasoning,reasoning_only,3,projected_js,0.0697287933435291,128
aim_on_ties__calib_general,candidate,reasoning,reasoning_only,4,mmd_rbf,0.016852188855409622,128
aim_on_ties__calib_general,candidate,reasoning,reasoning_only,4,projected_js,0.07340612408006564,128
aim_on_ties__calib_general,candidate,reasoning,reasoning_only,5,mmd_rbf,0.015879914164543152,128
aim_on_ties__calib_general,candidate,reasoning,reasoning_only,5,projected_js,0.06643632563645951,128
aim_on_ties__calib_general,candidate,reasoning,reasoning_only,6,mmd_rbf,0.012010959908366203,128
aim_on_ties__calib_general,candidate,reasoning,reasoning_only,6,projected_js,0.06444707143236883,128
aim_on_ties__calib_general,candidate,reasoning,reasoning_only,7,mmd_rbf,0.012546655721962452,128
aim_on_ties__calib_general,candidate,reasoning,reasoning_only,7,projected_js,0.06746865680906922,128
aim_on_ties__calib_general,candidate,reasoning,reasoning_only,8,mmd_rbf,0.011063768528401852,128
aim_on_ties__calib_general,candidate,reasoning,reasoning_only,8,projected_js,0.06619890977162868,128
aim_on_ties__calib_general,candidate,reasoning,reasoning_only,9,mmd_rbf,0.011315791867673397,128
aim_on_ties__calib_general,candidate,reasoning,reasoning_only,9,projected_js,0.0662290197215043,128
aim_on_ties__calib_general,candidate,reasoning,reasoning_only,10,mmd_rbf,0.012363900430500507,128
aim_on_ties__calib_general,candidate,reasoning,reasoning_only,10,projected_js,0.06588393199490383,128
aim_on_ties__calib_general,candidate,reasoning,reasoning_only,11,mmd_rbf,0.011640136130154133,128
aim_on_ties__calib_general,candidate,reasoning,reasoning_only,11,projected_js,0.06377455039182678,128
aim_on_ties__calib_general,candidate,reasoning,reasoning_only,12,mmd_rbf,0.011737457476556301,128
aim_on_ties__calib_general,candidate,reasoning,reasoning_only,12,projected_js,0.0653937564638909,128
aim_on_ties__calib_general,candidate,reasoning,reasoning_only,13,mmd_rbf,0.012116886675357819,128
aim_on_ties__calib_general,candidate,reasoning,reasoning_only,13,projected_js,0.06916395004373044,128
aim_on_ties__calib_general,candidate,reasoning,reasoning_only,14,mmd_rbf,0.01200520247220993,128
aim_on_ties__calib_general,candidate,reasoning,reasoning_only,14,projected_js,0.06375886936439201,128
aim_on_ties__calib_general,candidate,reasoning,reasoning_only,15,mmd_rbf,0.013017925433814526,128
aim_on_ties__calib_general,candidate,reasoning,reasoning_only,15,projected_js,0.06524399534100667,128
aim_on_ties__calib_general,candidate,reasoning,reasoning_only,16,mmd_rbf,0.01360130961984396,128
aim_on_ties__calib_general,candidate,reasoning,reasoning_only,16,projected_js,0.066328939225059,128
aim_on_ties__calib_general,candidate,reasoning,reasoning_only,17,mmd_rbf,0.013262241147458553,128
aim_on_ties__calib_general,candidate,reasoning,reasoning_only,17,projected_js,0.06668811486451887,128
aim_on_ties__calib_general,candidate,reasoning,reasoning_only,18,mmd_rbf,0.01510609406977892,128
aim_on_ties__calib_general,candidate,reasoning,reasoning_only,18,projected_js,0.06769338005688041,128
aim_on_ties__calib_general,candidate,reasoning,reasoning_only,19,mmd_rbf,0.014334402978420258,128
aim_on_ties__calib_general,candidate,reasoning,reasoning_only,19,projected_js,0.06742191629018635,128
aim_on_ties__calib_general,candidate,reasoning,reasoning_only,20,mmd_rbf,0.013675165362656116,128
aim_on_ties__calib_general,candidate,reasoning,reasoning_only,20,projected_js,0.0699539920897223,128
aim_on_ties__calib_general,candidate,reasoning,reasoning_only,21,mmd_rbf,0.014042617753148079,128
aim_on_ties__calib_general,candidate,reasoning,reasoning_only,21,projected_js,0.06979265570407733,128
aim_on_ties__calib_general,candidate,reasoning,reasoning_only,22,mmd_rbf,0.01199942734092474,128
aim_on_ties__calib_general,candidate,reasoning,reasoning_only,22,projected_js,0.06685369944898412,128
aim_on_ties__calib_general,candidate,reasoning,reasoning_only,23,mmd_rbf,0.00981611106544733,128
aim_on_ties__calib_general,candidate,reasoning,reasoning_only,23,projected_js,0.06301756371976808,128
aim_on_ties__calib_general,candidate,reasoning,reasoning_only,24,mmd_rbf,0.00920990388840437,128
aim_on_ties__calib_general,candidate,reasoning,reasoning_only,24,projected_js,0.06316272617550567,128
aim_on_ties__calib_general,candidate,reasoning,reasoning_only,25,mmd_rbf,0.008039324544370174,128
aim_on_ties__calib_general,candidate,reasoning,reasoning_only,25,projected_js,0.06177145993569866,128
aim_on_ties__calib_general,candidate,reasoning,reasoning_only,26,mmd_rbf,0.007482171058654785,128
aim_on_ties__calib_general,candidate,reasoning,reasoning_only,26,projected_js,0.061895154998637736,128
aim_on_ties__calib_general,candidate,reasoning,reasoning_only,27,mmd_rbf,0.0072593423537909985,128
aim_on_ties__calib_general,candidate,reasoning,reasoning_only,27,projected_js,0.06191797275096178,128
aim_on_ties__calib_general,candidate,reasoning,reasoning_only,28,mmd_rbf,0.007389142643660307,128
aim_on_ties__calib_general,candidate,reasoning,reasoning_only,28,projected_js,0.06319921024260111,128
aim_on_ties__calib_general,candidate,reasoning,reasoning_only,29,mmd_rbf,0.00729245925322175,128
aim_on_ties__calib_general,candidate,reasoning,reasoning_only,29,projected_js,0.0620767159271054,128
aim_on_ties__calib_general,candidate,reasoning,reasoning_only,30,mmd_rbf,0.007511885371059179,128
aim_on_ties__calib_general,candidate,reasoning,reasoning_only,30,projected_js,0.06433974159881473,128
aim_on_ties__calib_general,candidate,reasoning,reasoning_only,31,mmd_rbf,0.007708297576755285,128
aim_on_ties__calib_general,candidate,reasoning,reasoning_only,31,projected_js,0.06237323649111204,128
aim_on_ties__calib_general,candidate,reasoning,reasoning_only,32,mmd_rbf,0.00782195944339037,128
aim_on_ties__calib_general,candidate,reasoning,reasoning_only,32,projected_js,0.0626336265122518,128
aim_on_ties__calib_general,candidate,reasoning,reasoning_only,33,mmd_rbf,0.00800356175750494,128
aim_on_ties__calib_general,candidate,reasoning,reasoning_only,33,projected_js,0.06306836509611458,128
aim_on_ties__calib_general,candidate,reasoning,reasoning_only,34,mmd_rbf,0.00845052395015955,128
aim_on_ties__calib_general,candidate,reasoning,reasoning_only,34,projected_js,0.06232758809346706,128
aim_on_ties__calib_general,candidate,reasoning,reasoning_only,35,mmd_rbf,0.02239096537232399,128
aim_on_ties__calib_general,candidate,reasoning,reasoning_only,35,projected_js,0.07455562870018184,128
aim_on_ties__calib_general,candidate,reasoning,uncensored_only,0,mmd_rbf,0.0027115107513964176,128
aim_on_ties__calib_general,candidate,reasoning,uncensored_only,0,projected_js,0.03666129138582619,128
aim_on_ties__calib_general,candidate,reasoning,uncensored_only,1,mmd_rbf,0.0783923789858818,128
aim_on_ties__calib_general,candidate,reasoning,uncensored_only,1,projected_js,0.11471103303483687,128
aim_on_ties__calib_general,candidate,reasoning,uncensored_only,2,mmd_rbf,0.0723695382475853,128
aim_on_ties__calib_general,candidate,reasoning,uncensored_only,2,projected_js,0.10227614163886756,128
aim_on_ties__calib_general,candidate,reasoning,uncensored_only,3,mmd_rbf,0.054778363555669785,128
aim_on_ties__calib_general,candidate,reasoning,uncensored_only,3,projected_js,0.0936048750882037,128
aim_on_ties__calib_general,candidate,reasoning,uncensored_only,4,mmd_rbf,0.03746384382247925,128
aim_on_ties__calib_general,candidate,reasoning,uncensored_only,4,projected_js,0.08821277681272477,128
aim_on_ties__calib_general,candidate,reasoning,uncensored_only,5,mmd_rbf,0.02420737035572529,128
aim_on_ties__calib_general,candidate,reasoning,uncensored_only,5,projected_js,0.07977644639322534,128
aim_on_ties__calib_general,candidate,reasoning,uncensored_only,6,mmd_rbf,0.01481620967388153,128
aim_on_ties__calib_general,candidate,reasoning,uncensored_only,6,projected_js,0.06946017377777025,128
aim_on_ties__calib_general,candidate,reasoning,uncensored_only,7,mmd_rbf,0.013084274716675282,128
aim_on_ties__calib_general,candidate,reasoning,uncensored_only,7,projected_js,0.06610538394306786,128
aim_on_ties__calib_general,candidate,reasoning,uncensored_only,8,mmd_rbf,0.01011796947568655,128
aim_on_ties__calib_general,candidate,reasoning,uncensored_only,8,projected_js,0.06050732749281451,128
aim_on_ties__calib_general,candidate,reasoning,uncensored_only,9,mmd_rbf,0.00873503740876913,128
aim_on_ties__calib_general,candidate,reasoning,uncensored_only,9,projected_js,0.061399158905260265,128
aim_on_ties__calib_general,candidate,reasoning,uncensored_only,10,mmd_rbf,0.00786165613681078,128
aim_on_ties__calib_general,candidate,reasoning,uncensored_only,10,projected_js,0.05992348099243827,128
aim_on_ties__calib_general,candidate,reasoning,uncensored_only,11,mmd_rbf,0.006842009723186493,128
aim_on_ties__calib_general,candidate,reasoning,uncensored_only,11,projected_js,0.06002499989699572,128
aim_on_ties__calib_general,candidate,reasoning,uncensored_only,12,mmd_rbf,0.0068317800760269165,128
aim_on_ties__calib_general,candidate,reasoning,uncensored_only,12,projected_js,0.059903307643253356,128
aim_on_ties__calib_general,candidate,reasoning,uncensored_only,13,mmd_rbf,0.007071619387716055,128
aim_on_ties__calib_general,candidate,reasoning,uncensored_only,13,projected_js,0.06447508485871367,128
aim_on_ties__calib_general,candidate,reasoning,uncensored_only,14,mmd_rbf,0.007464801426976919,128
aim_on_ties__calib_general,candidate,reasoning,uncensored_only,14,projected_js,0.059442980913445354,128
aim_on_ties__calib_general,candidate,reasoning,uncensored_only,15,mmd_rbf,0.009036878123879433,128
aim_on_ties__calib_general,candidate,reasoning,uncensored_only,15,projected_js,0.06245182588463649,128
aim_on_ties__calib_general,candidate,reasoning,uncensored_only,16,mmd_rbf,0.009839730337262154,128
aim_on_ties__calib_general,candidate,reasoning,uncensored_only,16,projected_js,0.05975874897558242,128
aim_on_ties__calib_general,candidate,reasoning,uncensored_only,17,mmd_rbf,0.009695989079773426,128
aim_on_ties__calib_general,candidate,reasoning,uncensored_only,17,projected_js,0.05902128986781463,128
aim_on_ties__calib_general,candidate,reasoning,uncensored_only,18,mmd_rbf,0.009626849554479122,128
aim_on_ties__calib_general,candidate,reasoning,uncensored_only,18,projected_js,0.0627353279851377,128
aim_on_ties__calib_general,candidate,reasoning,uncensored_only,19,mmd_rbf,0.00978752039372921,128
aim_on_ties__calib_general,candidate,reasoning,uncensored_only,19,projected_js,0.06132244685431942,128
aim_on_ties__calib_general,candidate,reasoning,uncensored_only,20,mmd_rbf,0.010022539645433426,128
aim_on_ties__calib_general,candidate,reasoning,uncensored_only,20,projected_js,0.06411364243831486,128
aim_on_ties__calib_general,candidate,reasoning,uncensored_only,21,mmd_rbf,0.01066570170223713,128
aim_on_ties__calib_general,candidate,reasoning,uncensored_only,21,projected_js,0.06357290403684601,128
aim_on_ties__calib_general,candidate,reasoning,uncensored_only,22,mmd_rbf,0.011140062473714352,128
aim_on_ties__calib_general,candidate,reasoning,uncensored_only,22,projected_js,0.0609241416095756,128
aim_on_ties__calib_general,candidate,reasoning,uncensored_only,23,mmd_rbf,0.010994418524205685,128
aim_on_ties__calib_general,candidate,reasoning,uncensored_only,23,projected_js,0.06376213801559061,128
aim_on_ties__calib_general,candidate,reasoning,uncensored_only,24,mmd_rbf,0.01091728825122118,128
aim_on_ties__calib_general,candidate,reasoning,uncensored_only,24,projected_js,0.06634393456624821,128
aim_on_ties__calib_general,candidate,reasoning,uncensored_only,25,mmd_rbf,0.011009912006556988,128
aim_on_ties__calib_general,candidate,reasoning,uncensored_only,25,projected_js,0.06699365703389049,128
aim_on_ties__calib_general,candidate,reasoning,uncensored_only,26,mmd_rbf,0.010998360812664032,128
aim_on_ties__calib_general,candidate,reasoning,uncensored_only,26,projected_js,0.06626458410755731,128
aim_on_ties__calib_general,candidate,reasoning,uncensored_only,27,mmd_rbf,0.011142760515213013,128
aim_on_ties__calib_general,candidate,reasoning,uncensored_only,27,projected_js,0.06631847796961665,128
aim_on_ties__calib_general,candidate,reasoning,uncensored_only,28,mmd_rbf,0.010754023678600788,128
aim_on_ties__calib_general,candidate,reasoning,uncensored_only,28,projected_js,0.06367748929187655,128
aim_on_ties__calib_general,candidate,reasoning,uncensored_only,29,mmd_rbf,0.010815054178237915,128
aim_on_ties__calib_general,candidate,reasoning,uncensored_only,29,projected_js,0.06415959395235404,128
aim_on_ties__calib_general,candidate,reasoning,uncensored_only,30,mmd_rbf,0.011058324947953224,128
aim_on_ties__calib_general,candidate,reasoning,uncensored_only,30,projected_js,0.06415349879534915,128
aim_on_ties__calib_general,candidate,reasoning,uncensored_only,31,mmd_rbf,0.010927068069577217,128
aim_on_ties__calib_general,candidate,reasoning,uncensored_only,31,projected_js,0.06261331489076838,128
aim_on_ties__calib_general,candidate,reasoning,uncensored_only,32,mmd_rbf,0.011242003180086613,128
aim_on_ties__calib_general,candidate,reasoning,uncensored_only,32,projected_js,0.06524716067360714,128
aim_on_ties__calib_general,candidate,reasoning,uncensored_only,33,mmd_rbf,0.011527773924171925,128
aim_on_ties__calib_general,candidate,reasoning,uncensored_only,33,projected_js,0.0636002334067598,128
aim_on_ties__calib_general,candidate,reasoning,uncensored_only,34,mmd_rbf,0.013044731691479683,128
aim_on_ties__calib_general,candidate,reasoning,uncensored_only,34,projected_js,0.06591319356812164,128
aim_on_ties__calib_general,candidate,reasoning,uncensored_only,35,mmd_rbf,0.044190194457769394,128
aim_on_ties__calib_general,candidate,reasoning,uncensored_only,35,projected_js,0.08929926925338805,128
aim_on_ties__calib_general,candidate,uncensored_refusal_like,base,0,mmd_rbf,0.006448560860008001,128
aim_on_ties__calib_general,candidate,uncensored_refusal_like,base,0,projected_js,0.04705258129979484,128
aim_on_ties__calib_general,candidate,uncensored_refusal_like,base,1,mmd_rbf,0.011315998621284962,128
aim_on_ties__calib_general,candidate,uncensored_refusal_like,base,1,projected_js,0.06081843131687492,128
aim_on_ties__calib_general,candidate,uncensored_refusal_like,base,2,mmd_rbf,0.013108737766742706,128
aim_on_ties__calib_general,candidate,uncensored_refusal_like,base,2,projected_js,0.05808491993229836,128
aim_on_ties__calib_general,candidate,uncensored_refusal_like,base,3,mmd_rbf,0.021844137459993362,128
aim_on_ties__calib_general,candidate,uncensored_refusal_like,base,3,projected_js,0.076972579525318,128
aim_on_ties__calib_general,candidate,uncensored_refusal_like,base,4,mmd_rbf,0.021431665867567062,128
aim_on_ties__calib_general,candidate,uncensored_refusal_like,base,4,projected_js,0.07604897351120599,128
aim_on_ties__calib_general,candidate,uncensored_refusal_like,base,5,mmd_rbf,0.02204982005059719,128
aim_on_ties__calib_general,candidate,uncensored_refusal_like,base,5,projected_js,0.07234362972667441,128
aim_on_ties__calib_general,candidate,uncensored_refusal_like,base,6,mmd_rbf,0.019045822322368622,128
aim_on_ties__calib_general,candidate,uncensored_refusal_like,base,6,projected_js,0.07085567724425346,128
aim_on_ties__calib_general,candidate,uncensored_refusal_like,base,7,mmd_rbf,0.017036698758602142,128
aim_on_ties__calib_general,candidate,uncensored_refusal_like,base,7,projected_js,0.06507099323789589,128
aim_on_ties__calib_general,candidate,uncensored_refusal_like,base,8,mmd_rbf,0.015239203348755836,128
aim_on_ties__calib_general,candidate,uncensored_refusal_like,base,8,projected_js,0.07239637261955068,128
aim_on_ties__calib_general,candidate,uncensored_refusal_like,base,9,mmd_rbf,0.017457539215683937,128
aim_on_ties__calib_general,candidate,uncensored_refusal_like,base,9,projected_js,0.07101095817051828,128
aim_on_ties__calib_general,candidate,uncensored_refusal_like,base,10,mmd_rbf,0.018775781616568565,128
aim_on_ties__calib_general,candidate,uncensored_refusal_like,base,10,projected_js,0.07299715105909854,128
aim_on_ties__calib_general,candidate,uncensored_refusal_like,base,11,mmd_rbf,0.020775770768523216,128
aim_on_ties__calib_general,candidate,uncensored_refusal_like,base,11,projected_js,0.0759956811380107,128
aim_on_ties__calib_general,candidate,uncensored_refusal_like,base,12,mmd_rbf,0.023808922618627548,128
aim_on_ties__calib_general,candidate,uncensored_refusal_like,base,12,projected_js,0.07500868817442097,128
aim_on_ties__calib_general,candidate,uncensored_refusal_like,base,13,mmd_rbf,0.027327561751008034,128
aim_on_ties__calib_general,candidate,uncensored_refusal_like,base,13,projected_js,0.08373358671087772,128
aim_on_ties__calib_general,candidate,uncensored_refusal_like,base,14,mmd_rbf,0.02938857115805149,128
aim_on_ties__calib_general,candidate,uncensored_refusal_like,base,14,projected_js,0.0800383030436933,128
aim_on_ties__calib_general,candidate,uncensored_refusal_like,base,15,mmd_rbf,0.031188786029815674,128
aim_on_ties__calib_general,candidate,uncensored_refusal_like,base,15,projected_js,0.07700731494696811,128
aim_on_ties__calib_general,candidate,uncensored_refusal_like,base,16,mmd_rbf,0.03168985992670059,128
aim_on_ties__calib_general,candidate,uncensored_refusal_like,base,16,projected_js,0.07756678020814434,128
aim_on_ties__calib_general,candidate,uncensored_refusal_like,base,17,mmd_rbf,0.03218396380543709,128
aim_on_ties__calib_general,candidate,uncensored_refusal_like,base,17,projected_js,0.08072675904259086,128
aim_on_ties__calib_general,candidate,uncensored_refusal_like,base,18,mmd_rbf,0.03316257894039154,128
aim_on_ties__calib_general,candidate,uncensored_refusal_like,base,18,projected_js,0.07985413121059537,128
aim_on_ties__calib_general,candidate,uncensored_refusal_like,base,19,mmd_rbf,0.032665543258190155,128
aim_on_ties__calib_general,candidate,uncensored_refusal_like,base,19,projected_js,0.07983217516448349,128
aim_on_ties__calib_general,candidate,uncensored_refusal_like,base,20,mmd_rbf,0.03813993185758591,128
aim_on_ties__calib_general,candidate,uncensored_refusal_like,base,20,projected_js,0.0825379962916486,128
aim_on_ties__calib_general,candidate,uncensored_refusal_like,base,21,mmd_rbf,0.04039200022816658,128
aim_on_ties__calib_general,candidate,uncensored_refusal_like,base,21,projected_js,0.08434370282338932,128
aim_on_ties__calib_general,candidate,uncensored_refusal_like,base,22,mmd_rbf,0.04212283715605736,128
aim_on_ties__calib_general,candidate,uncensored_refusal_like,base,22,projected_js,0.08777201123302802,128
aim_on_ties__calib_general,candidate,uncensored_refusal_like,base,23,mmd_rbf,0.041507404297590256,128
aim_on_ties__calib_general,candidate,uncensored_refusal_like,base,23,projected_js,0.08941710693761706,128
aim_on_ties__calib_general,candidate,uncensored_refusal_like,base,24,mmd_rbf,0.0401318296790123,128
aim_on_ties__calib_general,candidate,uncensored_refusal_like,base,24,projected_js,0.0950631118612364,128
aim_on_ties__calib_general,candidate,uncensored_refusal_like,base,25,mmd_rbf,0.03928450495004654,128
aim_on_ties__calib_general,candidate,uncensored_refusal_like,base,25,projected_js,0.08814489474752918,128
aim_on_ties__calib_general,candidate,uncensored_refusal_like,base,26,mmd_rbf,0.03935676068067551,128
aim_on_ties__calib_general,candidate,uncensored_refusal_like,base,26,projected_js,0.09130972239654511,128
aim_on_ties__calib_general,candidate,uncensored_refusal_like,base,27,mmd_rbf,0.039748068898916245,128
aim_on_ties__calib_general,candidate,uncensored_refusal_like,base,27,projected_js,0.09434259554836899,128
aim_on_ties__calib_general,candidate,uncensored_refusal_like,base,28,mmd_rbf,0.03852223977446556,128
aim_on_ties__calib_general,candidate,uncensored_refusal_like,base,28,projected_js,0.09407294570701197,128
aim_on_ties__calib_general,candidate,uncensored_refusal_like,base,29,mmd_rbf,0.03599787876009941,128
aim_on_ties__calib_general,candidate,uncensored_refusal_like,base,29,projected_js,0.09113233722746372,128
aim_on_ties__calib_general,candidate,uncensored_refusal_like,base,30,mmd_rbf,0.03611234948039055,128
aim_on_ties__calib_general,candidate,uncensored_refusal_like,base,30,projected_js,0.09194299177033827,128
aim_on_ties__calib_general,candidate,uncensored_refusal_like,base,31,mmd_rbf,0.03551418334245682,128
aim_on_ties__calib_general,candidate,uncensored_refusal_like,base,31,projected_js,0.08713370619807392,128
aim_on_ties__calib_general,candidate,uncensored_refusal_like,base,32,mmd_rbf,0.035588450729846954,128
aim_on_ties__calib_general,candidate,uncensored_refusal_like,base,32,projected_js,0.08715289202518761,128
aim_on_ties__calib_general,candidate,uncensored_refusal_like,base,33,mmd_rbf,0.03428519889712334,128
aim_on_ties__calib_general,candidate,uncensored_refusal_like,base,33,projected_js,0.0885086985072121,128
aim_on_ties__calib_general,candidate,uncensored_refusal_like,base,34,mmd_rbf,0.04427714645862579,128
aim_on_ties__calib_general,candidate,uncensored_refusal_like,base,34,projected_js,0.0958846370340325,128
aim_on_ties__calib_general,candidate,uncensored_refusal_like,base,35,mmd_rbf,0.09674528241157532,128
aim_on_ties__calib_general,candidate,uncensored_refusal_like,base,35,projected_js,0.14742257085163146,128
aim_on_ties__calib_general,candidate,uncensored_refusal_like,instr_only,0,mmd_rbf,0.004976493306457996,128
aim_on_ties__calib_general,candidate,uncensored_refusal_like,instr_only,0,projected_js,0.04655619984259829,128
aim_on_ties__calib_general,candidate,uncensored_refusal_like,instr_only,1,mmd_rbf,0.008368966169655323,128
aim_on_ties__calib_general,candidate,uncensored_refusal_like,instr_only,1,projected_js,0.05462377145886421,128
aim_on_ties__calib_general,candidate,uncensored_refusal_like,instr_only,2,mmd_rbf,0.01052854210138321,128
aim_on_ties__calib_general,candidate,uncensored_refusal_like,instr_only,2,projected_js,0.05922855992685072,128
aim_on_ties__calib_general,candidate,uncensored_refusal_like,instr_only,3,mmd_rbf,0.013091737404465675,128
aim_on_ties__calib_general,candidate,uncensored_refusal_like,instr_only,3,projected_js,0.05956786550814286,128
aim_on_ties__calib_general,candidate,uncensored_refusal_like,instr_only,4,mmd_rbf,0.013814724050462246,128
aim_on_ties__calib_general,candidate,uncensored_refusal_like,instr_only,4,projected_js,0.06393853697227314,128
aim_on_ties__calib_general,candidate,uncensored_refusal_like,instr_only,5,mmd_rbf,0.013894501142203808,128
aim_on_ties__calib_general,candidate,uncensored_refusal_like,instr_only,5,projected_js,0.06002701382385567,128
aim_on_ties__calib_general,candidate,uncensored_refusal_like,instr_only,6,mmd_rbf,0.011177675798535347,128
aim_on_ties__calib_general,candidate,uncensored_refusal_like,instr_only,6,projected_js,0.05927088932367042,128
aim_on_ties__calib_general,candidate,uncensored_refusal_like,instr_only,7,mmd_rbf,0.009329784661531448,128
aim_on_ties__calib_general,candidate,uncensored_refusal_like,instr_only,7,projected_js,0.0579544406500645,128
aim_on_ties__calib_general,candidate,uncensored_refusal_like,instr_only,8,mmd_rbf,0.007937684655189514,128
aim_on_ties__calib_general,candidate,uncensored_refusal_like,instr_only,8,projected_js,0.06035033846274018,128
aim_on_ties__calib_general,candidate,uncensored_refusal_like,instr_only,9,mmd_rbf,0.007954031229019165,128
aim_on_ties__calib_general,candidate,uncensored_refusal_like,instr_only,9,projected_js,0.06076937011675909,128
aim_on_ties__calib_general,candidate,uncensored_refusal_like,instr_only,10,mmd_rbf,0.008514093235135078,128
aim_on_ties__calib_general,candidate,uncensored_refusal_like,instr_only,10,projected_js,0.06415322661632672,128
aim_on_ties__calib_general,candidate,uncensored_refusal_like,instr_only,11,mmd_rbf,0.00834681373089552,128
aim_on_ties__calib_general,candidate,uncensored_refusal_like,instr_only,11,projected_js,0.0620279333088547,128
aim_on_ties__calib_general,candidate,uncensored_refusal_like,instr_only,12,mmd_rbf,0.008878096006810665,128
aim_on_ties__calib_general,candidate,uncensored_refusal_like,instr_only,12,projected_js,0.0633838560897857,128
aim_on_ties__calib_general,candidate,uncensored_refusal_like,instr_only,13,mmd_rbf,0.009084728546440601,128
aim_on_ties__calib_general,candidate,uncensored_refusal_like,instr_only,13,projected_js,0.06266977224731818,128
aim_on_ties__calib_general,candidate,uncensored_refusal_like,instr_only,14,mmd_rbf,0.008825401775538921,128
aim_on_ties__calib_general,candidate,uncensored_refusal_like,instr_only,14,projected_js,0.06446308403974399,128
aim_on_ties__calib_general,candidate,uncensored_refusal_like,instr_only,15,mmd_rbf,0.009149300865828991,128
aim_on_ties__calib_general,candidate,uncensored_refusal_like,instr_only,15,projected_js,0.06765237299259752,128
aim_on_ties__calib_general,candidate,uncensored_refusal_like,instr_only,16,mmd_rbf,0.009869282133877277,128
aim_on_ties__calib_general,candidate,uncensored_refusal_like,instr_only,16,projected_js,0.06774703477276489,128
aim_on_ties__calib_general,candidate,uncensored_refusal_like,instr_only,17,mmd_rbf,0.011198296211659908,128
aim_on_ties__calib_general,candidate,uncensored_refusal_like,instr_only,17,projected_js,0.06364882062189281,128
aim_on_ties__calib_general,candidate,uncensored_refusal_like,instr_only,18,mmd_rbf,0.012483866885304451,128
aim_on_ties__calib_general,candidate,uncensored_refusal_like,instr_only,18,projected_js,0.06822492030914873,128
aim_on_ties__calib_general,candidate,uncensored_refusal_like,instr_only,19,mmd_rbf,0.014236812479794025,128
aim_on_ties__calib_general,candidate,uncensored_refusal_like,instr_only,19,projected_js,0.06958922668127343,128
aim_on_ties__calib_general,candidate,uncensored_refusal_like,instr_only,20,mmd_rbf,0.01619497314095497,128
aim_on_ties__calib_general,candidate,uncensored_refusal_like,instr_only,20,projected_js,0.06957658339524642,128
aim_on_ties__calib_general,candidate,uncensored_refusal_like,instr_only,21,mmd_rbf,0.01928659714758396,128
aim_on_ties__calib_general,candidate,uncensored_refusal_like,instr_only,21,projected_js,0.07467480620834976,128
aim_on_ties__calib_general,candidate,uncensored_refusal_like,instr_only,22,mmd_rbf,0.02105001173913479,128
aim_on_ties__calib_general,candidate,uncensored_refusal_like,instr_only,22,projected_js,0.07375026849331334,128
aim_on_ties__calib_general,candidate,uncensored_refusal_like,instr_only,23,mmd_rbf,0.021733522415161133,128
aim_on_ties__calib_general,candidate,uncensored_refusal_like,instr_only,23,projected_js,0.0752760263858363,128
aim_on_ties__calib_general,candidate,uncensored_refusal_like,instr_only,24,mmd_rbf,0.022380618378520012,128
aim_on_ties__calib_general,candidate,uncensored_refusal_like,instr_only,24,projected_js,0.07602574996417388,128
aim_on_ties__calib_general,candidate,uncensored_refusal_like,instr_only,25,mmd_rbf,0.023894675076007843,128
aim_on_ties__calib_general,candidate,uncensored_refusal_like,instr_only,25,projected_js,0.07679526414722204,128
aim_on_ties__calib_general,candidate,uncensored_refusal_like,instr_only,26,mmd_rbf,0.024259159341454506,128
aim_on_ties__calib_general,candidate,uncensored_refusal_like,instr_only,26,projected_js,0.07893326971679926,128
aim_on_ties__calib_general,candidate,uncensored_refusal_like,instr_only,27,mmd_rbf,0.02385897934436798,128
aim_on_ties__calib_general,candidate,uncensored_refusal_like,instr_only,27,projected_js,0.07495655765524134,128
aim_on_ties__calib_general,candidate,uncensored_refusal_like,instr_only,28,mmd_rbf,0.023356078192591667,128
aim_on_ties__calib_general,candidate,uncensored_refusal_like,instr_only,28,projected_js,0.07877553388243541,128
aim_on_ties__calib_general,candidate,uncensored_refusal_like,instr_only,29,mmd_rbf,0.0221205186098814,128
aim_on_ties__calib_general,candidate,uncensored_refusal_like,instr_only,29,projected_js,0.08167584624607116,128
aim_on_ties__calib_general,candidate,uncensored_refusal_like,instr_only,30,mmd_rbf,0.0218913983553648,128
aim_on_ties__calib_general,candidate,uncensored_refusal_like,instr_only,30,projected_js,0.08071890065912157,128
aim_on_ties__calib_general,candidate,uncensored_refusal_like,instr_only,31,mmd_rbf,0.021320093423128128,128
aim_on_ties__calib_general,candidate,uncensored_refusal_like,instr_only,31,projected_js,0.07837053210823797,128
aim_on_ties__calib_general,candidate,uncensored_refusal_like,instr_only,32,mmd_rbf,0.02202543430030346,128
aim_on_ties__calib_general,candidate,uncensored_refusal_like,instr_only,32,projected_js,0.07715849450323731,128
aim_on_ties__calib_general,candidate,uncensored_refusal_like,instr_only,33,mmd_rbf,0.021770255640149117,128
aim_on_ties__calib_general,candidate,uncensored_refusal_like,instr_only,33,projected_js,0.07838334783446044,128
aim_on_ties__calib_general,candidate,uncensored_refusal_like,instr_only,34,mmd_rbf,0.02692200057208538,128
aim_on_ties__calib_general,candidate,uncensored_refusal_like,instr_only,34,projected_js,0.08627275715116411,128
aim_on_ties__calib_general,candidate,uncensored_refusal_like,instr_only,35,mmd_rbf,0.11594519764184952,128
aim_on_ties__calib_general,candidate,uncensored_refusal_like,instr_only,35,projected_js,0.1596532560652122,128
aim_on_ties__calib_general,candidate,uncensored_refusal_like,reasoning_only,0,mmd_rbf,0.02546403370797634,128
aim_on_ties__calib_general,candidate,uncensored_refusal_like,reasoning_only,0,projected_js,0.09579402563394979,128
aim_on_ties__calib_general,candidate,uncensored_refusal_like,reasoning_only,1,mmd_rbf,0.031955551356077194,128
aim_on_ties__calib_general,candidate,uncensored_refusal_like,reasoning_only,1,projected_js,0.0865605782601051,128
aim_on_ties__calib_general,candidate,uncensored_refusal_like,reasoning_only,2,mmd_rbf,0.044413141906261444,128
aim_on_ties__calib_general,candidate,uncensored_refusal_like,reasoning_only,2,projected_js,0.0943929132190533,128
aim_on_ties__calib_general,candidate,uncensored_refusal_like,reasoning_only,3,mmd_rbf,0.05264141783118248,128
aim_on_ties__calib_general,candidate,uncensored_refusal_like,reasoning_only,3,projected_js,0.1090354805928655,128
aim_on_ties__calib_general,candidate,uncensored_refusal_like,reasoning_only,4,mmd_rbf,0.05550098419189453,128
aim_on_ties__calib_general,candidate,uncensored_refusal_like,reasoning_only,4,projected_js,0.12208820634987205,128
aim_on_ties__calib_general,candidate,uncensored_refusal_like,reasoning_only,5,mmd_rbf,0.062034036964178085,128
aim_on_ties__calib_general,candidate,uncensored_refusal_like,reasoning_only,5,projected_js,0.1331720626913011,128
aim_on_ties__calib_general,candidate,uncensored_refusal_like,reasoning_only,6,mmd_rbf,0.047898586839437485,128
aim_on_ties__calib_general,candidate,uncensored_refusal_like,reasoning_only,6,projected_js,0.10812499548774213,128
aim_on_ties__calib_general,candidate,uncensored_refusal_like,reasoning_only,7,mmd_rbf,0.043679337948560715,128
aim_on_ties__calib_general,candidate,uncensored_refusal_like,reasoning_only,7,projected_js,0.10637170379050076,128
aim_on_ties__calib_general,candidate,uncensored_refusal_like,reasoning_only,8,mmd_rbf,0.03442520648241043,128
aim_on_ties__calib_general,candidate,uncensored_refusal_like,reasoning_only,8,projected_js,0.09761377063114196,128
aim_on_ties__calib_general,candidate,uncensored_refusal_like,reasoning_only,9,mmd_rbf,0.033440228551626205,128
aim_on_ties__calib_general,candidate,uncensored_refusal_like,reasoning_only,9,projected_js,0.09596184961264953,128
aim_on_ties__calib_general,candidate,uncensored_refusal_like,reasoning_only,10,mmd_rbf,0.034886278212070465,128
aim_on_ties__calib_general,candidate,uncensored_refusal_like,reasoning_only,10,projected_js,0.10175091895507649,128
aim_on_ties__calib_general,candidate,uncensored_refusal_like,reasoning_only,11,mmd_rbf,0.03412830829620361,128
aim_on_ties__calib_general,candidate,uncensored_refusal_like,reasoning_only,11,projected_js,0.09290999168297276,128
aim_on_ties__calib_general,candidate,uncensored_refusal_like,reasoning_only,12,mmd_rbf,0.03788287565112114,128
aim_on_ties__calib_general,candidate,uncensored_refusal_like,reasoning_only,12,projected_js,0.09415667760185897,128
aim_on_ties__calib_general,candidate,uncensored_refusal_like,reasoning_only,13,mmd_rbf,0.04043358191847801,128
aim_on_ties__calib_general,candidate,uncensored_refusal_like,reasoning_only,13,projected_js,0.09595309454016387,128
aim_on_ties__calib_general,candidate,uncensored_refusal_like,reasoning_only,14,mmd_rbf,0.03946272283792496,128
aim_on_ties__calib_general,candidate,uncensored_refusal_like,reasoning_only,14,projected_js,0.09219075477449223,128
aim_on_ties__calib_general,candidate,uncensored_refusal_like,reasoning_only,15,mmd_rbf,0.0406002476811409,128
aim_on_ties__calib_general,candidate,uncensored_refusal_like,reasoning_only,15,projected_js,0.09285756049212068,128
aim_on_ties__calib_general,candidate,uncensored_refusal_like,reasoning_only,16,mmd_rbf,0.040573861449956894,128
aim_on_ties__calib_general,candidate,uncensored_refusal_like,reasoning_only,16,projected_js,0.09138581200386398,128
aim_on_ties__calib_general,candidate,uncensored_refusal_like,reasoning_only,17,mmd_rbf,0.04091041535139084,128
aim_on_ties__calib_general,candidate,uncensored_refusal_like,reasoning_only,17,projected_js,0.08805802621645853,128
aim_on_ties__calib_general,candidate,uncensored_refusal_like,reasoning_only,18,mmd_rbf,0.048555005341768265,128
aim_on_ties__calib_general,candidate,uncensored_refusal_like,reasoning_only,18,projected_js,0.08982459537219256,128
aim_on_ties__calib_general,candidate,uncensored_refusal_like,reasoning_only,19,mmd_rbf,0.04729825258255005,128
aim_on_ties__calib_general,candidate,uncensored_refusal_like,reasoning_only,19,projected_js,0.09159117477247491,128
aim_on_ties__calib_general,candidate,uncensored_refusal_like,reasoning_only,20,mmd_rbf,0.048150528222322464,128
aim_on_ties__calib_general,candidate,uncensored_refusal_like,reasoning_only,20,projected_js,0.0902600089320913,128
aim_on_ties__calib_general,candidate,uncensored_refusal_like,reasoning_only,21,mmd_rbf,0.049567241221666336,128
aim_on_ties__calib_general,candidate,uncensored_refusal_like,reasoning_only,21,projected_js,0.0906270919367671,128
aim_on_ties__calib_general,candidate,uncensored_refusal_like,reasoning_only,22,mmd_rbf,0.049389224499464035,128
aim_on_ties__calib_general,candidate,uncensored_refusal_like,reasoning_only,22,projected_js,0.09512916818493977,128
aim_on_ties__calib_general,candidate,uncensored_refusal_like,reasoning_only,23,mmd_rbf,0.04356174170970917,128
aim_on_ties__calib_general,candidate,uncensored_refusal_like,reasoning_only,23,projected_js,0.08995517587754875,128
aim_on_ties__calib_general,candidate,uncensored_refusal_like,reasoning_only,24,mmd_rbf,0.0488344207406044,128
aim_on_ties__calib_general,candidate,uncensored_refusal_like,reasoning_only,24,projected_js,0.09356513936654665,128
aim_on_ties__calib_general,candidate,uncensored_refusal_like,reasoning_only,25,mmd_rbf,0.046187449246644974,128
aim_on_ties__calib_general,candidate,uncensored_refusal_like,reasoning_only,25,projected_js,0.09190180187579244,128
aim_on_ties__calib_general,candidate,uncensored_refusal_like,reasoning_only,26,mmd_rbf,0.04784013330936432,128
aim_on_ties__calib_general,candidate,uncensored_refusal_like,reasoning_only,26,projected_js,0.09609392785932869,128
aim_on_ties__calib_general,candidate,uncensored_refusal_like,reasoning_only,27,mmd_rbf,0.050135668367147446,128
aim_on_ties__calib_general,candidate,uncensored_refusal_like,reasoning_only,27,projected_js,0.09416811220580712,128
aim_on_ties__calib_general,candidate,uncensored_refusal_like,reasoning_only,28,mmd_rbf,0.052183520048856735,128
aim_on_ties__calib_general,candidate,uncensored_refusal_like,reasoning_only,28,projected_js,0.10166558064520359,128
aim_on_ties__calib_general,candidate,uncensored_refusal_like,reasoning_only,29,mmd_rbf,0.05101500079035759,128
aim_on_ties__calib_general,candidate,uncensored_refusal_like,reasoning_only,29,projected_js,0.10560614947462454,128
aim_on_ties__calib_general,candidate,uncensored_refusal_like,reasoning_only,30,mmd_rbf,0.05436837673187256,128
aim_on_ties__calib_general,candidate,uncensored_refusal_like,reasoning_only,30,projected_js,0.11707217141520232,128
aim_on_ties__calib_general,candidate,uncensored_refusal_like,reasoning_only,31,mmd_rbf,0.05423761531710625,128
aim_on_ties__calib_general,candidate,uncensored_refusal_like,reasoning_only,31,projected_js,0.10459748591529205,128
aim_on_ties__calib_general,candidate,uncensored_refusal_like,reasoning_only,32,mmd_rbf,0.05431031063199043,128
aim_on_ties__calib_general,candidate,uncensored_refusal_like,reasoning_only,32,projected_js,0.10583329590735957,128
aim_on_ties__calib_general,candidate,uncensored_refusal_like,reasoning_only,33,mmd_rbf,0.05046871304512024,128
aim_on_ties__calib_general,candidate,uncensored_refusal_like,reasoning_only,33,projected_js,0.0963358185836114,128
aim_on_ties__calib_general,candidate,uncensored_refusal_like,reasoning_only,34,mmd_rbf,0.05248972401022911,128
aim_on_ties__calib_general,candidate,uncensored_refusal_like,reasoning_only,34,projected_js,0.09785245830425993,128
aim_on_ties__calib_general,candidate,uncensored_refusal_like,reasoning_only,35,mmd_rbf,0.04940629005432129,128
aim_on_ties__calib_general,candidate,uncensored_refusal_like,reasoning_only,35,projected_js,0.10193364950828254,128
aim_on_ties__calib_general,candidate,uncensored_refusal_like,uncensored_only,0,mmd_rbf,0.01259798463433981,128
aim_on_ties__calib_general,candidate,uncensored_refusal_like,uncensored_only,0,projected_js,0.05780484774732031,128
aim_on_ties__calib_general,candidate,uncensored_refusal_like,uncensored_only,1,mmd_rbf,0.2249414026737213,128
aim_on_ties__calib_general,candidate,uncensored_refusal_like,uncensored_only,1,projected_js,0.24780353013193235,128
aim_on_ties__calib_general,candidate,uncensored_refusal_like,uncensored_only,2,mmd_rbf,0.19868259131908417,128
aim_on_ties__calib_general,candidate,uncensored_refusal_like,uncensored_only,2,projected_js,0.2054217816912569,128
aim_on_ties__calib_general,candidate,uncensored_refusal_like,uncensored_only,3,mmd_rbf,0.15980029106140137,128
aim_on_ties__calib_general,candidate,uncensored_refusal_like,uncensored_only,3,projected_js,0.16709271393483505,128
aim_on_ties__calib_general,candidate,uncensored_refusal_like,uncensored_only,4,mmd_rbf,0.1294468492269516,128
aim_on_ties__calib_general,candidate,uncensored_refusal_like,uncensored_only,4,projected_js,0.16780620208010077,128
aim_on_ties__calib_general,candidate,uncensored_refusal_like,uncensored_only,5,mmd_rbf,0.09842296689748764,128
aim_on_ties__calib_general,candidate,uncensored_refusal_like,uncensored_only,5,projected_js,0.15277588565368205,128
aim_on_ties__calib_general,candidate,uncensored_refusal_like,uncensored_only,6,mmd_rbf,0.06296335905790329,128
aim_on_ties__calib_general,candidate,uncensored_refusal_like,uncensored_only,6,projected_js,0.11587891087401658,128
aim_on_ties__calib_general,candidate,uncensored_refusal_like,uncensored_only,7,mmd_rbf,0.04791795834898949,128
aim_on_ties__calib_general,candidate,uncensored_refusal_like,uncensored_only,7,projected_js,0.0968795360531658,128
aim_on_ties__calib_general,candidate,uncensored_refusal_like,uncensored_only,8,mmd_rbf,0.034552887082099915,128
aim_on_ties__calib_general,candidate,uncensored_refusal_like,uncensored_only,8,projected_js,0.08435460162581876,128
aim_on_ties__calib_general,candidate,uncensored_refusal_like,uncensored_only,9,mmd_rbf,0.030066389590501785,128
aim_on_ties__calib_general,candidate,uncensored_refusal_like,uncensored_only,9,projected_js,0.0769766818266362,128
aim_on_ties__calib_general,candidate,uncensored_refusal_like,uncensored_only,10,mmd_rbf,0.025152483955025673,128
aim_on_ties__calib_general,candidate,uncensored_refusal_like,uncensored_only,10,projected_js,0.07563614659011364,128
aim_on_ties__calib_general,candidate,uncensored_refusal_like,uncensored_only,11,mmd_rbf,0.021579718217253685,128
aim_on_ties__calib_general,candidate,uncensored_refusal_like,uncensored_only,11,projected_js,0.06735041202045977,128
aim_on_ties__calib_general,candidate,uncensored_refusal_like,uncensored_only,12,mmd_rbf,0.02181168459355831,128
aim_on_ties__calib_general,candidate,uncensored_refusal_like,uncensored_only,12,projected_js,0.07437311008106917,128
aim_on_ties__calib_general,candidate,uncensored_refusal_like,uncensored_only,13,mmd_rbf,0.023213598877191544,128
aim_on_ties__calib_general,candidate,uncensored_refusal_like,uncensored_only,13,projected_js,0.07264546665828675,128
aim_on_ties__calib_general,candidate,uncensored_refusal_like,uncensored_only,14,mmd_rbf,0.023896049708127975,128
aim_on_ties__calib_general,candidate,uncensored_refusal_like,uncensored_only,14,projected_js,0.07912222150480375,128
aim_on_ties__calib_general,candidate,uncensored_refusal_like,uncensored_only,15,mmd_rbf,0.029274821281433105,128
aim_on_ties__calib_general,candidate,uncensored_refusal_like,uncensored_only,15,projected_js,0.08414358278969303,128
aim_on_ties__calib_general,candidate,uncensored_refusal_like,uncensored_only,16,mmd_rbf,0.030506987124681473,128
aim_on_ties__calib_general,candidate,uncensored_refusal_like,uncensored_only,16,projected_js,0.07650401993305422,128
aim_on_ties__calib_general,candidate,uncensored_refusal_like,uncensored_only,17,mmd_rbf,0.031220370903611183,128
aim_on_ties__calib_general,candidate,uncensored_refusal_like,uncensored_only,17,projected_js,0.08026060735573992,128
aim_on_ties__calib_general,candidate,uncensored_refusal_like,uncensored_only,18,mmd_rbf,0.03268051892518997,128
aim_on_ties__calib_general,candidate,uncensored_refusal_like,uncensored_only,18,projected_js,0.08194799820194021,128
aim_on_ties__calib_general,candidate,uncensored_refusal_like,uncensored_only,19,mmd_rbf,0.031789034605026245,128
aim_on_ties__calib_general,candidate,uncensored_refusal_like,uncensored_only,19,projected_js,0.08496346441097558,128
aim_on_ties__calib_general,candidate,uncensored_refusal_like,uncensored_only,20,mmd_rbf,0.0344715379178524,128
aim_on_ties__calib_general,candidate,uncensored_refusal_like,uncensored_only,20,projected_js,0.07837374153314158,128
aim_on_ties__calib_general,candidate,uncensored_refusal_like,uncensored_only,21,mmd_rbf,0.039225637912750244,128
aim_on_ties__calib_general,candidate,uncensored_refusal_like,uncensored_only,21,projected_js,0.08612654183525592,128
aim_on_ties__calib_general,candidate,uncensored_refusal_like,uncensored_only,22,mmd_rbf,0.04247400909662247,128
aim_on_ties__calib_general,candidate,uncensored_refusal_like,uncensored_only,22,projected_js,0.08725353085901588,128
aim_on_ties__calib_general,candidate,uncensored_refusal_like,uncensored_only,23,mmd_rbf,0.0436384342610836,128
aim_on_ties__calib_general,candidate,uncensored_refusal_like,uncensored_only,23,projected_js,0.08961193700088188,128
aim_on_ties__calib_general,candidate,uncensored_refusal_like,uncensored_only,24,mmd_rbf,0.048978954553604126,128
aim_on_ties__calib_general,candidate,uncensored_refusal_like,uncensored_only,24,projected_js,0.09159414126770571,128
aim_on_ties__calib_general,candidate,uncensored_refusal_like,uncensored_only,25,mmd_rbf,0.0534496083855629,128
aim_on_ties__calib_general,candidate,uncensored_refusal_like,uncensored_only,25,projected_js,0.09692159097176045,128
aim_on_ties__calib_general,candidate,uncensored_refusal_like,uncensored_only,26,mmd_rbf,0.054903626441955566,128
aim_on_ties__calib_general,candidate,uncensored_refusal_like,uncensored_only,26,projected_js,0.09640793455764651,128
aim_on_ties__calib_general,candidate,uncensored_refusal_like,uncensored_only,27,mmd_rbf,0.05623723194003105,128
aim_on_ties__calib_general,candidate,uncensored_refusal_like,uncensored_only,27,projected_js,0.10048068658215925,128
aim_on_ties__calib_general,candidate,uncensored_refusal_like,uncensored_only,28,mmd_rbf,0.05398062616586685,128
aim_on_ties__calib_general,candidate,uncensored_refusal_like,uncensored_only,28,projected_js,0.10678968520369381,128
aim_on_ties__calib_general,candidate,uncensored_refusal_like,uncensored_only,29,mmd_rbf,0.05173183232545853,128
aim_on_ties__calib_general,candidate,uncensored_refusal_like,uncensored_only,29,projected_js,0.10253365058451891,128
aim_on_ties__calib_general,candidate,uncensored_refusal_like,uncensored_only,30,mmd_rbf,0.05439094454050064,128
aim_on_ties__calib_general,candidate,uncensored_refusal_like,uncensored_only,30,projected_js,0.1055010215495713,128
aim_on_ties__calib_general,candidate,uncensored_refusal_like,uncensored_only,31,mmd_rbf,0.05256596952676773,128
aim_on_ties__calib_general,candidate,uncensored_refusal_like,uncensored_only,31,projected_js,0.09942677000071853,128
aim_on_ties__calib_general,candidate,uncensored_refusal_like,uncensored_only,32,mmd_rbf,0.0526585578918457,128
aim_on_ties__calib_general,candidate,uncensored_refusal_like,uncensored_only,32,projected_js,0.09678036085097119,128
aim_on_ties__calib_general,candidate,uncensored_refusal_like,uncensored_only,33,mmd_rbf,0.052197884768247604,128
aim_on_ties__calib_general,candidate,uncensored_refusal_like,uncensored_only,33,projected_js,0.097443402686622,128
aim_on_ties__calib_general,candidate,uncensored_refusal_like,uncensored_only,34,mmd_rbf,0.05797537788748741,128
aim_on_ties__calib_general,candidate,uncensored_refusal_like,uncensored_only,34,projected_js,0.1060159886837937,128
aim_on_ties__calib_general,candidate,uncensored_refusal_like,uncensored_only,35,mmd_rbf,0.1353723257780075,128
aim_on_ties__calib_general,candidate,uncensored_refusal_like,uncensored_only,35,projected_js,0.16070515441242605,128
