model_id,model_kind,calib_subset,target_id,layer,metric,value,n_prompts
aim_on_breadcrumbs__calib_instruction,candidate,general,base,0,mmd_rbf,0.006353420205414295,128
aim_on_breadcrumbs__calib_instruction,candidate,general,base,0,projected_js,0.04629813716746867,128
aim_on_breadcrumbs__calib_instruction,candidate,general,base,1,mmd_rbf,0.009692958556115627,128
aim_on_breadcrumbs__calib_instruction,candidate,general,base,1,projected_js,0.05327525764005259,128
aim_on_breadcrumbs__calib_instruction,candidate,general,base,2,mmd_rbf,0.010233687236905098,128
aim_on_breadcrumbs__calib_instruction,candidate,general,base,2,projected_js,0.05657110354513861,128
aim_on_breadcrumbs__calib_instruction,candidate,general,base,3,mmd_rbf,0.011736312881112099,128
aim_on_breadcrumbs__calib_instruction,candidate,general,base,3,projected_js,0.0591065228509251,128
aim_on_breadcrumbs__calib_instruction,candidate,general,base,4,mmd_rbf,0.011384312063455582,128
aim_on_breadcrumbs__calib_instruction,candidate,general,base,4,projected_js,0.05690009007230401,128
aim_on_breadcrumbs__calib_instruction,candidate,general,base,5,mmd_rbf,0.010744581930339336,128
aim_on_breadcrumbs__calib_instruction,candidate,general,base,5,projected_js,0.058987004129448906,128
aim_on_breadcrumbs__calib_instruction,candidate,general,base,6,mmd_rbf,0.008478044532239437,128
aim_on_breadcrumbs__calib_instruction,candidate,general,base,6,projected_js,0.05560396594228223,128
aim_on_breadcrumbs__calib_instruction,candidate,general,base,7,mmd_rbf,0.007446272764354944,128
aim_on_breadcrumbs__calib_instruction,candidate,general,base,7,projected_js,0.057649128313641995,128
aim_on_breadcrumbs__calib_instruction,candidate,general,base,8,mmd_rbf,0.006142676807940006,128
aim_on_breadcrumbs__calib_instruction,candidate,general,base,8,projected_js,0.05511120628216304,128
aim_on_breadcrumbs__calib_instruction,candidate,general,base,9,mmd_rbf,0.006211347412317991,128
aim_on_breadcrumbs__calib_instruction,candidate,general,base,9,projected_js,0.058253922150470316,128
aim_on_breadcrumbs__calib_instruction,candidate,general,base,10,mmd_rbf,0.006263726390898228,128
aim_on_breadcrumbs__calib_instruction,candidate,general,base,10,projected_js,0.05689600421465002,128
aim_on_breadcrumbs__calib_instruction,candidate,general,base,11,mmd_rbf,0.006048639304935932,128
aim_on_breadcrumbs__calib_instruction,candidate,general,base,11,projected_js,0.058746368245920166,128
aim_on_breadcrumbs__calib_instruction,candidate,general,base,12,mmd_rbf,0.006056257989257574,128
aim_on_breadcrumbs__calib_instruction,candidate,general,base,12,projected_js,0.058785712521057576,128
aim_on_breadcrumbs__calib_instruction,candidate,general,base,13,mmd_rbf,0.0063260565511882305,128
aim_on_breadcrumbs__calib_instruction,candidate,general,base,13,projected_js,0.05834908987162635,128
aim_on_breadcrumbs__calib_instruction,candidate,general,base,14,mmd_rbf,0.006437146570533514,128
aim_on_breadcrumbs__calib_instruction,candidate,general,base,14,projected_js,0.05982636765111238,128
aim_on_breadcrumbs__calib_instruction,candidate,general,base,15,mmd_rbf,0.006862435024231672,128
aim_on_breadcrumbs__calib_instruction,candidate,general,base,15,projected_js,0.057365430548088625,128
aim_on_breadcrumbs__calib_instruction,candidate,general,base,16,mmd_rbf,0.007767034228891134,128
aim_on_breadcrumbs__calib_instruction,candidate,general,base,16,projected_js,0.05926635209470987,128
aim_on_breadcrumbs__calib_instruction,candidate,general,base,17,mmd_rbf,0.007617180235683918,128
aim_on_breadcrumbs__calib_instruction,candidate,general,base,17,projected_js,0.06332913791993633,128
aim_on_breadcrumbs__calib_instruction,candidate,general,base,18,mmd_rbf,0.008010069839656353,128
aim_on_breadcrumbs__calib_instruction,candidate,general,base,18,projected_js,0.06379788380581886,128
aim_on_breadcrumbs__calib_instruction,candidate,general,base,19,mmd_rbf,0.008077181875705719,128
aim_on_breadcrumbs__calib_instruction,candidate,general,base,19,projected_js,0.061807923251762986,128
aim_on_breadcrumbs__calib_instruction,candidate,general,base,20,mmd_rbf,0.007836553268134594,128
aim_on_breadcrumbs__calib_instruction,candidate,general,base,20,projected_js,0.06002498141606338,128
aim_on_breadcrumbs__calib_instruction,candidate,general,base,21,mmd_rbf,0.007890008389949799,128
aim_on_breadcrumbs__calib_instruction,candidate,general,base,21,projected_js,0.06242361559998244,128
aim_on_breadcrumbs__calib_instruction,candidate,general,base,22,mmd_rbf,0.007368206512182951,128
aim_on_breadcrumbs__calib_instruction,candidate,general,base,22,projected_js,0.06179275462636724,128
aim_on_breadcrumbs__calib_instruction,candidate,general,base,23,mmd_rbf,0.006981498096138239,128
aim_on_breadcrumbs__calib_instruction,candidate,general,base,23,projected_js,0.06207455007825047,128
aim_on_breadcrumbs__calib_instruction,candidate,general,base,24,mmd_rbf,0.006511285435408354,128
aim_on_breadcrumbs__calib_instruction,candidate,general,base,24,projected_js,0.059316167316865176,128
aim_on_breadcrumbs__calib_instruction,candidate,general,base,25,mmd_rbf,0.00619844114407897,128
aim_on_breadcrumbs__calib_instruction,candidate,general,base,25,projected_js,0.055658955534454435,128
aim_on_breadcrumbs__calib_instruction,candidate,general,base,26,mmd_rbf,0.006223245989531279,128
aim_on_breadcrumbs__calib_instruction,candidate,general,base,26,projected_js,0.056196816614829004,128
aim_on_breadcrumbs__calib_instruction,candidate,general,base,27,mmd_rbf,0.006200273521244526,128
aim_on_breadcrumbs__calib_instruction,candidate,general,base,27,projected_js,0.060136266343761235,128
aim_on_breadcrumbs__calib_instruction,candidate,general,base,28,mmd_rbf,0.0058816238306462765,128
aim_on_breadcrumbs__calib_instruction,candidate,general,base,28,projected_js,0.061346449016127735,128
aim_on_breadcrumbs__calib_instruction,candidate,general,base,29,mmd_rbf,0.005719033535569906,128
aim_on_breadcrumbs__calib_instruction,candidate,general,base,29,projected_js,0.05809422270976938,128
aim_on_breadcrumbs__calib_instruction,candidate,general,base,30,mmd_rbf,0.005419325083494186,128
aim_on_breadcrumbs__calib_instruction,candidate,general,base,30,projected_js,0.056311715045012534,128
aim_on_breadcrumbs__calib_instruction,candidate,general,base,31,mmd_rbf,0.0051874215714633465,128
aim_on_breadcrumbs__calib_instruction,candidate,general,base,31,projected_js,0.058460670756176114,128
aim_on_breadcrumbs__calib_instruction,candidate,general,base,32,mmd_rbf,0.0054526436142623425,128
aim_on_breadcrumbs__calib_instruction,candidate,general,base,32,projected_js,0.05623168279998936,128
aim_on_breadcrumbs__calib_instruction,candidate,general,base,33,mmd_rbf,0.005666865035891533,128
aim_on_breadcrumbs__calib_instruction,candidate,general,base,33,projected_js,0.06026447005569935,128
aim_on_breadcrumbs__calib_instruction,candidate,general,base,34,mmd_rbf,0.009555937722325325,128
aim_on_breadcrumbs__calib_instruction,candidate,general,base,34,projected_js,0.06272517412435263,128
aim_on_breadcrumbs__calib_instruction,candidate,general,base,35,mmd_rbf,0.04681887850165367,128
aim_on_breadcrumbs__calib_instruction,candidate,general,base,35,projected_js,0.09151126357028261,128
aim_on_breadcrumbs__calib_instruction,candidate,general,instr_only,0,mmd_rbf,0.0033826471772044897,128
aim_on_breadcrumbs__calib_instruction,candidate,general,instr_only,0,projected_js,0.03110318053222727,128
aim_on_breadcrumbs__calib_instruction,candidate,general,instr_only,1,mmd_rbf,0.0038114667404443026,128
aim_on_breadcrumbs__calib_instruction,candidate,general,instr_only,1,projected_js,0.034531638404587284,128
aim_on_breadcrumbs__calib_instruction,candidate,general,instr_only,2,mmd_rbf,0.003968332894146442,128
aim_on_breadcrumbs__calib_instruction,candidate,general,instr_only,2,projected_js,0.03718646554625593,128
aim_on_breadcrumbs__calib_instruction,candidate,general,instr_only,3,mmd_rbf,0.004442048259079456,128
aim_on_breadcrumbs__calib_instruction,candidate,general,instr_only,3,projected_js,0.0404834833170753,128
aim_on_breadcrumbs__calib_instruction,candidate,general,instr_only,4,mmd_rbf,0.005257937591522932,128
aim_on_breadcrumbs__calib_instruction,candidate,general,instr_only,4,projected_js,0.042601365261361934,128
aim_on_breadcrumbs__calib_instruction,candidate,general,instr_only,5,mmd_rbf,0.005716227926313877,128
aim_on_breadcrumbs__calib_instruction,candidate,general,instr_only,5,projected_js,0.04503557560383342,128
aim_on_breadcrumbs__calib_instruction,candidate,general,instr_only,6,mmd_rbf,0.00426033278927207,128
aim_on_breadcrumbs__calib_instruction,candidate,general,instr_only,6,projected_js,0.04282728911493905,128
aim_on_breadcrumbs__calib_instruction,candidate,general,instr_only,7,mmd_rbf,0.003583878744393587,128
aim_on_breadcrumbs__calib_instruction,candidate,general,instr_only,7,projected_js,0.04331735789310187,128
aim_on_breadcrumbs__calib_instruction,candidate,general,instr_only,8,mmd_rbf,0.002873646793887019,128
aim_on_breadcrumbs__calib_instruction,candidate,general,instr_only,8,projected_js,0.043581176723819226,128
aim_on_breadcrumbs__calib_instruction,candidate,general,instr_only,9,mmd_rbf,0.0028691221959888935,128
aim_on_breadcrumbs__calib_instruction,candidate,general,instr_only,9,projected_js,0.04847027864889242,128
aim_on_breadcrumbs__calib_instruction,candidate,general,instr_only,10,mmd_rbf,0.002854375634342432,128
aim_on_breadcrumbs__calib_instruction,candidate,general,instr_only,10,projected_js,0.04681316507048905,128
aim_on_breadcrumbs__calib_instruction,candidate,general,instr_only,11,mmd_rbf,0.002800053684040904,128
aim_on_breadcrumbs__calib_instruction,candidate,general,instr_only,11,projected_js,0.050507219770224765,128
aim_on_breadcrumbs__calib_instruction,candidate,general,instr_only,12,mmd_rbf,0.0029186762403696775,128
aim_on_breadcrumbs__calib_instruction,candidate,general,instr_only,12,projected_js,0.05180187267251313,128
aim_on_breadcrumbs__calib_instruction,candidate,general,instr_only,13,mmd_rbf,0.0034106727689504623,128
aim_on_breadcrumbs__calib_instruction,candidate,general,instr_only,13,projected_js,0.05411242070840672,128
aim_on_breadcrumbs__calib_instruction,candidate,general,instr_only,14,mmd_rbf,0.003353472100570798,128
aim_on_breadcrumbs__calib_instruction,candidate,general,instr_only,14,projected_js,0.05128440077533014,128
aim_on_breadcrumbs__calib_instruction,candidate,general,instr_only,15,mmd_rbf,0.003691761987283826,128
aim_on_breadcrumbs__calib_instruction,candidate,general,instr_only,15,projected_js,0.05250194147811271,128
aim_on_breadcrumbs__calib_instruction,candidate,general,instr_only,16,mmd_rbf,0.004157899878919125,128
aim_on_breadcrumbs__calib_instruction,candidate,general,instr_only,16,projected_js,0.056451651733368635,128
aim_on_breadcrumbs__calib_instruction,candidate,general,instr_only,17,mmd_rbf,0.004422696772962809,128
aim_on_breadcrumbs__calib_instruction,candidate,general,instr_only,17,projected_js,0.05756763223325834,128
aim_on_breadcrumbs__calib_instruction,candidate,general,instr_only,18,mmd_rbf,0.004793598782271147,128
aim_on_breadcrumbs__calib_instruction,candidate,general,instr_only,18,projected_js,0.05910149891860783,128
aim_on_breadcrumbs__calib_instruction,candidate,general,instr_only,19,mmd_rbf,0.005015698727220297,128
aim_on_breadcrumbs__calib_instruction,candidate,general,instr_only,19,projected_js,0.05654524202691391,128
aim_on_breadcrumbs__calib_instruction,candidate,general,instr_only,20,mmd_rbf,0.005053059197962284,128
aim_on_breadcrumbs__calib_instruction,candidate,general,instr_only,20,projected_js,0.05471461726119742,128
aim_on_breadcrumbs__calib_instruction,candidate,general,instr_only,21,mmd_rbf,0.005364377051591873,128
aim_on_breadcrumbs__calib_instruction,candidate,general,instr_only,21,projected_js,0.05888487020274624,128
aim_on_breadcrumbs__calib_instruction,candidate,general,instr_only,22,mmd_rbf,0.0055761984549462795,128
aim_on_breadcrumbs__calib_instruction,candidate,general,instr_only,22,projected_js,0.056151950935600325,128
aim_on_breadcrumbs__calib_instruction,candidate,general,instr_only,23,mmd_rbf,0.005350412335246801,128
aim_on_breadcrumbs__calib_instruction,candidate,general,instr_only,23,projected_js,0.0529905220028013,128
aim_on_breadcrumbs__calib_instruction,candidate,general,instr_only,24,mmd_rbf,0.005265397485345602,128
aim_on_breadcrumbs__calib_instruction,candidate,general,instr_only,24,projected_js,0.05613895959686488,128
aim_on_breadcrumbs__calib_instruction,candidate,general,instr_only,25,mmd_rbf,0.005123513285070658,128
aim_on_breadcrumbs__calib_instruction,candidate,general,instr_only,25,projected_js,0.05627586756600067,128
aim_on_breadcrumbs__calib_instruction,candidate,general,instr_only,26,mmd_rbf,0.00508433673530817,128
aim_on_breadcrumbs__calib_instruction,candidate,general,instr_only,26,projected_js,0.05425136737176217,128
aim_on_breadcrumbs__calib_instruction,candidate,general,instr_only,27,mmd_rbf,0.005021677352488041,128
aim_on_breadcrumbs__calib_instruction,candidate,general,instr_only,27,projected_js,0.05745243851561099,128
aim_on_breadcrumbs__calib_instruction,candidate,general,instr_only,28,mmd_rbf,0.004869339521974325,128
aim_on_breadcrumbs__calib_instruction,candidate,general,instr_only,28,projected_js,0.05690681061241776,128
aim_on_breadcrumbs__calib_instruction,candidate,general,instr_only,29,mmd_rbf,0.004592945799231529,128
aim_on_breadcrumbs__calib_instruction,candidate,general,instr_only,29,projected_js,0.05266349806333892,128
aim_on_breadcrumbs__calib_instruction,candidate,general,instr_only,30,mmd_rbf,0.0043917312286794186,128
aim_on_breadcrumbs__calib_instruction,candidate,general,instr_only,30,projected_js,0.056010758271440864,128
aim_on_breadcrumbs__calib_instruction,candidate,general,instr_only,31,mmd_rbf,0.004328462760895491,128
aim_on_breadcrumbs__calib_instruction,candidate,general,instr_only,31,projected_js,0.05214864746085368,128
aim_on_breadcrumbs__calib_instruction,candidate,general,instr_only,32,mmd_rbf,0.004606823902577162,128
aim_on_breadcrumbs__calib_instruction,candidate,general,instr_only,32,projected_js,0.056082726892782375,128
aim_on_breadcrumbs__calib_instruction,candidate,general,instr_only,33,mmd_rbf,0.0048537664115428925,128
aim_on_breadcrumbs__calib_instruction,candidate,general,instr_only,33,projected_js,0.05690238671377301,128
aim_on_breadcrumbs__calib_instruction,candidate,general,instr_only,34,mmd_rbf,0.0072070830501616,128
aim_on_breadcrumbs__calib_instruction,candidate,general,instr_only,34,projected_js,0.05937533770338632,128
aim_on_breadcrumbs__calib_instruction,candidate,general,instr_only,35,mmd_rbf,0.05422727391123772,128
aim_on_breadcrumbs__calib_instruction,candidate,general,instr_only,35,projected_js,0.0961462208069861,128
aim_on_breadcrumbs__calib_instruction,candidate,general,reasoning_only,0,mmd_rbf,0.01361848134547472,128
aim_on_breadcrumbs__calib_instruction,candidate,general,reasoning_only,0,projected_js,0.06006798808812164,128
aim_on_breadcrumbs__calib_instruction,candidate,general,reasoning_only,1,mmd_rbf,0.015147951431572437,128
aim_on_breadcrumbs__calib_instruction,candidate,general,reasoning_only,1,projected_js,0.05995343014365062,128
aim_on_breadcrumbs__calib_instruction,candidate,general,reasoning_only,2,mmd_rbf,0.020977981388568878,128
aim_on_breadcrumbs__calib_instruction,candidate,general,reasoning_only,2,projected_js,0.06346448505064473,128
aim_on_breadcrumbs__calib_instruction,candidate,general,reasoning_only,3,mmd_rbf,0.024132991209626198,128
aim_on_breadcrumbs__calib_instruction,candidate,general,reasoning_only,3,projected_js,0.07564450456993654,128
aim_on_breadcrumbs__calib_instruction,candidate,general,reasoning_only,4,mmd_rbf,0.0242153350263834,128
aim_on_breadcrumbs__calib_instruction,candidate,general,reasoning_only,4,projected_js,0.07435657439054921,128
aim_on_breadcrumbs__calib_instruction,candidate,general,reasoning_only,5,mmd_rbf,0.024191727861762047,128
aim_on_breadcrumbs__calib_instruction,candidate,general,reasoning_only,5,projected_js,0.07662953954422846,128
aim_on_breadcrumbs__calib_instruction,candidate,general,reasoning_only,6,mmd_rbf,0.016933852806687355,128
aim_on_breadcrumbs__calib_instruction,candidate,general,reasoning_only,6,projected_js,0.06612063481588848,128
aim_on_breadcrumbs__calib_instruction,candidate,general,reasoning_only,7,mmd_rbf,0.015301883220672607,128
aim_on_breadcrumbs__calib_instruction,candidate,general,reasoning_only,7,projected_js,0.06523720140103251,128
aim_on_breadcrumbs__calib_instruction,candidate,general,reasoning_only,8,mmd_rbf,0.011571734212338924,128
aim_on_breadcrumbs__calib_instruction,candidate,general,reasoning_only,8,projected_js,0.06577999820001423,128
aim_on_breadcrumbs__calib_instruction,candidate,general,reasoning_only,9,mmd_rbf,0.011013926938176155,128
aim_on_breadcrumbs__calib_instruction,candidate,general,reasoning_only,9,projected_js,0.06325847242260352,128
aim_on_breadcrumbs__calib_instruction,candidate,general,reasoning_only,10,mmd_rbf,0.011792448349297047,128
aim_on_breadcrumbs__calib_instruction,candidate,general,reasoning_only,10,projected_js,0.06467843035352416,128
aim_on_breadcrumbs__calib_instruction,candidate,general,reasoning_only,11,mmd_rbf,0.010864624753594398,128
aim_on_breadcrumbs__calib_instruction,candidate,general,reasoning_only,11,projected_js,0.061874274571891874,128
aim_on_breadcrumbs__calib_instruction,candidate,general,reasoning_only,12,mmd_rbf,0.011133471503853798,128
aim_on_breadcrumbs__calib_instruction,candidate,general,reasoning_only,12,projected_js,0.06431212785537355,128
aim_on_breadcrumbs__calib_instruction,candidate,general,reasoning_only,13,mmd_rbf,0.011648999527096748,128
aim_on_breadcrumbs__calib_instruction,candidate,general,reasoning_only,13,projected_js,0.06402213388355449,128
aim_on_breadcrumbs__calib_instruction,candidate,general,reasoning_only,14,mmd_rbf,0.01168867014348507,128
aim_on_breadcrumbs__calib_instruction,candidate,general,reasoning_only,14,projected_js,0.06515174222295173,128
aim_on_breadcrumbs__calib_instruction,candidate,general,reasoning_only,15,mmd_rbf,0.012397740967571735,128
aim_on_breadcrumbs__calib_instruction,candidate,general,reasoning_only,15,projected_js,0.06475534691708162,128
aim_on_breadcrumbs__calib_instruction,candidate,general,reasoning_only,16,mmd_rbf,0.012604552321135998,128
aim_on_breadcrumbs__calib_instruction,candidate,general,reasoning_only,16,projected_js,0.06698439840693027,128
aim_on_breadcrumbs__calib_instruction,candidate,general,reasoning_only,17,mmd_rbf,0.012552148662507534,128
aim_on_breadcrumbs__calib_instruction,candidate,general,reasoning_only,17,projected_js,0.06634679128183052,128
aim_on_breadcrumbs__calib_instruction,candidate,general,reasoning_only,18,mmd_rbf,0.014118531718850136,128
aim_on_breadcrumbs__calib_instruction,candidate,general,reasoning_only,18,projected_js,0.06798703450476751,128
aim_on_breadcrumbs__calib_instruction,candidate,general,reasoning_only,19,mmd_rbf,0.013283656910061836,128
aim_on_breadcrumbs__calib_instruction,candidate,general,reasoning_only,19,projected_js,0.06582807307131588,128
aim_on_breadcrumbs__calib_instruction,candidate,general,reasoning_only,20,mmd_rbf,0.013259246945381165,128
aim_on_breadcrumbs__calib_instruction,candidate,general,reasoning_only,20,projected_js,0.0635697299730964,128
aim_on_breadcrumbs__calib_instruction,candidate,general,reasoning_only,21,mmd_rbf,0.013835188932716846,128
aim_on_breadcrumbs__calib_instruction,candidate,general,reasoning_only,21,projected_js,0.06666518747806549,128
aim_on_breadcrumbs__calib_instruction,candidate,general,reasoning_only,22,mmd_rbf,0.011933266185224056,128
aim_on_breadcrumbs__calib_instruction,candidate,general,reasoning_only,22,projected_js,0.06673918227897957,128
aim_on_breadcrumbs__calib_instruction,candidate,general,reasoning_only,23,mmd_rbf,0.009937475435435772,128
aim_on_breadcrumbs__calib_instruction,candidate,general,reasoning_only,23,projected_js,0.06415417877724394,128
aim_on_breadcrumbs__calib_instruction,candidate,general,reasoning_only,24,mmd_rbf,0.010379502549767494,128
aim_on_breadcrumbs__calib_instruction,candidate,general,reasoning_only,24,projected_js,0.06388255971251056,128
aim_on_breadcrumbs__calib_instruction,candidate,general,reasoning_only,25,mmd_rbf,0.009769456461071968,128
aim_on_breadcrumbs__calib_instruction,candidate,general,reasoning_only,25,projected_js,0.06385817675618455,128
aim_on_breadcrumbs__calib_instruction,candidate,general,reasoning_only,26,mmd_rbf,0.010031393729150295,128
aim_on_breadcrumbs__calib_instruction,candidate,general,reasoning_only,26,projected_js,0.06395524961408228,128
aim_on_breadcrumbs__calib_instruction,candidate,general,reasoning_only,27,mmd_rbf,0.009650434367358685,128
aim_on_breadcrumbs__calib_instruction,candidate,general,reasoning_only,27,projected_js,0.0630896573420614,128
aim_on_breadcrumbs__calib_instruction,candidate,general,reasoning_only,28,mmd_rbf,0.009936555288732052,128
aim_on_breadcrumbs__calib_instruction,candidate,general,reasoning_only,28,projected_js,0.06230191153008491,128
aim_on_breadcrumbs__calib_instruction,candidate,general,reasoning_only,29,mmd_rbf,0.00985631998628378,128
aim_on_breadcrumbs__calib_instruction,candidate,general,reasoning_only,29,projected_js,0.06072270480217412,128
aim_on_breadcrumbs__calib_instruction,candidate,general,reasoning_only,30,mmd_rbf,0.009746097959578037,128
aim_on_breadcrumbs__calib_instruction,candidate,general,reasoning_only,30,projected_js,0.060001916193868965,128
aim_on_breadcrumbs__calib_instruction,candidate,general,reasoning_only,31,mmd_rbf,0.009835424832999706,128
aim_on_breadcrumbs__calib_instruction,candidate,general,reasoning_only,31,projected_js,0.06280632474226877,128
aim_on_breadcrumbs__calib_instruction,candidate,general,reasoning_only,32,mmd_rbf,0.009653808549046516,128
aim_on_breadcrumbs__calib_instruction,candidate,general,reasoning_only,32,projected_js,0.06295146426418796,128
aim_on_breadcrumbs__calib_instruction,candidate,general,reasoning_only,33,mmd_rbf,0.009097394533455372,128
aim_on_breadcrumbs__calib_instruction,candidate,general,reasoning_only,33,projected_js,0.06071459210943431,128
aim_on_breadcrumbs__calib_instruction,candidate,general,reasoning_only,34,mmd_rbf,0.008745168335735798,128
aim_on_breadcrumbs__calib_instruction,candidate,general,reasoning_only,34,projected_js,0.06103189825080335,128
aim_on_breadcrumbs__calib_instruction,candidate,general,reasoning_only,35,mmd_rbf,0.020685166120529175,128
aim_on_breadcrumbs__calib_instruction,candidate,general,reasoning_only,35,projected_js,0.06553612468997017,128
aim_on_breadcrumbs__calib_instruction,candidate,general,uncensored_only,0,mmd_rbf,0.008844489231705666,128
aim_on_breadcrumbs__calib_instruction,candidate,general,uncensored_only,0,projected_js,0.04495167438290082,128
aim_on_breadcrumbs__calib_instruction,candidate,general,uncensored_only,1,mmd_rbf,0.1701471358537674,128
aim_on_breadcrumbs__calib_instruction,candidate,general,uncensored_only,1,projected_js,0.17793198896106333,128
aim_on_breadcrumbs__calib_instruction,candidate,general,uncensored_only,2,mmd_rbf,0.14178507030010223,128
aim_on_breadcrumbs__calib_instruction,candidate,general,uncensored_only,2,projected_js,0.13724227872444317,128
aim_on_breadcrumbs__calib_instruction,candidate,general,uncensored_only,3,mmd_rbf,0.10670589655637741,128
aim_on_breadcrumbs__calib_instruction,candidate,general,uncensored_only,3,projected_js,0.1259853721712716,128
aim_on_breadcrumbs__calib_instruction,candidate,general,uncensored_only,4,mmd_rbf,0.07862156629562378,128
aim_on_breadcrumbs__calib_instruction,candidate,general,uncensored_only,4,projected_js,0.1127442357246764,128
aim_on_breadcrumbs__calib_instruction,candidate,general,uncensored_only,5,mmd_rbf,0.0553128607571125,128
aim_on_breadcrumbs__calib_instruction,candidate,general,uncensored_only,5,projected_js,0.1049176306114532,128
aim_on_breadcrumbs__calib_instruction,candidate,general,uncensored_only,6,mmd_rbf,0.03126607462763786,128
aim_on_breadcrumbs__calib_instruction,candidate,general,uncensored_only,6,projected_js,0.08175096940249205,128
aim_on_breadcrumbs__calib_instruction,candidate,general,uncensored_only,7,mmd_rbf,0.02395595610141754,128
aim_on_breadcrumbs__calib_instruction,candidate,general,uncensored_only,7,projected_js,0.07502761331852525,128
aim_on_breadcrumbs__calib_instruction,candidate,general,uncensored_only,8,mmd_rbf,0.01571674644947052,128
aim_on_breadcrumbs__calib_instruction,candidate,general,uncensored_only,8,projected_js,0.06650354200974107,128
aim_on_breadcrumbs__calib_instruction,candidate,general,uncensored_only,9,mmd_rbf,0.012882924638688564,128
aim_on_breadcrumbs__calib_instruction,candidate,general,uncensored_only,9,projected_js,0.0631055663106963,128
aim_on_breadcrumbs__calib_instruction,candidate,general,uncensored_only,10,mmd_rbf,0.011435500346124172,128
aim_on_breadcrumbs__calib_instruction,candidate,general,uncensored_only,10,projected_js,0.06391517876181751,128
aim_on_breadcrumbs__calib_instruction,candidate,general,uncensored_only,11,mmd_rbf,0.009762723930180073,128
aim_on_breadcrumbs__calib_instruction,candidate,general,uncensored_only,11,projected_js,0.06180904997745529,128
aim_on_breadcrumbs__calib_instruction,candidate,general,uncensored_only,12,mmd_rbf,0.009605375118553638,128
aim_on_breadcrumbs__calib_instruction,candidate,general,uncensored_only,12,projected_js,0.06296535267028958,128
aim_on_breadcrumbs__calib_instruction,candidate,general,uncensored_only,13,mmd_rbf,0.010158886201679707,128
aim_on_breadcrumbs__calib_instruction,candidate,general,uncensored_only,13,projected_js,0.06047865853179246,128
aim_on_breadcrumbs__calib_instruction,candidate,general,uncensored_only,14,mmd_rbf,0.010423346422612667,128
aim_on_breadcrumbs__calib_instruction,candidate,general,uncensored_only,14,projected_js,0.06435069657163695,128
aim_on_breadcrumbs__calib_instruction,candidate,general,uncensored_only,15,mmd_rbf,0.013000989332795143,128
aim_on_breadcrumbs__calib_instruction,candidate,general,uncensored_only,15,projected_js,0.0655593341216445,128
aim_on_breadcrumbs__calib_instruction,candidate,general,uncensored_only,16,mmd_rbf,0.014429273083806038,128
aim_on_breadcrumbs__calib_instruction,candidate,general,uncensored_only,16,projected_js,0.06829380290582776,128
aim_on_breadcrumbs__calib_instruction,candidate,general,uncensored_only,17,mmd_rbf,0.013143124990165234,128
aim_on_breadcrumbs__calib_instruction,candidate,general,uncensored_only,17,projected_js,0.06640500627690926,128
aim_on_breadcrumbs__calib_instruction,candidate,general,uncensored_only,18,mmd_rbf,0.013679884374141693,128
aim_on_breadcrumbs__calib_instruction,candidate,general,uncensored_only,18,projected_js,0.07132839091354981,128
aim_on_breadcrumbs__calib_instruction,candidate,general,uncensored_only,19,mmd_rbf,0.012759195640683174,128
aim_on_breadcrumbs__calib_instruction,candidate,general,uncensored_only,19,projected_js,0.06652114709140733,128
aim_on_breadcrumbs__calib_instruction,candidate,general,uncensored_only,20,mmd_rbf,0.012534433975815773,128
aim_on_breadcrumbs__calib_instruction,candidate,general,uncensored_only,20,projected_js,0.06459688412724063,128
aim_on_breadcrumbs__calib_instruction,candidate,general,uncensored_only,21,mmd_rbf,0.013736349530518055,128
aim_on_breadcrumbs__calib_instruction,candidate,general,uncensored_only,21,projected_js,0.0706815579906106,128
aim_on_breadcrumbs__calib_instruction,candidate,general,uncensored_only,22,mmd_rbf,0.014522463083267212,128
aim_on_breadcrumbs__calib_instruction,candidate,general,uncensored_only,22,projected_js,0.06670027898508124,128
aim_on_breadcrumbs__calib_instruction,candidate,general,uncensored_only,23,mmd_rbf,0.013776063919067383,128
aim_on_breadcrumbs__calib_instruction,candidate,general,uncensored_only,23,projected_js,0.06759870675159618,128
aim_on_breadcrumbs__calib_instruction,candidate,general,uncensored_only,24,mmd_rbf,0.013930407352745533,128
aim_on_breadcrumbs__calib_instruction,candidate,general,uncensored_only,24,projected_js,0.0684421859041322,128
aim_on_breadcrumbs__calib_instruction,candidate,general,uncensored_only,25,mmd_rbf,0.014174239709973335,128
aim_on_breadcrumbs__calib_instruction,candidate,general,uncensored_only,25,projected_js,0.06915141636272892,128
aim_on_breadcrumbs__calib_instruction,candidate,general,uncensored_only,26,mmd_rbf,0.014393115416169167,128
aim_on_breadcrumbs__calib_instruction,candidate,general,uncensored_only,26,projected_js,0.06776306428946555,128
aim_on_breadcrumbs__calib_instruction,candidate,general,uncensored_only,27,mmd_rbf,0.01436686422675848,128
aim_on_breadcrumbs__calib_instruction,candidate,general,uncensored_only,27,projected_js,0.0680544686911162,128
aim_on_breadcrumbs__calib_instruction,candidate,general,uncensored_only,28,mmd_rbf,0.013064110651612282,128
aim_on_breadcrumbs__calib_instruction,candidate,general,uncensored_only,28,projected_js,0.0697244310285896,128
aim_on_breadcrumbs__calib_instruction,candidate,general,uncensored_only,29,mmd_rbf,0.012474105693399906,128
aim_on_breadcrumbs__calib_instruction,candidate,general,uncensored_only,29,projected_js,0.06226349767530337,128
aim_on_breadcrumbs__calib_instruction,candidate,general,uncensored_only,30,mmd_rbf,0.012370679527521133,128
aim_on_breadcrumbs__calib_instruction,candidate,general,uncensored_only,30,projected_js,0.06122884276555851,128
aim_on_breadcrumbs__calib_instruction,candidate,general,uncensored_only,31,mmd_rbf,0.011680061928927898,128
aim_on_breadcrumbs__calib_instruction,candidate,general,uncensored_only,31,projected_js,0.0634972847183235,128
aim_on_breadcrumbs__calib_instruction,candidate,general,uncensored_only,32,mmd_rbf,0.011607824824750423,128
aim_on_breadcrumbs__calib_instruction,candidate,general,uncensored_only,32,projected_js,0.0617197651299648,128
aim_on_breadcrumbs__calib_instruction,candidate,general,uncensored_only,33,mmd_rbf,0.011847509071230888,128
aim_on_breadcrumbs__calib_instruction,candidate,general,uncensored_only,33,projected_js,0.06340705131879076,128
aim_on_breadcrumbs__calib_instruction,candidate,general,uncensored_only,34,mmd_rbf,0.013880982995033264,128
aim_on_breadcrumbs__calib_instruction,candidate,general,uncensored_only,34,projected_js,0.06728849920909852,128
aim_on_breadcrumbs__calib_instruction,candidate,general,uncensored_only,35,mmd_rbf,0.07019203156232834,128
aim_on_breadcrumbs__calib_instruction,candidate,general,uncensored_only,35,projected_js,0.11006684834137559,128
aim_on_breadcrumbs__calib_instruction,candidate,instruction,base,0,mmd_rbf,0.0039025843143463135,128
aim_on_breadcrumbs__calib_instruction,candidate,instruction,base,0,projected_js,0.04644384002313018,128
aim_on_breadcrumbs__calib_instruction,candidate,instruction,base,1,mmd_rbf,0.006254367530345917,128
aim_on_breadcrumbs__calib_instruction,candidate,instruction,base,1,projected_js,0.050878172158263624,128
aim_on_breadcrumbs__calib_instruction,candidate,instruction,base,2,mmd_rbf,0.008383111096918583,128
aim_on_breadcrumbs__calib_instruction,candidate,instruction,base,2,projected_js,0.05822995529160835,128
aim_on_breadcrumbs__calib_instruction,candidate,instruction,base,3,mmd_rbf,0.01122316811233759,128
aim_on_breadcrumbs__calib_instruction,candidate,instruction,base,3,projected_js,0.06421704695094377,128
aim_on_breadcrumbs__calib_instruction,candidate,instruction,base,4,mmd_rbf,0.010581075213849545,128
aim_on_breadcrumbs__calib_instruction,candidate,instruction,base,4,projected_js,0.06232052360428497,128
aim_on_breadcrumbs__calib_instruction,candidate,instruction,base,5,mmd_rbf,0.011063594371080399,128
aim_on_breadcrumbs__calib_instruction,candidate,instruction,base,5,projected_js,0.057010717631783336,128
aim_on_breadcrumbs__calib_instruction,candidate,instruction,base,6,mmd_rbf,0.00984708871692419,128
aim_on_breadcrumbs__calib_instruction,candidate,instruction,base,6,projected_js,0.06241144545492716,128
aim_on_breadcrumbs__calib_instruction,candidate,instruction,base,7,mmd_rbf,0.009248937480151653,128
aim_on_breadcrumbs__calib_instruction,candidate,instruction,base,7,projected_js,0.06417014525504783,128
aim_on_breadcrumbs__calib_instruction,candidate,instruction,base,8,mmd_rbf,0.00863560102880001,128
aim_on_breadcrumbs__calib_instruction,candidate,instruction,base,8,projected_js,0.06303916807519272,128
aim_on_breadcrumbs__calib_instruction,candidate,instruction,base,9,mmd_rbf,0.009475220926105976,128
aim_on_breadcrumbs__calib_instruction,candidate,instruction,base,9,projected_js,0.06134580943034962,128
aim_on_breadcrumbs__calib_instruction,candidate,instruction,base,10,mmd_rbf,0.010328914038836956,128
aim_on_breadcrumbs__calib_instruction,candidate,instruction,base,10,projected_js,0.0647555107716471,128
aim_on_breadcrumbs__calib_instruction,candidate,instruction,base,11,mmd_rbf,0.0100912069901824,128
aim_on_breadcrumbs__calib_instruction,candidate,instruction,base,11,projected_js,0.06321711963391863,128
aim_on_breadcrumbs__calib_instruction,candidate,instruction,base,12,mmd_rbf,0.009918834082782269,128
aim_on_breadcrumbs__calib_instruction,candidate,instruction,base,12,projected_js,0.06828369933646172,128
aim_on_breadcrumbs__calib_instruction,candidate,instruction,base,13,mmd_rbf,0.010526704601943493,128
aim_on_breadcrumbs__calib_instruction,candidate,instruction,base,13,projected_js,0.06706826214212924,128
aim_on_breadcrumbs__calib_instruction,candidate,instruction,base,14,mmd_rbf,0.010764596052467823,128
aim_on_breadcrumbs__calib_instruction,candidate,instruction,base,14,projected_js,0.06864796590525657,128
aim_on_breadcrumbs__calib_instruction,candidate,instruction,base,15,mmd_rbf,0.011538133025169373,128
aim_on_breadcrumbs__calib_instruction,candidate,instruction,base,15,projected_js,0.07101621729088947,128
aim_on_breadcrumbs__calib_instruction,candidate,instruction,base,16,mmd_rbf,0.012160839512944221,128
aim_on_breadcrumbs__calib_instruction,candidate,instruction,base,16,projected_js,0.06752695154864341,128
aim_on_breadcrumbs__calib_instruction,candidate,instruction,base,17,mmd_rbf,0.01220529805868864,128
aim_on_breadcrumbs__calib_instruction,candidate,instruction,base,17,projected_js,0.06734493951080367,128
aim_on_breadcrumbs__calib_instruction,candidate,instruction,base,18,mmd_rbf,0.01312951184809208,128
aim_on_breadcrumbs__calib_instruction,candidate,instruction,base,18,projected_js,0.06967255682684481,128
aim_on_breadcrumbs__calib_instruction,candidate,instruction,base,19,mmd_rbf,0.01443783100694418,128
aim_on_breadcrumbs__calib_instruction,candidate,instruction,base,19,projected_js,0.06935893790796399,128
aim_on_breadcrumbs__calib_instruction,candidate,instruction,base,20,mmd_rbf,0.014616960659623146,128
aim_on_breadcrumbs__calib_instruction,candidate,instruction,base,20,projected_js,0.07065505610080436,128
aim_on_breadcrumbs__calib_instruction,candidate,instruction,base,21,mmd_rbf,0.015314178541302681,128
aim_on_breadcrumbs__calib_instruction,candidate,instruction,base,21,projected_js,0.07512145227519795,128
aim_on_breadcrumbs__calib_instruction,candidate,instruction,base,22,mmd_rbf,0.014754064381122589,128
aim_on_breadcrumbs__calib_instruction,candidate,instruction,base,22,projected_js,0.07132755685597658,128
aim_on_breadcrumbs__calib_instruction,candidate,instruction,base,23,mmd_rbf,0.013830934651196003,128
aim_on_breadcrumbs__calib_instruction,candidate,instruction,base,23,projected_js,0.07139745575841516,128
aim_on_breadcrumbs__calib_instruction,candidate,instruction,base,24,mmd_rbf,0.013063505291938782,128
aim_on_breadcrumbs__calib_instruction,candidate,instruction,base,24,projected_js,0.07016634527826682,128
aim_on_breadcrumbs__calib_instruction,candidate,instruction,base,25,mmd_rbf,0.012300553731620312,128
aim_on_breadcrumbs__calib_instruction,candidate,instruction,base,25,projected_js,0.07316787994932383,128
aim_on_breadcrumbs__calib_instruction,candidate,instruction,base,26,mmd_rbf,0.01198685634881258,128
aim_on_breadcrumbs__calib_instruction,candidate,instruction,base,26,projected_js,0.06963567226193845,128
aim_on_breadcrumbs__calib_instruction,candidate,instruction,base,27,mmd_rbf,0.011642538011074066,128
aim_on_breadcrumbs__calib_instruction,candidate,instruction,base,27,projected_js,0.06666893960209563,128
aim_on_breadcrumbs__calib_instruction,candidate,instruction,base,28,mmd_rbf,0.010842482559382915,128
aim_on_breadcrumbs__calib_instruction,candidate,instruction,base,28,projected_js,0.06790463282959536,128
aim_on_breadcrumbs__calib_instruction,candidate,instruction,base,29,mmd_rbf,0.010277955792844296,128
aim_on_breadcrumbs__calib_instruction,candidate,instruction,base,29,projected_js,0.06539860382326879,128
aim_on_breadcrumbs__calib_instruction,candidate,instruction,base,30,mmd_rbf,0.010013096034526825,128
aim_on_breadcrumbs__calib_instruction,candidate,instruction,base,30,projected_js,0.06606754040694796,128
aim_on_breadcrumbs__calib_instruction,candidate,instruction,base,31,mmd_rbf,0.009711231105029583,128
aim_on_breadcrumbs__calib_instruction,candidate,instruction,base,31,projected_js,0.06865970243234187,128
aim_on_breadcrumbs__calib_instruction,candidate,instruction,base,32,mmd_rbf,0.00999485608190298,128
aim_on_breadcrumbs__calib_instruction,candidate,instruction,base,32,projected_js,0.0699023645138368,128
aim_on_breadcrumbs__calib_instruction,candidate,instruction,base,33,mmd_rbf,0.010253657586872578,128
aim_on_breadcrumbs__calib_instruction,candidate,instruction,base,33,projected_js,0.06873087689746171,128
aim_on_breadcrumbs__calib_instruction,candidate,instruction,base,34,mmd_rbf,0.014512063935399055,128
aim_on_breadcrumbs__calib_instruction,candidate,instruction,base,34,projected_js,0.07636097178328782,128
aim_on_breadcrumbs__calib_instruction,candidate,instruction,base,35,mmd_rbf,0.040354758501052856,128
aim_on_breadcrumbs__calib_instruction,candidate,instruction,base,35,projected_js,0.09868755849311128,128
aim_on_breadcrumbs__calib_instruction,candidate,instruction,instr_only,0,mmd_rbf,0.0020220011938363314,128
aim_on_breadcrumbs__calib_instruction,candidate,instruction,instr_only,0,projected_js,0.03461874002823606,128
aim_on_breadcrumbs__calib_instruction,candidate,instruction,instr_only,1,mmd_rbf,0.0029540061950683594,128
aim_on_breadcrumbs__calib_instruction,candidate,instruction,instr_only,1,projected_js,0.03691557821002789,128
aim_on_breadcrumbs__calib_instruction,candidate,instruction,instr_only,2,mmd_rbf,0.0035599134862422943,128
aim_on_breadcrumbs__calib_instruction,candidate,instruction,instr_only,2,projected_js,0.04079031609580852,128
aim_on_breadcrumbs__calib_instruction,candidate,instruction,instr_only,3,mmd_rbf,0.0036983757745474577,128
aim_on_breadcrumbs__calib_instruction,candidate,instruction,instr_only,3,projected_js,0.04267874026845675,128
aim_on_breadcrumbs__calib_instruction,candidate,instruction,instr_only,4,mmd_rbf,0.004250578582286835,128
aim_on_breadcrumbs__calib_instruction,candidate,instruction,instr_only,4,projected_js,0.04401017725467682,128
aim_on_breadcrumbs__calib_instruction,candidate,instruction,instr_only,5,mmd_rbf,0.004997736308723688,128
aim_on_breadcrumbs__calib_instruction,candidate,instruction,instr_only,5,projected_js,0.0457975888857618,128
aim_on_breadcrumbs__calib_instruction,candidate,instruction,instr_only,6,mmd_rbf,0.003924767952412367,128
aim_on_breadcrumbs__calib_instruction,candidate,instruction,instr_only,6,projected_js,0.047128494625212625,128
aim_on_breadcrumbs__calib_instruction,candidate,instruction,instr_only,7,mmd_rbf,0.003447954310104251,128
aim_on_breadcrumbs__calib_instruction,candidate,instruction,instr_only,7,projected_js,0.05061131448019296,128
aim_on_breadcrumbs__calib_instruction,candidate,instruction,instr_only,8,mmd_rbf,0.0029483758844435215,128
aim_on_breadcrumbs__calib_instruction,candidate,instruction,instr_only,8,projected_js,0.049796122300904244,128
aim_on_breadcrumbs__calib_instruction,candidate,instruction,instr_only,9,mmd_rbf,0.003034111810848117,128
aim_on_breadcrumbs__calib_instruction,candidate,instruction,instr_only,9,projected_js,0.05309213206055574,128
aim_on_breadcrumbs__calib_instruction,candidate,instruction,instr_only,10,mmd_rbf,0.003117714077234268,128
aim_on_breadcrumbs__calib_instruction,candidate,instruction,instr_only,10,projected_js,0.0543529732094612,128
aim_on_breadcrumbs__calib_instruction,candidate,instruction,instr_only,11,mmd_rbf,0.0028311037458479404,128
aim_on_breadcrumbs__calib_instruction,candidate,instruction,instr_only,11,projected_js,0.05651873123133555,128
aim_on_breadcrumbs__calib_instruction,candidate,instruction,instr_only,12,mmd_rbf,0.0027596161235123873,128
aim_on_breadcrumbs__calib_instruction,candidate,instruction,instr_only,12,projected_js,0.054481768020195886,128
aim_on_breadcrumbs__calib_instruction,candidate,instruction,instr_only,13,mmd_rbf,0.002886490197852254,128
aim_on_breadcrumbs__calib_instruction,candidate,instruction,instr_only,13,projected_js,0.05535309883998707,128
aim_on_breadcrumbs__calib_instruction,candidate,instruction,instr_only,14,mmd_rbf,0.0028321929275989532,128
aim_on_breadcrumbs__calib_instruction,candidate,instruction,instr_only,14,projected_js,0.05429066377109848,128
aim_on_breadcrumbs__calib_instruction,candidate,instruction,instr_only,15,mmd_rbf,0.0030114271212369204,128
aim_on_breadcrumbs__calib_instruction,candidate,instruction,instr_only,15,projected_js,0.06112155644223094,128
aim_on_breadcrumbs__calib_instruction,candidate,instruction,instr_only,16,mmd_rbf,0.003211644245311618,128
aim_on_breadcrumbs__calib_instruction,candidate,instruction,instr_only,16,projected_js,0.05990219587692991,128
aim_on_breadcrumbs__calib_instruction,candidate,instruction,instr_only,17,mmd_rbf,0.0033429122995585203,128
aim_on_breadcrumbs__calib_instruction,candidate,instruction,instr_only,17,projected_js,0.0574811456608586,128
aim_on_breadcrumbs__calib_instruction,candidate,instruction,instr_only,18,mmd_rbf,0.003670494304969907,128
aim_on_breadcrumbs__calib_instruction,candidate,instruction,instr_only,18,projected_js,0.05825732712401077,128
aim_on_breadcrumbs__calib_instruction,candidate,instruction,instr_only,19,mmd_rbf,0.004100395832210779,128
aim_on_breadcrumbs__calib_instruction,candidate,instruction,instr_only,19,projected_js,0.05886686881422065,128
aim_on_breadcrumbs__calib_instruction,candidate,instruction,instr_only,20,mmd_rbf,0.004343995824456215,128
aim_on_breadcrumbs__calib_instruction,candidate,instruction,instr_only,20,projected_js,0.05683697178028524,128
aim_on_breadcrumbs__calib_instruction,candidate,instruction,instr_only,21,mmd_rbf,0.0053748576901853085,128
aim_on_breadcrumbs__calib_instruction,candidate,instruction,instr_only,21,projected_js,0.06538876931881532,128
aim_on_breadcrumbs__calib_instruction,candidate,instruction,instr_only,22,mmd_rbf,0.0058028060011565685,128
aim_on_breadcrumbs__calib_instruction,candidate,instruction,instr_only,22,projected_js,0.06167164054932073,128
aim_on_breadcrumbs__calib_instruction,candidate,instruction,instr_only,23,mmd_rbf,0.005885599181056023,128
aim_on_breadcrumbs__calib_instruction,candidate,instruction,instr_only,23,projected_js,0.06201349216280505,128
aim_on_breadcrumbs__calib_instruction,candidate,instruction,instr_only,24,mmd_rbf,0.005735569633543491,128
aim_on_breadcrumbs__calib_instruction,candidate,instruction,instr_only,24,projected_js,0.06362956127850339,128
aim_on_breadcrumbs__calib_instruction,candidate,instruction,instr_only,25,mmd_rbf,0.005812100134789944,128
aim_on_breadcrumbs__calib_instruction,candidate,instruction,instr_only,25,projected_js,0.06411852221935987,128
aim_on_breadcrumbs__calib_instruction,candidate,instruction,instr_only,26,mmd_rbf,0.005830890033394098,128
aim_on_breadcrumbs__calib_instruction,candidate,instruction,instr_only,26,projected_js,0.06487298573483713,128
aim_on_breadcrumbs__calib_instruction,candidate,instruction,instr_only,27,mmd_rbf,0.005785138811916113,128
aim_on_breadcrumbs__calib_instruction,candidate,instruction,instr_only,27,projected_js,0.06747893075225875,128
aim_on_breadcrumbs__calib_instruction,candidate,instruction,instr_only,28,mmd_rbf,0.005507016088813543,128
aim_on_breadcrumbs__calib_instruction,candidate,instruction,instr_only,28,projected_js,0.06274481961736456,128
aim_on_breadcrumbs__calib_instruction,candidate,instruction,instr_only,29,mmd_rbf,0.0052078780718147755,128
aim_on_breadcrumbs__calib_instruction,candidate,instruction,instr_only,29,projected_js,0.059384058258729056,128
aim_on_breadcrumbs__calib_instruction,candidate,instruction,instr_only,30,mmd_rbf,0.005120601039379835,128
aim_on_breadcrumbs__calib_instruction,candidate,instruction,instr_only,30,projected_js,0.062260781647637486,128
aim_on_breadcrumbs__calib_instruction,candidate,instruction,instr_only,31,mmd_rbf,0.00500497967004776,128
aim_on_breadcrumbs__calib_instruction,candidate,instruction,instr_only,31,projected_js,0.06199353307601996,128
aim_on_breadcrumbs__calib_instruction,candidate,instruction,instr_only,32,mmd_rbf,0.005191517528146505,128
aim_on_breadcrumbs__calib_instruction,candidate,instruction,instr_only,32,projected_js,0.0601238168310374,128
aim_on_breadcrumbs__calib_instruction,candidate,instruction,instr_only,33,mmd_rbf,0.005548400338739157,128
aim_on_breadcrumbs__calib_instruction,candidate,instruction,instr_only,33,projected_js,0.06376773878582753,128
aim_on_breadcrumbs__calib_instruction,candidate,instruction,instr_only,34,mmd_rbf,0.008262488059699535,128
aim_on_breadcrumbs__calib_instruction,candidate,instruction,instr_only,34,projected_js,0.06585624889703467,128
aim_on_breadcrumbs__calib_instruction,candidate,instruction,instr_only,35,mmd_rbf,0.05061529204249382,128
aim_on_breadcrumbs__calib_instruction,candidate,instruction,instr_only,35,projected_js,0.110026597045362,128
aim_on_breadcrumbs__calib_instruction,candidate,instruction,reasoning_only,0,mmd_rbf,0.0065389215014874935,128
aim_on_breadcrumbs__calib_instruction,candidate,instruction,reasoning_only,0,projected_js,0.05733265419257805,128
aim_on_breadcrumbs__calib_instruction,candidate,instruction,reasoning_only,1,mmd_rbf,0.010210053995251656,128
aim_on_breadcrumbs__calib_instruction,candidate,instruction,reasoning_only,1,projected_js,0.05673223070334643,128
aim_on_breadcrumbs__calib_instruction,candidate,instruction,reasoning_only,2,mmd_rbf,0.015896890312433243,128
aim_on_breadcrumbs__calib_instruction,candidate,instruction,reasoning_only,2,projected_js,0.0652846532757394,128
aim_on_breadcrumbs__calib_instruction,candidate,instruction,reasoning_only,3,mmd_rbf,0.017744680866599083,128
aim_on_breadcrumbs__calib_instruction,candidate,instruction,reasoning_only,3,projected_js,0.06730850957683288,128
aim_on_breadcrumbs__calib_instruction,candidate,instruction,reasoning_only,4,mmd_rbf,0.0193606149405241,128
aim_on_breadcrumbs__calib_instruction,candidate,instruction,reasoning_only,4,projected_js,0.07447813742328435,128
aim_on_breadcrumbs__calib_instruction,candidate,instruction,reasoning_only,5,mmd_rbf,0.021786851808428764,128
aim_on_breadcrumbs__calib_instruction,candidate,instruction,reasoning_only,5,projected_js,0.0756517248810269,128
aim_on_breadcrumbs__calib_instruction,candidate,instruction,reasoning_only,6,mmd_rbf,0.016723576933145523,128
aim_on_breadcrumbs__calib_instruction,candidate,instruction,reasoning_only,6,projected_js,0.07431485911365598,128
aim_on_breadcrumbs__calib_instruction,candidate,instruction,reasoning_only,7,mmd_rbf,0.01646144688129425,128
aim_on_breadcrumbs__calib_instruction,candidate,instruction,reasoning_only,7,projected_js,0.07670462195528671,128
aim_on_breadcrumbs__calib_instruction,candidate,instruction,reasoning_only,8,mmd_rbf,0.012887606397271156,128
aim_on_breadcrumbs__calib_instruction,candidate,instruction,reasoning_only,8,projected_js,0.07105990487616509,128
aim_on_breadcrumbs__calib_instruction,candidate,instruction,reasoning_only,9,mmd_rbf,0.012619425542652607,128
aim_on_breadcrumbs__calib_instruction,candidate,instruction,reasoning_only,9,projected_js,0.07126057043205947,128
aim_on_breadcrumbs__calib_instruction,candidate,instruction,reasoning_only,10,mmd_rbf,0.014372236095368862,128
aim_on_breadcrumbs__calib_instruction,candidate,instruction,reasoning_only,10,projected_js,0.07250316045247018,128
aim_on_breadcrumbs__calib_instruction,candidate,instruction,reasoning_only,11,mmd_rbf,0.013892597518861294,128
aim_on_breadcrumbs__calib_instruction,candidate,instruction,reasoning_only,11,projected_js,0.0722652334952727,128
aim_on_breadcrumbs__calib_instruction,candidate,instruction,reasoning_only,12,mmd_rbf,0.01474261935800314,128
aim_on_breadcrumbs__calib_instruction,candidate,instruction,reasoning_only,12,projected_js,0.0739528876147233,128
aim_on_breadcrumbs__calib_instruction,candidate,instruction,reasoning_only,13,mmd_rbf,0.015492001548409462,128
aim_on_breadcrumbs__calib_instruction,candidate,instruction,reasoning_only,13,projected_js,0.07555129629326984,128
aim_on_breadcrumbs__calib_instruction,candidate,instruction,reasoning_only,14,mmd_rbf,0.01535442192107439,128
aim_on_breadcrumbs__calib_instruction,candidate,instruction,reasoning_only,14,projected_js,0.07515449490165338,128
aim_on_breadcrumbs__calib_instruction,candidate,instruction,reasoning_only,15,mmd_rbf,0.01631656102836132,128
aim_on_breadcrumbs__calib_instruction,candidate,instruction,reasoning_only,15,projected_js,0.07559589389711618,128
aim_on_breadcrumbs__calib_instruction,candidate,instruction,reasoning_only,16,mmd_rbf,0.01655932329595089,128
aim_on_breadcrumbs__calib_instruction,candidate,instruction,reasoning_only,16,projected_js,0.07550706993788481,128
aim_on_breadcrumbs__calib_instruction,candidate,instruction,reasoning_only,17,mmd_rbf,0.01665538363158703,128
aim_on_breadcrumbs__calib_instruction,candidate,instruction,reasoning_only,17,projected_js,0.07043117313878611,128
aim_on_breadcrumbs__calib_instruction,candidate,instruction,reasoning_only,18,mmd_rbf,0.018963443115353584,128
aim_on_breadcrumbs__calib_instruction,candidate,instruction,reasoning_only,18,projected_js,0.07224380417028442,128
aim_on_breadcrumbs__calib_instruction,candidate,instruction,reasoning_only,19,mmd_rbf,0.019626321271061897,128
aim_on_breadcrumbs__calib_instruction,candidate,instruction,reasoning_only,19,projected_js,0.07660073536681011,128
aim_on_breadcrumbs__calib_instruction,candidate,instruction,reasoning_only,20,mmd_rbf,0.01969772018492222,128
aim_on_breadcrumbs__calib_instruction,candidate,instruction,reasoning_only,20,projected_js,0.07706531760049984,128
aim_on_breadcrumbs__calib_instruction,candidate,instruction,reasoning_only,21,mmd_rbf,0.020254701375961304,128
aim_on_breadcrumbs__calib_instruction,candidate,instruction,reasoning_only,21,projected_js,0.0774933752254583,128
aim_on_breadcrumbs__calib_instruction,candidate,instruction,reasoning_only,22,mmd_rbf,0.019361061975359917,128
aim_on_breadcrumbs__calib_instruction,candidate,instruction,reasoning_only,22,projected_js,0.07915634923847392,128
aim_on_breadcrumbs__calib_instruction,candidate,instruction,reasoning_only,23,mmd_rbf,0.01680966280400753,128
aim_on_breadcrumbs__calib_instruction,candidate,instruction,reasoning_only,23,projected_js,0.07596643464057706,128
aim_on_breadcrumbs__calib_instruction,candidate,instruction,reasoning_only,24,mmd_rbf,0.017894404008984566,128
aim_on_breadcrumbs__calib_instruction,candidate,instruction,reasoning_only,24,projected_js,0.07577666820725426,128
aim_on_breadcrumbs__calib_instruction,candidate,instruction,reasoning_only,25,mmd_rbf,0.017179591581225395,128
aim_on_breadcrumbs__calib_instruction,candidate,instruction,reasoning_only,25,projected_js,0.07329202152322978,128
aim_on_breadcrumbs__calib_instruction,candidate,instruction,reasoning_only,26,mmd_rbf,0.01791132055222988,128
aim_on_breadcrumbs__calib_instruction,candidate,instruction,reasoning_only,26,projected_js,0.0752095936331898,128
aim_on_breadcrumbs__calib_instruction,candidate,instruction,reasoning_only,27,mmd_rbf,0.0177911464124918,128
aim_on_breadcrumbs__calib_instruction,candidate,instruction,reasoning_only,27,projected_js,0.07625091273803264,128
aim_on_breadcrumbs__calib_instruction,candidate,instruction,reasoning_only,28,mmd_rbf,0.018317779526114464,128
aim_on_breadcrumbs__calib_instruction,candidate,instruction,reasoning_only,28,projected_js,0.07867622515186667,128
aim_on_breadcrumbs__calib_instruction,candidate,instruction,reasoning_only,29,mmd_rbf,0.017879357561469078,128
aim_on_breadcrumbs__calib_instruction,candidate,instruction,reasoning_only,29,projected_js,0.07568063715007156,128
aim_on_breadcrumbs__calib_instruction,candidate,instruction,reasoning_only,30,mmd_rbf,0.018625199794769287,128
aim_on_breadcrumbs__calib_instruction,candidate,instruction,reasoning_only,30,projected_js,0.07832948677241802,128
aim_on_breadcrumbs__calib_instruction,candidate,instruction,reasoning_only,31,mmd_rbf,0.018616680055856705,128
aim_on_breadcrumbs__calib_instruction,candidate,instruction,reasoning_only,31,projected_js,0.07598982268245891,128
aim_on_breadcrumbs__calib_instruction,candidate,instruction,reasoning_only,32,mmd_rbf,0.018062693998217583,128
aim_on_breadcrumbs__calib_instruction,candidate,instruction,reasoning_only,32,projected_js,0.07308983564144,128
aim_on_breadcrumbs__calib_instruction,candidate,instruction,reasoning_only,33,mmd_rbf,0.016423195600509644,128
aim_on_breadcrumbs__calib_instruction,candidate,instruction,reasoning_only,33,projected_js,0.07467204990098253,128
aim_on_breadcrumbs__calib_instruction,candidate,instruction,reasoning_only,34,mmd_rbf,0.01609708182513714,128
aim_on_breadcrumbs__calib_instruction,candidate,instruction,reasoning_only,34,projected_js,0.07265992718748748,128
aim_on_breadcrumbs__calib_instruction,candidate,instruction,reasoning_only,35,mmd_rbf,0.0165721345692873,128
aim_on_breadcrumbs__calib_instruction,candidate,instruction,reasoning_only,35,projected_js,0.06623125827172771,128
aim_on_breadcrumbs__calib_instruction,candidate,instruction,uncensored_only,0,mmd_rbf,0.006020733620971441,128
aim_on_breadcrumbs__calib_instruction,candidate,instruction,uncensored_only,0,projected_js,0.049705299868946895,128
aim_on_breadcrumbs__calib_instruction,candidate,instruction,uncensored_only,1,mmd_rbf,0.13566552102565765,128
aim_on_breadcrumbs__calib_instruction,candidate,instruction,uncensored_only,1,projected_js,0.1594306111219339,128
aim_on_breadcrumbs__calib_instruction,candidate,instruction,uncensored_only,2,mmd_rbf,0.12025556713342667,128
aim_on_breadcrumbs__calib_instruction,candidate,instruction,uncensored_only,2,projected_js,0.13967186928493902,128
aim_on_breadcrumbs__calib_instruction,candidate,instruction,uncensored_only,3,mmd_rbf,0.08967077732086182,128
aim_on_breadcrumbs__calib_instruction,candidate,instruction,uncensored_only,3,projected_js,0.11872561811469495,128
aim_on_breadcrumbs__calib_instruction,candidate,instruction,uncensored_only,4,mmd_rbf,0.06599702686071396,128
aim_on_breadcrumbs__calib_instruction,candidate,instruction,uncensored_only,4,projected_js,0.11449330125469714,128
aim_on_breadcrumbs__calib_instruction,candidate,instruction,uncensored_only,5,mmd_rbf,0.04936855658888817,128
aim_on_breadcrumbs__calib_instruction,candidate,instruction,uncensored_only,5,projected_js,0.09758182329824194,128
aim_on_breadcrumbs__calib_instruction,candidate,instruction,uncensored_only,6,mmd_rbf,0.02972230315208435,128
aim_on_breadcrumbs__calib_instruction,candidate,instruction,uncensored_only,6,projected_js,0.08570074616000056,128
aim_on_breadcrumbs__calib_instruction,candidate,instruction,uncensored_only,7,mmd_rbf,0.024028800427913666,128
aim_on_breadcrumbs__calib_instruction,candidate,instruction,uncensored_only,7,projected_js,0.08285055280430242,128
aim_on_breadcrumbs__calib_instruction,candidate,instruction,uncensored_only,8,mmd_rbf,0.016550689935684204,128
aim_on_breadcrumbs__calib_instruction,candidate,instruction,uncensored_only,8,projected_js,0.07519848976517096,128
aim_on_breadcrumbs__calib_instruction,candidate,instruction,uncensored_only,9,mmd_rbf,0.013616496697068214,128
aim_on_breadcrumbs__calib_instruction,candidate,instruction,uncensored_only,9,projected_js,0.06558663194300607,128
aim_on_breadcrumbs__calib_instruction,candidate,instruction,uncensored_only,10,mmd_rbf,0.012376642785966396,128
aim_on_breadcrumbs__calib_instruction,candidate,instruction,uncensored_only,10,projected_js,0.06955311459023505,128
aim_on_breadcrumbs__calib_instruction,candidate,instruction,uncensored_only,11,mmd_rbf,0.010170744732022285,128
aim_on_breadcrumbs__calib_instruction,candidate,instruction,uncensored_only,11,projected_js,0.06770518858684227,128
aim_on_breadcrumbs__calib_instruction,candidate,instruction,uncensored_only,12,mmd_rbf,0.010078814812004566,128
aim_on_breadcrumbs__calib_instruction,candidate,instruction,uncensored_only,12,projected_js,0.07069582206895575,128
aim_on_breadcrumbs__calib_instruction,candidate,instruction,uncensored_only,13,mmd_rbf,0.010318761691451073,128
aim_on_breadcrumbs__calib_instruction,candidate,instruction,uncensored_only,13,projected_js,0.06952390179503709,128
aim_on_breadcrumbs__calib_instruction,candidate,instruction,uncensored_only,14,mmd_rbf,0.011254350654780865,128
aim_on_breadcrumbs__calib_instruction,candidate,instruction,uncensored_only,14,projected_js,0.06724466214654967,128
aim_on_breadcrumbs__calib_instruction,candidate,instruction,uncensored_only,15,mmd_rbf,0.013409564271569252,128
aim_on_breadcrumbs__calib_instruction,candidate,instruction,uncensored_only,15,projected_js,0.06960794495535083,128
aim_on_breadcrumbs__calib_instruction,candidate,instruction,uncensored_only,16,mmd_rbf,0.01429960411041975,128
aim_on_breadcrumbs__calib_instruction,candidate,instruction,uncensored_only,16,projected_js,0.07066509779542685,128
aim_on_breadcrumbs__calib_instruction,candidate,instruction,uncensored_only,17,mmd_rbf,0.01358956377953291,128
aim_on_breadcrumbs__calib_instruction,candidate,instruction,uncensored_only,17,projected_js,0.06773744558449835,128
aim_on_breadcrumbs__calib_instruction,candidate,instruction,uncensored_only,18,mmd_rbf,0.01388564147055149,128
aim_on_breadcrumbs__calib_instruction,candidate,instruction,uncensored_only,18,projected_js,0.0733915587188676,128
aim_on_breadcrumbs__calib_instruction,candidate,instruction,uncensored_only,19,mmd_rbf,0.01381645817309618,128
aim_on_breadcrumbs__calib_instruction,candidate,instruction,uncensored_only,19,projected_js,0.07396640843944624,128
aim_on_breadcrumbs__calib_instruction,candidate,instruction,uncensored_only,20,mmd_rbf,0.01437428593635559,128
aim_on_breadcrumbs__calib_instruction,candidate,instruction,uncensored_only,20,projected_js,0.07287281815661117,128
aim_on_breadcrumbs__calib_instruction,candidate,instruction,uncensored_only,21,mmd_rbf,0.01596963405609131,128
aim_on_breadcrumbs__calib_instruction,candidate,instruction,uncensored_only,21,projected_js,0.0752179505652748,128
aim_on_breadcrumbs__calib_instruction,candidate,instruction,uncensored_only,22,mmd_rbf,0.017737815156579018,128
aim_on_breadcrumbs__calib_instruction,candidate,instruction,uncensored_only,22,projected_js,0.07194798777345568,128
aim_on_breadcrumbs__calib_instruction,candidate,instruction,uncensored_only,23,mmd_rbf,0.01795586757361889,128
aim_on_breadcrumbs__calib_instruction,candidate,instruction,uncensored_only,23,projected_js,0.07589519035536796,128
aim_on_breadcrumbs__calib_instruction,candidate,instruction,uncensored_only,24,mmd_rbf,0.019182827323675156,128
aim_on_breadcrumbs__calib_instruction,candidate,instruction,uncensored_only,24,projected_js,0.076704996812623,128
aim_on_breadcrumbs__calib_instruction,candidate,instruction,uncensored_only,25,mmd_rbf,0.0198350977152586,128
aim_on_breadcrumbs__calib_instruction,candidate,instruction,uncensored_only,25,projected_js,0.08099221775773913,128
aim_on_breadcrumbs__calib_instruction,candidate,instruction,uncensored_only,26,mmd_rbf,0.020084818825125694,128
aim_on_breadcrumbs__calib_instruction,candidate,instruction,uncensored_only,26,projected_js,0.07937534793745726,128
aim_on_breadcrumbs__calib_instruction,candidate,instruction,uncensored_only,27,mmd_rbf,0.019936127588152885,128
aim_on_breadcrumbs__calib_instruction,candidate,instruction,uncensored_only,27,projected_js,0.07744608470238745,128
aim_on_breadcrumbs__calib_instruction,candidate,instruction,uncensored_only,28,mmd_rbf,0.01771697960793972,128
aim_on_breadcrumbs__calib_instruction,candidate,instruction,uncensored_only,28,projected_js,0.0728288302780129,128
aim_on_breadcrumbs__calib_instruction,candidate,instruction,uncensored_only,29,mmd_rbf,0.016697736456990242,128
aim_on_breadcrumbs__calib_instruction,candidate,instruction,uncensored_only,29,projected_js,0.07628299429779872,128
aim_on_breadcrumbs__calib_instruction,candidate,instruction,uncensored_only,30,mmd_rbf,0.016634127125144005,128
aim_on_breadcrumbs__calib_instruction,candidate,instruction,uncensored_only,30,projected_js,0.07116191880777478,128
aim_on_breadcrumbs__calib_instruction,candidate,instruction,uncensored_only,31,mmd_rbf,0.015893733128905296,128
aim_on_breadcrumbs__calib_instruction,candidate,instruction,uncensored_only,31,projected_js,0.07383167720399797,128
aim_on_breadcrumbs__calib_instruction,candidate,instruction,uncensored_only,32,mmd_rbf,0.015811830759048462,128
aim_on_breadcrumbs__calib_instruction,candidate,instruction,uncensored_only,32,projected_js,0.06954060526913963,128
aim_on_breadcrumbs__calib_instruction,candidate,instruction,uncensored_only,33,mmd_rbf,0.015823135152459145,128
aim_on_breadcrumbs__calib_instruction,candidate,instruction,uncensored_only,33,projected_js,0.07079358759801835,128
aim_on_breadcrumbs__calib_instruction,candidate,instruction,uncensored_only,34,mmd_rbf,0.01822705566883087,128
aim_on_breadcrumbs__calib_instruction,candidate,instruction,uncensored_only,34,projected_js,0.07834673035540618,128
aim_on_breadcrumbs__calib_instruction,candidate,instruction,uncensored_only,35,mmd_rbf,0.0606607086956501,128
aim_on_breadcrumbs__calib_instruction,candidate,instruction,uncensored_only,35,projected_js,0.10814680607290938,128
aim_on_breadcrumbs__calib_instruction,candidate,reasoning,base,0,mmd_rbf,0.002503833267837763,128
aim_on_breadcrumbs__calib_instruction,candidate,reasoning,base,0,projected_js,0.0441578620520886,128
aim_on_breadcrumbs__calib_instruction,candidate,reasoning,base,1,mmd_rbf,0.004672943148761988,128
aim_on_breadcrumbs__calib_instruction,candidate,reasoning,base,1,projected_js,0.04658213516813703,128
aim_on_breadcrumbs__calib_instruction,candidate,reasoning,base,2,mmd_rbf,0.006230448838323355,128
aim_on_breadcrumbs__calib_instruction,candidate,reasoning,base,2,projected_js,0.05225852571311407,128
aim_on_breadcrumbs__calib_instruction,candidate,reasoning,base,3,mmd_rbf,0.007413826417177916,128
aim_on_breadcrumbs__calib_instruction,candidate,reasoning,base,3,projected_js,0.057750822394154966,128
aim_on_breadcrumbs__calib_instruction,candidate,reasoning,base,4,mmd_rbf,0.007534889038652182,128
aim_on_breadcrumbs__calib_instruction,candidate,reasoning,base,4,projected_js,0.05392528130323626,128
aim_on_breadcrumbs__calib_instruction,candidate,reasoning,base,5,mmd_rbf,0.0067576454021036625,128
aim_on_breadcrumbs__calib_instruction,candidate,reasoning,base,5,projected_js,0.05319470542599447,128
aim_on_breadcrumbs__calib_instruction,candidate,reasoning,base,6,mmd_rbf,0.005428589414805174,128
aim_on_breadcrumbs__calib_instruction,candidate,reasoning,base,6,projected_js,0.054462755913846195,128
aim_on_breadcrumbs__calib_instruction,candidate,reasoning,base,7,mmd_rbf,0.005148190539330244,128
aim_on_breadcrumbs__calib_instruction,candidate,reasoning,base,7,projected_js,0.05587699206080288,128
aim_on_breadcrumbs__calib_instruction,candidate,reasoning,base,8,mmd_rbf,0.004775622393935919,128
aim_on_breadcrumbs__calib_instruction,candidate,reasoning,base,8,projected_js,0.05702272860798985,128
aim_on_breadcrumbs__calib_instruction,candidate,reasoning,base,9,mmd_rbf,0.0051418147049844265,128
aim_on_breadcrumbs__calib_instruction,candidate,reasoning,base,9,projected_js,0.056793224008288234,128
aim_on_breadcrumbs__calib_instruction,candidate,reasoning,base,10,mmd_rbf,0.005495046265423298,128
aim_on_breadcrumbs__calib_instruction,candidate,reasoning,base,10,projected_js,0.05508254302549176,128
aim_on_breadcrumbs__calib_instruction,candidate,reasoning,base,11,mmd_rbf,0.00513104535639286,128
aim_on_breadcrumbs__calib_instruction,candidate,reasoning,base,11,projected_js,0.05827421700814739,128
aim_on_breadcrumbs__calib_instruction,candidate,reasoning,base,12,mmd_rbf,0.0053111230954527855,128
aim_on_breadcrumbs__calib_instruction,candidate,reasoning,base,12,projected_js,0.053863739187363535,128
aim_on_breadcrumbs__calib_instruction,candidate,reasoning,base,13,mmd_rbf,0.005385608412325382,128
aim_on_breadcrumbs__calib_instruction,candidate,reasoning,base,13,projected_js,0.05840579350478947,128
aim_on_breadcrumbs__calib_instruction,candidate,reasoning,base,14,mmd_rbf,0.0054150852374732494,128
aim_on_breadcrumbs__calib_instruction,candidate,reasoning,base,14,projected_js,0.057677229633554816,128
aim_on_breadcrumbs__calib_instruction,candidate,reasoning,base,15,mmd_rbf,0.005724187474697828,128
aim_on_breadcrumbs__calib_instruction,candidate,reasoning,base,15,projected_js,0.058930109022185206,128
aim_on_breadcrumbs__calib_instruction,candidate,reasoning,base,16,mmd_rbf,0.006190732587128878,128
aim_on_breadcrumbs__calib_instruction,candidate,reasoning,base,16,projected_js,0.05826989468187094,128
aim_on_breadcrumbs__calib_instruction,candidate,reasoning,base,17,mmd_rbf,0.0060608526691794395,128
aim_on_breadcrumbs__calib_instruction,candidate,reasoning,base,17,projected_js,0.06266329973004758,128
aim_on_breadcrumbs__calib_instruction,candidate,reasoning,base,18,mmd_rbf,0.006306945811957121,128
aim_on_breadcrumbs__calib_instruction,candidate,reasoning,base,18,projected_js,0.05917647230671719,128
aim_on_breadcrumbs__calib_instruction,candidate,reasoning,base,19,mmd_rbf,0.0064628547988832,128
aim_on_breadcrumbs__calib_instruction,candidate,reasoning,base,19,projected_js,0.0622344117728062,128
aim_on_breadcrumbs__calib_instruction,candidate,reasoning,base,20,mmd_rbf,0.0063003599643707275,128
aim_on_breadcrumbs__calib_instruction,candidate,reasoning,base,20,projected_js,0.06133674684679136,128
aim_on_breadcrumbs__calib_instruction,candidate,reasoning,base,21,mmd_rbf,0.006329646799713373,128
aim_on_breadcrumbs__calib_instruction,candidate,reasoning,base,21,projected_js,0.06016204008483328,128
aim_on_breadcrumbs__calib_instruction,candidate,reasoning,base,22,mmd_rbf,0.006013629492372274,128
aim_on_breadcrumbs__calib_instruction,candidate,reasoning,base,22,projected_js,0.06183801923179999,128
aim_on_breadcrumbs__calib_instruction,candidate,reasoning,base,23,mmd_rbf,0.0060067870654165745,128
aim_on_breadcrumbs__calib_instruction,candidate,reasoning,base,23,projected_js,0.05529438063967973,128
aim_on_breadcrumbs__calib_instruction,candidate,reasoning,base,24,mmd_rbf,0.005693101789802313,128
aim_on_breadcrumbs__calib_instruction,candidate,reasoning,base,24,projected_js,0.056891283951699734,128
aim_on_breadcrumbs__calib_instruction,candidate,reasoning,base,25,mmd_rbf,0.005520261358469725,128
aim_on_breadcrumbs__calib_instruction,candidate,reasoning,base,25,projected_js,0.06082982738735154,128
aim_on_breadcrumbs__calib_instruction,candidate,reasoning,base,26,mmd_rbf,0.005529853980988264,128
aim_on_breadcrumbs__calib_instruction,candidate,reasoning,base,26,projected_js,0.05997630825731903,128
aim_on_breadcrumbs__calib_instruction,candidate,reasoning,base,27,mmd_rbf,0.005630769766867161,128
aim_on_breadcrumbs__calib_instruction,candidate,reasoning,base,27,projected_js,0.06214951869333163,128
aim_on_breadcrumbs__calib_instruction,candidate,reasoning,base,28,mmd_rbf,0.005729612894356251,128
aim_on_breadcrumbs__calib_instruction,candidate,reasoning,base,28,projected_js,0.0622022656025365,128
aim_on_breadcrumbs__calib_instruction,candidate,reasoning,base,29,mmd_rbf,0.00593095738440752,128
aim_on_breadcrumbs__calib_instruction,candidate,reasoning,base,29,projected_js,0.06200685614021495,128
aim_on_breadcrumbs__calib_instruction,candidate,reasoning,base,30,mmd_rbf,0.006032268051058054,128
aim_on_breadcrumbs__calib_instruction,candidate,reasoning,base,30,projected_js,0.0583466361858882,128
aim_on_breadcrumbs__calib_instruction,candidate,reasoning,base,31,mmd_rbf,0.0061301239766180515,128
aim_on_breadcrumbs__calib_instruction,candidate,reasoning,base,31,projected_js,0.060489975148811936,128
aim_on_breadcrumbs__calib_instruction,candidate,reasoning,base,32,mmd_rbf,0.006455481983721256,128
aim_on_breadcrumbs__calib_instruction,candidate,reasoning,base,32,projected_js,0.059108332032337785,128
aim_on_breadcrumbs__calib_instruction,candidate,reasoning,base,33,mmd_rbf,0.0065561020746827126,128
aim_on_breadcrumbs__calib_instruction,candidate,reasoning,base,33,projected_js,0.0600724799442105,128
aim_on_breadcrumbs__calib_instruction,candidate,reasoning,base,34,mmd_rbf,0.008455783128738403,128
aim_on_breadcrumbs__calib_instruction,candidate,reasoning,base,34,projected_js,0.06668331532273442,128
aim_on_breadcrumbs__calib_instruction,candidate,reasoning,base,35,mmd_rbf,0.027964342385530472,128
aim_on_breadcrumbs__calib_instruction,candidate,reasoning,base,35,projected_js,0.07723185751819983,128
aim_on_breadcrumbs__calib_instruction,candidate,reasoning,instr_only,0,mmd_rbf,0.0011985570890828967,128
aim_on_breadcrumbs__calib_instruction,candidate,reasoning,instr_only,0,projected_js,0.03330392489442602,128
aim_on_breadcrumbs__calib_instruction,candidate,reasoning,instr_only,1,mmd_rbf,0.0017777144676074386,128
aim_on_breadcrumbs__calib_instruction,candidate,reasoning,instr_only,1,projected_js,0.0345474673085846,128
aim_on_breadcrumbs__calib_instruction,candidate,reasoning,instr_only,2,mmd_rbf,0.0022640645038336515,128
aim_on_breadcrumbs__calib_instruction,candidate,reasoning,instr_only,2,projected_js,0.03863735037157312,128
aim_on_breadcrumbs__calib_instruction,candidate,reasoning,instr_only,3,mmd_rbf,0.0023876295890659094,128
aim_on_breadcrumbs__calib_instruction,candidate,reasoning,instr_only,3,projected_js,0.038642893719952554,128
aim_on_breadcrumbs__calib_instruction,candidate,reasoning,instr_only,4,mmd_rbf,0.0024016692768782377,128
aim_on_breadcrumbs__calib_instruction,candidate,reasoning,instr_only,4,projected_js,0.03934600832872093,128
aim_on_breadcrumbs__calib_instruction,candidate,reasoning,instr_only,5,mmd_rbf,0.002489343285560608,128
aim_on_breadcrumbs__calib_instruction,candidate,reasoning,instr_only,5,projected_js,0.03973989811493084,128
aim_on_breadcrumbs__calib_instruction,candidate,reasoning,instr_only,6,mmd_rbf,0.001994907157495618,128
aim_on_breadcrumbs__calib_instruction,candidate,reasoning,instr_only,6,projected_js,0.04369091082480736,128
aim_on_breadcrumbs__calib_instruction,candidate,reasoning,instr_only,7,mmd_rbf,0.0019517954206094146,128
aim_on_breadcrumbs__calib_instruction,candidate,reasoning,instr_only,7,projected_js,0.04606942043756135,128
aim_on_breadcrumbs__calib_instruction,candidate,reasoning,instr_only,8,mmd_rbf,0.0018213175935670733,128
aim_on_breadcrumbs__calib_instruction,candidate,reasoning,instr_only,8,projected_js,0.04670785054622684,128
aim_on_breadcrumbs__calib_instruction,candidate,reasoning,instr_only,9,mmd_rbf,0.0019045661902055144,128
aim_on_breadcrumbs__calib_instruction,candidate,reasoning,instr_only,9,projected_js,0.04971057488000952,128
aim_on_breadcrumbs__calib_instruction,candidate,reasoning,instr_only,10,mmd_rbf,0.0018156844889745116,128
aim_on_breadcrumbs__calib_instruction,candidate,reasoning,instr_only,10,projected_js,0.04520344585762359,128
aim_on_breadcrumbs__calib_instruction,candidate,reasoning,instr_only,11,mmd_rbf,0.001636574394069612,128
aim_on_breadcrumbs__calib_instruction,candidate,reasoning,instr_only,11,projected_js,0.0491422472987324,128
aim_on_breadcrumbs__calib_instruction,candidate,reasoning,instr_only,12,mmd_rbf,0.0016543924575671554,128
aim_on_breadcrumbs__calib_instruction,candidate,reasoning,instr_only,12,projected_js,0.04654836838017218,128
aim_on_breadcrumbs__calib_instruction,candidate,reasoning,instr_only,13,mmd_rbf,0.0017902575200423598,128
aim_on_breadcrumbs__calib_instruction,candidate,reasoning,instr_only,13,projected_js,0.05048917591921054,128
aim_on_breadcrumbs__calib_instruction,candidate,reasoning,instr_only,14,mmd_rbf,0.0016946662217378616,128
aim_on_breadcrumbs__calib_instruction,candidate,reasoning,instr_only,14,projected_js,0.04882861679652706,128
aim_on_breadcrumbs__calib_instruction,candidate,reasoning,instr_only,15,mmd_rbf,0.0018378265667706728,128
aim_on_breadcrumbs__calib_instruction,candidate,reasoning,instr_only,15,projected_js,0.050421408290276304,128
aim_on_breadcrumbs__calib_instruction,candidate,reasoning,instr_only,16,mmd_rbf,0.001979219261556864,128
aim_on_breadcrumbs__calib_instruction,candidate,reasoning,instr_only,16,projected_js,0.050769182067597285,128
aim_on_breadcrumbs__calib_instruction,candidate,reasoning,instr_only,17,mmd_rbf,0.002102486789226532,128
aim_on_breadcrumbs__calib_instruction,candidate,reasoning,instr_only,17,projected_js,0.052652055499493144,128
aim_on_breadcrumbs__calib_instruction,candidate,reasoning,instr_only,18,mmd_rbf,0.002248259959742427,128
aim_on_breadcrumbs__calib_instruction,candidate,reasoning,instr_only,18,projected_js,0.05072301015025005,128
aim_on_breadcrumbs__calib_instruction,candidate,reasoning,instr_only,19,mmd_rbf,0.0023585991002619267,128
aim_on_breadcrumbs__calib_instruction,candidate,reasoning,instr_only,19,projected_js,0.051679021067684516,128
aim_on_breadcrumbs__calib_instruction,candidate,reasoning,instr_only,20,mmd_rbf,0.0023624387104064226,128
aim_on_breadcrumbs__calib_instruction,candidate,reasoning,instr_only,20,projected_js,0.05205532509717159,128
aim_on_breadcrumbs__calib_instruction,candidate,reasoning,instr_only,21,mmd_rbf,0.002471423242241144,128
aim_on_breadcrumbs__calib_instruction,candidate,reasoning,instr_only,21,projected_js,0.05497319225105457,128
aim_on_breadcrumbs__calib_instruction,candidate,reasoning,instr_only,22,mmd_rbf,0.0024719785433262587,128
aim_on_breadcrumbs__calib_instruction,candidate,reasoning,instr_only,22,projected_js,0.05029024928808212,128
aim_on_breadcrumbs__calib_instruction,candidate,reasoning,instr_only,23,mmd_rbf,0.002383460057899356,128
aim_on_breadcrumbs__calib_instruction,candidate,reasoning,instr_only,23,projected_js,0.05205841996939853,128
aim_on_breadcrumbs__calib_instruction,candidate,reasoning,instr_only,24,mmd_rbf,0.002351980423554778,128
aim_on_breadcrumbs__calib_instruction,candidate,reasoning,instr_only,24,projected_js,0.05032418732298538,128
aim_on_breadcrumbs__calib_instruction,candidate,reasoning,instr_only,25,mmd_rbf,0.0022899028845131397,128
aim_on_breadcrumbs__calib_instruction,candidate,reasoning,instr_only,25,projected_js,0.05082985947956331,128
aim_on_breadcrumbs__calib_instruction,candidate,reasoning,instr_only,26,mmd_rbf,0.002260791603475809,128
aim_on_breadcrumbs__calib_instruction,candidate,reasoning,instr_only,26,projected_js,0.05423757518292405,128
aim_on_breadcrumbs__calib_instruction,candidate,reasoning,instr_only,27,mmd_rbf,0.002292729914188385,128
aim_on_breadcrumbs__calib_instruction,candidate,reasoning,instr_only,27,projected_js,0.0569253784196917,128
aim_on_breadcrumbs__calib_instruction,candidate,reasoning,instr_only,28,mmd_rbf,0.0023783266078680754,128
aim_on_breadcrumbs__calib_instruction,candidate,reasoning,instr_only,28,projected_js,0.05186601012246683,128
aim_on_breadcrumbs__calib_instruction,candidate,reasoning,instr_only,29,mmd_rbf,0.002348904265090823,128
aim_on_breadcrumbs__calib_instruction,candidate,reasoning,instr_only,29,projected_js,0.05389844698947854,128
aim_on_breadcrumbs__calib_instruction,candidate,reasoning,instr_only,30,mmd_rbf,0.0024063442833721638,128
aim_on_breadcrumbs__calib_instruction,candidate,reasoning,instr_only,30,projected_js,0.04939603744423948,128
aim_on_breadcrumbs__calib_instruction,candidate,reasoning,instr_only,31,mmd_rbf,0.002510505262762308,128
aim_on_breadcrumbs__calib_instruction,candidate,reasoning,instr_only,31,projected_js,0.05435507220681757,128
aim_on_breadcrumbs__calib_instruction,candidate,reasoning,instr_only,32,mmd_rbf,0.002742605749517679,128
aim_on_breadcrumbs__calib_instruction,candidate,reasoning,instr_only,32,projected_js,0.05269664115621708,128
aim_on_breadcrumbs__calib_instruction,candidate,reasoning,instr_only,33,mmd_rbf,0.0030720499344170094,128
aim_on_breadcrumbs__calib_instruction,candidate,reasoning,instr_only,33,projected_js,0.053167362115345895,128
aim_on_breadcrumbs__calib_instruction,candidate,reasoning,instr_only,34,mmd_rbf,0.004913569428026676,128
aim_on_breadcrumbs__calib_instruction,candidate,reasoning,instr_only,34,projected_js,0.058109749923460186,128
aim_on_breadcrumbs__calib_instruction,candidate,reasoning,instr_only,35,mmd_rbf,0.03894331306219101,128
aim_on_breadcrumbs__calib_instruction,candidate,reasoning,instr_only,35,projected_js,0.08772273769136518,128
aim_on_breadcrumbs__calib_instruction,candidate,reasoning,reasoning_only,0,mmd_rbf,0.0039355456829071045,128
aim_on_breadcrumbs__calib_instruction,candidate,reasoning,reasoning_only,0,projected_js,0.046353351790457964,128
aim_on_breadcrumbs__calib_instruction,candidate,reasoning,reasoning_only,1,mmd_rbf,0.006166507489979267,128
aim_on_breadcrumbs__calib_instruction,candidate,reasoning,reasoning_only,1,projected_js,0.05060704072820954,128
aim_on_breadcrumbs__calib_instruction,candidate,reasoning,reasoning_only,2,mmd_rbf,0.011569526046514511,128
aim_on_breadcrumbs__calib_instruction,candidate,reasoning,reasoning_only,2,projected_js,0.061335935548413545,128
aim_on_breadcrumbs__calib_instruction,candidate,reasoning,reasoning_only,3,mmd_rbf,0.014087988995015621,128
aim_on_breadcrumbs__calib_instruction,candidate,reasoning,reasoning_only,3,projected_js,0.06444140675012022,128
aim_on_breadcrumbs__calib_instruction,candidate,reasoning,reasoning_only,4,mmd_rbf,0.013842739164829254,128
aim_on_breadcrumbs__calib_instruction,candidate,reasoning,reasoning_only,4,projected_js,0.06632425071438774,128
aim_on_breadcrumbs__calib_instruction,candidate,reasoning,reasoning_only,5,mmd_rbf,0.013340974226593971,128
aim_on_breadcrumbs__calib_instruction,candidate,reasoning,reasoning_only,5,projected_js,0.06446101737674326,128
aim_on_breadcrumbs__calib_instruction,candidate,reasoning,reasoning_only,6,mmd_rbf,0.01020192913711071,128
aim_on_breadcrumbs__calib_instruction,candidate,reasoning,reasoning_only,6,projected_js,0.06388629943830892,128
aim_on_breadcrumbs__calib_instruction,candidate,reasoning,reasoning_only,7,mmd_rbf,0.010594776831567287,128
aim_on_breadcrumbs__calib_instruction,candidate,reasoning,reasoning_only,7,projected_js,0.06325242796447128,128
aim_on_breadcrumbs__calib_instruction,candidate,reasoning,reasoning_only,8,mmd_rbf,0.009215925820171833,128
aim_on_breadcrumbs__calib_instruction,candidate,reasoning,reasoning_only,8,projected_js,0.06647837130003609,128
aim_on_breadcrumbs__calib_instruction,candidate,reasoning,reasoning_only,9,mmd_rbf,0.009358905255794525,128
aim_on_breadcrumbs__calib_instruction,candidate,reasoning,reasoning_only,9,projected_js,0.061536493041785434,128
aim_on_breadcrumbs__calib_instruction,candidate,reasoning,reasoning_only,10,mmd_rbf,0.010311330668628216,128
aim_on_breadcrumbs__calib_instruction,candidate,reasoning,reasoning_only,10,projected_js,0.06533075345214456,128
aim_on_breadcrumbs__calib_instruction,candidate,reasoning,reasoning_only,11,mmd_rbf,0.009855351410806179,128
aim_on_breadcrumbs__calib_instruction,candidate,reasoning,reasoning_only,11,projected_js,0.06083226151531562,128
aim_on_breadcrumbs__calib_instruction,candidate,reasoning,reasoning_only,12,mmd_rbf,0.010019766166806221,128
aim_on_breadcrumbs__calib_instruction,candidate,reasoning,reasoning_only,12,projected_js,0.06190429622074589,128
aim_on_breadcrumbs__calib_instruction,candidate,reasoning,reasoning_only,13,mmd_rbf,0.010355937294661999,128
aim_on_breadcrumbs__calib_instruction,candidate,reasoning,reasoning_only,13,projected_js,0.06609987979754806,128
aim_on_breadcrumbs__calib_instruction,candidate,reasoning,reasoning_only,14,mmd_rbf,0.010306480340659618,128
aim_on_breadcrumbs__calib_instruction,candidate,reasoning,reasoning_only,14,projected_js,0.060079693008447066,128
aim_on_breadcrumbs__calib_instruction,candidate,reasoning,reasoning_only,15,mmd_rbf,0.011222093366086483,128
aim_on_breadcrumbs__calib_instruction,candidate,reasoning,reasoning_only,15,projected_js,0.06502858665771782,128
aim_on_breadcrumbs__calib_instruction,candidate,reasoning,reasoning_only,16,mmd_rbf,0.011668018065392971,128
aim_on_breadcrumbs__calib_instruction,candidate,reasoning,reasoning_only,16,projected_js,0.06701054389122874,128
aim_on_breadcrumbs__calib_instruction,candidate,reasoning,reasoning_only,17,mmd_rbf,0.01161677110940218,128
aim_on_breadcrumbs__calib_instruction,candidate,reasoning,reasoning_only,17,projected_js,0.06520355271641165,128
aim_on_breadcrumbs__calib_instruction,candidate,reasoning,reasoning_only,18,mmd_rbf,0.013145876117050648,128
aim_on_breadcrumbs__calib_instruction,candidate,reasoning,reasoning_only,18,projected_js,0.06624429748626426,128
aim_on_breadcrumbs__calib_instruction,candidate,reasoning,reasoning_only,19,mmd_rbf,0.012611055746674538,128
aim_on_breadcrumbs__calib_instruction,candidate,reasoning,reasoning_only,19,projected_js,0.06531554250977933,128
aim_on_breadcrumbs__calib_instruction,candidate,reasoning,reasoning_only,20,mmd_rbf,0.012167003005743027,128
aim_on_breadcrumbs__calib_instruction,candidate,reasoning,reasoning_only,20,projected_js,0.0676839062361978,128
aim_on_breadcrumbs__calib_instruction,candidate,reasoning,reasoning_only,21,mmd_rbf,0.01245077420026064,128
aim_on_breadcrumbs__calib_instruction,candidate,reasoning,reasoning_only,21,projected_js,0.06301041110418737,128
aim_on_breadcrumbs__calib_instruction,candidate,reasoning,reasoning_only,22,mmd_rbf,0.010720762424170971,128
aim_on_breadcrumbs__calib_instruction,candidate,reasoning,reasoning_only,22,projected_js,0.0630898225645069,128
aim_on_breadcrumbs__calib_instruction,candidate,reasoning,reasoning_only,23,mmd_rbf,0.008822662755846977,128
aim_on_breadcrumbs__calib_instruction,candidate,reasoning,reasoning_only,23,projected_js,0.060685659234877676,128
aim_on_breadcrumbs__calib_instruction,candidate,reasoning,reasoning_only,24,mmd_rbf,0.008457235060632229,128
aim_on_breadcrumbs__calib_instruction,candidate,reasoning,reasoning_only,24,projected_js,0.061060689913574606,128
aim_on_breadcrumbs__calib_instruction,candidate,reasoning,reasoning_only,25,mmd_rbf,0.007440042681992054,128
aim_on_breadcrumbs__calib_instruction,candidate,reasoning,reasoning_only,25,projected_js,0.06031554681248963,128
aim_on_breadcrumbs__calib_instruction,candidate,reasoning,reasoning_only,26,mmd_rbf,0.007069715764373541,128
aim_on_breadcrumbs__calib_instruction,candidate,reasoning,reasoning_only,26,projected_js,0.06376470415852964,128
aim_on_breadcrumbs__calib_instruction,candidate,reasoning,reasoning_only,27,mmd_rbf,0.006940914783626795,128
aim_on_breadcrumbs__calib_instruction,candidate,reasoning,reasoning_only,27,projected_js,0.06173816655064002,128
aim_on_breadcrumbs__calib_instruction,candidate,reasoning,reasoning_only,28,mmd_rbf,0.0072452411986887455,128
aim_on_breadcrumbs__calib_instruction,candidate,reasoning,reasoning_only,28,projected_js,0.060892613197211176,128
aim_on_breadcrumbs__calib_instruction,candidate,reasoning,reasoning_only,29,mmd_rbf,0.007275751326233149,128
aim_on_breadcrumbs__calib_instruction,candidate,reasoning,reasoning_only,29,projected_js,0.06293444870971143,128
aim_on_breadcrumbs__calib_instruction,candidate,reasoning,reasoning_only,30,mmd_rbf,0.007736878003925085,128
aim_on_breadcrumbs__calib_instruction,candidate,reasoning,reasoning_only,30,projected_js,0.06478266953490674,128
aim_on_breadcrumbs__calib_instruction,candidate,reasoning,reasoning_only,31,mmd_rbf,0.008130498230457306,128
aim_on_breadcrumbs__calib_instruction,candidate,reasoning,reasoning_only,31,projected_js,0.06616415124153718,128
aim_on_breadcrumbs__calib_instruction,candidate,reasoning,reasoning_only,32,mmd_rbf,0.008146009407937527,128
aim_on_breadcrumbs__calib_instruction,candidate,reasoning,reasoning_only,32,projected_js,0.061007601441815495,128
aim_on_breadcrumbs__calib_instruction,candidate,reasoning,reasoning_only,33,mmd_rbf,0.008169089443981647,128
aim_on_breadcrumbs__calib_instruction,candidate,reasoning,reasoning_only,33,projected_js,0.06123683892656118,128
aim_on_breadcrumbs__calib_instruction,candidate,reasoning,reasoning_only,34,mmd_rbf,0.008410428650677204,128
aim_on_breadcrumbs__calib_instruction,candidate,reasoning,reasoning_only,34,projected_js,0.06255808056448586,128
aim_on_breadcrumbs__calib_instruction,candidate,reasoning,reasoning_only,35,mmd_rbf,0.02044069953262806,128
aim_on_breadcrumbs__calib_instruction,candidate,reasoning,reasoning_only,35,projected_js,0.07211497123353183,128
aim_on_breadcrumbs__calib_instruction,candidate,reasoning,uncensored_only,0,mmd_rbf,0.0033215403091162443,128
aim_on_breadcrumbs__calib_instruction,candidate,reasoning,uncensored_only,0,projected_js,0.039054228662280366,128
aim_on_breadcrumbs__calib_instruction,candidate,reasoning,uncensored_only,1,mmd_rbf,0.08519239723682404,128
aim_on_breadcrumbs__calib_instruction,candidate,reasoning,uncensored_only,1,projected_js,0.12094509703456424,128
aim_on_breadcrumbs__calib_instruction,candidate,reasoning,uncensored_only,2,mmd_rbf,0.08026210218667984,128
aim_on_breadcrumbs__calib_instruction,candidate,reasoning,uncensored_only,2,projected_js,0.1104786938522011,128
aim_on_breadcrumbs__calib_instruction,candidate,reasoning,uncensored_only,3,mmd_rbf,0.061011116951704025,128
aim_on_breadcrumbs__calib_instruction,candidate,reasoning,uncensored_only,3,projected_js,0.09867043473059312,128
aim_on_breadcrumbs__calib_instruction,candidate,reasoning,uncensored_only,4,mmd_rbf,0.04134085401892662,128
aim_on_breadcrumbs__calib_instruction,candidate,reasoning,uncensored_only,4,projected_js,0.09408499271376058,128
aim_on_breadcrumbs__calib_instruction,candidate,reasoning,uncensored_only,5,mmd_rbf,0.02723311260342598,128
aim_on_breadcrumbs__calib_instruction,candidate,reasoning,uncensored_only,5,projected_js,0.08311911200871691,128
aim_on_breadcrumbs__calib_instruction,candidate,reasoning,uncensored_only,6,mmd_rbf,0.01624021865427494,128
aim_on_breadcrumbs__calib_instruction,candidate,reasoning,uncensored_only,6,projected_js,0.07117633183952421,128
aim_on_breadcrumbs__calib_instruction,candidate,reasoning,uncensored_only,7,mmd_rbf,0.014448560774326324,128
aim_on_breadcrumbs__calib_instruction,candidate,reasoning,uncensored_only,7,projected_js,0.06732458862825297,128
aim_on_breadcrumbs__calib_instruction,candidate,reasoning,uncensored_only,8,mmd_rbf,0.011221920140087605,128
aim_on_breadcrumbs__calib_instruction,candidate,reasoning,uncensored_only,8,projected_js,0.06291799512109719,128
aim_on_breadcrumbs__calib_instruction,candidate,reasoning,uncensored_only,9,mmd_rbf,0.00946787279099226,128
aim_on_breadcrumbs__calib_instruction,candidate,reasoning,uncensored_only,9,projected_js,0.06311991129769012,128
aim_on_breadcrumbs__calib_instruction,candidate,reasoning,uncensored_only,10,mmd_rbf,0.008480063639581203,128
aim_on_breadcrumbs__calib_instruction,candidate,reasoning,uncensored_only,10,projected_js,0.05848159865126945,128
aim_on_breadcrumbs__calib_instruction,candidate,reasoning,uncensored_only,11,mmd_rbf,0.007159878499805927,128
aim_on_breadcrumbs__calib_instruction,candidate,reasoning,uncensored_only,11,projected_js,0.06161429773783311,128
aim_on_breadcrumbs__calib_instruction,candidate,reasoning,uncensored_only,12,mmd_rbf,0.0071618459187448025,128
aim_on_breadcrumbs__calib_instruction,candidate,reasoning,uncensored_only,12,projected_js,0.05781498644500971,128
aim_on_breadcrumbs__calib_instruction,candidate,reasoning,uncensored_only,13,mmd_rbf,0.007341837976127863,128
aim_on_breadcrumbs__calib_instruction,candidate,reasoning,uncensored_only,13,projected_js,0.06228629010729492,128
aim_on_breadcrumbs__calib_instruction,candidate,reasoning,uncensored_only,14,mmd_rbf,0.007996785454452038,128
aim_on_breadcrumbs__calib_instruction,candidate,reasoning,uncensored_only,14,projected_js,0.05905740789603442,128
aim_on_breadcrumbs__calib_instruction,candidate,reasoning,uncensored_only,15,mmd_rbf,0.009744484908878803,128
aim_on_breadcrumbs__calib_instruction,candidate,reasoning,uncensored_only,15,projected_js,0.06310064537683502,128
aim_on_breadcrumbs__calib_instruction,candidate,reasoning,uncensored_only,16,mmd_rbf,0.010562803596258163,128
aim_on_breadcrumbs__calib_instruction,candidate,reasoning,uncensored_only,16,projected_js,0.06166797218611464,128
aim_on_breadcrumbs__calib_instruction,candidate,reasoning,uncensored_only,17,mmd_rbf,0.010172962211072445,128
aim_on_breadcrumbs__calib_instruction,candidate,reasoning,uncensored_only,17,projected_js,0.06053879589308053,128
aim_on_breadcrumbs__calib_instruction,candidate,reasoning,uncensored_only,18,mmd_rbf,0.010315622203052044,128
aim_on_breadcrumbs__calib_instruction,candidate,reasoning,uncensored_only,18,projected_js,0.06306657911045477,128
aim_on_breadcrumbs__calib_instruction,candidate,reasoning,uncensored_only,19,mmd_rbf,0.010280772112309933,128
aim_on_breadcrumbs__calib_instruction,candidate,reasoning,uncensored_only,19,projected_js,0.06148556713014841,128
aim_on_breadcrumbs__calib_instruction,candidate,reasoning,uncensored_only,20,mmd_rbf,0.010451771318912506,128
aim_on_breadcrumbs__calib_instruction,candidate,reasoning,uncensored_only,20,projected_js,0.06830571626778692,128
aim_on_breadcrumbs__calib_instruction,candidate,reasoning,uncensored_only,21,mmd_rbf,0.011275199241936207,128
aim_on_breadcrumbs__calib_instruction,candidate,reasoning,uncensored_only,21,projected_js,0.06416333862580359,128
aim_on_breadcrumbs__calib_instruction,candidate,reasoning,uncensored_only,22,mmd_rbf,0.011784116737544537,128
aim_on_breadcrumbs__calib_instruction,candidate,reasoning,uncensored_only,22,projected_js,0.06418926690821536,128
aim_on_breadcrumbs__calib_instruction,candidate,reasoning,uncensored_only,23,mmd_rbf,0.011363563127815723,128
aim_on_breadcrumbs__calib_instruction,candidate,reasoning,uncensored_only,23,projected_js,0.06313695714925416,128
aim_on_breadcrumbs__calib_instruction,candidate,reasoning,uncensored_only,24,mmd_rbf,0.011005833745002747,128
aim_on_breadcrumbs__calib_instruction,candidate,reasoning,uncensored_only,24,projected_js,0.06694874237291515,128
aim_on_breadcrumbs__calib_instruction,candidate,reasoning,uncensored_only,25,mmd_rbf,0.011025299318134785,128
aim_on_breadcrumbs__calib_instruction,candidate,reasoning,uncensored_only,25,projected_js,0.06683089002035558,128
aim_on_breadcrumbs__calib_instruction,candidate,reasoning,uncensored_only,26,mmd_rbf,0.01077625248581171,128
aim_on_breadcrumbs__calib_instruction,candidate,reasoning,uncensored_only,26,projected_js,0.06632813875330612,128
aim_on_breadcrumbs__calib_instruction,candidate,reasoning,uncensored_only,27,mmd_rbf,0.010833418928086758,128
aim_on_breadcrumbs__calib_instruction,candidate,reasoning,uncensored_only,27,projected_js,0.06932367591070943,128
aim_on_breadcrumbs__calib_instruction,candidate,reasoning,uncensored_only,28,mmd_rbf,0.010298343375325203,128
aim_on_breadcrumbs__calib_instruction,candidate,reasoning,uncensored_only,28,projected_js,0.06704329096828587,128
aim_on_breadcrumbs__calib_instruction,candidate,reasoning,uncensored_only,29,mmd_rbf,0.010266509838402271,128
aim_on_breadcrumbs__calib_instruction,candidate,reasoning,uncensored_only,29,projected_js,0.06339929229579866,128
aim_on_breadcrumbs__calib_instruction,candidate,reasoning,uncensored_only,30,mmd_rbf,0.010480622760951519,128
aim_on_breadcrumbs__calib_instruction,candidate,reasoning,uncensored_only,30,projected_js,0.06314533919794485,128
aim_on_breadcrumbs__calib_instruction,candidate,reasoning,uncensored_only,31,mmd_rbf,0.010305888019502163,128
aim_on_breadcrumbs__calib_instruction,candidate,reasoning,uncensored_only,31,projected_js,0.06773155019618571,128
aim_on_breadcrumbs__calib_instruction,candidate,reasoning,uncensored_only,32,mmd_rbf,0.010653960518538952,128
aim_on_breadcrumbs__calib_instruction,candidate,reasoning,uncensored_only,32,projected_js,0.06298979819985107,128
aim_on_breadcrumbs__calib_instruction,candidate,reasoning,uncensored_only,33,mmd_rbf,0.011057141236960888,128
aim_on_breadcrumbs__calib_instruction,candidate,reasoning,uncensored_only,33,projected_js,0.06449086091015488,128
aim_on_breadcrumbs__calib_instruction,candidate,reasoning,uncensored_only,34,mmd_rbf,0.012700775638222694,128
aim_on_breadcrumbs__calib_instruction,candidate,reasoning,uncensored_only,34,projected_js,0.06794221157906577,128
aim_on_breadcrumbs__calib_instruction,candidate,reasoning,uncensored_only,35,mmd_rbf,0.04651128128170967,128
aim_on_breadcrumbs__calib_instruction,candidate,reasoning,uncensored_only,35,projected_js,0.09308009623782709,128
aim_on_breadcrumbs__calib_instruction,candidate,uncensored_refusal_like,base,0,mmd_rbf,0.01081435102969408,128
aim_on_breadcrumbs__calib_instruction,candidate,uncensored_refusal_like,base,0,projected_js,0.057407557615078986,128
aim_on_breadcrumbs__calib_instruction,candidate,uncensored_refusal_like,base,1,mmd_rbf,0.014462900348007679,128
aim_on_breadcrumbs__calib_instruction,candidate,uncensored_refusal_like,base,1,projected_js,0.0670650654064957,128
aim_on_breadcrumbs__calib_instruction,candidate,uncensored_refusal_like,base,2,mmd_rbf,0.018528729677200317,128
aim_on_breadcrumbs__calib_instruction,candidate,uncensored_refusal_like,base,2,projected_js,0.07023597811348736,128
aim_on_breadcrumbs__calib_instruction,candidate,uncensored_refusal_like,base,3,mmd_rbf,0.03182625398039818,128
aim_on_breadcrumbs__calib_instruction,candidate,uncensored_refusal_like,base,3,projected_js,0.09558592608664185,128
aim_on_breadcrumbs__calib_instruction,candidate,uncensored_refusal_like,base,4,mmd_rbf,0.03046914003789425,128
aim_on_breadcrumbs__calib_instruction,candidate,uncensored_refusal_like,base,4,projected_js,0.0882059222785756,128
aim_on_breadcrumbs__calib_instruction,candidate,uncensored_refusal_like,base,5,mmd_rbf,0.03142707049846649,128
aim_on_breadcrumbs__calib_instruction,candidate,uncensored_refusal_like,base,5,projected_js,0.08286015858175233,128
aim_on_breadcrumbs__calib_instruction,candidate,uncensored_refusal_like,base,6,mmd_rbf,0.028051650151610374,128
aim_on_breadcrumbs__calib_instruction,candidate,uncensored_refusal_like,base,6,projected_js,0.07851293514249846,128
aim_on_breadcrumbs__calib_instruction,candidate,uncensored_refusal_like,base,7,mmd_rbf,0.025034410879015923,128
aim_on_breadcrumbs__calib_instruction,candidate,uncensored_refusal_like,base,7,projected_js,0.06972047063754871,128
aim_on_breadcrumbs__calib_instruction,candidate,uncensored_refusal_like,base,8,mmd_rbf,0.022593732923269272,128
aim_on_breadcrumbs__calib_instruction,candidate,uncensored_refusal_like,base,8,projected_js,0.07607316470239311,128
aim_on_breadcrumbs__calib_instruction,candidate,uncensored_refusal_like,base,9,mmd_rbf,0.025558441877365112,128
aim_on_breadcrumbs__calib_instruction,candidate,uncensored_refusal_like,base,9,projected_js,0.0763685058336705,128
aim_on_breadcrumbs__calib_instruction,candidate,uncensored_refusal_like,base,10,mmd_rbf,0.02777841128408909,128
aim_on_breadcrumbs__calib_instruction,candidate,uncensored_refusal_like,base,10,projected_js,0.07882305758539587,128
aim_on_breadcrumbs__calib_instruction,candidate,uncensored_refusal_like,base,11,mmd_rbf,0.02991996519267559,128
aim_on_breadcrumbs__calib_instruction,candidate,uncensored_refusal_like,base,11,projected_js,0.08406803314574063,128
aim_on_breadcrumbs__calib_instruction,candidate,uncensored_refusal_like,base,12,mmd_rbf,0.033821951597929,128
aim_on_breadcrumbs__calib_instruction,candidate,uncensored_refusal_like,base,12,projected_js,0.08655337727395818,128
aim_on_breadcrumbs__calib_instruction,candidate,uncensored_refusal_like,base,13,mmd_rbf,0.03754519671201706,128
aim_on_breadcrumbs__calib_instruction,candidate,uncensored_refusal_like,base,13,projected_js,0.09075136785395443,128
aim_on_breadcrumbs__calib_instruction,candidate,uncensored_refusal_like,base,14,mmd_rbf,0.038356129080057144,128
aim_on_breadcrumbs__calib_instruction,candidate,uncensored_refusal_like,base,14,projected_js,0.08735184889519587,128
aim_on_breadcrumbs__calib_instruction,candidate,uncensored_refusal_like,base,15,mmd_rbf,0.039281249046325684,128
aim_on_breadcrumbs__calib_instruction,candidate,uncensored_refusal_like,base,15,projected_js,0.08040394581621513,128
aim_on_breadcrumbs__calib_instruction,candidate,uncensored_refusal_like,base,16,mmd_rbf,0.03932444378733635,128
aim_on_breadcrumbs__calib_instruction,candidate,uncensored_refusal_like,base,16,projected_js,0.08470687660155818,128
aim_on_breadcrumbs__calib_instruction,candidate,uncensored_refusal_like,base,17,mmd_rbf,0.04040843993425369,128
aim_on_breadcrumbs__calib_instruction,candidate,uncensored_refusal_like,base,17,projected_js,0.08630280528450385,128
aim_on_breadcrumbs__calib_instruction,candidate,uncensored_refusal_like,base,18,mmd_rbf,0.04147379472851753,128
aim_on_breadcrumbs__calib_instruction,candidate,uncensored_refusal_like,base,18,projected_js,0.0890447404817678,128
aim_on_breadcrumbs__calib_instruction,candidate,uncensored_refusal_like,base,19,mmd_rbf,0.041308507323265076,128
aim_on_breadcrumbs__calib_instruction,candidate,uncensored_refusal_like,base,19,projected_js,0.08780976582784206,128
aim_on_breadcrumbs__calib_instruction,candidate,uncensored_refusal_like,base,20,mmd_rbf,0.048052769154310226,128
aim_on_breadcrumbs__calib_instruction,candidate,uncensored_refusal_like,base,20,projected_js,0.09392312279669568,128
aim_on_breadcrumbs__calib_instruction,candidate,uncensored_refusal_like,base,21,mmd_rbf,0.050712715834379196,128
aim_on_breadcrumbs__calib_instruction,candidate,uncensored_refusal_like,base,21,projected_js,0.08869891811627895,128
aim_on_breadcrumbs__calib_instruction,candidate,uncensored_refusal_like,base,22,mmd_rbf,0.05305575206875801,128
aim_on_breadcrumbs__calib_instruction,candidate,uncensored_refusal_like,base,22,projected_js,0.09637271537212655,128
aim_on_breadcrumbs__calib_instruction,candidate,uncensored_refusal_like,base,23,mmd_rbf,0.052590589970350266,128
aim_on_breadcrumbs__calib_instruction,candidate,uncensored_refusal_like,base,23,projected_js,0.09606331144459546,128
aim_on_breadcrumbs__calib_instruction,candidate,uncensored_refusal_like,base,24,mmd_rbf,0.05160793289542198,128
aim_on_breadcrumbs__calib_instruction,candidate,uncensored_refusal_like,base,24,projected_js,0.10315704258391634,128
aim_on_breadcrumbs__calib_instruction,candidate,uncensored_refusal_like,base,25,mmd_rbf,0.05023156479001045,128
aim_on_breadcrumbs__calib_instruction,candidate,uncensored_refusal_like,base,25,projected_js,0.09291673736879602,128
aim_on_breadcrumbs__calib_instruction,candidate,uncensored_refusal_like,base,26,mmd_rbf,0.0503971241414547,128
aim_on_breadcrumbs__calib_instruction,candidate,uncensored_refusal_like,base,26,projected_js,0.09893476724391803,128
aim_on_breadcrumbs__calib_instruction,candidate,uncensored_refusal_like,base,27,mmd_rbf,0.05061563476920128,128
aim_on_breadcrumbs__calib_instruction,candidate,uncensored_refusal_like,base,27,projected_js,0.1018946040130686,128
aim_on_breadcrumbs__calib_instruction,candidate,uncensored_refusal_like,base,28,mmd_rbf,0.04916715621948242,128
aim_on_breadcrumbs__calib_instruction,candidate,uncensored_refusal_like,base,28,projected_js,0.0985353384166956,128
aim_on_breadcrumbs__calib_instruction,candidate,uncensored_refusal_like,base,29,mmd_rbf,0.046283990144729614,128
aim_on_breadcrumbs__calib_instruction,candidate,uncensored_refusal_like,base,29,projected_js,0.09516396367689595,128
aim_on_breadcrumbs__calib_instruction,candidate,uncensored_refusal_like,base,30,mmd_rbf,0.04636111482977867,128
aim_on_breadcrumbs__calib_instruction,candidate,uncensored_refusal_like,base,30,projected_js,0.09750387305393815,128
aim_on_breadcrumbs__calib_instruction,candidate,uncensored_refusal_like,base,31,mmd_rbf,0.04547780379652977,128
aim_on_breadcrumbs__calib_instruction,candidate,uncensored_refusal_like,base,31,projected_js,0.09472214197739959,128
aim_on_breadcrumbs__calib_instruction,candidate,uncensored_refusal_like,base,32,mmd_rbf,0.04528160020709038,128
aim_on_breadcrumbs__calib_instruction,candidate,uncensored_refusal_like,base,32,projected_js,0.09537148976232857,128
aim_on_breadcrumbs__calib_instruction,candidate,uncensored_refusal_like,base,33,mmd_rbf,0.043827589601278305,128
aim_on_breadcrumbs__calib_instruction,candidate,uncensored_refusal_like,base,33,projected_js,0.09666558564640582,128
aim_on_breadcrumbs__calib_instruction,candidate,uncensored_refusal_like,base,34,mmd_rbf,0.05550156161189079,128
aim_on_breadcrumbs__calib_instruction,candidate,uncensored_refusal_like,base,34,projected_js,0.1030912428686861,128
aim_on_breadcrumbs__calib_instruction,candidate,uncensored_refusal_like,base,35,mmd_rbf,0.11834918707609177,128
aim_on_breadcrumbs__calib_instruction,candidate,uncensored_refusal_like,base,35,projected_js,0.1658932720310986,128
aim_on_breadcrumbs__calib_instruction,candidate,uncensored_refusal_like,instr_only,0,mmd_rbf,0.006017571780830622,128
aim_on_breadcrumbs__calib_instruction,candidate,uncensored_refusal_like,instr_only,0,projected_js,0.04845652150106616,128
aim_on_breadcrumbs__calib_instruction,candidate,uncensored_refusal_like,instr_only,1,mmd_rbf,0.006834706757217646,128
aim_on_breadcrumbs__calib_instruction,candidate,uncensored_refusal_like,instr_only,1,projected_js,0.046794295602012426,128
aim_on_breadcrumbs__calib_instruction,candidate,uncensored_refusal_like,instr_only,2,mmd_rbf,0.007372683379799128,128
aim_on_breadcrumbs__calib_instruction,candidate,uncensored_refusal_like,instr_only,2,projected_js,0.05368519452167675,128
aim_on_breadcrumbs__calib_instruction,candidate,uncensored_refusal_like,instr_only,3,mmd_rbf,0.009013853967189789,128
aim_on_breadcrumbs__calib_instruction,candidate,uncensored_refusal_like,instr_only,3,projected_js,0.058301879063947126,128
aim_on_breadcrumbs__calib_instruction,candidate,uncensored_refusal_like,instr_only,4,mmd_rbf,0.01034051738679409,128
aim_on_breadcrumbs__calib_instruction,candidate,uncensored_refusal_like,instr_only,4,projected_js,0.05820505807059817,128
aim_on_breadcrumbs__calib_instruction,candidate,uncensored_refusal_like,instr_only,5,mmd_rbf,0.011649812571704388,128
aim_on_breadcrumbs__calib_instruction,candidate,uncensored_refusal_like,instr_only,5,projected_js,0.05931568390224129,128
aim_on_breadcrumbs__calib_instruction,candidate,uncensored_refusal_like,instr_only,6,mmd_rbf,0.009160387329757214,128
aim_on_breadcrumbs__calib_instruction,candidate,uncensored_refusal_like,instr_only,6,projected_js,0.058015559159684926,128
aim_on_breadcrumbs__calib_instruction,candidate,uncensored_refusal_like,instr_only,7,mmd_rbf,0.007676257286220789,128
aim_on_breadcrumbs__calib_instruction,candidate,uncensored_refusal_like,instr_only,7,projected_js,0.05774568649940193,128
aim_on_breadcrumbs__calib_instruction,candidate,uncensored_refusal_like,instr_only,8,mmd_rbf,0.006272637285292149,128
aim_on_breadcrumbs__calib_instruction,candidate,uncensored_refusal_like,instr_only,8,projected_js,0.05788704170845449,128
aim_on_breadcrumbs__calib_instruction,candidate,uncensored_refusal_like,instr_only,9,mmd_rbf,0.006453253328800201,128
aim_on_breadcrumbs__calib_instruction,candidate,uncensored_refusal_like,instr_only,9,projected_js,0.06396930362097919,128
aim_on_breadcrumbs__calib_instruction,candidate,uncensored_refusal_like,instr_only,10,mmd_rbf,0.006608210038393736,128
aim_on_breadcrumbs__calib_instruction,candidate,uncensored_refusal_like,instr_only,10,projected_js,0.06050152506213635,128
aim_on_breadcrumbs__calib_instruction,candidate,uncensored_refusal_like,instr_only,11,mmd_rbf,0.006045324262231588,128
aim_on_breadcrumbs__calib_instruction,candidate,uncensored_refusal_like,instr_only,11,projected_js,0.06002516529406421,128
aim_on_breadcrumbs__calib_instruction,candidate,uncensored_refusal_like,instr_only,12,mmd_rbf,0.006272781174629927,128
aim_on_breadcrumbs__calib_instruction,candidate,uncensored_refusal_like,instr_only,12,projected_js,0.06159320881124586,128
aim_on_breadcrumbs__calib_instruction,candidate,uncensored_refusal_like,instr_only,13,mmd_rbf,0.006561122369021177,128
aim_on_breadcrumbs__calib_instruction,candidate,uncensored_refusal_like,instr_only,13,projected_js,0.06103893424733542,128
aim_on_breadcrumbs__calib_instruction,candidate,uncensored_refusal_like,instr_only,14,mmd_rbf,0.006314122583717108,128
aim_on_breadcrumbs__calib_instruction,candidate,uncensored_refusal_like,instr_only,14,projected_js,0.0627464383142069,128
aim_on_breadcrumbs__calib_instruction,candidate,uncensored_refusal_like,instr_only,15,mmd_rbf,0.006616918835788965,128
aim_on_breadcrumbs__calib_instruction,candidate,uncensored_refusal_like,instr_only,15,projected_js,0.061585219082189724,128
aim_on_breadcrumbs__calib_instruction,candidate,uncensored_refusal_like,instr_only,16,mmd_rbf,0.007120181806385517,128
aim_on_breadcrumbs__calib_instruction,candidate,uncensored_refusal_like,instr_only,16,projected_js,0.06396615147241391,128
aim_on_breadcrumbs__calib_instruction,candidate,uncensored_refusal_like,instr_only,17,mmd_rbf,0.00781458243727684,128
aim_on_breadcrumbs__calib_instruction,candidate,uncensored_refusal_like,instr_only,17,projected_js,0.06205355605925433,128
aim_on_breadcrumbs__calib_instruction,candidate,uncensored_refusal_like,instr_only,18,mmd_rbf,0.00875505618751049,128
aim_on_breadcrumbs__calib_instruction,candidate,uncensored_refusal_like,instr_only,18,projected_js,0.06285299005685374,128
aim_on_breadcrumbs__calib_instruction,candidate,uncensored_refusal_like,instr_only,19,mmd_rbf,0.009663237258791924,128
aim_on_breadcrumbs__calib_instruction,candidate,uncensored_refusal_like,instr_only,19,projected_js,0.06253310345346108,128
aim_on_breadcrumbs__calib_instruction,candidate,uncensored_refusal_like,instr_only,20,mmd_rbf,0.010612341575324535,128
aim_on_breadcrumbs__calib_instruction,candidate,uncensored_refusal_like,instr_only,20,projected_js,0.06519806297728792,128
aim_on_breadcrumbs__calib_instruction,candidate,uncensored_refusal_like,instr_only,21,mmd_rbf,0.013267720118165016,128
aim_on_breadcrumbs__calib_instruction,candidate,uncensored_refusal_like,instr_only,21,projected_js,0.06979559964383952,128
aim_on_breadcrumbs__calib_instruction,candidate,uncensored_refusal_like,instr_only,22,mmd_rbf,0.01478993333876133,128
aim_on_breadcrumbs__calib_instruction,candidate,uncensored_refusal_like,instr_only,22,projected_js,0.06850532663520426,128
aim_on_breadcrumbs__calib_instruction,candidate,uncensored_refusal_like,instr_only,23,mmd_rbf,0.015152941457927227,128
aim_on_breadcrumbs__calib_instruction,candidate,uncensored_refusal_like,instr_only,23,projected_js,0.06474592629820108,128
aim_on_breadcrumbs__calib_instruction,candidate,uncensored_refusal_like,instr_only,24,mmd_rbf,0.01592729426920414,128
aim_on_breadcrumbs__calib_instruction,candidate,uncensored_refusal_like,instr_only,24,projected_js,0.06832044094335288,128
aim_on_breadcrumbs__calib_instruction,candidate,uncensored_refusal_like,instr_only,25,mmd_rbf,0.01724153757095337,128
aim_on_breadcrumbs__calib_instruction,candidate,uncensored_refusal_like,instr_only,25,projected_js,0.07148603297537193,128
aim_on_breadcrumbs__calib_instruction,candidate,uncensored_refusal_like,instr_only,26,mmd_rbf,0.01751244254410267,128
aim_on_breadcrumbs__calib_instruction,candidate,uncensored_refusal_like,instr_only,26,projected_js,0.0713929909397848,128
aim_on_breadcrumbs__calib_instruction,candidate,uncensored_refusal_like,instr_only,27,mmd_rbf,0.017634283751249313,128
aim_on_breadcrumbs__calib_instruction,candidate,uncensored_refusal_like,instr_only,27,projected_js,0.07393553713336587,128
aim_on_breadcrumbs__calib_instruction,candidate,uncensored_refusal_like,instr_only,28,mmd_rbf,0.01732744090259075,128
aim_on_breadcrumbs__calib_instruction,candidate,uncensored_refusal_like,instr_only,28,projected_js,0.07216940342914313,128
aim_on_breadcrumbs__calib_instruction,candidate,uncensored_refusal_like,instr_only,29,mmd_rbf,0.016508055850863457,128
aim_on_breadcrumbs__calib_instruction,candidate,uncensored_refusal_like,instr_only,29,projected_js,0.07281590049387887,128
aim_on_breadcrumbs__calib_instruction,candidate,uncensored_refusal_like,instr_only,30,mmd_rbf,0.01652519777417183,128
aim_on_breadcrumbs__calib_instruction,candidate,uncensored_refusal_like,instr_only,30,projected_js,0.07600459340028465,128
aim_on_breadcrumbs__calib_instruction,candidate,uncensored_refusal_like,instr_only,31,mmd_rbf,0.01596236415207386,128
aim_on_breadcrumbs__calib_instruction,candidate,uncensored_refusal_like,instr_only,31,projected_js,0.0742833327385597,128
aim_on_breadcrumbs__calib_instruction,candidate,uncensored_refusal_like,instr_only,32,mmd_rbf,0.01675553247332573,128
aim_on_breadcrumbs__calib_instruction,candidate,uncensored_refusal_like,instr_only,32,projected_js,0.07477450714213774,128
aim_on_breadcrumbs__calib_instruction,candidate,uncensored_refusal_like,instr_only,33,mmd_rbf,0.01705913618206978,128
aim_on_breadcrumbs__calib_instruction,candidate,uncensored_refusal_like,instr_only,33,projected_js,0.07478253956651315,128
aim_on_breadcrumbs__calib_instruction,candidate,uncensored_refusal_like,instr_only,34,mmd_rbf,0.022279955446720123,128
aim_on_breadcrumbs__calib_instruction,candidate,uncensored_refusal_like,instr_only,34,projected_js,0.08507250802358612,128
aim_on_breadcrumbs__calib_instruction,candidate,uncensored_refusal_like,instr_only,35,mmd_rbf,0.11759449541568756,128
aim_on_breadcrumbs__calib_instruction,candidate,uncensored_refusal_like,instr_only,35,projected_js,0.1616573328501545,128
aim_on_breadcrumbs__calib_instruction,candidate,uncensored_refusal_like,reasoning_only,0,mmd_rbf,0.02027113549411297,128
aim_on_breadcrumbs__calib_instruction,candidate,uncensored_refusal_like,reasoning_only,0,projected_js,0.08954420004738495,128
aim_on_breadcrumbs__calib_instruction,candidate,uncensored_refusal_like,reasoning_only,1,mmd_rbf,0.024534165859222412,128
aim_on_breadcrumbs__calib_instruction,candidate,uncensored_refusal_like,reasoning_only,1,projected_js,0.07677828668965958,128
aim_on_breadcrumbs__calib_instruction,candidate,uncensored_refusal_like,reasoning_only,2,mmd_rbf,0.035857051610946655,128
aim_on_breadcrumbs__calib_instruction,candidate,uncensored_refusal_like,reasoning_only,2,projected_js,0.08451645390596241,128
aim_on_breadcrumbs__calib_instruction,candidate,uncensored_refusal_like,reasoning_only,3,mmd_rbf,0.04348308965563774,128
aim_on_breadcrumbs__calib_instruction,candidate,uncensored_refusal_like,reasoning_only,3,projected_js,0.0989733602036722,128
aim_on_breadcrumbs__calib_instruction,candidate,uncensored_refusal_like,reasoning_only,4,mmd_rbf,0.04763243719935417,128
aim_on_breadcrumbs__calib_instruction,candidate,uncensored_refusal_like,reasoning_only,4,projected_js,0.11222276336047798,128
aim_on_breadcrumbs__calib_instruction,candidate,uncensored_refusal_like,reasoning_only,5,mmd_rbf,0.05419309809803963,128
aim_on_breadcrumbs__calib_instruction,candidate,uncensored_refusal_like,reasoning_only,5,projected_js,0.12135173636488616,128
aim_on_breadcrumbs__calib_instruction,candidate,uncensored_refusal_like,reasoning_only,6,mmd_rbf,0.042354777455329895,128
aim_on_breadcrumbs__calib_instruction,candidate,uncensored_refusal_like,reasoning_only,6,projected_js,0.09935647383099422,128
aim_on_breadcrumbs__calib_instruction,candidate,uncensored_refusal_like,reasoning_only,7,mmd_rbf,0.03828941658139229,128
aim_on_breadcrumbs__calib_instruction,candidate,uncensored_refusal_like,reasoning_only,7,projected_js,0.09979571378789842,128
aim_on_breadcrumbs__calib_instruction,candidate,uncensored_refusal_like,reasoning_only,8,mmd_rbf,0.029813533648848534,128
aim_on_breadcrumbs__calib_instruction,candidate,uncensored_refusal_like,reasoning_only,8,projected_js,0.08905153270461597,128
aim_on_breadcrumbs__calib_instruction,candidate,uncensored_refusal_like,reasoning_only,9,mmd_rbf,0.028990983963012695,128
aim_on_breadcrumbs__calib_instruction,candidate,uncensored_refusal_like,reasoning_only,9,projected_js,0.0873860286665149,128
aim_on_breadcrumbs__calib_instruction,candidate,uncensored_refusal_like,reasoning_only,10,mmd_rbf,0.030447879806160927,128
aim_on_breadcrumbs__calib_instruction,candidate,uncensored_refusal_like,reasoning_only,10,projected_js,0.09245126316091046,128
aim_on_breadcrumbs__calib_instruction,candidate,uncensored_refusal_like,reasoning_only,11,mmd_rbf,0.029884591698646545,128
aim_on_breadcrumbs__calib_instruction,candidate,uncensored_refusal_like,reasoning_only,11,projected_js,0.08462606207467616,128
aim_on_breadcrumbs__calib_instruction,candidate,uncensored_refusal_like,reasoning_only,12,mmd_rbf,0.03342575952410698,128
aim_on_breadcrumbs__calib_instruction,candidate,uncensored_refusal_like,reasoning_only,12,projected_js,0.08620344495284371,128
aim_on_breadcrumbs__calib_instruction,candidate,uncensored_refusal_like,reasoning_only,13,mmd_rbf,0.03616417199373245,128
aim_on_breadcrumbs__calib_instruction,candidate,uncensored_refusal_like,reasoning_only,13,projected_js,0.08932573994388804,128
aim_on_breadcrumbs__calib_instruction,candidate,uncensored_refusal_like,reasoning_only,14,mmd_rbf,0.03512256219983101,128
aim_on_breadcrumbs__calib_instruction,candidate,uncensored_refusal_like,reasoning_only,14,projected_js,0.08714686223538592,128
aim_on_breadcrumbs__calib_instruction,candidate,uncensored_refusal_like,reasoning_only,15,mmd_rbf,0.03609560802578926,128
aim_on_breadcrumbs__calib_instruction,candidate,uncensored_refusal_like,reasoning_only,15,projected_js,0.08728391857584938,128
aim_on_breadcrumbs__calib_instruction,candidate,uncensored_refusal_like,reasoning_only,16,mmd_rbf,0.03543172404170036,128
aim_on_breadcrumbs__calib_instruction,candidate,uncensored_refusal_like,reasoning_only,16,projected_js,0.08582254295470193,128
aim_on_breadcrumbs__calib_instruction,candidate,uncensored_refusal_like,reasoning_only,17,mmd_rbf,0.03638642653822899,128
aim_on_breadcrumbs__calib_instruction,candidate,uncensored_refusal_like,reasoning_only,17,projected_js,0.08347236091503873,128
aim_on_breadcrumbs__calib_instruction,candidate,uncensored_refusal_like,reasoning_only,18,mmd_rbf,0.04249311238527298,128
aim_on_breadcrumbs__calib_instruction,candidate,uncensored_refusal_like,reasoning_only,18,projected_js,0.08998918571160175,128
aim_on_breadcrumbs__calib_instruction,candidate,uncensored_refusal_like,reasoning_only,19,mmd_rbf,0.04168466851115227,128
aim_on_breadcrumbs__calib_instruction,candidate,uncensored_refusal_like,reasoning_only,19,projected_js,0.08925637084757909,128
aim_on_breadcrumbs__calib_instruction,candidate,uncensored_refusal_like,reasoning_only,20,mmd_rbf,0.04228946194052696,128
aim_on_breadcrumbs__calib_instruction,candidate,uncensored_refusal_like,reasoning_only,20,projected_js,0.08729048550594598,128
aim_on_breadcrumbs__calib_instruction,candidate,uncensored_refusal_like,reasoning_only,21,mmd_rbf,0.04280867055058479,128
aim_on_breadcrumbs__calib_instruction,candidate,uncensored_refusal_like,reasoning_only,21,projected_js,0.08852366777136922,128
aim_on_breadcrumbs__calib_instruction,candidate,uncensored_refusal_like,reasoning_only,22,mmd_rbf,0.04354650899767876,128
aim_on_breadcrumbs__calib_instruction,candidate,uncensored_refusal_like,reasoning_only,22,projected_js,0.09399546962231398,128
aim_on_breadcrumbs__calib_instruction,candidate,uncensored_refusal_like,reasoning_only,23,mmd_rbf,0.03853791952133179,128
aim_on_breadcrumbs__calib_instruction,candidate,uncensored_refusal_like,reasoning_only,23,projected_js,0.08850392984459177,128
aim_on_breadcrumbs__calib_instruction,candidate,uncensored_refusal_like,reasoning_only,24,mmd_rbf,0.04478098452091217,128
aim_on_breadcrumbs__calib_instruction,candidate,uncensored_refusal_like,reasoning_only,24,projected_js,0.09441366454120725,128
aim_on_breadcrumbs__calib_instruction,candidate,uncensored_refusal_like,reasoning_only,25,mmd_rbf,0.04336881265044212,128
aim_on_breadcrumbs__calib_instruction,candidate,uncensored_refusal_like,reasoning_only,25,projected_js,0.09221711207646877,128
aim_on_breadcrumbs__calib_instruction,candidate,uncensored_refusal_like,reasoning_only,26,mmd_rbf,0.04647998884320259,128
aim_on_breadcrumbs__calib_instruction,candidate,uncensored_refusal_like,reasoning_only,26,projected_js,0.09428494016174227,128
aim_on_breadcrumbs__calib_instruction,candidate,uncensored_refusal_like,reasoning_only,27,mmd_rbf,0.048707567155361176,128
aim_on_breadcrumbs__calib_instruction,candidate,uncensored_refusal_like,reasoning_only,27,projected_js,0.09577483462635428,128
aim_on_breadcrumbs__calib_instruction,candidate,uncensored_refusal_like,reasoning_only,28,mmd_rbf,0.05163440853357315,128
aim_on_breadcrumbs__calib_instruction,candidate,uncensored_refusal_like,reasoning_only,28,projected_js,0.1054768578032963,128
aim_on_breadcrumbs__calib_instruction,candidate,uncensored_refusal_like,reasoning_only,29,mmd_rbf,0.0506216362118721,128
aim_on_breadcrumbs__calib_instruction,candidate,uncensored_refusal_like,reasoning_only,29,projected_js,0.10659804061288014,128
aim_on_breadcrumbs__calib_instruction,candidate,uncensored_refusal_like,reasoning_only,30,mmd_rbf,0.05452611669898033,128
aim_on_breadcrumbs__calib_instruction,candidate,uncensored_refusal_like,reasoning_only,30,projected_js,0.11357624037191272,128
aim_on_breadcrumbs__calib_instruction,candidate,uncensored_refusal_like,reasoning_only,31,mmd_rbf,0.05494970828294754,128
aim_on_breadcrumbs__calib_instruction,candidate,uncensored_refusal_like,reasoning_only,31,projected_js,0.1093739413190633,128
aim_on_breadcrumbs__calib_instruction,candidate,uncensored_refusal_like,reasoning_only,32,mmd_rbf,0.05471676588058472,128
aim_on_breadcrumbs__calib_instruction,candidate,uncensored_refusal_like,reasoning_only,32,projected_js,0.1050071154604666,128
aim_on_breadcrumbs__calib_instruction,candidate,uncensored_refusal_like,reasoning_only,33,mmd_rbf,0.05031248554587364,128
aim_on_breadcrumbs__calib_instruction,candidate,uncensored_refusal_like,reasoning_only,33,projected_js,0.10120930447010323,128
aim_on_breadcrumbs__calib_instruction,candidate,uncensored_refusal_like,reasoning_only,34,mmd_rbf,0.05227513238787651,128
aim_on_breadcrumbs__calib_instruction,candidate,uncensored_refusal_like,reasoning_only,34,projected_js,0.09795883600600064,128
aim_on_breadcrumbs__calib_instruction,candidate,uncensored_refusal_like,reasoning_only,35,mmd_rbf,0.043200261890888214,128
aim_on_breadcrumbs__calib_instruction,candidate,uncensored_refusal_like,reasoning_only,35,projected_js,0.09637841861695051,128
aim_on_breadcrumbs__calib_instruction,candidate,uncensored_refusal_like,uncensored_only,0,mmd_rbf,0.015603906475007534,128
aim_on_breadcrumbs__calib_instruction,candidate,uncensored_refusal_like,uncensored_only,0,projected_js,0.06796123288222589,128
aim_on_breadcrumbs__calib_instruction,candidate,uncensored_refusal_like,uncensored_only,1,mmd_rbf,0.24100437760353088,128
aim_on_breadcrumbs__calib_instruction,candidate,uncensored_refusal_like,uncensored_only,1,projected_js,0.2592869483632967,128
aim_on_breadcrumbs__calib_instruction,candidate,uncensored_refusal_like,uncensored_only,2,mmd_rbf,0.21466708183288574,128
aim_on_breadcrumbs__calib_instruction,candidate,uncensored_refusal_like,uncensored_only,2,projected_js,0.21447447064565495,128
aim_on_breadcrumbs__calib_instruction,candidate,uncensored_refusal_like,uncensored_only,3,mmd_rbf,0.17163360118865967,128
aim_on_breadcrumbs__calib_instruction,candidate,uncensored_refusal_like,uncensored_only,3,projected_js,0.17067299137124792,128
aim_on_breadcrumbs__calib_instruction,candidate,uncensored_refusal_like,uncensored_only,4,mmd_rbf,0.13887663185596466,128
aim_on_breadcrumbs__calib_instruction,candidate,uncensored_refusal_like,uncensored_only,4,projected_js,0.1697514149127528,128
aim_on_breadcrumbs__calib_instruction,candidate,uncensored_refusal_like,uncensored_only,5,mmd_rbf,0.10687508434057236,128
aim_on_breadcrumbs__calib_instruction,candidate,uncensored_refusal_like,uncensored_only,5,projected_js,0.1580851527978666,128
aim_on_breadcrumbs__calib_instruction,candidate,uncensored_refusal_like,uncensored_only,6,mmd_rbf,0.06776773184537888,128
aim_on_breadcrumbs__calib_instruction,candidate,uncensored_refusal_like,uncensored_only,6,projected_js,0.12035801209276542,128
aim_on_breadcrumbs__calib_instruction,candidate,uncensored_refusal_like,uncensored_only,7,mmd_rbf,0.05119067430496216,128
aim_on_breadcrumbs__calib_instruction,candidate,uncensored_refusal_like,uncensored_only,7,projected_js,0.09898866974981502,128
aim_on_breadcrumbs__calib_instruction,candidate,uncensored_refusal_like,uncensored_only,8,mmd_rbf,0.036423299461603165,128
aim_on_breadcrumbs__calib_instruction,candidate,uncensored_refusal_like,uncensored_only,8,projected_js,0.08603454916737974,128
aim_on_breadcrumbs__calib_instruction,candidate,uncensored_refusal_like,uncensored_only,9,mmd_rbf,0.03129825368523598,128
aim_on_breadcrumbs__calib_instruction,candidate,uncensored_refusal_like,uncensored_only,9,projected_js,0.0802884527365677,128
aim_on_breadcrumbs__calib_instruction,candidate,uncensored_refusal_like,uncensored_only,10,mmd_rbf,0.026608487591147423,128
aim_on_breadcrumbs__calib_instruction,candidate,uncensored_refusal_like,uncensored_only,10,projected_js,0.07701625069603324,128
aim_on_breadcrumbs__calib_instruction,candidate,uncensored_refusal_like,uncensored_only,11,mmd_rbf,0.02220555953681469,128
aim_on_breadcrumbs__calib_instruction,candidate,uncensored_refusal_like,uncensored_only,11,projected_js,0.0699863160843961,128
aim_on_breadcrumbs__calib_instruction,candidate,uncensored_refusal_like,uncensored_only,12,mmd_rbf,0.0227169468998909,128
aim_on_breadcrumbs__calib_instruction,candidate,uncensored_refusal_like,uncensored_only,12,projected_js,0.07192371768178418,128
aim_on_breadcrumbs__calib_instruction,candidate,uncensored_refusal_like,uncensored_only,13,mmd_rbf,0.023866474628448486,128
aim_on_breadcrumbs__calib_instruction,candidate,uncensored_refusal_like,uncensored_only,13,projected_js,0.07900715345749632,128
aim_on_breadcrumbs__calib_instruction,candidate,uncensored_refusal_like,uncensored_only,14,mmd_rbf,0.02550172246992588,128
aim_on_breadcrumbs__calib_instruction,candidate,uncensored_refusal_like,uncensored_only,14,projected_js,0.07603924121940508,128
aim_on_breadcrumbs__calib_instruction,candidate,uncensored_refusal_like,uncensored_only,15,mmd_rbf,0.03153363615274429,128
aim_on_breadcrumbs__calib_instruction,candidate,uncensored_refusal_like,uncensored_only,15,projected_js,0.08507966331671923,128
aim_on_breadcrumbs__calib_instruction,candidate,uncensored_refusal_like,uncensored_only,16,mmd_rbf,0.034038394689559937,128
aim_on_breadcrumbs__calib_instruction,candidate,uncensored_refusal_like,uncensored_only,16,projected_js,0.07721394585678354,128
aim_on_breadcrumbs__calib_instruction,candidate,uncensored_refusal_like,uncensored_only,17,mmd_rbf,0.03418995067477226,128
aim_on_breadcrumbs__calib_instruction,candidate,uncensored_refusal_like,uncensored_only,17,projected_js,0.08007822843501344,128
aim_on_breadcrumbs__calib_instruction,candidate,uncensored_refusal_like,uncensored_only,18,mmd_rbf,0.036395732313394547,128
aim_on_breadcrumbs__calib_instruction,candidate,uncensored_refusal_like,uncensored_only,18,projected_js,0.08499750087503344,128
aim_on_breadcrumbs__calib_instruction,candidate,uncensored_refusal_like,uncensored_only,19,mmd_rbf,0.03469386324286461,128
aim_on_breadcrumbs__calib_instruction,candidate,uncensored_refusal_like,uncensored_only,19,projected_js,0.08744750608457252,128
aim_on_breadcrumbs__calib_instruction,candidate,uncensored_refusal_like,uncensored_only,20,mmd_rbf,0.036820366978645325,128
aim_on_breadcrumbs__calib_instruction,candidate,uncensored_refusal_like,uncensored_only,20,projected_js,0.08230025583179668,128
aim_on_breadcrumbs__calib_instruction,candidate,uncensored_refusal_like,uncensored_only,21,mmd_rbf,0.041808102279901505,128
aim_on_breadcrumbs__calib_instruction,candidate,uncensored_refusal_like,uncensored_only,21,projected_js,0.09098253096453846,128
aim_on_breadcrumbs__calib_instruction,candidate,uncensored_refusal_like,uncensored_only,22,mmd_rbf,0.04383527860045433,128
aim_on_breadcrumbs__calib_instruction,candidate,uncensored_refusal_like,uncensored_only,22,projected_js,0.08872556558344513,128
aim_on_breadcrumbs__calib_instruction,candidate,uncensored_refusal_like,uncensored_only,23,mmd_rbf,0.04464276507496834,128
aim_on_breadcrumbs__calib_instruction,candidate,uncensored_refusal_like,uncensored_only,23,projected_js,0.0960734497057274,128
aim_on_breadcrumbs__calib_instruction,candidate,uncensored_refusal_like,uncensored_only,24,mmd_rbf,0.04946083202958107,128
aim_on_breadcrumbs__calib_instruction,candidate,uncensored_refusal_like,uncensored_only,24,projected_js,0.0960740388254635,128
aim_on_breadcrumbs__calib_instruction,candidate,uncensored_refusal_like,uncensored_only,25,mmd_rbf,0.053392767906188965,128
aim_on_breadcrumbs__calib_instruction,candidate,uncensored_refusal_like,uncensored_only,25,projected_js,0.09778813837328926,128
aim_on_breadcrumbs__calib_instruction,candidate,uncensored_refusal_like,uncensored_only,26,mmd_rbf,0.054475199431180954,128
aim_on_breadcrumbs__calib_instruction,candidate,uncensored_refusal_like,uncensored_only,26,projected_js,0.09762656019302085,128
aim_on_breadcrumbs__calib_instruction,candidate,uncensored_refusal_like,uncensored_only,27,mmd_rbf,0.05592687800526619,128
aim_on_breadcrumbs__calib_instruction,candidate,uncensored_refusal_like,uncensored_only,27,projected_js,0.09855820797383785,128
aim_on_breadcrumbs__calib_instruction,candidate,uncensored_refusal_like,uncensored_only,28,mmd_rbf,0.05342623591423035,128
aim_on_breadcrumbs__calib_instruction,candidate,uncensored_refusal_like,uncensored_only,28,projected_js,0.10460672294721007,128
aim_on_breadcrumbs__calib_instruction,candidate,uncensored_refusal_like,uncensored_only,29,mmd_rbf,0.05092289671301842,128
aim_on_breadcrumbs__calib_instruction,candidate,uncensored_refusal_like,uncensored_only,29,projected_js,0.1001507889595814,128
aim_on_breadcrumbs__calib_instruction,candidate,uncensored_refusal_like,uncensored_only,30,mmd_rbf,0.05351191759109497,128
aim_on_breadcrumbs__calib_instruction,candidate,uncensored_refusal_like,uncensored_only,30,projected_js,0.10271446127444506,128
aim_on_breadcrumbs__calib_instruction,candidate,uncensored_refusal_like,uncensored_only,31,mmd_rbf,0.0515831895172596,128
aim_on_breadcrumbs__calib_instruction,candidate,uncensored_refusal_like,uncensored_only,31,projected_js,0.09562076127622277,128
aim_on_breadcrumbs__calib_instruction,candidate,uncensored_refusal_like,uncensored_only,32,mmd_rbf,0.05166494846343994,128
aim_on_breadcrumbs__calib_instruction,candidate,uncensored_refusal_like,uncensored_only,32,projected_js,0.0953833062085323,128
aim_on_breadcrumbs__calib_instruction,candidate,uncensored_refusal_like,uncensored_only,33,mmd_rbf,0.05116787180304527,128
aim_on_breadcrumbs__calib_instruction,candidate,uncensored_refusal_like,uncensored_only,33,projected_js,0.09951308404561132,128
aim_on_breadcrumbs__calib_instruction,candidate,uncensored_refusal_like,uncensored_only,34,mmd_rbf,0.05666472390294075,128
aim_on_breadcrumbs__calib_instruction,candidate,uncensored_refusal_like,uncensored_only,34,projected_js,0.10731448436854407,128
aim_on_breadcrumbs__calib_instruction,candidate,uncensored_refusal_like,uncensored_only,35,mmd_rbf,0.13375575840473175,128
aim_on_breadcrumbs__calib_instruction,candidate,uncensored_refusal_like,uncensored_only,35,projected_js,0.16038261249195784,128
