model_id,model_kind,calib_subset,target_id,layer,metric,value,n_prompts
aim_on_dare__calib_reasoning,candidate,general,base,0,mmd_rbf,0.004877579398453236,128
aim_on_dare__calib_reasoning,candidate,general,base,0,projected_js,0.043749045027652755,128
aim_on_dare__calib_reasoning,candidate,general,base,1,mmd_rbf,0.010789512656629086,128
aim_on_dare__calib_reasoning,candidate,general,base,1,projected_js,0.050967036295332946,128
aim_on_dare__calib_reasoning,candidate,general,base,2,mmd_rbf,0.00953234639018774,128
aim_on_dare__calib_reasoning,candidate,general,base,2,projected_js,0.054125568363815546,128
aim_on_dare__calib_reasoning,candidate,general,base,3,mmd_rbf,0.011320999823510647,128
aim_on_dare__calib_reasoning,candidate,general,base,3,projected_js,0.05596817869809456,128
aim_on_dare__calib_reasoning,candidate,general,base,4,mmd_rbf,0.009985742159187794,128
aim_on_dare__calib_reasoning,candidate,general,base,4,projected_js,0.05459929013159126,128
aim_on_dare__calib_reasoning,candidate,general,base,5,mmd_rbf,0.009330116212368011,128
aim_on_dare__calib_reasoning,candidate,general,base,5,projected_js,0.05745943944202736,128
aim_on_dare__calib_reasoning,candidate,general,base,6,mmd_rbf,0.007122778333723545,128
aim_on_dare__calib_reasoning,candidate,general,base,6,projected_js,0.050034317770041525,128
aim_on_dare__calib_reasoning,candidate,general,base,7,mmd_rbf,0.006485360208898783,128
aim_on_dare__calib_reasoning,candidate,general,base,7,projected_js,0.05291138164466247,128
aim_on_dare__calib_reasoning,candidate,general,base,8,mmd_rbf,0.005260433070361614,128
aim_on_dare__calib_reasoning,candidate,general,base,8,projected_js,0.05520426097791642,128
aim_on_dare__calib_reasoning,candidate,general,base,9,mmd_rbf,0.005201743450015783,128
aim_on_dare__calib_reasoning,candidate,general,base,9,projected_js,0.056703375943470746,128
aim_on_dare__calib_reasoning,candidate,general,base,10,mmd_rbf,0.005395193584263325,128
aim_on_dare__calib_reasoning,candidate,general,base,10,projected_js,0.054988061951007694,128
aim_on_dare__calib_reasoning,candidate,general,base,11,mmd_rbf,0.005382958333939314,128
aim_on_dare__calib_reasoning,candidate,general,base,11,projected_js,0.05587277840822935,128
aim_on_dare__calib_reasoning,candidate,general,base,12,mmd_rbf,0.005478354170918465,128
aim_on_dare__calib_reasoning,candidate,general,base,12,projected_js,0.05679349470301531,128
aim_on_dare__calib_reasoning,candidate,general,base,13,mmd_rbf,0.005851019639521837,128
aim_on_dare__calib_reasoning,candidate,general,base,13,projected_js,0.056317145557841286,128
aim_on_dare__calib_reasoning,candidate,general,base,14,mmd_rbf,0.006055832374840975,128
aim_on_dare__calib_reasoning,candidate,general,base,14,projected_js,0.05754691027686931,128
aim_on_dare__calib_reasoning,candidate,general,base,15,mmd_rbf,0.006663057487457991,128
aim_on_dare__calib_reasoning,candidate,general,base,15,projected_js,0.05915741267381236,128
aim_on_dare__calib_reasoning,candidate,general,base,16,mmd_rbf,0.007694181986153126,128
aim_on_dare__calib_reasoning,candidate,general,base,16,projected_js,0.06042791440268047,128
aim_on_dare__calib_reasoning,candidate,general,base,17,mmd_rbf,0.007416234817355871,128
aim_on_dare__calib_reasoning,candidate,general,base,17,projected_js,0.05997457558987662,128
aim_on_dare__calib_reasoning,candidate,general,base,18,mmd_rbf,0.00805153138935566,128
aim_on_dare__calib_reasoning,candidate,general,base,18,projected_js,0.06230403343215585,128
aim_on_dare__calib_reasoning,candidate,general,base,19,mmd_rbf,0.008200670592486858,128
aim_on_dare__calib_reasoning,candidate,general,base,19,projected_js,0.06415175192523748,128
aim_on_dare__calib_reasoning,candidate,general,base,20,mmd_rbf,0.007940663956105709,128
aim_on_dare__calib_reasoning,candidate,general,base,20,projected_js,0.06247290805913508,128
aim_on_dare__calib_reasoning,candidate,general,base,21,mmd_rbf,0.008192243985831738,128
aim_on_dare__calib_reasoning,candidate,general,base,21,projected_js,0.06119541570660658,128
aim_on_dare__calib_reasoning,candidate,general,base,22,mmd_rbf,0.007496566977351904,128
aim_on_dare__calib_reasoning,candidate,general,base,22,projected_js,0.060764059744542465,128
aim_on_dare__calib_reasoning,candidate,general,base,23,mmd_rbf,0.00690071377903223,128
aim_on_dare__calib_reasoning,candidate,general,base,23,projected_js,0.06060977099696174,128
aim_on_dare__calib_reasoning,candidate,general,base,24,mmd_rbf,0.00621888367459178,128
aim_on_dare__calib_reasoning,candidate,general,base,24,projected_js,0.05668511742260307,128
aim_on_dare__calib_reasoning,candidate,general,base,25,mmd_rbf,0.005823008716106415,128
aim_on_dare__calib_reasoning,candidate,general,base,25,projected_js,0.05638595964410342,128
aim_on_dare__calib_reasoning,candidate,general,base,26,mmd_rbf,0.005757744889706373,128
aim_on_dare__calib_reasoning,candidate,general,base,26,projected_js,0.056167607865063474,128
aim_on_dare__calib_reasoning,candidate,general,base,27,mmd_rbf,0.0056668901816010475,128
aim_on_dare__calib_reasoning,candidate,general,base,27,projected_js,0.05701174458954483,128
aim_on_dare__calib_reasoning,candidate,general,base,28,mmd_rbf,0.005378067493438721,128
aim_on_dare__calib_reasoning,candidate,general,base,28,projected_js,0.057720319367945194,128
aim_on_dare__calib_reasoning,candidate,general,base,29,mmd_rbf,0.005191998090595007,128
aim_on_dare__calib_reasoning,candidate,general,base,29,projected_js,0.056915799621492624,128
aim_on_dare__calib_reasoning,candidate,general,base,30,mmd_rbf,0.005025151651352644,128
aim_on_dare__calib_reasoning,candidate,general,base,30,projected_js,0.05881599031272344,128
aim_on_dare__calib_reasoning,candidate,general,base,31,mmd_rbf,0.0048044282011687756,128
aim_on_dare__calib_reasoning,candidate,general,base,31,projected_js,0.0556462365493644,128
aim_on_dare__calib_reasoning,candidate,general,base,32,mmd_rbf,0.005168569274246693,128
aim_on_dare__calib_reasoning,candidate,general,base,32,projected_js,0.05584099591942504,128
aim_on_dare__calib_reasoning,candidate,general,base,33,mmd_rbf,0.005594194401055574,128
aim_on_dare__calib_reasoning,candidate,general,base,33,projected_js,0.05969686989556067,128
aim_on_dare__calib_reasoning,candidate,general,base,34,mmd_rbf,0.010685923509299755,128
aim_on_dare__calib_reasoning,candidate,general,base,34,projected_js,0.06423920689849183,128
aim_on_dare__calib_reasoning,candidate,general,base,35,mmd_rbf,0.06390620768070221,128
aim_on_dare__calib_reasoning,candidate,general,base,35,projected_js,0.10799232800491154,128
aim_on_dare__calib_reasoning,candidate,general,instr_only,0,mmd_rbf,0.002677023410797119,128
aim_on_dare__calib_reasoning,candidate,general,instr_only,0,projected_js,0.0297434047824936,128
aim_on_dare__calib_reasoning,candidate,general,instr_only,1,mmd_rbf,0.006075993180274963,128
aim_on_dare__calib_reasoning,candidate,general,instr_only,1,projected_js,0.041649662889540195,128
aim_on_dare__calib_reasoning,candidate,general,instr_only,2,mmd_rbf,0.006424461491405964,128
aim_on_dare__calib_reasoning,candidate,general,instr_only,2,projected_js,0.044893380225403234,128
aim_on_dare__calib_reasoning,candidate,general,instr_only,3,mmd_rbf,0.007592936046421528,128
aim_on_dare__calib_reasoning,candidate,general,instr_only,3,projected_js,0.04826755260000937,128
aim_on_dare__calib_reasoning,candidate,general,instr_only,4,mmd_rbf,0.00766686350107193,128
aim_on_dare__calib_reasoning,candidate,general,instr_only,4,projected_js,0.04860813630511984,128
aim_on_dare__calib_reasoning,candidate,general,instr_only,5,mmd_rbf,0.007110333535820246,128
aim_on_dare__calib_reasoning,candidate,general,instr_only,5,projected_js,0.049162036448251456,128
aim_on_dare__calib_reasoning,candidate,general,instr_only,6,mmd_rbf,0.004876741673797369,128
aim_on_dare__calib_reasoning,candidate,general,instr_only,6,projected_js,0.04738881712546572,128
aim_on_dare__calib_reasoning,candidate,general,instr_only,7,mmd_rbf,0.003875854192301631,128
aim_on_dare__calib_reasoning,candidate,general,instr_only,7,projected_js,0.047256344609195367,128
aim_on_dare__calib_reasoning,candidate,general,instr_only,8,mmd_rbf,0.0030143011827021837,128
aim_on_dare__calib_reasoning,candidate,general,instr_only,8,projected_js,0.049924987863050774,128
aim_on_dare__calib_reasoning,candidate,general,instr_only,9,mmd_rbf,0.0029274008702486753,128
aim_on_dare__calib_reasoning,candidate,general,instr_only,9,projected_js,0.0515192037273664,128
aim_on_dare__calib_reasoning,candidate,general,instr_only,10,mmd_rbf,0.00302879442460835,128
aim_on_dare__calib_reasoning,candidate,general,instr_only,10,projected_js,0.05063878060900606,128
aim_on_dare__calib_reasoning,candidate,general,instr_only,11,mmd_rbf,0.0030951194930821657,128
aim_on_dare__calib_reasoning,candidate,general,instr_only,11,projected_js,0.052890861697960645,128
aim_on_dare__calib_reasoning,candidate,general,instr_only,12,mmd_rbf,0.0033600132446736097,128
aim_on_dare__calib_reasoning,candidate,general,instr_only,12,projected_js,0.052284183620940894,128
aim_on_dare__calib_reasoning,candidate,general,instr_only,13,mmd_rbf,0.0037788853514939547,128
aim_on_dare__calib_reasoning,candidate,general,instr_only,13,projected_js,0.05408420297317207,128
aim_on_dare__calib_reasoning,candidate,general,instr_only,14,mmd_rbf,0.003939399495720863,128
aim_on_dare__calib_reasoning,candidate,general,instr_only,14,projected_js,0.050874661741545424,128
aim_on_dare__calib_reasoning,candidate,general,instr_only,15,mmd_rbf,0.004330573137849569,128
aim_on_dare__calib_reasoning,candidate,general,instr_only,15,projected_js,0.053577435290208086,128
aim_on_dare__calib_reasoning,candidate,general,instr_only,16,mmd_rbf,0.004668570589274168,128
aim_on_dare__calib_reasoning,candidate,general,instr_only,16,projected_js,0.0579995007137768,128
aim_on_dare__calib_reasoning,candidate,general,instr_only,17,mmd_rbf,0.004961266648024321,128
aim_on_dare__calib_reasoning,candidate,general,instr_only,17,projected_js,0.05565092002507299,128
aim_on_dare__calib_reasoning,candidate,general,instr_only,18,mmd_rbf,0.005136334802955389,128
aim_on_dare__calib_reasoning,candidate,general,instr_only,18,projected_js,0.05804644868476316,128
aim_on_dare__calib_reasoning,candidate,general,instr_only,19,mmd_rbf,0.005527868401259184,128
aim_on_dare__calib_reasoning,candidate,general,instr_only,19,projected_js,0.058165116352029145,128
aim_on_dare__calib_reasoning,candidate,general,instr_only,20,mmd_rbf,0.005699064116925001,128
aim_on_dare__calib_reasoning,candidate,general,instr_only,20,projected_js,0.06119778272113763,128
aim_on_dare__calib_reasoning,candidate,general,instr_only,21,mmd_rbf,0.0058581894263625145,128
aim_on_dare__calib_reasoning,candidate,general,instr_only,21,projected_js,0.06025565281743184,128
aim_on_dare__calib_reasoning,candidate,general,instr_only,22,mmd_rbf,0.006240290589630604,128
aim_on_dare__calib_reasoning,candidate,general,instr_only,22,projected_js,0.056190608884207904,128
aim_on_dare__calib_reasoning,candidate,general,instr_only,23,mmd_rbf,0.00616862578317523,128
aim_on_dare__calib_reasoning,candidate,general,instr_only,23,projected_js,0.05929289117921144,128
aim_on_dare__calib_reasoning,candidate,general,instr_only,24,mmd_rbf,0.006336928810924292,128
aim_on_dare__calib_reasoning,candidate,general,instr_only,24,projected_js,0.058136894076596946,128
aim_on_dare__calib_reasoning,candidate,general,instr_only,25,mmd_rbf,0.006363210268318653,128
aim_on_dare__calib_reasoning,candidate,general,instr_only,25,projected_js,0.060682385199470446,128
aim_on_dare__calib_reasoning,candidate,general,instr_only,26,mmd_rbf,0.006494977977126837,128
aim_on_dare__calib_reasoning,candidate,general,instr_only,26,projected_js,0.0567617469932884,128
aim_on_dare__calib_reasoning,candidate,general,instr_only,27,mmd_rbf,0.006508184131234884,128
aim_on_dare__calib_reasoning,candidate,general,instr_only,27,projected_js,0.05751038115704432,128
aim_on_dare__calib_reasoning,candidate,general,instr_only,28,mmd_rbf,0.006191173102706671,128
aim_on_dare__calib_reasoning,candidate,general,instr_only,28,projected_js,0.05837590649025515,128
aim_on_dare__calib_reasoning,candidate,general,instr_only,29,mmd_rbf,0.0058751413598656654,128
aim_on_dare__calib_reasoning,candidate,general,instr_only,29,projected_js,0.05653124098898843,128
aim_on_dare__calib_reasoning,candidate,general,instr_only,30,mmd_rbf,0.005594600457698107,128
aim_on_dare__calib_reasoning,candidate,general,instr_only,30,projected_js,0.056375159649178386,128
aim_on_dare__calib_reasoning,candidate,general,instr_only,31,mmd_rbf,0.00557316467165947,128
aim_on_dare__calib_reasoning,candidate,general,instr_only,31,projected_js,0.0575192702235654,128
aim_on_dare__calib_reasoning,candidate,general,instr_only,32,mmd_rbf,0.005701209884136915,128
aim_on_dare__calib_reasoning,candidate,general,instr_only,32,projected_js,0.059262272203341126,128
aim_on_dare__calib_reasoning,candidate,general,instr_only,33,mmd_rbf,0.005633183289319277,128
aim_on_dare__calib_reasoning,candidate,general,instr_only,33,projected_js,0.057612014934420586,128
aim_on_dare__calib_reasoning,candidate,general,instr_only,34,mmd_rbf,0.006955003831535578,128
aim_on_dare__calib_reasoning,candidate,general,instr_only,34,projected_js,0.055510599369881675,128
aim_on_dare__calib_reasoning,candidate,general,instr_only,35,mmd_rbf,0.036742717027664185,128
aim_on_dare__calib_reasoning,candidate,general,instr_only,35,projected_js,0.0834996536723338,128
aim_on_dare__calib_reasoning,candidate,general,reasoning_only,0,mmd_rbf,0.01641787961125374,128
aim_on_dare__calib_reasoning,candidate,general,reasoning_only,0,projected_js,0.0649986420175992,128
aim_on_dare__calib_reasoning,candidate,general,reasoning_only,1,mmd_rbf,0.018817061558365822,128
aim_on_dare__calib_reasoning,candidate,general,reasoning_only,1,projected_js,0.06812602779245935,128
aim_on_dare__calib_reasoning,candidate,general,reasoning_only,2,mmd_rbf,0.025034744292497635,128
aim_on_dare__calib_reasoning,candidate,general,reasoning_only,2,projected_js,0.07064999133581296,128
aim_on_dare__calib_reasoning,candidate,general,reasoning_only,3,mmd_rbf,0.02663419209420681,128
aim_on_dare__calib_reasoning,candidate,general,reasoning_only,3,projected_js,0.07742611330468208,128
aim_on_dare__calib_reasoning,candidate,general,reasoning_only,4,mmd_rbf,0.026182828471064568,128
aim_on_dare__calib_reasoning,candidate,general,reasoning_only,4,projected_js,0.0817912868806161,128
aim_on_dare__calib_reasoning,candidate,general,reasoning_only,5,mmd_rbf,0.026242047548294067,128
aim_on_dare__calib_reasoning,candidate,general,reasoning_only,5,projected_js,0.08247858966933563,128
aim_on_dare__calib_reasoning,candidate,general,reasoning_only,6,mmd_rbf,0.01805916801095009,128
aim_on_dare__calib_reasoning,candidate,general,reasoning_only,6,projected_js,0.06968867580872029,128
aim_on_dare__calib_reasoning,candidate,general,reasoning_only,7,mmd_rbf,0.016598215326666832,128
aim_on_dare__calib_reasoning,candidate,general,reasoning_only,7,projected_js,0.06792851770296693,128
aim_on_dare__calib_reasoning,candidate,general,reasoning_only,8,mmd_rbf,0.012758510187268257,128
aim_on_dare__calib_reasoning,candidate,general,reasoning_only,8,projected_js,0.07004504924407229,128
aim_on_dare__calib_reasoning,candidate,general,reasoning_only,9,mmd_rbf,0.012098632752895355,128
aim_on_dare__calib_reasoning,candidate,general,reasoning_only,9,projected_js,0.0673166336491704,128
aim_on_dare__calib_reasoning,candidate,general,reasoning_only,10,mmd_rbf,0.012648788280785084,128
aim_on_dare__calib_reasoning,candidate,general,reasoning_only,10,projected_js,0.06398140703095123,128
aim_on_dare__calib_reasoning,candidate,general,reasoning_only,11,mmd_rbf,0.01138377096503973,128
aim_on_dare__calib_reasoning,candidate,general,reasoning_only,11,projected_js,0.06364200601819903,128
aim_on_dare__calib_reasoning,candidate,general,reasoning_only,12,mmd_rbf,0.011599667370319366,128
aim_on_dare__calib_reasoning,candidate,general,reasoning_only,12,projected_js,0.06730617966968566,128
aim_on_dare__calib_reasoning,candidate,general,reasoning_only,13,mmd_rbf,0.012033420614898205,128
aim_on_dare__calib_reasoning,candidate,general,reasoning_only,13,projected_js,0.0645025476696901,128
aim_on_dare__calib_reasoning,candidate,general,reasoning_only,14,mmd_rbf,0.012134860269725323,128
aim_on_dare__calib_reasoning,candidate,general,reasoning_only,14,projected_js,0.06453220735420473,128
aim_on_dare__calib_reasoning,candidate,general,reasoning_only,15,mmd_rbf,0.013155502267181873,128
aim_on_dare__calib_reasoning,candidate,general,reasoning_only,15,projected_js,0.06382650876184925,128
aim_on_dare__calib_reasoning,candidate,general,reasoning_only,16,mmd_rbf,0.013375388458371162,128
aim_on_dare__calib_reasoning,candidate,general,reasoning_only,16,projected_js,0.06648780545219779,128
aim_on_dare__calib_reasoning,candidate,general,reasoning_only,17,mmd_rbf,0.012829489074647427,128
aim_on_dare__calib_reasoning,candidate,general,reasoning_only,17,projected_js,0.06659908511210233,128
aim_on_dare__calib_reasoning,candidate,general,reasoning_only,18,mmd_rbf,0.014556226320564747,128
aim_on_dare__calib_reasoning,candidate,general,reasoning_only,18,projected_js,0.0675566513382364,128
aim_on_dare__calib_reasoning,candidate,general,reasoning_only,19,mmd_rbf,0.01343796867877245,128
aim_on_dare__calib_reasoning,candidate,general,reasoning_only,19,projected_js,0.06625599425751716,128
aim_on_dare__calib_reasoning,candidate,general,reasoning_only,20,mmd_rbf,0.013251540251076221,128
aim_on_dare__calib_reasoning,candidate,general,reasoning_only,20,projected_js,0.06548972410382703,128
aim_on_dare__calib_reasoning,candidate,general,reasoning_only,21,mmd_rbf,0.014013639651238918,128
aim_on_dare__calib_reasoning,candidate,general,reasoning_only,21,projected_js,0.06660314160399139,128
aim_on_dare__calib_reasoning,candidate,general,reasoning_only,22,mmd_rbf,0.011643609032034874,128
aim_on_dare__calib_reasoning,candidate,general,reasoning_only,22,projected_js,0.06559755018679425,128
aim_on_dare__calib_reasoning,candidate,general,reasoning_only,23,mmd_rbf,0.009389090351760387,128
aim_on_dare__calib_reasoning,candidate,general,reasoning_only,23,projected_js,0.06688688945723698,128
aim_on_dare__calib_reasoning,candidate,general,reasoning_only,24,mmd_rbf,0.009425456635653973,128
aim_on_dare__calib_reasoning,candidate,general,reasoning_only,24,projected_js,0.06498004763852805,128
aim_on_dare__calib_reasoning,candidate,general,reasoning_only,25,mmd_rbf,0.008633856661617756,128
aim_on_dare__calib_reasoning,candidate,general,reasoning_only,25,projected_js,0.06209487793967128,128
aim_on_dare__calib_reasoning,candidate,general,reasoning_only,26,mmd_rbf,0.008593549951910973,128
aim_on_dare__calib_reasoning,candidate,general,reasoning_only,26,projected_js,0.06283855650690384,128
aim_on_dare__calib_reasoning,candidate,general,reasoning_only,27,mmd_rbf,0.008186722174286842,128
aim_on_dare__calib_reasoning,candidate,general,reasoning_only,27,projected_js,0.06041187414666638,128
aim_on_dare__calib_reasoning,candidate,general,reasoning_only,28,mmd_rbf,0.008422638289630413,128
aim_on_dare__calib_reasoning,candidate,general,reasoning_only,28,projected_js,0.05811224819626659,128
aim_on_dare__calib_reasoning,candidate,general,reasoning_only,29,mmd_rbf,0.008284169249236584,128
aim_on_dare__calib_reasoning,candidate,general,reasoning_only,29,projected_js,0.06405012856703252,128
aim_on_dare__calib_reasoning,candidate,general,reasoning_only,30,mmd_rbf,0.008070175535976887,128
aim_on_dare__calib_reasoning,candidate,general,reasoning_only,30,projected_js,0.0565542271360755,128
aim_on_dare__calib_reasoning,candidate,general,reasoning_only,31,mmd_rbf,0.0079704774543643,128
aim_on_dare__calib_reasoning,candidate,general,reasoning_only,31,projected_js,0.05829096958041191,128
aim_on_dare__calib_reasoning,candidate,general,reasoning_only,32,mmd_rbf,0.007917284965515137,128
aim_on_dare__calib_reasoning,candidate,general,reasoning_only,32,projected_js,0.06089281814638525,128
aim_on_dare__calib_reasoning,candidate,general,reasoning_only,33,mmd_rbf,0.00786527618765831,128
aim_on_dare__calib_reasoning,candidate,general,reasoning_only,33,projected_js,0.060866921907290816,128
aim_on_dare__calib_reasoning,candidate,general,reasoning_only,34,mmd_rbf,0.00817609578371048,128
aim_on_dare__calib_reasoning,candidate,general,reasoning_only,34,projected_js,0.060271821334026754,128
aim_on_dare__calib_reasoning,candidate,general,reasoning_only,35,mmd_rbf,0.03063332475721836,128
aim_on_dare__calib_reasoning,candidate,general,reasoning_only,35,projected_js,0.07447856536600739,128
aim_on_dare__calib_reasoning,candidate,general,uncensored_only,0,mmd_rbf,0.007155668921768665,128
aim_on_dare__calib_reasoning,candidate,general,uncensored_only,0,projected_js,0.04073032780434005,128
aim_on_dare__calib_reasoning,candidate,general,uncensored_only,1,mmd_rbf,0.15823045372962952,128
aim_on_dare__calib_reasoning,candidate,general,uncensored_only,1,projected_js,0.16693593771196902,128
aim_on_dare__calib_reasoning,candidate,general,uncensored_only,2,mmd_rbf,0.1310228556394577,128
aim_on_dare__calib_reasoning,candidate,general,uncensored_only,2,projected_js,0.13208872900577262,128
aim_on_dare__calib_reasoning,candidate,general,uncensored_only,3,mmd_rbf,0.09956066310405731,128
aim_on_dare__calib_reasoning,candidate,general,uncensored_only,3,projected_js,0.12208478437969461,128
aim_on_dare__calib_reasoning,candidate,general,uncensored_only,4,mmd_rbf,0.07235108315944672,128
aim_on_dare__calib_reasoning,candidate,general,uncensored_only,4,projected_js,0.10950872529065236,128
aim_on_dare__calib_reasoning,candidate,general,uncensored_only,5,mmd_rbf,0.04999455437064171,128
aim_on_dare__calib_reasoning,candidate,general,uncensored_only,5,projected_js,0.1038320689694956,128
aim_on_dare__calib_reasoning,candidate,general,uncensored_only,6,mmd_rbf,0.02832692861557007,128
aim_on_dare__calib_reasoning,candidate,general,uncensored_only,6,projected_js,0.07760767344734631,128
aim_on_dare__calib_reasoning,candidate,general,uncensored_only,7,mmd_rbf,0.021850887686014175,128
aim_on_dare__calib_reasoning,candidate,general,uncensored_only,7,projected_js,0.07365626690443605,128
aim_on_dare__calib_reasoning,candidate,general,uncensored_only,8,mmd_rbf,0.01459855493158102,128
aim_on_dare__calib_reasoning,candidate,general,uncensored_only,8,projected_js,0.06587273278273642,128
aim_on_dare__calib_reasoning,candidate,general,uncensored_only,9,mmd_rbf,0.01228481624275446,128
aim_on_dare__calib_reasoning,candidate,general,uncensored_only,9,projected_js,0.06367141689406708,128
aim_on_dare__calib_reasoning,candidate,general,uncensored_only,10,mmd_rbf,0.010757322423160076,128
aim_on_dare__calib_reasoning,candidate,general,uncensored_only,10,projected_js,0.06592032162006944,128
aim_on_dare__calib_reasoning,candidate,general,uncensored_only,11,mmd_rbf,0.009422726929187775,128
aim_on_dare__calib_reasoning,candidate,general,uncensored_only,11,projected_js,0.05998329137219116,128
aim_on_dare__calib_reasoning,candidate,general,uncensored_only,12,mmd_rbf,0.009279722347855568,128
aim_on_dare__calib_reasoning,candidate,general,uncensored_only,12,projected_js,0.062317044037627056,128
aim_on_dare__calib_reasoning,candidate,general,uncensored_only,13,mmd_rbf,0.010027154348790646,128
aim_on_dare__calib_reasoning,candidate,general,uncensored_only,13,projected_js,0.0648657389683649,128
aim_on_dare__calib_reasoning,candidate,general,uncensored_only,14,mmd_rbf,0.009761628694832325,128
aim_on_dare__calib_reasoning,candidate,general,uncensored_only,14,projected_js,0.06461735675111413,128
aim_on_dare__calib_reasoning,candidate,general,uncensored_only,15,mmd_rbf,0.011794527992606163,128
aim_on_dare__calib_reasoning,candidate,general,uncensored_only,15,projected_js,0.06658178160432726,128
aim_on_dare__calib_reasoning,candidate,general,uncensored_only,16,mmd_rbf,0.01314537227153778,128
aim_on_dare__calib_reasoning,candidate,general,uncensored_only,16,projected_js,0.06929408753057942,128
aim_on_dare__calib_reasoning,candidate,general,uncensored_only,17,mmd_rbf,0.01229125913232565,128
aim_on_dare__calib_reasoning,candidate,general,uncensored_only,17,projected_js,0.06595766328973696,128
aim_on_dare__calib_reasoning,candidate,general,uncensored_only,18,mmd_rbf,0.012439343146979809,128
aim_on_dare__calib_reasoning,candidate,general,uncensored_only,18,projected_js,0.06645042344462126,128
aim_on_dare__calib_reasoning,candidate,general,uncensored_only,19,mmd_rbf,0.011424273252487183,128
aim_on_dare__calib_reasoning,candidate,general,uncensored_only,19,projected_js,0.0656090221600607,128
aim_on_dare__calib_reasoning,candidate,general,uncensored_only,20,mmd_rbf,0.01121262926608324,128
aim_on_dare__calib_reasoning,candidate,general,uncensored_only,20,projected_js,0.06508384691551328,128
aim_on_dare__calib_reasoning,candidate,general,uncensored_only,21,mmd_rbf,0.01205527689307928,128
aim_on_dare__calib_reasoning,candidate,general,uncensored_only,21,projected_js,0.06761081656441092,128
aim_on_dare__calib_reasoning,candidate,general,uncensored_only,22,mmd_rbf,0.012709575705230236,128
aim_on_dare__calib_reasoning,candidate,general,uncensored_only,22,projected_js,0.06551768427016214,128
aim_on_dare__calib_reasoning,candidate,general,uncensored_only,23,mmd_rbf,0.01220057811588049,128
aim_on_dare__calib_reasoning,candidate,general,uncensored_only,23,projected_js,0.06570715515408665,128
aim_on_dare__calib_reasoning,candidate,general,uncensored_only,24,mmd_rbf,0.012637621723115444,128
aim_on_dare__calib_reasoning,candidate,general,uncensored_only,24,projected_js,0.0670803758839611,128
aim_on_dare__calib_reasoning,candidate,general,uncensored_only,25,mmd_rbf,0.012852338142693043,128
aim_on_dare__calib_reasoning,candidate,general,uncensored_only,25,projected_js,0.06884698173962533,128
aim_on_dare__calib_reasoning,candidate,general,uncensored_only,26,mmd_rbf,0.01316660176962614,128
aim_on_dare__calib_reasoning,candidate,general,uncensored_only,26,projected_js,0.06851430906681344,128
aim_on_dare__calib_reasoning,candidate,general,uncensored_only,27,mmd_rbf,0.013263515196740627,128
aim_on_dare__calib_reasoning,candidate,general,uncensored_only,27,projected_js,0.06501793785719201,128
aim_on_dare__calib_reasoning,candidate,general,uncensored_only,28,mmd_rbf,0.012300491333007812,128
aim_on_dare__calib_reasoning,candidate,general,uncensored_only,28,projected_js,0.06484634807566181,128
aim_on_dare__calib_reasoning,candidate,general,uncensored_only,29,mmd_rbf,0.011865871958434582,128
aim_on_dare__calib_reasoning,candidate,general,uncensored_only,29,projected_js,0.06320965802296996,128
aim_on_dare__calib_reasoning,candidate,general,uncensored_only,30,mmd_rbf,0.011826961301267147,128
aim_on_dare__calib_reasoning,candidate,general,uncensored_only,30,projected_js,0.0633438173099421,128
aim_on_dare__calib_reasoning,candidate,general,uncensored_only,31,mmd_rbf,0.011285056360065937,128
aim_on_dare__calib_reasoning,candidate,general,uncensored_only,31,projected_js,0.06350532121723518,128
aim_on_dare__calib_reasoning,candidate,general,uncensored_only,32,mmd_rbf,0.01112163346260786,128
aim_on_dare__calib_reasoning,candidate,general,uncensored_only,32,projected_js,0.06501600297633559,128
aim_on_dare__calib_reasoning,candidate,general,uncensored_only,33,mmd_rbf,0.011172412894666195,128
aim_on_dare__calib_reasoning,candidate,general,uncensored_only,33,projected_js,0.06248642349964939,128
aim_on_dare__calib_reasoning,candidate,general,uncensored_only,34,mmd_rbf,0.012349583208560944,128
aim_on_dare__calib_reasoning,candidate,general,uncensored_only,34,projected_js,0.06270511669572443,128
aim_on_dare__calib_reasoning,candidate,general,uncensored_only,35,mmd_rbf,0.050346728414297104,128
aim_on_dare__calib_reasoning,candidate,general,uncensored_only,35,projected_js,0.09282022615661845,128
aim_on_dare__calib_reasoning,candidate,instruction,base,0,mmd_rbf,0.0030829848255962133,128
aim_on_dare__calib_reasoning,candidate,instruction,base,0,projected_js,0.042869949800660834,128
aim_on_dare__calib_reasoning,candidate,instruction,base,1,mmd_rbf,0.007227166090160608,128
aim_on_dare__calib_reasoning,candidate,instruction,base,1,projected_js,0.050599996000528336,128
aim_on_dare__calib_reasoning,candidate,instruction,base,2,mmd_rbf,0.007933965884149075,128
aim_on_dare__calib_reasoning,candidate,instruction,base,2,projected_js,0.056838982622139156,128
aim_on_dare__calib_reasoning,candidate,instruction,base,3,mmd_rbf,0.010130847804248333,128
aim_on_dare__calib_reasoning,candidate,instruction,base,3,projected_js,0.0614293274411466,128
aim_on_dare__calib_reasoning,candidate,instruction,base,4,mmd_rbf,0.009313134476542473,128
aim_on_dare__calib_reasoning,candidate,instruction,base,4,projected_js,0.06230567776947282,128
aim_on_dare__calib_reasoning,candidate,instruction,base,5,mmd_rbf,0.009720280766487122,128
aim_on_dare__calib_reasoning,candidate,instruction,base,5,projected_js,0.057836940948618576,128
aim_on_dare__calib_reasoning,candidate,instruction,base,6,mmd_rbf,0.008433950133621693,128
aim_on_dare__calib_reasoning,candidate,instruction,base,6,projected_js,0.056245794519782066,128
aim_on_dare__calib_reasoning,candidate,instruction,base,7,mmd_rbf,0.00808114092797041,128
aim_on_dare__calib_reasoning,candidate,instruction,base,7,projected_js,0.059067459020297974,128
aim_on_dare__calib_reasoning,candidate,instruction,base,8,mmd_rbf,0.007306169252842665,128
aim_on_dare__calib_reasoning,candidate,instruction,base,8,projected_js,0.05862823489587754,128
aim_on_dare__calib_reasoning,candidate,instruction,base,9,mmd_rbf,0.008002135902643204,128
aim_on_dare__calib_reasoning,candidate,instruction,base,9,projected_js,0.06427895705564879,128
aim_on_dare__calib_reasoning,candidate,instruction,base,10,mmd_rbf,0.009042521007359028,128
aim_on_dare__calib_reasoning,candidate,instruction,base,10,projected_js,0.06582144449930638,128
aim_on_dare__calib_reasoning,candidate,instruction,base,11,mmd_rbf,0.009036993607878685,128
aim_on_dare__calib_reasoning,candidate,instruction,base,11,projected_js,0.06288830516859889,128
aim_on_dare__calib_reasoning,candidate,instruction,base,12,mmd_rbf,0.00897105224430561,128
aim_on_dare__calib_reasoning,candidate,instruction,base,12,projected_js,0.06811112252762541,128
aim_on_dare__calib_reasoning,candidate,instruction,base,13,mmd_rbf,0.009703258983790874,128
aim_on_dare__calib_reasoning,candidate,instruction,base,13,projected_js,0.06616376369493082,128
aim_on_dare__calib_reasoning,candidate,instruction,base,14,mmd_rbf,0.01044890284538269,128
aim_on_dare__calib_reasoning,candidate,instruction,base,14,projected_js,0.06695601873798296,128
aim_on_dare__calib_reasoning,candidate,instruction,base,15,mmd_rbf,0.011461915448307991,128
aim_on_dare__calib_reasoning,candidate,instruction,base,15,projected_js,0.06987539754481986,128
aim_on_dare__calib_reasoning,candidate,instruction,base,16,mmd_rbf,0.012275131419301033,128
aim_on_dare__calib_reasoning,candidate,instruction,base,16,projected_js,0.06768629449652508,128
aim_on_dare__calib_reasoning,candidate,instruction,base,17,mmd_rbf,0.012111973948776722,128
aim_on_dare__calib_reasoning,candidate,instruction,base,17,projected_js,0.06908761081285775,128
aim_on_dare__calib_reasoning,candidate,instruction,base,18,mmd_rbf,0.013192481361329556,128
aim_on_dare__calib_reasoning,candidate,instruction,base,18,projected_js,0.07323227089364082,128
aim_on_dare__calib_reasoning,candidate,instruction,base,19,mmd_rbf,0.014350426383316517,128
aim_on_dare__calib_reasoning,candidate,instruction,base,19,projected_js,0.06879026745446026,128
aim_on_dare__calib_reasoning,candidate,instruction,base,20,mmd_rbf,0.014387795701622963,128
aim_on_dare__calib_reasoning,candidate,instruction,base,20,projected_js,0.07089500018628314,128
aim_on_dare__calib_reasoning,candidate,instruction,base,21,mmd_rbf,0.015339977107942104,128
aim_on_dare__calib_reasoning,candidate,instruction,base,21,projected_js,0.07398045744048432,128
aim_on_dare__calib_reasoning,candidate,instruction,base,22,mmd_rbf,0.014663401059806347,128
aim_on_dare__calib_reasoning,candidate,instruction,base,22,projected_js,0.0714449841179885,128
aim_on_dare__calib_reasoning,candidate,instruction,base,23,mmd_rbf,0.013609930872917175,128
aim_on_dare__calib_reasoning,candidate,instruction,base,23,projected_js,0.07178383186692372,128
aim_on_dare__calib_reasoning,candidate,instruction,base,24,mmd_rbf,0.012664024718105793,128
aim_on_dare__calib_reasoning,candidate,instruction,base,24,projected_js,0.0724802315235138,128
aim_on_dare__calib_reasoning,candidate,instruction,base,25,mmd_rbf,0.011897270567715168,128
aim_on_dare__calib_reasoning,candidate,instruction,base,25,projected_js,0.06786415888927877,128
aim_on_dare__calib_reasoning,candidate,instruction,base,26,mmd_rbf,0.011520568281412125,128
aim_on_dare__calib_reasoning,candidate,instruction,base,26,projected_js,0.06816739944042638,128
aim_on_dare__calib_reasoning,candidate,instruction,base,27,mmd_rbf,0.011098872870206833,128
aim_on_dare__calib_reasoning,candidate,instruction,base,27,projected_js,0.06640484946547076,128
aim_on_dare__calib_reasoning,candidate,instruction,base,28,mmd_rbf,0.010397594422101974,128
aim_on_dare__calib_reasoning,candidate,instruction,base,28,projected_js,0.0663319862796925,128
aim_on_dare__calib_reasoning,candidate,instruction,base,29,mmd_rbf,0.009856528602540493,128
aim_on_dare__calib_reasoning,candidate,instruction,base,29,projected_js,0.06672564827022143,128
aim_on_dare__calib_reasoning,candidate,instruction,base,30,mmd_rbf,0.009640607051551342,128
aim_on_dare__calib_reasoning,candidate,instruction,base,30,projected_js,0.06424782110843807,128
aim_on_dare__calib_reasoning,candidate,instruction,base,31,mmd_rbf,0.00941731221973896,128
aim_on_dare__calib_reasoning,candidate,instruction,base,31,projected_js,0.06913353700656444,128
aim_on_dare__calib_reasoning,candidate,instruction,base,32,mmd_rbf,0.00982376653701067,128
aim_on_dare__calib_reasoning,candidate,instruction,base,32,projected_js,0.06688541854964569,128
aim_on_dare__calib_reasoning,candidate,instruction,base,33,mmd_rbf,0.010181489400565624,128
aim_on_dare__calib_reasoning,candidate,instruction,base,33,projected_js,0.06628856062889099,128
aim_on_dare__calib_reasoning,candidate,instruction,base,34,mmd_rbf,0.015687553212046623,128
aim_on_dare__calib_reasoning,candidate,instruction,base,34,projected_js,0.07582305936375633,128
aim_on_dare__calib_reasoning,candidate,instruction,base,35,mmd_rbf,0.05329815670847893,128
aim_on_dare__calib_reasoning,candidate,instruction,base,35,projected_js,0.1137291369959712,128
aim_on_dare__calib_reasoning,candidate,instruction,instr_only,0,mmd_rbf,0.0017995060188695788,128
aim_on_dare__calib_reasoning,candidate,instruction,instr_only,0,projected_js,0.034769725702062715,128
aim_on_dare__calib_reasoning,candidate,instruction,instr_only,1,mmd_rbf,0.0047902376390993595,128
aim_on_dare__calib_reasoning,candidate,instruction,instr_only,1,projected_js,0.04385892496793531,128
aim_on_dare__calib_reasoning,candidate,instruction,instr_only,2,mmd_rbf,0.005479663610458374,128
aim_on_dare__calib_reasoning,candidate,instruction,instr_only,2,projected_js,0.047203460679156706,128
aim_on_dare__calib_reasoning,candidate,instruction,instr_only,3,mmd_rbf,0.005517845507711172,128
aim_on_dare__calib_reasoning,candidate,instruction,instr_only,3,projected_js,0.0463889937964268,128
aim_on_dare__calib_reasoning,candidate,instruction,instr_only,4,mmd_rbf,0.005548457149416208,128
aim_on_dare__calib_reasoning,candidate,instruction,instr_only,4,projected_js,0.04868876517866738,128
aim_on_dare__calib_reasoning,candidate,instruction,instr_only,5,mmd_rbf,0.0057977172546088696,128
aim_on_dare__calib_reasoning,candidate,instruction,instr_only,5,projected_js,0.045387794729322195,128
aim_on_dare__calib_reasoning,candidate,instruction,instr_only,6,mmd_rbf,0.00421634316444397,128
aim_on_dare__calib_reasoning,candidate,instruction,instr_only,6,projected_js,0.04862651621806435,128
aim_on_dare__calib_reasoning,candidate,instruction,instr_only,7,mmd_rbf,0.0036346286069601774,128
aim_on_dare__calib_reasoning,candidate,instruction,instr_only,7,projected_js,0.04939253663178533,128
aim_on_dare__calib_reasoning,candidate,instruction,instr_only,8,mmd_rbf,0.003258312586694956,128
aim_on_dare__calib_reasoning,candidate,instruction,instr_only,8,projected_js,0.05333549398346804,128
aim_on_dare__calib_reasoning,candidate,instruction,instr_only,9,mmd_rbf,0.0031448013614863157,128
aim_on_dare__calib_reasoning,candidate,instruction,instr_only,9,projected_js,0.05353692205972038,128
aim_on_dare__calib_reasoning,candidate,instruction,instr_only,10,mmd_rbf,0.003466609865427017,128
aim_on_dare__calib_reasoning,candidate,instruction,instr_only,10,projected_js,0.05760182737139985,128
aim_on_dare__calib_reasoning,candidate,instruction,instr_only,11,mmd_rbf,0.0032607135362923145,128
aim_on_dare__calib_reasoning,candidate,instruction,instr_only,11,projected_js,0.05880405515199527,128
aim_on_dare__calib_reasoning,candidate,instruction,instr_only,12,mmd_rbf,0.0032853223383426666,128
aim_on_dare__calib_reasoning,candidate,instruction,instr_only,12,projected_js,0.05763809330528602,128
aim_on_dare__calib_reasoning,candidate,instruction,instr_only,13,mmd_rbf,0.0033690028358250856,128
aim_on_dare__calib_reasoning,candidate,instruction,instr_only,13,projected_js,0.06213869951898232,128
aim_on_dare__calib_reasoning,candidate,instruction,instr_only,14,mmd_rbf,0.003479311941191554,128
aim_on_dare__calib_reasoning,candidate,instruction,instr_only,14,projected_js,0.05817612272221595,128
aim_on_dare__calib_reasoning,candidate,instruction,instr_only,15,mmd_rbf,0.00362090184353292,128
aim_on_dare__calib_reasoning,candidate,instruction,instr_only,15,projected_js,0.061524452205048874,128
aim_on_dare__calib_reasoning,candidate,instruction,instr_only,16,mmd_rbf,0.0037773901131004095,128
aim_on_dare__calib_reasoning,candidate,instruction,instr_only,16,projected_js,0.06278576143085957,128
aim_on_dare__calib_reasoning,candidate,instruction,instr_only,17,mmd_rbf,0.003952232655137777,128
aim_on_dare__calib_reasoning,candidate,instruction,instr_only,17,projected_js,0.06115460756700486,128
aim_on_dare__calib_reasoning,candidate,instruction,instr_only,18,mmd_rbf,0.004231336526572704,128
aim_on_dare__calib_reasoning,candidate,instruction,instr_only,18,projected_js,0.05900025097071193,128
aim_on_dare__calib_reasoning,candidate,instruction,instr_only,19,mmd_rbf,0.004878232721239328,128
aim_on_dare__calib_reasoning,candidate,instruction,instr_only,19,projected_js,0.06044018155080266,128
aim_on_dare__calib_reasoning,candidate,instruction,instr_only,20,mmd_rbf,0.0052769784815609455,128
aim_on_dare__calib_reasoning,candidate,instruction,instr_only,20,projected_js,0.06110012164572254,128
aim_on_dare__calib_reasoning,candidate,instruction,instr_only,21,mmd_rbf,0.006104160100221634,128
aim_on_dare__calib_reasoning,candidate,instruction,instr_only,21,projected_js,0.0662670042947866,128
aim_on_dare__calib_reasoning,candidate,instruction,instr_only,22,mmd_rbf,0.006636482663452625,128
aim_on_dare__calib_reasoning,candidate,instruction,instr_only,22,projected_js,0.06593041471205652,128
aim_on_dare__calib_reasoning,candidate,instruction,instr_only,23,mmd_rbf,0.00679188733920455,128
aim_on_dare__calib_reasoning,candidate,instruction,instr_only,23,projected_js,0.06368161173304543,128
aim_on_dare__calib_reasoning,candidate,instruction,instr_only,24,mmd_rbf,0.006820705719292164,128
aim_on_dare__calib_reasoning,candidate,instruction,instr_only,24,projected_js,0.06442153931129724,128
aim_on_dare__calib_reasoning,candidate,instruction,instr_only,25,mmd_rbf,0.006944147404283285,128
aim_on_dare__calib_reasoning,candidate,instruction,instr_only,25,projected_js,0.06486940186005086,128
aim_on_dare__calib_reasoning,candidate,instruction,instr_only,26,mmd_rbf,0.007157402578741312,128
aim_on_dare__calib_reasoning,candidate,instruction,instr_only,26,projected_js,0.06652428908273578,128
aim_on_dare__calib_reasoning,candidate,instruction,instr_only,27,mmd_rbf,0.007106048054993153,128
aim_on_dare__calib_reasoning,candidate,instruction,instr_only,27,projected_js,0.06413363857427612,128
aim_on_dare__calib_reasoning,candidate,instruction,instr_only,28,mmd_rbf,0.0067039839923381805,128
aim_on_dare__calib_reasoning,candidate,instruction,instr_only,28,projected_js,0.06522336674970575,128
aim_on_dare__calib_reasoning,candidate,instruction,instr_only,29,mmd_rbf,0.006336808204650879,128
aim_on_dare__calib_reasoning,candidate,instruction,instr_only,29,projected_js,0.06239787180675194,128
aim_on_dare__calib_reasoning,candidate,instruction,instr_only,30,mmd_rbf,0.006204269360750914,128
aim_on_dare__calib_reasoning,candidate,instruction,instr_only,30,projected_js,0.0640933194081299,128
aim_on_dare__calib_reasoning,candidate,instruction,instr_only,31,mmd_rbf,0.006122768856585026,128
aim_on_dare__calib_reasoning,candidate,instruction,instr_only,31,projected_js,0.0635041719651781,128
aim_on_dare__calib_reasoning,candidate,instruction,instr_only,32,mmd_rbf,0.00615738844498992,128
aim_on_dare__calib_reasoning,candidate,instruction,instr_only,32,projected_js,0.06239676123368554,128
aim_on_dare__calib_reasoning,candidate,instruction,instr_only,33,mmd_rbf,0.0062525346875190735,128
aim_on_dare__calib_reasoning,candidate,instruction,instr_only,33,projected_js,0.06113198632374406,128
aim_on_dare__calib_reasoning,candidate,instruction,instr_only,34,mmd_rbf,0.00783191155642271,128
aim_on_dare__calib_reasoning,candidate,instruction,instr_only,34,projected_js,0.06583632086403668,128
aim_on_dare__calib_reasoning,candidate,instruction,instr_only,35,mmd_rbf,0.0356830470263958,128
aim_on_dare__calib_reasoning,candidate,instruction,instr_only,35,projected_js,0.09362214780412614,128
aim_on_dare__calib_reasoning,candidate,instruction,reasoning_only,0,mmd_rbf,0.007595926523208618,128
aim_on_dare__calib_reasoning,candidate,instruction,reasoning_only,0,projected_js,0.06259612042049412,128
aim_on_dare__calib_reasoning,candidate,instruction,reasoning_only,1,mmd_rbf,0.012855388224124908,128
aim_on_dare__calib_reasoning,candidate,instruction,reasoning_only,1,projected_js,0.06249050743645057,128
aim_on_dare__calib_reasoning,candidate,instruction,reasoning_only,2,mmd_rbf,0.019064465537667274,128
aim_on_dare__calib_reasoning,candidate,instruction,reasoning_only,2,projected_js,0.06891254329821095,128
aim_on_dare__calib_reasoning,candidate,instruction,reasoning_only,3,mmd_rbf,0.020419662818312645,128
aim_on_dare__calib_reasoning,candidate,instruction,reasoning_only,3,projected_js,0.07049112539971247,128
aim_on_dare__calib_reasoning,candidate,instruction,reasoning_only,4,mmd_rbf,0.021686265245079994,128
aim_on_dare__calib_reasoning,candidate,instruction,reasoning_only,4,projected_js,0.07962460612179711,128
aim_on_dare__calib_reasoning,candidate,instruction,reasoning_only,5,mmd_rbf,0.023688092827796936,128
aim_on_dare__calib_reasoning,candidate,instruction,reasoning_only,5,projected_js,0.07966831617522985,128
aim_on_dare__calib_reasoning,candidate,instruction,reasoning_only,6,mmd_rbf,0.01781216822564602,128
aim_on_dare__calib_reasoning,candidate,instruction,reasoning_only,6,projected_js,0.07768691261298954,128
aim_on_dare__calib_reasoning,candidate,instruction,reasoning_only,7,mmd_rbf,0.017556270584464073,128
aim_on_dare__calib_reasoning,candidate,instruction,reasoning_only,7,projected_js,0.07467975962208584,128
aim_on_dare__calib_reasoning,candidate,instruction,reasoning_only,8,mmd_rbf,0.013845928013324738,128
aim_on_dare__calib_reasoning,candidate,instruction,reasoning_only,8,projected_js,0.07390176050830632,128
aim_on_dare__calib_reasoning,candidate,instruction,reasoning_only,9,mmd_rbf,0.013503484427928925,128
aim_on_dare__calib_reasoning,candidate,instruction,reasoning_only,9,projected_js,0.07117033016402274,128
aim_on_dare__calib_reasoning,candidate,instruction,reasoning_only,10,mmd_rbf,0.01498620118945837,128
aim_on_dare__calib_reasoning,candidate,instruction,reasoning_only,10,projected_js,0.07403173472266644,128
aim_on_dare__calib_reasoning,candidate,instruction,reasoning_only,11,mmd_rbf,0.014256628230214119,128
aim_on_dare__calib_reasoning,candidate,instruction,reasoning_only,11,projected_js,0.07133042515488341,128
aim_on_dare__calib_reasoning,candidate,instruction,reasoning_only,12,mmd_rbf,0.015110171400010586,128
aim_on_dare__calib_reasoning,candidate,instruction,reasoning_only,12,projected_js,0.07716247870121151,128
aim_on_dare__calib_reasoning,candidate,instruction,reasoning_only,13,mmd_rbf,0.015833986923098564,128
aim_on_dare__calib_reasoning,candidate,instruction,reasoning_only,13,projected_js,0.07650540987378918,128
aim_on_dare__calib_reasoning,candidate,instruction,reasoning_only,14,mmd_rbf,0.01600419543683529,128
aim_on_dare__calib_reasoning,candidate,instruction,reasoning_only,14,projected_js,0.0751896720030345,128
aim_on_dare__calib_reasoning,candidate,instruction,reasoning_only,15,mmd_rbf,0.017143085598945618,128
aim_on_dare__calib_reasoning,candidate,instruction,reasoning_only,15,projected_js,0.07454467943171039,128
aim_on_dare__calib_reasoning,candidate,instruction,reasoning_only,16,mmd_rbf,0.017448099330067635,128
aim_on_dare__calib_reasoning,candidate,instruction,reasoning_only,16,projected_js,0.07897749432595447,128
aim_on_dare__calib_reasoning,candidate,instruction,reasoning_only,17,mmd_rbf,0.017076486721634865,128
aim_on_dare__calib_reasoning,candidate,instruction,reasoning_only,17,projected_js,0.07177220855373889,128
aim_on_dare__calib_reasoning,candidate,instruction,reasoning_only,18,mmd_rbf,0.019589437171816826,128
aim_on_dare__calib_reasoning,candidate,instruction,reasoning_only,18,projected_js,0.07549259747611359,128
aim_on_dare__calib_reasoning,candidate,instruction,reasoning_only,19,mmd_rbf,0.01996864378452301,128
aim_on_dare__calib_reasoning,candidate,instruction,reasoning_only,19,projected_js,0.07516688504256308,128
aim_on_dare__calib_reasoning,candidate,instruction,reasoning_only,20,mmd_rbf,0.019864937290549278,128
aim_on_dare__calib_reasoning,candidate,instruction,reasoning_only,20,projected_js,0.07631455734372139,128
aim_on_dare__calib_reasoning,candidate,instruction,reasoning_only,21,mmd_rbf,0.020696468651294708,128
aim_on_dare__calib_reasoning,candidate,instruction,reasoning_only,21,projected_js,0.079756710678339,128
aim_on_dare__calib_reasoning,candidate,instruction,reasoning_only,22,mmd_rbf,0.019090890884399414,128
aim_on_dare__calib_reasoning,candidate,instruction,reasoning_only,22,projected_js,0.078085056389682,128
aim_on_dare__calib_reasoning,candidate,instruction,reasoning_only,23,mmd_rbf,0.016558030620217323,128
aim_on_dare__calib_reasoning,candidate,instruction,reasoning_only,23,projected_js,0.0768520493293181,128
aim_on_dare__calib_reasoning,candidate,instruction,reasoning_only,24,mmd_rbf,0.017104366794228554,128
aim_on_dare__calib_reasoning,candidate,instruction,reasoning_only,24,projected_js,0.07628887245664373,128
aim_on_dare__calib_reasoning,candidate,instruction,reasoning_only,25,mmd_rbf,0.01618238352239132,128
aim_on_dare__calib_reasoning,candidate,instruction,reasoning_only,25,projected_js,0.07565075083402917,128
aim_on_dare__calib_reasoning,candidate,instruction,reasoning_only,26,mmd_rbf,0.01641254499554634,128
aim_on_dare__calib_reasoning,candidate,instruction,reasoning_only,26,projected_js,0.0737419658107683,128
aim_on_dare__calib_reasoning,candidate,instruction,reasoning_only,27,mmd_rbf,0.01614542119204998,128
aim_on_dare__calib_reasoning,candidate,instruction,reasoning_only,27,projected_js,0.0735058641876094,128
aim_on_dare__calib_reasoning,candidate,instruction,reasoning_only,28,mmd_rbf,0.016419757157564163,128
aim_on_dare__calib_reasoning,candidate,instruction,reasoning_only,28,projected_js,0.07351540552917868,128
aim_on_dare__calib_reasoning,candidate,instruction,reasoning_only,29,mmd_rbf,0.01586942747235298,128
aim_on_dare__calib_reasoning,candidate,instruction,reasoning_only,29,projected_js,0.07133449544198811,128
aim_on_dare__calib_reasoning,candidate,instruction,reasoning_only,30,mmd_rbf,0.016267452389001846,128
aim_on_dare__calib_reasoning,candidate,instruction,reasoning_only,30,projected_js,0.07225102215306833,128
aim_on_dare__calib_reasoning,candidate,instruction,reasoning_only,31,mmd_rbf,0.016056351363658905,128
aim_on_dare__calib_reasoning,candidate,instruction,reasoning_only,31,projected_js,0.07197941601043567,128
aim_on_dare__calib_reasoning,candidate,instruction,reasoning_only,32,mmd_rbf,0.015736231580376625,128
aim_on_dare__calib_reasoning,candidate,instruction,reasoning_only,32,projected_js,0.07481993327382952,128
aim_on_dare__calib_reasoning,candidate,instruction,reasoning_only,33,mmd_rbf,0.01477526593953371,128
aim_on_dare__calib_reasoning,candidate,instruction,reasoning_only,33,projected_js,0.07044070877600461,128
aim_on_dare__calib_reasoning,candidate,instruction,reasoning_only,34,mmd_rbf,0.01492901612073183,128
aim_on_dare__calib_reasoning,candidate,instruction,reasoning_only,34,projected_js,0.07180597126716748,128
aim_on_dare__calib_reasoning,candidate,instruction,reasoning_only,35,mmd_rbf,0.021091541275382042,128
aim_on_dare__calib_reasoning,candidate,instruction,reasoning_only,35,projected_js,0.07351095290505327,128
aim_on_dare__calib_reasoning,candidate,instruction,uncensored_only,0,mmd_rbf,0.005083799362182617,128
aim_on_dare__calib_reasoning,candidate,instruction,uncensored_only,0,projected_js,0.04592071384831797,128
aim_on_dare__calib_reasoning,candidate,instruction,uncensored_only,1,mmd_rbf,0.12530386447906494,128
aim_on_dare__calib_reasoning,candidate,instruction,uncensored_only,1,projected_js,0.149224997847341,128
aim_on_dare__calib_reasoning,candidate,instruction,uncensored_only,2,mmd_rbf,0.11177833378314972,128
aim_on_dare__calib_reasoning,candidate,instruction,uncensored_only,2,projected_js,0.134605385013856,128
aim_on_dare__calib_reasoning,candidate,instruction,uncensored_only,3,mmd_rbf,0.08364342898130417,128
aim_on_dare__calib_reasoning,candidate,instruction,uncensored_only,3,projected_js,0.11758604517672211,128
aim_on_dare__calib_reasoning,candidate,instruction,uncensored_only,4,mmd_rbf,0.06091545149683952,128
aim_on_dare__calib_reasoning,candidate,instruction,uncensored_only,4,projected_js,0.11044837831286713,128
aim_on_dare__calib_reasoning,candidate,instruction,uncensored_only,5,mmd_rbf,0.04482977092266083,128
aim_on_dare__calib_reasoning,candidate,instruction,uncensored_only,5,projected_js,0.09390971006359905,128
aim_on_dare__calib_reasoning,candidate,instruction,uncensored_only,6,mmd_rbf,0.027104461565613747,128
aim_on_dare__calib_reasoning,candidate,instruction,uncensored_only,6,projected_js,0.08346287882886827,128
aim_on_dare__calib_reasoning,candidate,instruction,uncensored_only,7,mmd_rbf,0.02184670977294445,128
aim_on_dare__calib_reasoning,candidate,instruction,uncensored_only,7,projected_js,0.07733025925699621,128
aim_on_dare__calib_reasoning,candidate,instruction,uncensored_only,8,mmd_rbf,0.01521013118326664,128
aim_on_dare__calib_reasoning,candidate,instruction,uncensored_only,8,projected_js,0.0720136656309478,128
aim_on_dare__calib_reasoning,candidate,instruction,uncensored_only,9,mmd_rbf,0.012743400409817696,128
aim_on_dare__calib_reasoning,candidate,instruction,uncensored_only,9,projected_js,0.06804017469403334,128
aim_on_dare__calib_reasoning,candidate,instruction,uncensored_only,10,mmd_rbf,0.011492316611111164,128
aim_on_dare__calib_reasoning,candidate,instruction,uncensored_only,10,projected_js,0.06860724044963717,128
aim_on_dare__calib_reasoning,candidate,instruction,uncensored_only,11,mmd_rbf,0.009676889516413212,128
aim_on_dare__calib_reasoning,candidate,instruction,uncensored_only,11,projected_js,0.06707245105644688,128
aim_on_dare__calib_reasoning,candidate,instruction,uncensored_only,12,mmd_rbf,0.009648977778851986,128
aim_on_dare__calib_reasoning,candidate,instruction,uncensored_only,12,projected_js,0.0702852625399828,128
aim_on_dare__calib_reasoning,candidate,instruction,uncensored_only,13,mmd_rbf,0.010077281855046749,128
aim_on_dare__calib_reasoning,candidate,instruction,uncensored_only,13,projected_js,0.07281220908043906,128
aim_on_dare__calib_reasoning,candidate,instruction,uncensored_only,14,mmd_rbf,0.010467000305652618,128
aim_on_dare__calib_reasoning,candidate,instruction,uncensored_only,14,projected_js,0.06844911043299362,128
aim_on_dare__calib_reasoning,candidate,instruction,uncensored_only,15,mmd_rbf,0.012296155095100403,128
aim_on_dare__calib_reasoning,candidate,instruction,uncensored_only,15,projected_js,0.07241770182736218,128
aim_on_dare__calib_reasoning,candidate,instruction,uncensored_only,16,mmd_rbf,0.013026237487792969,128
aim_on_dare__calib_reasoning,candidate,instruction,uncensored_only,16,projected_js,0.07204271556111053,128
aim_on_dare__calib_reasoning,candidate,instruction,uncensored_only,17,mmd_rbf,0.012608285062015057,128
aim_on_dare__calib_reasoning,candidate,instruction,uncensored_only,17,projected_js,0.06780679116491228,128
aim_on_dare__calib_reasoning,candidate,instruction,uncensored_only,18,mmd_rbf,0.01263000350445509,128
aim_on_dare__calib_reasoning,candidate,instruction,uncensored_only,18,projected_js,0.07119421765673906,128
aim_on_dare__calib_reasoning,candidate,instruction,uncensored_only,19,mmd_rbf,0.012543200515210629,128
aim_on_dare__calib_reasoning,candidate,instruction,uncensored_only,19,projected_js,0.07244891813024879,128
aim_on_dare__calib_reasoning,candidate,instruction,uncensored_only,20,mmd_rbf,0.012929442338645458,128
aim_on_dare__calib_reasoning,candidate,instruction,uncensored_only,20,projected_js,0.06975811475422233,128
aim_on_dare__calib_reasoning,candidate,instruction,uncensored_only,21,mmd_rbf,0.01413044799119234,128
aim_on_dare__calib_reasoning,candidate,instruction,uncensored_only,21,projected_js,0.07407499541295692,128
aim_on_dare__calib_reasoning,candidate,instruction,uncensored_only,22,mmd_rbf,0.015631122514605522,128
aim_on_dare__calib_reasoning,candidate,instruction,uncensored_only,22,projected_js,0.07255916571011767,128
aim_on_dare__calib_reasoning,candidate,instruction,uncensored_only,23,mmd_rbf,0.015690846368670464,128
aim_on_dare__calib_reasoning,candidate,instruction,uncensored_only,23,projected_js,0.07545159832807258,128
aim_on_dare__calib_reasoning,candidate,instruction,uncensored_only,24,mmd_rbf,0.01706463098526001,128
aim_on_dare__calib_reasoning,candidate,instruction,uncensored_only,24,projected_js,0.0752631010254845,128
aim_on_dare__calib_reasoning,candidate,instruction,uncensored_only,25,mmd_rbf,0.017715083435177803,128
aim_on_dare__calib_reasoning,candidate,instruction,uncensored_only,25,projected_js,0.07962205109652132,128
aim_on_dare__calib_reasoning,candidate,instruction,uncensored_only,26,mmd_rbf,0.01805427111685276,128
aim_on_dare__calib_reasoning,candidate,instruction,uncensored_only,26,projected_js,0.07564152410486713,128
aim_on_dare__calib_reasoning,candidate,instruction,uncensored_only,27,mmd_rbf,0.017945511266589165,128
aim_on_dare__calib_reasoning,candidate,instruction,uncensored_only,27,projected_js,0.07646967301843688,128
aim_on_dare__calib_reasoning,candidate,instruction,uncensored_only,28,mmd_rbf,0.016084449365735054,128
aim_on_dare__calib_reasoning,candidate,instruction,uncensored_only,28,projected_js,0.07364382088417187,128
aim_on_dare__calib_reasoning,candidate,instruction,uncensored_only,29,mmd_rbf,0.015178102068603039,128
aim_on_dare__calib_reasoning,candidate,instruction,uncensored_only,29,projected_js,0.07318811671575531,128
aim_on_dare__calib_reasoning,candidate,instruction,uncensored_only,30,mmd_rbf,0.01525883562862873,128
aim_on_dare__calib_reasoning,candidate,instruction,uncensored_only,30,projected_js,0.07093584712129086,128
aim_on_dare__calib_reasoning,candidate,instruction,uncensored_only,31,mmd_rbf,0.01470419205725193,128
aim_on_dare__calib_reasoning,candidate,instruction,uncensored_only,31,projected_js,0.06892649387009442,128
aim_on_dare__calib_reasoning,candidate,instruction,uncensored_only,32,mmd_rbf,0.014555463567376137,128
aim_on_dare__calib_reasoning,candidate,instruction,uncensored_only,32,projected_js,0.06970290173194371,128
aim_on_dare__calib_reasoning,candidate,instruction,uncensored_only,33,mmd_rbf,0.014534852467477322,128
aim_on_dare__calib_reasoning,candidate,instruction,uncensored_only,33,projected_js,0.06868046143790707,128
aim_on_dare__calib_reasoning,candidate,instruction,uncensored_only,34,mmd_rbf,0.01611917093396187,128
aim_on_dare__calib_reasoning,candidate,instruction,uncensored_only,34,projected_js,0.07377854239894077,128
aim_on_dare__calib_reasoning,candidate,instruction,uncensored_only,35,mmd_rbf,0.044997699558734894,128
aim_on_dare__calib_reasoning,candidate,instruction,uncensored_only,35,projected_js,0.09249992680270225,128
aim_on_dare__calib_reasoning,candidate,reasoning,base,0,mmd_rbf,0.002002416644245386,128
aim_on_dare__calib_reasoning,candidate,reasoning,base,0,projected_js,0.04217521322425455,128
aim_on_dare__calib_reasoning,candidate,reasoning,base,1,mmd_rbf,0.0049330792389810085,128
aim_on_dare__calib_reasoning,candidate,reasoning,base,1,projected_js,0.04585214160033502,128
aim_on_dare__calib_reasoning,candidate,reasoning,base,2,mmd_rbf,0.005295588169246912,128
aim_on_dare__calib_reasoning,candidate,reasoning,base,2,projected_js,0.04651783942244947,128
aim_on_dare__calib_reasoning,candidate,reasoning,base,3,mmd_rbf,0.0061879889108240604,128
aim_on_dare__calib_reasoning,candidate,reasoning,base,3,projected_js,0.05380355374654755,128
aim_on_dare__calib_reasoning,candidate,reasoning,base,4,mmd_rbf,0.006139878183603287,128
aim_on_dare__calib_reasoning,candidate,reasoning,base,4,projected_js,0.05405364668695256,128
aim_on_dare__calib_reasoning,candidate,reasoning,base,5,mmd_rbf,0.00557671720162034,128
aim_on_dare__calib_reasoning,candidate,reasoning,base,5,projected_js,0.052410015428904444,128
aim_on_dare__calib_reasoning,candidate,reasoning,base,6,mmd_rbf,0.004443762358278036,128
aim_on_dare__calib_reasoning,candidate,reasoning,base,6,projected_js,0.051241228240542114,128
aim_on_dare__calib_reasoning,candidate,reasoning,base,7,mmd_rbf,0.004353579133749008,128
aim_on_dare__calib_reasoning,candidate,reasoning,base,7,projected_js,0.05634609903790988,128
aim_on_dare__calib_reasoning,candidate,reasoning,base,8,mmd_rbf,0.004109913017600775,128
aim_on_dare__calib_reasoning,candidate,reasoning,base,8,projected_js,0.057985234656371176,128
aim_on_dare__calib_reasoning,candidate,reasoning,base,9,mmd_rbf,0.0043388414196670055,128
aim_on_dare__calib_reasoning,candidate,reasoning,base,9,projected_js,0.05606441351119429,128
aim_on_dare__calib_reasoning,candidate,reasoning,base,10,mmd_rbf,0.004767036531120539,128
aim_on_dare__calib_reasoning,candidate,reasoning,base,10,projected_js,0.053235147322993726,128
aim_on_dare__calib_reasoning,candidate,reasoning,base,11,mmd_rbf,0.004641106352210045,128
aim_on_dare__calib_reasoning,candidate,reasoning,base,11,projected_js,0.053731563821202144,128
aim_on_dare__calib_reasoning,candidate,reasoning,base,12,mmd_rbf,0.004870828706771135,128
aim_on_dare__calib_reasoning,candidate,reasoning,base,12,projected_js,0.05534488704870455,128
aim_on_dare__calib_reasoning,candidate,reasoning,base,13,mmd_rbf,0.004970858339220285,128
aim_on_dare__calib_reasoning,candidate,reasoning,base,13,projected_js,0.05781653302256018,128
aim_on_dare__calib_reasoning,candidate,reasoning,base,14,mmd_rbf,0.00516276340931654,128
aim_on_dare__calib_reasoning,candidate,reasoning,base,14,projected_js,0.055722479621181265,128
aim_on_dare__calib_reasoning,candidate,reasoning,base,15,mmd_rbf,0.00558658828958869,128
aim_on_dare__calib_reasoning,candidate,reasoning,base,15,projected_js,0.05500465561635792,128
aim_on_dare__calib_reasoning,candidate,reasoning,base,16,mmd_rbf,0.006127942353487015,128
aim_on_dare__calib_reasoning,candidate,reasoning,base,16,projected_js,0.060128882178105414,128
aim_on_dare__calib_reasoning,candidate,reasoning,base,17,mmd_rbf,0.0060271150432527065,128
aim_on_dare__calib_reasoning,candidate,reasoning,base,17,projected_js,0.05715167138259858,128
aim_on_dare__calib_reasoning,candidate,reasoning,base,18,mmd_rbf,0.006416181568056345,128
aim_on_dare__calib_reasoning,candidate,reasoning,base,18,projected_js,0.059669483511243016,128
aim_on_dare__calib_reasoning,candidate,reasoning,base,19,mmd_rbf,0.00667902547866106,128
aim_on_dare__calib_reasoning,candidate,reasoning,base,19,projected_js,0.061356798629276454,128
aim_on_dare__calib_reasoning,candidate,reasoning,base,20,mmd_rbf,0.006511918734759092,128
aim_on_dare__calib_reasoning,candidate,reasoning,base,20,projected_js,0.0608456950285472,128
aim_on_dare__calib_reasoning,candidate,reasoning,base,21,mmd_rbf,0.006668192334473133,128
aim_on_dare__calib_reasoning,candidate,reasoning,base,21,projected_js,0.06184087396832183,128
aim_on_dare__calib_reasoning,candidate,reasoning,base,22,mmd_rbf,0.006239708978682756,128
aim_on_dare__calib_reasoning,candidate,reasoning,base,22,projected_js,0.058666020806413144,128
aim_on_dare__calib_reasoning,candidate,reasoning,base,23,mmd_rbf,0.006022433750331402,128
aim_on_dare__calib_reasoning,candidate,reasoning,base,23,projected_js,0.05641166857094504,128
aim_on_dare__calib_reasoning,candidate,reasoning,base,24,mmd_rbf,0.005533979274332523,128
aim_on_dare__calib_reasoning,candidate,reasoning,base,24,projected_js,0.05668314953800291,128
aim_on_dare__calib_reasoning,candidate,reasoning,base,25,mmd_rbf,0.005280173849314451,128
aim_on_dare__calib_reasoning,candidate,reasoning,base,25,projected_js,0.060729013464879245,128
aim_on_dare__calib_reasoning,candidate,reasoning,base,26,mmd_rbf,0.0051576257683336735,128
aim_on_dare__calib_reasoning,candidate,reasoning,base,26,projected_js,0.06183677076478489,128
aim_on_dare__calib_reasoning,candidate,reasoning,base,27,mmd_rbf,0.005172011908143759,128
aim_on_dare__calib_reasoning,candidate,reasoning,base,27,projected_js,0.05925297015346587,128
aim_on_dare__calib_reasoning,candidate,reasoning,base,28,mmd_rbf,0.0052567715756595135,128
aim_on_dare__calib_reasoning,candidate,reasoning,base,28,projected_js,0.061215961002744734,128
aim_on_dare__calib_reasoning,candidate,reasoning,base,29,mmd_rbf,0.0053684827871620655,128
aim_on_dare__calib_reasoning,candidate,reasoning,base,29,projected_js,0.060590603039599955,128
aim_on_dare__calib_reasoning,candidate,reasoning,base,30,mmd_rbf,0.005434594117105007,128
aim_on_dare__calib_reasoning,candidate,reasoning,base,30,projected_js,0.06018755229888484,128
aim_on_dare__calib_reasoning,candidate,reasoning,base,31,mmd_rbf,0.005468814168125391,128
aim_on_dare__calib_reasoning,candidate,reasoning,base,31,projected_js,0.055767756450222805,128
aim_on_dare__calib_reasoning,candidate,reasoning,base,32,mmd_rbf,0.0058799972757697105,128
aim_on_dare__calib_reasoning,candidate,reasoning,base,32,projected_js,0.05834405840141699,128
aim_on_dare__calib_reasoning,candidate,reasoning,base,33,mmd_rbf,0.006237654481083155,128
aim_on_dare__calib_reasoning,candidate,reasoning,base,33,projected_js,0.06089011856238358,128
aim_on_dare__calib_reasoning,candidate,reasoning,base,34,mmd_rbf,0.009154296480119228,128
aim_on_dare__calib_reasoning,candidate,reasoning,base,34,projected_js,0.063721971178893,128
aim_on_dare__calib_reasoning,candidate,reasoning,base,35,mmd_rbf,0.04375927150249481,128
aim_on_dare__calib_reasoning,candidate,reasoning,base,35,projected_js,0.09073879866627976,128
aim_on_dare__calib_reasoning,candidate,reasoning,instr_only,0,mmd_rbf,0.001050460385158658,128
aim_on_dare__calib_reasoning,candidate,reasoning,instr_only,0,projected_js,0.03383318010310177,128
aim_on_dare__calib_reasoning,candidate,reasoning,instr_only,1,mmd_rbf,0.0027099312283098698,128
aim_on_dare__calib_reasoning,candidate,reasoning,instr_only,1,projected_js,0.03837743544136174,128
aim_on_dare__calib_reasoning,candidate,reasoning,instr_only,2,mmd_rbf,0.0032339058816432953,128
aim_on_dare__calib_reasoning,candidate,reasoning,instr_only,2,projected_js,0.041133398161036894,128
aim_on_dare__calib_reasoning,candidate,reasoning,instr_only,3,mmd_rbf,0.003220462938770652,128
aim_on_dare__calib_reasoning,candidate,reasoning,instr_only,3,projected_js,0.043908551771892235,128
aim_on_dare__calib_reasoning,candidate,reasoning,instr_only,4,mmd_rbf,0.0028116970788687468,128
aim_on_dare__calib_reasoning,candidate,reasoning,instr_only,4,projected_js,0.04211927950382233,128
aim_on_dare__calib_reasoning,candidate,reasoning,instr_only,5,mmd_rbf,0.002551125129684806,128
aim_on_dare__calib_reasoning,candidate,reasoning,instr_only,5,projected_js,0.04117607674561441,128
aim_on_dare__calib_reasoning,candidate,reasoning,instr_only,6,mmd_rbf,0.0018740311497822404,128
aim_on_dare__calib_reasoning,candidate,reasoning,instr_only,6,projected_js,0.04257299660821445,128
aim_on_dare__calib_reasoning,candidate,reasoning,instr_only,7,mmd_rbf,0.0017254945123568177,128
aim_on_dare__calib_reasoning,candidate,reasoning,instr_only,7,projected_js,0.044519808783661574,128
aim_on_dare__calib_reasoning,candidate,reasoning,instr_only,8,mmd_rbf,0.001556496019475162,128
aim_on_dare__calib_reasoning,candidate,reasoning,instr_only,8,projected_js,0.04666163292131387,128
aim_on_dare__calib_reasoning,candidate,reasoning,instr_only,9,mmd_rbf,0.0015621691709384322,128
aim_on_dare__calib_reasoning,candidate,reasoning,instr_only,9,projected_js,0.04463002536795102,128
aim_on_dare__calib_reasoning,candidate,reasoning,instr_only,10,mmd_rbf,0.0016473546857014298,128
aim_on_dare__calib_reasoning,candidate,reasoning,instr_only,10,projected_js,0.04698852958972566,128
aim_on_dare__calib_reasoning,candidate,reasoning,instr_only,11,mmd_rbf,0.0015767194563522935,128
aim_on_dare__calib_reasoning,candidate,reasoning,instr_only,11,projected_js,0.048551992600550875,128
aim_on_dare__calib_reasoning,candidate,reasoning,instr_only,12,mmd_rbf,0.0017223451286554337,128
aim_on_dare__calib_reasoning,candidate,reasoning,instr_only,12,projected_js,0.05050056878826581,128
aim_on_dare__calib_reasoning,candidate,reasoning,instr_only,13,mmd_rbf,0.001848971121944487,128
aim_on_dare__calib_reasoning,candidate,reasoning,instr_only,13,projected_js,0.05261691560735926,128
aim_on_dare__calib_reasoning,candidate,reasoning,instr_only,14,mmd_rbf,0.0019058239413425326,128
aim_on_dare__calib_reasoning,candidate,reasoning,instr_only,14,projected_js,0.049648068175883964,128
aim_on_dare__calib_reasoning,candidate,reasoning,instr_only,15,mmd_rbf,0.002142165554687381,128
aim_on_dare__calib_reasoning,candidate,reasoning,instr_only,15,projected_js,0.05203522476949729,128
aim_on_dare__calib_reasoning,candidate,reasoning,instr_only,16,mmd_rbf,0.002282196655869484,128
aim_on_dare__calib_reasoning,candidate,reasoning,instr_only,16,projected_js,0.05482038820628077,128
aim_on_dare__calib_reasoning,candidate,reasoning,instr_only,17,mmd_rbf,0.002406367799267173,128
aim_on_dare__calib_reasoning,candidate,reasoning,instr_only,17,projected_js,0.05408826592611149,128
aim_on_dare__calib_reasoning,candidate,reasoning,instr_only,18,mmd_rbf,0.002461737720295787,128
aim_on_dare__calib_reasoning,candidate,reasoning,instr_only,18,projected_js,0.051295495562953874,128
aim_on_dare__calib_reasoning,candidate,reasoning,instr_only,19,mmd_rbf,0.0026716147549450397,128
aim_on_dare__calib_reasoning,candidate,reasoning,instr_only,19,projected_js,0.05426713966880925,128
aim_on_dare__calib_reasoning,candidate,reasoning,instr_only,20,mmd_rbf,0.0027257998008280993,128
aim_on_dare__calib_reasoning,candidate,reasoning,instr_only,20,projected_js,0.052873370150336996,128
aim_on_dare__calib_reasoning,candidate,reasoning,instr_only,21,mmd_rbf,0.0027690392453223467,128
aim_on_dare__calib_reasoning,candidate,reasoning,instr_only,21,projected_js,0.05387493100715801,128
aim_on_dare__calib_reasoning,candidate,reasoning,instr_only,22,mmd_rbf,0.0029074891936033964,128
aim_on_dare__calib_reasoning,candidate,reasoning,instr_only,22,projected_js,0.05195445625577122,128
aim_on_dare__calib_reasoning,candidate,reasoning,instr_only,23,mmd_rbf,0.0028857893776148558,128
aim_on_dare__calib_reasoning,candidate,reasoning,instr_only,23,projected_js,0.0514737814955879,128
aim_on_dare__calib_reasoning,candidate,reasoning,instr_only,24,mmd_rbf,0.0029199260752648115,128
aim_on_dare__calib_reasoning,candidate,reasoning,instr_only,24,projected_js,0.05473673407686874,128
aim_on_dare__calib_reasoning,candidate,reasoning,instr_only,25,mmd_rbf,0.002886844100430608,128
aim_on_dare__calib_reasoning,candidate,reasoning,instr_only,25,projected_js,0.05151118285721168,128
aim_on_dare__calib_reasoning,candidate,reasoning,instr_only,26,mmd_rbf,0.002922923071309924,128
aim_on_dare__calib_reasoning,candidate,reasoning,instr_only,26,projected_js,0.0542111016693525,128
aim_on_dare__calib_reasoning,candidate,reasoning,instr_only,27,mmd_rbf,0.002991914050653577,128
aim_on_dare__calib_reasoning,candidate,reasoning,instr_only,27,projected_js,0.05521319623221643,128
aim_on_dare__calib_reasoning,candidate,reasoning,instr_only,28,mmd_rbf,0.0030498304404318333,128
aim_on_dare__calib_reasoning,candidate,reasoning,instr_only,28,projected_js,0.054177319223526865,128
aim_on_dare__calib_reasoning,candidate,reasoning,instr_only,29,mmd_rbf,0.003034328343346715,128
aim_on_dare__calib_reasoning,candidate,reasoning,instr_only,29,projected_js,0.05436554367770441,128
aim_on_dare__calib_reasoning,candidate,reasoning,instr_only,30,mmd_rbf,0.003109188051894307,128
aim_on_dare__calib_reasoning,candidate,reasoning,instr_only,30,projected_js,0.05343407916370779,128
aim_on_dare__calib_reasoning,candidate,reasoning,instr_only,31,mmd_rbf,0.00329405814409256,128
aim_on_dare__calib_reasoning,candidate,reasoning,instr_only,31,projected_js,0.05385043969727121,128
aim_on_dare__calib_reasoning,candidate,reasoning,instr_only,32,mmd_rbf,0.003398563712835312,128
aim_on_dare__calib_reasoning,candidate,reasoning,instr_only,32,projected_js,0.0526064446894452,128
aim_on_dare__calib_reasoning,candidate,reasoning,instr_only,33,mmd_rbf,0.003539313329383731,128
aim_on_dare__calib_reasoning,candidate,reasoning,instr_only,33,projected_js,0.05618231353582814,128
aim_on_dare__calib_reasoning,candidate,reasoning,instr_only,34,mmd_rbf,0.0044549028389155865,128
aim_on_dare__calib_reasoning,candidate,reasoning,instr_only,34,projected_js,0.0574123528203927,128
aim_on_dare__calib_reasoning,candidate,reasoning,instr_only,35,mmd_rbf,0.022793395444750786,128
aim_on_dare__calib_reasoning,candidate,reasoning,instr_only,35,projected_js,0.07284839218482375,128
aim_on_dare__calib_reasoning,candidate,reasoning,reasoning_only,0,mmd_rbf,0.004532295744866133,128
aim_on_dare__calib_reasoning,candidate,reasoning,reasoning_only,0,projected_js,0.04937187975156121,128
aim_on_dare__calib_reasoning,candidate,reasoning,reasoning_only,1,mmd_rbf,0.007694442756474018,128
aim_on_dare__calib_reasoning,candidate,reasoning,reasoning_only,1,projected_js,0.055257291489397176,128
aim_on_dare__calib_reasoning,candidate,reasoning,reasoning_only,2,mmd_rbf,0.013748258352279663,128
aim_on_dare__calib_reasoning,candidate,reasoning,reasoning_only,2,projected_js,0.06605374236823991,128
aim_on_dare__calib_reasoning,candidate,reasoning,reasoning_only,3,mmd_rbf,0.01650541089475155,128
aim_on_dare__calib_reasoning,candidate,reasoning,reasoning_only,3,projected_js,0.06803066784050316,128
aim_on_dare__calib_reasoning,candidate,reasoning,reasoning_only,4,mmd_rbf,0.015819629654288292,128
aim_on_dare__calib_reasoning,candidate,reasoning,reasoning_only,4,projected_js,0.06806631048675627,128
aim_on_dare__calib_reasoning,candidate,reasoning,reasoning_only,5,mmd_rbf,0.014854232780635357,128
aim_on_dare__calib_reasoning,candidate,reasoning,reasoning_only,5,projected_js,0.06580063063302077,128
aim_on_dare__calib_reasoning,candidate,reasoning,reasoning_only,6,mmd_rbf,0.011177240870893002,128
aim_on_dare__calib_reasoning,candidate,reasoning,reasoning_only,6,projected_js,0.06338870665058494,128
aim_on_dare__calib_reasoning,candidate,reasoning,reasoning_only,7,mmd_rbf,0.011696013621985912,128
aim_on_dare__calib_reasoning,candidate,reasoning,reasoning_only,7,projected_js,0.06627402605954558,128
aim_on_dare__calib_reasoning,candidate,reasoning,reasoning_only,8,mmd_rbf,0.01034305989742279,128
aim_on_dare__calib_reasoning,candidate,reasoning,reasoning_only,8,projected_js,0.06373887520749122,128
aim_on_dare__calib_reasoning,candidate,reasoning,reasoning_only,9,mmd_rbf,0.010484716854989529,128
aim_on_dare__calib_reasoning,candidate,reasoning,reasoning_only,9,projected_js,0.06610449415165931,128
aim_on_dare__calib_reasoning,candidate,reasoning,reasoning_only,10,mmd_rbf,0.011213347315788269,128
aim_on_dare__calib_reasoning,candidate,reasoning,reasoning_only,10,projected_js,0.06644709105603397,128
aim_on_dare__calib_reasoning,candidate,reasoning,reasoning_only,11,mmd_rbf,0.010559561662375927,128
aim_on_dare__calib_reasoning,candidate,reasoning,reasoning_only,11,projected_js,0.0655262814834714,128
aim_on_dare__calib_reasoning,candidate,reasoning,reasoning_only,12,mmd_rbf,0.01063445396721363,128
aim_on_dare__calib_reasoning,candidate,reasoning,reasoning_only,12,projected_js,0.06659789575496688,128
aim_on_dare__calib_reasoning,candidate,reasoning,reasoning_only,13,mmd_rbf,0.010918103158473969,128
aim_on_dare__calib_reasoning,candidate,reasoning,reasoning_only,13,projected_js,0.06683272402733564,128
aim_on_dare__calib_reasoning,candidate,reasoning,reasoning_only,14,mmd_rbf,0.010967806912958622,128
aim_on_dare__calib_reasoning,candidate,reasoning,reasoning_only,14,projected_js,0.06432205438613892,128
aim_on_dare__calib_reasoning,candidate,reasoning,reasoning_only,15,mmd_rbf,0.012059378437697887,128
aim_on_dare__calib_reasoning,candidate,reasoning,reasoning_only,15,projected_js,0.06420609162887558,128
aim_on_dare__calib_reasoning,candidate,reasoning,reasoning_only,16,mmd_rbf,0.01239123847335577,128
aim_on_dare__calib_reasoning,candidate,reasoning,reasoning_only,16,projected_js,0.06613983100396581,128
aim_on_dare__calib_reasoning,candidate,reasoning,reasoning_only,17,mmd_rbf,0.011907177977263927,128
aim_on_dare__calib_reasoning,candidate,reasoning,reasoning_only,17,projected_js,0.06335174417472444,128
aim_on_dare__calib_reasoning,candidate,reasoning,reasoning_only,18,mmd_rbf,0.01343785971403122,128
aim_on_dare__calib_reasoning,candidate,reasoning,reasoning_only,18,projected_js,0.0652473182999529,128
aim_on_dare__calib_reasoning,candidate,reasoning,reasoning_only,19,mmd_rbf,0.012671725824475288,128
aim_on_dare__calib_reasoning,candidate,reasoning,reasoning_only,19,projected_js,0.06510496372357011,128
aim_on_dare__calib_reasoning,candidate,reasoning,reasoning_only,20,mmd_rbf,0.012112004682421684,128
aim_on_dare__calib_reasoning,candidate,reasoning,reasoning_only,20,projected_js,0.06800024275435135,128
aim_on_dare__calib_reasoning,candidate,reasoning,reasoning_only,21,mmd_rbf,0.012508831918239594,128
aim_on_dare__calib_reasoning,candidate,reasoning,reasoning_only,21,projected_js,0.06721354508772492,128
aim_on_dare__calib_reasoning,candidate,reasoning,reasoning_only,22,mmd_rbf,0.010651938617229462,128
aim_on_dare__calib_reasoning,candidate,reasoning,reasoning_only,22,projected_js,0.06749071803642437,128
aim_on_dare__calib_reasoning,candidate,reasoning,reasoning_only,23,mmd_rbf,0.00869945902377367,128
aim_on_dare__calib_reasoning,candidate,reasoning,reasoning_only,23,projected_js,0.0632820354658179,128
aim_on_dare__calib_reasoning,candidate,reasoning,reasoning_only,24,mmd_rbf,0.008273850195109844,128
aim_on_dare__calib_reasoning,candidate,reasoning,reasoning_only,24,projected_js,0.06313843239331618,128
aim_on_dare__calib_reasoning,candidate,reasoning,reasoning_only,25,mmd_rbf,0.00731524545699358,128
aim_on_dare__calib_reasoning,candidate,reasoning,reasoning_only,25,projected_js,0.060609018546529114,128
aim_on_dare__calib_reasoning,candidate,reasoning,reasoning_only,26,mmd_rbf,0.006866131909191608,128
aim_on_dare__calib_reasoning,candidate,reasoning,reasoning_only,26,projected_js,0.06246023817220703,128
aim_on_dare__calib_reasoning,candidate,reasoning,reasoning_only,27,mmd_rbf,0.006678867619484663,128
aim_on_dare__calib_reasoning,candidate,reasoning,reasoning_only,27,projected_js,0.05871585078421049,128
aim_on_dare__calib_reasoning,candidate,reasoning,reasoning_only,28,mmd_rbf,0.00688891252502799,128
aim_on_dare__calib_reasoning,candidate,reasoning,reasoning_only,28,projected_js,0.06320549704832956,128
aim_on_dare__calib_reasoning,candidate,reasoning,reasoning_only,29,mmd_rbf,0.006820699665695429,128
aim_on_dare__calib_reasoning,candidate,reasoning,reasoning_only,29,projected_js,0.06293372437357903,128
aim_on_dare__calib_reasoning,candidate,reasoning,reasoning_only,30,mmd_rbf,0.007066530175507069,128
aim_on_dare__calib_reasoning,candidate,reasoning,reasoning_only,30,projected_js,0.06350665801437572,128
aim_on_dare__calib_reasoning,candidate,reasoning,reasoning_only,31,mmd_rbf,0.007241895888000727,128
aim_on_dare__calib_reasoning,candidate,reasoning,reasoning_only,31,projected_js,0.061781674972735345,128
aim_on_dare__calib_reasoning,candidate,reasoning,reasoning_only,32,mmd_rbf,0.007326921913772821,128
aim_on_dare__calib_reasoning,candidate,reasoning,reasoning_only,32,projected_js,0.06124530005035922,128
aim_on_dare__calib_reasoning,candidate,reasoning,reasoning_only,33,mmd_rbf,0.007580785546451807,128
aim_on_dare__calib_reasoning,candidate,reasoning,reasoning_only,33,projected_js,0.06222823588177562,128
aim_on_dare__calib_reasoning,candidate,reasoning,reasoning_only,34,mmd_rbf,0.008387590758502483,128
aim_on_dare__calib_reasoning,candidate,reasoning,reasoning_only,34,projected_js,0.06351111939875409,128
aim_on_dare__calib_reasoning,candidate,reasoning,reasoning_only,35,mmd_rbf,0.03219155594706535,128
aim_on_dare__calib_reasoning,candidate,reasoning,reasoning_only,35,projected_js,0.08105704246554524,128
aim_on_dare__calib_reasoning,candidate,reasoning,uncensored_only,0,mmd_rbf,0.002794089959934354,128
aim_on_dare__calib_reasoning,candidate,reasoning,uncensored_only,0,projected_js,0.036871606498607434,128
aim_on_dare__calib_reasoning,candidate,reasoning,uncensored_only,1,mmd_rbf,0.07801588624715805,128
aim_on_dare__calib_reasoning,candidate,reasoning,uncensored_only,1,projected_js,0.1155505774077028,128
aim_on_dare__calib_reasoning,candidate,reasoning,uncensored_only,2,mmd_rbf,0.07346182316541672,128
aim_on_dare__calib_reasoning,candidate,reasoning,uncensored_only,2,projected_js,0.10464090423192829,128
aim_on_dare__calib_reasoning,candidate,reasoning,uncensored_only,3,mmd_rbf,0.05569671466946602,128
aim_on_dare__calib_reasoning,candidate,reasoning,uncensored_only,3,projected_js,0.09851828601676971,128
aim_on_dare__calib_reasoning,candidate,reasoning,uncensored_only,4,mmd_rbf,0.03779745474457741,128
aim_on_dare__calib_reasoning,candidate,reasoning,uncensored_only,4,projected_js,0.0901402099407278,128
aim_on_dare__calib_reasoning,candidate,reasoning,uncensored_only,5,mmd_rbf,0.02450043521821499,128
aim_on_dare__calib_reasoning,candidate,reasoning,uncensored_only,5,projected_js,0.07961897656787187,128
aim_on_dare__calib_reasoning,candidate,reasoning,uncensored_only,6,mmd_rbf,0.014859047718346119,128
aim_on_dare__calib_reasoning,candidate,reasoning,uncensored_only,6,projected_js,0.06811708438908681,128
aim_on_dare__calib_reasoning,candidate,reasoning,uncensored_only,7,mmd_rbf,0.01311535108834505,128
aim_on_dare__calib_reasoning,candidate,reasoning,uncensored_only,7,projected_js,0.06953501771204174,128
aim_on_dare__calib_reasoning,candidate,reasoning,uncensored_only,8,mmd_rbf,0.01019879337400198,128
aim_on_dare__calib_reasoning,candidate,reasoning,uncensored_only,8,projected_js,0.0629549755831249,128
aim_on_dare__calib_reasoning,candidate,reasoning,uncensored_only,9,mmd_rbf,0.008761782199144363,128
aim_on_dare__calib_reasoning,candidate,reasoning,uncensored_only,9,projected_js,0.0615461859269999,128
aim_on_dare__calib_reasoning,candidate,reasoning,uncensored_only,10,mmd_rbf,0.00790551770478487,128
aim_on_dare__calib_reasoning,candidate,reasoning,uncensored_only,10,projected_js,0.05767099771765061,128
aim_on_dare__calib_reasoning,candidate,reasoning,uncensored_only,11,mmd_rbf,0.006839047651737928,128
aim_on_dare__calib_reasoning,candidate,reasoning,uncensored_only,11,projected_js,0.060947146674152464,128
aim_on_dare__calib_reasoning,candidate,reasoning,uncensored_only,12,mmd_rbf,0.00686697056517005,128
aim_on_dare__calib_reasoning,candidate,reasoning,uncensored_only,12,projected_js,0.06166359130293131,128
aim_on_dare__calib_reasoning,candidate,reasoning,uncensored_only,13,mmd_rbf,0.007129102945327759,128
aim_on_dare__calib_reasoning,candidate,reasoning,uncensored_only,13,projected_js,0.062239991792012006,128
aim_on_dare__calib_reasoning,candidate,reasoning,uncensored_only,14,mmd_rbf,0.007373813074082136,128
aim_on_dare__calib_reasoning,candidate,reasoning,uncensored_only,14,projected_js,0.061503816395998,128
aim_on_dare__calib_reasoning,candidate,reasoning,uncensored_only,15,mmd_rbf,0.008753160014748573,128
aim_on_dare__calib_reasoning,candidate,reasoning,uncensored_only,15,projected_js,0.06175800209166482,128
aim_on_dare__calib_reasoning,candidate,reasoning,uncensored_only,16,mmd_rbf,0.009628077037632465,128
aim_on_dare__calib_reasoning,candidate,reasoning,uncensored_only,16,projected_js,0.061382804065942764,128
aim_on_dare__calib_reasoning,candidate,reasoning,uncensored_only,17,mmd_rbf,0.009517937898635864,128
aim_on_dare__calib_reasoning,candidate,reasoning,uncensored_only,17,projected_js,0.061467821011319757,128
aim_on_dare__calib_reasoning,candidate,reasoning,uncensored_only,18,mmd_rbf,0.009483409114181995,128
aim_on_dare__calib_reasoning,candidate,reasoning,uncensored_only,18,projected_js,0.06179302465170622,128
aim_on_dare__calib_reasoning,candidate,reasoning,uncensored_only,19,mmd_rbf,0.009352748282253742,128
aim_on_dare__calib_reasoning,candidate,reasoning,uncensored_only,19,projected_js,0.06307610985822976,128
aim_on_dare__calib_reasoning,candidate,reasoning,uncensored_only,20,mmd_rbf,0.009447409771382809,128
aim_on_dare__calib_reasoning,candidate,reasoning,uncensored_only,20,projected_js,0.06217317038681358,128
aim_on_dare__calib_reasoning,candidate,reasoning,uncensored_only,21,mmd_rbf,0.010067551396787167,128
aim_on_dare__calib_reasoning,candidate,reasoning,uncensored_only,21,projected_js,0.06058622489217669,128
aim_on_dare__calib_reasoning,candidate,reasoning,uncensored_only,22,mmd_rbf,0.01034895796328783,128
aim_on_dare__calib_reasoning,candidate,reasoning,uncensored_only,22,projected_js,0.06239755830029026,128
aim_on_dare__calib_reasoning,candidate,reasoning,uncensored_only,23,mmd_rbf,0.010125425644218922,128
aim_on_dare__calib_reasoning,candidate,reasoning,uncensored_only,23,projected_js,0.0641431754338555,128
aim_on_dare__calib_reasoning,candidate,reasoning,uncensored_only,24,mmd_rbf,0.010062159970402718,128
aim_on_dare__calib_reasoning,candidate,reasoning,uncensored_only,24,projected_js,0.06380680319853127,128
aim_on_dare__calib_reasoning,candidate,reasoning,uncensored_only,25,mmd_rbf,0.010135368444025517,128
aim_on_dare__calib_reasoning,candidate,reasoning,uncensored_only,25,projected_js,0.06681671674596146,128
aim_on_dare__calib_reasoning,candidate,reasoning,uncensored_only,26,mmd_rbf,0.01011408306658268,128
aim_on_dare__calib_reasoning,candidate,reasoning,uncensored_only,26,projected_js,0.06724249460967258,128
aim_on_dare__calib_reasoning,candidate,reasoning,uncensored_only,27,mmd_rbf,0.010276928544044495,128
aim_on_dare__calib_reasoning,candidate,reasoning,uncensored_only,27,projected_js,0.0637725117849186,128
aim_on_dare__calib_reasoning,candidate,reasoning,uncensored_only,28,mmd_rbf,0.00988090131431818,128
aim_on_dare__calib_reasoning,candidate,reasoning,uncensored_only,28,projected_js,0.06720336037687957,128
aim_on_dare__calib_reasoning,candidate,reasoning,uncensored_only,29,mmd_rbf,0.009971502237021923,128
aim_on_dare__calib_reasoning,candidate,reasoning,uncensored_only,29,projected_js,0.06579645312740467,128
aim_on_dare__calib_reasoning,candidate,reasoning,uncensored_only,30,mmd_rbf,0.010239544324576855,128
aim_on_dare__calib_reasoning,candidate,reasoning,uncensored_only,30,projected_js,0.0652749675209634,128
aim_on_dare__calib_reasoning,candidate,reasoning,uncensored_only,31,mmd_rbf,0.010201489552855492,128
aim_on_dare__calib_reasoning,candidate,reasoning,uncensored_only,31,projected_js,0.06200506829190999,128
aim_on_dare__calib_reasoning,candidate,reasoning,uncensored_only,32,mmd_rbf,0.010379284620285034,128
aim_on_dare__calib_reasoning,candidate,reasoning,uncensored_only,32,projected_js,0.06586786324623972,128
aim_on_dare__calib_reasoning,candidate,reasoning,uncensored_only,33,mmd_rbf,0.010592128150165081,128
aim_on_dare__calib_reasoning,candidate,reasoning,uncensored_only,33,projected_js,0.060890989552717656,128
aim_on_dare__calib_reasoning,candidate,reasoning,uncensored_only,34,mmd_rbf,0.011353682726621628,128
aim_on_dare__calib_reasoning,candidate,reasoning,uncensored_only,34,projected_js,0.0657494182814844,128
aim_on_dare__calib_reasoning,candidate,reasoning,uncensored_only,35,mmd_rbf,0.029454592615365982,128
aim_on_dare__calib_reasoning,candidate,reasoning,uncensored_only,35,projected_js,0.07866026111878455,128
aim_on_dare__calib_reasoning,candidate,uncensored_refusal_like,base,0,mmd_rbf,0.00850746687501669,128
aim_on_dare__calib_reasoning,candidate,uncensored_refusal_like,base,0,projected_js,0.053653742535971105,128
aim_on_dare__calib_reasoning,candidate,uncensored_refusal_like,base,1,mmd_rbf,0.016910145059227943,128
aim_on_dare__calib_reasoning,candidate,uncensored_refusal_like,base,1,projected_js,0.06748106851591729,128
aim_on_dare__calib_reasoning,candidate,uncensored_refusal_like,base,2,mmd_rbf,0.018026405945420265,128
aim_on_dare__calib_reasoning,candidate,uncensored_refusal_like,base,2,projected_js,0.06204921449534595,128
aim_on_dare__calib_reasoning,candidate,uncensored_refusal_like,base,3,mmd_rbf,0.027451742440462112,128
aim_on_dare__calib_reasoning,candidate,uncensored_refusal_like,base,3,projected_js,0.08256771950982511,128
aim_on_dare__calib_reasoning,candidate,uncensored_refusal_like,base,4,mmd_rbf,0.026038795709609985,128
aim_on_dare__calib_reasoning,candidate,uncensored_refusal_like,base,4,projected_js,0.07848209160147235,128
aim_on_dare__calib_reasoning,candidate,uncensored_refusal_like,base,5,mmd_rbf,0.026925772428512573,128
aim_on_dare__calib_reasoning,candidate,uncensored_refusal_like,base,5,projected_js,0.07930283580208197,128
aim_on_dare__calib_reasoning,candidate,uncensored_refusal_like,base,6,mmd_rbf,0.02327844314277172,128
aim_on_dare__calib_reasoning,candidate,uncensored_refusal_like,base,6,projected_js,0.07366403663763776,128
aim_on_dare__calib_reasoning,candidate,uncensored_refusal_like,base,7,mmd_rbf,0.0213447418063879,128
aim_on_dare__calib_reasoning,candidate,uncensored_refusal_like,base,7,projected_js,0.06633206713013351,128
aim_on_dare__calib_reasoning,candidate,uncensored_refusal_like,base,8,mmd_rbf,0.019159024581313133,128
aim_on_dare__calib_reasoning,candidate,uncensored_refusal_like,base,8,projected_js,0.07510931312572211,128
aim_on_dare__calib_reasoning,candidate,uncensored_refusal_like,base,9,mmd_rbf,0.02203099988400936,128
aim_on_dare__calib_reasoning,candidate,uncensored_refusal_like,base,9,projected_js,0.07467251538764685,128
aim_on_dare__calib_reasoning,candidate,uncensored_refusal_like,base,10,mmd_rbf,0.024075938388705254,128
aim_on_dare__calib_reasoning,candidate,uncensored_refusal_like,base,10,projected_js,0.0790533471154049,128
aim_on_dare__calib_reasoning,candidate,uncensored_refusal_like,base,11,mmd_rbf,0.026422841474413872,128
aim_on_dare__calib_reasoning,candidate,uncensored_refusal_like,base,11,projected_js,0.08017632330302149,128
aim_on_dare__calib_reasoning,candidate,uncensored_refusal_like,base,12,mmd_rbf,0.029462158679962158,128
aim_on_dare__calib_reasoning,candidate,uncensored_refusal_like,base,12,projected_js,0.0807473145541735,128
aim_on_dare__calib_reasoning,candidate,uncensored_refusal_like,base,13,mmd_rbf,0.03317917883396149,128
aim_on_dare__calib_reasoning,candidate,uncensored_refusal_like,base,13,projected_js,0.08744625275721774,128
aim_on_dare__calib_reasoning,candidate,uncensored_refusal_like,base,14,mmd_rbf,0.03578569367527962,128
aim_on_dare__calib_reasoning,candidate,uncensored_refusal_like,base,14,projected_js,0.08686277037486434,128
aim_on_dare__calib_reasoning,candidate,uncensored_refusal_like,base,15,mmd_rbf,0.03762497380375862,128
aim_on_dare__calib_reasoning,candidate,uncensored_refusal_like,base,15,projected_js,0.07924142974661663,128
aim_on_dare__calib_reasoning,candidate,uncensored_refusal_like,base,16,mmd_rbf,0.0380902960896492,128
aim_on_dare__calib_reasoning,candidate,uncensored_refusal_like,base,16,projected_js,0.08271891780896112,128
aim_on_dare__calib_reasoning,candidate,uncensored_refusal_like,base,17,mmd_rbf,0.038597624748945236,128
aim_on_dare__calib_reasoning,candidate,uncensored_refusal_like,base,17,projected_js,0.08319693693192676,128
aim_on_dare__calib_reasoning,candidate,uncensored_refusal_like,base,18,mmd_rbf,0.03978953883051872,128
aim_on_dare__calib_reasoning,candidate,uncensored_refusal_like,base,18,projected_js,0.08708876586752012,128
aim_on_dare__calib_reasoning,candidate,uncensored_refusal_like,base,19,mmd_rbf,0.03913655877113342,128
aim_on_dare__calib_reasoning,candidate,uncensored_refusal_like,base,19,projected_js,0.08682910690549761,128
aim_on_dare__calib_reasoning,candidate,uncensored_refusal_like,base,20,mmd_rbf,0.04614410549402237,128
aim_on_dare__calib_reasoning,candidate,uncensored_refusal_like,base,20,projected_js,0.0911118540680036,128
aim_on_dare__calib_reasoning,candidate,uncensored_refusal_like,base,21,mmd_rbf,0.04939555004239082,128
aim_on_dare__calib_reasoning,candidate,uncensored_refusal_like,base,21,projected_js,0.08699175907531753,128
aim_on_dare__calib_reasoning,candidate,uncensored_refusal_like,base,22,mmd_rbf,0.05123958736658096,128
aim_on_dare__calib_reasoning,candidate,uncensored_refusal_like,base,22,projected_js,0.09554433007724583,128
aim_on_dare__calib_reasoning,candidate,uncensored_refusal_like,base,23,mmd_rbf,0.050363343209028244,128
aim_on_dare__calib_reasoning,candidate,uncensored_refusal_like,base,23,projected_js,0.09615790890529752,128
aim_on_dare__calib_reasoning,candidate,uncensored_refusal_like,base,24,mmd_rbf,0.048671599477529526,128
aim_on_dare__calib_reasoning,candidate,uncensored_refusal_like,base,24,projected_js,0.10184169927379116,128
aim_on_dare__calib_reasoning,candidate,uncensored_refusal_like,base,25,mmd_rbf,0.04731088504195213,128
aim_on_dare__calib_reasoning,candidate,uncensored_refusal_like,base,25,projected_js,0.0922043775790371,128
aim_on_dare__calib_reasoning,candidate,uncensored_refusal_like,base,26,mmd_rbf,0.04758767411112785,128
aim_on_dare__calib_reasoning,candidate,uncensored_refusal_like,base,26,projected_js,0.09666734025813639,128
aim_on_dare__calib_reasoning,candidate,uncensored_refusal_like,base,27,mmd_rbf,0.047935355454683304,128
aim_on_dare__calib_reasoning,candidate,uncensored_refusal_like,base,27,projected_js,0.10119585355278105,128
aim_on_dare__calib_reasoning,candidate,uncensored_refusal_like,base,28,mmd_rbf,0.04679403826594353,128
aim_on_dare__calib_reasoning,candidate,uncensored_refusal_like,base,28,projected_js,0.10801969486055896,128
aim_on_dare__calib_reasoning,candidate,uncensored_refusal_like,base,29,mmd_rbf,0.04385184869170189,128
aim_on_dare__calib_reasoning,candidate,uncensored_refusal_like,base,29,projected_js,0.09949324681656435,128
aim_on_dare__calib_reasoning,candidate,uncensored_refusal_like,base,30,mmd_rbf,0.04417034611105919,128
aim_on_dare__calib_reasoning,candidate,uncensored_refusal_like,base,30,projected_js,0.10010163713013753,128
aim_on_dare__calib_reasoning,candidate,uncensored_refusal_like,base,31,mmd_rbf,0.04372427612543106,128
aim_on_dare__calib_reasoning,candidate,uncensored_refusal_like,base,31,projected_js,0.09313230973202735,128
aim_on_dare__calib_reasoning,candidate,uncensored_refusal_like,base,32,mmd_rbf,0.04428428038954735,128
aim_on_dare__calib_reasoning,candidate,uncensored_refusal_like,base,32,projected_js,0.09776683483505622,128
aim_on_dare__calib_reasoning,candidate,uncensored_refusal_like,base,33,mmd_rbf,0.042829204350709915,128
aim_on_dare__calib_reasoning,candidate,uncensored_refusal_like,base,33,projected_js,0.0958369352738373,128
aim_on_dare__calib_reasoning,candidate,uncensored_refusal_like,base,34,mmd_rbf,0.056409548968076706,128
aim_on_dare__calib_reasoning,candidate,uncensored_refusal_like,base,34,projected_js,0.1081354848574847,128
aim_on_dare__calib_reasoning,candidate,uncensored_refusal_like,base,35,mmd_rbf,0.13295234739780426,128
aim_on_dare__calib_reasoning,candidate,uncensored_refusal_like,base,35,projected_js,0.1725241846870631,128
aim_on_dare__calib_reasoning,candidate,uncensored_refusal_like,instr_only,0,mmd_rbf,0.005226260516792536,128
aim_on_dare__calib_reasoning,candidate,uncensored_refusal_like,instr_only,0,projected_js,0.04628795613825787,128
aim_on_dare__calib_reasoning,candidate,uncensored_refusal_like,instr_only,1,mmd_rbf,0.011077499948441982,128
aim_on_dare__calib_reasoning,candidate,uncensored_refusal_like,instr_only,1,projected_js,0.05985966362641193,128
aim_on_dare__calib_reasoning,candidate,uncensored_refusal_like,instr_only,2,mmd_rbf,0.012580649927258492,128
aim_on_dare__calib_reasoning,candidate,uncensored_refusal_like,instr_only,2,projected_js,0.059037815721239895,128
aim_on_dare__calib_reasoning,candidate,uncensored_refusal_like,instr_only,3,mmd_rbf,0.013428650796413422,128
aim_on_dare__calib_reasoning,candidate,uncensored_refusal_like,instr_only,3,projected_js,0.06001729375566356,128
aim_on_dare__calib_reasoning,candidate,uncensored_refusal_like,instr_only,4,mmd_rbf,0.014078709296882153,128
aim_on_dare__calib_reasoning,candidate,uncensored_refusal_like,instr_only,4,projected_js,0.06291399616748095,128
aim_on_dare__calib_reasoning,candidate,uncensored_refusal_like,instr_only,5,mmd_rbf,0.014023414812982082,128
aim_on_dare__calib_reasoning,candidate,uncensored_refusal_like,instr_only,5,projected_js,0.061762748257024214,128
aim_on_dare__calib_reasoning,candidate,uncensored_refusal_like,instr_only,6,mmd_rbf,0.010673130862414837,128
aim_on_dare__calib_reasoning,candidate,uncensored_refusal_like,instr_only,6,projected_js,0.05935708250035532,128
aim_on_dare__calib_reasoning,candidate,uncensored_refusal_like,instr_only,7,mmd_rbf,0.008678018115460873,128
aim_on_dare__calib_reasoning,candidate,uncensored_refusal_like,instr_only,7,projected_js,0.060013421083567664,128
aim_on_dare__calib_reasoning,candidate,uncensored_refusal_like,instr_only,8,mmd_rbf,0.007139208260923624,128
aim_on_dare__calib_reasoning,candidate,uncensored_refusal_like,instr_only,8,projected_js,0.06034424883546308,128
aim_on_dare__calib_reasoning,candidate,uncensored_refusal_like,instr_only,9,mmd_rbf,0.006980732083320618,128
aim_on_dare__calib_reasoning,candidate,uncensored_refusal_like,instr_only,9,projected_js,0.06165890273405239,128
aim_on_dare__calib_reasoning,candidate,uncensored_refusal_like,instr_only,10,mmd_rbf,0.007495872676372528,128
aim_on_dare__calib_reasoning,candidate,uncensored_refusal_like,instr_only,10,projected_js,0.06296765466686338,128
aim_on_dare__calib_reasoning,candidate,uncensored_refusal_like,instr_only,11,mmd_rbf,0.007254102732986212,128
aim_on_dare__calib_reasoning,candidate,uncensored_refusal_like,instr_only,11,projected_js,0.06029505230253562,128
aim_on_dare__calib_reasoning,candidate,uncensored_refusal_like,instr_only,12,mmd_rbf,0.007940510287880898,128
aim_on_dare__calib_reasoning,candidate,uncensored_refusal_like,instr_only,12,projected_js,0.06304496538359672,128
aim_on_dare__calib_reasoning,candidate,uncensored_refusal_like,instr_only,13,mmd_rbf,0.008321850560605526,128
aim_on_dare__calib_reasoning,candidate,uncensored_refusal_like,instr_only,13,projected_js,0.06178719946183264,128
aim_on_dare__calib_reasoning,candidate,uncensored_refusal_like,instr_only,14,mmd_rbf,0.0083119822666049,128
aim_on_dare__calib_reasoning,candidate,uncensored_refusal_like,instr_only,14,projected_js,0.06295183609472588,128
aim_on_dare__calib_reasoning,candidate,uncensored_refusal_like,instr_only,15,mmd_rbf,0.008664039894938469,128
aim_on_dare__calib_reasoning,candidate,uncensored_refusal_like,instr_only,15,projected_js,0.06359868415165693,128
aim_on_dare__calib_reasoning,candidate,uncensored_refusal_like,instr_only,16,mmd_rbf,0.00934118777513504,128
aim_on_dare__calib_reasoning,candidate,uncensored_refusal_like,instr_only,16,projected_js,0.06348530628019944,128
aim_on_dare__calib_reasoning,candidate,uncensored_refusal_like,instr_only,17,mmd_rbf,0.010134209878742695,128
aim_on_dare__calib_reasoning,candidate,uncensored_refusal_like,instr_only,17,projected_js,0.0626451467978768,128
aim_on_dare__calib_reasoning,candidate,uncensored_refusal_like,instr_only,18,mmd_rbf,0.011238779872655869,128
aim_on_dare__calib_reasoning,candidate,uncensored_refusal_like,instr_only,18,projected_js,0.06817196175688878,128
aim_on_dare__calib_reasoning,candidate,uncensored_refusal_like,instr_only,19,mmd_rbf,0.0125663373619318,128
aim_on_dare__calib_reasoning,candidate,uncensored_refusal_like,instr_only,19,projected_js,0.06619038770440966,128
aim_on_dare__calib_reasoning,candidate,uncensored_refusal_like,instr_only,20,mmd_rbf,0.013912352733314037,128
aim_on_dare__calib_reasoning,candidate,uncensored_refusal_like,instr_only,20,projected_js,0.07245042856084183,128
aim_on_dare__calib_reasoning,candidate,uncensored_refusal_like,instr_only,21,mmd_rbf,0.01613818109035492,128
aim_on_dare__calib_reasoning,candidate,uncensored_refusal_like,instr_only,21,projected_js,0.07026299211429432,128
aim_on_dare__calib_reasoning,candidate,uncensored_refusal_like,instr_only,22,mmd_rbf,0.01769871637225151,128
aim_on_dare__calib_reasoning,candidate,uncensored_refusal_like,instr_only,22,projected_js,0.07162907221936621,128
aim_on_dare__calib_reasoning,candidate,uncensored_refusal_like,instr_only,23,mmd_rbf,0.018195880576968193,128
aim_on_dare__calib_reasoning,candidate,uncensored_refusal_like,instr_only,23,projected_js,0.06945144245401025,128
aim_on_dare__calib_reasoning,candidate,uncensored_refusal_like,instr_only,24,mmd_rbf,0.019513221457600594,128
aim_on_dare__calib_reasoning,candidate,uncensored_refusal_like,instr_only,24,projected_js,0.0756782497628592,128
aim_on_dare__calib_reasoning,candidate,uncensored_refusal_like,instr_only,25,mmd_rbf,0.02067398466169834,128
aim_on_dare__calib_reasoning,candidate,uncensored_refusal_like,instr_only,25,projected_js,0.07466833136277273,128
aim_on_dare__calib_reasoning,candidate,uncensored_refusal_like,instr_only,26,mmd_rbf,0.02136538363993168,128
aim_on_dare__calib_reasoning,candidate,uncensored_refusal_like,instr_only,26,projected_js,0.07856489147525281,128
aim_on_dare__calib_reasoning,candidate,uncensored_refusal_like,instr_only,27,mmd_rbf,0.021421238780021667,128
aim_on_dare__calib_reasoning,candidate,uncensored_refusal_like,instr_only,27,projected_js,0.07721634861081839,128
aim_on_dare__calib_reasoning,candidate,uncensored_refusal_like,instr_only,28,mmd_rbf,0.020886151120066643,128
aim_on_dare__calib_reasoning,candidate,uncensored_refusal_like,instr_only,28,projected_js,0.07662122760666534,128
aim_on_dare__calib_reasoning,candidate,uncensored_refusal_like,instr_only,29,mmd_rbf,0.019944777712225914,128
aim_on_dare__calib_reasoning,candidate,uncensored_refusal_like,instr_only,29,projected_js,0.07482203270774335,128
aim_on_dare__calib_reasoning,candidate,uncensored_refusal_like,instr_only,30,mmd_rbf,0.01990976743400097,128
aim_on_dare__calib_reasoning,candidate,uncensored_refusal_like,instr_only,30,projected_js,0.07542712346184999,128
aim_on_dare__calib_reasoning,candidate,uncensored_refusal_like,instr_only,31,mmd_rbf,0.019698230549693108,128
aim_on_dare__calib_reasoning,candidate,uncensored_refusal_like,instr_only,31,projected_js,0.07582605083007365,128
aim_on_dare__calib_reasoning,candidate,uncensored_refusal_like,instr_only,32,mmd_rbf,0.020327284932136536,128
aim_on_dare__calib_reasoning,candidate,uncensored_refusal_like,instr_only,32,projected_js,0.0773259136476554,128
aim_on_dare__calib_reasoning,candidate,uncensored_refusal_like,instr_only,33,mmd_rbf,0.019987115636467934,128
aim_on_dare__calib_reasoning,candidate,uncensored_refusal_like,instr_only,33,projected_js,0.07701326796086505,128
aim_on_dare__calib_reasoning,candidate,uncensored_refusal_like,instr_only,34,mmd_rbf,0.023365257307887077,128
aim_on_dare__calib_reasoning,candidate,uncensored_refusal_like,instr_only,34,projected_js,0.08131160083576106,128
aim_on_dare__calib_reasoning,candidate,uncensored_refusal_like,instr_only,35,mmd_rbf,0.08181571215391159,128
aim_on_dare__calib_reasoning,candidate,uncensored_refusal_like,instr_only,35,projected_js,0.13204984361073002,128
aim_on_dare__calib_reasoning,candidate,uncensored_refusal_like,reasoning_only,0,mmd_rbf,0.0238955020904541,128
aim_on_dare__calib_reasoning,candidate,uncensored_refusal_like,reasoning_only,0,projected_js,0.09402131714159623,128
aim_on_dare__calib_reasoning,candidate,uncensored_refusal_like,reasoning_only,1,mmd_rbf,0.031094873324036598,128
aim_on_dare__calib_reasoning,candidate,uncensored_refusal_like,reasoning_only,1,projected_js,0.08712090441258624,128
aim_on_dare__calib_reasoning,candidate,uncensored_refusal_like,reasoning_only,2,mmd_rbf,0.04231662303209305,128
aim_on_dare__calib_reasoning,candidate,uncensored_refusal_like,reasoning_only,2,projected_js,0.09380043117562309,128
aim_on_dare__calib_reasoning,candidate,uncensored_refusal_like,reasoning_only,3,mmd_rbf,0.04867544770240784,128
aim_on_dare__calib_reasoning,candidate,uncensored_refusal_like,reasoning_only,3,projected_js,0.1016574292734731,128
aim_on_dare__calib_reasoning,candidate,uncensored_refusal_like,reasoning_only,4,mmd_rbf,0.05236470699310303,128
aim_on_dare__calib_reasoning,candidate,uncensored_refusal_like,reasoning_only,4,projected_js,0.11892087652813643,128
aim_on_dare__calib_reasoning,candidate,uncensored_refusal_like,reasoning_only,5,mmd_rbf,0.05814320966601372,128
aim_on_dare__calib_reasoning,candidate,uncensored_refusal_like,reasoning_only,5,projected_js,0.13042994047282264,128
aim_on_dare__calib_reasoning,candidate,uncensored_refusal_like,reasoning_only,6,mmd_rbf,0.04440272971987724,128
aim_on_dare__calib_reasoning,candidate,uncensored_refusal_like,reasoning_only,6,projected_js,0.10204207513015717,128
aim_on_dare__calib_reasoning,candidate,uncensored_refusal_like,reasoning_only,7,mmd_rbf,0.04035909101366997,128
aim_on_dare__calib_reasoning,candidate,uncensored_refusal_like,reasoning_only,7,projected_js,0.10323818164761178,128
aim_on_dare__calib_reasoning,candidate,uncensored_refusal_like,reasoning_only,8,mmd_rbf,0.03180105611681938,128
aim_on_dare__calib_reasoning,candidate,uncensored_refusal_like,reasoning_only,8,projected_js,0.09294115885859355,128
aim_on_dare__calib_reasoning,candidate,uncensored_refusal_like,reasoning_only,9,mmd_rbf,0.030827676877379417,128
aim_on_dare__calib_reasoning,candidate,uncensored_refusal_like,reasoning_only,9,projected_js,0.09261464385781437,128
aim_on_dare__calib_reasoning,candidate,uncensored_refusal_like,reasoning_only,10,mmd_rbf,0.031797442585229874,128
aim_on_dare__calib_reasoning,candidate,uncensored_refusal_like,reasoning_only,10,projected_js,0.0972312661469914,128
aim_on_dare__calib_reasoning,candidate,uncensored_refusal_like,reasoning_only,11,mmd_rbf,0.030672166496515274,128
aim_on_dare__calib_reasoning,candidate,uncensored_refusal_like,reasoning_only,11,projected_js,0.08868282363982871,128
aim_on_dare__calib_reasoning,candidate,uncensored_refusal_like,reasoning_only,12,mmd_rbf,0.03440743312239647,128
aim_on_dare__calib_reasoning,candidate,uncensored_refusal_like,reasoning_only,12,projected_js,0.08828793530119583,128
aim_on_dare__calib_reasoning,candidate,uncensored_refusal_like,reasoning_only,13,mmd_rbf,0.037047579884529114,128
aim_on_dare__calib_reasoning,candidate,uncensored_refusal_like,reasoning_only,13,projected_js,0.09337615291588008,128
aim_on_dare__calib_reasoning,candidate,uncensored_refusal_like,reasoning_only,14,mmd_rbf,0.03692629560828209,128
aim_on_dare__calib_reasoning,candidate,uncensored_refusal_like,reasoning_only,14,projected_js,0.08590470533818007,128
aim_on_dare__calib_reasoning,candidate,uncensored_refusal_like,reasoning_only,15,mmd_rbf,0.03838985413312912,128
aim_on_dare__calib_reasoning,candidate,uncensored_refusal_like,reasoning_only,15,projected_js,0.08697262039640918,128
aim_on_dare__calib_reasoning,candidate,uncensored_refusal_like,reasoning_only,16,mmd_rbf,0.037824597209692,128
aim_on_dare__calib_reasoning,candidate,uncensored_refusal_like,reasoning_only,16,projected_js,0.08709783764788881,128
aim_on_dare__calib_reasoning,candidate,uncensored_refusal_like,reasoning_only,17,mmd_rbf,0.03774357587099075,128
aim_on_dare__calib_reasoning,candidate,uncensored_refusal_like,reasoning_only,17,projected_js,0.08636109385406598,128
aim_on_dare__calib_reasoning,candidate,uncensored_refusal_like,reasoning_only,18,mmd_rbf,0.04480937123298645,128
aim_on_dare__calib_reasoning,candidate,uncensored_refusal_like,reasoning_only,18,projected_js,0.09136473783291876,128
aim_on_dare__calib_reasoning,candidate,uncensored_refusal_like,reasoning_only,19,mmd_rbf,0.04358864203095436,128
aim_on_dare__calib_reasoning,candidate,uncensored_refusal_like,reasoning_only,19,projected_js,0.08667359570972621,128
aim_on_dare__calib_reasoning,candidate,uncensored_refusal_like,reasoning_only,20,mmd_rbf,0.044356804341077805,128
aim_on_dare__calib_reasoning,candidate,uncensored_refusal_like,reasoning_only,20,projected_js,0.08669391128933057,128
aim_on_dare__calib_reasoning,candidate,uncensored_refusal_like,reasoning_only,21,mmd_rbf,0.04595797881484032,128
aim_on_dare__calib_reasoning,candidate,uncensored_refusal_like,reasoning_only,21,projected_js,0.09300075855571777,128
aim_on_dare__calib_reasoning,candidate,uncensored_refusal_like,reasoning_only,22,mmd_rbf,0.045171868056058884,128
aim_on_dare__calib_reasoning,candidate,uncensored_refusal_like,reasoning_only,22,projected_js,0.09225467999931425,128
aim_on_dare__calib_reasoning,candidate,uncensored_refusal_like,reasoning_only,23,mmd_rbf,0.03993690386414528,128
aim_on_dare__calib_reasoning,candidate,uncensored_refusal_like,reasoning_only,23,projected_js,0.09067303646588698,128
aim_on_dare__calib_reasoning,candidate,uncensored_refusal_like,reasoning_only,24,mmd_rbf,0.04427138715982437,128
aim_on_dare__calib_reasoning,candidate,uncensored_refusal_like,reasoning_only,24,projected_js,0.09229738858994097,128
aim_on_dare__calib_reasoning,candidate,uncensored_refusal_like,reasoning_only,25,mmd_rbf,0.04242623969912529,128
aim_on_dare__calib_reasoning,candidate,uncensored_refusal_like,reasoning_only,25,projected_js,0.08945898275123909,128
aim_on_dare__calib_reasoning,candidate,uncensored_refusal_like,reasoning_only,26,mmd_rbf,0.04426024109125137,128
aim_on_dare__calib_reasoning,candidate,uncensored_refusal_like,reasoning_only,26,projected_js,0.08972919755615294,128
aim_on_dare__calib_reasoning,candidate,uncensored_refusal_like,reasoning_only,27,mmd_rbf,0.04620099067687988,128
aim_on_dare__calib_reasoning,candidate,uncensored_refusal_like,reasoning_only,27,projected_js,0.089978183794301,128
aim_on_dare__calib_reasoning,candidate,uncensored_refusal_like,reasoning_only,28,mmd_rbf,0.048440467566251755,128
aim_on_dare__calib_reasoning,candidate,uncensored_refusal_like,reasoning_only,28,projected_js,0.09946463315282017,128
aim_on_dare__calib_reasoning,candidate,uncensored_refusal_like,reasoning_only,29,mmd_rbf,0.04686729609966278,128
aim_on_dare__calib_reasoning,candidate,uncensored_refusal_like,reasoning_only,29,projected_js,0.10346847539767623,128
aim_on_dare__calib_reasoning,candidate,uncensored_refusal_like,reasoning_only,30,mmd_rbf,0.04979652538895607,128
aim_on_dare__calib_reasoning,candidate,uncensored_refusal_like,reasoning_only,30,projected_js,0.10510860075009987,128
aim_on_dare__calib_reasoning,candidate,uncensored_refusal_like,reasoning_only,31,mmd_rbf,0.049454279243946075,128
aim_on_dare__calib_reasoning,candidate,uncensored_refusal_like,reasoning_only,31,projected_js,0.104774244944565,128
aim_on_dare__calib_reasoning,candidate,uncensored_refusal_like,reasoning_only,32,mmd_rbf,0.04933058097958565,128
aim_on_dare__calib_reasoning,candidate,uncensored_refusal_like,reasoning_only,32,projected_js,0.10200133523903787,128
aim_on_dare__calib_reasoning,candidate,uncensored_refusal_like,reasoning_only,33,mmd_rbf,0.04693896695971489,128
aim_on_dare__calib_reasoning,candidate,uncensored_refusal_like,reasoning_only,33,projected_js,0.09780663927085698,128
aim_on_dare__calib_reasoning,candidate,uncensored_refusal_like,reasoning_only,34,mmd_rbf,0.049670107662677765,128
aim_on_dare__calib_reasoning,candidate,uncensored_refusal_like,reasoning_only,34,projected_js,0.09312281338497996,128
aim_on_dare__calib_reasoning,candidate,uncensored_refusal_like,reasoning_only,35,mmd_rbf,0.05726369842886925,128
aim_on_dare__calib_reasoning,candidate,uncensored_refusal_like,reasoning_only,35,projected_js,0.10459907545009628,128
aim_on_dare__calib_reasoning,candidate,uncensored_refusal_like,uncensored_only,0,mmd_rbf,0.013169622980058193,128
aim_on_dare__calib_reasoning,candidate,uncensored_refusal_like,uncensored_only,0,projected_js,0.0628511155518936,128
aim_on_dare__calib_reasoning,candidate,uncensored_refusal_like,uncensored_only,1,mmd_rbf,0.22418175637722015,128
aim_on_dare__calib_reasoning,candidate,uncensored_refusal_like,uncensored_only,1,projected_js,0.2474557198002003,128
aim_on_dare__calib_reasoning,candidate,uncensored_refusal_like,uncensored_only,2,mmd_rbf,0.20013241469860077,128
aim_on_dare__calib_reasoning,candidate,uncensored_refusal_like,uncensored_only,2,projected_js,0.20710117026465014,128
aim_on_dare__calib_reasoning,candidate,uncensored_refusal_like,uncensored_only,3,mmd_rbf,0.1611194610595703,128
aim_on_dare__calib_reasoning,candidate,uncensored_refusal_like,uncensored_only,3,projected_js,0.16990063415141776,128
aim_on_dare__calib_reasoning,candidate,uncensored_refusal_like,uncensored_only,4,mmd_rbf,0.12946097552776337,128
aim_on_dare__calib_reasoning,candidate,uncensored_refusal_like,uncensored_only,4,projected_js,0.1671300544112455,128
aim_on_dare__calib_reasoning,candidate,uncensored_refusal_like,uncensored_only,5,mmd_rbf,0.09816429764032364,128
aim_on_dare__calib_reasoning,candidate,uncensored_refusal_like,uncensored_only,5,projected_js,0.15211089985677972,128
aim_on_dare__calib_reasoning,candidate,uncensored_refusal_like,uncensored_only,6,mmd_rbf,0.06218438223004341,128
aim_on_dare__calib_reasoning,candidate,uncensored_refusal_like,uncensored_only,6,projected_js,0.11496550892479718,128
aim_on_dare__calib_reasoning,candidate,uncensored_refusal_like,uncensored_only,7,mmd_rbf,0.04709475114941597,128
aim_on_dare__calib_reasoning,candidate,uncensored_refusal_like,uncensored_only,7,projected_js,0.09750169832841493,128
aim_on_dare__calib_reasoning,candidate,uncensored_refusal_like,uncensored_only,8,mmd_rbf,0.03390813618898392,128
aim_on_dare__calib_reasoning,candidate,uncensored_refusal_like,uncensored_only,8,projected_js,0.08466082060476765,128
aim_on_dare__calib_reasoning,candidate,uncensored_refusal_like,uncensored_only,9,mmd_rbf,0.029489392414689064,128
aim_on_dare__calib_reasoning,candidate,uncensored_refusal_like,uncensored_only,9,projected_js,0.0791766753536649,128
aim_on_dare__calib_reasoning,candidate,uncensored_refusal_like,uncensored_only,10,mmd_rbf,0.024778518825769424,128
aim_on_dare__calib_reasoning,candidate,uncensored_refusal_like,uncensored_only,10,projected_js,0.07686028879834339,128
aim_on_dare__calib_reasoning,candidate,uncensored_refusal_like,uncensored_only,11,mmd_rbf,0.02112782746553421,128
aim_on_dare__calib_reasoning,candidate,uncensored_refusal_like,uncensored_only,11,projected_js,0.06716296542435884,128
aim_on_dare__calib_reasoning,candidate,uncensored_refusal_like,uncensored_only,12,mmd_rbf,0.021959228441119194,128
aim_on_dare__calib_reasoning,candidate,uncensored_refusal_like,uncensored_only,12,projected_js,0.07528283871943131,128
aim_on_dare__calib_reasoning,candidate,uncensored_refusal_like,uncensored_only,13,mmd_rbf,0.02318476513028145,128
aim_on_dare__calib_reasoning,candidate,uncensored_refusal_like,uncensored_only,13,projected_js,0.07325366092845798,128
aim_on_dare__calib_reasoning,candidate,uncensored_refusal_like,uncensored_only,14,mmd_rbf,0.023324904963374138,128
aim_on_dare__calib_reasoning,candidate,uncensored_refusal_like,uncensored_only,14,projected_js,0.07943817341583781,128
aim_on_dare__calib_reasoning,candidate,uncensored_refusal_like,uncensored_only,15,mmd_rbf,0.028145868331193924,128
aim_on_dare__calib_reasoning,candidate,uncensored_refusal_like,uncensored_only,15,projected_js,0.08493368368363008,128
aim_on_dare__calib_reasoning,candidate,uncensored_refusal_like,uncensored_only,16,mmd_rbf,0.030010992661118507,128
aim_on_dare__calib_reasoning,candidate,uncensored_refusal_like,uncensored_only,16,projected_js,0.07300089084310457,128
aim_on_dare__calib_reasoning,candidate,uncensored_refusal_like,uncensored_only,17,mmd_rbf,0.030743379145860672,128
aim_on_dare__calib_reasoning,candidate,uncensored_refusal_like,uncensored_only,17,projected_js,0.07895102852489799,128
aim_on_dare__calib_reasoning,candidate,uncensored_refusal_like,uncensored_only,18,mmd_rbf,0.03207875415682793,128
aim_on_dare__calib_reasoning,candidate,uncensored_refusal_like,uncensored_only,18,projected_js,0.08253619453171268,128
aim_on_dare__calib_reasoning,candidate,uncensored_refusal_like,uncensored_only,19,mmd_rbf,0.030779579654335976,128
aim_on_dare__calib_reasoning,candidate,uncensored_refusal_like,uncensored_only,19,projected_js,0.08171963400673121,128
aim_on_dare__calib_reasoning,candidate,uncensored_refusal_like,uncensored_only,20,mmd_rbf,0.03261762857437134,128
aim_on_dare__calib_reasoning,candidate,uncensored_refusal_like,uncensored_only,20,projected_js,0.08160865324316546,128
aim_on_dare__calib_reasoning,candidate,uncensored_refusal_like,uncensored_only,21,mmd_rbf,0.03663906082510948,128
aim_on_dare__calib_reasoning,candidate,uncensored_refusal_like,uncensored_only,21,projected_js,0.08387398096965626,128
aim_on_dare__calib_reasoning,candidate,uncensored_refusal_like,uncensored_only,22,mmd_rbf,0.039202477782964706,128
aim_on_dare__calib_reasoning,candidate,uncensored_refusal_like,uncensored_only,22,projected_js,0.08628126911935396,128
aim_on_dare__calib_reasoning,candidate,uncensored_refusal_like,uncensored_only,23,mmd_rbf,0.03977937251329422,128
aim_on_dare__calib_reasoning,candidate,uncensored_refusal_like,uncensored_only,23,projected_js,0.08915542979957536,128
aim_on_dare__calib_reasoning,candidate,uncensored_refusal_like,uncensored_only,24,mmd_rbf,0.044605500996112823,128
aim_on_dare__calib_reasoning,candidate,uncensored_refusal_like,uncensored_only,24,projected_js,0.09257787727983668,128
aim_on_dare__calib_reasoning,candidate,uncensored_refusal_like,uncensored_only,25,mmd_rbf,0.048152562230825424,128
aim_on_dare__calib_reasoning,candidate,uncensored_refusal_like,uncensored_only,25,projected_js,0.094142489368096,128
aim_on_dare__calib_reasoning,candidate,uncensored_refusal_like,uncensored_only,26,mmd_rbf,0.049482282251119614,128
aim_on_dare__calib_reasoning,candidate,uncensored_refusal_like,uncensored_only,26,projected_js,0.09113502368563786,128
aim_on_dare__calib_reasoning,candidate,uncensored_refusal_like,uncensored_only,27,mmd_rbf,0.050691790878772736,128
aim_on_dare__calib_reasoning,candidate,uncensored_refusal_like,uncensored_only,27,projected_js,0.09869831299874932,128
aim_on_dare__calib_reasoning,candidate,uncensored_refusal_like,uncensored_only,28,mmd_rbf,0.04883479326963425,128
aim_on_dare__calib_reasoning,candidate,uncensored_refusal_like,uncensored_only,28,projected_js,0.10428901802515611,128
aim_on_dare__calib_reasoning,candidate,uncensored_refusal_like,uncensored_only,29,mmd_rbf,0.046753983944654465,128
aim_on_dare__calib_reasoning,candidate,uncensored_refusal_like,uncensored_only,29,projected_js,0.09864844853291288,128
aim_on_dare__calib_reasoning,candidate,uncensored_refusal_like,uncensored_only,30,mmd_rbf,0.04943975433707237,128
aim_on_dare__calib_reasoning,candidate,uncensored_refusal_like,uncensored_only,30,projected_js,0.10180421161931008,128
aim_on_dare__calib_reasoning,candidate,uncensored_refusal_like,uncensored_only,31,mmd_rbf,0.04801766201853752,128
aim_on_dare__calib_reasoning,candidate,uncensored_refusal_like,uncensored_only,31,projected_js,0.09641188895329833,128
aim_on_dare__calib_reasoning,candidate,uncensored_refusal_like,uncensored_only,32,mmd_rbf,0.04792741686105728,128
aim_on_dare__calib_reasoning,candidate,uncensored_refusal_like,uncensored_only,32,projected_js,0.0944355936953798,128
aim_on_dare__calib_reasoning,candidate,uncensored_refusal_like,uncensored_only,33,mmd_rbf,0.04744339361786842,128
aim_on_dare__calib_reasoning,candidate,uncensored_refusal_like,uncensored_only,33,projected_js,0.09490156423998997,128
aim_on_dare__calib_reasoning,candidate,uncensored_refusal_like,uncensored_only,34,mmd_rbf,0.05173933133482933,128
aim_on_dare__calib_reasoning,candidate,uncensored_refusal_like,uncensored_only,34,projected_js,0.104226115567144,128
aim_on_dare__calib_reasoning,candidate,uncensored_refusal_like,uncensored_only,35,mmd_rbf,0.09983143210411072,128
aim_on_dare__calib_reasoning,candidate,uncensored_refusal_like,uncensored_only,35,projected_js,0.13135503511875868,128
