model_id,model_kind,calib_subset,target_id,layer,metric,value,n_prompts
aim_on_breadcrumbs__calib_general,candidate,general,base,0,mmd_rbf,0.0064324261620640755,128
aim_on_breadcrumbs__calib_general,candidate,general,base,0,projected_js,0.0455511311738519,128
aim_on_breadcrumbs__calib_general,candidate,general,base,1,mmd_rbf,0.00974396150559187,128
aim_on_breadcrumbs__calib_general,candidate,general,base,1,projected_js,0.05354079988319427,128
aim_on_breadcrumbs__calib_general,candidate,general,base,2,mmd_rbf,0.010356641374528408,128
aim_on_breadcrumbs__calib_general,candidate,general,base,2,projected_js,0.057049116818234324,128
aim_on_breadcrumbs__calib_general,candidate,general,base,3,mmd_rbf,0.011992898769676685,128
aim_on_breadcrumbs__calib_general,candidate,general,base,3,projected_js,0.05784763762494549,128
aim_on_breadcrumbs__calib_general,candidate,general,base,4,mmd_rbf,0.011656551621854305,128
aim_on_breadcrumbs__calib_general,candidate,general,base,4,projected_js,0.057336143450811505,128
aim_on_breadcrumbs__calib_general,candidate,general,base,5,mmd_rbf,0.010969309136271477,128
aim_on_breadcrumbs__calib_general,candidate,general,base,5,projected_js,0.059758094139397144,128
aim_on_breadcrumbs__calib_general,candidate,general,base,6,mmd_rbf,0.008630230091512203,128
aim_on_breadcrumbs__calib_general,candidate,general,base,6,projected_js,0.054651078215101734,128
aim_on_breadcrumbs__calib_general,candidate,general,base,7,mmd_rbf,0.007559382822364569,128
aim_on_breadcrumbs__calib_general,candidate,general,base,7,projected_js,0.058502523810602725,128
aim_on_breadcrumbs__calib_general,candidate,general,base,8,mmd_rbf,0.0062247090972959995,128
aim_on_breadcrumbs__calib_general,candidate,general,base,8,projected_js,0.0555415028356947,128
aim_on_breadcrumbs__calib_general,candidate,general,base,9,mmd_rbf,0.006273632403463125,128
aim_on_breadcrumbs__calib_general,candidate,general,base,9,projected_js,0.05859779714955948,128
aim_on_breadcrumbs__calib_general,candidate,general,base,10,mmd_rbf,0.006308673415333033,128
aim_on_breadcrumbs__calib_general,candidate,general,base,10,projected_js,0.05737489878083579,128
aim_on_breadcrumbs__calib_general,candidate,general,base,11,mmd_rbf,0.006080237217247486,128
aim_on_breadcrumbs__calib_general,candidate,general,base,11,projected_js,0.05806471631512977,128
aim_on_breadcrumbs__calib_general,candidate,general,base,12,mmd_rbf,0.006086844950914383,128
aim_on_breadcrumbs__calib_general,candidate,general,base,12,projected_js,0.0567518207244575,128
aim_on_breadcrumbs__calib_general,candidate,general,base,13,mmd_rbf,0.006354869809001684,128
aim_on_breadcrumbs__calib_general,candidate,general,base,13,projected_js,0.05983999831369147,128
aim_on_breadcrumbs__calib_general,candidate,general,base,14,mmd_rbf,0.006471970584243536,128
aim_on_breadcrumbs__calib_general,candidate,general,base,14,projected_js,0.06113546312553808,128
aim_on_breadcrumbs__calib_general,candidate,general,base,15,mmd_rbf,0.0068971686996519566,128
aim_on_breadcrumbs__calib_general,candidate,general,base,15,projected_js,0.05759114210377447,128
aim_on_breadcrumbs__calib_general,candidate,general,base,16,mmd_rbf,0.007824084721505642,128
aim_on_breadcrumbs__calib_general,candidate,general,base,16,projected_js,0.05959507677471265,128
aim_on_breadcrumbs__calib_general,candidate,general,base,17,mmd_rbf,0.007671841885894537,128
aim_on_breadcrumbs__calib_general,candidate,general,base,17,projected_js,0.06340587115846574,128
aim_on_breadcrumbs__calib_general,candidate,general,base,18,mmd_rbf,0.008068392053246498,128
aim_on_breadcrumbs__calib_general,candidate,general,base,18,projected_js,0.06386026021209545,128
aim_on_breadcrumbs__calib_general,candidate,general,base,19,mmd_rbf,0.008138037286698818,128
aim_on_breadcrumbs__calib_general,candidate,general,base,19,projected_js,0.06287513521965593,128
aim_on_breadcrumbs__calib_general,candidate,general,base,20,mmd_rbf,0.007896773517131805,128
aim_on_breadcrumbs__calib_general,candidate,general,base,20,projected_js,0.06188252504216507,128
aim_on_breadcrumbs__calib_general,candidate,general,base,21,mmd_rbf,0.007952374406158924,128
aim_on_breadcrumbs__calib_general,candidate,general,base,21,projected_js,0.06373213423648849,128
aim_on_breadcrumbs__calib_general,candidate,general,base,22,mmd_rbf,0.007426224648952484,128
aim_on_breadcrumbs__calib_general,candidate,general,base,22,projected_js,0.062282130878884345,128
aim_on_breadcrumbs__calib_general,candidate,general,base,23,mmd_rbf,0.007033437490463257,128
aim_on_breadcrumbs__calib_general,candidate,general,base,23,projected_js,0.06355771649396047,128
aim_on_breadcrumbs__calib_general,candidate,general,base,24,mmd_rbf,0.006550423800945282,128
aim_on_breadcrumbs__calib_general,candidate,general,base,24,projected_js,0.0576154968875926,128
aim_on_breadcrumbs__calib_general,candidate,general,base,25,mmd_rbf,0.006228303071111441,128
aim_on_breadcrumbs__calib_general,candidate,general,base,25,projected_js,0.05643043090822175,128
aim_on_breadcrumbs__calib_general,candidate,general,base,26,mmd_rbf,0.006251456681638956,128
aim_on_breadcrumbs__calib_general,candidate,general,base,26,projected_js,0.05384595267241821,128
aim_on_breadcrumbs__calib_general,candidate,general,base,27,mmd_rbf,0.0062255593948066235,128
aim_on_breadcrumbs__calib_general,candidate,general,base,27,projected_js,0.06037203760934062,128
aim_on_breadcrumbs__calib_general,candidate,general,base,28,mmd_rbf,0.005908110179007053,128
aim_on_breadcrumbs__calib_general,candidate,general,base,28,projected_js,0.06053199875168502,128
aim_on_breadcrumbs__calib_general,candidate,general,base,29,mmd_rbf,0.0057457624934613705,128
aim_on_breadcrumbs__calib_general,candidate,general,base,29,projected_js,0.057191754691302776,128
aim_on_breadcrumbs__calib_general,candidate,general,base,30,mmd_rbf,0.005444834474474192,128
aim_on_breadcrumbs__calib_general,candidate,general,base,30,projected_js,0.05656683864071965,128
aim_on_breadcrumbs__calib_general,candidate,general,base,31,mmd_rbf,0.0052153873257339,128
aim_on_breadcrumbs__calib_general,candidate,general,base,31,projected_js,0.059362383268307894,128
aim_on_breadcrumbs__calib_general,candidate,general,base,32,mmd_rbf,0.005487751215696335,128
aim_on_breadcrumbs__calib_general,candidate,general,base,32,projected_js,0.056700595043366775,128
aim_on_breadcrumbs__calib_general,candidate,general,base,33,mmd_rbf,0.005699235945940018,128
aim_on_breadcrumbs__calib_general,candidate,general,base,33,projected_js,0.06080586608732119,128
aim_on_breadcrumbs__calib_general,candidate,general,base,34,mmd_rbf,0.009619698859751225,128
aim_on_breadcrumbs__calib_general,candidate,general,base,34,projected_js,0.06268151200492866,128
aim_on_breadcrumbs__calib_general,candidate,general,base,35,mmd_rbf,0.047002021223306656,128
aim_on_breadcrumbs__calib_general,candidate,general,base,35,projected_js,0.09095149772474542,128
aim_on_breadcrumbs__calib_general,candidate,general,instr_only,0,mmd_rbf,0.0034242928959429264,128
aim_on_breadcrumbs__calib_general,candidate,general,instr_only,0,projected_js,0.032887507797568105,128
aim_on_breadcrumbs__calib_general,candidate,general,instr_only,1,mmd_rbf,0.003839868353679776,128
aim_on_breadcrumbs__calib_general,candidate,general,instr_only,1,projected_js,0.03505462678731419,128
aim_on_breadcrumbs__calib_general,candidate,general,instr_only,2,mmd_rbf,0.004018925130367279,128
aim_on_breadcrumbs__calib_general,candidate,general,instr_only,2,projected_js,0.037045747914817184,128
aim_on_breadcrumbs__calib_general,candidate,general,instr_only,3,mmd_rbf,0.004541370552033186,128
aim_on_breadcrumbs__calib_general,candidate,general,instr_only,3,projected_js,0.0411112486908678,128
aim_on_breadcrumbs__calib_general,candidate,general,instr_only,4,mmd_rbf,0.005319010000675917,128
aim_on_breadcrumbs__calib_general,candidate,general,instr_only,4,projected_js,0.042880464665358886,128
aim_on_breadcrumbs__calib_general,candidate,general,instr_only,5,mmd_rbf,0.005773043725639582,128
aim_on_breadcrumbs__calib_general,candidate,general,instr_only,5,projected_js,0.045003628911217675,128
aim_on_breadcrumbs__calib_general,candidate,general,instr_only,6,mmd_rbf,0.004283505957573652,128
aim_on_breadcrumbs__calib_general,candidate,general,instr_only,6,projected_js,0.04437769891228527,128
aim_on_breadcrumbs__calib_general,candidate,general,instr_only,7,mmd_rbf,0.0035983945708721876,128
aim_on_breadcrumbs__calib_general,candidate,general,instr_only,7,projected_js,0.04242361942306161,128
aim_on_breadcrumbs__calib_general,candidate,general,instr_only,8,mmd_rbf,0.0028783970046788454,128
aim_on_breadcrumbs__calib_general,candidate,general,instr_only,8,projected_js,0.043684989388566464,128
aim_on_breadcrumbs__calib_general,candidate,general,instr_only,9,mmd_rbf,0.0028648213483393192,128
aim_on_breadcrumbs__calib_general,candidate,general,instr_only,9,projected_js,0.048688808659790084,128
aim_on_breadcrumbs__calib_general,candidate,general,instr_only,10,mmd_rbf,0.002855213824659586,128
aim_on_breadcrumbs__calib_general,candidate,general,instr_only,10,projected_js,0.04726564194425009,128
aim_on_breadcrumbs__calib_general,candidate,general,instr_only,11,mmd_rbf,0.0028061990160495043,128
aim_on_breadcrumbs__calib_general,candidate,general,instr_only,11,projected_js,0.0498099802643992,128
aim_on_breadcrumbs__calib_general,candidate,general,instr_only,12,mmd_rbf,0.002915531164035201,128
aim_on_breadcrumbs__calib_general,candidate,general,instr_only,12,projected_js,0.05180315568577498,128
aim_on_breadcrumbs__calib_general,candidate,general,instr_only,13,mmd_rbf,0.003419437212869525,128
aim_on_breadcrumbs__calib_general,candidate,general,instr_only,13,projected_js,0.05459465074818581,128
aim_on_breadcrumbs__calib_general,candidate,general,instr_only,14,mmd_rbf,0.003366680582985282,128
aim_on_breadcrumbs__calib_general,candidate,general,instr_only,14,projected_js,0.05183396939537488,128
aim_on_breadcrumbs__calib_general,candidate,general,instr_only,15,mmd_rbf,0.003705755341798067,128
aim_on_breadcrumbs__calib_general,candidate,general,instr_only,15,projected_js,0.05316486716037616,128
aim_on_breadcrumbs__calib_general,candidate,general,instr_only,16,mmd_rbf,0.004167473409324884,128
aim_on_breadcrumbs__calib_general,candidate,general,instr_only,16,projected_js,0.057248964614700526,128
aim_on_breadcrumbs__calib_general,candidate,general,instr_only,17,mmd_rbf,0.004426530096679926,128
aim_on_breadcrumbs__calib_general,candidate,general,instr_only,17,projected_js,0.056779097649268806,128
aim_on_breadcrumbs__calib_general,candidate,general,instr_only,18,mmd_rbf,0.004790813662111759,128
aim_on_breadcrumbs__calib_general,candidate,general,instr_only,18,projected_js,0.0577043785888236,128
aim_on_breadcrumbs__calib_general,candidate,general,instr_only,19,mmd_rbf,0.005007108673453331,128
aim_on_breadcrumbs__calib_general,candidate,general,instr_only,19,projected_js,0.05915317218750715,128
aim_on_breadcrumbs__calib_general,candidate,general,instr_only,20,mmd_rbf,0.005040450487285852,128
aim_on_breadcrumbs__calib_general,candidate,general,instr_only,20,projected_js,0.05538432238972746,128
aim_on_breadcrumbs__calib_general,candidate,general,instr_only,21,mmd_rbf,0.005346020217984915,128
aim_on_breadcrumbs__calib_general,candidate,general,instr_only,21,projected_js,0.058547749067656696,128
aim_on_breadcrumbs__calib_general,candidate,general,instr_only,22,mmd_rbf,0.005558933597058058,128
aim_on_breadcrumbs__calib_general,candidate,general,instr_only,22,projected_js,0.05699987566913478,128
aim_on_breadcrumbs__calib_general,candidate,general,instr_only,23,mmd_rbf,0.005339452531188726,128
aim_on_breadcrumbs__calib_general,candidate,general,instr_only,23,projected_js,0.053638850047718734,128
aim_on_breadcrumbs__calib_general,candidate,general,instr_only,24,mmd_rbf,0.0052518839947879314,128
aim_on_breadcrumbs__calib_general,candidate,general,instr_only,24,projected_js,0.055758484348189086,128
aim_on_breadcrumbs__calib_general,candidate,general,instr_only,25,mmd_rbf,0.005111002828925848,128
aim_on_breadcrumbs__calib_general,candidate,general,instr_only,25,projected_js,0.05618940608110279,128
aim_on_breadcrumbs__calib_general,candidate,general,instr_only,26,mmd_rbf,0.0050751580856740475,128
aim_on_breadcrumbs__calib_general,candidate,general,instr_only,26,projected_js,0.0544967923196964,128
aim_on_breadcrumbs__calib_general,candidate,general,instr_only,27,mmd_rbf,0.0050145480781793594,128
aim_on_breadcrumbs__calib_general,candidate,general,instr_only,27,projected_js,0.05829210707452148,128
aim_on_breadcrumbs__calib_general,candidate,general,instr_only,28,mmd_rbf,0.004860359244048595,128
aim_on_breadcrumbs__calib_general,candidate,general,instr_only,28,projected_js,0.05504733003908768,128
aim_on_breadcrumbs__calib_general,candidate,general,instr_only,29,mmd_rbf,0.004585325252264738,128
aim_on_breadcrumbs__calib_general,candidate,general,instr_only,29,projected_js,0.05407512909732759,128
aim_on_breadcrumbs__calib_general,candidate,general,instr_only,30,mmd_rbf,0.004382388666272163,128
aim_on_breadcrumbs__calib_general,candidate,general,instr_only,30,projected_js,0.055189255479490384,128
aim_on_breadcrumbs__calib_general,candidate,general,instr_only,31,mmd_rbf,0.004316186998039484,128
aim_on_breadcrumbs__calib_general,candidate,general,instr_only,31,projected_js,0.05272649403195828,128
aim_on_breadcrumbs__calib_general,candidate,general,instr_only,32,mmd_rbf,0.004589169751852751,128
aim_on_breadcrumbs__calib_general,candidate,general,instr_only,32,projected_js,0.058446621376788244,128
aim_on_breadcrumbs__calib_general,candidate,general,instr_only,33,mmd_rbf,0.004838596098124981,128
aim_on_breadcrumbs__calib_general,candidate,general,instr_only,33,projected_js,0.055776846304070204,128
aim_on_breadcrumbs__calib_general,candidate,general,instr_only,34,mmd_rbf,0.00717153400182724,128
aim_on_breadcrumbs__calib_general,candidate,general,instr_only,34,projected_js,0.0608082574326545,128
aim_on_breadcrumbs__calib_general,candidate,general,instr_only,35,mmd_rbf,0.05402367189526558,128
aim_on_breadcrumbs__calib_general,candidate,general,instr_only,35,projected_js,0.09711396929924376,128
aim_on_breadcrumbs__calib_general,candidate,general,reasoning_only,0,mmd_rbf,0.013535141944885254,128
aim_on_breadcrumbs__calib_general,candidate,general,reasoning_only,0,projected_js,0.06005785192246549,128
aim_on_breadcrumbs__calib_general,candidate,general,reasoning_only,1,mmd_rbf,0.01508923526853323,128
aim_on_breadcrumbs__calib_general,candidate,general,reasoning_only,1,projected_js,0.06060775605146773,128
aim_on_breadcrumbs__calib_general,candidate,general,reasoning_only,2,mmd_rbf,0.020956873893737793,128
aim_on_breadcrumbs__calib_general,candidate,general,reasoning_only,2,projected_js,0.06508752741501667,128
aim_on_breadcrumbs__calib_general,candidate,general,reasoning_only,3,mmd_rbf,0.024011675268411636,128
aim_on_breadcrumbs__calib_general,candidate,general,reasoning_only,3,projected_js,0.07557106798049062,128
aim_on_breadcrumbs__calib_general,candidate,general,reasoning_only,4,mmd_rbf,0.024065447971224785,128
aim_on_breadcrumbs__calib_general,candidate,general,reasoning_only,4,projected_js,0.07425458839861676,128
aim_on_breadcrumbs__calib_general,candidate,general,reasoning_only,5,mmd_rbf,0.024060437455773354,128
aim_on_breadcrumbs__calib_general,candidate,general,reasoning_only,5,projected_js,0.07709276268724352,128
aim_on_breadcrumbs__calib_general,candidate,general,reasoning_only,6,mmd_rbf,0.01686747372150421,128
aim_on_breadcrumbs__calib_general,candidate,general,reasoning_only,6,projected_js,0.06615214131306857,128
aim_on_breadcrumbs__calib_general,candidate,general,reasoning_only,7,mmd_rbf,0.015249534510076046,128
aim_on_breadcrumbs__calib_general,candidate,general,reasoning_only,7,projected_js,0.06500907766167074,128
aim_on_breadcrumbs__calib_general,candidate,general,reasoning_only,8,mmd_rbf,0.011527293361723423,128
aim_on_breadcrumbs__calib_general,candidate,general,reasoning_only,8,projected_js,0.06479470955673605,128
aim_on_breadcrumbs__calib_general,candidate,general,reasoning_only,9,mmd_rbf,0.010984311811625957,128
aim_on_breadcrumbs__calib_general,candidate,general,reasoning_only,9,projected_js,0.06241681272513233,128
aim_on_breadcrumbs__calib_general,candidate,general,reasoning_only,10,mmd_rbf,0.011763683520257473,128
aim_on_breadcrumbs__calib_general,candidate,general,reasoning_only,10,projected_js,0.0646108241926413,128
aim_on_breadcrumbs__calib_general,candidate,general,reasoning_only,11,mmd_rbf,0.010831157676875591,128
aim_on_breadcrumbs__calib_general,candidate,general,reasoning_only,11,projected_js,0.06470062845619395,128
aim_on_breadcrumbs__calib_general,candidate,general,reasoning_only,12,mmd_rbf,0.011109773069620132,128
aim_on_breadcrumbs__calib_general,candidate,general,reasoning_only,12,projected_js,0.06394709923188202,128
aim_on_breadcrumbs__calib_general,candidate,general,reasoning_only,13,mmd_rbf,0.011616389267146587,128
aim_on_breadcrumbs__calib_general,candidate,general,reasoning_only,13,projected_js,0.06580153084360063,128
aim_on_breadcrumbs__calib_general,candidate,general,reasoning_only,14,mmd_rbf,0.011637798510491848,128
aim_on_breadcrumbs__calib_general,candidate,general,reasoning_only,14,projected_js,0.06373428643564694,128
aim_on_breadcrumbs__calib_general,candidate,general,reasoning_only,15,mmd_rbf,0.012337247841060162,128
aim_on_breadcrumbs__calib_general,candidate,general,reasoning_only,15,projected_js,0.06536426238017157,128
aim_on_breadcrumbs__calib_general,candidate,general,reasoning_only,16,mmd_rbf,0.012549224309623241,128
aim_on_breadcrumbs__calib_general,candidate,general,reasoning_only,16,projected_js,0.06759286375017837,128
aim_on_breadcrumbs__calib_general,candidate,general,reasoning_only,17,mmd_rbf,0.012503668665885925,128
aim_on_breadcrumbs__calib_general,candidate,general,reasoning_only,17,projected_js,0.06621723214630038,128
aim_on_breadcrumbs__calib_general,candidate,general,reasoning_only,18,mmd_rbf,0.014052572660148144,128
aim_on_breadcrumbs__calib_general,candidate,general,reasoning_only,18,projected_js,0.06721954693784937,128
aim_on_breadcrumbs__calib_general,candidate,general,reasoning_only,19,mmd_rbf,0.01322417613118887,128
aim_on_breadcrumbs__calib_general,candidate,general,reasoning_only,19,projected_js,0.06531104046734981,128
aim_on_breadcrumbs__calib_general,candidate,general,reasoning_only,20,mmd_rbf,0.013213901780545712,128
aim_on_breadcrumbs__calib_general,candidate,general,reasoning_only,20,projected_js,0.06369981059106067,128
aim_on_breadcrumbs__calib_general,candidate,general,reasoning_only,21,mmd_rbf,0.013783286325633526,128
aim_on_breadcrumbs__calib_general,candidate,general,reasoning_only,21,projected_js,0.06650421005906537,128
aim_on_breadcrumbs__calib_general,candidate,general,reasoning_only,22,mmd_rbf,0.011897469870746136,128
aim_on_breadcrumbs__calib_general,candidate,general,reasoning_only,22,projected_js,0.06520291097695008,128
aim_on_breadcrumbs__calib_general,candidate,general,reasoning_only,23,mmd_rbf,0.009897560812532902,128
aim_on_breadcrumbs__calib_general,candidate,general,reasoning_only,23,projected_js,0.0658597606816329,128
aim_on_breadcrumbs__calib_general,candidate,general,reasoning_only,24,mmd_rbf,0.010344034060835838,128
aim_on_breadcrumbs__calib_general,candidate,general,reasoning_only,24,projected_js,0.06318885466316715,128
aim_on_breadcrumbs__calib_general,candidate,general,reasoning_only,25,mmd_rbf,0.009736761450767517,128
aim_on_breadcrumbs__calib_general,candidate,general,reasoning_only,25,projected_js,0.06295552389929071,128
aim_on_breadcrumbs__calib_general,candidate,general,reasoning_only,26,mmd_rbf,0.010004817508161068,128
aim_on_breadcrumbs__calib_general,candidate,general,reasoning_only,26,projected_js,0.06321131292497739,128
aim_on_breadcrumbs__calib_general,candidate,general,reasoning_only,27,mmd_rbf,0.00962521880865097,128
aim_on_breadcrumbs__calib_general,candidate,general,reasoning_only,27,projected_js,0.06334672239609063,128
aim_on_breadcrumbs__calib_general,candidate,general,reasoning_only,28,mmd_rbf,0.009914184920489788,128
aim_on_breadcrumbs__calib_general,candidate,general,reasoning_only,28,projected_js,0.06145693454891443,128
aim_on_breadcrumbs__calib_general,candidate,general,reasoning_only,29,mmd_rbf,0.009837651625275612,128
aim_on_breadcrumbs__calib_general,candidate,general,reasoning_only,29,projected_js,0.06226009174133651,128
aim_on_breadcrumbs__calib_general,candidate,general,reasoning_only,30,mmd_rbf,0.00973487552255392,128
aim_on_breadcrumbs__calib_general,candidate,general,reasoning_only,30,projected_js,0.0607185959815979,128
aim_on_breadcrumbs__calib_general,candidate,general,reasoning_only,31,mmd_rbf,0.009830503724515438,128
aim_on_breadcrumbs__calib_general,candidate,general,reasoning_only,31,projected_js,0.062382908537983894,128
aim_on_breadcrumbs__calib_general,candidate,general,reasoning_only,32,mmd_rbf,0.009653138928115368,128
aim_on_breadcrumbs__calib_general,candidate,general,reasoning_only,32,projected_js,0.06402348994743079,128
aim_on_breadcrumbs__calib_general,candidate,general,reasoning_only,33,mmd_rbf,0.00908881425857544,128
aim_on_breadcrumbs__calib_general,candidate,general,reasoning_only,33,projected_js,0.06049495906336233,128
aim_on_breadcrumbs__calib_general,candidate,general,reasoning_only,34,mmd_rbf,0.0087438328191638,128
aim_on_breadcrumbs__calib_general,candidate,general,reasoning_only,34,projected_js,0.06250163761433214,128
aim_on_breadcrumbs__calib_general,candidate,general,reasoning_only,35,mmd_rbf,0.020788105204701424,128
aim_on_breadcrumbs__calib_general,candidate,general,reasoning_only,35,projected_js,0.06590857461560518,128
aim_on_breadcrumbs__calib_general,candidate,general,uncensored_only,0,mmd_rbf,0.008858663029968739,128
aim_on_breadcrumbs__calib_general,candidate,general,uncensored_only,0,projected_js,0.04432777235342655,128
aim_on_breadcrumbs__calib_general,candidate,general,uncensored_only,1,mmd_rbf,0.17013826966285706,128
aim_on_breadcrumbs__calib_general,candidate,general,uncensored_only,1,projected_js,0.17866169463377446,128
aim_on_breadcrumbs__calib_general,candidate,general,uncensored_only,2,mmd_rbf,0.14164891839027405,128
aim_on_breadcrumbs__calib_general,candidate,general,uncensored_only,2,projected_js,0.13761577912373468,128
aim_on_breadcrumbs__calib_general,candidate,general,uncensored_only,3,mmd_rbf,0.1066751703619957,128
aim_on_breadcrumbs__calib_general,candidate,general,uncensored_only,3,projected_js,0.12576915591489524,128
aim_on_breadcrumbs__calib_general,candidate,general,uncensored_only,4,mmd_rbf,0.07863204926252365,128
aim_on_breadcrumbs__calib_general,candidate,general,uncensored_only,4,projected_js,0.11242381628835574,128
aim_on_breadcrumbs__calib_general,candidate,general,uncensored_only,5,mmd_rbf,0.055379439145326614,128
aim_on_breadcrumbs__calib_general,candidate,general,uncensored_only,5,projected_js,0.10347108246060088,128
aim_on_breadcrumbs__calib_general,candidate,general,uncensored_only,6,mmd_rbf,0.03127940744161606,128
aim_on_breadcrumbs__calib_general,candidate,general,uncensored_only,6,projected_js,0.08404209691798314,128
aim_on_breadcrumbs__calib_general,candidate,general,uncensored_only,7,mmd_rbf,0.02396967262029648,128
aim_on_breadcrumbs__calib_general,candidate,general,uncensored_only,7,projected_js,0.07434022933011875,128
aim_on_breadcrumbs__calib_general,candidate,general,uncensored_only,8,mmd_rbf,0.015715498477220535,128
aim_on_breadcrumbs__calib_general,candidate,general,uncensored_only,8,projected_js,0.06772078655194491,128
aim_on_breadcrumbs__calib_general,candidate,general,uncensored_only,9,mmd_rbf,0.012873897328972816,128
aim_on_breadcrumbs__calib_general,candidate,general,uncensored_only,9,projected_js,0.06409519736189395,128
aim_on_breadcrumbs__calib_general,candidate,general,uncensored_only,10,mmd_rbf,0.011434963904321194,128
aim_on_breadcrumbs__calib_general,candidate,general,uncensored_only,10,projected_js,0.06302423280430958,128
aim_on_breadcrumbs__calib_general,candidate,general,uncensored_only,11,mmd_rbf,0.009758295491337776,128
aim_on_breadcrumbs__calib_general,candidate,general,uncensored_only,11,projected_js,0.061530156002845615,128
aim_on_breadcrumbs__calib_general,candidate,general,uncensored_only,12,mmd_rbf,0.009597260504961014,128
aim_on_breadcrumbs__calib_general,candidate,general,uncensored_only,12,projected_js,0.0633455024799332,128
aim_on_breadcrumbs__calib_general,candidate,general,uncensored_only,13,mmd_rbf,0.010144852101802826,128
aim_on_breadcrumbs__calib_general,candidate,general,uncensored_only,13,projected_js,0.06147887458791956,128
aim_on_breadcrumbs__calib_general,candidate,general,uncensored_only,14,mmd_rbf,0.010407517664134502,128
aim_on_breadcrumbs__calib_general,candidate,general,uncensored_only,14,projected_js,0.06324526137905195,128
aim_on_breadcrumbs__calib_general,candidate,general,uncensored_only,15,mmd_rbf,0.012971051037311554,128
aim_on_breadcrumbs__calib_general,candidate,general,uncensored_only,15,projected_js,0.06340670463396236,128
aim_on_breadcrumbs__calib_general,candidate,general,uncensored_only,16,mmd_rbf,0.014375224709510803,128
aim_on_breadcrumbs__calib_general,candidate,general,uncensored_only,16,projected_js,0.06761285790707916,128
aim_on_breadcrumbs__calib_general,candidate,general,uncensored_only,17,mmd_rbf,0.01310972310602665,128
aim_on_breadcrumbs__calib_general,candidate,general,uncensored_only,17,projected_js,0.06448350375285372,128
aim_on_breadcrumbs__calib_general,candidate,general,uncensored_only,18,mmd_rbf,0.013652297668159008,128
aim_on_breadcrumbs__calib_general,candidate,general,uncensored_only,18,projected_js,0.06931537174386904,128
aim_on_breadcrumbs__calib_general,candidate,general,uncensored_only,19,mmd_rbf,0.012730459682643414,128
aim_on_breadcrumbs__calib_general,candidate,general,uncensored_only,19,projected_js,0.0659258043160662,128
aim_on_breadcrumbs__calib_general,candidate,general,uncensored_only,20,mmd_rbf,0.012506416998803616,128
aim_on_breadcrumbs__calib_general,candidate,general,uncensored_only,20,projected_js,0.0637792840716429,128
aim_on_breadcrumbs__calib_general,candidate,general,uncensored_only,21,mmd_rbf,0.013706452213227749,128
aim_on_breadcrumbs__calib_general,candidate,general,uncensored_only,21,projected_js,0.07106530119199306,128
aim_on_breadcrumbs__calib_general,candidate,general,uncensored_only,22,mmd_rbf,0.01448708213865757,128
aim_on_breadcrumbs__calib_general,candidate,general,uncensored_only,22,projected_js,0.06695873895660043,128
aim_on_breadcrumbs__calib_general,candidate,general,uncensored_only,23,mmd_rbf,0.013751856051385403,128
aim_on_breadcrumbs__calib_general,candidate,general,uncensored_only,23,projected_js,0.06745035492349416,128
aim_on_breadcrumbs__calib_general,candidate,general,uncensored_only,24,mmd_rbf,0.013913792558014393,128
aim_on_breadcrumbs__calib_general,candidate,general,uncensored_only,24,projected_js,0.06905578990699723,128
aim_on_breadcrumbs__calib_general,candidate,general,uncensored_only,25,mmd_rbf,0.01416141726076603,128
aim_on_breadcrumbs__calib_general,candidate,general,uncensored_only,25,projected_js,0.06805723084835336,128
aim_on_breadcrumbs__calib_general,candidate,general,uncensored_only,26,mmd_rbf,0.014374889433383942,128
aim_on_breadcrumbs__calib_general,candidate,general,uncensored_only,26,projected_js,0.06813902081921697,128
aim_on_breadcrumbs__calib_general,candidate,general,uncensored_only,27,mmd_rbf,0.014347505755722523,128
aim_on_breadcrumbs__calib_general,candidate,general,uncensored_only,27,projected_js,0.06890804338036105,128
aim_on_breadcrumbs__calib_general,candidate,general,uncensored_only,28,mmd_rbf,0.013044211082160473,128
aim_on_breadcrumbs__calib_general,candidate,general,uncensored_only,28,projected_js,0.06940043083159253,128
aim_on_breadcrumbs__calib_general,candidate,general,uncensored_only,29,mmd_rbf,0.01245642639696598,128
aim_on_breadcrumbs__calib_general,candidate,general,uncensored_only,29,projected_js,0.06184135633520782,128
aim_on_breadcrumbs__calib_general,candidate,general,uncensored_only,30,mmd_rbf,0.01235697790980339,128
aim_on_breadcrumbs__calib_general,candidate,general,uncensored_only,30,projected_js,0.05984138243366033,128
aim_on_breadcrumbs__calib_general,candidate,general,uncensored_only,31,mmd_rbf,0.011666321195662022,128
aim_on_breadcrumbs__calib_general,candidate,general,uncensored_only,31,projected_js,0.06302134931320325,128
aim_on_breadcrumbs__calib_general,candidate,general,uncensored_only,32,mmd_rbf,0.011586896143853664,128
aim_on_breadcrumbs__calib_general,candidate,general,uncensored_only,32,projected_js,0.060019259282853454,128
aim_on_breadcrumbs__calib_general,candidate,general,uncensored_only,33,mmd_rbf,0.011825865134596825,128
aim_on_breadcrumbs__calib_general,candidate,general,uncensored_only,33,projected_js,0.06340151611948386,128
aim_on_breadcrumbs__calib_general,candidate,general,uncensored_only,34,mmd_rbf,0.013840469531714916,128
aim_on_breadcrumbs__calib_general,candidate,general,uncensored_only,34,projected_js,0.06697479856666178,128
aim_on_breadcrumbs__calib_general,candidate,general,uncensored_only,35,mmd_rbf,0.06995624303817749,128
aim_on_breadcrumbs__calib_general,candidate,general,uncensored_only,35,projected_js,0.1089713501278311,128
aim_on_breadcrumbs__calib_general,candidate,instruction,base,0,mmd_rbf,0.003948647063225508,128
aim_on_breadcrumbs__calib_general,candidate,instruction,base,0,projected_js,0.04729280626634136,128
aim_on_breadcrumbs__calib_general,candidate,instruction,base,1,mmd_rbf,0.006292873527854681,128
aim_on_breadcrumbs__calib_general,candidate,instruction,base,1,projected_js,0.051401738746790215,128
aim_on_breadcrumbs__calib_general,candidate,instruction,base,2,mmd_rbf,0.00853272620588541,128
aim_on_breadcrumbs__calib_general,candidate,instruction,base,2,projected_js,0.05987066158559173,128
aim_on_breadcrumbs__calib_general,candidate,instruction,base,3,mmd_rbf,0.011536398902535439,128
aim_on_breadcrumbs__calib_general,candidate,instruction,base,3,projected_js,0.06623488728655502,128
aim_on_breadcrumbs__calib_general,candidate,instruction,base,4,mmd_rbf,0.010888657532632351,128
aim_on_breadcrumbs__calib_general,candidate,instruction,base,4,projected_js,0.06277226255042478,128
aim_on_breadcrumbs__calib_general,candidate,instruction,base,5,mmd_rbf,0.011348719708621502,128
aim_on_breadcrumbs__calib_general,candidate,instruction,base,5,projected_js,0.057353390409843996,128
aim_on_breadcrumbs__calib_general,candidate,instruction,base,6,mmd_rbf,0.010030263103544712,128
aim_on_breadcrumbs__calib_general,candidate,instruction,base,6,projected_js,0.06202279415447265,128
aim_on_breadcrumbs__calib_general,candidate,instruction,base,7,mmd_rbf,0.009402821771800518,128
aim_on_breadcrumbs__calib_general,candidate,instruction,base,7,projected_js,0.06495396612444893,128
aim_on_breadcrumbs__calib_general,candidate,instruction,base,8,mmd_rbf,0.008753045462071896,128
aim_on_breadcrumbs__calib_general,candidate,instruction,base,8,projected_js,0.06499529370921664,128
aim_on_breadcrumbs__calib_general,candidate,instruction,base,9,mmd_rbf,0.009573309682309628,128
aim_on_breadcrumbs__calib_general,candidate,instruction,base,9,projected_js,0.0624613044783473,128
aim_on_breadcrumbs__calib_general,candidate,instruction,base,10,mmd_rbf,0.010416556149721146,128
aim_on_breadcrumbs__calib_general,candidate,instruction,base,10,projected_js,0.06593113008420914,128
aim_on_breadcrumbs__calib_general,candidate,instruction,base,11,mmd_rbf,0.010168011300265789,128
aim_on_breadcrumbs__calib_general,candidate,instruction,base,11,projected_js,0.06376781489234418,128
aim_on_breadcrumbs__calib_general,candidate,instruction,base,12,mmd_rbf,0.010002128779888153,128
aim_on_breadcrumbs__calib_general,candidate,instruction,base,12,projected_js,0.06796072638826445,128
aim_on_breadcrumbs__calib_general,candidate,instruction,base,13,mmd_rbf,0.010619654320180416,128
aim_on_breadcrumbs__calib_general,candidate,instruction,base,13,projected_js,0.06887706543784589,128
aim_on_breadcrumbs__calib_general,candidate,instruction,base,14,mmd_rbf,0.010864297859370708,128
aim_on_breadcrumbs__calib_general,candidate,instruction,base,14,projected_js,0.06914956943364814,128
aim_on_breadcrumbs__calib_general,candidate,instruction,base,15,mmd_rbf,0.011646503582596779,128
aim_on_breadcrumbs__calib_general,candidate,instruction,base,15,projected_js,0.07062857004348189,128
aim_on_breadcrumbs__calib_general,candidate,instruction,base,16,mmd_rbf,0.01231165137141943,128
aim_on_breadcrumbs__calib_general,candidate,instruction,base,16,projected_js,0.06751654134131968,128
aim_on_breadcrumbs__calib_general,candidate,instruction,base,17,mmd_rbf,0.012353874742984772,128
aim_on_breadcrumbs__calib_general,candidate,instruction,base,17,projected_js,0.06798553437693045,128
aim_on_breadcrumbs__calib_general,candidate,instruction,base,18,mmd_rbf,0.013280157931149006,128
aim_on_breadcrumbs__calib_general,candidate,instruction,base,18,projected_js,0.07163989206310362,128
aim_on_breadcrumbs__calib_general,candidate,instruction,base,19,mmd_rbf,0.014635409228503704,128
aim_on_breadcrumbs__calib_general,candidate,instruction,base,19,projected_js,0.06945518404245377,128
aim_on_breadcrumbs__calib_general,candidate,instruction,base,20,mmd_rbf,0.014810875058174133,128
aim_on_breadcrumbs__calib_general,candidate,instruction,base,20,projected_js,0.07146690055378713,128
aim_on_breadcrumbs__calib_general,candidate,instruction,base,21,mmd_rbf,0.015526989474892616,128
aim_on_breadcrumbs__calib_general,candidate,instruction,base,21,projected_js,0.07567877572728321,128
aim_on_breadcrumbs__calib_general,candidate,instruction,base,22,mmd_rbf,0.014995835721492767,128
aim_on_breadcrumbs__calib_general,candidate,instruction,base,22,projected_js,0.07010206102859229,128
aim_on_breadcrumbs__calib_general,candidate,instruction,base,23,mmd_rbf,0.014043238945305347,128
aim_on_breadcrumbs__calib_general,candidate,instruction,base,23,projected_js,0.07115588337182999,128
aim_on_breadcrumbs__calib_general,candidate,instruction,base,24,mmd_rbf,0.013255310244858265,128
aim_on_breadcrumbs__calib_general,candidate,instruction,base,24,projected_js,0.07070668879896402,128
aim_on_breadcrumbs__calib_general,candidate,instruction,base,25,mmd_rbf,0.012475501745939255,128
aim_on_breadcrumbs__calib_general,candidate,instruction,base,25,projected_js,0.07348114874912426,128
aim_on_breadcrumbs__calib_general,candidate,instruction,base,26,mmd_rbf,0.012143772095441818,128
aim_on_breadcrumbs__calib_general,candidate,instruction,base,26,projected_js,0.07082977134268731,128
aim_on_breadcrumbs__calib_general,candidate,instruction,base,27,mmd_rbf,0.011790559627115726,128
aim_on_breadcrumbs__calib_general,candidate,instruction,base,27,projected_js,0.06709613255225122,128
aim_on_breadcrumbs__calib_general,candidate,instruction,base,28,mmd_rbf,0.010976718738675117,128
aim_on_breadcrumbs__calib_general,candidate,instruction,base,28,projected_js,0.067822236684151,128
aim_on_breadcrumbs__calib_general,candidate,instruction,base,29,mmd_rbf,0.010403785854578018,128
aim_on_breadcrumbs__calib_general,candidate,instruction,base,29,projected_js,0.06470839321264066,128
aim_on_breadcrumbs__calib_general,candidate,instruction,base,30,mmd_rbf,0.010133691132068634,128
aim_on_breadcrumbs__calib_general,candidate,instruction,base,30,projected_js,0.06631287230993621,128
aim_on_breadcrumbs__calib_general,candidate,instruction,base,31,mmd_rbf,0.009834617376327515,128
aim_on_breadcrumbs__calib_general,candidate,instruction,base,31,projected_js,0.06868547725025564,128
aim_on_breadcrumbs__calib_general,candidate,instruction,base,32,mmd_rbf,0.01012992113828659,128
aim_on_breadcrumbs__calib_general,candidate,instruction,base,32,projected_js,0.07094192033400759,128
aim_on_breadcrumbs__calib_general,candidate,instruction,base,33,mmd_rbf,0.010403073392808437,128
aim_on_breadcrumbs__calib_general,candidate,instruction,base,33,projected_js,0.0680932846153155,128
aim_on_breadcrumbs__calib_general,candidate,instruction,base,34,mmd_rbf,0.01478895265609026,128
aim_on_breadcrumbs__calib_general,candidate,instruction,base,34,projected_js,0.07652442873222753,128
aim_on_breadcrumbs__calib_general,candidate,instruction,base,35,mmd_rbf,0.04112188145518303,128
aim_on_breadcrumbs__calib_general,candidate,instruction,base,35,projected_js,0.09881978417979553,128
aim_on_breadcrumbs__calib_general,candidate,instruction,instr_only,0,mmd_rbf,0.002043667482212186,128
aim_on_breadcrumbs__calib_general,candidate,instruction,instr_only,0,projected_js,0.0347984018153511,128
aim_on_breadcrumbs__calib_general,candidate,instruction,instr_only,1,mmd_rbf,0.0029711693059653044,128
aim_on_breadcrumbs__calib_general,candidate,instruction,instr_only,1,projected_js,0.036858849693089724,128
aim_on_breadcrumbs__calib_general,candidate,instruction,instr_only,2,mmd_rbf,0.003617709968239069,128
aim_on_breadcrumbs__calib_general,candidate,instruction,instr_only,2,projected_js,0.041065036442887504,128
aim_on_breadcrumbs__calib_general,candidate,instruction,instr_only,3,mmd_rbf,0.0037765621673315763,128
aim_on_breadcrumbs__calib_general,candidate,instruction,instr_only,3,projected_js,0.042724568498670124,128
aim_on_breadcrumbs__calib_general,candidate,instruction,instr_only,4,mmd_rbf,0.004299480002373457,128
aim_on_breadcrumbs__calib_general,candidate,instruction,instr_only,4,projected_js,0.04373423727520276,128
aim_on_breadcrumbs__calib_general,candidate,instruction,instr_only,5,mmd_rbf,0.005049212370067835,128
aim_on_breadcrumbs__calib_general,candidate,instruction,instr_only,5,projected_js,0.046770230401307344,128
aim_on_breadcrumbs__calib_general,candidate,instruction,instr_only,6,mmd_rbf,0.00393368024379015,128
aim_on_breadcrumbs__calib_general,candidate,instruction,instr_only,6,projected_js,0.04699298337800428,128
aim_on_breadcrumbs__calib_general,candidate,instruction,instr_only,7,mmd_rbf,0.0034530602861195803,128
aim_on_breadcrumbs__calib_general,candidate,instruction,instr_only,7,projected_js,0.04974544877768494,128
aim_on_breadcrumbs__calib_general,candidate,instruction,instr_only,8,mmd_rbf,0.002939545316621661,128
aim_on_breadcrumbs__calib_general,candidate,instruction,instr_only,8,projected_js,0.0488867761741858,128
aim_on_breadcrumbs__calib_general,candidate,instruction,instr_only,9,mmd_rbf,0.003024028381332755,128
aim_on_breadcrumbs__calib_general,candidate,instruction,instr_only,9,projected_js,0.052858325478155166,128
aim_on_breadcrumbs__calib_general,candidate,instruction,instr_only,10,mmd_rbf,0.0031020932365208864,128
aim_on_breadcrumbs__calib_general,candidate,instruction,instr_only,10,projected_js,0.05473959406663198,128
aim_on_breadcrumbs__calib_general,candidate,instruction,instr_only,11,mmd_rbf,0.0028105450328439474,128
aim_on_breadcrumbs__calib_general,candidate,instruction,instr_only,11,projected_js,0.057503954769345,128
aim_on_breadcrumbs__calib_general,candidate,instruction,instr_only,12,mmd_rbf,0.002734370529651642,128
aim_on_breadcrumbs__calib_general,candidate,instruction,instr_only,12,projected_js,0.05298525479156524,128
aim_on_breadcrumbs__calib_general,candidate,instruction,instr_only,13,mmd_rbf,0.002862060908228159,128
aim_on_breadcrumbs__calib_general,candidate,instruction,instr_only,13,projected_js,0.05457418898004107,128
aim_on_breadcrumbs__calib_general,candidate,instruction,instr_only,14,mmd_rbf,0.0028114374727010727,128
aim_on_breadcrumbs__calib_general,candidate,instruction,instr_only,14,projected_js,0.05475509591633454,128
aim_on_breadcrumbs__calib_general,candidate,instruction,instr_only,15,mmd_rbf,0.0029890076257288456,128
aim_on_breadcrumbs__calib_general,candidate,instruction,instr_only,15,projected_js,0.060531169292517006,128
aim_on_breadcrumbs__calib_general,candidate,instruction,instr_only,16,mmd_rbf,0.003186239395290613,128
aim_on_breadcrumbs__calib_general,candidate,instruction,instr_only,16,projected_js,0.05865216429810971,128
aim_on_breadcrumbs__calib_general,candidate,instruction,instr_only,17,mmd_rbf,0.003306895261630416,128
aim_on_breadcrumbs__calib_general,candidate,instruction,instr_only,17,projected_js,0.05654818017501384,128
aim_on_breadcrumbs__calib_general,candidate,instruction,instr_only,18,mmd_rbf,0.003624052507802844,128
aim_on_breadcrumbs__calib_general,candidate,instruction,instr_only,18,projected_js,0.059290590055752546,128
aim_on_breadcrumbs__calib_general,candidate,instruction,instr_only,19,mmd_rbf,0.004035500809550285,128
aim_on_breadcrumbs__calib_general,candidate,instruction,instr_only,19,projected_js,0.05757583415834233,128
aim_on_breadcrumbs__calib_general,candidate,instruction,instr_only,20,mmd_rbf,0.004272911231964827,128
aim_on_breadcrumbs__calib_general,candidate,instruction,instr_only,20,projected_js,0.05605190576170571,128
aim_on_breadcrumbs__calib_general,candidate,instruction,instr_only,21,mmd_rbf,0.005279116798192263,128
aim_on_breadcrumbs__calib_general,candidate,instruction,instr_only,21,projected_js,0.0641724766464904,128
aim_on_breadcrumbs__calib_general,candidate,instruction,instr_only,22,mmd_rbf,0.005681128241121769,128
aim_on_breadcrumbs__calib_general,candidate,instruction,instr_only,22,projected_js,0.06307390774600208,128
aim_on_breadcrumbs__calib_general,candidate,instruction,instr_only,23,mmd_rbf,0.005772256758064032,128
aim_on_breadcrumbs__calib_general,candidate,instruction,instr_only,23,projected_js,0.061942805419676006,128
aim_on_breadcrumbs__calib_general,candidate,instruction,instr_only,24,mmd_rbf,0.005625494755804539,128
aim_on_breadcrumbs__calib_general,candidate,instruction,instr_only,24,projected_js,0.06317083316389471,128
aim_on_breadcrumbs__calib_general,candidate,instruction,instr_only,25,mmd_rbf,0.005709508899599314,128
aim_on_breadcrumbs__calib_general,candidate,instruction,instr_only,25,projected_js,0.06407211482292041,128
aim_on_breadcrumbs__calib_general,candidate,instruction,instr_only,26,mmd_rbf,0.0057457066141068935,128
aim_on_breadcrumbs__calib_general,candidate,instruction,instr_only,26,projected_js,0.06566630149609409,128
aim_on_breadcrumbs__calib_general,candidate,instruction,instr_only,27,mmd_rbf,0.0057113259099423885,128
aim_on_breadcrumbs__calib_general,candidate,instruction,instr_only,27,projected_js,0.06646609166637063,128
aim_on_breadcrumbs__calib_general,candidate,instruction,instr_only,28,mmd_rbf,0.005437926854938269,128
aim_on_breadcrumbs__calib_general,candidate,instruction,instr_only,28,projected_js,0.061493013839935884,128
aim_on_breadcrumbs__calib_general,candidate,instruction,instr_only,29,mmd_rbf,0.005144395865499973,128
aim_on_breadcrumbs__calib_general,candidate,instruction,instr_only,29,projected_js,0.06102678325260058,128
aim_on_breadcrumbs__calib_general,candidate,instruction,instr_only,30,mmd_rbf,0.005057706497609615,128
aim_on_breadcrumbs__calib_general,candidate,instruction,instr_only,30,projected_js,0.060836925578769296,128
aim_on_breadcrumbs__calib_general,candidate,instruction,instr_only,31,mmd_rbf,0.004938716534525156,128
aim_on_breadcrumbs__calib_general,candidate,instruction,instr_only,31,projected_js,0.06360467616468668,128
aim_on_breadcrumbs__calib_general,candidate,instruction,instr_only,32,mmd_rbf,0.005118705797940493,128
aim_on_breadcrumbs__calib_general,candidate,instruction,instr_only,32,projected_js,0.06001168448710814,128
aim_on_breadcrumbs__calib_general,candidate,instruction,instr_only,33,mmd_rbf,0.00546430516988039,128
aim_on_breadcrumbs__calib_general,candidate,instruction,instr_only,33,projected_js,0.0636870966409333,128
aim_on_breadcrumbs__calib_general,candidate,instruction,instr_only,34,mmd_rbf,0.00807105004787445,128
aim_on_breadcrumbs__calib_general,candidate,instruction,instr_only,34,projected_js,0.064805292931851,128
aim_on_breadcrumbs__calib_general,candidate,instruction,instr_only,35,mmd_rbf,0.049626436084508896,128
aim_on_breadcrumbs__calib_general,candidate,instruction,instr_only,35,projected_js,0.10695237049367279,128
aim_on_breadcrumbs__calib_general,candidate,instruction,reasoning_only,0,mmd_rbf,0.006511205341666937,128
aim_on_breadcrumbs__calib_general,candidate,instruction,reasoning_only,0,projected_js,0.05849807849153876,128
aim_on_breadcrumbs__calib_general,candidate,instruction,reasoning_only,1,mmd_rbf,0.010194838047027588,128
aim_on_breadcrumbs__calib_general,candidate,instruction,reasoning_only,1,projected_js,0.05702963870135136,128
aim_on_breadcrumbs__calib_general,candidate,instruction,reasoning_only,2,mmd_rbf,0.015901226550340652,128
aim_on_breadcrumbs__calib_general,candidate,instruction,reasoning_only,2,projected_js,0.06412088981596753,128
aim_on_breadcrumbs__calib_general,candidate,instruction,reasoning_only,3,mmd_rbf,0.017713356763124466,128
aim_on_breadcrumbs__calib_general,candidate,instruction,reasoning_only,3,projected_js,0.06832105704233982,128
aim_on_breadcrumbs__calib_general,candidate,instruction,reasoning_only,4,mmd_rbf,0.01932120881974697,128
aim_on_breadcrumbs__calib_general,candidate,instruction,reasoning_only,4,projected_js,0.07502095960080624,128
aim_on_breadcrumbs__calib_general,candidate,instruction,reasoning_only,5,mmd_rbf,0.021732838824391365,128
aim_on_breadcrumbs__calib_general,candidate,instruction,reasoning_only,5,projected_js,0.07529886084375903,128
aim_on_breadcrumbs__calib_general,candidate,instruction,reasoning_only,6,mmd_rbf,0.016695359721779823,128
aim_on_breadcrumbs__calib_general,candidate,instruction,reasoning_only,6,projected_js,0.0755550674512051,128
aim_on_breadcrumbs__calib_general,candidate,instruction,reasoning_only,7,mmd_rbf,0.016430934891104698,128
aim_on_breadcrumbs__calib_general,candidate,instruction,reasoning_only,7,projected_js,0.07717705133836716,128
aim_on_breadcrumbs__calib_general,candidate,instruction,reasoning_only,8,mmd_rbf,0.012864350341260433,128
aim_on_breadcrumbs__calib_general,candidate,instruction,reasoning_only,8,projected_js,0.07145489571848884,128
aim_on_breadcrumbs__calib_general,candidate,instruction,reasoning_only,9,mmd_rbf,0.0125960698351264,128
aim_on_breadcrumbs__calib_general,candidate,instruction,reasoning_only,9,projected_js,0.07012218108866364,128
aim_on_breadcrumbs__calib_general,candidate,instruction,reasoning_only,10,mmd_rbf,0.014360742643475533,128
aim_on_breadcrumbs__calib_general,candidate,instruction,reasoning_only,10,projected_js,0.07324153342051432,128
aim_on_breadcrumbs__calib_general,candidate,instruction,reasoning_only,11,mmd_rbf,0.01387945469468832,128
aim_on_breadcrumbs__calib_general,candidate,instruction,reasoning_only,11,projected_js,0.07271543011302128,128
aim_on_breadcrumbs__calib_general,candidate,instruction,reasoning_only,12,mmd_rbf,0.014734849333763123,128
aim_on_breadcrumbs__calib_general,candidate,instruction,reasoning_only,12,projected_js,0.07376223770552315,128
aim_on_breadcrumbs__calib_general,candidate,instruction,reasoning_only,13,mmd_rbf,0.015486719086766243,128
aim_on_breadcrumbs__calib_general,candidate,instruction,reasoning_only,13,projected_js,0.07521074655232951,128
aim_on_breadcrumbs__calib_general,candidate,instruction,reasoning_only,14,mmd_rbf,0.015352502465248108,128
aim_on_breadcrumbs__calib_general,candidate,instruction,reasoning_only,14,projected_js,0.07395135099068284,128
aim_on_breadcrumbs__calib_general,candidate,instruction,reasoning_only,15,mmd_rbf,0.016312068328261375,128
aim_on_breadcrumbs__calib_general,candidate,instruction,reasoning_only,15,projected_js,0.07338220370002091,128
aim_on_breadcrumbs__calib_general,candidate,instruction,reasoning_only,16,mmd_rbf,0.01655561663210392,128
aim_on_breadcrumbs__calib_general,candidate,instruction,reasoning_only,16,projected_js,0.07501299760770053,128
aim_on_breadcrumbs__calib_general,candidate,instruction,reasoning_only,17,mmd_rbf,0.01666114293038845,128
aim_on_breadcrumbs__calib_general,candidate,instruction,reasoning_only,17,projected_js,0.07046313869068399,128
aim_on_breadcrumbs__calib_general,candidate,instruction,reasoning_only,18,mmd_rbf,0.018959080800414085,128
aim_on_breadcrumbs__calib_general,candidate,instruction,reasoning_only,18,projected_js,0.07174599124118686,128
aim_on_breadcrumbs__calib_general,candidate,instruction,reasoning_only,19,mmd_rbf,0.019621780142188072,128
aim_on_breadcrumbs__calib_general,candidate,instruction,reasoning_only,19,projected_js,0.07619994401466101,128
aim_on_breadcrumbs__calib_general,candidate,instruction,reasoning_only,20,mmd_rbf,0.01969263330101967,128
aim_on_breadcrumbs__calib_general,candidate,instruction,reasoning_only,20,projected_js,0.07513670739717782,128
aim_on_breadcrumbs__calib_general,candidate,instruction,reasoning_only,21,mmd_rbf,0.020236795768141747,128
aim_on_breadcrumbs__calib_general,candidate,instruction,reasoning_only,21,projected_js,0.07894685474457219,128
aim_on_breadcrumbs__calib_general,candidate,instruction,reasoning_only,22,mmd_rbf,0.019361013546586037,128
aim_on_breadcrumbs__calib_general,candidate,instruction,reasoning_only,22,projected_js,0.0790353380725719,128
aim_on_breadcrumbs__calib_general,candidate,instruction,reasoning_only,23,mmd_rbf,0.01679098792374134,128
aim_on_breadcrumbs__calib_general,candidate,instruction,reasoning_only,23,projected_js,0.077833607501816,128
aim_on_breadcrumbs__calib_general,candidate,instruction,reasoning_only,24,mmd_rbf,0.017849355936050415,128
aim_on_breadcrumbs__calib_general,candidate,instruction,reasoning_only,24,projected_js,0.07561779208481312,128
aim_on_breadcrumbs__calib_general,candidate,instruction,reasoning_only,25,mmd_rbf,0.017141489312052727,128
aim_on_breadcrumbs__calib_general,candidate,instruction,reasoning_only,25,projected_js,0.07668716175248846,128
aim_on_breadcrumbs__calib_general,candidate,instruction,reasoning_only,26,mmd_rbf,0.017858296632766724,128
aim_on_breadcrumbs__calib_general,candidate,instruction,reasoning_only,26,projected_js,0.07650955591816455,128
aim_on_breadcrumbs__calib_general,candidate,instruction,reasoning_only,27,mmd_rbf,0.017743756994605064,128
aim_on_breadcrumbs__calib_general,candidate,instruction,reasoning_only,27,projected_js,0.07612917287042364,128
aim_on_breadcrumbs__calib_general,candidate,instruction,reasoning_only,28,mmd_rbf,0.018276989459991455,128
aim_on_breadcrumbs__calib_general,candidate,instruction,reasoning_only,28,projected_js,0.07765552483033389,128
aim_on_breadcrumbs__calib_general,candidate,instruction,reasoning_only,29,mmd_rbf,0.017843974754214287,128
aim_on_breadcrumbs__calib_general,candidate,instruction,reasoning_only,29,projected_js,0.07515951292589307,128
aim_on_breadcrumbs__calib_general,candidate,instruction,reasoning_only,30,mmd_rbf,0.018595760688185692,128
aim_on_breadcrumbs__calib_general,candidate,instruction,reasoning_only,30,projected_js,0.07830272818682715,128
aim_on_breadcrumbs__calib_general,candidate,instruction,reasoning_only,31,mmd_rbf,0.01860976032912731,128
aim_on_breadcrumbs__calib_general,candidate,instruction,reasoning_only,31,projected_js,0.0768019501119852,128
aim_on_breadcrumbs__calib_general,candidate,instruction,reasoning_only,32,mmd_rbf,0.018053263425827026,128
aim_on_breadcrumbs__calib_general,candidate,instruction,reasoning_only,32,projected_js,0.07363757432904094,128
aim_on_breadcrumbs__calib_general,candidate,instruction,reasoning_only,33,mmd_rbf,0.016439465805888176,128
aim_on_breadcrumbs__calib_general,candidate,instruction,reasoning_only,33,projected_js,0.07414308545412496,128
aim_on_breadcrumbs__calib_general,candidate,instruction,reasoning_only,34,mmd_rbf,0.01614597998559475,128
aim_on_breadcrumbs__calib_general,candidate,instruction,reasoning_only,34,projected_js,0.07281890010926872,128
aim_on_breadcrumbs__calib_general,candidate,instruction,reasoning_only,35,mmd_rbf,0.01685624197125435,128
aim_on_breadcrumbs__calib_general,candidate,instruction,reasoning_only,35,projected_js,0.06753605420817621,128
aim_on_breadcrumbs__calib_general,candidate,instruction,uncensored_only,0,mmd_rbf,0.006006562616676092,128
aim_on_breadcrumbs__calib_general,candidate,instruction,uncensored_only,0,projected_js,0.04953657905571163,128
aim_on_breadcrumbs__calib_general,candidate,instruction,uncensored_only,1,mmd_rbf,0.13564787805080414,128
aim_on_breadcrumbs__calib_general,candidate,instruction,uncensored_only,1,projected_js,0.1606350785586983,128
aim_on_breadcrumbs__calib_general,candidate,instruction,uncensored_only,2,mmd_rbf,0.12013781070709229,128
aim_on_breadcrumbs__calib_general,candidate,instruction,uncensored_only,2,projected_js,0.1401668637408875,128
aim_on_breadcrumbs__calib_general,candidate,instruction,uncensored_only,3,mmd_rbf,0.0896674171090126,128
aim_on_breadcrumbs__calib_general,candidate,instruction,uncensored_only,3,projected_js,0.11796367343049496,128
aim_on_breadcrumbs__calib_general,candidate,instruction,uncensored_only,4,mmd_rbf,0.06604363769292831,128
aim_on_breadcrumbs__calib_general,candidate,instruction,uncensored_only,4,projected_js,0.11409924132749438,128
aim_on_breadcrumbs__calib_general,candidate,instruction,uncensored_only,5,mmd_rbf,0.04943941906094551,128
aim_on_breadcrumbs__calib_general,candidate,instruction,uncensored_only,5,projected_js,0.09745008934987709,128
aim_on_breadcrumbs__calib_general,candidate,instruction,uncensored_only,6,mmd_rbf,0.029722407460212708,128
aim_on_breadcrumbs__calib_general,candidate,instruction,uncensored_only,6,projected_js,0.08560177776962519,128
aim_on_breadcrumbs__calib_general,candidate,instruction,uncensored_only,7,mmd_rbf,0.024041270837187767,128
aim_on_breadcrumbs__calib_general,candidate,instruction,uncensored_only,7,projected_js,0.08233514870516956,128
aim_on_breadcrumbs__calib_general,candidate,instruction,uncensored_only,8,mmd_rbf,0.01655328832566738,128
aim_on_breadcrumbs__calib_general,candidate,instruction,uncensored_only,8,projected_js,0.07437516452046111,128
aim_on_breadcrumbs__calib_general,candidate,instruction,uncensored_only,9,mmd_rbf,0.013621089048683643,128
aim_on_breadcrumbs__calib_general,candidate,instruction,uncensored_only,9,projected_js,0.06572308368049562,128
aim_on_breadcrumbs__calib_general,candidate,instruction,uncensored_only,10,mmd_rbf,0.012395908124744892,128
aim_on_breadcrumbs__calib_general,candidate,instruction,uncensored_only,10,projected_js,0.07065127114765346,128
aim_on_breadcrumbs__calib_general,candidate,instruction,uncensored_only,11,mmd_rbf,0.010179929435253143,128
aim_on_breadcrumbs__calib_general,candidate,instruction,uncensored_only,11,projected_js,0.06792248794226907,128
aim_on_breadcrumbs__calib_general,candidate,instruction,uncensored_only,12,mmd_rbf,0.010072196833789349,128
aim_on_breadcrumbs__calib_general,candidate,instruction,uncensored_only,12,projected_js,0.07057729084044695,128
aim_on_breadcrumbs__calib_general,candidate,instruction,uncensored_only,13,mmd_rbf,0.010305549018085003,128
aim_on_breadcrumbs__calib_general,candidate,instruction,uncensored_only,13,projected_js,0.0698788202716969,128
aim_on_breadcrumbs__calib_general,candidate,instruction,uncensored_only,14,mmd_rbf,0.011233746074140072,128
aim_on_breadcrumbs__calib_general,candidate,instruction,uncensored_only,14,projected_js,0.06701779854483902,128
aim_on_breadcrumbs__calib_general,candidate,instruction,uncensored_only,15,mmd_rbf,0.013377505354583263,128
aim_on_breadcrumbs__calib_general,candidate,instruction,uncensored_only,15,projected_js,0.07068198345950805,128
aim_on_breadcrumbs__calib_general,candidate,instruction,uncensored_only,16,mmd_rbf,0.014232573099434376,128
aim_on_breadcrumbs__calib_general,candidate,instruction,uncensored_only,16,projected_js,0.0712292575626634,128
aim_on_breadcrumbs__calib_general,candidate,instruction,uncensored_only,17,mmd_rbf,0.013535295613110065,128
aim_on_breadcrumbs__calib_general,candidate,instruction,uncensored_only,17,projected_js,0.0674549940158613,128
aim_on_breadcrumbs__calib_general,candidate,instruction,uncensored_only,18,mmd_rbf,0.013839304447174072,128
aim_on_breadcrumbs__calib_general,candidate,instruction,uncensored_only,18,projected_js,0.07334096019621938,128
aim_on_breadcrumbs__calib_general,candidate,instruction,uncensored_only,19,mmd_rbf,0.013758626766502857,128
aim_on_breadcrumbs__calib_general,candidate,instruction,uncensored_only,19,projected_js,0.07340782799292356,128
aim_on_breadcrumbs__calib_general,candidate,instruction,uncensored_only,20,mmd_rbf,0.014309150166809559,128
aim_on_breadcrumbs__calib_general,candidate,instruction,uncensored_only,20,projected_js,0.07141040835995227,128
aim_on_breadcrumbs__calib_general,candidate,instruction,uncensored_only,21,mmd_rbf,0.01588502898812294,128
aim_on_breadcrumbs__calib_general,candidate,instruction,uncensored_only,21,projected_js,0.07683254877338186,128
aim_on_breadcrumbs__calib_general,candidate,instruction,uncensored_only,22,mmd_rbf,0.017615074291825294,128
aim_on_breadcrumbs__calib_general,candidate,instruction,uncensored_only,22,projected_js,0.0722817347268574,128
aim_on_breadcrumbs__calib_general,candidate,instruction,uncensored_only,23,mmd_rbf,0.017854934558272362,128
aim_on_breadcrumbs__calib_general,candidate,instruction,uncensored_only,23,projected_js,0.07552591670537367,128
aim_on_breadcrumbs__calib_general,candidate,instruction,uncensored_only,24,mmd_rbf,0.01909640058875084,128
aim_on_breadcrumbs__calib_general,candidate,instruction,uncensored_only,24,projected_js,0.07534353289520368,128
aim_on_breadcrumbs__calib_general,candidate,instruction,uncensored_only,25,mmd_rbf,0.019751328974962234,128
aim_on_breadcrumbs__calib_general,candidate,instruction,uncensored_only,25,projected_js,0.08289877482457086,128
aim_on_breadcrumbs__calib_general,candidate,instruction,uncensored_only,26,mmd_rbf,0.01999189704656601,128
aim_on_breadcrumbs__calib_general,candidate,instruction,uncensored_only,26,projected_js,0.08108563191490248,128
aim_on_breadcrumbs__calib_general,candidate,instruction,uncensored_only,27,mmd_rbf,0.019848106428980827,128
aim_on_breadcrumbs__calib_general,candidate,instruction,uncensored_only,27,projected_js,0.07885991758666933,128
aim_on_breadcrumbs__calib_general,candidate,instruction,uncensored_only,28,mmd_rbf,0.01763784885406494,128
aim_on_breadcrumbs__calib_general,candidate,instruction,uncensored_only,28,projected_js,0.07345070003066212,128
aim_on_breadcrumbs__calib_general,candidate,instruction,uncensored_only,29,mmd_rbf,0.016622845083475113,128
aim_on_breadcrumbs__calib_general,candidate,instruction,uncensored_only,29,projected_js,0.07632432447280735,128
aim_on_breadcrumbs__calib_general,candidate,instruction,uncensored_only,30,mmd_rbf,0.01656004600226879,128
aim_on_breadcrumbs__calib_general,candidate,instruction,uncensored_only,30,projected_js,0.07046783703844994,128
aim_on_breadcrumbs__calib_general,candidate,instruction,uncensored_only,31,mmd_rbf,0.01582500897347927,128
aim_on_breadcrumbs__calib_general,candidate,instruction,uncensored_only,31,projected_js,0.07530508819036186,128
aim_on_breadcrumbs__calib_general,candidate,instruction,uncensored_only,32,mmd_rbf,0.015733687207102776,128
aim_on_breadcrumbs__calib_general,candidate,instruction,uncensored_only,32,projected_js,0.06736200640443712,128
aim_on_breadcrumbs__calib_general,candidate,instruction,uncensored_only,33,mmd_rbf,0.0157416220754385,128
aim_on_breadcrumbs__calib_general,candidate,instruction,uncensored_only,33,projected_js,0.07097676652483642,128
aim_on_breadcrumbs__calib_general,candidate,instruction,uncensored_only,34,mmd_rbf,0.018056238070130348,128
aim_on_breadcrumbs__calib_general,candidate,instruction,uncensored_only,34,projected_js,0.07762531557818875,128
aim_on_breadcrumbs__calib_general,candidate,instruction,uncensored_only,35,mmd_rbf,0.059636782854795456,128
aim_on_breadcrumbs__calib_general,candidate,instruction,uncensored_only,35,projected_js,0.10797411511885002,128
aim_on_breadcrumbs__calib_general,candidate,reasoning,base,0,mmd_rbf,0.0025331259239465,128
aim_on_breadcrumbs__calib_general,candidate,reasoning,base,0,projected_js,0.04374865029240027,128
aim_on_breadcrumbs__calib_general,candidate,reasoning,base,1,mmd_rbf,0.004711284767836332,128
aim_on_breadcrumbs__calib_general,candidate,reasoning,base,1,projected_js,0.04845337674487382,128
aim_on_breadcrumbs__calib_general,candidate,reasoning,base,2,mmd_rbf,0.006334961391985416,128
aim_on_breadcrumbs__calib_general,candidate,reasoning,base,2,projected_js,0.050958520208951086,128
aim_on_breadcrumbs__calib_general,candidate,reasoning,base,3,mmd_rbf,0.007582503836601973,128
aim_on_breadcrumbs__calib_general,candidate,reasoning,base,3,projected_js,0.05773914363817312,128
aim_on_breadcrumbs__calib_general,candidate,reasoning,base,4,mmd_rbf,0.007714881096035242,128
aim_on_breadcrumbs__calib_general,candidate,reasoning,base,4,projected_js,0.05637376639060676,128
aim_on_breadcrumbs__calib_general,candidate,reasoning,base,5,mmd_rbf,0.006919202394783497,128
aim_on_breadcrumbs__calib_general,candidate,reasoning,base,5,projected_js,0.054162271291716024,128
aim_on_breadcrumbs__calib_general,candidate,reasoning,base,6,mmd_rbf,0.0055344076827168465,128
aim_on_breadcrumbs__calib_general,candidate,reasoning,base,6,projected_js,0.05505979232839309,128
aim_on_breadcrumbs__calib_general,candidate,reasoning,base,7,mmd_rbf,0.005240598227828741,128
aim_on_breadcrumbs__calib_general,candidate,reasoning,base,7,projected_js,0.055086374923121184,128
aim_on_breadcrumbs__calib_general,candidate,reasoning,base,8,mmd_rbf,0.0048483312129974365,128
aim_on_breadcrumbs__calib_general,candidate,reasoning,base,8,projected_js,0.058140823792200536,128
aim_on_breadcrumbs__calib_general,candidate,reasoning,base,9,mmd_rbf,0.005205737426877022,128
aim_on_breadcrumbs__calib_general,candidate,reasoning,base,9,projected_js,0.0590292104461696,128
aim_on_breadcrumbs__calib_general,candidate,reasoning,base,10,mmd_rbf,0.005540009122341871,128
aim_on_breadcrumbs__calib_general,candidate,reasoning,base,10,projected_js,0.053173041029367596,128
aim_on_breadcrumbs__calib_general,candidate,reasoning,base,11,mmd_rbf,0.005171060096472502,128
aim_on_breadcrumbs__calib_general,candidate,reasoning,base,11,projected_js,0.05857825820567086,128
aim_on_breadcrumbs__calib_general,candidate,reasoning,base,12,mmd_rbf,0.005347509868443012,128
aim_on_breadcrumbs__calib_general,candidate,reasoning,base,12,projected_js,0.05394847423303872,128
aim_on_breadcrumbs__calib_general,candidate,reasoning,base,13,mmd_rbf,0.00542787741869688,128
aim_on_breadcrumbs__calib_general,candidate,reasoning,base,13,projected_js,0.058846923580858856,128
aim_on_breadcrumbs__calib_general,candidate,reasoning,base,14,mmd_rbf,0.0054648504592478275,128
aim_on_breadcrumbs__calib_general,candidate,reasoning,base,14,projected_js,0.059672816190868616,128
aim_on_breadcrumbs__calib_general,candidate,reasoning,base,15,mmd_rbf,0.005781997926533222,128
aim_on_breadcrumbs__calib_general,candidate,reasoning,base,15,projected_js,0.059421761601697654,128
aim_on_breadcrumbs__calib_general,candidate,reasoning,base,16,mmd_rbf,0.006266760174185038,128
aim_on_breadcrumbs__calib_general,candidate,reasoning,base,16,projected_js,0.05790709666325711,128
aim_on_breadcrumbs__calib_general,candidate,reasoning,base,17,mmd_rbf,0.006132548209279776,128
aim_on_breadcrumbs__calib_general,candidate,reasoning,base,17,projected_js,0.06104876124300063,128
aim_on_breadcrumbs__calib_general,candidate,reasoning,base,18,mmd_rbf,0.006383705884218216,128
aim_on_breadcrumbs__calib_general,candidate,reasoning,base,18,projected_js,0.05944264950812794,128
aim_on_breadcrumbs__calib_general,candidate,reasoning,base,19,mmd_rbf,0.006548311095684767,128
aim_on_breadcrumbs__calib_general,candidate,reasoning,base,19,projected_js,0.06217697536339983,128
aim_on_breadcrumbs__calib_general,candidate,reasoning,base,20,mmd_rbf,0.006384159903973341,128
aim_on_breadcrumbs__calib_general,candidate,reasoning,base,20,projected_js,0.06050505905295722,128
aim_on_breadcrumbs__calib_general,candidate,reasoning,base,21,mmd_rbf,0.006417681463062763,128
aim_on_breadcrumbs__calib_general,candidate,reasoning,base,21,projected_js,0.05926660954719409,128
aim_on_breadcrumbs__calib_general,candidate,reasoning,base,22,mmd_rbf,0.006090966053307056,128
aim_on_breadcrumbs__calib_general,candidate,reasoning,base,22,projected_js,0.060240834252908826,128
aim_on_breadcrumbs__calib_general,candidate,reasoning,base,23,mmd_rbf,0.006071953568607569,128
aim_on_breadcrumbs__calib_general,candidate,reasoning,base,23,projected_js,0.056695215695071965,128
aim_on_breadcrumbs__calib_general,candidate,reasoning,base,24,mmd_rbf,0.005733842961490154,128
aim_on_breadcrumbs__calib_general,candidate,reasoning,base,24,projected_js,0.05699420045129955,128
aim_on_breadcrumbs__calib_general,candidate,reasoning,base,25,mmd_rbf,0.005545476917177439,128
aim_on_breadcrumbs__calib_general,candidate,reasoning,base,25,projected_js,0.06123750377446413,128
aim_on_breadcrumbs__calib_general,candidate,reasoning,base,26,mmd_rbf,0.005547432694584131,128
aim_on_breadcrumbs__calib_general,candidate,reasoning,base,26,projected_js,0.05966854770667851,128
aim_on_breadcrumbs__calib_general,candidate,reasoning,base,27,mmd_rbf,0.005653638858348131,128
aim_on_breadcrumbs__calib_general,candidate,reasoning,base,27,projected_js,0.06406307395081967,128
aim_on_breadcrumbs__calib_general,candidate,reasoning,base,28,mmd_rbf,0.005749988369643688,128
aim_on_breadcrumbs__calib_general,candidate,reasoning,base,28,projected_js,0.061889579345006496,128
aim_on_breadcrumbs__calib_general,candidate,reasoning,base,29,mmd_rbf,0.005947161000221968,128
aim_on_breadcrumbs__calib_general,candidate,reasoning,base,29,projected_js,0.06220711377682164,128
aim_on_breadcrumbs__calib_general,candidate,reasoning,base,30,mmd_rbf,0.006043170113116503,128
aim_on_breadcrumbs__calib_general,candidate,reasoning,base,30,projected_js,0.0587193735409528,128
aim_on_breadcrumbs__calib_general,candidate,reasoning,base,31,mmd_rbf,0.006142802536487579,128
aim_on_breadcrumbs__calib_general,candidate,reasoning,base,31,projected_js,0.06063499517040327,128
aim_on_breadcrumbs__calib_general,candidate,reasoning,base,32,mmd_rbf,0.006478178780525923,128
aim_on_breadcrumbs__calib_general,candidate,reasoning,base,32,projected_js,0.05886539100902155,128
aim_on_breadcrumbs__calib_general,candidate,reasoning,base,33,mmd_rbf,0.006582383997738361,128
aim_on_breadcrumbs__calib_general,candidate,reasoning,base,33,projected_js,0.06110935710603371,128
aim_on_breadcrumbs__calib_general,candidate,reasoning,base,34,mmd_rbf,0.00852687656879425,128
aim_on_breadcrumbs__calib_general,candidate,reasoning,base,34,projected_js,0.06498047814238816,128
aim_on_breadcrumbs__calib_general,candidate,reasoning,base,35,mmd_rbf,0.02819386124610901,128
aim_on_breadcrumbs__calib_general,candidate,reasoning,base,35,projected_js,0.0762958629638888,128
aim_on_breadcrumbs__calib_general,candidate,reasoning,instr_only,0,mmd_rbf,0.0012116701109334826,128
aim_on_breadcrumbs__calib_general,candidate,reasoning,instr_only,0,projected_js,0.03335529315518215,128
aim_on_breadcrumbs__calib_general,candidate,reasoning,instr_only,1,mmd_rbf,0.0017914578784257174,128
aim_on_breadcrumbs__calib_general,candidate,reasoning,instr_only,1,projected_js,0.03337739691778552,128
aim_on_breadcrumbs__calib_general,candidate,reasoning,instr_only,2,mmd_rbf,0.0023023821413517,128
aim_on_breadcrumbs__calib_general,candidate,reasoning,instr_only,2,projected_js,0.03825578803662211,128
aim_on_breadcrumbs__calib_general,candidate,reasoning,instr_only,3,mmd_rbf,0.0024407156743109226,128
aim_on_breadcrumbs__calib_general,candidate,reasoning,instr_only,3,projected_js,0.03877249071956612,128
aim_on_breadcrumbs__calib_general,candidate,reasoning,instr_only,4,mmd_rbf,0.002434794558212161,128
aim_on_breadcrumbs__calib_general,candidate,reasoning,instr_only,4,projected_js,0.03984040244540665,128
aim_on_breadcrumbs__calib_general,candidate,reasoning,instr_only,5,mmd_rbf,0.0025240443646907806,128
aim_on_breadcrumbs__calib_general,candidate,reasoning,instr_only,5,projected_js,0.04029495189024601,128
aim_on_breadcrumbs__calib_general,candidate,reasoning,instr_only,6,mmd_rbf,0.0020107701420783997,128
aim_on_breadcrumbs__calib_general,candidate,reasoning,instr_only,6,projected_js,0.04328621085733175,128
aim_on_breadcrumbs__calib_general,candidate,reasoning,instr_only,7,mmd_rbf,0.001966360956430435,128
aim_on_breadcrumbs__calib_general,candidate,reasoning,instr_only,7,projected_js,0.045506794907851145,128
aim_on_breadcrumbs__calib_general,candidate,reasoning,instr_only,8,mmd_rbf,0.0018265091348439455,128
aim_on_breadcrumbs__calib_general,candidate,reasoning,instr_only,8,projected_js,0.04723036153882276,128
aim_on_breadcrumbs__calib_general,candidate,reasoning,instr_only,9,mmd_rbf,0.0019060395425185561,128
aim_on_breadcrumbs__calib_general,candidate,reasoning,instr_only,9,projected_js,0.049611051043029875,128
aim_on_breadcrumbs__calib_general,candidate,reasoning,instr_only,10,mmd_rbf,0.0018127311486750841,128
aim_on_breadcrumbs__calib_general,candidate,reasoning,instr_only,10,projected_js,0.0461043024843093,128
aim_on_breadcrumbs__calib_general,candidate,reasoning,instr_only,11,mmd_rbf,0.0016326584154739976,128
aim_on_breadcrumbs__calib_general,candidate,reasoning,instr_only,11,projected_js,0.0493177673779428,128
aim_on_breadcrumbs__calib_general,candidate,reasoning,instr_only,12,mmd_rbf,0.0016477465396746993,128
aim_on_breadcrumbs__calib_general,candidate,reasoning,instr_only,12,projected_js,0.04792408092180267,128
aim_on_breadcrumbs__calib_general,candidate,reasoning,instr_only,13,mmd_rbf,0.0017861977685242891,128
aim_on_breadcrumbs__calib_general,candidate,reasoning,instr_only,13,projected_js,0.05150499165756628,128
aim_on_breadcrumbs__calib_general,candidate,reasoning,instr_only,14,mmd_rbf,0.0016957909101620317,128
aim_on_breadcrumbs__calib_general,candidate,reasoning,instr_only,14,projected_js,0.04880200722254813,128
aim_on_breadcrumbs__calib_general,candidate,reasoning,instr_only,15,mmd_rbf,0.0018386453157290816,128
aim_on_breadcrumbs__calib_general,candidate,reasoning,instr_only,15,projected_js,0.050107867165934294,128
aim_on_breadcrumbs__calib_general,candidate,reasoning,instr_only,16,mmd_rbf,0.001978592248633504,128
aim_on_breadcrumbs__calib_general,candidate,reasoning,instr_only,16,projected_js,0.05133045301772654,128
aim_on_breadcrumbs__calib_general,candidate,reasoning,instr_only,17,mmd_rbf,0.002095728414133191,128
aim_on_breadcrumbs__calib_general,candidate,reasoning,instr_only,17,projected_js,0.05133645734167658,128
aim_on_breadcrumbs__calib_general,candidate,reasoning,instr_only,18,mmd_rbf,0.0022439986933022738,128
aim_on_breadcrumbs__calib_general,candidate,reasoning,instr_only,18,projected_js,0.052412862656638026,128
aim_on_breadcrumbs__calib_general,candidate,reasoning,instr_only,19,mmd_rbf,0.0023497329093515873,128
aim_on_breadcrumbs__calib_general,candidate,reasoning,instr_only,19,projected_js,0.051473362487740815,128
aim_on_breadcrumbs__calib_general,candidate,reasoning,instr_only,20,mmd_rbf,0.002353416755795479,128
aim_on_breadcrumbs__calib_general,candidate,reasoning,instr_only,20,projected_js,0.051796899002511054,128
aim_on_breadcrumbs__calib_general,candidate,reasoning,instr_only,21,mmd_rbf,0.002461195457726717,128
aim_on_breadcrumbs__calib_general,candidate,reasoning,instr_only,21,projected_js,0.05546519294148311,128
aim_on_breadcrumbs__calib_general,candidate,reasoning,instr_only,22,mmd_rbf,0.0024594527203589678,128
aim_on_breadcrumbs__calib_general,candidate,reasoning,instr_only,22,projected_js,0.050927332893479615,128
aim_on_breadcrumbs__calib_general,candidate,reasoning,instr_only,23,mmd_rbf,0.0023758739698678255,128
aim_on_breadcrumbs__calib_general,candidate,reasoning,instr_only,23,projected_js,0.05302826676052064,128
aim_on_breadcrumbs__calib_general,candidate,reasoning,instr_only,24,mmd_rbf,0.002344705630093813,128
aim_on_breadcrumbs__calib_general,candidate,reasoning,instr_only,24,projected_js,0.04973685718141496,128
aim_on_breadcrumbs__calib_general,candidate,reasoning,instr_only,25,mmd_rbf,0.002285961527377367,128
aim_on_breadcrumbs__calib_general,candidate,reasoning,instr_only,25,projected_js,0.0491401994950138,128
aim_on_breadcrumbs__calib_general,candidate,reasoning,instr_only,26,mmd_rbf,0.0022616812493652105,128
aim_on_breadcrumbs__calib_general,candidate,reasoning,instr_only,26,projected_js,0.05332637357059866,128
aim_on_breadcrumbs__calib_general,candidate,reasoning,instr_only,27,mmd_rbf,0.002293480560183525,128
aim_on_breadcrumbs__calib_general,candidate,reasoning,instr_only,27,projected_js,0.057415896793827415,128
aim_on_breadcrumbs__calib_general,candidate,reasoning,instr_only,28,mmd_rbf,0.002377990633249283,128
aim_on_breadcrumbs__calib_general,candidate,reasoning,instr_only,28,projected_js,0.05281311375438236,128
aim_on_breadcrumbs__calib_general,candidate,reasoning,instr_only,29,mmd_rbf,0.0023467950522899628,128
aim_on_breadcrumbs__calib_general,candidate,reasoning,instr_only,29,projected_js,0.05313377347192727,128
aim_on_breadcrumbs__calib_general,candidate,reasoning,instr_only,30,mmd_rbf,0.0024059319403022528,128
aim_on_breadcrumbs__calib_general,candidate,reasoning,instr_only,30,projected_js,0.049781169975176454,128
aim_on_breadcrumbs__calib_general,candidate,reasoning,instr_only,31,mmd_rbf,0.002507913624867797,128
aim_on_breadcrumbs__calib_general,candidate,reasoning,instr_only,31,projected_js,0.05436426340020262,128
aim_on_breadcrumbs__calib_general,candidate,reasoning,instr_only,32,mmd_rbf,0.002736331196501851,128
aim_on_breadcrumbs__calib_general,candidate,reasoning,instr_only,32,projected_js,0.05461662664311007,128
aim_on_breadcrumbs__calib_general,candidate,reasoning,instr_only,33,mmd_rbf,0.0030630442779511213,128
aim_on_breadcrumbs__calib_general,candidate,reasoning,instr_only,33,projected_js,0.05218984198290855,128
aim_on_breadcrumbs__calib_general,candidate,reasoning,instr_only,34,mmd_rbf,0.004862867761403322,128
aim_on_breadcrumbs__calib_general,candidate,reasoning,instr_only,34,projected_js,0.05711184802930802,128
aim_on_breadcrumbs__calib_general,candidate,reasoning,instr_only,35,mmd_rbf,0.038612306118011475,128
aim_on_breadcrumbs__calib_general,candidate,reasoning,instr_only,35,projected_js,0.0868090929579921,128
aim_on_breadcrumbs__calib_general,candidate,reasoning,reasoning_only,0,mmd_rbf,0.003906145691871643,128
aim_on_breadcrumbs__calib_general,candidate,reasoning,reasoning_only,0,projected_js,0.04723009461304173,128
aim_on_breadcrumbs__calib_general,candidate,reasoning,reasoning_only,1,mmd_rbf,0.006134537048637867,128
aim_on_breadcrumbs__calib_general,candidate,reasoning,reasoning_only,1,projected_js,0.05111314938403666,128
aim_on_breadcrumbs__calib_general,candidate,reasoning,reasoning_only,2,mmd_rbf,0.011541787534952164,128
aim_on_breadcrumbs__calib_general,candidate,reasoning,reasoning_only,2,projected_js,0.0611516349890735,128
aim_on_breadcrumbs__calib_general,candidate,reasoning,reasoning_only,3,mmd_rbf,0.014015153050422668,128
aim_on_breadcrumbs__calib_general,candidate,reasoning,reasoning_only,3,projected_js,0.06533714599208906,128
aim_on_breadcrumbs__calib_general,candidate,reasoning,reasoning_only,4,mmd_rbf,0.013744235038757324,128
aim_on_breadcrumbs__calib_general,candidate,reasoning,reasoning_only,4,projected_js,0.06564749375684187,128
aim_on_breadcrumbs__calib_general,candidate,reasoning,reasoning_only,5,mmd_rbf,0.013239032588899136,128
aim_on_breadcrumbs__calib_general,candidate,reasoning,reasoning_only,5,projected_js,0.06405858063953929,128
aim_on_breadcrumbs__calib_general,candidate,reasoning,reasoning_only,6,mmd_rbf,0.010144679807126522,128
aim_on_breadcrumbs__calib_general,candidate,reasoning,reasoning_only,6,projected_js,0.06436388369183987,128
aim_on_breadcrumbs__calib_general,candidate,reasoning,reasoning_only,7,mmd_rbf,0.010529476217925549,128
aim_on_breadcrumbs__calib_general,candidate,reasoning,reasoning_only,7,projected_js,0.06367890466935933,128
aim_on_breadcrumbs__calib_general,candidate,reasoning,reasoning_only,8,mmd_rbf,0.009166086092591286,128
aim_on_breadcrumbs__calib_general,candidate,reasoning,reasoning_only,8,projected_js,0.06532073888229206,128
aim_on_breadcrumbs__calib_general,candidate,reasoning,reasoning_only,9,mmd_rbf,0.009316581301391125,128
aim_on_breadcrumbs__calib_general,candidate,reasoning,reasoning_only,9,projected_js,0.06100887988577597,128
aim_on_breadcrumbs__calib_general,candidate,reasoning,reasoning_only,10,mmd_rbf,0.010279391892254353,128
aim_on_breadcrumbs__calib_general,candidate,reasoning,reasoning_only,10,projected_js,0.06515820050844923,128
aim_on_breadcrumbs__calib_general,candidate,reasoning,reasoning_only,11,mmd_rbf,0.00981528963893652,128
aim_on_breadcrumbs__calib_general,candidate,reasoning,reasoning_only,11,projected_js,0.06020359869580716,128
aim_on_breadcrumbs__calib_general,candidate,reasoning,reasoning_only,12,mmd_rbf,0.00998963788151741,128
aim_on_breadcrumbs__calib_general,candidate,reasoning,reasoning_only,12,projected_js,0.06308739827363752,128
aim_on_breadcrumbs__calib_general,candidate,reasoning,reasoning_only,13,mmd_rbf,0.010327561758458614,128
aim_on_breadcrumbs__calib_general,candidate,reasoning,reasoning_only,13,projected_js,0.06516259335330687,128
aim_on_breadcrumbs__calib_general,candidate,reasoning,reasoning_only,14,mmd_rbf,0.010278641246259212,128
aim_on_breadcrumbs__calib_general,candidate,reasoning,reasoning_only,14,projected_js,0.06117613206151873,128
aim_on_breadcrumbs__calib_general,candidate,reasoning,reasoning_only,15,mmd_rbf,0.011183987371623516,128
aim_on_breadcrumbs__calib_general,candidate,reasoning,reasoning_only,15,projected_js,0.0648382788640447,128
aim_on_breadcrumbs__calib_general,candidate,reasoning,reasoning_only,16,mmd_rbf,0.011613997630774975,128
aim_on_breadcrumbs__calib_general,candidate,reasoning,reasoning_only,16,projected_js,0.06615192189929076,128
aim_on_breadcrumbs__calib_general,candidate,reasoning,reasoning_only,17,mmd_rbf,0.011555790901184082,128
aim_on_breadcrumbs__calib_general,candidate,reasoning,reasoning_only,17,projected_js,0.06484651821665466,128
aim_on_breadcrumbs__calib_general,candidate,reasoning,reasoning_only,18,mmd_rbf,0.013048121705651283,128
aim_on_breadcrumbs__calib_general,candidate,reasoning,reasoning_only,18,projected_js,0.0675209611072205,128
aim_on_breadcrumbs__calib_general,candidate,reasoning,reasoning_only,19,mmd_rbf,0.012498761527240276,128
aim_on_breadcrumbs__calib_general,candidate,reasoning,reasoning_only,19,projected_js,0.0662756118690595,128
aim_on_breadcrumbs__calib_general,candidate,reasoning,reasoning_only,20,mmd_rbf,0.012070121243596077,128
aim_on_breadcrumbs__calib_general,candidate,reasoning,reasoning_only,20,projected_js,0.06801781040849164,128
aim_on_breadcrumbs__calib_general,candidate,reasoning,reasoning_only,21,mmd_rbf,0.01234569400548935,128
aim_on_breadcrumbs__calib_general,candidate,reasoning,reasoning_only,21,projected_js,0.06356737500755116,128
aim_on_breadcrumbs__calib_general,candidate,reasoning,reasoning_only,22,mmd_rbf,0.010648546740412712,128
aim_on_breadcrumbs__calib_general,candidate,reasoning,reasoning_only,22,projected_js,0.06258487002924085,128
aim_on_breadcrumbs__calib_general,candidate,reasoning,reasoning_only,23,mmd_rbf,0.008754259906709194,128
aim_on_breadcrumbs__calib_general,candidate,reasoning,reasoning_only,23,projected_js,0.059991429501678795,128
aim_on_breadcrumbs__calib_general,candidate,reasoning,reasoning_only,24,mmd_rbf,0.008403397165238857,128
aim_on_breadcrumbs__calib_general,candidate,reasoning,reasoning_only,24,projected_js,0.059465293219545856,128
aim_on_breadcrumbs__calib_general,candidate,reasoning,reasoning_only,25,mmd_rbf,0.007393002510070801,128
aim_on_breadcrumbs__calib_general,candidate,reasoning,reasoning_only,25,projected_js,0.059818292676936835,128
aim_on_breadcrumbs__calib_general,candidate,reasoning,reasoning_only,26,mmd_rbf,0.007023918908089399,128
aim_on_breadcrumbs__calib_general,candidate,reasoning,reasoning_only,26,projected_js,0.0634095745626837,128
aim_on_breadcrumbs__calib_general,candidate,reasoning,reasoning_only,27,mmd_rbf,0.006894990801811218,128
aim_on_breadcrumbs__calib_general,candidate,reasoning,reasoning_only,27,projected_js,0.06093160453019664,128
aim_on_breadcrumbs__calib_general,candidate,reasoning,reasoning_only,28,mmd_rbf,0.007195709738880396,128
aim_on_breadcrumbs__calib_general,candidate,reasoning,reasoning_only,28,projected_js,0.05968533395207487,128
aim_on_breadcrumbs__calib_general,candidate,reasoning,reasoning_only,29,mmd_rbf,0.007228992413729429,128
aim_on_breadcrumbs__calib_general,candidate,reasoning,reasoning_only,29,projected_js,0.0607462105108425,128
aim_on_breadcrumbs__calib_general,candidate,reasoning,reasoning_only,30,mmd_rbf,0.0076827979646623135,128
aim_on_breadcrumbs__calib_general,candidate,reasoning,reasoning_only,30,projected_js,0.06369971088133752,128
aim_on_breadcrumbs__calib_general,candidate,reasoning,reasoning_only,31,mmd_rbf,0.008075663819909096,128
aim_on_breadcrumbs__calib_general,candidate,reasoning,reasoning_only,31,projected_js,0.06488142791204154,128
aim_on_breadcrumbs__calib_general,candidate,reasoning,reasoning_only,32,mmd_rbf,0.00808438379317522,128
aim_on_breadcrumbs__calib_general,candidate,reasoning,reasoning_only,32,projected_js,0.0640070540830493,128
aim_on_breadcrumbs__calib_general,candidate,reasoning,reasoning_only,33,mmd_rbf,0.008109199814498425,128
aim_on_breadcrumbs__calib_general,candidate,reasoning,reasoning_only,33,projected_js,0.062036868708673865,128
aim_on_breadcrumbs__calib_general,candidate,reasoning,reasoning_only,34,mmd_rbf,0.008366386406123638,128
aim_on_breadcrumbs__calib_general,candidate,reasoning,reasoning_only,34,projected_js,0.06328935158671811,128
aim_on_breadcrumbs__calib_general,candidate,reasoning,reasoning_only,35,mmd_rbf,0.02052379585802555,128
aim_on_breadcrumbs__calib_general,candidate,reasoning,reasoning_only,35,projected_js,0.07110986619954929,128
aim_on_breadcrumbs__calib_general,candidate,reasoning,uncensored_only,0,mmd_rbf,0.003315788460895419,128
aim_on_breadcrumbs__calib_general,candidate,reasoning,uncensored_only,0,projected_js,0.03844788667629473,128
aim_on_breadcrumbs__calib_general,candidate,reasoning,uncensored_only,1,mmd_rbf,0.08516554534435272,128
aim_on_breadcrumbs__calib_general,candidate,reasoning,uncensored_only,1,projected_js,0.1213312356849201,128
aim_on_breadcrumbs__calib_general,candidate,reasoning,uncensored_only,2,mmd_rbf,0.08019790798425674,128
aim_on_breadcrumbs__calib_general,candidate,reasoning,uncensored_only,2,projected_js,0.10990250163013116,128
aim_on_breadcrumbs__calib_general,candidate,reasoning,uncensored_only,3,mmd_rbf,0.06097526475787163,128
aim_on_breadcrumbs__calib_general,candidate,reasoning,uncensored_only,3,projected_js,0.09856060551828705,128
aim_on_breadcrumbs__calib_general,candidate,reasoning,uncensored_only,4,mmd_rbf,0.041326332837343216,128
aim_on_breadcrumbs__calib_general,candidate,reasoning,uncensored_only,4,projected_js,0.09381974762072787,128
aim_on_breadcrumbs__calib_general,candidate,reasoning,uncensored_only,5,mmd_rbf,0.027256179600954056,128
aim_on_breadcrumbs__calib_general,candidate,reasoning,uncensored_only,5,projected_js,0.08306415315018967,128
aim_on_breadcrumbs__calib_general,candidate,reasoning,uncensored_only,6,mmd_rbf,0.01622604951262474,128
aim_on_breadcrumbs__calib_general,candidate,reasoning,uncensored_only,6,projected_js,0.07136834337143227,128
aim_on_breadcrumbs__calib_general,candidate,reasoning,uncensored_only,7,mmd_rbf,0.014456543140113354,128
aim_on_breadcrumbs__calib_general,candidate,reasoning,uncensored_only,7,projected_js,0.06783369655022398,128
aim_on_breadcrumbs__calib_general,candidate,reasoning,uncensored_only,8,mmd_rbf,0.011224773712456226,128
aim_on_breadcrumbs__calib_general,candidate,reasoning,uncensored_only,8,projected_js,0.06322419975185767,128
aim_on_breadcrumbs__calib_general,candidate,reasoning,uncensored_only,9,mmd_rbf,0.009466045536100864,128
aim_on_breadcrumbs__calib_general,candidate,reasoning,uncensored_only,9,projected_js,0.06220118183409795,128
aim_on_breadcrumbs__calib_general,candidate,reasoning,uncensored_only,10,mmd_rbf,0.008477866649627686,128
aim_on_breadcrumbs__calib_general,candidate,reasoning,uncensored_only,10,projected_js,0.059217282105237246,128
aim_on_breadcrumbs__calib_general,candidate,reasoning,uncensored_only,11,mmd_rbf,0.007155486848205328,128
aim_on_breadcrumbs__calib_general,candidate,reasoning,uncensored_only,11,projected_js,0.06257918785559013,128
aim_on_breadcrumbs__calib_general,candidate,reasoning,uncensored_only,12,mmd_rbf,0.007153169717639685,128
aim_on_breadcrumbs__calib_general,candidate,reasoning,uncensored_only,12,projected_js,0.059290014527505264,128
aim_on_breadcrumbs__calib_general,candidate,reasoning,uncensored_only,13,mmd_rbf,0.0073346286080777645,128
aim_on_breadcrumbs__calib_general,candidate,reasoning,uncensored_only,13,projected_js,0.06278112070867792,128
aim_on_breadcrumbs__calib_general,candidate,reasoning,uncensored_only,14,mmd_rbf,0.007986408658325672,128
aim_on_breadcrumbs__calib_general,candidate,reasoning,uncensored_only,14,projected_js,0.06001582823228091,128
aim_on_breadcrumbs__calib_general,candidate,reasoning,uncensored_only,15,mmd_rbf,0.009726883843541145,128
aim_on_breadcrumbs__calib_general,candidate,reasoning,uncensored_only,15,projected_js,0.06287133414298296,128
aim_on_breadcrumbs__calib_general,candidate,reasoning,uncensored_only,16,mmd_rbf,0.01053215004503727,128
aim_on_breadcrumbs__calib_general,candidate,reasoning,uncensored_only,16,projected_js,0.06269458530005068,128
aim_on_breadcrumbs__calib_general,candidate,reasoning,uncensored_only,17,mmd_rbf,0.010149982757866383,128
aim_on_breadcrumbs__calib_general,candidate,reasoning,uncensored_only,17,projected_js,0.0598444216302596,128
aim_on_breadcrumbs__calib_general,candidate,reasoning,uncensored_only,18,mmd_rbf,0.010305226780474186,128
aim_on_breadcrumbs__calib_general,candidate,reasoning,uncensored_only,18,projected_js,0.06403910927474499,128
aim_on_breadcrumbs__calib_general,candidate,reasoning,uncensored_only,19,mmd_rbf,0.010259953327476978,128
aim_on_breadcrumbs__calib_general,candidate,reasoning,uncensored_only,19,projected_js,0.06344863126287237,128
aim_on_breadcrumbs__calib_general,candidate,reasoning,uncensored_only,20,mmd_rbf,0.010411861352622509,128
aim_on_breadcrumbs__calib_general,candidate,reasoning,uncensored_only,20,projected_js,0.06728242395911366,128
aim_on_breadcrumbs__calib_general,candidate,reasoning,uncensored_only,21,mmd_rbf,0.01122808177024126,128
aim_on_breadcrumbs__calib_general,candidate,reasoning,uncensored_only,21,projected_js,0.06388395116664469,128
aim_on_breadcrumbs__calib_general,candidate,reasoning,uncensored_only,22,mmd_rbf,0.011732146143913269,128
aim_on_breadcrumbs__calib_general,candidate,reasoning,uncensored_only,22,projected_js,0.0645718956948258,128
aim_on_breadcrumbs__calib_general,candidate,reasoning,uncensored_only,23,mmd_rbf,0.011317218653857708,128
aim_on_breadcrumbs__calib_general,candidate,reasoning,uncensored_only,23,projected_js,0.06125031804549508,128
aim_on_breadcrumbs__calib_general,candidate,reasoning,uncensored_only,24,mmd_rbf,0.010973171330988407,128
aim_on_breadcrumbs__calib_general,candidate,reasoning,uncensored_only,24,projected_js,0.06551540471264161,128
aim_on_breadcrumbs__calib_general,candidate,reasoning,uncensored_only,25,mmd_rbf,0.01099798921495676,128
aim_on_breadcrumbs__calib_general,candidate,reasoning,uncensored_only,25,projected_js,0.0663373438292183,128
aim_on_breadcrumbs__calib_general,candidate,reasoning,uncensored_only,26,mmd_rbf,0.010744395665824413,128
aim_on_breadcrumbs__calib_general,candidate,reasoning,uncensored_only,26,projected_js,0.06537697272142395,128
aim_on_breadcrumbs__calib_general,candidate,reasoning,uncensored_only,27,mmd_rbf,0.010801355354487896,128
aim_on_breadcrumbs__calib_general,candidate,reasoning,uncensored_only,27,projected_js,0.0694812890724279,128
aim_on_breadcrumbs__calib_general,candidate,reasoning,uncensored_only,28,mmd_rbf,0.01026805117726326,128
aim_on_breadcrumbs__calib_general,candidate,reasoning,uncensored_only,28,projected_js,0.06515556093654595,128
aim_on_breadcrumbs__calib_general,candidate,reasoning,uncensored_only,29,mmd_rbf,0.010237613692879677,128
aim_on_breadcrumbs__calib_general,candidate,reasoning,uncensored_only,29,projected_js,0.06496831716503948,128
aim_on_breadcrumbs__calib_general,candidate,reasoning,uncensored_only,30,mmd_rbf,0.010455505922436714,128
aim_on_breadcrumbs__calib_general,candidate,reasoning,uncensored_only,30,projected_js,0.06459684000583366,128
aim_on_breadcrumbs__calib_general,candidate,reasoning,uncensored_only,31,mmd_rbf,0.010279777459800243,128
aim_on_breadcrumbs__calib_general,candidate,reasoning,uncensored_only,31,projected_js,0.06667898909654468,128
aim_on_breadcrumbs__calib_general,candidate,reasoning,uncensored_only,32,mmd_rbf,0.010618109256029129,128
aim_on_breadcrumbs__calib_general,candidate,reasoning,uncensored_only,32,projected_js,0.06319864018587396,128
aim_on_breadcrumbs__calib_general,candidate,reasoning,uncensored_only,33,mmd_rbf,0.011019193567335606,128
aim_on_breadcrumbs__calib_general,candidate,reasoning,uncensored_only,33,projected_js,0.062322716461494565,128
aim_on_breadcrumbs__calib_general,candidate,reasoning,uncensored_only,34,mmd_rbf,0.012623541057109833,128
aim_on_breadcrumbs__calib_general,candidate,reasoning,uncensored_only,34,projected_js,0.06665743165649474,128
aim_on_breadcrumbs__calib_general,candidate,reasoning,uncensored_only,35,mmd_rbf,0.04614971578121185,128
aim_on_breadcrumbs__calib_general,candidate,reasoning,uncensored_only,35,projected_js,0.0937844873405993,128
aim_on_breadcrumbs__calib_general,candidate,uncensored_refusal_like,base,0,mmd_rbf,0.01097056269645691,128
aim_on_breadcrumbs__calib_general,candidate,uncensored_refusal_like,base,0,projected_js,0.057341665582498536,128
aim_on_breadcrumbs__calib_general,candidate,uncensored_refusal_like,base,1,mmd_rbf,0.01458844542503357,128
aim_on_breadcrumbs__calib_general,candidate,uncensored_refusal_like,base,1,projected_js,0.06650496635120362,128
aim_on_breadcrumbs__calib_general,candidate,uncensored_refusal_like,base,2,mmd_rbf,0.018838776275515556,128
aim_on_breadcrumbs__calib_general,candidate,uncensored_refusal_like,base,2,projected_js,0.07064692914718762,128
aim_on_breadcrumbs__calib_general,candidate,uncensored_refusal_like,base,3,mmd_rbf,0.03269887715578079,128
aim_on_breadcrumbs__calib_general,candidate,uncensored_refusal_like,base,3,projected_js,0.09529754507821053,128
aim_on_breadcrumbs__calib_general,candidate,uncensored_refusal_like,base,4,mmd_rbf,0.03132415562868118,128
aim_on_breadcrumbs__calib_general,candidate,uncensored_refusal_like,base,4,projected_js,0.09102258831262589,128
aim_on_breadcrumbs__calib_general,candidate,uncensored_refusal_like,base,5,mmd_rbf,0.03221979737281799,128
aim_on_breadcrumbs__calib_general,candidate,uncensored_refusal_like,base,5,projected_js,0.0837170050945133,128
aim_on_breadcrumbs__calib_general,candidate,uncensored_refusal_like,base,6,mmd_rbf,0.028651071712374687,128
aim_on_breadcrumbs__calib_general,candidate,uncensored_refusal_like,base,6,projected_js,0.07878535514464602,128
aim_on_breadcrumbs__calib_general,candidate,uncensored_refusal_like,base,7,mmd_rbf,0.02552231028676033,128
aim_on_breadcrumbs__calib_general,candidate,uncensored_refusal_like,base,7,projected_js,0.07026431948179379,128
aim_on_breadcrumbs__calib_general,candidate,uncensored_refusal_like,base,8,mmd_rbf,0.02298979088664055,128
aim_on_breadcrumbs__calib_general,candidate,uncensored_refusal_like,base,8,projected_js,0.07727244531270117,128
aim_on_breadcrumbs__calib_general,candidate,uncensored_refusal_like,base,9,mmd_rbf,0.025918472558259964,128
aim_on_breadcrumbs__calib_general,candidate,uncensored_refusal_like,base,9,projected_js,0.07718605501577258,128
aim_on_breadcrumbs__calib_general,candidate,uncensored_refusal_like,base,10,mmd_rbf,0.028047669678926468,128
aim_on_breadcrumbs__calib_general,candidate,uncensored_refusal_like,base,10,projected_js,0.07960791606456041,128
aim_on_breadcrumbs__calib_general,candidate,uncensored_refusal_like,base,11,mmd_rbf,0.030168814584612846,128
aim_on_breadcrumbs__calib_general,candidate,uncensored_refusal_like,base,11,projected_js,0.0838927504955791,128
aim_on_breadcrumbs__calib_general,candidate,uncensored_refusal_like,base,12,mmd_rbf,0.03404199704527855,128
aim_on_breadcrumbs__calib_general,candidate,uncensored_refusal_like,base,12,projected_js,0.08715216926066205,128
aim_on_breadcrumbs__calib_general,candidate,uncensored_refusal_like,base,13,mmd_rbf,0.037772972136735916,128
aim_on_breadcrumbs__calib_general,candidate,uncensored_refusal_like,base,13,projected_js,0.09118009376106784,128
aim_on_breadcrumbs__calib_general,candidate,uncensored_refusal_like,base,14,mmd_rbf,0.03863399848341942,128
aim_on_breadcrumbs__calib_general,candidate,uncensored_refusal_like,base,14,projected_js,0.08729515550658107,128
aim_on_breadcrumbs__calib_general,candidate,uncensored_refusal_like,base,15,mmd_rbf,0.039546262472867966,128
aim_on_breadcrumbs__calib_general,candidate,uncensored_refusal_like,base,15,projected_js,0.0821049491642043,128
aim_on_breadcrumbs__calib_general,candidate,uncensored_refusal_like,base,16,mmd_rbf,0.03965173289179802,128
aim_on_breadcrumbs__calib_general,candidate,uncensored_refusal_like,base,16,projected_js,0.08487600221997127,128
aim_on_breadcrumbs__calib_general,candidate,uncensored_refusal_like,base,17,mmd_rbf,0.0407598614692688,128
aim_on_breadcrumbs__calib_general,candidate,uncensored_refusal_like,base,17,projected_js,0.08596800302620977,128
aim_on_breadcrumbs__calib_general,candidate,uncensored_refusal_like,base,18,mmd_rbf,0.04183501750230789,128
aim_on_breadcrumbs__calib_general,candidate,uncensored_refusal_like,base,18,projected_js,0.08871760781039484,128
aim_on_breadcrumbs__calib_general,candidate,uncensored_refusal_like,base,19,mmd_rbf,0.04172731563448906,128
aim_on_breadcrumbs__calib_general,candidate,uncensored_refusal_like,base,19,projected_js,0.08969462296226993,128
aim_on_breadcrumbs__calib_general,candidate,uncensored_refusal_like,base,20,mmd_rbf,0.048536431044340134,128
aim_on_breadcrumbs__calib_general,candidate,uncensored_refusal_like,base,20,projected_js,0.09355194948147982,128
aim_on_breadcrumbs__calib_general,candidate,uncensored_refusal_like,base,21,mmd_rbf,0.0512700192630291,128
aim_on_breadcrumbs__calib_general,candidate,uncensored_refusal_like,base,21,projected_js,0.08884794812183827,128
aim_on_breadcrumbs__calib_general,candidate,uncensored_refusal_like,base,22,mmd_rbf,0.05365170165896416,128
aim_on_breadcrumbs__calib_general,candidate,uncensored_refusal_like,base,22,projected_js,0.09693871339550242,128
aim_on_breadcrumbs__calib_general,candidate,uncensored_refusal_like,base,23,mmd_rbf,0.05320866033434868,128
aim_on_breadcrumbs__calib_general,candidate,uncensored_refusal_like,base,23,projected_js,0.09711704141227528,128
aim_on_breadcrumbs__calib_general,candidate,uncensored_refusal_like,base,24,mmd_rbf,0.05219104513525963,128
aim_on_breadcrumbs__calib_general,candidate,uncensored_refusal_like,base,24,projected_js,0.10455931717297062,128
aim_on_breadcrumbs__calib_general,candidate,uncensored_refusal_like,base,25,mmd_rbf,0.05079397186636925,128
aim_on_breadcrumbs__calib_general,candidate,uncensored_refusal_like,base,25,projected_js,0.09422614658251405,128
aim_on_breadcrumbs__calib_general,candidate,uncensored_refusal_like,base,26,mmd_rbf,0.05094258859753609,128
aim_on_breadcrumbs__calib_general,candidate,uncensored_refusal_like,base,26,projected_js,0.09940664964960888,128
aim_on_breadcrumbs__calib_general,candidate,uncensored_refusal_like,base,27,mmd_rbf,0.05115114524960518,128
aim_on_breadcrumbs__calib_general,candidate,uncensored_refusal_like,base,27,projected_js,0.1022791363648139,128
aim_on_breadcrumbs__calib_general,candidate,uncensored_refusal_like,base,28,mmd_rbf,0.04968038946390152,128
aim_on_breadcrumbs__calib_general,candidate,uncensored_refusal_like,base,28,projected_js,0.09829829767113551,128
aim_on_breadcrumbs__calib_general,candidate,uncensored_refusal_like,base,29,mmd_rbf,0.04676750302314758,128
aim_on_breadcrumbs__calib_general,candidate,uncensored_refusal_like,base,29,projected_js,0.09622222208417952,128
aim_on_breadcrumbs__calib_general,candidate,uncensored_refusal_like,base,30,mmd_rbf,0.04684917628765106,128
aim_on_breadcrumbs__calib_general,candidate,uncensored_refusal_like,base,30,projected_js,0.097637181985192,128
aim_on_breadcrumbs__calib_general,candidate,uncensored_refusal_like,base,31,mmd_rbf,0.045979093760252,128
aim_on_breadcrumbs__calib_general,candidate,uncensored_refusal_like,base,31,projected_js,0.09596076043089852,128
aim_on_breadcrumbs__calib_general,candidate,uncensored_refusal_like,base,32,mmd_rbf,0.04577626660466194,128
aim_on_breadcrumbs__calib_general,candidate,uncensored_refusal_like,base,32,projected_js,0.09483665582956746,128
aim_on_breadcrumbs__calib_general,candidate,uncensored_refusal_like,base,33,mmd_rbf,0.04432564601302147,128
aim_on_breadcrumbs__calib_general,candidate,uncensored_refusal_like,base,33,projected_js,0.09476631035795435,128
aim_on_breadcrumbs__calib_general,candidate,uncensored_refusal_like,base,34,mmd_rbf,0.05612602457404137,128
aim_on_breadcrumbs__calib_general,candidate,uncensored_refusal_like,base,34,projected_js,0.10351751078269444,128
aim_on_breadcrumbs__calib_general,candidate,uncensored_refusal_like,base,35,mmd_rbf,0.1189652681350708,128
aim_on_breadcrumbs__calib_general,candidate,uncensored_refusal_like,base,35,projected_js,0.16610553802456707,128
aim_on_breadcrumbs__calib_general,candidate,uncensored_refusal_like,instr_only,0,mmd_rbf,0.006109499838203192,128
aim_on_breadcrumbs__calib_general,candidate,uncensored_refusal_like,instr_only,0,projected_js,0.04903384728822857,128
aim_on_breadcrumbs__calib_general,candidate,uncensored_refusal_like,instr_only,1,mmd_rbf,0.006909659598022699,128
aim_on_breadcrumbs__calib_general,candidate,uncensored_refusal_like,instr_only,1,projected_js,0.04666367301251739,128
aim_on_breadcrumbs__calib_general,candidate,uncensored_refusal_like,instr_only,2,mmd_rbf,0.0074937790632247925,128
aim_on_breadcrumbs__calib_general,candidate,uncensored_refusal_like,instr_only,2,projected_js,0.052100007145782,128
aim_on_breadcrumbs__calib_general,candidate,uncensored_refusal_like,instr_only,3,mmd_rbf,0.009211034514009953,128
aim_on_breadcrumbs__calib_general,candidate,uncensored_refusal_like,instr_only,3,projected_js,0.057679264835314825,128
aim_on_breadcrumbs__calib_general,candidate,uncensored_refusal_like,instr_only,4,mmd_rbf,0.010413148440420628,128
aim_on_breadcrumbs__calib_general,candidate,uncensored_refusal_like,instr_only,4,projected_js,0.058716634957818314,128
aim_on_breadcrumbs__calib_general,candidate,uncensored_refusal_like,instr_only,5,mmd_rbf,0.011673775501549244,128
aim_on_breadcrumbs__calib_general,candidate,uncensored_refusal_like,instr_only,5,projected_js,0.0603981219464913,128
aim_on_breadcrumbs__calib_general,candidate,uncensored_refusal_like,instr_only,6,mmd_rbf,0.009109853766858578,128
aim_on_breadcrumbs__calib_general,candidate,uncensored_refusal_like,instr_only,6,projected_js,0.0577374100103043,128
aim_on_breadcrumbs__calib_general,candidate,uncensored_refusal_like,instr_only,7,mmd_rbf,0.007615990936756134,128
aim_on_breadcrumbs__calib_general,candidate,uncensored_refusal_like,instr_only,7,projected_js,0.0600884587620385,128
aim_on_breadcrumbs__calib_general,candidate,uncensored_refusal_like,instr_only,8,mmd_rbf,0.006198927294462919,128
aim_on_breadcrumbs__calib_general,candidate,uncensored_refusal_like,instr_only,8,projected_js,0.058517585683148354,128
aim_on_breadcrumbs__calib_general,candidate,uncensored_refusal_like,instr_only,9,mmd_rbf,0.006370152812451124,128
aim_on_breadcrumbs__calib_general,candidate,uncensored_refusal_like,instr_only,9,projected_js,0.06159941040095873,128
aim_on_breadcrumbs__calib_general,candidate,uncensored_refusal_like,instr_only,10,mmd_rbf,0.006542170885950327,128
aim_on_breadcrumbs__calib_general,candidate,uncensored_refusal_like,instr_only,10,projected_js,0.06090864178258926,128
aim_on_breadcrumbs__calib_general,candidate,uncensored_refusal_like,instr_only,11,mmd_rbf,0.005975211970508099,128
aim_on_breadcrumbs__calib_general,candidate,uncensored_refusal_like,instr_only,11,projected_js,0.06013987067854032,128
aim_on_breadcrumbs__calib_general,candidate,uncensored_refusal_like,instr_only,12,mmd_rbf,0.006189761683344841,128
aim_on_breadcrumbs__calib_general,candidate,uncensored_refusal_like,instr_only,12,projected_js,0.060168925032485276,128
aim_on_breadcrumbs__calib_general,candidate,uncensored_refusal_like,instr_only,13,mmd_rbf,0.006480713840574026,128
aim_on_breadcrumbs__calib_general,candidate,uncensored_refusal_like,instr_only,13,projected_js,0.06002673757029697,128
aim_on_breadcrumbs__calib_general,candidate,uncensored_refusal_like,instr_only,14,mmd_rbf,0.0062498971819877625,128
aim_on_breadcrumbs__calib_general,candidate,uncensored_refusal_like,instr_only,14,projected_js,0.06150260733556934,128
aim_on_breadcrumbs__calib_general,candidate,uncensored_refusal_like,instr_only,15,mmd_rbf,0.006553836166858673,128
aim_on_breadcrumbs__calib_general,candidate,uncensored_refusal_like,instr_only,15,projected_js,0.061763709352817386,128
aim_on_breadcrumbs__calib_general,candidate,uncensored_refusal_like,instr_only,16,mmd_rbf,0.007059454917907715,128
aim_on_breadcrumbs__calib_general,candidate,uncensored_refusal_like,instr_only,16,projected_js,0.06285497438511811,128
aim_on_breadcrumbs__calib_general,candidate,uncensored_refusal_like,instr_only,17,mmd_rbf,0.007723876740783453,128
aim_on_breadcrumbs__calib_general,candidate,uncensored_refusal_like,instr_only,17,projected_js,0.06033359735738486,128
aim_on_breadcrumbs__calib_general,candidate,uncensored_refusal_like,instr_only,18,mmd_rbf,0.00865237321704626,128
aim_on_breadcrumbs__calib_general,candidate,uncensored_refusal_like,instr_only,18,projected_js,0.0635896745370701,128
aim_on_breadcrumbs__calib_general,candidate,uncensored_refusal_like,instr_only,19,mmd_rbf,0.009522209875285625,128
aim_on_breadcrumbs__calib_general,candidate,uncensored_refusal_like,instr_only,19,projected_js,0.0641939511988312,128
aim_on_breadcrumbs__calib_general,candidate,uncensored_refusal_like,instr_only,20,mmd_rbf,0.010444807820022106,128
aim_on_breadcrumbs__calib_general,candidate,uncensored_refusal_like,instr_only,20,projected_js,0.0654588044853881,128
aim_on_breadcrumbs__calib_general,candidate,uncensored_refusal_like,instr_only,21,mmd_rbf,0.01302820723503828,128
aim_on_breadcrumbs__calib_general,candidate,uncensored_refusal_like,instr_only,21,projected_js,0.06853142645559274,128
aim_on_breadcrumbs__calib_general,candidate,uncensored_refusal_like,instr_only,22,mmd_rbf,0.014486950822174549,128
aim_on_breadcrumbs__calib_general,candidate,uncensored_refusal_like,instr_only,22,projected_js,0.06936091196257621,128
aim_on_breadcrumbs__calib_general,candidate,uncensored_refusal_like,instr_only,23,mmd_rbf,0.014828483574092388,128
aim_on_breadcrumbs__calib_general,candidate,uncensored_refusal_like,instr_only,23,projected_js,0.06719083597999997,128
aim_on_breadcrumbs__calib_general,candidate,uncensored_refusal_like,instr_only,24,mmd_rbf,0.015607938170433044,128
aim_on_breadcrumbs__calib_general,candidate,uncensored_refusal_like,instr_only,24,projected_js,0.06923557666596025,128
aim_on_breadcrumbs__calib_general,candidate,uncensored_refusal_like,instr_only,25,mmd_rbf,0.016922231763601303,128
aim_on_breadcrumbs__calib_general,candidate,uncensored_refusal_like,instr_only,25,projected_js,0.0698417000239715,128
aim_on_breadcrumbs__calib_general,candidate,uncensored_refusal_like,instr_only,26,mmd_rbf,0.017230454832315445,128
aim_on_breadcrumbs__calib_general,candidate,uncensored_refusal_like,instr_only,26,projected_js,0.07320728292688727,128
aim_on_breadcrumbs__calib_general,candidate,uncensored_refusal_like,instr_only,27,mmd_rbf,0.01738079823553562,128
aim_on_breadcrumbs__calib_general,candidate,uncensored_refusal_like,instr_only,27,projected_js,0.07195228966884315,128
aim_on_breadcrumbs__calib_general,candidate,uncensored_refusal_like,instr_only,28,mmd_rbf,0.017097096890211105,128
aim_on_breadcrumbs__calib_general,candidate,uncensored_refusal_like,instr_only,28,projected_js,0.07225303153973073,128
aim_on_breadcrumbs__calib_general,candidate,uncensored_refusal_like,instr_only,29,mmd_rbf,0.01629168912768364,128
aim_on_breadcrumbs__calib_general,candidate,uncensored_refusal_like,instr_only,29,projected_js,0.07253961911192164,128
aim_on_breadcrumbs__calib_general,candidate,uncensored_refusal_like,instr_only,30,mmd_rbf,0.01634165644645691,128
aim_on_breadcrumbs__calib_general,candidate,uncensored_refusal_like,instr_only,30,projected_js,0.07474414253374562,128
aim_on_breadcrumbs__calib_general,candidate,uncensored_refusal_like,instr_only,31,mmd_rbf,0.015792688354849815,128
aim_on_breadcrumbs__calib_general,candidate,uncensored_refusal_like,instr_only,31,projected_js,0.07654491963330656,128
aim_on_breadcrumbs__calib_general,candidate,uncensored_refusal_like,instr_only,32,mmd_rbf,0.016575155779719353,128
aim_on_breadcrumbs__calib_general,candidate,uncensored_refusal_like,instr_only,32,projected_js,0.07465267719817348,128
aim_on_breadcrumbs__calib_general,candidate,uncensored_refusal_like,instr_only,33,mmd_rbf,0.016869695857167244,128
aim_on_breadcrumbs__calib_general,candidate,uncensored_refusal_like,instr_only,33,projected_js,0.07609995128586888,128
aim_on_breadcrumbs__calib_general,candidate,uncensored_refusal_like,instr_only,34,mmd_rbf,0.021956637501716614,128
aim_on_breadcrumbs__calib_general,candidate,uncensored_refusal_like,instr_only,34,projected_js,0.08406980510335416,128
aim_on_breadcrumbs__calib_general,candidate,uncensored_refusal_like,instr_only,35,mmd_rbf,0.1156441941857338,128
aim_on_breadcrumbs__calib_general,candidate,uncensored_refusal_like,instr_only,35,projected_js,0.15899405447999015,128
aim_on_breadcrumbs__calib_general,candidate,uncensored_refusal_like,reasoning_only,0,mmd_rbf,0.020087499171495438,128
aim_on_breadcrumbs__calib_general,candidate,uncensored_refusal_like,reasoning_only,0,projected_js,0.0898494859575294,128
aim_on_breadcrumbs__calib_general,candidate,uncensored_refusal_like,reasoning_only,1,mmd_rbf,0.02438809536397457,128
aim_on_breadcrumbs__calib_general,candidate,uncensored_refusal_like,reasoning_only,1,projected_js,0.07620148285059258,128
aim_on_breadcrumbs__calib_general,candidate,uncensored_refusal_like,reasoning_only,2,mmd_rbf,0.03581581264734268,128
aim_on_breadcrumbs__calib_general,candidate,uncensored_refusal_like,reasoning_only,2,projected_js,0.08524824725463986,128
aim_on_breadcrumbs__calib_general,candidate,uncensored_refusal_like,reasoning_only,3,mmd_rbf,0.04338860511779785,128
aim_on_breadcrumbs__calib_general,candidate,uncensored_refusal_like,reasoning_only,3,projected_js,0.09909733844688162,128
aim_on_breadcrumbs__calib_general,candidate,uncensored_refusal_like,reasoning_only,4,mmd_rbf,0.04757213220000267,128
aim_on_breadcrumbs__calib_general,candidate,uncensored_refusal_like,reasoning_only,4,projected_js,0.11262307164724916,128
aim_on_breadcrumbs__calib_general,candidate,uncensored_refusal_like,reasoning_only,5,mmd_rbf,0.05401282384991646,128
aim_on_breadcrumbs__calib_general,candidate,uncensored_refusal_like,reasoning_only,5,projected_js,0.12226527644088492,128
aim_on_breadcrumbs__calib_general,candidate,uncensored_refusal_like,reasoning_only,6,mmd_rbf,0.04220643639564514,128
aim_on_breadcrumbs__calib_general,candidate,uncensored_refusal_like,reasoning_only,6,projected_js,0.0991373494034633,128
aim_on_breadcrumbs__calib_general,candidate,uncensored_refusal_like,reasoning_only,7,mmd_rbf,0.03810366615653038,128
aim_on_breadcrumbs__calib_general,candidate,uncensored_refusal_like,reasoning_only,7,projected_js,0.1012558123911731,128
aim_on_breadcrumbs__calib_general,candidate,uncensored_refusal_like,reasoning_only,8,mmd_rbf,0.029653305187821388,128
aim_on_breadcrumbs__calib_general,candidate,uncensored_refusal_like,reasoning_only,8,projected_js,0.09017027250956744,128
aim_on_breadcrumbs__calib_general,candidate,uncensored_refusal_like,reasoning_only,9,mmd_rbf,0.02884773351252079,128
aim_on_breadcrumbs__calib_general,candidate,uncensored_refusal_like,reasoning_only,9,projected_js,0.08730130904586986,128
aim_on_breadcrumbs__calib_general,candidate,uncensored_refusal_like,reasoning_only,10,mmd_rbf,0.030325433239340782,128
aim_on_breadcrumbs__calib_general,candidate,uncensored_refusal_like,reasoning_only,10,projected_js,0.0909372630994767,128
aim_on_breadcrumbs__calib_general,candidate,uncensored_refusal_like,reasoning_only,11,mmd_rbf,0.02976371720433235,128
aim_on_breadcrumbs__calib_general,candidate,uncensored_refusal_like,reasoning_only,11,projected_js,0.08600738545646891,128
aim_on_breadcrumbs__calib_general,candidate,uncensored_refusal_like,reasoning_only,12,mmd_rbf,0.033319856971502304,128
aim_on_breadcrumbs__calib_general,candidate,uncensored_refusal_like,reasoning_only,12,projected_js,0.08672509851749055,128
aim_on_breadcrumbs__calib_general,candidate,uncensored_refusal_like,reasoning_only,13,mmd_rbf,0.03610054776072502,128
aim_on_breadcrumbs__calib_general,candidate,uncensored_refusal_like,reasoning_only,13,projected_js,0.0896858618943952,128
aim_on_breadcrumbs__calib_general,candidate,uncensored_refusal_like,reasoning_only,14,mmd_rbf,0.03505641594529152,128
aim_on_breadcrumbs__calib_general,candidate,uncensored_refusal_like,reasoning_only,14,projected_js,0.08783054270315915,128
aim_on_breadcrumbs__calib_general,candidate,uncensored_refusal_like,reasoning_only,15,mmd_rbf,0.03603300452232361,128
aim_on_breadcrumbs__calib_general,candidate,uncensored_refusal_like,reasoning_only,15,projected_js,0.08734237862518057,128
aim_on_breadcrumbs__calib_general,candidate,uncensored_refusal_like,reasoning_only,16,mmd_rbf,0.03535628691315651,128
aim_on_breadcrumbs__calib_general,candidate,uncensored_refusal_like,reasoning_only,16,projected_js,0.08690643403679132,128
aim_on_breadcrumbs__calib_general,candidate,uncensored_refusal_like,reasoning_only,17,mmd_rbf,0.03629855811595917,128
aim_on_breadcrumbs__calib_general,candidate,uncensored_refusal_like,reasoning_only,17,projected_js,0.0848796121426858,128
aim_on_breadcrumbs__calib_general,candidate,uncensored_refusal_like,reasoning_only,18,mmd_rbf,0.04234592989087105,128
aim_on_breadcrumbs__calib_general,candidate,uncensored_refusal_like,reasoning_only,18,projected_js,0.09023435204289854,128
aim_on_breadcrumbs__calib_general,candidate,uncensored_refusal_like,reasoning_only,19,mmd_rbf,0.041542574763298035,128
aim_on_breadcrumbs__calib_general,candidate,uncensored_refusal_like,reasoning_only,19,projected_js,0.09011339879361913,128
aim_on_breadcrumbs__calib_general,candidate,uncensored_refusal_like,reasoning_only,20,mmd_rbf,0.04214717820286751,128
aim_on_breadcrumbs__calib_general,candidate,uncensored_refusal_like,reasoning_only,20,projected_js,0.08649945358047262,128
aim_on_breadcrumbs__calib_general,candidate,uncensored_refusal_like,reasoning_only,21,mmd_rbf,0.042657673358917236,128
aim_on_breadcrumbs__calib_general,candidate,uncensored_refusal_like,reasoning_only,21,projected_js,0.08858490502461791,128
aim_on_breadcrumbs__calib_general,candidate,uncensored_refusal_like,reasoning_only,22,mmd_rbf,0.04335702583193779,128
aim_on_breadcrumbs__calib_general,candidate,uncensored_refusal_like,reasoning_only,22,projected_js,0.09335992851993069,128
aim_on_breadcrumbs__calib_general,candidate,uncensored_refusal_like,reasoning_only,23,mmd_rbf,0.03837026283144951,128
aim_on_breadcrumbs__calib_general,candidate,uncensored_refusal_like,reasoning_only,23,projected_js,0.08833551272982731,128
aim_on_breadcrumbs__calib_general,candidate,uncensored_refusal_like,reasoning_only,24,mmd_rbf,0.04457089304924011,128
aim_on_breadcrumbs__calib_general,candidate,uncensored_refusal_like,reasoning_only,24,projected_js,0.09447506844298914,128
aim_on_breadcrumbs__calib_general,candidate,uncensored_refusal_like,reasoning_only,25,mmd_rbf,0.04316965118050575,128
aim_on_breadcrumbs__calib_general,candidate,uncensored_refusal_like,reasoning_only,25,projected_js,0.09099074633559212,128
aim_on_breadcrumbs__calib_general,candidate,uncensored_refusal_like,reasoning_only,26,mmd_rbf,0.04626097157597542,128
aim_on_breadcrumbs__calib_general,candidate,uncensored_refusal_like,reasoning_only,26,projected_js,0.0930629848735407,128
aim_on_breadcrumbs__calib_general,candidate,uncensored_refusal_like,reasoning_only,27,mmd_rbf,0.048473622649908066,128
aim_on_breadcrumbs__calib_general,candidate,uncensored_refusal_like,reasoning_only,27,projected_js,0.09593348321504891,128
aim_on_breadcrumbs__calib_general,candidate,uncensored_refusal_like,reasoning_only,28,mmd_rbf,0.051408350467681885,128
aim_on_breadcrumbs__calib_general,candidate,uncensored_refusal_like,reasoning_only,28,projected_js,0.10720690793823451,128
aim_on_breadcrumbs__calib_general,candidate,uncensored_refusal_like,reasoning_only,29,mmd_rbf,0.05040180683135986,128
aim_on_breadcrumbs__calib_general,candidate,uncensored_refusal_like,reasoning_only,29,projected_js,0.1065405118279159,128
aim_on_breadcrumbs__calib_general,candidate,uncensored_refusal_like,reasoning_only,30,mmd_rbf,0.05425384268164635,128
aim_on_breadcrumbs__calib_general,candidate,uncensored_refusal_like,reasoning_only,30,projected_js,0.1138420402421616,128
aim_on_breadcrumbs__calib_general,candidate,uncensored_refusal_like,reasoning_only,31,mmd_rbf,0.054707057774066925,128
aim_on_breadcrumbs__calib_general,candidate,uncensored_refusal_like,reasoning_only,31,projected_js,0.10912421526154503,128
aim_on_breadcrumbs__calib_general,candidate,uncensored_refusal_like,reasoning_only,32,mmd_rbf,0.054447662085294724,128
aim_on_breadcrumbs__calib_general,candidate,uncensored_refusal_like,reasoning_only,32,projected_js,0.10571787430671975,128
aim_on_breadcrumbs__calib_general,candidate,uncensored_refusal_like,reasoning_only,33,mmd_rbf,0.050176382064819336,128
aim_on_breadcrumbs__calib_general,candidate,uncensored_refusal_like,reasoning_only,33,projected_js,0.10026845545507967,128
aim_on_breadcrumbs__calib_general,candidate,uncensored_refusal_like,reasoning_only,34,mmd_rbf,0.052204787731170654,128
aim_on_breadcrumbs__calib_general,candidate,uncensored_refusal_like,reasoning_only,34,projected_js,0.09800801309756935,128
aim_on_breadcrumbs__calib_general,candidate,uncensored_refusal_like,reasoning_only,35,mmd_rbf,0.04373190924525261,128
aim_on_breadcrumbs__calib_general,candidate,uncensored_refusal_like,reasoning_only,35,projected_js,0.09586566482903436,128
aim_on_breadcrumbs__calib_general,candidate,uncensored_refusal_like,uncensored_only,0,mmd_rbf,0.015632862225174904,128
aim_on_breadcrumbs__calib_general,candidate,uncensored_refusal_like,uncensored_only,0,projected_js,0.06786377722164616,128
aim_on_breadcrumbs__calib_general,candidate,uncensored_refusal_like,uncensored_only,1,mmd_rbf,0.24096325039863586,128
aim_on_breadcrumbs__calib_general,candidate,uncensored_refusal_like,uncensored_only,1,projected_js,0.2597652625699993,128
aim_on_breadcrumbs__calib_general,candidate,uncensored_refusal_like,uncensored_only,2,mmd_rbf,0.21448159217834473,128
aim_on_breadcrumbs__calib_general,candidate,uncensored_refusal_like,uncensored_only,2,projected_js,0.21568898676196113,128
aim_on_breadcrumbs__calib_general,candidate,uncensored_refusal_like,uncensored_only,3,mmd_rbf,0.17152391374111176,128
aim_on_breadcrumbs__calib_general,candidate,uncensored_refusal_like,uncensored_only,3,projected_js,0.17040560382883996,128
aim_on_breadcrumbs__calib_general,candidate,uncensored_refusal_like,uncensored_only,4,mmd_rbf,0.13883844017982483,128
aim_on_breadcrumbs__calib_general,candidate,uncensored_refusal_like,uncensored_only,4,projected_js,0.17108882794855163,128
aim_on_breadcrumbs__calib_general,candidate,uncensored_refusal_like,uncensored_only,5,mmd_rbf,0.10681791603565216,128
aim_on_breadcrumbs__calib_general,candidate,uncensored_refusal_like,uncensored_only,5,projected_js,0.15836102899629623,128
aim_on_breadcrumbs__calib_general,candidate,uncensored_refusal_like,uncensored_only,6,mmd_rbf,0.06766562908887863,128
aim_on_breadcrumbs__calib_general,candidate,uncensored_refusal_like,uncensored_only,6,projected_js,0.11923666222719476,128
aim_on_breadcrumbs__calib_general,candidate,uncensored_refusal_like,uncensored_only,7,mmd_rbf,0.05110413581132889,128
aim_on_breadcrumbs__calib_general,candidate,uncensored_refusal_like,uncensored_only,7,projected_js,0.09961611917242408,128
aim_on_breadcrumbs__calib_general,candidate,uncensored_refusal_like,uncensored_only,8,mmd_rbf,0.03633250668644905,128
aim_on_breadcrumbs__calib_general,candidate,uncensored_refusal_like,uncensored_only,8,projected_js,0.08496698286035098,128
aim_on_breadcrumbs__calib_general,candidate,uncensored_refusal_like,uncensored_only,9,mmd_rbf,0.03120901621878147,128
aim_on_breadcrumbs__calib_general,candidate,uncensored_refusal_like,uncensored_only,9,projected_js,0.07977426436264068,128
aim_on_breadcrumbs__calib_general,candidate,uncensored_refusal_like,uncensored_only,10,mmd_rbf,0.026558486744761467,128
aim_on_breadcrumbs__calib_general,candidate,uncensored_refusal_like,uncensored_only,10,projected_js,0.0764293898246251,128
aim_on_breadcrumbs__calib_general,candidate,uncensored_refusal_like,uncensored_only,11,mmd_rbf,0.022172866389155388,128
aim_on_breadcrumbs__calib_general,candidate,uncensored_refusal_like,uncensored_only,11,projected_js,0.07082886976422742,128
aim_on_breadcrumbs__calib_general,candidate,uncensored_refusal_like,uncensored_only,12,mmd_rbf,0.022679297253489494,128
aim_on_breadcrumbs__calib_general,candidate,uncensored_refusal_like,uncensored_only,12,projected_js,0.0721401886548847,128
aim_on_breadcrumbs__calib_general,candidate,uncensored_refusal_like,uncensored_only,13,mmd_rbf,0.023831946775317192,128
aim_on_breadcrumbs__calib_general,candidate,uncensored_refusal_like,uncensored_only,13,projected_js,0.07911500212503597,128
aim_on_breadcrumbs__calib_general,candidate,uncensored_refusal_like,uncensored_only,14,mmd_rbf,0.025445932522416115,128
aim_on_breadcrumbs__calib_general,candidate,uncensored_refusal_like,uncensored_only,14,projected_js,0.07767007232178003,128
aim_on_breadcrumbs__calib_general,candidate,uncensored_refusal_like,uncensored_only,15,mmd_rbf,0.03146757557988167,128
aim_on_breadcrumbs__calib_general,candidate,uncensored_refusal_like,uncensored_only,15,projected_js,0.08623311249539256,128
aim_on_breadcrumbs__calib_general,candidate,uncensored_refusal_like,uncensored_only,16,mmd_rbf,0.033929597586393356,128
aim_on_breadcrumbs__calib_general,candidate,uncensored_refusal_like,uncensored_only,16,projected_js,0.07690964121138677,128
aim_on_breadcrumbs__calib_general,candidate,uncensored_refusal_like,uncensored_only,17,mmd_rbf,0.03410498425364494,128
aim_on_breadcrumbs__calib_general,candidate,uncensored_refusal_like,uncensored_only,17,projected_js,0.08263155224267393,128
aim_on_breadcrumbs__calib_general,candidate,uncensored_refusal_like,uncensored_only,18,mmd_rbf,0.03633449599146843,128
aim_on_breadcrumbs__calib_general,candidate,uncensored_refusal_like,uncensored_only,18,projected_js,0.0826309597468935,128
aim_on_breadcrumbs__calib_general,candidate,uncensored_refusal_like,uncensored_only,19,mmd_rbf,0.034604158252477646,128
aim_on_breadcrumbs__calib_general,candidate,uncensored_refusal_like,uncensored_only,19,projected_js,0.08699923031963408,128
aim_on_breadcrumbs__calib_general,candidate,uncensored_refusal_like,uncensored_only,20,mmd_rbf,0.03667277470231056,128
aim_on_breadcrumbs__calib_general,candidate,uncensored_refusal_like,uncensored_only,20,projected_js,0.08321398356929421,128
aim_on_breadcrumbs__calib_general,candidate,uncensored_refusal_like,uncensored_only,21,mmd_rbf,0.04161344841122627,128
aim_on_breadcrumbs__calib_general,candidate,uncensored_refusal_like,uncensored_only,21,projected_js,0.0906235238071531,128
aim_on_breadcrumbs__calib_general,candidate,uncensored_refusal_like,uncensored_only,22,mmd_rbf,0.043572403490543365,128
aim_on_breadcrumbs__calib_general,candidate,uncensored_refusal_like,uncensored_only,22,projected_js,0.09022103558527306,128
aim_on_breadcrumbs__calib_general,candidate,uncensored_refusal_like,uncensored_only,23,mmd_rbf,0.04435579106211662,128
aim_on_breadcrumbs__calib_general,candidate,uncensored_refusal_like,uncensored_only,23,projected_js,0.09848331683315337,128
aim_on_breadcrumbs__calib_general,candidate,uncensored_refusal_like,uncensored_only,24,mmd_rbf,0.04918821156024933,128
aim_on_breadcrumbs__calib_general,candidate,uncensored_refusal_like,uncensored_only,24,projected_js,0.09567342814989388,128
aim_on_breadcrumbs__calib_general,candidate,uncensored_refusal_like,uncensored_only,25,mmd_rbf,0.05308760330080986,128
aim_on_breadcrumbs__calib_general,candidate,uncensored_refusal_like,uncensored_only,25,projected_js,0.09843515942338854,128
aim_on_breadcrumbs__calib_general,candidate,uncensored_refusal_like,uncensored_only,26,mmd_rbf,0.05415308475494385,128
aim_on_breadcrumbs__calib_general,candidate,uncensored_refusal_like,uncensored_only,26,projected_js,0.09596623375546187,128
aim_on_breadcrumbs__calib_general,candidate,uncensored_refusal_like,uncensored_only,27,mmd_rbf,0.05560415983200073,128
aim_on_breadcrumbs__calib_general,candidate,uncensored_refusal_like,uncensored_only,27,projected_js,0.09791844640858471,128
aim_on_breadcrumbs__calib_general,candidate,uncensored_refusal_like,uncensored_only,28,mmd_rbf,0.05312999710440636,128
aim_on_breadcrumbs__calib_general,candidate,uncensored_refusal_like,uncensored_only,28,projected_js,0.1026681795483455,128
aim_on_breadcrumbs__calib_general,candidate,uncensored_refusal_like,uncensored_only,29,mmd_rbf,0.05063032731413841,128
aim_on_breadcrumbs__calib_general,candidate,uncensored_refusal_like,uncensored_only,29,projected_js,0.10067273234017193,128
aim_on_breadcrumbs__calib_general,candidate,uncensored_refusal_like,uncensored_only,30,mmd_rbf,0.05323432758450508,128
aim_on_breadcrumbs__calib_general,candidate,uncensored_refusal_like,uncensored_only,30,projected_js,0.10317535209469497,128
aim_on_breadcrumbs__calib_general,candidate,uncensored_refusal_like,uncensored_only,31,mmd_rbf,0.05132100731134415,128
aim_on_breadcrumbs__calib_general,candidate,uncensored_refusal_like,uncensored_only,31,projected_js,0.09477842762134969,128
aim_on_breadcrumbs__calib_general,candidate,uncensored_refusal_like,uncensored_only,32,mmd_rbf,0.05138750001788139,128
aim_on_breadcrumbs__calib_general,candidate,uncensored_refusal_like,uncensored_only,32,projected_js,0.09572726383339614,128
aim_on_breadcrumbs__calib_general,candidate,uncensored_refusal_like,uncensored_only,33,mmd_rbf,0.05087588354945183,128
aim_on_breadcrumbs__calib_general,candidate,uncensored_refusal_like,uncensored_only,33,projected_js,0.10140638396842405,128
aim_on_breadcrumbs__calib_general,candidate,uncensored_refusal_like,uncensored_only,34,mmd_rbf,0.056245625019073486,128
aim_on_breadcrumbs__calib_general,candidate,uncensored_refusal_like,uncensored_only,34,projected_js,0.10721515340264887,128
aim_on_breadcrumbs__calib_general,candidate,uncensored_refusal_like,uncensored_only,35,mmd_rbf,0.13200917840003967,128
aim_on_breadcrumbs__calib_general,candidate,uncensored_refusal_like,uncensored_only,35,projected_js,0.15951340179890394,128
