model_id,model_kind,calib_subset,target_id,layer,metric,value,n_prompts
aim_on_dare__calib_uncensored_refusal_like,candidate,general,base,0,mmd_rbf,0.005102253053337336,128
aim_on_dare__calib_uncensored_refusal_like,candidate,general,base,0,projected_js,0.04443002420885023,128
aim_on_dare__calib_uncensored_refusal_like,candidate,general,base,1,mmd_rbf,0.011109446175396442,128
aim_on_dare__calib_uncensored_refusal_like,candidate,general,base,1,projected_js,0.051170280639780685,128
aim_on_dare__calib_uncensored_refusal_like,candidate,general,base,2,mmd_rbf,0.009775265119969845,128
aim_on_dare__calib_uncensored_refusal_like,candidate,general,base,2,projected_js,0.05395929078804329,128
aim_on_dare__calib_uncensored_refusal_like,candidate,general,base,3,mmd_rbf,0.011514748446643353,128
aim_on_dare__calib_uncensored_refusal_like,candidate,general,base,3,projected_js,0.05774143512826413,128
aim_on_dare__calib_uncensored_refusal_like,candidate,general,base,4,mmd_rbf,0.010204116813838482,128
aim_on_dare__calib_uncensored_refusal_like,candidate,general,base,4,projected_js,0.05473377782618627,128
aim_on_dare__calib_uncensored_refusal_like,candidate,general,base,5,mmd_rbf,0.009509245865046978,128
aim_on_dare__calib_uncensored_refusal_like,candidate,general,base,5,projected_js,0.058360124472528696,128
aim_on_dare__calib_uncensored_refusal_like,candidate,general,base,6,mmd_rbf,0.0072451322339475155,128
aim_on_dare__calib_uncensored_refusal_like,candidate,general,base,6,projected_js,0.051509404758689925,128
aim_on_dare__calib_uncensored_refusal_like,candidate,general,base,7,mmd_rbf,0.006575675215572119,128
aim_on_dare__calib_uncensored_refusal_like,candidate,general,base,7,projected_js,0.05410712523735128,128
aim_on_dare__calib_uncensored_refusal_like,candidate,general,base,8,mmd_rbf,0.005324633326381445,128
aim_on_dare__calib_uncensored_refusal_like,candidate,general,base,8,projected_js,0.055503875570138916,128
aim_on_dare__calib_uncensored_refusal_like,candidate,general,base,9,mmd_rbf,0.005260781850665808,128
aim_on_dare__calib_uncensored_refusal_like,candidate,general,base,9,projected_js,0.05673041200498119,128
aim_on_dare__calib_uncensored_refusal_like,candidate,general,base,10,mmd_rbf,0.00546188885346055,128
aim_on_dare__calib_uncensored_refusal_like,candidate,general,base,10,projected_js,0.05551846287562512,128
aim_on_dare__calib_uncensored_refusal_like,candidate,general,base,11,mmd_rbf,0.005457490216940641,128
aim_on_dare__calib_uncensored_refusal_like,candidate,general,base,11,projected_js,0.05713649038807489,128
aim_on_dare__calib_uncensored_refusal_like,candidate,general,base,12,mmd_rbf,0.005552926100790501,128
aim_on_dare__calib_uncensored_refusal_like,candidate,general,base,12,projected_js,0.05651520230458118,128
aim_on_dare__calib_uncensored_refusal_like,candidate,general,base,13,mmd_rbf,0.005947476252913475,128
aim_on_dare__calib_uncensored_refusal_like,candidate,general,base,13,projected_js,0.055541803798405454,128
aim_on_dare__calib_uncensored_refusal_like,candidate,general,base,14,mmd_rbf,0.006131940986961126,128
aim_on_dare__calib_uncensored_refusal_like,candidate,general,base,14,projected_js,0.057158653798978776,128
aim_on_dare__calib_uncensored_refusal_like,candidate,general,base,15,mmd_rbf,0.006780456285923719,128
aim_on_dare__calib_uncensored_refusal_like,candidate,general,base,15,projected_js,0.05809655151097104,128
aim_on_dare__calib_uncensored_refusal_like,candidate,general,base,16,mmd_rbf,0.007799550890922546,128
aim_on_dare__calib_uncensored_refusal_like,candidate,general,base,16,projected_js,0.062311121699167415,128
aim_on_dare__calib_uncensored_refusal_like,candidate,general,base,17,mmd_rbf,0.007571217603981495,128
aim_on_dare__calib_uncensored_refusal_like,candidate,general,base,17,projected_js,0.059192217246163636,128
aim_on_dare__calib_uncensored_refusal_like,candidate,general,base,18,mmd_rbf,0.008245084434747696,128
aim_on_dare__calib_uncensored_refusal_like,candidate,general,base,18,projected_js,0.06362146203173324,128
aim_on_dare__calib_uncensored_refusal_like,candidate,general,base,19,mmd_rbf,0.008424152620136738,128
aim_on_dare__calib_uncensored_refusal_like,candidate,general,base,19,projected_js,0.06381279905326664,128
aim_on_dare__calib_uncensored_refusal_like,candidate,general,base,20,mmd_rbf,0.008175387047231197,128
aim_on_dare__calib_uncensored_refusal_like,candidate,general,base,20,projected_js,0.059351356874685735,128
aim_on_dare__calib_uncensored_refusal_like,candidate,general,base,21,mmd_rbf,0.008444060571491718,128
aim_on_dare__calib_uncensored_refusal_like,candidate,general,base,21,projected_js,0.06281257382943295,128
aim_on_dare__calib_uncensored_refusal_like,candidate,general,base,22,mmd_rbf,0.007781708147376776,128
aim_on_dare__calib_uncensored_refusal_like,candidate,general,base,22,projected_js,0.06200323154916987,128
aim_on_dare__calib_uncensored_refusal_like,candidate,general,base,23,mmd_rbf,0.007217166014015675,128
aim_on_dare__calib_uncensored_refusal_like,candidate,general,base,23,projected_js,0.06244998873444274,128
aim_on_dare__calib_uncensored_refusal_like,candidate,general,base,24,mmd_rbf,0.00652541546151042,128
aim_on_dare__calib_uncensored_refusal_like,candidate,general,base,24,projected_js,0.05731834445032291,128
aim_on_dare__calib_uncensored_refusal_like,candidate,general,base,25,mmd_rbf,0.006109799724072218,128
aim_on_dare__calib_uncensored_refusal_like,candidate,general,base,25,projected_js,0.055878746206872165,128
aim_on_dare__calib_uncensored_refusal_like,candidate,general,base,26,mmd_rbf,0.006029674783349037,128
aim_on_dare__calib_uncensored_refusal_like,candidate,general,base,26,projected_js,0.05520195682765916,128
aim_on_dare__calib_uncensored_refusal_like,candidate,general,base,27,mmd_rbf,0.005933777429163456,128
aim_on_dare__calib_uncensored_refusal_like,candidate,general,base,27,projected_js,0.05748913867864758,128
aim_on_dare__calib_uncensored_refusal_like,candidate,general,base,28,mmd_rbf,0.005631015636026859,128
aim_on_dare__calib_uncensored_refusal_like,candidate,general,base,28,projected_js,0.05892152659362182,128
aim_on_dare__calib_uncensored_refusal_like,candidate,general,base,29,mmd_rbf,0.005427789408713579,128
aim_on_dare__calib_uncensored_refusal_like,candidate,general,base,29,projected_js,0.05640644364757463,128
aim_on_dare__calib_uncensored_refusal_like,candidate,general,base,30,mmd_rbf,0.00524619547650218,128
aim_on_dare__calib_uncensored_refusal_like,candidate,general,base,30,projected_js,0.05693038017489016,128
aim_on_dare__calib_uncensored_refusal_like,candidate,general,base,31,mmd_rbf,0.005007254425436258,128
aim_on_dare__calib_uncensored_refusal_like,candidate,general,base,31,projected_js,0.05763207410927862,128
aim_on_dare__calib_uncensored_refusal_like,candidate,general,base,32,mmd_rbf,0.005386842414736748,128
aim_on_dare__calib_uncensored_refusal_like,candidate,general,base,32,projected_js,0.0570260766253341,128
aim_on_dare__calib_uncensored_refusal_like,candidate,general,base,33,mmd_rbf,0.005803063046187162,128
aim_on_dare__calib_uncensored_refusal_like,candidate,general,base,33,projected_js,0.06069081969326362,128
aim_on_dare__calib_uncensored_refusal_like,candidate,general,base,34,mmd_rbf,0.010972226038575172,128
aim_on_dare__calib_uncensored_refusal_like,candidate,general,base,34,projected_js,0.061836126435082406,128
aim_on_dare__calib_uncensored_refusal_like,candidate,general,base,35,mmd_rbf,0.06515812128782272,128
aim_on_dare__calib_uncensored_refusal_like,candidate,general,base,35,projected_js,0.10959724895656109,128
aim_on_dare__calib_uncensored_refusal_like,candidate,general,instr_only,0,mmd_rbf,0.002715504262596369,128
aim_on_dare__calib_uncensored_refusal_like,candidate,general,instr_only,0,projected_js,0.030434213476837613,128
aim_on_dare__calib_uncensored_refusal_like,candidate,general,instr_only,1,mmd_rbf,0.0062890262342989445,128
aim_on_dare__calib_uncensored_refusal_like,candidate,general,instr_only,1,projected_js,0.04188636565959314,128
aim_on_dare__calib_uncensored_refusal_like,candidate,general,instr_only,2,mmd_rbf,0.00652061402797699,128
aim_on_dare__calib_uncensored_refusal_like,candidate,general,instr_only,2,projected_js,0.044612412340939045,128
aim_on_dare__calib_uncensored_refusal_like,candidate,general,instr_only,3,mmd_rbf,0.007643543183803558,128
aim_on_dare__calib_uncensored_refusal_like,candidate,general,instr_only,3,projected_js,0.04880899059935473,128
aim_on_dare__calib_uncensored_refusal_like,candidate,general,instr_only,4,mmd_rbf,0.007688227575272322,128
aim_on_dare__calib_uncensored_refusal_like,candidate,general,instr_only,4,projected_js,0.04869164447882213,128
aim_on_dare__calib_uncensored_refusal_like,candidate,general,instr_only,5,mmd_rbf,0.0071172998286783695,128
aim_on_dare__calib_uncensored_refusal_like,candidate,general,instr_only,5,projected_js,0.0492058371019084,128
aim_on_dare__calib_uncensored_refusal_like,candidate,general,instr_only,6,mmd_rbf,0.004854943137615919,128
aim_on_dare__calib_uncensored_refusal_like,candidate,general,instr_only,6,projected_js,0.046488424035487697,128
aim_on_dare__calib_uncensored_refusal_like,candidate,general,instr_only,7,mmd_rbf,0.003849335480481386,128
aim_on_dare__calib_uncensored_refusal_like,candidate,general,instr_only,7,projected_js,0.04692136193625629,128
aim_on_dare__calib_uncensored_refusal_like,candidate,general,instr_only,8,mmd_rbf,0.002995692193508148,128
aim_on_dare__calib_uncensored_refusal_like,candidate,general,instr_only,8,projected_js,0.04967504719388671,128
aim_on_dare__calib_uncensored_refusal_like,candidate,general,instr_only,9,mmd_rbf,0.002909069648012519,128
aim_on_dare__calib_uncensored_refusal_like,candidate,general,instr_only,9,projected_js,0.04986424100934528,128
aim_on_dare__calib_uncensored_refusal_like,candidate,general,instr_only,10,mmd_rbf,0.003005007980391383,128
aim_on_dare__calib_uncensored_refusal_like,candidate,general,instr_only,10,projected_js,0.05083246194408275,128
aim_on_dare__calib_uncensored_refusal_like,candidate,general,instr_only,11,mmd_rbf,0.003059643553569913,128
aim_on_dare__calib_uncensored_refusal_like,candidate,general,instr_only,11,projected_js,0.05092025580233894,128
aim_on_dare__calib_uncensored_refusal_like,candidate,general,instr_only,12,mmd_rbf,0.0033109437208622694,128
aim_on_dare__calib_uncensored_refusal_like,candidate,general,instr_only,12,projected_js,0.0519569733296521,128
aim_on_dare__calib_uncensored_refusal_like,candidate,general,instr_only,13,mmd_rbf,0.0037264754064381123,128
aim_on_dare__calib_uncensored_refusal_like,candidate,general,instr_only,13,projected_js,0.05449830795987509,128
aim_on_dare__calib_uncensored_refusal_like,candidate,general,instr_only,14,mmd_rbf,0.0038660906720906496,128
aim_on_dare__calib_uncensored_refusal_like,candidate,general,instr_only,14,projected_js,0.05163904759683646,128
aim_on_dare__calib_uncensored_refusal_like,candidate,general,instr_only,15,mmd_rbf,0.00425046868622303,128
aim_on_dare__calib_uncensored_refusal_like,candidate,general,instr_only,15,projected_js,0.054860182252014056,128
aim_on_dare__calib_uncensored_refusal_like,candidate,general,instr_only,16,mmd_rbf,0.004572572652250528,128
aim_on_dare__calib_uncensored_refusal_like,candidate,general,instr_only,16,projected_js,0.05752606425085105,128
aim_on_dare__calib_uncensored_refusal_like,candidate,general,instr_only,17,mmd_rbf,0.004881259053945541,128
aim_on_dare__calib_uncensored_refusal_like,candidate,general,instr_only,17,projected_js,0.05653824197361246,128
aim_on_dare__calib_uncensored_refusal_like,candidate,general,instr_only,18,mmd_rbf,0.005025859456509352,128
aim_on_dare__calib_uncensored_refusal_like,candidate,general,instr_only,18,projected_js,0.05783717619488016,128
aim_on_dare__calib_uncensored_refusal_like,candidate,general,instr_only,19,mmd_rbf,0.005356520414352417,128
aim_on_dare__calib_uncensored_refusal_like,candidate,general,instr_only,19,projected_js,0.05855817790143192,128
aim_on_dare__calib_uncensored_refusal_like,candidate,general,instr_only,20,mmd_rbf,0.005515891592949629,128
aim_on_dare__calib_uncensored_refusal_like,candidate,general,instr_only,20,projected_js,0.060328633728204295,128
aim_on_dare__calib_uncensored_refusal_like,candidate,general,instr_only,21,mmd_rbf,0.005674343090504408,128
aim_on_dare__calib_uncensored_refusal_like,candidate,general,instr_only,21,projected_js,0.06095656706020236,128
aim_on_dare__calib_uncensored_refusal_like,candidate,general,instr_only,22,mmd_rbf,0.006025437265634537,128
aim_on_dare__calib_uncensored_refusal_like,candidate,general,instr_only,22,projected_js,0.05629564591799863,128
aim_on_dare__calib_uncensored_refusal_like,candidate,general,instr_only,23,mmd_rbf,0.005970380734652281,128
aim_on_dare__calib_uncensored_refusal_like,candidate,general,instr_only,23,projected_js,0.0606484072341118,128
aim_on_dare__calib_uncensored_refusal_like,candidate,general,instr_only,24,mmd_rbf,0.0061431811191141605,128
aim_on_dare__calib_uncensored_refusal_like,candidate,general,instr_only,24,projected_js,0.05610993958543986,128
aim_on_dare__calib_uncensored_refusal_like,candidate,general,instr_only,25,mmd_rbf,0.006176157854497433,128
aim_on_dare__calib_uncensored_refusal_like,candidate,general,instr_only,25,projected_js,0.057349694485310465,128
aim_on_dare__calib_uncensored_refusal_like,candidate,general,instr_only,26,mmd_rbf,0.006311862263828516,128
aim_on_dare__calib_uncensored_refusal_like,candidate,general,instr_only,26,projected_js,0.05759800609666854,128
aim_on_dare__calib_uncensored_refusal_like,candidate,general,instr_only,27,mmd_rbf,0.006324005778878927,128
aim_on_dare__calib_uncensored_refusal_like,candidate,general,instr_only,27,projected_js,0.05677405759342946,128
aim_on_dare__calib_uncensored_refusal_like,candidate,general,instr_only,28,mmd_rbf,0.0060135964304208755,128
aim_on_dare__calib_uncensored_refusal_like,candidate,general,instr_only,28,projected_js,0.05772786523448303,128
aim_on_dare__calib_uncensored_refusal_like,candidate,general,instr_only,29,mmd_rbf,0.005716127343475819,128
aim_on_dare__calib_uncensored_refusal_like,candidate,general,instr_only,29,projected_js,0.05724325275514275,128
aim_on_dare__calib_uncensored_refusal_like,candidate,general,instr_only,30,mmd_rbf,0.005459646228700876,128
aim_on_dare__calib_uncensored_refusal_like,candidate,general,instr_only,30,projected_js,0.05655993564869277,128
aim_on_dare__calib_uncensored_refusal_like,candidate,general,instr_only,31,mmd_rbf,0.005451424978673458,128
aim_on_dare__calib_uncensored_refusal_like,candidate,general,instr_only,31,projected_js,0.05796813263441436,128
aim_on_dare__calib_uncensored_refusal_like,candidate,general,instr_only,32,mmd_rbf,0.005573467817157507,128
aim_on_dare__calib_uncensored_refusal_like,candidate,general,instr_only,32,projected_js,0.058731756173074245,128
aim_on_dare__calib_uncensored_refusal_like,candidate,general,instr_only,33,mmd_rbf,0.0055120824836194515,128
aim_on_dare__calib_uncensored_refusal_like,candidate,general,instr_only,33,projected_js,0.05891869487822987,128
aim_on_dare__calib_uncensored_refusal_like,candidate,general,instr_only,34,mmd_rbf,0.006777679082006216,128
aim_on_dare__calib_uncensored_refusal_like,candidate,general,instr_only,34,projected_js,0.05549028783570975,128
aim_on_dare__calib_uncensored_refusal_like,candidate,general,instr_only,35,mmd_rbf,0.03579751402139664,128
aim_on_dare__calib_uncensored_refusal_like,candidate,general,instr_only,35,projected_js,0.08123593032360077,128
aim_on_dare__calib_uncensored_refusal_like,candidate,general,reasoning_only,0,mmd_rbf,0.016038810834288597,128
aim_on_dare__calib_uncensored_refusal_like,candidate,general,reasoning_only,0,projected_js,0.06445589096983895,128
aim_on_dare__calib_uncensored_refusal_like,candidate,general,reasoning_only,1,mmd_rbf,0.018789073452353477,128
aim_on_dare__calib_uncensored_refusal_like,candidate,general,reasoning_only,1,projected_js,0.06807399186072871,128
aim_on_dare__calib_uncensored_refusal_like,candidate,general,reasoning_only,2,mmd_rbf,0.02483159862458706,128
aim_on_dare__calib_uncensored_refusal_like,candidate,general,reasoning_only,2,projected_js,0.07059607858536765,128
aim_on_dare__calib_uncensored_refusal_like,candidate,general,reasoning_only,3,mmd_rbf,0.02658521942794323,128
aim_on_dare__calib_uncensored_refusal_like,candidate,general,reasoning_only,3,projected_js,0.07697019865736365,128
aim_on_dare__calib_uncensored_refusal_like,candidate,general,reasoning_only,4,mmd_rbf,0.026044582948088646,128
aim_on_dare__calib_uncensored_refusal_like,candidate,general,reasoning_only,4,projected_js,0.0807667322224006,128
aim_on_dare__calib_uncensored_refusal_like,candidate,general,reasoning_only,5,mmd_rbf,0.026174170896410942,128
aim_on_dare__calib_uncensored_refusal_like,candidate,general,reasoning_only,5,projected_js,0.08049240009859204,128
aim_on_dare__calib_uncensored_refusal_like,candidate,general,reasoning_only,6,mmd_rbf,0.018020082265138626,128
aim_on_dare__calib_uncensored_refusal_like,candidate,general,reasoning_only,6,projected_js,0.06947017108905129,128
aim_on_dare__calib_uncensored_refusal_like,candidate,general,reasoning_only,7,mmd_rbf,0.016583247110247612,128
aim_on_dare__calib_uncensored_refusal_like,candidate,general,reasoning_only,7,projected_js,0.06706767831929028,128
aim_on_dare__calib_uncensored_refusal_like,candidate,general,reasoning_only,8,mmd_rbf,0.012741423211991787,128
aim_on_dare__calib_uncensored_refusal_like,candidate,general,reasoning_only,8,projected_js,0.0674795868108049,128
aim_on_dare__calib_uncensored_refusal_like,candidate,general,reasoning_only,9,mmd_rbf,0.012080098502337933,128
aim_on_dare__calib_uncensored_refusal_like,candidate,general,reasoning_only,9,projected_js,0.06697264552349225,128
aim_on_dare__calib_uncensored_refusal_like,candidate,general,reasoning_only,10,mmd_rbf,0.012625542469322681,128
aim_on_dare__calib_uncensored_refusal_like,candidate,general,reasoning_only,10,projected_js,0.06497773609589785,128
aim_on_dare__calib_uncensored_refusal_like,candidate,general,reasoning_only,11,mmd_rbf,0.011374075897037983,128
aim_on_dare__calib_uncensored_refusal_like,candidate,general,reasoning_only,11,projected_js,0.06356142327422276,128
aim_on_dare__calib_uncensored_refusal_like,candidate,general,reasoning_only,12,mmd_rbf,0.01157835777848959,128
aim_on_dare__calib_uncensored_refusal_like,candidate,general,reasoning_only,12,projected_js,0.06653623300371692,128
aim_on_dare__calib_uncensored_refusal_like,candidate,general,reasoning_only,13,mmd_rbf,0.012025579810142517,128
aim_on_dare__calib_uncensored_refusal_like,candidate,general,reasoning_only,13,projected_js,0.06543233804404736,128
aim_on_dare__calib_uncensored_refusal_like,candidate,general,reasoning_only,14,mmd_rbf,0.01209226157516241,128
aim_on_dare__calib_uncensored_refusal_like,candidate,general,reasoning_only,14,projected_js,0.06602581957122311,128
aim_on_dare__calib_uncensored_refusal_like,candidate,general,reasoning_only,15,mmd_rbf,0.013141264207661152,128
aim_on_dare__calib_uncensored_refusal_like,candidate,general,reasoning_only,15,projected_js,0.06480817886767909,128
aim_on_dare__calib_uncensored_refusal_like,candidate,general,reasoning_only,16,mmd_rbf,0.013336211442947388,128
aim_on_dare__calib_uncensored_refusal_like,candidate,general,reasoning_only,16,projected_js,0.0665049547678791,128
aim_on_dare__calib_uncensored_refusal_like,candidate,general,reasoning_only,17,mmd_rbf,0.012758934870362282,128
aim_on_dare__calib_uncensored_refusal_like,candidate,general,reasoning_only,17,projected_js,0.06742207240313292,128
aim_on_dare__calib_uncensored_refusal_like,candidate,general,reasoning_only,18,mmd_rbf,0.014446116983890533,128
aim_on_dare__calib_uncensored_refusal_like,candidate,general,reasoning_only,18,projected_js,0.06801744643598795,128
aim_on_dare__calib_uncensored_refusal_like,candidate,general,reasoning_only,19,mmd_rbf,0.013317677192389965,128
aim_on_dare__calib_uncensored_refusal_like,candidate,general,reasoning_only,19,projected_js,0.06535687996074557,128
aim_on_dare__calib_uncensored_refusal_like,candidate,general,reasoning_only,20,mmd_rbf,0.013140210881829262,128
aim_on_dare__calib_uncensored_refusal_like,candidate,general,reasoning_only,20,projected_js,0.06416180857922882,128
aim_on_dare__calib_uncensored_refusal_like,candidate,general,reasoning_only,21,mmd_rbf,0.013904973864555359,128
aim_on_dare__calib_uncensored_refusal_like,candidate,general,reasoning_only,21,projected_js,0.06735052465228364,128
aim_on_dare__calib_uncensored_refusal_like,candidate,general,reasoning_only,22,mmd_rbf,0.011571294628083706,128
aim_on_dare__calib_uncensored_refusal_like,candidate,general,reasoning_only,22,projected_js,0.06728705862769857,128
aim_on_dare__calib_uncensored_refusal_like,candidate,general,reasoning_only,23,mmd_rbf,0.009319305419921875,128
aim_on_dare__calib_uncensored_refusal_like,candidate,general,reasoning_only,23,projected_js,0.0661903070867993,128
aim_on_dare__calib_uncensored_refusal_like,candidate,general,reasoning_only,24,mmd_rbf,0.009402397088706493,128
aim_on_dare__calib_uncensored_refusal_like,candidate,general,reasoning_only,24,projected_js,0.0655938557756599,128
aim_on_dare__calib_uncensored_refusal_like,candidate,general,reasoning_only,25,mmd_rbf,0.008654285222291946,128
aim_on_dare__calib_uncensored_refusal_like,candidate,general,reasoning_only,25,projected_js,0.06182716123294085,128
aim_on_dare__calib_uncensored_refusal_like,candidate,general,reasoning_only,26,mmd_rbf,0.008629188872873783,128
aim_on_dare__calib_uncensored_refusal_like,candidate,general,reasoning_only,26,projected_js,0.06361456192098558,128
aim_on_dare__calib_uncensored_refusal_like,candidate,general,reasoning_only,27,mmd_rbf,0.008224713616073132,128
aim_on_dare__calib_uncensored_refusal_like,candidate,general,reasoning_only,27,projected_js,0.0601277191308327,128
aim_on_dare__calib_uncensored_refusal_like,candidate,general,reasoning_only,28,mmd_rbf,0.008476369082927704,128
aim_on_dare__calib_uncensored_refusal_like,candidate,general,reasoning_only,28,projected_js,0.05703534820349887,128
aim_on_dare__calib_uncensored_refusal_like,candidate,general,reasoning_only,29,mmd_rbf,0.008338010869920254,128
aim_on_dare__calib_uncensored_refusal_like,candidate,general,reasoning_only,29,projected_js,0.06332401861436665,128
aim_on_dare__calib_uncensored_refusal_like,candidate,general,reasoning_only,30,mmd_rbf,0.00811845250427723,128
aim_on_dare__calib_uncensored_refusal_like,candidate,general,reasoning_only,30,projected_js,0.05611880047945306,128
aim_on_dare__calib_uncensored_refusal_like,candidate,general,reasoning_only,31,mmd_rbf,0.008004888892173767,128
aim_on_dare__calib_uncensored_refusal_like,candidate,general,reasoning_only,31,projected_js,0.06044542451854795,128
aim_on_dare__calib_uncensored_refusal_like,candidate,general,reasoning_only,32,mmd_rbf,0.007931137457489967,128
aim_on_dare__calib_uncensored_refusal_like,candidate,general,reasoning_only,32,projected_js,0.06234341184608638,128
aim_on_dare__calib_uncensored_refusal_like,candidate,general,reasoning_only,33,mmd_rbf,0.007880780845880508,128
aim_on_dare__calib_uncensored_refusal_like,candidate,general,reasoning_only,33,projected_js,0.059983577113598585,128
aim_on_dare__calib_uncensored_refusal_like,candidate,general,reasoning_only,34,mmd_rbf,0.00824239943176508,128
aim_on_dare__calib_uncensored_refusal_like,candidate,general,reasoning_only,34,projected_js,0.06070758169516921,128
aim_on_dare__calib_uncensored_refusal_like,candidate,general,reasoning_only,35,mmd_rbf,0.03151876479387283,128
aim_on_dare__calib_uncensored_refusal_like,candidate,general,reasoning_only,35,projected_js,0.07576134003465995,128
aim_on_dare__calib_uncensored_refusal_like,candidate,general,uncensored_only,0,mmd_rbf,0.00726008415222168,128
aim_on_dare__calib_uncensored_refusal_like,candidate,general,uncensored_only,0,projected_js,0.041199959727237,128
aim_on_dare__calib_uncensored_refusal_like,candidate,general,uncensored_only,1,mmd_rbf,0.15821366012096405,128
aim_on_dare__calib_uncensored_refusal_like,candidate,general,uncensored_only,1,projected_js,0.16701471694977954,128
aim_on_dare__calib_uncensored_refusal_like,candidate,general,uncensored_only,2,mmd_rbf,0.13112770020961761,128
aim_on_dare__calib_uncensored_refusal_like,candidate,general,uncensored_only,2,projected_js,0.13350555789656937,128
aim_on_dare__calib_uncensored_refusal_like,candidate,general,uncensored_only,3,mmd_rbf,0.09939255565404892,128
aim_on_dare__calib_uncensored_refusal_like,candidate,general,uncensored_only,3,projected_js,0.12170184851856902,128
aim_on_dare__calib_uncensored_refusal_like,candidate,general,uncensored_only,4,mmd_rbf,0.07223749905824661,128
aim_on_dare__calib_uncensored_refusal_like,candidate,general,uncensored_only,4,projected_js,0.10905735718552023,128
aim_on_dare__calib_uncensored_refusal_like,candidate,general,uncensored_only,5,mmd_rbf,0.04989057406783104,128
aim_on_dare__calib_uncensored_refusal_like,candidate,general,uncensored_only,5,projected_js,0.10306075267726555,128
aim_on_dare__calib_uncensored_refusal_like,candidate,general,uncensored_only,6,mmd_rbf,0.028251225128769875,128
aim_on_dare__calib_uncensored_refusal_like,candidate,general,uncensored_only,6,projected_js,0.07695986842736602,128
aim_on_dare__calib_uncensored_refusal_like,candidate,general,uncensored_only,7,mmd_rbf,0.021809788420796394,128
aim_on_dare__calib_uncensored_refusal_like,candidate,general,uncensored_only,7,projected_js,0.07315795897739008,128
aim_on_dare__calib_uncensored_refusal_like,candidate,general,uncensored_only,8,mmd_rbf,0.014582650735974312,128
aim_on_dare__calib_uncensored_refusal_like,candidate,general,uncensored_only,8,projected_js,0.06485001288820058,128
aim_on_dare__calib_uncensored_refusal_like,candidate,general,uncensored_only,9,mmd_rbf,0.012270702980458736,128
aim_on_dare__calib_uncensored_refusal_like,candidate,general,uncensored_only,9,projected_js,0.06413953885203227,128
aim_on_dare__calib_uncensored_refusal_like,candidate,general,uncensored_only,10,mmd_rbf,0.010747451335191727,128
aim_on_dare__calib_uncensored_refusal_like,candidate,general,uncensored_only,10,projected_js,0.06537408067379147,128
aim_on_dare__calib_uncensored_refusal_like,candidate,general,uncensored_only,11,mmd_rbf,0.009413241408765316,128
aim_on_dare__calib_uncensored_refusal_like,candidate,general,uncensored_only,11,projected_js,0.060168241150677204,128
aim_on_dare__calib_uncensored_refusal_like,candidate,general,uncensored_only,12,mmd_rbf,0.009240875020623207,128
aim_on_dare__calib_uncensored_refusal_like,candidate,general,uncensored_only,12,projected_js,0.06133681084611453,128
aim_on_dare__calib_uncensored_refusal_like,candidate,general,uncensored_only,13,mmd_rbf,0.010005658492445946,128
aim_on_dare__calib_uncensored_refusal_like,candidate,general,uncensored_only,13,projected_js,0.06447639525867999,128
aim_on_dare__calib_uncensored_refusal_like,candidate,general,uncensored_only,14,mmd_rbf,0.009770471602678299,128
aim_on_dare__calib_uncensored_refusal_like,candidate,general,uncensored_only,14,projected_js,0.0637244496610947,128
aim_on_dare__calib_uncensored_refusal_like,candidate,general,uncensored_only,15,mmd_rbf,0.011722397990524769,128
aim_on_dare__calib_uncensored_refusal_like,candidate,general,uncensored_only,15,projected_js,0.06643974035978317,128
aim_on_dare__calib_uncensored_refusal_like,candidate,general,uncensored_only,16,mmd_rbf,0.013140452094376087,128
aim_on_dare__calib_uncensored_refusal_like,candidate,general,uncensored_only,16,projected_js,0.07038444740464911,128
aim_on_dare__calib_uncensored_refusal_like,candidate,general,uncensored_only,17,mmd_rbf,0.012285077944397926,128
aim_on_dare__calib_uncensored_refusal_like,candidate,general,uncensored_only,17,projected_js,0.0656955759623088,128
aim_on_dare__calib_uncensored_refusal_like,candidate,general,uncensored_only,18,mmd_rbf,0.012451726011931896,128
aim_on_dare__calib_uncensored_refusal_like,candidate,general,uncensored_only,18,projected_js,0.06526582600781694,128
aim_on_dare__calib_uncensored_refusal_like,candidate,general,uncensored_only,19,mmd_rbf,0.011414759792387486,128
aim_on_dare__calib_uncensored_refusal_like,candidate,general,uncensored_only,19,projected_js,0.06482681923080236,128
aim_on_dare__calib_uncensored_refusal_like,candidate,general,uncensored_only,20,mmd_rbf,0.011186066083610058,128
aim_on_dare__calib_uncensored_refusal_like,candidate,general,uncensored_only,20,projected_js,0.06421825016150251,128
aim_on_dare__calib_uncensored_refusal_like,candidate,general,uncensored_only,21,mmd_rbf,0.01199429389089346,128
aim_on_dare__calib_uncensored_refusal_like,candidate,general,uncensored_only,21,projected_js,0.06632526949397288,128
aim_on_dare__calib_uncensored_refusal_like,candidate,general,uncensored_only,22,mmd_rbf,0.012584805488586426,128
aim_on_dare__calib_uncensored_refusal_like,candidate,general,uncensored_only,22,projected_js,0.06515881925588474,128
aim_on_dare__calib_uncensored_refusal_like,candidate,general,uncensored_only,23,mmd_rbf,0.012036368250846863,128
aim_on_dare__calib_uncensored_refusal_like,candidate,general,uncensored_only,23,projected_js,0.06538460607407615,128
aim_on_dare__calib_uncensored_refusal_like,candidate,general,uncensored_only,24,mmd_rbf,0.01243593916296959,128
aim_on_dare__calib_uncensored_refusal_like,candidate,general,uncensored_only,24,projected_js,0.0671541141346097,128
aim_on_dare__calib_uncensored_refusal_like,candidate,general,uncensored_only,25,mmd_rbf,0.012650799937546253,128
aim_on_dare__calib_uncensored_refusal_like,candidate,general,uncensored_only,25,projected_js,0.06861817149911076,128
aim_on_dare__calib_uncensored_refusal_like,candidate,general,uncensored_only,26,mmd_rbf,0.01297957357019186,128
aim_on_dare__calib_uncensored_refusal_like,candidate,general,uncensored_only,26,projected_js,0.06824784260243177,128
aim_on_dare__calib_uncensored_refusal_like,candidate,general,uncensored_only,27,mmd_rbf,0.013087856583297253,128
aim_on_dare__calib_uncensored_refusal_like,candidate,general,uncensored_only,27,projected_js,0.06553928810171783,128
aim_on_dare__calib_uncensored_refusal_like,candidate,general,uncensored_only,28,mmd_rbf,0.012121723964810371,128
aim_on_dare__calib_uncensored_refusal_like,candidate,general,uncensored_only,28,projected_js,0.06420269916998222,128
aim_on_dare__calib_uncensored_refusal_like,candidate,general,uncensored_only,29,mmd_rbf,0.011691072955727577,128
aim_on_dare__calib_uncensored_refusal_like,candidate,general,uncensored_only,29,projected_js,0.06220877799205482,128
aim_on_dare__calib_uncensored_refusal_like,candidate,general,uncensored_only,30,mmd_rbf,0.011660540476441383,128
aim_on_dare__calib_uncensored_refusal_like,candidate,general,uncensored_only,30,projected_js,0.06224476970965043,128
aim_on_dare__calib_uncensored_refusal_like,candidate,general,uncensored_only,31,mmd_rbf,0.011136884801089764,128
aim_on_dare__calib_uncensored_refusal_like,candidate,general,uncensored_only,31,projected_js,0.062248907575849444,128
aim_on_dare__calib_uncensored_refusal_like,candidate,general,uncensored_only,32,mmd_rbf,0.010979099199175835,128
aim_on_dare__calib_uncensored_refusal_like,candidate,general,uncensored_only,32,projected_js,0.06375783251132816,128
aim_on_dare__calib_uncensored_refusal_like,candidate,general,uncensored_only,33,mmd_rbf,0.011043751612305641,128
aim_on_dare__calib_uncensored_refusal_like,candidate,general,uncensored_only,33,projected_js,0.06242174794897437,128
aim_on_dare__calib_uncensored_refusal_like,candidate,general,uncensored_only,34,mmd_rbf,0.012187683023512363,128
aim_on_dare__calib_uncensored_refusal_like,candidate,general,uncensored_only,34,projected_js,0.062228502618381754,128
aim_on_dare__calib_uncensored_refusal_like,candidate,general,uncensored_only,35,mmd_rbf,0.04930766671895981,128
aim_on_dare__calib_uncensored_refusal_like,candidate,general,uncensored_only,35,projected_js,0.09158364136237651,128
aim_on_dare__calib_uncensored_refusal_like,candidate,instruction,base,0,mmd_rbf,0.0032165467273443937,128
aim_on_dare__calib_uncensored_refusal_like,candidate,instruction,base,0,projected_js,0.0440111814532429,128
aim_on_dare__calib_uncensored_refusal_like,candidate,instruction,base,1,mmd_rbf,0.007451747544109821,128
aim_on_dare__calib_uncensored_refusal_like,candidate,instruction,base,1,projected_js,0.052206137421308085,128
aim_on_dare__calib_uncensored_refusal_like,candidate,instruction,base,2,mmd_rbf,0.008122475817799568,128
aim_on_dare__calib_uncensored_refusal_like,candidate,instruction,base,2,projected_js,0.05767670847126283,128
aim_on_dare__calib_uncensored_refusal_like,candidate,instruction,base,3,mmd_rbf,0.010138038545846939,128
aim_on_dare__calib_uncensored_refusal_like,candidate,instruction,base,3,projected_js,0.061789712082827464,128
aim_on_dare__calib_uncensored_refusal_like,candidate,instruction,base,4,mmd_rbf,0.009413989260792732,128
aim_on_dare__calib_uncensored_refusal_like,candidate,instruction,base,4,projected_js,0.06274306663544849,128
aim_on_dare__calib_uncensored_refusal_like,candidate,instruction,base,5,mmd_rbf,0.009826352819800377,128
aim_on_dare__calib_uncensored_refusal_like,candidate,instruction,base,5,projected_js,0.058298168383771554,128
aim_on_dare__calib_uncensored_refusal_like,candidate,instruction,base,6,mmd_rbf,0.00851230975240469,128
aim_on_dare__calib_uncensored_refusal_like,candidate,instruction,base,6,projected_js,0.056502800463931635,128
aim_on_dare__calib_uncensored_refusal_like,candidate,instruction,base,7,mmd_rbf,0.008141955360770226,128
aim_on_dare__calib_uncensored_refusal_like,candidate,instruction,base,7,projected_js,0.05996704098652117,128
aim_on_dare__calib_uncensored_refusal_like,candidate,instruction,base,8,mmd_rbf,0.007346522994339466,128
aim_on_dare__calib_uncensored_refusal_like,candidate,instruction,base,8,projected_js,0.06072237831540406,128
aim_on_dare__calib_uncensored_refusal_like,candidate,instruction,base,9,mmd_rbf,0.008041318506002426,128
aim_on_dare__calib_uncensored_refusal_like,candidate,instruction,base,9,projected_js,0.0636096467205789,128
aim_on_dare__calib_uncensored_refusal_like,candidate,instruction,base,10,mmd_rbf,0.009089947678148746,128
aim_on_dare__calib_uncensored_refusal_like,candidate,instruction,base,10,projected_js,0.06653175700921565,128
aim_on_dare__calib_uncensored_refusal_like,candidate,instruction,base,11,mmd_rbf,0.009083054028451443,128
aim_on_dare__calib_uncensored_refusal_like,candidate,instruction,base,11,projected_js,0.0638749263016507,128
aim_on_dare__calib_uncensored_refusal_like,candidate,instruction,base,12,mmd_rbf,0.009045896120369434,128
aim_on_dare__calib_uncensored_refusal_like,candidate,instruction,base,12,projected_js,0.07021741883363575,128
aim_on_dare__calib_uncensored_refusal_like,candidate,instruction,base,13,mmd_rbf,0.009771982207894325,128
aim_on_dare__calib_uncensored_refusal_like,candidate,instruction,base,13,projected_js,0.06656754773575813,128
aim_on_dare__calib_uncensored_refusal_like,candidate,instruction,base,14,mmd_rbf,0.010482641868293285,128
aim_on_dare__calib_uncensored_refusal_like,candidate,instruction,base,14,projected_js,0.06604212775710039,128
aim_on_dare__calib_uncensored_refusal_like,candidate,instruction,base,15,mmd_rbf,0.01153565477579832,128
aim_on_dare__calib_uncensored_refusal_like,candidate,instruction,base,15,projected_js,0.06929058814421296,128
aim_on_dare__calib_uncensored_refusal_like,candidate,instruction,base,16,mmd_rbf,0.012326596304774284,128
aim_on_dare__calib_uncensored_refusal_like,candidate,instruction,base,16,projected_js,0.06881610734853894,128
aim_on_dare__calib_uncensored_refusal_like,candidate,instruction,base,17,mmd_rbf,0.012222583405673504,128
aim_on_dare__calib_uncensored_refusal_like,candidate,instruction,base,17,projected_js,0.06970367330359295,128
aim_on_dare__calib_uncensored_refusal_like,candidate,instruction,base,18,mmd_rbf,0.01337068434804678,128
aim_on_dare__calib_uncensored_refusal_like,candidate,instruction,base,18,projected_js,0.07299821387277916,128
aim_on_dare__calib_uncensored_refusal_like,candidate,instruction,base,19,mmd_rbf,0.014638795517385006,128
aim_on_dare__calib_uncensored_refusal_like,candidate,instruction,base,19,projected_js,0.06779277813620865,128
aim_on_dare__calib_uncensored_refusal_like,candidate,instruction,base,20,mmd_rbf,0.014714024029672146,128
aim_on_dare__calib_uncensored_refusal_like,candidate,instruction,base,20,projected_js,0.07047323638107628,128
aim_on_dare__calib_uncensored_refusal_like,candidate,instruction,base,21,mmd_rbf,0.01571282185614109,128
aim_on_dare__calib_uncensored_refusal_like,candidate,instruction,base,21,projected_js,0.07498094724724069,128
aim_on_dare__calib_uncensored_refusal_like,candidate,instruction,base,22,mmd_rbf,0.01507983636111021,128
aim_on_dare__calib_uncensored_refusal_like,candidate,instruction,base,22,projected_js,0.07278773782309145,128
aim_on_dare__calib_uncensored_refusal_like,candidate,instruction,base,23,mmd_rbf,0.014021351933479309,128
aim_on_dare__calib_uncensored_refusal_like,candidate,instruction,base,23,projected_js,0.07152273540850729,128
aim_on_dare__calib_uncensored_refusal_like,candidate,instruction,base,24,mmd_rbf,0.013073696754872799,128
aim_on_dare__calib_uncensored_refusal_like,candidate,instruction,base,24,projected_js,0.07295181474182755,128
aim_on_dare__calib_uncensored_refusal_like,candidate,instruction,base,25,mmd_rbf,0.012275200337171555,128
aim_on_dare__calib_uncensored_refusal_like,candidate,instruction,base,25,projected_js,0.06832291424507275,128
aim_on_dare__calib_uncensored_refusal_like,candidate,instruction,base,26,mmd_rbf,0.011870537884533405,128
aim_on_dare__calib_uncensored_refusal_like,candidate,instruction,base,26,projected_js,0.06857483473140746,128
aim_on_dare__calib_uncensored_refusal_like,candidate,instruction,base,27,mmd_rbf,0.01142797339707613,128
aim_on_dare__calib_uncensored_refusal_like,candidate,instruction,base,27,projected_js,0.06649631407344714,128
aim_on_dare__calib_uncensored_refusal_like,candidate,instruction,base,28,mmd_rbf,0.010703257285058498,128
aim_on_dare__calib_uncensored_refusal_like,candidate,instruction,base,28,projected_js,0.06711848295526579,128
aim_on_dare__calib_uncensored_refusal_like,candidate,instruction,base,29,mmd_rbf,0.010140573605895042,128
aim_on_dare__calib_uncensored_refusal_like,candidate,instruction,base,29,projected_js,0.06634429207770154,128
aim_on_dare__calib_uncensored_refusal_like,candidate,instruction,base,30,mmd_rbf,0.009917519055306911,128
aim_on_dare__calib_uncensored_refusal_like,candidate,instruction,base,30,projected_js,0.06418715981999412,128
aim_on_dare__calib_uncensored_refusal_like,candidate,instruction,base,31,mmd_rbf,0.009685136377811432,128
aim_on_dare__calib_uncensored_refusal_like,candidate,instruction,base,31,projected_js,0.06959007331170142,128
aim_on_dare__calib_uncensored_refusal_like,candidate,instruction,base,32,mmd_rbf,0.010118800215423107,128
aim_on_dare__calib_uncensored_refusal_like,candidate,instruction,base,32,projected_js,0.06816533071105368,128
aim_on_dare__calib_uncensored_refusal_like,candidate,instruction,base,33,mmd_rbf,0.010458138771355152,128
aim_on_dare__calib_uncensored_refusal_like,candidate,instruction,base,33,projected_js,0.06595195503905416,128
aim_on_dare__calib_uncensored_refusal_like,candidate,instruction,base,34,mmd_rbf,0.016099026426672935,128
aim_on_dare__calib_uncensored_refusal_like,candidate,instruction,base,34,projected_js,0.07711828220635653,128
aim_on_dare__calib_uncensored_refusal_like,candidate,instruction,base,35,mmd_rbf,0.054644595831632614,128
aim_on_dare__calib_uncensored_refusal_like,candidate,instruction,base,35,projected_js,0.11576411238638684,128
aim_on_dare__calib_uncensored_refusal_like,candidate,instruction,instr_only,0,mmd_rbf,0.0018201649654656649,128
aim_on_dare__calib_uncensored_refusal_like,candidate,instruction,instr_only,0,projected_js,0.035081020861980505,128
aim_on_dare__calib_uncensored_refusal_like,candidate,instruction,instr_only,1,mmd_rbf,0.0049463496543467045,128
aim_on_dare__calib_uncensored_refusal_like,candidate,instruction,instr_only,1,projected_js,0.0440541910356842,128
aim_on_dare__calib_uncensored_refusal_like,candidate,instruction,instr_only,2,mmd_rbf,0.00555487722158432,128
aim_on_dare__calib_uncensored_refusal_like,candidate,instruction,instr_only,2,projected_js,0.047724115662276745,128
aim_on_dare__calib_uncensored_refusal_like,candidate,instruction,instr_only,3,mmd_rbf,0.005579017102718353,128
aim_on_dare__calib_uncensored_refusal_like,candidate,instruction,instr_only,3,projected_js,0.04639337048865855,128
aim_on_dare__calib_uncensored_refusal_like,candidate,instruction,instr_only,4,mmd_rbf,0.005583770573139191,128
aim_on_dare__calib_uncensored_refusal_like,candidate,instruction,instr_only,4,projected_js,0.04957213855232112,128
aim_on_dare__calib_uncensored_refusal_like,candidate,instruction,instr_only,5,mmd_rbf,0.005815605167299509,128
aim_on_dare__calib_uncensored_refusal_like,candidate,instruction,instr_only,5,projected_js,0.04790754642453976,128
aim_on_dare__calib_uncensored_refusal_like,candidate,instruction,instr_only,6,mmd_rbf,0.004209388978779316,128
aim_on_dare__calib_uncensored_refusal_like,candidate,instruction,instr_only,6,projected_js,0.049464560113847256,128
aim_on_dare__calib_uncensored_refusal_like,candidate,instruction,instr_only,7,mmd_rbf,0.0036201884504407644,128
aim_on_dare__calib_uncensored_refusal_like,candidate,instruction,instr_only,7,projected_js,0.049448920210124925,128
aim_on_dare__calib_uncensored_refusal_like,candidate,instruction,instr_only,8,mmd_rbf,0.003245510859414935,128
aim_on_dare__calib_uncensored_refusal_like,candidate,instruction,instr_only,8,projected_js,0.053255887469276786,128
aim_on_dare__calib_uncensored_refusal_like,candidate,instruction,instr_only,9,mmd_rbf,0.003135091159492731,128
aim_on_dare__calib_uncensored_refusal_like,candidate,instruction,instr_only,9,projected_js,0.05503570206928998,128
aim_on_dare__calib_uncensored_refusal_like,candidate,instruction,instr_only,10,mmd_rbf,0.003462875261902809,128
aim_on_dare__calib_uncensored_refusal_like,candidate,instruction,instr_only,10,projected_js,0.05604236834915355,128
aim_on_dare__calib_uncensored_refusal_like,candidate,instruction,instr_only,11,mmd_rbf,0.0032459478825330734,128
aim_on_dare__calib_uncensored_refusal_like,candidate,instruction,instr_only,11,projected_js,0.058157972496701404,128
aim_on_dare__calib_uncensored_refusal_like,candidate,instruction,instr_only,12,mmd_rbf,0.0032786086667329073,128
aim_on_dare__calib_uncensored_refusal_like,candidate,instruction,instr_only,12,projected_js,0.057177805894752964,128
aim_on_dare__calib_uncensored_refusal_like,candidate,instruction,instr_only,13,mmd_rbf,0.0033610952086746693,128
aim_on_dare__calib_uncensored_refusal_like,candidate,instruction,instr_only,13,projected_js,0.061496068025007844,128
aim_on_dare__calib_uncensored_refusal_like,candidate,instruction,instr_only,14,mmd_rbf,0.003421720815822482,128
aim_on_dare__calib_uncensored_refusal_like,candidate,instruction,instr_only,14,projected_js,0.056441267079208046,128
aim_on_dare__calib_uncensored_refusal_like,candidate,instruction,instr_only,15,mmd_rbf,0.0035578906536102295,128
aim_on_dare__calib_uncensored_refusal_like,candidate,instruction,instr_only,15,projected_js,0.06003298339783214,128
aim_on_dare__calib_uncensored_refusal_like,candidate,instruction,instr_only,16,mmd_rbf,0.0037061080802232027,128
aim_on_dare__calib_uncensored_refusal_like,candidate,instruction,instr_only,16,projected_js,0.06357364804716781,128
aim_on_dare__calib_uncensored_refusal_like,candidate,instruction,instr_only,17,mmd_rbf,0.003900697221979499,128
aim_on_dare__calib_uncensored_refusal_like,candidate,instruction,instr_only,17,projected_js,0.060484222951345146,128
aim_on_dare__calib_uncensored_refusal_like,candidate,instruction,instr_only,18,mmd_rbf,0.004168105311691761,128
aim_on_dare__calib_uncensored_refusal_like,candidate,instruction,instr_only,18,projected_js,0.05853078805375844,128
aim_on_dare__calib_uncensored_refusal_like,candidate,instruction,instr_only,19,mmd_rbf,0.0047598714008927345,128
aim_on_dare__calib_uncensored_refusal_like,candidate,instruction,instr_only,19,projected_js,0.05993889772798866,128
aim_on_dare__calib_uncensored_refusal_like,candidate,instruction,instr_only,20,mmd_rbf,0.005134335719048977,128
aim_on_dare__calib_uncensored_refusal_like,candidate,instruction,instr_only,20,projected_js,0.0602741164912004,128
aim_on_dare__calib_uncensored_refusal_like,candidate,instruction,instr_only,21,mmd_rbf,0.005930759012699127,128
aim_on_dare__calib_uncensored_refusal_like,candidate,instruction,instr_only,21,projected_js,0.06472316553117707,128
aim_on_dare__calib_uncensored_refusal_like,candidate,instruction,instr_only,22,mmd_rbf,0.006422881968319416,128
aim_on_dare__calib_uncensored_refusal_like,candidate,instruction,instr_only,22,projected_js,0.06516914442181587,128
aim_on_dare__calib_uncensored_refusal_like,candidate,instruction,instr_only,23,mmd_rbf,0.006616370286792517,128
aim_on_dare__calib_uncensored_refusal_like,candidate,instruction,instr_only,23,projected_js,0.0646562461333815,128
aim_on_dare__calib_uncensored_refusal_like,candidate,instruction,instr_only,24,mmd_rbf,0.006667838431894779,128
aim_on_dare__calib_uncensored_refusal_like,candidate,instruction,instr_only,24,projected_js,0.06546698341844603,128
aim_on_dare__calib_uncensored_refusal_like,candidate,instruction,instr_only,25,mmd_rbf,0.006806895136833191,128
aim_on_dare__calib_uncensored_refusal_like,candidate,instruction,instr_only,25,projected_js,0.06478018336929381,128
aim_on_dare__calib_uncensored_refusal_like,candidate,instruction,instr_only,26,mmd_rbf,0.00703593110665679,128
aim_on_dare__calib_uncensored_refusal_like,candidate,instruction,instr_only,26,projected_js,0.0657029720605351,128
aim_on_dare__calib_uncensored_refusal_like,candidate,instruction,instr_only,27,mmd_rbf,0.007006071507930756,128
aim_on_dare__calib_uncensored_refusal_like,candidate,instruction,instr_only,27,projected_js,0.06386952346656471,128
aim_on_dare__calib_uncensored_refusal_like,candidate,instruction,instr_only,28,mmd_rbf,0.006608759053051472,128
aim_on_dare__calib_uncensored_refusal_like,candidate,instruction,instr_only,28,projected_js,0.06416909964173101,128
aim_on_dare__calib_uncensored_refusal_like,candidate,instruction,instr_only,29,mmd_rbf,0.006254236679524183,128
aim_on_dare__calib_uncensored_refusal_like,candidate,instruction,instr_only,29,projected_js,0.0627982042497024,128
aim_on_dare__calib_uncensored_refusal_like,candidate,instruction,instr_only,30,mmd_rbf,0.00614360673353076,128
aim_on_dare__calib_uncensored_refusal_like,candidate,instruction,instr_only,30,projected_js,0.06267241016030312,128
aim_on_dare__calib_uncensored_refusal_like,candidate,instruction,instr_only,31,mmd_rbf,0.006068748887628317,128
aim_on_dare__calib_uncensored_refusal_like,candidate,instruction,instr_only,31,projected_js,0.06425459895399399,128
aim_on_dare__calib_uncensored_refusal_like,candidate,instruction,instr_only,32,mmd_rbf,0.006093848962336779,128
aim_on_dare__calib_uncensored_refusal_like,candidate,instruction,instr_only,32,projected_js,0.060540615872014314,128
aim_on_dare__calib_uncensored_refusal_like,candidate,instruction,instr_only,33,mmd_rbf,0.006189607549458742,128
aim_on_dare__calib_uncensored_refusal_like,candidate,instruction,instr_only,33,projected_js,0.06125164532568306,128
aim_on_dare__calib_uncensored_refusal_like,candidate,instruction,instr_only,34,mmd_rbf,0.007689242251217365,128
aim_on_dare__calib_uncensored_refusal_like,candidate,instruction,instr_only,34,projected_js,0.06482509095803834,128
aim_on_dare__calib_uncensored_refusal_like,candidate,instruction,instr_only,35,mmd_rbf,0.034740034490823746,128
aim_on_dare__calib_uncensored_refusal_like,candidate,instruction,instr_only,35,projected_js,0.09301125857746229,128
aim_on_dare__calib_uncensored_refusal_like,candidate,instruction,reasoning_only,0,mmd_rbf,0.007420778274536133,128
aim_on_dare__calib_uncensored_refusal_like,candidate,instruction,reasoning_only,0,projected_js,0.06168687669560313,128
aim_on_dare__calib_uncensored_refusal_like,candidate,instruction,reasoning_only,1,mmd_rbf,0.012875238433480263,128
aim_on_dare__calib_uncensored_refusal_like,candidate,instruction,reasoning_only,1,projected_js,0.062440465902909636,128
aim_on_dare__calib_uncensored_refusal_like,candidate,instruction,reasoning_only,2,mmd_rbf,0.018987903371453285,128
aim_on_dare__calib_uncensored_refusal_like,candidate,instruction,reasoning_only,2,projected_js,0.06830595229985192,128
aim_on_dare__calib_uncensored_refusal_like,candidate,instruction,reasoning_only,3,mmd_rbf,0.020416781306266785,128
aim_on_dare__calib_uncensored_refusal_like,candidate,instruction,reasoning_only,3,projected_js,0.06956692604580894,128
aim_on_dare__calib_uncensored_refusal_like,candidate,instruction,reasoning_only,4,mmd_rbf,0.0216247346252203,128
aim_on_dare__calib_uncensored_refusal_like,candidate,instruction,reasoning_only,4,projected_js,0.08257153735030442,128
aim_on_dare__calib_uncensored_refusal_like,candidate,instruction,reasoning_only,5,mmd_rbf,0.023656906560063362,128
aim_on_dare__calib_uncensored_refusal_like,candidate,instruction,reasoning_only,5,projected_js,0.0788113076123409,128
aim_on_dare__calib_uncensored_refusal_like,candidate,instruction,reasoning_only,6,mmd_rbf,0.017796715721488,128
aim_on_dare__calib_uncensored_refusal_like,candidate,instruction,reasoning_only,6,projected_js,0.07716243650065735,128
aim_on_dare__calib_uncensored_refusal_like,candidate,instruction,reasoning_only,7,mmd_rbf,0.017554154619574547,128
aim_on_dare__calib_uncensored_refusal_like,candidate,instruction,reasoning_only,7,projected_js,0.07508758391486481,128
aim_on_dare__calib_uncensored_refusal_like,candidate,instruction,reasoning_only,8,mmd_rbf,0.01384753454476595,128
aim_on_dare__calib_uncensored_refusal_like,candidate,instruction,reasoning_only,8,projected_js,0.07500202459050342,128
aim_on_dare__calib_uncensored_refusal_like,candidate,instruction,reasoning_only,9,mmd_rbf,0.013496425934135914,128
aim_on_dare__calib_uncensored_refusal_like,candidate,instruction,reasoning_only,9,projected_js,0.07058146927738562,128
aim_on_dare__calib_uncensored_refusal_like,candidate,instruction,reasoning_only,10,mmd_rbf,0.014970413409173489,128
aim_on_dare__calib_uncensored_refusal_like,candidate,instruction,reasoning_only,10,projected_js,0.0748670410248451,128
aim_on_dare__calib_uncensored_refusal_like,candidate,instruction,reasoning_only,11,mmd_rbf,0.014236636459827423,128
aim_on_dare__calib_uncensored_refusal_like,candidate,instruction,reasoning_only,11,projected_js,0.07078345702029765,128
aim_on_dare__calib_uncensored_refusal_like,candidate,instruction,reasoning_only,12,mmd_rbf,0.015044626779854298,128
aim_on_dare__calib_uncensored_refusal_like,candidate,instruction,reasoning_only,12,projected_js,0.07628548349021003,128
aim_on_dare__calib_uncensored_refusal_like,candidate,instruction,reasoning_only,13,mmd_rbf,0.015788709744811058,128
aim_on_dare__calib_uncensored_refusal_like,candidate,instruction,reasoning_only,13,projected_js,0.07658133935183287,128
aim_on_dare__calib_uncensored_refusal_like,candidate,instruction,reasoning_only,14,mmd_rbf,0.01590409316122532,128
aim_on_dare__calib_uncensored_refusal_like,candidate,instruction,reasoning_only,14,projected_js,0.07580471265828237,128
aim_on_dare__calib_uncensored_refusal_like,candidate,instruction,reasoning_only,15,mmd_rbf,0.017063075676560402,128
aim_on_dare__calib_uncensored_refusal_like,candidate,instruction,reasoning_only,15,projected_js,0.07438954163808376,128
aim_on_dare__calib_uncensored_refusal_like,candidate,instruction,reasoning_only,16,mmd_rbf,0.017395026981830597,128
aim_on_dare__calib_uncensored_refusal_like,candidate,instruction,reasoning_only,16,projected_js,0.07843775962828659,128
aim_on_dare__calib_uncensored_refusal_like,candidate,instruction,reasoning_only,17,mmd_rbf,0.016975345090031624,128
aim_on_dare__calib_uncensored_refusal_like,candidate,instruction,reasoning_only,17,projected_js,0.07142497634049505,128
aim_on_dare__calib_uncensored_refusal_like,candidate,instruction,reasoning_only,18,mmd_rbf,0.01941874623298645,128
aim_on_dare__calib_uncensored_refusal_like,candidate,instruction,reasoning_only,18,projected_js,0.07438487332547083,128
aim_on_dare__calib_uncensored_refusal_like,candidate,instruction,reasoning_only,19,mmd_rbf,0.019826268777251244,128
aim_on_dare__calib_uncensored_refusal_like,candidate,instruction,reasoning_only,19,projected_js,0.07556592114269733,128
aim_on_dare__calib_uncensored_refusal_like,candidate,instruction,reasoning_only,20,mmd_rbf,0.01973068155348301,128
aim_on_dare__calib_uncensored_refusal_like,candidate,instruction,reasoning_only,20,projected_js,0.07577259733807296,128
aim_on_dare__calib_uncensored_refusal_like,candidate,instruction,reasoning_only,21,mmd_rbf,0.02057197503745556,128
aim_on_dare__calib_uncensored_refusal_like,candidate,instruction,reasoning_only,21,projected_js,0.07914252748014405,128
aim_on_dare__calib_uncensored_refusal_like,candidate,instruction,reasoning_only,22,mmd_rbf,0.018983976915478706,128
aim_on_dare__calib_uncensored_refusal_like,candidate,instruction,reasoning_only,22,projected_js,0.07829962990945205,128
aim_on_dare__calib_uncensored_refusal_like,candidate,instruction,reasoning_only,23,mmd_rbf,0.01636696234345436,128
aim_on_dare__calib_uncensored_refusal_like,candidate,instruction,reasoning_only,23,projected_js,0.07609508192399517,128
aim_on_dare__calib_uncensored_refusal_like,candidate,instruction,reasoning_only,24,mmd_rbf,0.0168936587870121,128
aim_on_dare__calib_uncensored_refusal_like,candidate,instruction,reasoning_only,24,projected_js,0.07744722539791837,128
aim_on_dare__calib_uncensored_refusal_like,candidate,instruction,reasoning_only,25,mmd_rbf,0.016013091430068016,128
aim_on_dare__calib_uncensored_refusal_like,candidate,instruction,reasoning_only,25,projected_js,0.07440704893087968,128
aim_on_dare__calib_uncensored_refusal_like,candidate,instruction,reasoning_only,26,mmd_rbf,0.016259362921118736,128
aim_on_dare__calib_uncensored_refusal_like,candidate,instruction,reasoning_only,26,projected_js,0.0715398748870939,128
aim_on_dare__calib_uncensored_refusal_like,candidate,instruction,reasoning_only,27,mmd_rbf,0.015975063666701317,128
aim_on_dare__calib_uncensored_refusal_like,candidate,instruction,reasoning_only,27,projected_js,0.07377436599927023,128
aim_on_dare__calib_uncensored_refusal_like,candidate,instruction,reasoning_only,28,mmd_rbf,0.016263950616121292,128
aim_on_dare__calib_uncensored_refusal_like,candidate,instruction,reasoning_only,28,projected_js,0.07482473243726417,128
aim_on_dare__calib_uncensored_refusal_like,candidate,instruction,reasoning_only,29,mmd_rbf,0.015711689367890358,128
aim_on_dare__calib_uncensored_refusal_like,candidate,instruction,reasoning_only,29,projected_js,0.07142467331141233,128
aim_on_dare__calib_uncensored_refusal_like,candidate,instruction,reasoning_only,30,mmd_rbf,0.016085941344499588,128
aim_on_dare__calib_uncensored_refusal_like,candidate,instruction,reasoning_only,30,projected_js,0.0718424950609915,128
aim_on_dare__calib_uncensored_refusal_like,candidate,instruction,reasoning_only,31,mmd_rbf,0.015878314152359962,128
aim_on_dare__calib_uncensored_refusal_like,candidate,instruction,reasoning_only,31,projected_js,0.072317524056416,128
aim_on_dare__calib_uncensored_refusal_like,candidate,instruction,reasoning_only,32,mmd_rbf,0.015549416653811932,128
aim_on_dare__calib_uncensored_refusal_like,candidate,instruction,reasoning_only,32,projected_js,0.07538931118324399,128
aim_on_dare__calib_uncensored_refusal_like,candidate,instruction,reasoning_only,33,mmd_rbf,0.014617189764976501,128
aim_on_dare__calib_uncensored_refusal_like,candidate,instruction,reasoning_only,33,projected_js,0.0692005388555117,128
aim_on_dare__calib_uncensored_refusal_like,candidate,instruction,reasoning_only,34,mmd_rbf,0.014838415198028088,128
aim_on_dare__calib_uncensored_refusal_like,candidate,instruction,reasoning_only,34,projected_js,0.07113523210864514,128
aim_on_dare__calib_uncensored_refusal_like,candidate,instruction,reasoning_only,35,mmd_rbf,0.021567855030298233,128
aim_on_dare__calib_uncensored_refusal_like,candidate,instruction,reasoning_only,35,projected_js,0.0764182208222337,128
aim_on_dare__calib_uncensored_refusal_like,candidate,instruction,uncensored_only,0,mmd_rbf,0.005136969964951277,128
aim_on_dare__calib_uncensored_refusal_like,candidate,instruction,uncensored_only,0,projected_js,0.04619924280268606,128
aim_on_dare__calib_uncensored_refusal_like,candidate,instruction,uncensored_only,1,mmd_rbf,0.12523454427719116,128
aim_on_dare__calib_uncensored_refusal_like,candidate,instruction,uncensored_only,1,projected_js,0.1488577489508316,128
aim_on_dare__calib_uncensored_refusal_like,candidate,instruction,uncensored_only,2,mmd_rbf,0.11183096468448639,128
aim_on_dare__calib_uncensored_refusal_like,candidate,instruction,uncensored_only,2,projected_js,0.1350458063534461,128
aim_on_dare__calib_uncensored_refusal_like,candidate,instruction,uncensored_only,3,mmd_rbf,0.08344479650259018,128
aim_on_dare__calib_uncensored_refusal_like,candidate,instruction,uncensored_only,3,projected_js,0.11693829065188766,128
aim_on_dare__calib_uncensored_refusal_like,candidate,instruction,uncensored_only,4,mmd_rbf,0.060826729983091354,128
aim_on_dare__calib_uncensored_refusal_like,candidate,instruction,uncensored_only,4,projected_js,0.11136251396965235,128
aim_on_dare__calib_uncensored_refusal_like,candidate,instruction,uncensored_only,5,mmd_rbf,0.04474535211920738,128
aim_on_dare__calib_uncensored_refusal_like,candidate,instruction,uncensored_only,5,projected_js,0.09428919508354738,128
aim_on_dare__calib_uncensored_refusal_like,candidate,instruction,uncensored_only,6,mmd_rbf,0.027069469913840294,128
aim_on_dare__calib_uncensored_refusal_like,candidate,instruction,uncensored_only,6,projected_js,0.08294529537670314,128
aim_on_dare__calib_uncensored_refusal_like,candidate,instruction,uncensored_only,7,mmd_rbf,0.021817952394485474,128
aim_on_dare__calib_uncensored_refusal_like,candidate,instruction,uncensored_only,7,projected_js,0.07699528825469315,128
aim_on_dare__calib_uncensored_refusal_like,candidate,instruction,uncensored_only,8,mmd_rbf,0.015209558419883251,128
aim_on_dare__calib_uncensored_refusal_like,candidate,instruction,uncensored_only,8,projected_js,0.07378995948238298,128
aim_on_dare__calib_uncensored_refusal_like,candidate,instruction,uncensored_only,9,mmd_rbf,0.012746155261993408,128
aim_on_dare__calib_uncensored_refusal_like,candidate,instruction,uncensored_only,9,projected_js,0.06731310428585857,128
aim_on_dare__calib_uncensored_refusal_like,candidate,instruction,uncensored_only,10,mmd_rbf,0.01148618757724762,128
aim_on_dare__calib_uncensored_refusal_like,candidate,instruction,uncensored_only,10,projected_js,0.06851733662188053,128
aim_on_dare__calib_uncensored_refusal_like,candidate,instruction,uncensored_only,11,mmd_rbf,0.00967197585850954,128
aim_on_dare__calib_uncensored_refusal_like,candidate,instruction,uncensored_only,11,projected_js,0.06612219839007594,128
aim_on_dare__calib_uncensored_refusal_like,candidate,instruction,uncensored_only,12,mmd_rbf,0.009630839340388775,128
aim_on_dare__calib_uncensored_refusal_like,candidate,instruction,uncensored_only,12,projected_js,0.06842655083164573,128
aim_on_dare__calib_uncensored_refusal_like,candidate,instruction,uncensored_only,13,mmd_rbf,0.010070951655507088,128
aim_on_dare__calib_uncensored_refusal_like,candidate,instruction,uncensored_only,13,projected_js,0.07128299889154732,128
aim_on_dare__calib_uncensored_refusal_like,candidate,instruction,uncensored_only,14,mmd_rbf,0.010506520047783852,128
aim_on_dare__calib_uncensored_refusal_like,candidate,instruction,uncensored_only,14,projected_js,0.06815530720632523,128
aim_on_dare__calib_uncensored_refusal_like,candidate,instruction,uncensored_only,15,mmd_rbf,0.012284866534173489,128
aim_on_dare__calib_uncensored_refusal_like,candidate,instruction,uncensored_only,15,projected_js,0.07260311959544197,128
aim_on_dare__calib_uncensored_refusal_like,candidate,instruction,uncensored_only,16,mmd_rbf,0.01303226500749588,128
aim_on_dare__calib_uncensored_refusal_like,candidate,instruction,uncensored_only,16,projected_js,0.07161594153149053,128
aim_on_dare__calib_uncensored_refusal_like,candidate,instruction,uncensored_only,17,mmd_rbf,0.012615851126611233,128
aim_on_dare__calib_uncensored_refusal_like,candidate,instruction,uncensored_only,17,projected_js,0.0687381025054492,128
aim_on_dare__calib_uncensored_refusal_like,candidate,instruction,uncensored_only,18,mmd_rbf,0.012658952735364437,128
aim_on_dare__calib_uncensored_refusal_like,candidate,instruction,uncensored_only,18,projected_js,0.07164410784025677,128
aim_on_dare__calib_uncensored_refusal_like,candidate,instruction,uncensored_only,19,mmd_rbf,0.012528674677014351,128
aim_on_dare__calib_uncensored_refusal_like,candidate,instruction,uncensored_only,19,projected_js,0.07140666100895032,128
aim_on_dare__calib_uncensored_refusal_like,candidate,instruction,uncensored_only,20,mmd_rbf,0.012879311107099056,128
aim_on_dare__calib_uncensored_refusal_like,candidate,instruction,uncensored_only,20,projected_js,0.06924728472949937,128
aim_on_dare__calib_uncensored_refusal_like,candidate,instruction,uncensored_only,21,mmd_rbf,0.014038902707397938,128
aim_on_dare__calib_uncensored_refusal_like,candidate,instruction,uncensored_only,21,projected_js,0.07193351915339008,128
aim_on_dare__calib_uncensored_refusal_like,candidate,instruction,uncensored_only,22,mmd_rbf,0.015464461408555508,128
aim_on_dare__calib_uncensored_refusal_like,candidate,instruction,uncensored_only,22,projected_js,0.07320961769437417,128
aim_on_dare__calib_uncensored_refusal_like,candidate,instruction,uncensored_only,23,mmd_rbf,0.015477112494409084,128
aim_on_dare__calib_uncensored_refusal_like,candidate,instruction,uncensored_only,23,projected_js,0.07623289013281465,128
aim_on_dare__calib_uncensored_refusal_like,candidate,instruction,uncensored_only,24,mmd_rbf,0.016835646703839302,128
aim_on_dare__calib_uncensored_refusal_like,candidate,instruction,uncensored_only,24,projected_js,0.07454778533428907,128
aim_on_dare__calib_uncensored_refusal_like,candidate,instruction,uncensored_only,25,mmd_rbf,0.017482612282037735,128
aim_on_dare__calib_uncensored_refusal_like,candidate,instruction,uncensored_only,25,projected_js,0.0782561213709414,128
aim_on_dare__calib_uncensored_refusal_like,candidate,instruction,uncensored_only,26,mmd_rbf,0.017828714102506638,128
aim_on_dare__calib_uncensored_refusal_like,candidate,instruction,uncensored_only,26,projected_js,0.07460957492003217,128
aim_on_dare__calib_uncensored_refusal_like,candidate,instruction,uncensored_only,27,mmd_rbf,0.017752643674612045,128
aim_on_dare__calib_uncensored_refusal_like,candidate,instruction,uncensored_only,27,projected_js,0.07618408172857016,128
aim_on_dare__calib_uncensored_refusal_like,candidate,instruction,uncensored_only,28,mmd_rbf,0.01591290347278118,128
aim_on_dare__calib_uncensored_refusal_like,candidate,instruction,uncensored_only,28,projected_js,0.07253468793351203,128
aim_on_dare__calib_uncensored_refusal_like,candidate,instruction,uncensored_only,29,mmd_rbf,0.015028933994472027,128
aim_on_dare__calib_uncensored_refusal_like,candidate,instruction,uncensored_only,29,projected_js,0.07424598356010392,128
aim_on_dare__calib_uncensored_refusal_like,candidate,instruction,uncensored_only,30,mmd_rbf,0.015113146975636482,128
aim_on_dare__calib_uncensored_refusal_like,candidate,instruction,uncensored_only,30,projected_js,0.07006383460247889,128
aim_on_dare__calib_uncensored_refusal_like,candidate,instruction,uncensored_only,31,mmd_rbf,0.014577231369912624,128
aim_on_dare__calib_uncensored_refusal_like,candidate,instruction,uncensored_only,31,projected_js,0.06954922061413527,128
aim_on_dare__calib_uncensored_refusal_like,candidate,instruction,uncensored_only,32,mmd_rbf,0.014431670308113098,128
aim_on_dare__calib_uncensored_refusal_like,candidate,instruction,uncensored_only,32,projected_js,0.07095334024052136,128
aim_on_dare__calib_uncensored_refusal_like,candidate,instruction,uncensored_only,33,mmd_rbf,0.01442702580243349,128
aim_on_dare__calib_uncensored_refusal_like,candidate,instruction,uncensored_only,33,projected_js,0.06818284065229818,128
aim_on_dare__calib_uncensored_refusal_like,candidate,instruction,uncensored_only,34,mmd_rbf,0.015923907980322838,128
aim_on_dare__calib_uncensored_refusal_like,candidate,instruction,uncensored_only,34,projected_js,0.07374038134003058,128
aim_on_dare__calib_uncensored_refusal_like,candidate,instruction,uncensored_only,35,mmd_rbf,0.04391650855541229,128
aim_on_dare__calib_uncensored_refusal_like,candidate,instruction,uncensored_only,35,projected_js,0.09079498023493215,128
aim_on_dare__calib_uncensored_refusal_like,candidate,reasoning,base,0,mmd_rbf,0.002072292612865567,128
aim_on_dare__calib_uncensored_refusal_like,candidate,reasoning,base,0,projected_js,0.04278706345940009,128
aim_on_dare__calib_uncensored_refusal_like,candidate,reasoning,base,1,mmd_rbf,0.005076076369732618,128
aim_on_dare__calib_uncensored_refusal_like,candidate,reasoning,base,1,projected_js,0.045764635113300756,128
aim_on_dare__calib_uncensored_refusal_like,candidate,reasoning,base,2,mmd_rbf,0.005436391569674015,128
aim_on_dare__calib_uncensored_refusal_like,candidate,reasoning,base,2,projected_js,0.04731812814134173,128
aim_on_dare__calib_uncensored_refusal_like,candidate,reasoning,base,3,mmd_rbf,0.006325547583401203,128
aim_on_dare__calib_uncensored_refusal_like,candidate,reasoning,base,3,projected_js,0.05487513658590615,128
aim_on_dare__calib_uncensored_refusal_like,candidate,reasoning,base,4,mmd_rbf,0.006331974174827337,128
aim_on_dare__calib_uncensored_refusal_like,candidate,reasoning,base,4,projected_js,0.054011301923310384,128
aim_on_dare__calib_uncensored_refusal_like,candidate,reasoning,base,5,mmd_rbf,0.0057409293949604034,128
aim_on_dare__calib_uncensored_refusal_like,candidate,reasoning,base,5,projected_js,0.052497495053103194,128
aim_on_dare__calib_uncensored_refusal_like,candidate,reasoning,base,6,mmd_rbf,0.004555562045425177,128
aim_on_dare__calib_uncensored_refusal_like,candidate,reasoning,base,6,projected_js,0.05142397648887709,128
aim_on_dare__calib_uncensored_refusal_like,candidate,reasoning,base,7,mmd_rbf,0.004445489030331373,128
aim_on_dare__calib_uncensored_refusal_like,candidate,reasoning,base,7,projected_js,0.054696608625818044,128
aim_on_dare__calib_uncensored_refusal_like,candidate,reasoning,base,8,mmd_rbf,0.004188288934528828,128
aim_on_dare__calib_uncensored_refusal_like,candidate,reasoning,base,8,projected_js,0.05644428817322478,128
aim_on_dare__calib_uncensored_refusal_like,candidate,reasoning,base,9,mmd_rbf,0.004413728602230549,128
aim_on_dare__calib_uncensored_refusal_like,candidate,reasoning,base,9,projected_js,0.055796726199332625,128
aim_on_dare__calib_uncensored_refusal_like,candidate,reasoning,base,10,mmd_rbf,0.0048577128909528255,128
aim_on_dare__calib_uncensored_refusal_like,candidate,reasoning,base,10,projected_js,0.05262981815030798,128
aim_on_dare__calib_uncensored_refusal_like,candidate,reasoning,base,11,mmd_rbf,0.004731860943138599,128
aim_on_dare__calib_uncensored_refusal_like,candidate,reasoning,base,11,projected_js,0.05361488345079124,128
aim_on_dare__calib_uncensored_refusal_like,candidate,reasoning,base,12,mmd_rbf,0.004976901225745678,128
aim_on_dare__calib_uncensored_refusal_like,candidate,reasoning,base,12,projected_js,0.056109449156792834,128
aim_on_dare__calib_uncensored_refusal_like,candidate,reasoning,base,13,mmd_rbf,0.00509976502507925,128
aim_on_dare__calib_uncensored_refusal_like,candidate,reasoning,base,13,projected_js,0.059087471483508125,128
aim_on_dare__calib_uncensored_refusal_like,candidate,reasoning,base,14,mmd_rbf,0.005290649365633726,128
aim_on_dare__calib_uncensored_refusal_like,candidate,reasoning,base,14,projected_js,0.055648155364906415,128
aim_on_dare__calib_uncensored_refusal_like,candidate,reasoning,base,15,mmd_rbf,0.005740091670304537,128
aim_on_dare__calib_uncensored_refusal_like,candidate,reasoning,base,15,projected_js,0.056118984532076865,128
aim_on_dare__calib_uncensored_refusal_like,candidate,reasoning,base,16,mmd_rbf,0.006280364003032446,128
aim_on_dare__calib_uncensored_refusal_like,candidate,reasoning,base,16,projected_js,0.061527193582151085,128
aim_on_dare__calib_uncensored_refusal_like,candidate,reasoning,base,17,mmd_rbf,0.0062265279702842236,128
aim_on_dare__calib_uncensored_refusal_like,candidate,reasoning,base,17,projected_js,0.05672241197316907,128
aim_on_dare__calib_uncensored_refusal_like,candidate,reasoning,base,18,mmd_rbf,0.006650757975876331,128
aim_on_dare__calib_uncensored_refusal_like,candidate,reasoning,base,18,projected_js,0.05968661239603534,128
aim_on_dare__calib_uncensored_refusal_like,candidate,reasoning,base,19,mmd_rbf,0.00694919703528285,128
aim_on_dare__calib_uncensored_refusal_like,candidate,reasoning,base,19,projected_js,0.06338029520702548,128
aim_on_dare__calib_uncensored_refusal_like,candidate,reasoning,base,20,mmd_rbf,0.0067906454205513,128
aim_on_dare__calib_uncensored_refusal_like,candidate,reasoning,base,20,projected_js,0.0615718265180476,128
aim_on_dare__calib_uncensored_refusal_like,candidate,reasoning,base,21,mmd_rbf,0.0069606006145477295,128
aim_on_dare__calib_uncensored_refusal_like,candidate,reasoning,base,21,projected_js,0.06302918336587027,128
aim_on_dare__calib_uncensored_refusal_like,candidate,reasoning,base,22,mmd_rbf,0.006562723312526941,128
aim_on_dare__calib_uncensored_refusal_like,candidate,reasoning,base,22,projected_js,0.058081816910998896,128
aim_on_dare__calib_uncensored_refusal_like,candidate,reasoning,base,23,mmd_rbf,0.006373083684593439,128
aim_on_dare__calib_uncensored_refusal_like,candidate,reasoning,base,23,projected_js,0.05727734271204099,128
aim_on_dare__calib_uncensored_refusal_like,candidate,reasoning,base,24,mmd_rbf,0.005862778518348932,128
aim_on_dare__calib_uncensored_refusal_like,candidate,reasoning,base,24,projected_js,0.057621397252660245,128
aim_on_dare__calib_uncensored_refusal_like,candidate,reasoning,base,25,mmd_rbf,0.0056014335714280605,128
aim_on_dare__calib_uncensored_refusal_like,candidate,reasoning,base,25,projected_js,0.05996532057179138,128
aim_on_dare__calib_uncensored_refusal_like,candidate,reasoning,base,26,mmd_rbf,0.005474284291267395,128
aim_on_dare__calib_uncensored_refusal_like,candidate,reasoning,base,26,projected_js,0.06257191969780251,128
aim_on_dare__calib_uncensored_refusal_like,candidate,reasoning,base,27,mmd_rbf,0.00548660708591342,128
aim_on_dare__calib_uncensored_refusal_like,candidate,reasoning,base,27,projected_js,0.0611317575967405,128
aim_on_dare__calib_uncensored_refusal_like,candidate,reasoning,base,28,mmd_rbf,0.005574926268309355,128
aim_on_dare__calib_uncensored_refusal_like,candidate,reasoning,base,28,projected_js,0.06073906720848754,128
aim_on_dare__calib_uncensored_refusal_like,candidate,reasoning,base,29,mmd_rbf,0.005684056784957647,128
aim_on_dare__calib_uncensored_refusal_like,candidate,reasoning,base,29,projected_js,0.062088888545986265,128
aim_on_dare__calib_uncensored_refusal_like,candidate,reasoning,base,30,mmd_rbf,0.005740442778915167,128
aim_on_dare__calib_uncensored_refusal_like,candidate,reasoning,base,30,projected_js,0.060255130141740665,128
aim_on_dare__calib_uncensored_refusal_like,candidate,reasoning,base,31,mmd_rbf,0.0057663582265377045,128
aim_on_dare__calib_uncensored_refusal_like,candidate,reasoning,base,31,projected_js,0.05626397009473294,128
aim_on_dare__calib_uncensored_refusal_like,candidate,reasoning,base,32,mmd_rbf,0.006193438079208136,128
aim_on_dare__calib_uncensored_refusal_like,candidate,reasoning,base,32,projected_js,0.058883061923552305,128
aim_on_dare__calib_uncensored_refusal_like,candidate,reasoning,base,33,mmd_rbf,0.006540100555866957,128
aim_on_dare__calib_uncensored_refusal_like,candidate,reasoning,base,33,projected_js,0.060173577337991446,128
aim_on_dare__calib_uncensored_refusal_like,candidate,reasoning,base,34,mmd_rbf,0.009538798592984676,128
aim_on_dare__calib_uncensored_refusal_like,candidate,reasoning,base,34,projected_js,0.06397049862425774,128
aim_on_dare__calib_uncensored_refusal_like,candidate,reasoning,base,35,mmd_rbf,0.044586431235075,128
aim_on_dare__calib_uncensored_refusal_like,candidate,reasoning,base,35,projected_js,0.09138909727334976,128
aim_on_dare__calib_uncensored_refusal_like,candidate,reasoning,instr_only,0,mmd_rbf,0.0010580987436696887,128
aim_on_dare__calib_uncensored_refusal_like,candidate,reasoning,instr_only,0,projected_js,0.03326516423840076,128
aim_on_dare__calib_uncensored_refusal_like,candidate,reasoning,instr_only,1,mmd_rbf,0.002791625214740634,128
aim_on_dare__calib_uncensored_refusal_like,candidate,reasoning,instr_only,1,projected_js,0.038895441161002964,128
aim_on_dare__calib_uncensored_refusal_like,candidate,reasoning,instr_only,2,mmd_rbf,0.003275558352470398,128
aim_on_dare__calib_uncensored_refusal_like,candidate,reasoning,instr_only,2,projected_js,0.04149363932083361,128
aim_on_dare__calib_uncensored_refusal_like,candidate,reasoning,instr_only,3,mmd_rbf,0.003246073378250003,128
aim_on_dare__calib_uncensored_refusal_like,candidate,reasoning,instr_only,3,projected_js,0.043550397123908624,128
aim_on_dare__calib_uncensored_refusal_like,candidate,reasoning,instr_only,4,mmd_rbf,0.0028206498827785254,128
aim_on_dare__calib_uncensored_refusal_like,candidate,reasoning,instr_only,4,projected_js,0.042747848347062245,128
aim_on_dare__calib_uncensored_refusal_like,candidate,reasoning,instr_only,5,mmd_rbf,0.0025606625713407993,128
aim_on_dare__calib_uncensored_refusal_like,candidate,reasoning,instr_only,5,projected_js,0.041015415918082,128
aim_on_dare__calib_uncensored_refusal_like,candidate,reasoning,instr_only,6,mmd_rbf,0.001869865576736629,128
aim_on_dare__calib_uncensored_refusal_like,candidate,reasoning,instr_only,6,projected_js,0.04311700852122158,128
aim_on_dare__calib_uncensored_refusal_like,candidate,reasoning,instr_only,7,mmd_rbf,0.001719327992759645,128
aim_on_dare__calib_uncensored_refusal_like,candidate,reasoning,instr_only,7,projected_js,0.044691262068226933,128
aim_on_dare__calib_uncensored_refusal_like,candidate,reasoning,instr_only,8,mmd_rbf,0.0015518143773078918,128
aim_on_dare__calib_uncensored_refusal_like,candidate,reasoning,instr_only,8,projected_js,0.04850220889784396,128
aim_on_dare__calib_uncensored_refusal_like,candidate,reasoning,instr_only,9,mmd_rbf,0.001555088208988309,128
aim_on_dare__calib_uncensored_refusal_like,candidate,reasoning,instr_only,9,projected_js,0.04562460511806421,128
aim_on_dare__calib_uncensored_refusal_like,candidate,reasoning,instr_only,10,mmd_rbf,0.0016407564980909228,128
aim_on_dare__calib_uncensored_refusal_like,candidate,reasoning,instr_only,10,projected_js,0.04551469246507622,128
aim_on_dare__calib_uncensored_refusal_like,candidate,reasoning,instr_only,11,mmd_rbf,0.0015667014522477984,128
aim_on_dare__calib_uncensored_refusal_like,candidate,reasoning,instr_only,11,projected_js,0.05019839049782604,128
aim_on_dare__calib_uncensored_refusal_like,candidate,reasoning,instr_only,12,mmd_rbf,0.0017151229549199343,128
aim_on_dare__calib_uncensored_refusal_like,candidate,reasoning,instr_only,12,projected_js,0.05043446223135106,128
aim_on_dare__calib_uncensored_refusal_like,candidate,reasoning,instr_only,13,mmd_rbf,0.0018461555009707808,128
aim_on_dare__calib_uncensored_refusal_like,candidate,reasoning,instr_only,13,projected_js,0.05178067757515237,128
aim_on_dare__calib_uncensored_refusal_like,candidate,reasoning,instr_only,14,mmd_rbf,0.001884173951111734,128
aim_on_dare__calib_uncensored_refusal_like,candidate,reasoning,instr_only,14,projected_js,0.051723962562391534,128
aim_on_dare__calib_uncensored_refusal_like,candidate,reasoning,instr_only,15,mmd_rbf,0.002119518117979169,128
aim_on_dare__calib_uncensored_refusal_like,candidate,reasoning,instr_only,15,projected_js,0.052960539353080094,128
aim_on_dare__calib_uncensored_refusal_like,candidate,reasoning,instr_only,16,mmd_rbf,0.002242175629362464,128
aim_on_dare__calib_uncensored_refusal_like,candidate,reasoning,instr_only,16,projected_js,0.05675024684751406,128
aim_on_dare__calib_uncensored_refusal_like,candidate,reasoning,instr_only,17,mmd_rbf,0.0023831382859498262,128
aim_on_dare__calib_uncensored_refusal_like,candidate,reasoning,instr_only,17,projected_js,0.053990900778444484,128
aim_on_dare__calib_uncensored_refusal_like,candidate,reasoning,instr_only,18,mmd_rbf,0.0024253365118056536,128
aim_on_dare__calib_uncensored_refusal_like,candidate,reasoning,instr_only,18,projected_js,0.05236815189709887,128
aim_on_dare__calib_uncensored_refusal_like,candidate,reasoning,instr_only,19,mmd_rbf,0.002605219604447484,128
aim_on_dare__calib_uncensored_refusal_like,candidate,reasoning,instr_only,19,projected_js,0.05523423929116689,128
aim_on_dare__calib_uncensored_refusal_like,candidate,reasoning,instr_only,20,mmd_rbf,0.0026592721696943045,128
aim_on_dare__calib_uncensored_refusal_like,candidate,reasoning,instr_only,20,projected_js,0.05263327603461221,128
aim_on_dare__calib_uncensored_refusal_like,candidate,reasoning,instr_only,21,mmd_rbf,0.002703358419239521,128
aim_on_dare__calib_uncensored_refusal_like,candidate,reasoning,instr_only,21,projected_js,0.052898642112268135,128
aim_on_dare__calib_uncensored_refusal_like,candidate,reasoning,instr_only,22,mmd_rbf,0.0028153322637081146,128
aim_on_dare__calib_uncensored_refusal_like,candidate,reasoning,instr_only,22,projected_js,0.052542314399033785,128
aim_on_dare__calib_uncensored_refusal_like,candidate,reasoning,instr_only,23,mmd_rbf,0.0027926850598305464,128
aim_on_dare__calib_uncensored_refusal_like,candidate,reasoning,instr_only,23,projected_js,0.05383718278608285,128
aim_on_dare__calib_uncensored_refusal_like,candidate,reasoning,instr_only,24,mmd_rbf,0.002820099238306284,128
aim_on_dare__calib_uncensored_refusal_like,candidate,reasoning,instr_only,24,projected_js,0.05460364237660542,128
aim_on_dare__calib_uncensored_refusal_like,candidate,reasoning,instr_only,25,mmd_rbf,0.0027814412023872137,128
aim_on_dare__calib_uncensored_refusal_like,candidate,reasoning,instr_only,25,projected_js,0.05117196022183634,128
aim_on_dare__calib_uncensored_refusal_like,candidate,reasoning,instr_only,26,mmd_rbf,0.002811565762385726,128
aim_on_dare__calib_uncensored_refusal_like,candidate,reasoning,instr_only,26,projected_js,0.05506891742697917,128
aim_on_dare__calib_uncensored_refusal_like,candidate,reasoning,instr_only,27,mmd_rbf,0.002877642633393407,128
aim_on_dare__calib_uncensored_refusal_like,candidate,reasoning,instr_only,27,projected_js,0.054315164481522515,128
aim_on_dare__calib_uncensored_refusal_like,candidate,reasoning,instr_only,28,mmd_rbf,0.002932171570137143,128
aim_on_dare__calib_uncensored_refusal_like,candidate,reasoning,instr_only,28,projected_js,0.054006296675652266,128
aim_on_dare__calib_uncensored_refusal_like,candidate,reasoning,instr_only,29,mmd_rbf,0.0029199502896517515,128
aim_on_dare__calib_uncensored_refusal_like,candidate,reasoning,instr_only,29,projected_js,0.053449771978193894,128
aim_on_dare__calib_uncensored_refusal_like,candidate,reasoning,instr_only,30,mmd_rbf,0.0030075402464717627,128
aim_on_dare__calib_uncensored_refusal_like,candidate,reasoning,instr_only,30,projected_js,0.05301347648492083,128
aim_on_dare__calib_uncensored_refusal_like,candidate,reasoning,instr_only,31,mmd_rbf,0.003193592419847846,128
aim_on_dare__calib_uncensored_refusal_like,candidate,reasoning,instr_only,31,projected_js,0.05333534855162725,128
aim_on_dare__calib_uncensored_refusal_like,candidate,reasoning,instr_only,32,mmd_rbf,0.0032926492858678102,128
aim_on_dare__calib_uncensored_refusal_like,candidate,reasoning,instr_only,32,projected_js,0.052765869098948315,128
aim_on_dare__calib_uncensored_refusal_like,candidate,reasoning,instr_only,33,mmd_rbf,0.0034404767211526632,128
aim_on_dare__calib_uncensored_refusal_like,candidate,reasoning,instr_only,33,projected_js,0.05566470013582148,128
aim_on_dare__calib_uncensored_refusal_like,candidate,reasoning,instr_only,34,mmd_rbf,0.004307666793465614,128
aim_on_dare__calib_uncensored_refusal_like,candidate,reasoning,instr_only,34,projected_js,0.05818802927387878,128
aim_on_dare__calib_uncensored_refusal_like,candidate,reasoning,instr_only,35,mmd_rbf,0.022238900884985924,128
aim_on_dare__calib_uncensored_refusal_like,candidate,reasoning,instr_only,35,projected_js,0.07008157361997291,128
aim_on_dare__calib_uncensored_refusal_like,candidate,reasoning,reasoning_only,0,mmd_rbf,0.004448845982551575,128
aim_on_dare__calib_uncensored_refusal_like,candidate,reasoning,reasoning_only,0,projected_js,0.04936763676232658,128
aim_on_dare__calib_uncensored_refusal_like,candidate,reasoning,reasoning_only,1,mmd_rbf,0.007704337127506733,128
aim_on_dare__calib_uncensored_refusal_like,candidate,reasoning,reasoning_only,1,projected_js,0.05633661962929182,128
aim_on_dare__calib_uncensored_refusal_like,candidate,reasoning,reasoning_only,2,mmd_rbf,0.013673377223312855,128
aim_on_dare__calib_uncensored_refusal_like,candidate,reasoning,reasoning_only,2,projected_js,0.06585993740009144,128
aim_on_dare__calib_uncensored_refusal_like,candidate,reasoning,reasoning_only,3,mmd_rbf,0.016489742323756218,128
aim_on_dare__calib_uncensored_refusal_like,candidate,reasoning,reasoning_only,3,projected_js,0.06734111125115305,128
aim_on_dare__calib_uncensored_refusal_like,candidate,reasoning,reasoning_only,4,mmd_rbf,0.015747589990496635,128
aim_on_dare__calib_uncensored_refusal_like,candidate,reasoning,reasoning_only,4,projected_js,0.0678634251235053,128
aim_on_dare__calib_uncensored_refusal_like,candidate,reasoning,reasoning_only,5,mmd_rbf,0.014800620265305042,128
aim_on_dare__calib_uncensored_refusal_like,candidate,reasoning,reasoning_only,5,projected_js,0.0667887075105682,128
aim_on_dare__calib_uncensored_refusal_like,candidate,reasoning,reasoning_only,6,mmd_rbf,0.011131556704640388,128
aim_on_dare__calib_uncensored_refusal_like,candidate,reasoning,reasoning_only,6,projected_js,0.06250393562368117,128
aim_on_dare__calib_uncensored_refusal_like,candidate,reasoning,reasoning_only,7,mmd_rbf,0.011647561565041542,128
aim_on_dare__calib_uncensored_refusal_like,candidate,reasoning,reasoning_only,7,projected_js,0.06721695640590042,128
aim_on_dare__calib_uncensored_refusal_like,candidate,reasoning,reasoning_only,8,mmd_rbf,0.010309656150639057,128
aim_on_dare__calib_uncensored_refusal_like,candidate,reasoning,reasoning_only,8,projected_js,0.06281888054218143,128
aim_on_dare__calib_uncensored_refusal_like,candidate,reasoning,reasoning_only,9,mmd_rbf,0.010460286401212215,128
aim_on_dare__calib_uncensored_refusal_like,candidate,reasoning,reasoning_only,9,projected_js,0.06490075890906155,128
aim_on_dare__calib_uncensored_refusal_like,candidate,reasoning,reasoning_only,10,mmd_rbf,0.011176660656929016,128
aim_on_dare__calib_uncensored_refusal_like,candidate,reasoning,reasoning_only,10,projected_js,0.06622929323930293,128
aim_on_dare__calib_uncensored_refusal_like,candidate,reasoning,reasoning_only,11,mmd_rbf,0.010516228154301643,128
aim_on_dare__calib_uncensored_refusal_like,candidate,reasoning,reasoning_only,11,projected_js,0.06391904546762817,128
aim_on_dare__calib_uncensored_refusal_like,candidate,reasoning,reasoning_only,12,mmd_rbf,0.010582764632999897,128
aim_on_dare__calib_uncensored_refusal_like,candidate,reasoning,reasoning_only,12,projected_js,0.06587585463421419,128
aim_on_dare__calib_uncensored_refusal_like,candidate,reasoning,reasoning_only,13,mmd_rbf,0.010865871794521809,128
aim_on_dare__calib_uncensored_refusal_like,candidate,reasoning,reasoning_only,13,projected_js,0.06674502493115142,128
aim_on_dare__calib_uncensored_refusal_like,candidate,reasoning,reasoning_only,14,mmd_rbf,0.010885588824748993,128
aim_on_dare__calib_uncensored_refusal_like,candidate,reasoning,reasoning_only,14,projected_js,0.06599020236171782,128
aim_on_dare__calib_uncensored_refusal_like,candidate,reasoning,reasoning_only,15,mmd_rbf,0.011979756876826286,128
aim_on_dare__calib_uncensored_refusal_like,candidate,reasoning,reasoning_only,15,projected_js,0.065089007926872,128
aim_on_dare__calib_uncensored_refusal_like,candidate,reasoning,reasoning_only,16,mmd_rbf,0.012297009117901325,128
aim_on_dare__calib_uncensored_refusal_like,candidate,reasoning,reasoning_only,16,projected_js,0.06411889399169013,128
aim_on_dare__calib_uncensored_refusal_like,candidate,reasoning,reasoning_only,17,mmd_rbf,0.01176930870860815,128
aim_on_dare__calib_uncensored_refusal_like,candidate,reasoning,reasoning_only,17,projected_js,0.0637270497973077,128
aim_on_dare__calib_uncensored_refusal_like,candidate,reasoning,reasoning_only,18,mmd_rbf,0.013257704675197601,128
aim_on_dare__calib_uncensored_refusal_like,candidate,reasoning,reasoning_only,18,projected_js,0.06450339942239225,128
aim_on_dare__calib_uncensored_refusal_like,candidate,reasoning,reasoning_only,19,mmd_rbf,0.012465047650039196,128
aim_on_dare__calib_uncensored_refusal_like,candidate,reasoning,reasoning_only,19,projected_js,0.06804644817020744,128
aim_on_dare__calib_uncensored_refusal_like,candidate,reasoning,reasoning_only,20,mmd_rbf,0.01190404873341322,128
aim_on_dare__calib_uncensored_refusal_like,candidate,reasoning,reasoning_only,20,projected_js,0.0679097717802506,128
aim_on_dare__calib_uncensored_refusal_like,candidate,reasoning,reasoning_only,21,mmd_rbf,0.012291889637708664,128
aim_on_dare__calib_uncensored_refusal_like,candidate,reasoning,reasoning_only,21,projected_js,0.06668650067877024,128
aim_on_dare__calib_uncensored_refusal_like,candidate,reasoning,reasoning_only,22,mmd_rbf,0.010461727157235146,128
aim_on_dare__calib_uncensored_refusal_like,candidate,reasoning,reasoning_only,22,projected_js,0.06821631488855928,128
aim_on_dare__calib_uncensored_refusal_like,candidate,reasoning,reasoning_only,23,mmd_rbf,0.008516005240380764,128
aim_on_dare__calib_uncensored_refusal_like,candidate,reasoning,reasoning_only,23,projected_js,0.06348795237136073,128
aim_on_dare__calib_uncensored_refusal_like,candidate,reasoning,reasoning_only,24,mmd_rbf,0.00812696386128664,128
aim_on_dare__calib_uncensored_refusal_like,candidate,reasoning,reasoning_only,24,projected_js,0.062165213166736066,128
aim_on_dare__calib_uncensored_refusal_like,candidate,reasoning,reasoning_only,25,mmd_rbf,0.007211768068373203,128
aim_on_dare__calib_uncensored_refusal_like,candidate,reasoning,reasoning_only,25,projected_js,0.05981545167742297,128
aim_on_dare__calib_uncensored_refusal_like,candidate,reasoning,reasoning_only,26,mmd_rbf,0.006790274288505316,128
aim_on_dare__calib_uncensored_refusal_like,candidate,reasoning,reasoning_only,26,projected_js,0.06256909505464137,128
aim_on_dare__calib_uncensored_refusal_like,candidate,reasoning,reasoning_only,27,mmd_rbf,0.006614512298256159,128
aim_on_dare__calib_uncensored_refusal_like,candidate,reasoning,reasoning_only,27,projected_js,0.06033111352007836,128
aim_on_dare__calib_uncensored_refusal_like,candidate,reasoning,reasoning_only,28,mmd_rbf,0.0068404474295675755,128
aim_on_dare__calib_uncensored_refusal_like,candidate,reasoning,reasoning_only,28,projected_js,0.06145127862691879,128
aim_on_dare__calib_uncensored_refusal_like,candidate,reasoning,reasoning_only,29,mmd_rbf,0.006782997399568558,128
aim_on_dare__calib_uncensored_refusal_like,candidate,reasoning,reasoning_only,29,projected_js,0.06201325822621584,128
aim_on_dare__calib_uncensored_refusal_like,candidate,reasoning,reasoning_only,30,mmd_rbf,0.007033874746412039,128
aim_on_dare__calib_uncensored_refusal_like,candidate,reasoning,reasoning_only,30,projected_js,0.0634960847091861,128
aim_on_dare__calib_uncensored_refusal_like,candidate,reasoning,reasoning_only,31,mmd_rbf,0.007207448128610849,128
aim_on_dare__calib_uncensored_refusal_like,candidate,reasoning,reasoning_only,31,projected_js,0.06063018075656146,128
aim_on_dare__calib_uncensored_refusal_like,candidate,reasoning,reasoning_only,32,mmd_rbf,0.007277576718479395,128
aim_on_dare__calib_uncensored_refusal_like,candidate,reasoning,reasoning_only,32,projected_js,0.06109176715835929,128
aim_on_dare__calib_uncensored_refusal_like,candidate,reasoning,reasoning_only,33,mmd_rbf,0.007532396353781223,128
aim_on_dare__calib_uncensored_refusal_like,candidate,reasoning,reasoning_only,33,projected_js,0.06151271250564605,128
aim_on_dare__calib_uncensored_refusal_like,candidate,reasoning,reasoning_only,34,mmd_rbf,0.008373771794140339,128
aim_on_dare__calib_uncensored_refusal_like,candidate,reasoning,reasoning_only,34,projected_js,0.06456966529367492,128
aim_on_dare__calib_uncensored_refusal_like,candidate,reasoning,reasoning_only,35,mmd_rbf,0.03273463994264603,128
aim_on_dare__calib_uncensored_refusal_like,candidate,reasoning,reasoning_only,35,projected_js,0.08171590056736022,128
aim_on_dare__calib_uncensored_refusal_like,candidate,reasoning,uncensored_only,0,mmd_rbf,0.0028004408814013004,128
aim_on_dare__calib_uncensored_refusal_like,candidate,reasoning,uncensored_only,0,projected_js,0.03679839614778757,128
aim_on_dare__calib_uncensored_refusal_like,candidate,reasoning,uncensored_only,1,mmd_rbf,0.0779317244887352,128
aim_on_dare__calib_uncensored_refusal_like,candidate,reasoning,uncensored_only,1,projected_js,0.1165101686201524,128
aim_on_dare__calib_uncensored_refusal_like,candidate,reasoning,uncensored_only,2,mmd_rbf,0.07349704951047897,128
aim_on_dare__calib_uncensored_refusal_like,candidate,reasoning,uncensored_only,2,projected_js,0.10417668236186728,128
aim_on_dare__calib_uncensored_refusal_like,candidate,reasoning,uncensored_only,3,mmd_rbf,0.05555158853530884,128
aim_on_dare__calib_uncensored_refusal_like,candidate,reasoning,uncensored_only,3,projected_js,0.0977444225572981,128
aim_on_dare__calib_uncensored_refusal_like,candidate,reasoning,uncensored_only,4,mmd_rbf,0.03769984841346741,128
aim_on_dare__calib_uncensored_refusal_like,candidate,reasoning,uncensored_only,4,projected_js,0.08977784076705575,128
aim_on_dare__calib_uncensored_refusal_like,candidate,reasoning,uncensored_only,5,mmd_rbf,0.024425644427537918,128
aim_on_dare__calib_uncensored_refusal_like,candidate,reasoning,uncensored_only,5,projected_js,0.07989048323361203,128
aim_on_dare__calib_uncensored_refusal_like,candidate,reasoning,uncensored_only,6,mmd_rbf,0.014792248606681824,128
aim_on_dare__calib_uncensored_refusal_like,candidate,reasoning,uncensored_only,6,projected_js,0.06635995366377756,128
aim_on_dare__calib_uncensored_refusal_like,candidate,reasoning,uncensored_only,7,mmd_rbf,0.013074609450995922,128
aim_on_dare__calib_uncensored_refusal_like,candidate,reasoning,uncensored_only,7,projected_js,0.06876287737395614,128
aim_on_dare__calib_uncensored_refusal_like,candidate,reasoning,uncensored_only,8,mmd_rbf,0.010164022445678711,128
aim_on_dare__calib_uncensored_refusal_like,candidate,reasoning,uncensored_only,8,projected_js,0.06263347080675885,128
aim_on_dare__calib_uncensored_refusal_like,candidate,reasoning,uncensored_only,9,mmd_rbf,0.008737620897591114,128
aim_on_dare__calib_uncensored_refusal_like,candidate,reasoning,uncensored_only,9,projected_js,0.06174697884125635,128
aim_on_dare__calib_uncensored_refusal_like,candidate,reasoning,uncensored_only,10,mmd_rbf,0.007892163470387459,128
aim_on_dare__calib_uncensored_refusal_like,candidate,reasoning,uncensored_only,10,projected_js,0.05699253609054722,128
aim_on_dare__calib_uncensored_refusal_like,candidate,reasoning,uncensored_only,11,mmd_rbf,0.006823163479566574,128
aim_on_dare__calib_uncensored_refusal_like,candidate,reasoning,uncensored_only,11,projected_js,0.06130695855244994,128
aim_on_dare__calib_uncensored_refusal_like,candidate,reasoning,uncensored_only,12,mmd_rbf,0.006836933083832264,128
aim_on_dare__calib_uncensored_refusal_like,candidate,reasoning,uncensored_only,12,projected_js,0.06045052473200485,128
aim_on_dare__calib_uncensored_refusal_like,candidate,reasoning,uncensored_only,13,mmd_rbf,0.007093094289302826,128
aim_on_dare__calib_uncensored_refusal_like,candidate,reasoning,uncensored_only,13,projected_js,0.06205738091375679,128
aim_on_dare__calib_uncensored_refusal_like,candidate,reasoning,uncensored_only,14,mmd_rbf,0.00736013799905777,128
aim_on_dare__calib_uncensored_refusal_like,candidate,reasoning,uncensored_only,14,projected_js,0.061666382796829566,128
aim_on_dare__calib_uncensored_refusal_like,candidate,reasoning,uncensored_only,15,mmd_rbf,0.00870137196034193,128
aim_on_dare__calib_uncensored_refusal_like,candidate,reasoning,uncensored_only,15,projected_js,0.0617319397861138,128
aim_on_dare__calib_uncensored_refusal_like,candidate,reasoning,uncensored_only,16,mmd_rbf,0.009603127837181091,128
aim_on_dare__calib_uncensored_refusal_like,candidate,reasoning,uncensored_only,16,projected_js,0.062130174366757274,128
aim_on_dare__calib_uncensored_refusal_like,candidate,reasoning,uncensored_only,17,mmd_rbf,0.009471612982451916,128
aim_on_dare__calib_uncensored_refusal_like,candidate,reasoning,uncensored_only,17,projected_js,0.059988882538164034,128
aim_on_dare__calib_uncensored_refusal_like,candidate,reasoning,uncensored_only,18,mmd_rbf,0.00943948607891798,128
aim_on_dare__calib_uncensored_refusal_like,candidate,reasoning,uncensored_only,18,projected_js,0.06280727899866179,128
aim_on_dare__calib_uncensored_refusal_like,candidate,reasoning,uncensored_only,19,mmd_rbf,0.009281450882554054,128
aim_on_dare__calib_uncensored_refusal_like,candidate,reasoning,uncensored_only,19,projected_js,0.06355421699117869,128
aim_on_dare__calib_uncensored_refusal_like,candidate,reasoning,uncensored_only,20,mmd_rbf,0.009354628622531891,128
aim_on_dare__calib_uncensored_refusal_like,candidate,reasoning,uncensored_only,20,projected_js,0.062377945228945464,128
aim_on_dare__calib_uncensored_refusal_like,candidate,reasoning,uncensored_only,21,mmd_rbf,0.009948707185685635,128
aim_on_dare__calib_uncensored_refusal_like,candidate,reasoning,uncensored_only,21,projected_js,0.06138299993472174,128
aim_on_dare__calib_uncensored_refusal_like,candidate,reasoning,uncensored_only,22,mmd_rbf,0.010172657668590546,128
aim_on_dare__calib_uncensored_refusal_like,candidate,reasoning,uncensored_only,22,projected_js,0.06233295559650287,128
aim_on_dare__calib_uncensored_refusal_like,candidate,reasoning,uncensored_only,23,mmd_rbf,0.009914079681038857,128
aim_on_dare__calib_uncensored_refusal_like,candidate,reasoning,uncensored_only,23,projected_js,0.06460872874595225,128
aim_on_dare__calib_uncensored_refusal_like,candidate,reasoning,uncensored_only,24,mmd_rbf,0.009847856126725674,128
aim_on_dare__calib_uncensored_refusal_like,candidate,reasoning,uncensored_only,24,projected_js,0.06535226741107181,128
aim_on_dare__calib_uncensored_refusal_like,candidate,reasoning,uncensored_only,25,mmd_rbf,0.009916900657117367,128
aim_on_dare__calib_uncensored_refusal_like,candidate,reasoning,uncensored_only,25,projected_js,0.06553489185171202,128
aim_on_dare__calib_uncensored_refusal_like,candidate,reasoning,uncensored_only,26,mmd_rbf,0.009895830415189266,128
aim_on_dare__calib_uncensored_refusal_like,candidate,reasoning,uncensored_only,26,projected_js,0.06682955042924732,128
aim_on_dare__calib_uncensored_refusal_like,candidate,reasoning,uncensored_only,27,mmd_rbf,0.01005558855831623,128
aim_on_dare__calib_uncensored_refusal_like,candidate,reasoning,uncensored_only,27,projected_js,0.0645382241345942,128
aim_on_dare__calib_uncensored_refusal_like,candidate,reasoning,uncensored_only,28,mmd_rbf,0.009656916372478008,128
aim_on_dare__calib_uncensored_refusal_like,candidate,reasoning,uncensored_only,28,projected_js,0.06397296310751699,128
aim_on_dare__calib_uncensored_refusal_like,candidate,reasoning,uncensored_only,29,mmd_rbf,0.009752744808793068,128
aim_on_dare__calib_uncensored_refusal_like,candidate,reasoning,uncensored_only,29,projected_js,0.0658198757446371,128
aim_on_dare__calib_uncensored_refusal_like,candidate,reasoning,uncensored_only,30,mmd_rbf,0.010022184811532497,128
aim_on_dare__calib_uncensored_refusal_like,candidate,reasoning,uncensored_only,30,projected_js,0.06407586898421869,128
aim_on_dare__calib_uncensored_refusal_like,candidate,reasoning,uncensored_only,31,mmd_rbf,0.009999754838645458,128
aim_on_dare__calib_uncensored_refusal_like,candidate,reasoning,uncensored_only,31,projected_js,0.06284553068690002,128
aim_on_dare__calib_uncensored_refusal_like,candidate,reasoning,uncensored_only,32,mmd_rbf,0.010165954940021038,128
aim_on_dare__calib_uncensored_refusal_like,candidate,reasoning,uncensored_only,32,projected_js,0.06452569935936481,128
aim_on_dare__calib_uncensored_refusal_like,candidate,reasoning,uncensored_only,33,mmd_rbf,0.010395693592727184,128
aim_on_dare__calib_uncensored_refusal_like,candidate,reasoning,uncensored_only,33,projected_js,0.06318687583552673,128
aim_on_dare__calib_uncensored_refusal_like,candidate,reasoning,uncensored_only,34,mmd_rbf,0.011127007193863392,128
aim_on_dare__calib_uncensored_refusal_like,candidate,reasoning,uncensored_only,34,projected_js,0.06500174599932507,128
aim_on_dare__calib_uncensored_refusal_like,candidate,reasoning,uncensored_only,35,mmd_rbf,0.02884087525308132,128
aim_on_dare__calib_uncensored_refusal_like,candidate,reasoning,uncensored_only,35,projected_js,0.07672870135866106,128
aim_on_dare__calib_uncensored_refusal_like,candidate,uncensored_refusal_like,base,0,mmd_rbf,0.008856755681335926,128
aim_on_dare__calib_uncensored_refusal_like,candidate,uncensored_refusal_like,base,0,projected_js,0.055130096297943965,128
aim_on_dare__calib_uncensored_refusal_like,candidate,uncensored_refusal_like,base,1,mmd_rbf,0.017421958968043327,128
aim_on_dare__calib_uncensored_refusal_like,candidate,uncensored_refusal_like,base,1,projected_js,0.06913162645651028,128
aim_on_dare__calib_uncensored_refusal_like,candidate,uncensored_refusal_like,base,2,mmd_rbf,0.01840652897953987,128
aim_on_dare__calib_uncensored_refusal_like,candidate,uncensored_refusal_like,base,2,projected_js,0.06368278307490982,128
aim_on_dare__calib_uncensored_refusal_like,candidate,uncensored_refusal_like,base,3,mmd_rbf,0.02705262042582035,128
aim_on_dare__calib_uncensored_refusal_like,candidate,uncensored_refusal_like,base,3,projected_js,0.0816237180843018,128
aim_on_dare__calib_uncensored_refusal_like,candidate,uncensored_refusal_like,base,4,mmd_rbf,0.02589115872979164,128
aim_on_dare__calib_uncensored_refusal_like,candidate,uncensored_refusal_like,base,4,projected_js,0.07947347883600742,128
aim_on_dare__calib_uncensored_refusal_like,candidate,uncensored_refusal_like,base,5,mmd_rbf,0.02682756818830967,128
aim_on_dare__calib_uncensored_refusal_like,candidate,uncensored_refusal_like,base,5,projected_js,0.0802871820051223,128
aim_on_dare__calib_uncensored_refusal_like,candidate,uncensored_refusal_like,base,6,mmd_rbf,0.02318049967288971,128
aim_on_dare__calib_uncensored_refusal_like,candidate,uncensored_refusal_like,base,6,projected_js,0.07363480178173631,128
aim_on_dare__calib_uncensored_refusal_like,candidate,uncensored_refusal_like,base,7,mmd_rbf,0.021261775866150856,128
aim_on_dare__calib_uncensored_refusal_like,candidate,uncensored_refusal_like,base,7,projected_js,0.0677169389964547,128
aim_on_dare__calib_uncensored_refusal_like,candidate,uncensored_refusal_like,base,8,mmd_rbf,0.01906433328986168,128
aim_on_dare__calib_uncensored_refusal_like,candidate,uncensored_refusal_like,base,8,projected_js,0.07325441195280291,128
aim_on_dare__calib_uncensored_refusal_like,candidate,uncensored_refusal_like,base,9,mmd_rbf,0.021905576810240746,128
aim_on_dare__calib_uncensored_refusal_like,candidate,uncensored_refusal_like,base,9,projected_js,0.0749436742044054,128
aim_on_dare__calib_uncensored_refusal_like,candidate,uncensored_refusal_like,base,10,mmd_rbf,0.023959580808877945,128
aim_on_dare__calib_uncensored_refusal_like,candidate,uncensored_refusal_like,base,10,projected_js,0.08062426140531898,128
aim_on_dare__calib_uncensored_refusal_like,candidate,uncensored_refusal_like,base,11,mmd_rbf,0.02628459967672825,128
aim_on_dare__calib_uncensored_refusal_like,candidate,uncensored_refusal_like,base,11,projected_js,0.08066979586146772,128
aim_on_dare__calib_uncensored_refusal_like,candidate,uncensored_refusal_like,base,12,mmd_rbf,0.02937871217727661,128
aim_on_dare__calib_uncensored_refusal_like,candidate,uncensored_refusal_like,base,12,projected_js,0.07976277696434408,128
aim_on_dare__calib_uncensored_refusal_like,candidate,uncensored_refusal_like,base,13,mmd_rbf,0.03301031142473221,128
aim_on_dare__calib_uncensored_refusal_like,candidate,uncensored_refusal_like,base,13,projected_js,0.0868586209253408,128
aim_on_dare__calib_uncensored_refusal_like,candidate,uncensored_refusal_like,base,14,mmd_rbf,0.03549334034323692,128
aim_on_dare__calib_uncensored_refusal_like,candidate,uncensored_refusal_like,base,14,projected_js,0.08675389486597851,128
aim_on_dare__calib_uncensored_refusal_like,candidate,uncensored_refusal_like,base,15,mmd_rbf,0.037380047142505646,128
aim_on_dare__calib_uncensored_refusal_like,candidate,uncensored_refusal_like,base,15,projected_js,0.07986943144351244,128
aim_on_dare__calib_uncensored_refusal_like,candidate,uncensored_refusal_like,base,16,mmd_rbf,0.037787921726703644,128
aim_on_dare__calib_uncensored_refusal_like,candidate,uncensored_refusal_like,base,16,projected_js,0.08136852865573019,128
aim_on_dare__calib_uncensored_refusal_like,candidate,uncensored_refusal_like,base,17,mmd_rbf,0.038445185869932175,128
aim_on_dare__calib_uncensored_refusal_like,candidate,uncensored_refusal_like,base,17,projected_js,0.08420381142059341,128
aim_on_dare__calib_uncensored_refusal_like,candidate,uncensored_refusal_like,base,18,mmd_rbf,0.0397612564265728,128
aim_on_dare__calib_uncensored_refusal_like,candidate,uncensored_refusal_like,base,18,projected_js,0.0855917816516012,128
aim_on_dare__calib_uncensored_refusal_like,candidate,uncensored_refusal_like,base,19,mmd_rbf,0.039292123168706894,128
aim_on_dare__calib_uncensored_refusal_like,candidate,uncensored_refusal_like,base,19,projected_js,0.08737049327464774,128
aim_on_dare__calib_uncensored_refusal_like,candidate,uncensored_refusal_like,base,20,mmd_rbf,0.04647396132349968,128
aim_on_dare__calib_uncensored_refusal_like,candidate,uncensored_refusal_like,base,20,projected_js,0.09018336975714192,128
aim_on_dare__calib_uncensored_refusal_like,candidate,uncensored_refusal_like,base,21,mmd_rbf,0.04976522549986839,128
aim_on_dare__calib_uncensored_refusal_like,candidate,uncensored_refusal_like,base,21,projected_js,0.08799889654619619,128
aim_on_dare__calib_uncensored_refusal_like,candidate,uncensored_refusal_like,base,22,mmd_rbf,0.051703162491321564,128
aim_on_dare__calib_uncensored_refusal_like,candidate,uncensored_refusal_like,base,22,projected_js,0.09604318166384473,128
aim_on_dare__calib_uncensored_refusal_like,candidate,uncensored_refusal_like,base,23,mmd_rbf,0.050895702093839645,128
aim_on_dare__calib_uncensored_refusal_like,candidate,uncensored_refusal_like,base,23,projected_js,0.09673627489246428,128
aim_on_dare__calib_uncensored_refusal_like,candidate,uncensored_refusal_like,base,24,mmd_rbf,0.04922857508063316,128
aim_on_dare__calib_uncensored_refusal_like,candidate,uncensored_refusal_like,base,24,projected_js,0.10252582654356956,128
aim_on_dare__calib_uncensored_refusal_like,candidate,uncensored_refusal_like,base,25,mmd_rbf,0.0478518083691597,128
aim_on_dare__calib_uncensored_refusal_like,candidate,uncensored_refusal_like,base,25,projected_js,0.09351816333946772,128
aim_on_dare__calib_uncensored_refusal_like,candidate,uncensored_refusal_like,base,26,mmd_rbf,0.04809306561946869,128
aim_on_dare__calib_uncensored_refusal_like,candidate,uncensored_refusal_like,base,26,projected_js,0.09635986445937306,128
aim_on_dare__calib_uncensored_refusal_like,candidate,uncensored_refusal_like,base,27,mmd_rbf,0.04852626845240593,128
aim_on_dare__calib_uncensored_refusal_like,candidate,uncensored_refusal_like,base,27,projected_js,0.10200373543193564,128
aim_on_dare__calib_uncensored_refusal_like,candidate,uncensored_refusal_like,base,28,mmd_rbf,0.04736253246665001,128
aim_on_dare__calib_uncensored_refusal_like,candidate,uncensored_refusal_like,base,28,projected_js,0.10603044822346419,128
aim_on_dare__calib_uncensored_refusal_like,candidate,uncensored_refusal_like,base,29,mmd_rbf,0.044435542076826096,128
aim_on_dare__calib_uncensored_refusal_like,candidate,uncensored_refusal_like,base,29,projected_js,0.09940296108834445,128
aim_on_dare__calib_uncensored_refusal_like,candidate,uncensored_refusal_like,base,30,mmd_rbf,0.04480281099677086,128
aim_on_dare__calib_uncensored_refusal_like,candidate,uncensored_refusal_like,base,30,projected_js,0.09706270036986098,128
aim_on_dare__calib_uncensored_refusal_like,candidate,uncensored_refusal_like,base,31,mmd_rbf,0.04439913108944893,128
aim_on_dare__calib_uncensored_refusal_like,candidate,uncensored_refusal_like,base,31,projected_js,0.0921616498962976,128
aim_on_dare__calib_uncensored_refusal_like,candidate,uncensored_refusal_like,base,32,mmd_rbf,0.045002687722444534,128
aim_on_dare__calib_uncensored_refusal_like,candidate,uncensored_refusal_like,base,32,projected_js,0.09648138115881011,128
aim_on_dare__calib_uncensored_refusal_like,candidate,uncensored_refusal_like,base,33,mmd_rbf,0.04346960783004761,128
aim_on_dare__calib_uncensored_refusal_like,candidate,uncensored_refusal_like,base,33,projected_js,0.09454445439041592,128
aim_on_dare__calib_uncensored_refusal_like,candidate,uncensored_refusal_like,base,34,mmd_rbf,0.057078298181295395,128
aim_on_dare__calib_uncensored_refusal_like,candidate,uncensored_refusal_like,base,34,projected_js,0.10882541799219325,128
aim_on_dare__calib_uncensored_refusal_like,candidate,uncensored_refusal_like,base,35,mmd_rbf,0.13399362564086914,128
aim_on_dare__calib_uncensored_refusal_like,candidate,uncensored_refusal_like,base,35,projected_js,0.1727243810892105,128
aim_on_dare__calib_uncensored_refusal_like,candidate,uncensored_refusal_like,instr_only,0,mmd_rbf,0.005303788464516401,128
aim_on_dare__calib_uncensored_refusal_like,candidate,uncensored_refusal_like,instr_only,0,projected_js,0.046163692357367836,128
aim_on_dare__calib_uncensored_refusal_like,candidate,uncensored_refusal_like,instr_only,1,mmd_rbf,0.01146348100155592,128
aim_on_dare__calib_uncensored_refusal_like,candidate,uncensored_refusal_like,instr_only,1,projected_js,0.05917536758352071,128
aim_on_dare__calib_uncensored_refusal_like,candidate,uncensored_refusal_like,instr_only,2,mmd_rbf,0.01279092114418745,128
aim_on_dare__calib_uncensored_refusal_like,candidate,uncensored_refusal_like,instr_only,2,projected_js,0.06055827179807238,128
aim_on_dare__calib_uncensored_refusal_like,candidate,uncensored_refusal_like,instr_only,3,mmd_rbf,0.013670191168785095,128
aim_on_dare__calib_uncensored_refusal_like,candidate,uncensored_refusal_like,instr_only,3,projected_js,0.05961834921617992,128
aim_on_dare__calib_uncensored_refusal_like,candidate,uncensored_refusal_like,instr_only,4,mmd_rbf,0.014254936948418617,128
aim_on_dare__calib_uncensored_refusal_like,candidate,uncensored_refusal_like,instr_only,4,projected_js,0.06153405871009454,128
aim_on_dare__calib_uncensored_refusal_like,candidate,uncensored_refusal_like,instr_only,5,mmd_rbf,0.014122921042144299,128
aim_on_dare__calib_uncensored_refusal_like,candidate,uncensored_refusal_like,instr_only,5,projected_js,0.06256838218541816,128
aim_on_dare__calib_uncensored_refusal_like,candidate,uncensored_refusal_like,instr_only,6,mmd_rbf,0.010728196240961552,128
aim_on_dare__calib_uncensored_refusal_like,candidate,uncensored_refusal_like,instr_only,6,projected_js,0.0594077832356561,128
aim_on_dare__calib_uncensored_refusal_like,candidate,uncensored_refusal_like,instr_only,7,mmd_rbf,0.008692028932273388,128
aim_on_dare__calib_uncensored_refusal_like,candidate,uncensored_refusal_like,instr_only,7,projected_js,0.05995157215511426,128
aim_on_dare__calib_uncensored_refusal_like,candidate,uncensored_refusal_like,instr_only,8,mmd_rbf,0.00715511292219162,128
aim_on_dare__calib_uncensored_refusal_like,candidate,uncensored_refusal_like,instr_only,8,projected_js,0.060268213390372694,128
aim_on_dare__calib_uncensored_refusal_like,candidate,uncensored_refusal_like,instr_only,9,mmd_rbf,0.007013622205704451,128
aim_on_dare__calib_uncensored_refusal_like,candidate,uncensored_refusal_like,instr_only,9,projected_js,0.061931048054248095,128
aim_on_dare__calib_uncensored_refusal_like,candidate,uncensored_refusal_like,instr_only,10,mmd_rbf,0.0075493766926229,128
aim_on_dare__calib_uncensored_refusal_like,candidate,uncensored_refusal_like,instr_only,10,projected_js,0.06425197108183056,128
aim_on_dare__calib_uncensored_refusal_like,candidate,uncensored_refusal_like,instr_only,11,mmd_rbf,0.007295002229511738,128
aim_on_dare__calib_uncensored_refusal_like,candidate,uncensored_refusal_like,instr_only,11,projected_js,0.06193078140495345,128
aim_on_dare__calib_uncensored_refusal_like,candidate,uncensored_refusal_like,instr_only,12,mmd_rbf,0.007954445667564869,128
aim_on_dare__calib_uncensored_refusal_like,candidate,uncensored_refusal_like,instr_only,12,projected_js,0.06181962520349771,128
aim_on_dare__calib_uncensored_refusal_like,candidate,uncensored_refusal_like,instr_only,13,mmd_rbf,0.008356302045285702,128
aim_on_dare__calib_uncensored_refusal_like,candidate,uncensored_refusal_like,instr_only,13,projected_js,0.06196193216601387,128
aim_on_dare__calib_uncensored_refusal_like,candidate,uncensored_refusal_like,instr_only,14,mmd_rbf,0.00823180377483368,128
aim_on_dare__calib_uncensored_refusal_like,candidate,uncensored_refusal_like,instr_only,14,projected_js,0.06291343047632836,128
aim_on_dare__calib_uncensored_refusal_like,candidate,uncensored_refusal_like,instr_only,15,mmd_rbf,0.008593025617301464,128
aim_on_dare__calib_uncensored_refusal_like,candidate,uncensored_refusal_like,instr_only,15,projected_js,0.06476325599942356,128
aim_on_dare__calib_uncensored_refusal_like,candidate,uncensored_refusal_like,instr_only,16,mmd_rbf,0.009216255508363247,128
aim_on_dare__calib_uncensored_refusal_like,candidate,uncensored_refusal_like,instr_only,16,projected_js,0.06537146458867937,128
aim_on_dare__calib_uncensored_refusal_like,candidate,uncensored_refusal_like,instr_only,17,mmd_rbf,0.01005059015005827,128
aim_on_dare__calib_uncensored_refusal_like,candidate,uncensored_refusal_like,instr_only,17,projected_js,0.06256920815212652,128
aim_on_dare__calib_uncensored_refusal_like,candidate,uncensored_refusal_like,instr_only,18,mmd_rbf,0.011144488118588924,128
aim_on_dare__calib_uncensored_refusal_like,candidate,uncensored_refusal_like,instr_only,18,projected_js,0.06794250552775338,128
aim_on_dare__calib_uncensored_refusal_like,candidate,uncensored_refusal_like,instr_only,19,mmd_rbf,0.012364896014332771,128
aim_on_dare__calib_uncensored_refusal_like,candidate,uncensored_refusal_like,instr_only,19,projected_js,0.064536514604697,128
aim_on_dare__calib_uncensored_refusal_like,candidate,uncensored_refusal_like,instr_only,20,mmd_rbf,0.013670995831489563,128
aim_on_dare__calib_uncensored_refusal_like,candidate,uncensored_refusal_like,instr_only,20,projected_js,0.07078461698256433,128
aim_on_dare__calib_uncensored_refusal_like,candidate,uncensored_refusal_like,instr_only,21,mmd_rbf,0.015843503177165985,128
aim_on_dare__calib_uncensored_refusal_like,candidate,uncensored_refusal_like,instr_only,21,projected_js,0.06944178050616756,128
aim_on_dare__calib_uncensored_refusal_like,candidate,uncensored_refusal_like,instr_only,22,mmd_rbf,0.01738196425139904,128
aim_on_dare__calib_uncensored_refusal_like,candidate,uncensored_refusal_like,instr_only,22,projected_js,0.07111557578900829,128
aim_on_dare__calib_uncensored_refusal_like,candidate,uncensored_refusal_like,instr_only,23,mmd_rbf,0.017932510003447533,128
aim_on_dare__calib_uncensored_refusal_like,candidate,uncensored_refusal_like,instr_only,23,projected_js,0.07150784763507545,128
aim_on_dare__calib_uncensored_refusal_like,candidate,uncensored_refusal_like,instr_only,24,mmd_rbf,0.0192461758852005,128
aim_on_dare__calib_uncensored_refusal_like,candidate,uncensored_refusal_like,instr_only,24,projected_js,0.07744624023325741,128
aim_on_dare__calib_uncensored_refusal_like,candidate,uncensored_refusal_like,instr_only,25,mmd_rbf,0.02043815515935421,128
aim_on_dare__calib_uncensored_refusal_like,candidate,uncensored_refusal_like,instr_only,25,projected_js,0.07302376045845449,128
aim_on_dare__calib_uncensored_refusal_like,candidate,uncensored_refusal_like,instr_only,26,mmd_rbf,0.021172117441892624,128
aim_on_dare__calib_uncensored_refusal_like,candidate,uncensored_refusal_like,instr_only,26,projected_js,0.07792531739687547,128
aim_on_dare__calib_uncensored_refusal_like,candidate,uncensored_refusal_like,instr_only,27,mmd_rbf,0.02126610279083252,128
aim_on_dare__calib_uncensored_refusal_like,candidate,uncensored_refusal_like,instr_only,27,projected_js,0.07706501573557034,128
aim_on_dare__calib_uncensored_refusal_like,candidate,uncensored_refusal_like,instr_only,28,mmd_rbf,0.020762376487255096,128
aim_on_dare__calib_uncensored_refusal_like,candidate,uncensored_refusal_like,instr_only,28,projected_js,0.07361808873247355,128
aim_on_dare__calib_uncensored_refusal_like,candidate,uncensored_refusal_like,instr_only,29,mmd_rbf,0.019856540486216545,128
aim_on_dare__calib_uncensored_refusal_like,candidate,uncensored_refusal_like,instr_only,29,projected_js,0.07538535952335224,128
aim_on_dare__calib_uncensored_refusal_like,candidate,uncensored_refusal_like,instr_only,30,mmd_rbf,0.019858235493302345,128
aim_on_dare__calib_uncensored_refusal_like,candidate,uncensored_refusal_like,instr_only,30,projected_js,0.07706342975143343,128
aim_on_dare__calib_uncensored_refusal_like,candidate,uncensored_refusal_like,instr_only,31,mmd_rbf,0.01967080496251583,128
aim_on_dare__calib_uncensored_refusal_like,candidate,uncensored_refusal_like,instr_only,31,projected_js,0.07609312934800982,128
aim_on_dare__calib_uncensored_refusal_like,candidate,uncensored_refusal_like,instr_only,32,mmd_rbf,0.020294515416026115,128
aim_on_dare__calib_uncensored_refusal_like,candidate,uncensored_refusal_like,instr_only,32,projected_js,0.07576288393465802,128
aim_on_dare__calib_uncensored_refusal_like,candidate,uncensored_refusal_like,instr_only,33,mmd_rbf,0.019988274201750755,128
aim_on_dare__calib_uncensored_refusal_like,candidate,uncensored_refusal_like,instr_only,33,projected_js,0.0770460587227717,128
aim_on_dare__calib_uncensored_refusal_like,candidate,uncensored_refusal_like,instr_only,34,mmd_rbf,0.02330516092479229,128
aim_on_dare__calib_uncensored_refusal_like,candidate,uncensored_refusal_like,instr_only,34,projected_js,0.08120059670181945,128
aim_on_dare__calib_uncensored_refusal_like,candidate,uncensored_refusal_like,instr_only,35,mmd_rbf,0.08063144236803055,128
aim_on_dare__calib_uncensored_refusal_like,candidate,uncensored_refusal_like,instr_only,35,projected_js,0.1316754178260453,128
aim_on_dare__calib_uncensored_refusal_like,candidate,uncensored_refusal_like,reasoning_only,0,mmd_rbf,0.0233438853174448,128
aim_on_dare__calib_uncensored_refusal_like,candidate,uncensored_refusal_like,reasoning_only,0,projected_js,0.09342358692083508,128
aim_on_dare__calib_uncensored_refusal_like,candidate,uncensored_refusal_like,reasoning_only,1,mmd_rbf,0.031122727319598198,128
aim_on_dare__calib_uncensored_refusal_like,candidate,uncensored_refusal_like,reasoning_only,1,projected_js,0.0882664377859328,128
aim_on_dare__calib_uncensored_refusal_like,candidate,uncensored_refusal_like,reasoning_only,2,mmd_rbf,0.04215696454048157,128
aim_on_dare__calib_uncensored_refusal_like,candidate,uncensored_refusal_like,reasoning_only,2,projected_js,0.09325125283794478,128
aim_on_dare__calib_uncensored_refusal_like,candidate,uncensored_refusal_like,reasoning_only,3,mmd_rbf,0.0487837977707386,128
aim_on_dare__calib_uncensored_refusal_like,candidate,uncensored_refusal_like,reasoning_only,3,projected_js,0.10412408952834085,128
aim_on_dare__calib_uncensored_refusal_like,candidate,uncensored_refusal_like,reasoning_only,4,mmd_rbf,0.05229175090789795,128
aim_on_dare__calib_uncensored_refusal_like,candidate,uncensored_refusal_like,reasoning_only,4,projected_js,0.11945708532584831,128
aim_on_dare__calib_uncensored_refusal_like,candidate,uncensored_refusal_like,reasoning_only,5,mmd_rbf,0.058101724833250046,128
aim_on_dare__calib_uncensored_refusal_like,candidate,uncensored_refusal_like,reasoning_only,5,projected_js,0.12983930890914053,128
aim_on_dare__calib_uncensored_refusal_like,candidate,uncensored_refusal_like,reasoning_only,6,mmd_rbf,0.04437732324004173,128
aim_on_dare__calib_uncensored_refusal_like,candidate,uncensored_refusal_like,reasoning_only,6,projected_js,0.10485130600864068,128
aim_on_dare__calib_uncensored_refusal_like,candidate,uncensored_refusal_like,reasoning_only,7,mmd_rbf,0.04038489982485771,128
aim_on_dare__calib_uncensored_refusal_like,candidate,uncensored_refusal_like,reasoning_only,7,projected_js,0.10372533785994165,128
aim_on_dare__calib_uncensored_refusal_like,candidate,uncensored_refusal_like,reasoning_only,8,mmd_rbf,0.0318295992910862,128
aim_on_dare__calib_uncensored_refusal_like,candidate,uncensored_refusal_like,reasoning_only,8,projected_js,0.09279218449955806,128
aim_on_dare__calib_uncensored_refusal_like,candidate,uncensored_refusal_like,reasoning_only,9,mmd_rbf,0.030849957838654518,128
aim_on_dare__calib_uncensored_refusal_like,candidate,uncensored_refusal_like,reasoning_only,9,projected_js,0.09090195840690285,128
aim_on_dare__calib_uncensored_refusal_like,candidate,uncensored_refusal_like,reasoning_only,10,mmd_rbf,0.031826961785554886,128
aim_on_dare__calib_uncensored_refusal_like,candidate,uncensored_refusal_like,reasoning_only,10,projected_js,0.09741259840666316,128
aim_on_dare__calib_uncensored_refusal_like,candidate,uncensored_refusal_like,reasoning_only,11,mmd_rbf,0.0307106114923954,128
aim_on_dare__calib_uncensored_refusal_like,candidate,uncensored_refusal_like,reasoning_only,11,projected_js,0.0883127455599606,128
aim_on_dare__calib_uncensored_refusal_like,candidate,uncensored_refusal_like,reasoning_only,12,mmd_rbf,0.03442498296499252,128
aim_on_dare__calib_uncensored_refusal_like,candidate,uncensored_refusal_like,reasoning_only,12,projected_js,0.08991610759403557,128
aim_on_dare__calib_uncensored_refusal_like,candidate,uncensored_refusal_like,reasoning_only,13,mmd_rbf,0.0370916873216629,128
aim_on_dare__calib_uncensored_refusal_like,candidate,uncensored_refusal_like,reasoning_only,13,projected_js,0.09473997651366517,128
aim_on_dare__calib_uncensored_refusal_like,candidate,uncensored_refusal_like,reasoning_only,14,mmd_rbf,0.03680618479847908,128
aim_on_dare__calib_uncensored_refusal_like,candidate,uncensored_refusal_like,reasoning_only,14,projected_js,0.08700137783307582,128
aim_on_dare__calib_uncensored_refusal_like,candidate,uncensored_refusal_like,reasoning_only,15,mmd_rbf,0.03833049163222313,128
aim_on_dare__calib_uncensored_refusal_like,candidate,uncensored_refusal_like,reasoning_only,15,projected_js,0.08612644975073636,128
aim_on_dare__calib_uncensored_refusal_like,candidate,uncensored_refusal_like,reasoning_only,16,mmd_rbf,0.03784872218966484,128
aim_on_dare__calib_uncensored_refusal_like,candidate,uncensored_refusal_like,reasoning_only,16,projected_js,0.08877596515230834,128
aim_on_dare__calib_uncensored_refusal_like,candidate,uncensored_refusal_like,reasoning_only,17,mmd_rbf,0.0376935712993145,128
aim_on_dare__calib_uncensored_refusal_like,candidate,uncensored_refusal_like,reasoning_only,17,projected_js,0.08795743546215817,128
aim_on_dare__calib_uncensored_refusal_like,candidate,uncensored_refusal_like,reasoning_only,18,mmd_rbf,0.04469471797347069,128
aim_on_dare__calib_uncensored_refusal_like,candidate,uncensored_refusal_like,reasoning_only,18,projected_js,0.08921625005314127,128
aim_on_dare__calib_uncensored_refusal_like,candidate,uncensored_refusal_like,reasoning_only,19,mmd_rbf,0.043482180684804916,128
aim_on_dare__calib_uncensored_refusal_like,candidate,uncensored_refusal_like,reasoning_only,19,projected_js,0.0859788115194533,128
aim_on_dare__calib_uncensored_refusal_like,candidate,uncensored_refusal_like,reasoning_only,20,mmd_rbf,0.0443599708378315,128
aim_on_dare__calib_uncensored_refusal_like,candidate,uncensored_refusal_like,reasoning_only,20,projected_js,0.08690752141410485,128
aim_on_dare__calib_uncensored_refusal_like,candidate,uncensored_refusal_like,reasoning_only,21,mmd_rbf,0.04589681327342987,128
aim_on_dare__calib_uncensored_refusal_like,candidate,uncensored_refusal_like,reasoning_only,21,projected_js,0.09043455173377879,128
aim_on_dare__calib_uncensored_refusal_like,candidate,uncensored_refusal_like,reasoning_only,22,mmd_rbf,0.045207392424345016,128
aim_on_dare__calib_uncensored_refusal_like,candidate,uncensored_refusal_like,reasoning_only,22,projected_js,0.0933574783266522,128
aim_on_dare__calib_uncensored_refusal_like,candidate,uncensored_refusal_like,reasoning_only,23,mmd_rbf,0.03976847603917122,128
aim_on_dare__calib_uncensored_refusal_like,candidate,uncensored_refusal_like,reasoning_only,23,projected_js,0.09244216332444921,128
aim_on_dare__calib_uncensored_refusal_like,candidate,uncensored_refusal_like,reasoning_only,24,mmd_rbf,0.04403216764330864,128
aim_on_dare__calib_uncensored_refusal_like,candidate,uncensored_refusal_like,reasoning_only,24,projected_js,0.09638851275667548,128
aim_on_dare__calib_uncensored_refusal_like,candidate,uncensored_refusal_like,reasoning_only,25,mmd_rbf,0.04226134344935417,128
aim_on_dare__calib_uncensored_refusal_like,candidate,uncensored_refusal_like,reasoning_only,25,projected_js,0.08919416466960683,128
aim_on_dare__calib_uncensored_refusal_like,candidate,uncensored_refusal_like,reasoning_only,26,mmd_rbf,0.04411161690950394,128
aim_on_dare__calib_uncensored_refusal_like,candidate,uncensored_refusal_like,reasoning_only,26,projected_js,0.0893129066680558,128
aim_on_dare__calib_uncensored_refusal_like,candidate,uncensored_refusal_like,reasoning_only,27,mmd_rbf,0.046027518808841705,128
aim_on_dare__calib_uncensored_refusal_like,candidate,uncensored_refusal_like,reasoning_only,27,projected_js,0.09052799612982199,128
aim_on_dare__calib_uncensored_refusal_like,candidate,uncensored_refusal_like,reasoning_only,28,mmd_rbf,0.0481908805668354,128
aim_on_dare__calib_uncensored_refusal_like,candidate,uncensored_refusal_like,reasoning_only,28,projected_js,0.09844796382822096,128
aim_on_dare__calib_uncensored_refusal_like,candidate,uncensored_refusal_like,reasoning_only,29,mmd_rbf,0.04655851796269417,128
aim_on_dare__calib_uncensored_refusal_like,candidate,uncensored_refusal_like,reasoning_only,29,projected_js,0.10220256925094873,128
aim_on_dare__calib_uncensored_refusal_like,candidate,uncensored_refusal_like,reasoning_only,30,mmd_rbf,0.04944133386015892,128
aim_on_dare__calib_uncensored_refusal_like,candidate,uncensored_refusal_like,reasoning_only,30,projected_js,0.10400372551521286,128
aim_on_dare__calib_uncensored_refusal_like,candidate,uncensored_refusal_like,reasoning_only,31,mmd_rbf,0.049068380147218704,128
aim_on_dare__calib_uncensored_refusal_like,candidate,uncensored_refusal_like,reasoning_only,31,projected_js,0.10360221116570756,128
aim_on_dare__calib_uncensored_refusal_like,candidate,uncensored_refusal_like,reasoning_only,32,mmd_rbf,0.04895897954702377,128
aim_on_dare__calib_uncensored_refusal_like,candidate,uncensored_refusal_like,reasoning_only,32,projected_js,0.10066847910638899,128
aim_on_dare__calib_uncensored_refusal_like,candidate,uncensored_refusal_like,reasoning_only,33,mmd_rbf,0.04655751585960388,128
aim_on_dare__calib_uncensored_refusal_like,candidate,uncensored_refusal_like,reasoning_only,33,projected_js,0.09731920895865187,128
aim_on_dare__calib_uncensored_refusal_like,candidate,uncensored_refusal_like,reasoning_only,34,mmd_rbf,0.04939776659011841,128
aim_on_dare__calib_uncensored_refusal_like,candidate,uncensored_refusal_like,reasoning_only,34,projected_js,0.09369210945442319,128
aim_on_dare__calib_uncensored_refusal_like,candidate,uncensored_refusal_like,reasoning_only,35,mmd_rbf,0.05809673294425011,128
aim_on_dare__calib_uncensored_refusal_like,candidate,uncensored_refusal_like,reasoning_only,35,projected_js,0.10525272315135226,128
aim_on_dare__calib_uncensored_refusal_like,candidate,uncensored_refusal_like,uncensored_only,0,mmd_rbf,0.01334008015692234,128
aim_on_dare__calib_uncensored_refusal_like,candidate,uncensored_refusal_like,uncensored_only,0,projected_js,0.06308128556702286,128
aim_on_dare__calib_uncensored_refusal_like,candidate,uncensored_refusal_like,uncensored_only,1,mmd_rbf,0.2240922451019287,128
aim_on_dare__calib_uncensored_refusal_like,candidate,uncensored_refusal_like,uncensored_only,1,projected_js,0.24772862237296067,128
aim_on_dare__calib_uncensored_refusal_like,candidate,uncensored_refusal_like,uncensored_only,2,mmd_rbf,0.200239896774292,128
aim_on_dare__calib_uncensored_refusal_like,candidate,uncensored_refusal_like,uncensored_only,2,projected_js,0.20859261025907472,128
aim_on_dare__calib_uncensored_refusal_like,candidate,uncensored_refusal_like,uncensored_only,3,mmd_rbf,0.16099154949188232,128
aim_on_dare__calib_uncensored_refusal_like,candidate,uncensored_refusal_like,uncensored_only,3,projected_js,0.16931298357667401,128
aim_on_dare__calib_uncensored_refusal_like,candidate,uncensored_refusal_like,uncensored_only,4,mmd_rbf,0.12948976457118988,128
aim_on_dare__calib_uncensored_refusal_like,candidate,uncensored_refusal_like,uncensored_only,4,projected_js,0.16723465084214695,128
aim_on_dare__calib_uncensored_refusal_like,candidate,uncensored_refusal_like,uncensored_only,5,mmd_rbf,0.09817419201135635,128
aim_on_dare__calib_uncensored_refusal_like,candidate,uncensored_refusal_like,uncensored_only,5,projected_js,0.15143358503701165,128
aim_on_dare__calib_uncensored_refusal_like,candidate,uncensored_refusal_like,uncensored_only,6,mmd_rbf,0.062132008373737335,128
aim_on_dare__calib_uncensored_refusal_like,candidate,uncensored_refusal_like,uncensored_only,6,projected_js,0.11521518853260204,128
aim_on_dare__calib_uncensored_refusal_like,candidate,uncensored_refusal_like,uncensored_only,7,mmd_rbf,0.04704732447862625,128
aim_on_dare__calib_uncensored_refusal_like,candidate,uncensored_refusal_like,uncensored_only,7,projected_js,0.09708289051195607,128
aim_on_dare__calib_uncensored_refusal_like,candidate,uncensored_refusal_like,uncensored_only,8,mmd_rbf,0.03392643481492996,128
aim_on_dare__calib_uncensored_refusal_like,candidate,uncensored_refusal_like,uncensored_only,8,projected_js,0.08403051208006218,128
aim_on_dare__calib_uncensored_refusal_like,candidate,uncensored_refusal_like,uncensored_only,9,mmd_rbf,0.029530441388487816,128
aim_on_dare__calib_uncensored_refusal_like,candidate,uncensored_refusal_like,uncensored_only,9,projected_js,0.07883025787305087,128
aim_on_dare__calib_uncensored_refusal_like,candidate,uncensored_refusal_like,uncensored_only,10,mmd_rbf,0.024823898449540138,128
aim_on_dare__calib_uncensored_refusal_like,candidate,uncensored_refusal_like,uncensored_only,10,projected_js,0.07826058357022703,128
aim_on_dare__calib_uncensored_refusal_like,candidate,uncensored_refusal_like,uncensored_only,11,mmd_rbf,0.021152030676603317,128
aim_on_dare__calib_uncensored_refusal_like,candidate,uncensored_refusal_like,uncensored_only,11,projected_js,0.06676360085839406,128
aim_on_dare__calib_uncensored_refusal_like,candidate,uncensored_refusal_like,uncensored_only,12,mmd_rbf,0.021951554343104362,128
aim_on_dare__calib_uncensored_refusal_like,candidate,uncensored_refusal_like,uncensored_only,12,projected_js,0.07346332649467513,128
aim_on_dare__calib_uncensored_refusal_like,candidate,uncensored_refusal_like,uncensored_only,13,mmd_rbf,0.023286407813429832,128
aim_on_dare__calib_uncensored_refusal_like,candidate,uncensored_refusal_like,uncensored_only,13,projected_js,0.0741421498823911,128
aim_on_dare__calib_uncensored_refusal_like,candidate,uncensored_refusal_like,uncensored_only,14,mmd_rbf,0.023515108972787857,128
aim_on_dare__calib_uncensored_refusal_like,candidate,uncensored_refusal_like,uncensored_only,14,projected_js,0.07762105035362765,128
aim_on_dare__calib_uncensored_refusal_like,candidate,uncensored_refusal_like,uncensored_only,15,mmd_rbf,0.0281757153570652,128
aim_on_dare__calib_uncensored_refusal_like,candidate,uncensored_refusal_like,uncensored_only,15,projected_js,0.084617632383015,128
aim_on_dare__calib_uncensored_refusal_like,candidate,uncensored_refusal_like,uncensored_only,16,mmd_rbf,0.03006543219089508,128
aim_on_dare__calib_uncensored_refusal_like,candidate,uncensored_refusal_like,uncensored_only,16,projected_js,0.07506470137741417,128
aim_on_dare__calib_uncensored_refusal_like,candidate,uncensored_refusal_like,uncensored_only,17,mmd_rbf,0.030805176123976707,128
aim_on_dare__calib_uncensored_refusal_like,candidate,uncensored_refusal_like,uncensored_only,17,projected_js,0.08002832008060068,128
aim_on_dare__calib_uncensored_refusal_like,candidate,uncensored_refusal_like,uncensored_only,18,mmd_rbf,0.032186977565288544,128
aim_on_dare__calib_uncensored_refusal_like,candidate,uncensored_refusal_like,uncensored_only,18,projected_js,0.08200336468871683,128
aim_on_dare__calib_uncensored_refusal_like,candidate,uncensored_refusal_like,uncensored_only,19,mmd_rbf,0.03083758056163788,128
aim_on_dare__calib_uncensored_refusal_like,candidate,uncensored_refusal_like,uncensored_only,19,projected_js,0.08195461507420987,128
aim_on_dare__calib_uncensored_refusal_like,candidate,uncensored_refusal_like,uncensored_only,20,mmd_rbf,0.032615143805742264,128
aim_on_dare__calib_uncensored_refusal_like,candidate,uncensored_refusal_like,uncensored_only,20,projected_js,0.08096878015203401,128
aim_on_dare__calib_uncensored_refusal_like,candidate,uncensored_refusal_like,uncensored_only,21,mmd_rbf,0.03659740462899208,128
aim_on_dare__calib_uncensored_refusal_like,candidate,uncensored_refusal_like,uncensored_only,21,projected_js,0.0824182516662404,128
aim_on_dare__calib_uncensored_refusal_like,candidate,uncensored_refusal_like,uncensored_only,22,mmd_rbf,0.03900129720568657,128
aim_on_dare__calib_uncensored_refusal_like,candidate,uncensored_refusal_like,uncensored_only,22,projected_js,0.0868549151928164,128
aim_on_dare__calib_uncensored_refusal_like,candidate,uncensored_refusal_like,uncensored_only,23,mmd_rbf,0.03949237987399101,128
aim_on_dare__calib_uncensored_refusal_like,candidate,uncensored_refusal_like,uncensored_only,23,projected_js,0.08858008700190112,128
aim_on_dare__calib_uncensored_refusal_like,candidate,uncensored_refusal_like,uncensored_only,24,mmd_rbf,0.04429154098033905,128
aim_on_dare__calib_uncensored_refusal_like,candidate,uncensored_refusal_like,uncensored_only,24,projected_js,0.09175194764975458,128
aim_on_dare__calib_uncensored_refusal_like,candidate,uncensored_refusal_like,uncensored_only,25,mmd_rbf,0.0477677546441555,128
aim_on_dare__calib_uncensored_refusal_like,candidate,uncensored_refusal_like,uncensored_only,25,projected_js,0.09374589758226648,128
aim_on_dare__calib_uncensored_refusal_like,candidate,uncensored_refusal_like,uncensored_only,26,mmd_rbf,0.04911282658576965,128
aim_on_dare__calib_uncensored_refusal_like,candidate,uncensored_refusal_like,uncensored_only,26,projected_js,0.09162896059569903,128
aim_on_dare__calib_uncensored_refusal_like,candidate,uncensored_refusal_like,uncensored_only,27,mmd_rbf,0.05034209042787552,128
aim_on_dare__calib_uncensored_refusal_like,candidate,uncensored_refusal_like,uncensored_only,27,projected_js,0.0976661994936876,128
aim_on_dare__calib_uncensored_refusal_like,candidate,uncensored_refusal_like,uncensored_only,28,mmd_rbf,0.04850712791085243,128
aim_on_dare__calib_uncensored_refusal_like,candidate,uncensored_refusal_like,uncensored_only,28,projected_js,0.10381928866263479,128
aim_on_dare__calib_uncensored_refusal_like,candidate,uncensored_refusal_like,uncensored_only,29,mmd_rbf,0.046462688595056534,128
aim_on_dare__calib_uncensored_refusal_like,candidate,uncensored_refusal_like,uncensored_only,29,projected_js,0.10070606105728075,128
aim_on_dare__calib_uncensored_refusal_like,candidate,uncensored_refusal_like,uncensored_only,30,mmd_rbf,0.04918918386101723,128
aim_on_dare__calib_uncensored_refusal_like,candidate,uncensored_refusal_like,uncensored_only,30,projected_js,0.10199905274203047,128
aim_on_dare__calib_uncensored_refusal_like,candidate,uncensored_refusal_like,uncensored_only,31,mmd_rbf,0.04780106991529465,128
aim_on_dare__calib_uncensored_refusal_like,candidate,uncensored_refusal_like,uncensored_only,31,projected_js,0.09468421782366931,128
aim_on_dare__calib_uncensored_refusal_like,candidate,uncensored_refusal_like,uncensored_only,32,mmd_rbf,0.04768280312418938,128
aim_on_dare__calib_uncensored_refusal_like,candidate,uncensored_refusal_like,uncensored_only,32,projected_js,0.09434247936587781,128
aim_on_dare__calib_uncensored_refusal_like,candidate,uncensored_refusal_like,uncensored_only,33,mmd_rbf,0.0472683310508728,128
aim_on_dare__calib_uncensored_refusal_like,candidate,uncensored_refusal_like,uncensored_only,33,projected_js,0.0938764251768589,128
aim_on_dare__calib_uncensored_refusal_like,candidate,uncensored_refusal_like,uncensored_only,34,mmd_rbf,0.051457107067108154,128
aim_on_dare__calib_uncensored_refusal_like,candidate,uncensored_refusal_like,uncensored_only,34,projected_js,0.10088113631354645,128
aim_on_dare__calib_uncensored_refusal_like,candidate,uncensored_refusal_like,uncensored_only,35,mmd_rbf,0.09864558279514313,128
aim_on_dare__calib_uncensored_refusal_like,candidate,uncensored_refusal_like,uncensored_only,35,projected_js,0.12971581483725458,128
