model_id,model_kind,calib_subset,target_id,layer,metric,value,n_prompts
aim_on_dare__calib_general,candidate,general,base,0,mmd_rbf,0.004957783501595259,128
aim_on_dare__calib_general,candidate,general,base,0,projected_js,0.04309482242388185,128
aim_on_dare__calib_general,candidate,general,base,1,mmd_rbf,0.011036678217351437,128
aim_on_dare__calib_general,candidate,general,base,1,projected_js,0.05167515721404925,128
aim_on_dare__calib_general,candidate,general,base,2,mmd_rbf,0.00979499239474535,128
aim_on_dare__calib_general,candidate,general,base,2,projected_js,0.05496249804855324,128
aim_on_dare__calib_general,candidate,general,base,3,mmd_rbf,0.011594977229833603,128
aim_on_dare__calib_general,candidate,general,base,3,projected_js,0.05790658912155777,128
aim_on_dare__calib_general,candidate,general,base,4,mmd_rbf,0.010264228098094463,128
aim_on_dare__calib_general,candidate,general,base,4,projected_js,0.055304121458902955,128
aim_on_dare__calib_general,candidate,general,base,5,mmd_rbf,0.00948347058147192,128
aim_on_dare__calib_general,candidate,general,base,5,projected_js,0.05638297984842211,128
aim_on_dare__calib_general,candidate,general,base,6,mmd_rbf,0.007213667966425419,128
aim_on_dare__calib_general,candidate,general,base,6,projected_js,0.05124855792382732,128
aim_on_dare__calib_general,candidate,general,base,7,mmd_rbf,0.0065398248843848705,128
aim_on_dare__calib_general,candidate,general,base,7,projected_js,0.05216653289971873,128
aim_on_dare__calib_general,candidate,general,base,8,mmd_rbf,0.005290848668664694,128
aim_on_dare__calib_general,candidate,general,base,8,projected_js,0.054266794642899185,128
aim_on_dare__calib_general,candidate,general,base,9,mmd_rbf,0.005221439525485039,128
aim_on_dare__calib_general,candidate,general,base,9,projected_js,0.05697496503125876,128
aim_on_dare__calib_general,candidate,general,base,10,mmd_rbf,0.005413467530161142,128
aim_on_dare__calib_general,candidate,general,base,10,projected_js,0.054175365541595966,128
aim_on_dare__calib_general,candidate,general,base,11,mmd_rbf,0.0053964052349328995,128
aim_on_dare__calib_general,candidate,general,base,11,projected_js,0.057665031868964434,128
aim_on_dare__calib_general,candidate,general,base,12,mmd_rbf,0.005492526572197676,128
aim_on_dare__calib_general,candidate,general,base,12,projected_js,0.05670508116600104,128
aim_on_dare__calib_general,candidate,general,base,13,mmd_rbf,0.005859960336238146,128
aim_on_dare__calib_general,candidate,general,base,13,projected_js,0.05618964691529982,128
aim_on_dare__calib_general,candidate,general,base,14,mmd_rbf,0.00605397904291749,128
aim_on_dare__calib_general,candidate,general,base,14,projected_js,0.05839820296387188,128
aim_on_dare__calib_general,candidate,general,base,15,mmd_rbf,0.006681555416435003,128
aim_on_dare__calib_general,candidate,general,base,15,projected_js,0.05795374256558716,128
aim_on_dare__calib_general,candidate,general,base,16,mmd_rbf,0.007731531746685505,128
aim_on_dare__calib_general,candidate,general,base,16,projected_js,0.061523901764303446,128
aim_on_dare__calib_general,candidate,general,base,17,mmd_rbf,0.007461901288479567,128
aim_on_dare__calib_general,candidate,general,base,17,projected_js,0.05911255133105442,128
aim_on_dare__calib_general,candidate,general,base,18,mmd_rbf,0.008098307996988297,128
aim_on_dare__calib_general,candidate,general,base,18,projected_js,0.0632886840030551,128
aim_on_dare__calib_general,candidate,general,base,19,mmd_rbf,0.008254283107817173,128
aim_on_dare__calib_general,candidate,general,base,19,projected_js,0.06284905970096588,128
aim_on_dare__calib_general,candidate,general,base,20,mmd_rbf,0.007991932332515717,128
aim_on_dare__calib_general,candidate,general,base,20,projected_js,0.05942586885066703,128
aim_on_dare__calib_general,candidate,general,base,21,mmd_rbf,0.008257883600890636,128
aim_on_dare__calib_general,candidate,general,base,21,projected_js,0.06243363383691758,128
aim_on_dare__calib_general,candidate,general,base,22,mmd_rbf,0.007578429765999317,128
aim_on_dare__calib_general,candidate,general,base,22,projected_js,0.058997575542889535,128
aim_on_dare__calib_general,candidate,general,base,23,mmd_rbf,0.006993997376412153,128
aim_on_dare__calib_general,candidate,general,base,23,projected_js,0.06168089812854305,128
aim_on_dare__calib_general,candidate,general,base,24,mmd_rbf,0.006304702255874872,128
aim_on_dare__calib_general,candidate,general,base,24,projected_js,0.05651259474689141,128
aim_on_dare__calib_general,candidate,general,base,25,mmd_rbf,0.005900130141526461,128
aim_on_dare__calib_general,candidate,general,base,25,projected_js,0.057138771866448224,128
aim_on_dare__calib_general,candidate,general,base,26,mmd_rbf,0.005834448616951704,128
aim_on_dare__calib_general,candidate,general,base,26,projected_js,0.05508184450445697,128
aim_on_dare__calib_general,candidate,general,base,27,mmd_rbf,0.005743171088397503,128
aim_on_dare__calib_general,candidate,general,base,27,projected_js,0.05722294596489519,128
aim_on_dare__calib_general,candidate,general,base,28,mmd_rbf,0.005451506469398737,128
aim_on_dare__calib_general,candidate,general,base,28,projected_js,0.05889502872014418,128
aim_on_dare__calib_general,candidate,general,base,29,mmd_rbf,0.005258393473923206,128
aim_on_dare__calib_general,candidate,general,base,29,projected_js,0.05536921642487869,128
aim_on_dare__calib_general,candidate,general,base,30,mmd_rbf,0.005085584707558155,128
aim_on_dare__calib_general,candidate,general,base,30,projected_js,0.056932351959403604,128
aim_on_dare__calib_general,candidate,general,base,31,mmd_rbf,0.004856059793382883,128
aim_on_dare__calib_general,candidate,general,base,31,projected_js,0.056819600344169885,128
aim_on_dare__calib_general,candidate,general,base,32,mmd_rbf,0.005223392508924007,128
aim_on_dare__calib_general,candidate,general,base,32,projected_js,0.0558066384983249,128
aim_on_dare__calib_general,candidate,general,base,33,mmd_rbf,0.00564673962071538,128
aim_on_dare__calib_general,candidate,general,base,33,projected_js,0.060116588399978355,128
aim_on_dare__calib_general,candidate,general,base,34,mmd_rbf,0.010729249566793442,128
aim_on_dare__calib_general,candidate,general,base,34,projected_js,0.06220287753967568,128
aim_on_dare__calib_general,candidate,general,base,35,mmd_rbf,0.06372852623462677,128
aim_on_dare__calib_general,candidate,general,base,35,projected_js,0.108203518204391,128
aim_on_dare__calib_general,candidate,general,instr_only,0,mmd_rbf,0.002708864165470004,128
aim_on_dare__calib_general,candidate,general,instr_only,0,projected_js,0.03062021305959206,128
aim_on_dare__calib_general,candidate,general,instr_only,1,mmd_rbf,0.006302905268967152,128
aim_on_dare__calib_general,candidate,general,instr_only,1,projected_js,0.04183051308791619,128
aim_on_dare__calib_general,candidate,general,instr_only,2,mmd_rbf,0.006605495698750019,128
aim_on_dare__calib_general,candidate,general,instr_only,2,projected_js,0.04465365951182321,128
aim_on_dare__calib_general,candidate,general,instr_only,3,mmd_rbf,0.007795980665832758,128
aim_on_dare__calib_general,candidate,general,instr_only,3,projected_js,0.04960034915711731,128
aim_on_dare__calib_general,candidate,general,instr_only,4,mmd_rbf,0.007814787328243256,128
aim_on_dare__calib_general,candidate,general,instr_only,4,projected_js,0.04826734267408028,128
aim_on_dare__calib_general,candidate,general,instr_only,5,mmd_rbf,0.007187449838966131,128
aim_on_dare__calib_general,candidate,general,instr_only,5,projected_js,0.04863176812068559,128
aim_on_dare__calib_general,candidate,general,instr_only,6,mmd_rbf,0.004895865451544523,128
aim_on_dare__calib_general,candidate,general,instr_only,6,projected_js,0.0474246580270119,128
aim_on_dare__calib_general,candidate,general,instr_only,7,mmd_rbf,0.0038795580621808767,128
aim_on_dare__calib_general,candidate,general,instr_only,7,projected_js,0.04650207146187313,128
aim_on_dare__calib_general,candidate,general,instr_only,8,mmd_rbf,0.0030208087991923094,128
aim_on_dare__calib_general,candidate,general,instr_only,8,projected_js,0.05012780026299879,128
aim_on_dare__calib_general,candidate,general,instr_only,9,mmd_rbf,0.002936492208391428,128
aim_on_dare__calib_general,candidate,general,instr_only,9,projected_js,0.04871846956666559,128
aim_on_dare__calib_general,candidate,general,instr_only,10,mmd_rbf,0.00303527875803411,128
aim_on_dare__calib_general,candidate,general,instr_only,10,projected_js,0.051633706694701687,128
aim_on_dare__calib_general,candidate,general,instr_only,11,mmd_rbf,0.003102726535871625,128
aim_on_dare__calib_general,candidate,general,instr_only,11,projected_js,0.050983360706595704,128
aim_on_dare__calib_general,candidate,general,instr_only,12,mmd_rbf,0.0033579401206225157,128
aim_on_dare__calib_general,candidate,general,instr_only,12,projected_js,0.05119619451579638,128
aim_on_dare__calib_general,candidate,general,instr_only,13,mmd_rbf,0.00378630543127656,128
aim_on_dare__calib_general,candidate,general,instr_only,13,projected_js,0.0538219916052185,128
aim_on_dare__calib_general,candidate,general,instr_only,14,mmd_rbf,0.003943258430808783,128
aim_on_dare__calib_general,candidate,general,instr_only,14,projected_js,0.05100999871501699,128
aim_on_dare__calib_general,candidate,general,instr_only,15,mmd_rbf,0.004337694030255079,128
aim_on_dare__calib_general,candidate,general,instr_only,15,projected_js,0.05341934476746246,128
aim_on_dare__calib_general,candidate,general,instr_only,16,mmd_rbf,0.004675916861742735,128
aim_on_dare__calib_general,candidate,general,instr_only,16,projected_js,0.05798327366937883,128
aim_on_dare__calib_general,candidate,general,instr_only,17,mmd_rbf,0.004967555403709412,128
aim_on_dare__calib_general,candidate,general,instr_only,17,projected_js,0.057949477166403085,128
aim_on_dare__calib_general,candidate,general,instr_only,18,mmd_rbf,0.005128791090101004,128
aim_on_dare__calib_general,candidate,general,instr_only,18,projected_js,0.05930528265889734,128
aim_on_dare__calib_general,candidate,general,instr_only,19,mmd_rbf,0.005495655816048384,128
aim_on_dare__calib_general,candidate,general,instr_only,19,projected_js,0.05752439724165015,128
aim_on_dare__calib_general,candidate,general,instr_only,20,mmd_rbf,0.005649101920425892,128
aim_on_dare__calib_general,candidate,general,instr_only,20,projected_js,0.05932212504558265,128
aim_on_dare__calib_general,candidate,general,instr_only,21,mmd_rbf,0.005806833039969206,128
aim_on_dare__calib_general,candidate,general,instr_only,21,projected_js,0.060150901961605996,128
aim_on_dare__calib_general,candidate,general,instr_only,22,mmd_rbf,0.006183589342981577,128
aim_on_dare__calib_general,candidate,general,instr_only,22,projected_js,0.05753594491397962,128
aim_on_dare__calib_general,candidate,general,instr_only,23,mmd_rbf,0.006121201906353235,128
aim_on_dare__calib_general,candidate,general,instr_only,23,projected_js,0.059455077280290425,128
aim_on_dare__calib_general,candidate,general,instr_only,24,mmd_rbf,0.006270233541727066,128
aim_on_dare__calib_general,candidate,general,instr_only,24,projected_js,0.058010451786685735,128
aim_on_dare__calib_general,candidate,general,instr_only,25,mmd_rbf,0.00629067188128829,128
aim_on_dare__calib_general,candidate,general,instr_only,25,projected_js,0.059074879507534206,128
aim_on_dare__calib_general,candidate,general,instr_only,26,mmd_rbf,0.006419055163860321,128
aim_on_dare__calib_general,candidate,general,instr_only,26,projected_js,0.056848529289709404,128
aim_on_dare__calib_general,candidate,general,instr_only,27,mmd_rbf,0.0064329528249800205,128
aim_on_dare__calib_general,candidate,general,instr_only,27,projected_js,0.058122285612626,128
aim_on_dare__calib_general,candidate,general,instr_only,28,mmd_rbf,0.006121523678302765,128
aim_on_dare__calib_general,candidate,general,instr_only,28,projected_js,0.057541839545592666,128
aim_on_dare__calib_general,candidate,general,instr_only,29,mmd_rbf,0.0058176591992378235,128
aim_on_dare__calib_general,candidate,general,instr_only,29,projected_js,0.05680283301626332,128
aim_on_dare__calib_general,candidate,general,instr_only,30,mmd_rbf,0.0055437516421079636,128
aim_on_dare__calib_general,candidate,general,instr_only,30,projected_js,0.05781502794707194,128
aim_on_dare__calib_general,candidate,general,instr_only,31,mmd_rbf,0.005530224647372961,128
aim_on_dare__calib_general,candidate,general,instr_only,31,projected_js,0.05763011667295359,128
aim_on_dare__calib_general,candidate,general,instr_only,32,mmd_rbf,0.005667019169777632,128
aim_on_dare__calib_general,candidate,general,instr_only,32,projected_js,0.05956119243637659,128
aim_on_dare__calib_general,candidate,general,instr_only,33,mmd_rbf,0.0056010582484304905,128
aim_on_dare__calib_general,candidate,general,instr_only,33,projected_js,0.059077411016914994,128
aim_on_dare__calib_general,candidate,general,instr_only,34,mmd_rbf,0.00691933324560523,128
aim_on_dare__calib_general,candidate,general,instr_only,34,projected_js,0.05598352721426636,128
aim_on_dare__calib_general,candidate,general,instr_only,35,mmd_rbf,0.03693276643753052,128
aim_on_dare__calib_general,candidate,general,instr_only,35,projected_js,0.08336703845998272,128
aim_on_dare__calib_general,candidate,general,reasoning_only,0,mmd_rbf,0.016236020252108574,128
aim_on_dare__calib_general,candidate,general,reasoning_only,0,projected_js,0.0646129515953362,128
aim_on_dare__calib_general,candidate,general,reasoning_only,1,mmd_rbf,0.01890615187585354,128
aim_on_dare__calib_general,candidate,general,reasoning_only,1,projected_js,0.0677267721039243,128
aim_on_dare__calib_general,candidate,general,reasoning_only,2,mmd_rbf,0.02502584271132946,128
aim_on_dare__calib_general,candidate,general,reasoning_only,2,projected_js,0.07064857165096328,128
aim_on_dare__calib_general,candidate,general,reasoning_only,3,mmd_rbf,0.026722325012087822,128
aim_on_dare__calib_general,candidate,general,reasoning_only,3,projected_js,0.07826555593055673,128
aim_on_dare__calib_general,candidate,general,reasoning_only,4,mmd_rbf,0.02610454335808754,128
aim_on_dare__calib_general,candidate,general,reasoning_only,4,projected_js,0.08207631309051067,128
aim_on_dare__calib_general,candidate,general,reasoning_only,5,mmd_rbf,0.026170674711465836,128
aim_on_dare__calib_general,candidate,general,reasoning_only,5,projected_js,0.08094059844734147,128
aim_on_dare__calib_general,candidate,general,reasoning_only,6,mmd_rbf,0.0180254727602005,128
aim_on_dare__calib_general,candidate,general,reasoning_only,6,projected_js,0.06882734509417787,128
aim_on_dare__calib_general,candidate,general,reasoning_only,7,mmd_rbf,0.016575729474425316,128
aim_on_dare__calib_general,candidate,general,reasoning_only,7,projected_js,0.06638896447839215,128
aim_on_dare__calib_general,candidate,general,reasoning_only,8,mmd_rbf,0.01274061854928732,128
aim_on_dare__calib_general,candidate,general,reasoning_only,8,projected_js,0.0680294368066825,128
aim_on_dare__calib_general,candidate,general,reasoning_only,9,mmd_rbf,0.012087972834706306,128
aim_on_dare__calib_general,candidate,general,reasoning_only,9,projected_js,0.06661497530876659,128
aim_on_dare__calib_general,candidate,general,reasoning_only,10,mmd_rbf,0.012634812854230404,128
aim_on_dare__calib_general,candidate,general,reasoning_only,10,projected_js,0.06352820713073015,128
aim_on_dare__calib_general,candidate,general,reasoning_only,11,mmd_rbf,0.011377486400306225,128
aim_on_dare__calib_general,candidate,general,reasoning_only,11,projected_js,0.06226234306814149,128
aim_on_dare__calib_general,candidate,general,reasoning_only,12,mmd_rbf,0.011582211591303349,128
aim_on_dare__calib_general,candidate,general,reasoning_only,12,projected_js,0.06601266370853409,128
aim_on_dare__calib_general,candidate,general,reasoning_only,13,mmd_rbf,0.012017063796520233,128
aim_on_dare__calib_general,candidate,general,reasoning_only,13,projected_js,0.06592265632934868,128
aim_on_dare__calib_general,candidate,general,reasoning_only,14,mmd_rbf,0.012105338275432587,128
aim_on_dare__calib_general,candidate,general,reasoning_only,14,projected_js,0.06484669324709103,128
aim_on_dare__calib_general,candidate,general,reasoning_only,15,mmd_rbf,0.01314430870115757,128
aim_on_dare__calib_general,candidate,general,reasoning_only,15,projected_js,0.06292410480091348,128
aim_on_dare__calib_general,candidate,general,reasoning_only,16,mmd_rbf,0.013355436734855175,128
aim_on_dare__calib_general,candidate,general,reasoning_only,16,projected_js,0.06783951772376895,128
aim_on_dare__calib_general,candidate,general,reasoning_only,17,mmd_rbf,0.01279161311686039,128
aim_on_dare__calib_general,candidate,general,reasoning_only,17,projected_js,0.06709942285669968,128
aim_on_dare__calib_general,candidate,general,reasoning_only,18,mmd_rbf,0.014498201198875904,128
aim_on_dare__calib_general,candidate,general,reasoning_only,18,projected_js,0.06654555554268882,128
aim_on_dare__calib_general,candidate,general,reasoning_only,19,mmd_rbf,0.013399133458733559,128
aim_on_dare__calib_general,candidate,general,reasoning_only,19,projected_js,0.06414365829550661,128
aim_on_dare__calib_general,candidate,general,reasoning_only,20,mmd_rbf,0.013233202509582043,128
aim_on_dare__calib_general,candidate,general,reasoning_only,20,projected_js,0.06341651955153793,128
aim_on_dare__calib_general,candidate,general,reasoning_only,21,mmd_rbf,0.014002117328345776,128
aim_on_dare__calib_general,candidate,general,reasoning_only,21,projected_js,0.06663384669809602,128
aim_on_dare__calib_general,candidate,general,reasoning_only,22,mmd_rbf,0.011627651751041412,128
aim_on_dare__calib_general,candidate,general,reasoning_only,22,projected_js,0.0660671646182891,128
aim_on_dare__calib_general,candidate,general,reasoning_only,23,mmd_rbf,0.00936894305050373,128
aim_on_dare__calib_general,candidate,general,reasoning_only,23,projected_js,0.06730064883595333,128
aim_on_dare__calib_general,candidate,general,reasoning_only,24,mmd_rbf,0.009430001489818096,128
aim_on_dare__calib_general,candidate,general,reasoning_only,24,projected_js,0.0664128569769673,128
aim_on_dare__calib_general,candidate,general,reasoning_only,25,mmd_rbf,0.008649817667901516,128
aim_on_dare__calib_general,candidate,general,reasoning_only,25,projected_js,0.06070625112624839,128
aim_on_dare__calib_general,candidate,general,reasoning_only,26,mmd_rbf,0.00862425472587347,128
aim_on_dare__calib_general,candidate,general,reasoning_only,26,projected_js,0.0614522036339622,128
aim_on_dare__calib_general,candidate,general,reasoning_only,27,mmd_rbf,0.008214163593947887,128
aim_on_dare__calib_general,candidate,general,reasoning_only,27,projected_js,0.059636121906805784,128
aim_on_dare__calib_general,candidate,general,reasoning_only,28,mmd_rbf,0.008459683507680893,128
aim_on_dare__calib_general,candidate,general,reasoning_only,28,projected_js,0.05794100963976234,128
aim_on_dare__calib_general,candidate,general,reasoning_only,29,mmd_rbf,0.008313709869980812,128
aim_on_dare__calib_general,candidate,general,reasoning_only,29,projected_js,0.06397781911073253,128
aim_on_dare__calib_general,candidate,general,reasoning_only,30,mmd_rbf,0.008101298473775387,128
aim_on_dare__calib_general,candidate,general,reasoning_only,30,projected_js,0.058310938853537664,128
aim_on_dare__calib_general,candidate,general,reasoning_only,31,mmd_rbf,0.007996032014489174,128
aim_on_dare__calib_general,candidate,general,reasoning_only,31,projected_js,0.06022903879056685,128
aim_on_dare__calib_general,candidate,general,reasoning_only,32,mmd_rbf,0.007928812876343727,128
aim_on_dare__calib_general,candidate,general,reasoning_only,32,projected_js,0.0605128858005628,128
aim_on_dare__calib_general,candidate,general,reasoning_only,33,mmd_rbf,0.007872960530221462,128
aim_on_dare__calib_general,candidate,general,reasoning_only,33,projected_js,0.060048088489566,128
aim_on_dare__calib_general,candidate,general,reasoning_only,34,mmd_rbf,0.008190611377358437,128
aim_on_dare__calib_general,candidate,general,reasoning_only,34,projected_js,0.060749062889954075,128
aim_on_dare__calib_general,candidate,general,reasoning_only,35,mmd_rbf,0.030501166358590126,128
aim_on_dare__calib_general,candidate,general,reasoning_only,35,projected_js,0.07359239808283746,128
aim_on_dare__calib_general,candidate,general,uncensored_only,0,mmd_rbf,0.007187110371887684,128
aim_on_dare__calib_general,candidate,general,uncensored_only,0,projected_js,0.04059809893806232,128
aim_on_dare__calib_general,candidate,general,uncensored_only,1,mmd_rbf,0.15795840322971344,128
aim_on_dare__calib_general,candidate,general,uncensored_only,1,projected_js,0.1666886157472618,128
aim_on_dare__calib_general,candidate,general,uncensored_only,2,mmd_rbf,0.13083712756633759,128
aim_on_dare__calib_general,candidate,general,uncensored_only,2,projected_js,0.13237334036966786,128
aim_on_dare__calib_general,candidate,general,uncensored_only,3,mmd_rbf,0.09928952902555466,128
aim_on_dare__calib_general,candidate,general,uncensored_only,3,projected_js,0.12057144823484123,128
aim_on_dare__calib_general,candidate,general,uncensored_only,4,mmd_rbf,0.07217659056186676,128
aim_on_dare__calib_general,candidate,general,uncensored_only,4,projected_js,0.1099312660517171,128
aim_on_dare__calib_general,candidate,general,uncensored_only,5,mmd_rbf,0.04990043863654137,128
aim_on_dare__calib_general,candidate,general,uncensored_only,5,projected_js,0.10337490536039695,128
aim_on_dare__calib_general,candidate,general,uncensored_only,6,mmd_rbf,0.028242936357855797,128
aim_on_dare__calib_general,candidate,general,uncensored_only,6,projected_js,0.07766835149959661,128
aim_on_dare__calib_general,candidate,general,uncensored_only,7,mmd_rbf,0.02181008830666542,128
aim_on_dare__calib_general,candidate,general,uncensored_only,7,projected_js,0.07266292907297611,128
aim_on_dare__calib_general,candidate,general,uncensored_only,8,mmd_rbf,0.01458374597132206,128
aim_on_dare__calib_general,candidate,general,uncensored_only,8,projected_js,0.06452647291007452,128
aim_on_dare__calib_general,candidate,general,uncensored_only,9,mmd_rbf,0.012274294160306454,128
aim_on_dare__calib_general,candidate,general,uncensored_only,9,projected_js,0.06357655284227803,128
aim_on_dare__calib_general,candidate,general,uncensored_only,10,mmd_rbf,0.010757963173091412,128
aim_on_dare__calib_general,candidate,general,uncensored_only,10,projected_js,0.06489777157548815,128
aim_on_dare__calib_general,candidate,general,uncensored_only,11,mmd_rbf,0.009414237923920155,128
aim_on_dare__calib_general,candidate,general,uncensored_only,11,projected_js,0.060276075557339936,128
aim_on_dare__calib_general,candidate,general,uncensored_only,12,mmd_rbf,0.009250860661268234,128
aim_on_dare__calib_general,candidate,general,uncensored_only,12,projected_js,0.05996354841045104,128
aim_on_dare__calib_general,candidate,general,uncensored_only,13,mmd_rbf,0.009994663298130035,128
aim_on_dare__calib_general,candidate,general,uncensored_only,13,projected_js,0.06398945237742737,128
aim_on_dare__calib_general,candidate,general,uncensored_only,14,mmd_rbf,0.009744998998939991,128
aim_on_dare__calib_general,candidate,general,uncensored_only,14,projected_js,0.06406442911247723,128
aim_on_dare__calib_general,candidate,general,uncensored_only,15,mmd_rbf,0.011725099757313728,128
aim_on_dare__calib_general,candidate,general,uncensored_only,15,projected_js,0.06596747462754138,128
aim_on_dare__calib_general,candidate,general,uncensored_only,16,mmd_rbf,0.013065672479569912,128
aim_on_dare__calib_general,candidate,general,uncensored_only,16,projected_js,0.06935664010234177,128
aim_on_dare__calib_general,candidate,general,uncensored_only,17,mmd_rbf,0.012225635349750519,128
aim_on_dare__calib_general,candidate,general,uncensored_only,17,projected_js,0.06604447882273234,128
aim_on_dare__calib_general,candidate,general,uncensored_only,18,mmd_rbf,0.012398791499435902,128
aim_on_dare__calib_general,candidate,general,uncensored_only,18,projected_js,0.06550132419215515,128
aim_on_dare__calib_general,candidate,general,uncensored_only,19,mmd_rbf,0.01138001773506403,128
aim_on_dare__calib_general,candidate,general,uncensored_only,19,projected_js,0.06390171966631897,128
aim_on_dare__calib_general,candidate,general,uncensored_only,20,mmd_rbf,0.011181764304637909,128
aim_on_dare__calib_general,candidate,general,uncensored_only,20,projected_js,0.06357957696309313,128
aim_on_dare__calib_general,candidate,general,uncensored_only,21,mmd_rbf,0.012007338926196098,128
aim_on_dare__calib_general,candidate,general,uncensored_only,21,projected_js,0.06865557580022141,128
aim_on_dare__calib_general,candidate,general,uncensored_only,22,mmd_rbf,0.012662273831665516,128
aim_on_dare__calib_general,candidate,general,uncensored_only,22,projected_js,0.06475623603910208,128
aim_on_dare__calib_general,candidate,general,uncensored_only,23,mmd_rbf,0.012145829387009144,128
aim_on_dare__calib_general,candidate,general,uncensored_only,23,projected_js,0.06607212498784065,128
aim_on_dare__calib_general,candidate,general,uncensored_only,24,mmd_rbf,0.012581365182995796,128
aim_on_dare__calib_general,candidate,general,uncensored_only,24,projected_js,0.06876329286023974,128
aim_on_dare__calib_general,candidate,general,uncensored_only,25,mmd_rbf,0.012811918742954731,128
aim_on_dare__calib_general,candidate,general,uncensored_only,25,projected_js,0.06920122052542865,128
aim_on_dare__calib_general,candidate,general,uncensored_only,26,mmd_rbf,0.013124060817062855,128
aim_on_dare__calib_general,candidate,general,uncensored_only,26,projected_js,0.06710970884887502,128
aim_on_dare__calib_general,candidate,general,uncensored_only,27,mmd_rbf,0.013228616677224636,128
aim_on_dare__calib_general,candidate,general,uncensored_only,27,projected_js,0.06576306093484163,128
aim_on_dare__calib_general,candidate,general,uncensored_only,28,mmd_rbf,0.012252441607415676,128
aim_on_dare__calib_general,candidate,general,uncensored_only,28,projected_js,0.0650998848141171,128
aim_on_dare__calib_general,candidate,general,uncensored_only,29,mmd_rbf,0.011814250610768795,128
aim_on_dare__calib_general,candidate,general,uncensored_only,29,projected_js,0.06240341835655272,128
aim_on_dare__calib_general,candidate,general,uncensored_only,30,mmd_rbf,0.011778040789067745,128
aim_on_dare__calib_general,candidate,general,uncensored_only,30,projected_js,0.06409312709001824,128
aim_on_dare__calib_general,candidate,general,uncensored_only,31,mmd_rbf,0.011244525201618671,128
aim_on_dare__calib_general,candidate,general,uncensored_only,31,projected_js,0.06422930303961039,128
aim_on_dare__calib_general,candidate,general,uncensored_only,32,mmd_rbf,0.011089439503848553,128
aim_on_dare__calib_general,candidate,general,uncensored_only,32,projected_js,0.06383797631133348,128
aim_on_dare__calib_general,candidate,general,uncensored_only,33,mmd_rbf,0.01114735845476389,128
aim_on_dare__calib_general,candidate,general,uncensored_only,33,projected_js,0.06290153265581466,128
aim_on_dare__calib_general,candidate,general,uncensored_only,34,mmd_rbf,0.012331686913967133,128
aim_on_dare__calib_general,candidate,general,uncensored_only,34,projected_js,0.06238264363491908,128
aim_on_dare__calib_general,candidate,general,uncensored_only,35,mmd_rbf,0.050570469349622726,128
aim_on_dare__calib_general,candidate,general,uncensored_only,35,projected_js,0.09193471871549264,128
aim_on_dare__calib_general,candidate,instruction,base,0,mmd_rbf,0.0031449736561626196,128
aim_on_dare__calib_general,candidate,instruction,base,0,projected_js,0.04349366223323159,128
aim_on_dare__calib_general,candidate,instruction,base,1,mmd_rbf,0.007414120715111494,128
aim_on_dare__calib_general,candidate,instruction,base,1,projected_js,0.05198881262913346,128
aim_on_dare__calib_general,candidate,instruction,base,2,mmd_rbf,0.008167366497218609,128
aim_on_dare__calib_general,candidate,instruction,base,2,projected_js,0.057719850476132706,128
aim_on_dare__calib_general,candidate,instruction,base,3,mmd_rbf,0.010186218656599522,128
aim_on_dare__calib_general,candidate,instruction,base,3,projected_js,0.06227614567615092,128
aim_on_dare__calib_general,candidate,instruction,base,4,mmd_rbf,0.009499698877334595,128
aim_on_dare__calib_general,candidate,instruction,base,4,projected_js,0.0636953980429098,128
aim_on_dare__calib_general,candidate,instruction,base,5,mmd_rbf,0.009854789823293686,128
aim_on_dare__calib_general,candidate,instruction,base,5,projected_js,0.058151762263150886,128
aim_on_dare__calib_general,candidate,instruction,base,6,mmd_rbf,0.008512833155691624,128
aim_on_dare__calib_general,candidate,instruction,base,6,projected_js,0.056895297195296735,128
aim_on_dare__calib_general,candidate,instruction,base,7,mmd_rbf,0.008144599385559559,128
aim_on_dare__calib_general,candidate,instruction,base,7,projected_js,0.06017610587878153,128
aim_on_dare__calib_general,candidate,instruction,base,8,mmd_rbf,0.00734594976529479,128
aim_on_dare__calib_general,candidate,instruction,base,8,projected_js,0.058808964444324374,128
aim_on_dare__calib_general,candidate,instruction,base,9,mmd_rbf,0.008034303784370422,128
aim_on_dare__calib_general,candidate,instruction,base,9,projected_js,0.06343583652051166,128
aim_on_dare__calib_general,candidate,instruction,base,10,mmd_rbf,0.009073473513126373,128
aim_on_dare__calib_general,candidate,instruction,base,10,projected_js,0.0653327124309726,128
aim_on_dare__calib_general,candidate,instruction,base,11,mmd_rbf,0.009063683450222015,128
aim_on_dare__calib_general,candidate,instruction,base,11,projected_js,0.06402110093040392,128
aim_on_dare__calib_general,candidate,instruction,base,12,mmd_rbf,0.009031740017235279,128
aim_on_dare__calib_general,candidate,instruction,base,12,projected_js,0.06920864706626162,128
aim_on_dare__calib_general,candidate,instruction,base,13,mmd_rbf,0.009749166667461395,128
aim_on_dare__calib_general,candidate,instruction,base,13,projected_js,0.06495987548260018,128
aim_on_dare__calib_general,candidate,instruction,base,14,mmd_rbf,0.010477635078132153,128
aim_on_dare__calib_general,candidate,instruction,base,14,projected_js,0.06580935331294313,128
aim_on_dare__calib_general,candidate,instruction,base,15,mmd_rbf,0.011518926359713078,128
aim_on_dare__calib_general,candidate,instruction,base,15,projected_js,0.07005341706098989,128
aim_on_dare__calib_general,candidate,instruction,base,16,mmd_rbf,0.012363840825855732,128
aim_on_dare__calib_general,candidate,instruction,base,16,projected_js,0.06816907390020788,128
aim_on_dare__calib_general,candidate,instruction,base,17,mmd_rbf,0.012231108732521534,128
aim_on_dare__calib_general,candidate,instruction,base,17,projected_js,0.07010733050992712,128
aim_on_dare__calib_general,candidate,instruction,base,18,mmd_rbf,0.013334217481315136,128
aim_on_dare__calib_general,candidate,instruction,base,18,projected_js,0.07272171974182129,128
aim_on_dare__calib_general,candidate,instruction,base,19,mmd_rbf,0.014562389813363552,128
aim_on_dare__calib_general,candidate,instruction,base,19,projected_js,0.06838945695199072,128
aim_on_dare__calib_general,candidate,instruction,base,20,mmd_rbf,0.014624090865254402,128
aim_on_dare__calib_general,candidate,instruction,base,20,projected_js,0.06965527025749907,128
aim_on_dare__calib_general,candidate,instruction,base,21,mmd_rbf,0.015610110945999622,128
aim_on_dare__calib_general,candidate,instruction,base,21,projected_js,0.07556285028113052,128
aim_on_dare__calib_general,candidate,instruction,base,22,mmd_rbf,0.01495311874896288,128
aim_on_dare__calib_general,candidate,instruction,base,22,projected_js,0.07127274438971654,128
aim_on_dare__calib_general,candidate,instruction,base,23,mmd_rbf,0.013872054405510426,128
aim_on_dare__calib_general,candidate,instruction,base,23,projected_js,0.0715730220254045,128
aim_on_dare__calib_general,candidate,instruction,base,24,mmd_rbf,0.012907609343528748,128
aim_on_dare__calib_general,candidate,instruction,base,24,projected_js,0.07239801803370938,128
aim_on_dare__calib_general,candidate,instruction,base,25,mmd_rbf,0.012111294083297253,128
aim_on_dare__calib_general,candidate,instruction,base,25,projected_js,0.06630983971990645,128
aim_on_dare__calib_general,candidate,instruction,base,26,mmd_rbf,0.011721228249371052,128
aim_on_dare__calib_general,candidate,instruction,base,26,projected_js,0.06876412453129888,128
aim_on_dare__calib_general,candidate,instruction,base,27,mmd_rbf,0.011278929188847542,128
aim_on_dare__calib_general,candidate,instruction,base,27,projected_js,0.06667428952641785,128
aim_on_dare__calib_general,candidate,instruction,base,28,mmd_rbf,0.010564589872956276,128
aim_on_dare__calib_general,candidate,instruction,base,28,projected_js,0.06789610633859411,128
aim_on_dare__calib_general,candidate,instruction,base,29,mmd_rbf,0.010007536970078945,128
aim_on_dare__calib_general,candidate,instruction,base,29,projected_js,0.06681793316965923,128
aim_on_dare__calib_general,candidate,instruction,base,30,mmd_rbf,0.009780438616871834,128
aim_on_dare__calib_general,candidate,instruction,base,30,projected_js,0.06511013436829671,128
aim_on_dare__calib_general,candidate,instruction,base,31,mmd_rbf,0.009550518356263638,128
aim_on_dare__calib_general,candidate,instruction,base,31,projected_js,0.07026900973869488,128
aim_on_dare__calib_general,candidate,instruction,base,32,mmd_rbf,0.009974004700779915,128
aim_on_dare__calib_general,candidate,instruction,base,32,projected_js,0.06765170083963312,128
aim_on_dare__calib_general,candidate,instruction,base,33,mmd_rbf,0.010329893790185452,128
aim_on_dare__calib_general,candidate,instruction,base,33,projected_js,0.0657010015565902,128
aim_on_dare__calib_general,candidate,instruction,base,34,mmd_rbf,0.01590697281062603,128
aim_on_dare__calib_general,candidate,instruction,base,34,projected_js,0.07675115647725761,128
aim_on_dare__calib_general,candidate,instruction,base,35,mmd_rbf,0.053722091019153595,128
aim_on_dare__calib_general,candidate,instruction,base,35,projected_js,0.11470944865141064,128
aim_on_dare__calib_general,candidate,instruction,instr_only,0,mmd_rbf,0.0018213093280792236,128
aim_on_dare__calib_general,candidate,instruction,instr_only,0,projected_js,0.034625805041287094,128
aim_on_dare__calib_general,candidate,instruction,instr_only,1,mmd_rbf,0.004961216356605291,128
aim_on_dare__calib_general,candidate,instruction,instr_only,1,projected_js,0.044500713658635505,128
aim_on_dare__calib_general,candidate,instruction,instr_only,2,mmd_rbf,0.005623987410217524,128
aim_on_dare__calib_general,candidate,instruction,instr_only,2,projected_js,0.04823173795011826,128
aim_on_dare__calib_general,candidate,instruction,instr_only,3,mmd_rbf,0.005695371422916651,128
aim_on_dare__calib_general,candidate,instruction,instr_only,3,projected_js,0.046524697449058294,128
aim_on_dare__calib_general,candidate,instruction,instr_only,4,mmd_rbf,0.005686628166586161,128
aim_on_dare__calib_general,candidate,instruction,instr_only,4,projected_js,0.04936759328120388,128
aim_on_dare__calib_general,candidate,instruction,instr_only,5,mmd_rbf,0.005893283523619175,128
aim_on_dare__calib_general,candidate,instruction,instr_only,5,projected_js,0.046487715997500345,128
aim_on_dare__calib_general,candidate,instruction,instr_only,6,mmd_rbf,0.00426011998206377,128
aim_on_dare__calib_general,candidate,instruction,instr_only,6,projected_js,0.049037723161745816,128
aim_on_dare__calib_general,candidate,instruction,instr_only,7,mmd_rbf,0.0036516354884952307,128
aim_on_dare__calib_general,candidate,instruction,instr_only,7,projected_js,0.04862458381103352,128
aim_on_dare__calib_general,candidate,instruction,instr_only,8,mmd_rbf,0.003267195075750351,128
aim_on_dare__calib_general,candidate,instruction,instr_only,8,projected_js,0.05202991010446567,128
aim_on_dare__calib_general,candidate,instruction,instr_only,9,mmd_rbf,0.0031517352908849716,128
aim_on_dare__calib_general,candidate,instruction,instr_only,9,projected_js,0.0542303035617806,128
aim_on_dare__calib_general,candidate,instruction,instr_only,10,mmd_rbf,0.003477140562608838,128
aim_on_dare__calib_general,candidate,instruction,instr_only,10,projected_js,0.05643447441980243,128
aim_on_dare__calib_general,candidate,instruction,instr_only,11,mmd_rbf,0.0032624341547489166,128
aim_on_dare__calib_general,candidate,instruction,instr_only,11,projected_js,0.0590656804270111,128
aim_on_dare__calib_general,candidate,instruction,instr_only,12,mmd_rbf,0.0032891470473259687,128
aim_on_dare__calib_general,candidate,instruction,instr_only,12,projected_js,0.05822239525150508,128
aim_on_dare__calib_general,candidate,instruction,instr_only,13,mmd_rbf,0.003370699007064104,128
aim_on_dare__calib_general,candidate,instruction,instr_only,13,projected_js,0.060707486380124465,128
aim_on_dare__calib_general,candidate,instruction,instr_only,14,mmd_rbf,0.003460818901658058,128
aim_on_dare__calib_general,candidate,instruction,instr_only,14,projected_js,0.058011161105241627,128
aim_on_dare__calib_general,candidate,instruction,instr_only,15,mmd_rbf,0.0035998676903545856,128
aim_on_dare__calib_general,candidate,instruction,instr_only,15,projected_js,0.06180872683762573,128
aim_on_dare__calib_general,candidate,instruction,instr_only,16,mmd_rbf,0.003755645127967,128
aim_on_dare__calib_general,candidate,instruction,instr_only,16,projected_js,0.06335146047058515,128
aim_on_dare__calib_general,candidate,instruction,instr_only,17,mmd_rbf,0.003928281832486391,128
aim_on_dare__calib_general,candidate,instruction,instr_only,17,projected_js,0.05929087664117105,128
aim_on_dare__calib_general,candidate,instruction,instr_only,18,mmd_rbf,0.004190944135189056,128
aim_on_dare__calib_general,candidate,instruction,instr_only,18,projected_js,0.05970352602889761,128
aim_on_dare__calib_general,candidate,instruction,instr_only,19,mmd_rbf,0.0047982377000153065,128
aim_on_dare__calib_general,candidate,instruction,instr_only,19,projected_js,0.061572277365485206,128
aim_on_dare__calib_general,candidate,instruction,instr_only,20,mmd_rbf,0.0051790876314044,128
aim_on_dare__calib_general,candidate,instruction,instr_only,20,projected_js,0.060246311128139496,128
aim_on_dare__calib_general,candidate,instruction,instr_only,21,mmd_rbf,0.0059842015616595745,128
aim_on_dare__calib_general,candidate,instruction,instr_only,21,projected_js,0.06377513438928872,128
aim_on_dare__calib_general,candidate,instruction,instr_only,22,mmd_rbf,0.006500441115349531,128
aim_on_dare__calib_general,candidate,instruction,instr_only,22,projected_js,0.0650268557947129,128
aim_on_dare__calib_general,candidate,instruction,instr_only,23,mmd_rbf,0.006681771017611027,128
aim_on_dare__calib_general,candidate,instruction,instr_only,23,projected_js,0.06445791514124721,128
aim_on_dare__calib_general,candidate,instruction,instr_only,24,mmd_rbf,0.006703916937112808,128
aim_on_dare__calib_general,candidate,instruction,instr_only,24,projected_js,0.06541013286914676,128
aim_on_dare__calib_general,candidate,instruction,instr_only,25,mmd_rbf,0.006826374679803848,128
aim_on_dare__calib_general,candidate,instruction,instr_only,25,projected_js,0.06578796944813803,128
aim_on_dare__calib_general,candidate,instruction,instr_only,26,mmd_rbf,0.007051521446555853,128
aim_on_dare__calib_general,candidate,instruction,instr_only,26,projected_js,0.0668361319694668,128
aim_on_dare__calib_general,candidate,instruction,instr_only,27,mmd_rbf,0.007007854524999857,128
aim_on_dare__calib_general,candidate,instruction,instr_only,27,projected_js,0.06616813479922712,128
aim_on_dare__calib_general,candidate,instruction,instr_only,28,mmd_rbf,0.00661119818687439,128
aim_on_dare__calib_general,candidate,instruction,instr_only,28,projected_js,0.0649136194260791,128
aim_on_dare__calib_general,candidate,instruction,instr_only,29,mmd_rbf,0.0062523456290364265,128
aim_on_dare__calib_general,candidate,instruction,instr_only,29,projected_js,0.06248211406636983,128
aim_on_dare__calib_general,candidate,instruction,instr_only,30,mmd_rbf,0.00611909618601203,128
aim_on_dare__calib_general,candidate,instruction,instr_only,30,projected_js,0.0643869744380936,128
aim_on_dare__calib_general,candidate,instruction,instr_only,31,mmd_rbf,0.006037059705704451,128
aim_on_dare__calib_general,candidate,instruction,instr_only,31,projected_js,0.06255358568159863,128
aim_on_dare__calib_general,candidate,instruction,instr_only,32,mmd_rbf,0.006078318227082491,128
aim_on_dare__calib_general,candidate,instruction,instr_only,32,projected_js,0.06263061592471786,128
aim_on_dare__calib_general,candidate,instruction,instr_only,33,mmd_rbf,0.006177018862217665,128
aim_on_dare__calib_general,candidate,instruction,instr_only,33,projected_js,0.060242252307944,128
aim_on_dare__calib_general,candidate,instruction,instr_only,34,mmd_rbf,0.007718175183981657,128
aim_on_dare__calib_general,candidate,instruction,instr_only,34,projected_js,0.0641135408077389,128
aim_on_dare__calib_general,candidate,instruction,instr_only,35,mmd_rbf,0.03551549091935158,128
aim_on_dare__calib_general,candidate,instruction,instr_only,35,projected_js,0.09402302908711135,128
aim_on_dare__calib_general,candidate,instruction,reasoning_only,0,mmd_rbf,0.007498383522033691,128
aim_on_dare__calib_general,candidate,instruction,reasoning_only,0,projected_js,0.061724567029159516,128
aim_on_dare__calib_general,candidate,instruction,reasoning_only,1,mmd_rbf,0.012932494282722473,128
aim_on_dare__calib_general,candidate,instruction,reasoning_only,1,projected_js,0.06334282440366223,128
aim_on_dare__calib_general,candidate,instruction,reasoning_only,2,mmd_rbf,0.019103525206446648,128
aim_on_dare__calib_general,candidate,instruction,reasoning_only,2,projected_js,0.0683819756959565,128
aim_on_dare__calib_general,candidate,instruction,reasoning_only,3,mmd_rbf,0.020479101687669754,128
aim_on_dare__calib_general,candidate,instruction,reasoning_only,3,projected_js,0.06943491194397211,128
aim_on_dare__calib_general,candidate,instruction,reasoning_only,4,mmd_rbf,0.021655123680830002,128
aim_on_dare__calib_general,candidate,instruction,reasoning_only,4,projected_js,0.08144792699022219,128
aim_on_dare__calib_general,candidate,instruction,reasoning_only,5,mmd_rbf,0.023663507774472237,128
aim_on_dare__calib_general,candidate,instruction,reasoning_only,5,projected_js,0.08027195296017453,128
aim_on_dare__calib_general,candidate,instruction,reasoning_only,6,mmd_rbf,0.017793990671634674,128
aim_on_dare__calib_general,candidate,instruction,reasoning_only,6,projected_js,0.07775523839518428,128
aim_on_dare__calib_general,candidate,instruction,reasoning_only,7,mmd_rbf,0.017550701275467873,128
aim_on_dare__calib_general,candidate,instruction,reasoning_only,7,projected_js,0.07645065529504791,128
aim_on_dare__calib_general,candidate,instruction,reasoning_only,8,mmd_rbf,0.013848066329956055,128
aim_on_dare__calib_general,candidate,instruction,reasoning_only,8,projected_js,0.07467937673209235,128
aim_on_dare__calib_general,candidate,instruction,reasoning_only,9,mmd_rbf,0.013504830189049244,128
aim_on_dare__calib_general,candidate,instruction,reasoning_only,9,projected_js,0.07101813028566539,128
aim_on_dare__calib_general,candidate,instruction,reasoning_only,10,mmd_rbf,0.014989118091762066,128
aim_on_dare__calib_general,candidate,instruction,reasoning_only,10,projected_js,0.07425477198557928,128
aim_on_dare__calib_general,candidate,instruction,reasoning_only,11,mmd_rbf,0.01425850111991167,128
aim_on_dare__calib_general,candidate,instruction,reasoning_only,11,projected_js,0.07191307458560914,128
aim_on_dare__calib_general,candidate,instruction,reasoning_only,12,mmd_rbf,0.015082025900483131,128
aim_on_dare__calib_general,candidate,instruction,reasoning_only,12,projected_js,0.07602854026481509,128
aim_on_dare__calib_general,candidate,instruction,reasoning_only,13,mmd_rbf,0.01581408828496933,128
aim_on_dare__calib_general,candidate,instruction,reasoning_only,13,projected_js,0.07748072702088393,128
aim_on_dare__calib_general,candidate,instruction,reasoning_only,14,mmd_rbf,0.015967441722750664,128
aim_on_dare__calib_general,candidate,instruction,reasoning_only,14,projected_js,0.07508163334568962,128
aim_on_dare__calib_general,candidate,instruction,reasoning_only,15,mmd_rbf,0.01711989752948284,128
aim_on_dare__calib_general,candidate,instruction,reasoning_only,15,projected_js,0.0729045236366801,128
aim_on_dare__calib_general,candidate,instruction,reasoning_only,16,mmd_rbf,0.017435723915696144,128
aim_on_dare__calib_general,candidate,instruction,reasoning_only,16,projected_js,0.07911241514375433,128
aim_on_dare__calib_general,candidate,instruction,reasoning_only,17,mmd_rbf,0.01705191470682621,128
aim_on_dare__calib_general,candidate,instruction,reasoning_only,17,projected_js,0.07283867208752781,128
aim_on_dare__calib_general,candidate,instruction,reasoning_only,18,mmd_rbf,0.019545475021004677,128
aim_on_dare__calib_general,candidate,instruction,reasoning_only,18,projected_js,0.07513167674187571,128
aim_on_dare__calib_general,candidate,instruction,reasoning_only,19,mmd_rbf,0.019976641982793808,128
aim_on_dare__calib_general,candidate,instruction,reasoning_only,19,projected_js,0.07525419496232644,128
aim_on_dare__calib_general,candidate,instruction,reasoning_only,20,mmd_rbf,0.019917137920856476,128
aim_on_dare__calib_general,candidate,instruction,reasoning_only,20,projected_js,0.07575223594903946,128
aim_on_dare__calib_general,candidate,instruction,reasoning_only,21,mmd_rbf,0.020739583298563957,128
aim_on_dare__calib_general,candidate,instruction,reasoning_only,21,projected_js,0.079167295480147,128
aim_on_dare__calib_general,candidate,instruction,reasoning_only,22,mmd_rbf,0.019122591242194176,128
aim_on_dare__calib_general,candidate,instruction,reasoning_only,22,projected_js,0.07783499790821224,128
aim_on_dare__calib_general,candidate,instruction,reasoning_only,23,mmd_rbf,0.01652771607041359,128
aim_on_dare__calib_general,candidate,instruction,reasoning_only,23,projected_js,0.07655142369912937,128
aim_on_dare__calib_general,candidate,instruction,reasoning_only,24,mmd_rbf,0.017068684101104736,128
aim_on_dare__calib_general,candidate,instruction,reasoning_only,24,projected_js,0.07739321934059262,128
aim_on_dare__calib_general,candidate,instruction,reasoning_only,25,mmd_rbf,0.016159964725375175,128
aim_on_dare__calib_general,candidate,instruction,reasoning_only,25,projected_js,0.07721333805238828,128
aim_on_dare__calib_general,candidate,instruction,reasoning_only,26,mmd_rbf,0.016395777463912964,128
aim_on_dare__calib_general,candidate,instruction,reasoning_only,26,projected_js,0.072542667563539,128
aim_on_dare__calib_general,candidate,instruction,reasoning_only,27,mmd_rbf,0.01612483523786068,128
aim_on_dare__calib_general,candidate,instruction,reasoning_only,27,projected_js,0.07346092641819268,128
aim_on_dare__calib_general,candidate,instruction,reasoning_only,28,mmd_rbf,0.01640767604112625,128
aim_on_dare__calib_general,candidate,instruction,reasoning_only,28,projected_js,0.07366675022058189,128
aim_on_dare__calib_general,candidate,instruction,reasoning_only,29,mmd_rbf,0.01585465483367443,128
aim_on_dare__calib_general,candidate,instruction,reasoning_only,29,projected_js,0.07141475769458339,128
aim_on_dare__calib_general,candidate,instruction,reasoning_only,30,mmd_rbf,0.01626739837229252,128
aim_on_dare__calib_general,candidate,instruction,reasoning_only,30,projected_js,0.07238639664137736,128
aim_on_dare__calib_general,candidate,instruction,reasoning_only,31,mmd_rbf,0.016057481989264488,128
aim_on_dare__calib_general,candidate,instruction,reasoning_only,31,projected_js,0.07241839534253813,128
aim_on_dare__calib_general,candidate,instruction,reasoning_only,32,mmd_rbf,0.01572895608842373,128
aim_on_dare__calib_general,candidate,instruction,reasoning_only,32,projected_js,0.0735607668175362,128
aim_on_dare__calib_general,candidate,instruction,reasoning_only,33,mmd_rbf,0.014766876585781574,128
aim_on_dare__calib_general,candidate,instruction,reasoning_only,33,projected_js,0.07025197491748258,128
aim_on_dare__calib_general,candidate,instruction,reasoning_only,34,mmd_rbf,0.014954784885048866,128
aim_on_dare__calib_general,candidate,instruction,reasoning_only,34,projected_js,0.07064432336483151,128
aim_on_dare__calib_general,candidate,instruction,reasoning_only,35,mmd_rbf,0.021144844591617584,128
aim_on_dare__calib_general,candidate,instruction,reasoning_only,35,projected_js,0.07376350549748167,128
aim_on_dare__calib_general,candidate,instruction,uncensored_only,0,mmd_rbf,0.005102086346596479,128
aim_on_dare__calib_general,candidate,instruction,uncensored_only,0,projected_js,0.04511216482205782,128
aim_on_dare__calib_general,candidate,instruction,uncensored_only,1,mmd_rbf,0.12507030367851257,128
aim_on_dare__calib_general,candidate,instruction,uncensored_only,1,projected_js,0.14909586880821735,128
aim_on_dare__calib_general,candidate,instruction,uncensored_only,2,mmd_rbf,0.11161880940198898,128
aim_on_dare__calib_general,candidate,instruction,uncensored_only,2,projected_js,0.13438466977095231,128
aim_on_dare__calib_general,candidate,instruction,uncensored_only,3,mmd_rbf,0.08340471982955933,128
aim_on_dare__calib_general,candidate,instruction,uncensored_only,3,projected_js,0.11696206365013495,128
aim_on_dare__calib_general,candidate,instruction,uncensored_only,4,mmd_rbf,0.0607951283454895,128
aim_on_dare__calib_general,candidate,instruction,uncensored_only,4,projected_js,0.11195007193600759,128
aim_on_dare__calib_general,candidate,instruction,uncensored_only,5,mmd_rbf,0.04474464803934097,128
aim_on_dare__calib_general,candidate,instruction,uncensored_only,5,projected_js,0.09448600007453933,128
aim_on_dare__calib_general,candidate,instruction,uncensored_only,6,mmd_rbf,0.027035484090447426,128
aim_on_dare__calib_general,candidate,instruction,uncensored_only,6,projected_js,0.08363235869910568,128
aim_on_dare__calib_general,candidate,instruction,uncensored_only,7,mmd_rbf,0.021805724129080772,128
aim_on_dare__calib_general,candidate,instruction,uncensored_only,7,projected_js,0.07710459944792092,128
aim_on_dare__calib_general,candidate,instruction,uncensored_only,8,mmd_rbf,0.015187573619186878,128
aim_on_dare__calib_general,candidate,instruction,uncensored_only,8,projected_js,0.07340015930822119,128
aim_on_dare__calib_general,candidate,instruction,uncensored_only,9,mmd_rbf,0.01272505708038807,128
aim_on_dare__calib_general,candidate,instruction,uncensored_only,9,projected_js,0.06594141060486436,128
aim_on_dare__calib_general,candidate,instruction,uncensored_only,10,mmd_rbf,0.011486171744763851,128
aim_on_dare__calib_general,candidate,instruction,uncensored_only,10,projected_js,0.06958720835973509,128
aim_on_dare__calib_general,candidate,instruction,uncensored_only,11,mmd_rbf,0.009667711332440376,128
aim_on_dare__calib_general,candidate,instruction,uncensored_only,11,projected_js,0.067632637481438,128
aim_on_dare__calib_general,candidate,instruction,uncensored_only,12,mmd_rbf,0.009626716375350952,128
aim_on_dare__calib_general,candidate,instruction,uncensored_only,12,projected_js,0.06766174570657313,128
aim_on_dare__calib_general,candidate,instruction,uncensored_only,13,mmd_rbf,0.010053056292235851,128
aim_on_dare__calib_general,candidate,instruction,uncensored_only,13,projected_js,0.07119638752192259,128
aim_on_dare__calib_general,candidate,instruction,uncensored_only,14,mmd_rbf,0.010462080128490925,128
aim_on_dare__calib_general,candidate,instruction,uncensored_only,14,projected_js,0.06789904518518597,128
aim_on_dare__calib_general,candidate,instruction,uncensored_only,15,mmd_rbf,0.01224773284047842,128
aim_on_dare__calib_general,candidate,instruction,uncensored_only,15,projected_js,0.07335897447774187,128
aim_on_dare__calib_general,candidate,instruction,uncensored_only,16,mmd_rbf,0.012965256348252296,128
aim_on_dare__calib_general,candidate,instruction,uncensored_only,16,projected_js,0.07068637228803709,128
aim_on_dare__calib_general,candidate,instruction,uncensored_only,17,mmd_rbf,0.012553817592561245,128
aim_on_dare__calib_general,candidate,instruction,uncensored_only,17,projected_js,0.0672627963940613,128
aim_on_dare__calib_general,candidate,instruction,uncensored_only,18,mmd_rbf,0.01258836966007948,128
aim_on_dare__calib_general,candidate,instruction,uncensored_only,18,projected_js,0.07112477213377133,128
aim_on_dare__calib_general,candidate,instruction,uncensored_only,19,mmd_rbf,0.012478028424084187,128
aim_on_dare__calib_general,candidate,instruction,uncensored_only,19,projected_js,0.07125176017871127,128
aim_on_dare__calib_general,candidate,instruction,uncensored_only,20,mmd_rbf,0.012860535643994808,128
aim_on_dare__calib_general,candidate,instruction,uncensored_only,20,projected_js,0.06906076602172107,128
aim_on_dare__calib_general,candidate,instruction,uncensored_only,21,mmd_rbf,0.014041746035218239,128
aim_on_dare__calib_general,candidate,instruction,uncensored_only,21,projected_js,0.0727519589709118,128
aim_on_dare__calib_general,candidate,instruction,uncensored_only,22,mmd_rbf,0.015510273166000843,128
aim_on_dare__calib_general,candidate,instruction,uncensored_only,22,projected_js,0.07331047940533608,128
aim_on_dare__calib_general,candidate,instruction,uncensored_only,23,mmd_rbf,0.015564627014100552,128
aim_on_dare__calib_general,candidate,instruction,uncensored_only,23,projected_js,0.07649096573004499,128
aim_on_dare__calib_general,candidate,instruction,uncensored_only,24,mmd_rbf,0.016973240301012993,128
aim_on_dare__calib_general,candidate,instruction,uncensored_only,24,projected_js,0.07502439833479002,128
aim_on_dare__calib_general,candidate,instruction,uncensored_only,25,mmd_rbf,0.017630914226174355,128
aim_on_dare__calib_general,candidate,instruction,uncensored_only,25,projected_js,0.07956815959187225,128
aim_on_dare__calib_general,candidate,instruction,uncensored_only,26,mmd_rbf,0.017956173047423363,128
aim_on_dare__calib_general,candidate,instruction,uncensored_only,26,projected_js,0.0740936707588844,128
aim_on_dare__calib_general,candidate,instruction,uncensored_only,27,mmd_rbf,0.017867228016257286,128
aim_on_dare__calib_general,candidate,instruction,uncensored_only,27,projected_js,0.07488907978404313,128
aim_on_dare__calib_general,candidate,instruction,uncensored_only,28,mmd_rbf,0.01600468158721924,128
aim_on_dare__calib_general,candidate,instruction,uncensored_only,28,projected_js,0.07264370383927599,128
aim_on_dare__calib_general,candidate,instruction,uncensored_only,29,mmd_rbf,0.015104946680366993,128
aim_on_dare__calib_general,candidate,instruction,uncensored_only,29,projected_js,0.07497294817585498,128
aim_on_dare__calib_general,candidate,instruction,uncensored_only,30,mmd_rbf,0.015175468288362026,128
aim_on_dare__calib_general,candidate,instruction,uncensored_only,30,projected_js,0.07203484716592357,128
aim_on_dare__calib_general,candidate,instruction,uncensored_only,31,mmd_rbf,0.014626683667302132,128
aim_on_dare__calib_general,candidate,instruction,uncensored_only,31,projected_js,0.07021051715128124,128
aim_on_dare__calib_general,candidate,instruction,uncensored_only,32,mmd_rbf,0.014485630206763744,128
aim_on_dare__calib_general,candidate,instruction,uncensored_only,32,projected_js,0.07231773145031184,128
aim_on_dare__calib_general,candidate,instruction,uncensored_only,33,mmd_rbf,0.014474357478320599,128
aim_on_dare__calib_general,candidate,instruction,uncensored_only,33,projected_js,0.06828853493789211,128
aim_on_dare__calib_general,candidate,instruction,uncensored_only,34,mmd_rbf,0.016021227464079857,128
aim_on_dare__calib_general,candidate,instruction,uncensored_only,34,projected_js,0.0721744829788804,128
aim_on_dare__calib_general,candidate,instruction,uncensored_only,35,mmd_rbf,0.04477931186556816,128
aim_on_dare__calib_general,candidate,instruction,uncensored_only,35,projected_js,0.09285681723849848,128
aim_on_dare__calib_general,candidate,reasoning,base,0,mmd_rbf,0.002027505775913596,128
aim_on_dare__calib_general,candidate,reasoning,base,0,projected_js,0.04166789769078605,128
aim_on_dare__calib_general,candidate,reasoning,base,1,mmd_rbf,0.005053271539509296,128
aim_on_dare__calib_general,candidate,reasoning,base,1,projected_js,0.04659689124673605,128
aim_on_dare__calib_general,candidate,reasoning,base,2,mmd_rbf,0.005446009337902069,128
aim_on_dare__calib_general,candidate,reasoning,base,2,projected_js,0.04749769112095237,128
aim_on_dare__calib_general,candidate,reasoning,base,3,mmd_rbf,0.006352414842694998,128
aim_on_dare__calib_general,candidate,reasoning,base,3,projected_js,0.05605150619521737,128
aim_on_dare__calib_general,candidate,reasoning,base,4,mmd_rbf,0.006378957070410252,128
aim_on_dare__calib_general,candidate,reasoning,base,4,projected_js,0.05428649531677365,128
aim_on_dare__calib_general,candidate,reasoning,base,5,mmd_rbf,0.005762780550867319,128
aim_on_dare__calib_general,candidate,reasoning,base,5,projected_js,0.05109238886507228,128
aim_on_dare__calib_general,candidate,reasoning,base,6,mmd_rbf,0.004564858507364988,128
aim_on_dare__calib_general,candidate,reasoning,base,6,projected_js,0.051000422798097134,128
aim_on_dare__calib_general,candidate,reasoning,base,7,mmd_rbf,0.0044500865042209625,128
aim_on_dare__calib_general,candidate,reasoning,base,7,projected_js,0.05558733889483847,128
aim_on_dare__calib_general,candidate,reasoning,base,8,mmd_rbf,0.00418056407943368,128
aim_on_dare__calib_general,candidate,reasoning,base,8,projected_js,0.05633559811394662,128
aim_on_dare__calib_general,candidate,reasoning,base,9,mmd_rbf,0.004402135033160448,128
aim_on_dare__calib_general,candidate,reasoning,base,9,projected_js,0.05602661467855796,128
aim_on_dare__calib_general,candidate,reasoning,base,10,mmd_rbf,0.00483329501003027,128
aim_on_dare__calib_general,candidate,reasoning,base,10,projected_js,0.05378187881433405,128
aim_on_dare__calib_general,candidate,reasoning,base,11,mmd_rbf,0.004706559237092733,128
aim_on_dare__calib_general,candidate,reasoning,base,11,projected_js,0.053705803118646145,128
aim_on_dare__calib_general,candidate,reasoning,base,12,mmd_rbf,0.004947825334966183,128
aim_on_dare__calib_general,candidate,reasoning,base,12,projected_js,0.05634612563881092,128
aim_on_dare__calib_general,candidate,reasoning,base,13,mmd_rbf,0.005049107130616903,128
aim_on_dare__calib_general,candidate,reasoning,base,13,projected_js,0.05884694907581434,128
aim_on_dare__calib_general,candidate,reasoning,base,14,mmd_rbf,0.005243280436843634,128
aim_on_dare__calib_general,candidate,reasoning,base,14,projected_js,0.05652036709943786,128
aim_on_dare__calib_general,candidate,reasoning,base,15,mmd_rbf,0.005680890288203955,128
aim_on_dare__calib_general,candidate,reasoning,base,15,projected_js,0.056452185090165585,128
aim_on_dare__calib_general,candidate,reasoning,base,16,mmd_rbf,0.0062497565522789955,128
aim_on_dare__calib_general,candidate,reasoning,base,16,projected_js,0.06084350973833352,128
aim_on_dare__calib_general,candidate,reasoning,base,17,mmd_rbf,0.006164040882140398,128
aim_on_dare__calib_general,candidate,reasoning,base,17,projected_js,0.057855373073834926,128
aim_on_dare__calib_general,candidate,reasoning,base,18,mmd_rbf,0.006571113597601652,128
aim_on_dare__calib_general,candidate,reasoning,base,18,projected_js,0.059711309731937945,128
aim_on_dare__calib_general,candidate,reasoning,base,19,mmd_rbf,0.006847705692052841,128
aim_on_dare__calib_general,candidate,reasoning,base,19,projected_js,0.06205756246345118,128
aim_on_dare__calib_general,candidate,reasoning,base,20,mmd_rbf,0.006678217556327581,128
aim_on_dare__calib_general,candidate,reasoning,base,20,projected_js,0.0600669349078089,128
aim_on_dare__calib_general,candidate,reasoning,base,21,mmd_rbf,0.0068448381498456,128
aim_on_dare__calib_general,candidate,reasoning,base,21,projected_js,0.061543275020085275,128
aim_on_dare__calib_general,candidate,reasoning,base,22,mmd_rbf,0.006425062660127878,128
aim_on_dare__calib_general,candidate,reasoning,base,22,projected_js,0.056611907260958105,128
aim_on_dare__calib_general,candidate,reasoning,base,23,mmd_rbf,0.0062137325294315815,128
aim_on_dare__calib_general,candidate,reasoning,base,23,projected_js,0.05701152718393132,128
aim_on_dare__calib_general,candidate,reasoning,base,24,mmd_rbf,0.005708657205104828,128
aim_on_dare__calib_general,candidate,reasoning,base,24,projected_js,0.056430029682815075,128
aim_on_dare__calib_general,candidate,reasoning,base,25,mmd_rbf,0.005449664779007435,128
aim_on_dare__calib_general,candidate,reasoning,base,25,projected_js,0.06014411960495636,128
aim_on_dare__calib_general,candidate,reasoning,base,26,mmd_rbf,0.005325352307409048,128
aim_on_dare__calib_general,candidate,reasoning,base,26,projected_js,0.06218191617517732,128
aim_on_dare__calib_general,candidate,reasoning,base,27,mmd_rbf,0.00533824460580945,128
aim_on_dare__calib_general,candidate,reasoning,base,27,projected_js,0.05910226819105446,128
aim_on_dare__calib_general,candidate,reasoning,base,28,mmd_rbf,0.005427127238363028,128
aim_on_dare__calib_general,candidate,reasoning,base,28,projected_js,0.06073291547363624,128
aim_on_dare__calib_general,candidate,reasoning,base,29,mmd_rbf,0.005536270793527365,128
aim_on_dare__calib_general,candidate,reasoning,base,29,projected_js,0.06227133935317397,128
aim_on_dare__calib_general,candidate,reasoning,base,30,mmd_rbf,0.005599097814410925,128
aim_on_dare__calib_general,candidate,reasoning,base,30,projected_js,0.0593806054093875,128
aim_on_dare__calib_general,candidate,reasoning,base,31,mmd_rbf,0.005626642145216465,128
aim_on_dare__calib_general,candidate,reasoning,base,31,projected_js,0.05726709880400449,128
aim_on_dare__calib_general,candidate,reasoning,base,32,mmd_rbf,0.0060446057468652725,128
aim_on_dare__calib_general,candidate,reasoning,base,32,projected_js,0.059127471409738064,128
aim_on_dare__calib_general,candidate,reasoning,base,33,mmd_rbf,0.006396197713911533,128
aim_on_dare__calib_general,candidate,reasoning,base,33,projected_js,0.061129034438636154,128
aim_on_dare__calib_general,candidate,reasoning,base,34,mmd_rbf,0.009355626069009304,128
aim_on_dare__calib_general,candidate,reasoning,base,34,projected_js,0.06393479416146874,128
aim_on_dare__calib_general,candidate,reasoning,base,35,mmd_rbf,0.04390978813171387,128
aim_on_dare__calib_general,candidate,reasoning,base,35,projected_js,0.09085045324172825,128
aim_on_dare__calib_general,candidate,reasoning,instr_only,0,mmd_rbf,0.0010590404272079468,128
aim_on_dare__calib_general,candidate,reasoning,instr_only,0,projected_js,0.03339351172326133,128
aim_on_dare__calib_general,candidate,reasoning,instr_only,1,mmd_rbf,0.0028128684498369694,128
aim_on_dare__calib_general,candidate,reasoning,instr_only,1,projected_js,0.03755021310644224,128
aim_on_dare__calib_general,candidate,reasoning,instr_only,2,mmd_rbf,0.003321646247059107,128
aim_on_dare__calib_general,candidate,reasoning,instr_only,2,projected_js,0.04189738497370854,128
aim_on_dare__calib_general,candidate,reasoning,instr_only,3,mmd_rbf,0.00331345503218472,128
aim_on_dare__calib_general,candidate,reasoning,instr_only,3,projected_js,0.044465603976277635,128
aim_on_dare__calib_general,candidate,reasoning,instr_only,4,mmd_rbf,0.0028750598430633545,128
aim_on_dare__calib_general,candidate,reasoning,instr_only,4,projected_js,0.04153299442259595,128
aim_on_dare__calib_general,candidate,reasoning,instr_only,5,mmd_rbf,0.0025872797705233097,128
aim_on_dare__calib_general,candidate,reasoning,instr_only,5,projected_js,0.04119534355413634,128
aim_on_dare__calib_general,candidate,reasoning,instr_only,6,mmd_rbf,0.0018845930462703109,128
aim_on_dare__calib_general,candidate,reasoning,instr_only,6,projected_js,0.043037983821704984,128
aim_on_dare__calib_general,candidate,reasoning,instr_only,7,mmd_rbf,0.0017298090970143676,128
aim_on_dare__calib_general,candidate,reasoning,instr_only,7,projected_js,0.04433119058376178,128
aim_on_dare__calib_general,candidate,reasoning,instr_only,8,mmd_rbf,0.0015583325875923038,128
aim_on_dare__calib_general,candidate,reasoning,instr_only,8,projected_js,0.04933980799978599,128
aim_on_dare__calib_general,candidate,reasoning,instr_only,9,mmd_rbf,0.0015665109967812896,128
aim_on_dare__calib_general,candidate,reasoning,instr_only,9,projected_js,0.046073420031461865,128
aim_on_dare__calib_general,candidate,reasoning,instr_only,10,mmd_rbf,0.001650835620239377,128
aim_on_dare__calib_general,candidate,reasoning,instr_only,10,projected_js,0.04697491254773922,128
aim_on_dare__calib_general,candidate,reasoning,instr_only,11,mmd_rbf,0.001576647162437439,128
aim_on_dare__calib_general,candidate,reasoning,instr_only,11,projected_js,0.04771928270929493,128
aim_on_dare__calib_general,candidate,reasoning,instr_only,12,mmd_rbf,0.0017229162622243166,128
aim_on_dare__calib_general,candidate,reasoning,instr_only,12,projected_js,0.04916215629782528,128
aim_on_dare__calib_general,candidate,reasoning,instr_only,13,mmd_rbf,0.00184811616782099,128
aim_on_dare__calib_general,candidate,reasoning,instr_only,13,projected_js,0.052582713309675455,128
aim_on_dare__calib_general,candidate,reasoning,instr_only,14,mmd_rbf,0.0019014723366126418,128
aim_on_dare__calib_general,candidate,reasoning,instr_only,14,projected_js,0.050907711003674194,128
aim_on_dare__calib_general,candidate,reasoning,instr_only,15,mmd_rbf,0.002138308482244611,128
aim_on_dare__calib_general,candidate,reasoning,instr_only,15,projected_js,0.0522346009965986,128
aim_on_dare__calib_general,candidate,reasoning,instr_only,16,mmd_rbf,0.002274584723636508,128
aim_on_dare__calib_general,candidate,reasoning,instr_only,16,projected_js,0.05482131685130298,128
aim_on_dare__calib_general,candidate,reasoning,instr_only,17,mmd_rbf,0.0023944571148604155,128
aim_on_dare__calib_general,candidate,reasoning,instr_only,17,projected_js,0.05420280862017535,128
aim_on_dare__calib_general,candidate,reasoning,instr_only,18,mmd_rbf,0.0024432619102299213,128
aim_on_dare__calib_general,candidate,reasoning,instr_only,18,projected_js,0.05306839584955014,128
aim_on_dare__calib_general,candidate,reasoning,instr_only,19,mmd_rbf,0.0026410704012960196,128
aim_on_dare__calib_general,candidate,reasoning,instr_only,19,projected_js,0.05467496663914062,128
aim_on_dare__calib_general,candidate,reasoning,instr_only,20,mmd_rbf,0.002687180181965232,128
aim_on_dare__calib_general,candidate,reasoning,instr_only,20,projected_js,0.05296369781717658,128
aim_on_dare__calib_general,candidate,reasoning,instr_only,21,mmd_rbf,0.002730052685365081,128
aim_on_dare__calib_general,candidate,reasoning,instr_only,21,projected_js,0.05389855333487503,128
aim_on_dare__calib_general,candidate,reasoning,instr_only,22,mmd_rbf,0.0028651205357164145,128
aim_on_dare__calib_general,candidate,reasoning,instr_only,22,projected_js,0.051257430226542056,128
aim_on_dare__calib_general,candidate,reasoning,instr_only,23,mmd_rbf,0.0028413727413862944,128
aim_on_dare__calib_general,candidate,reasoning,instr_only,23,projected_js,0.05224565716343932,128
aim_on_dare__calib_general,candidate,reasoning,instr_only,24,mmd_rbf,0.0028613272588700056,128
aim_on_dare__calib_general,candidate,reasoning,instr_only,24,projected_js,0.05455211567459628,128
aim_on_dare__calib_general,candidate,reasoning,instr_only,25,mmd_rbf,0.002822085050866008,128
aim_on_dare__calib_general,candidate,reasoning,instr_only,25,projected_js,0.05091085520689376,128
aim_on_dare__calib_general,candidate,reasoning,instr_only,26,mmd_rbf,0.0028588511049747467,128
aim_on_dare__calib_general,candidate,reasoning,instr_only,26,projected_js,0.05644510156707838,128
aim_on_dare__calib_general,candidate,reasoning,instr_only,27,mmd_rbf,0.0029250613879412413,128
aim_on_dare__calib_general,candidate,reasoning,instr_only,27,projected_js,0.05343334685312584,128
aim_on_dare__calib_general,candidate,reasoning,instr_only,28,mmd_rbf,0.0029836089815944433,128
aim_on_dare__calib_general,candidate,reasoning,instr_only,28,projected_js,0.052817698975559324,128
aim_on_dare__calib_general,candidate,reasoning,instr_only,29,mmd_rbf,0.00297029921784997,128
aim_on_dare__calib_general,candidate,reasoning,instr_only,29,projected_js,0.05279428232461214,128
aim_on_dare__calib_general,candidate,reasoning,instr_only,30,mmd_rbf,0.0030483806040138006,128
aim_on_dare__calib_general,candidate,reasoning,instr_only,30,projected_js,0.054263711092062294,128
aim_on_dare__calib_general,candidate,reasoning,instr_only,31,mmd_rbf,0.003236380172893405,128
aim_on_dare__calib_general,candidate,reasoning,instr_only,31,projected_js,0.05354697071015835,128
aim_on_dare__calib_general,candidate,reasoning,instr_only,32,mmd_rbf,0.003340085968375206,128
aim_on_dare__calib_general,candidate,reasoning,instr_only,32,projected_js,0.05257257018820383,128
aim_on_dare__calib_general,candidate,reasoning,instr_only,33,mmd_rbf,0.003486750414595008,128
aim_on_dare__calib_general,candidate,reasoning,instr_only,33,projected_js,0.05611773338750936,128
aim_on_dare__calib_general,candidate,reasoning,instr_only,34,mmd_rbf,0.0043795425444841385,128
aim_on_dare__calib_general,candidate,reasoning,instr_only,34,projected_js,0.057726374943740666,128
aim_on_dare__calib_general,candidate,reasoning,instr_only,35,mmd_rbf,0.022710666060447693,128
aim_on_dare__calib_general,candidate,reasoning,instr_only,35,projected_js,0.07218314951751381,128
aim_on_dare__calib_general,candidate,reasoning,reasoning_only,0,mmd_rbf,0.004496520850807428,128
aim_on_dare__calib_general,candidate,reasoning,reasoning_only,0,projected_js,0.04886344209080562,128
aim_on_dare__calib_general,candidate,reasoning,reasoning_only,1,mmd_rbf,0.007746453862637281,128
aim_on_dare__calib_general,candidate,reasoning,reasoning_only,1,projected_js,0.05593111345660873,128
aim_on_dare__calib_general,candidate,reasoning,reasoning_only,2,mmd_rbf,0.013749328441917896,128
aim_on_dare__calib_general,candidate,reasoning,reasoning_only,2,projected_js,0.0662644172552973,128
aim_on_dare__calib_general,candidate,reasoning,reasoning_only,3,mmd_rbf,0.016559863463044167,128
aim_on_dare__calib_general,candidate,reasoning,reasoning_only,3,projected_js,0.06786936236312613,128
aim_on_dare__calib_general,candidate,reasoning,reasoning_only,4,mmd_rbf,0.01577187515795231,128
aim_on_dare__calib_general,candidate,reasoning,reasoning_only,4,projected_js,0.06891726504545659,128
aim_on_dare__calib_general,candidate,reasoning,reasoning_only,5,mmd_rbf,0.014795434661209583,128
aim_on_dare__calib_general,candidate,reasoning,reasoning_only,5,projected_js,0.066656617942499,128
aim_on_dare__calib_general,candidate,reasoning,reasoning_only,6,mmd_rbf,0.011129995808005333,128
aim_on_dare__calib_general,candidate,reasoning,reasoning_only,6,projected_js,0.06316329271066934,128
aim_on_dare__calib_general,candidate,reasoning,reasoning_only,7,mmd_rbf,0.011655939742922783,128
aim_on_dare__calib_general,candidate,reasoning,reasoning_only,7,projected_js,0.067767862114124,128
aim_on_dare__calib_general,candidate,reasoning,reasoning_only,8,mmd_rbf,0.010307610034942627,128
aim_on_dare__calib_general,candidate,reasoning,reasoning_only,8,projected_js,0.06392840325133875,128
aim_on_dare__calib_general,candidate,reasoning,reasoning_only,9,mmd_rbf,0.01045054942369461,128
aim_on_dare__calib_general,candidate,reasoning,reasoning_only,9,projected_js,0.06649067011312582,128
aim_on_dare__calib_general,candidate,reasoning,reasoning_only,10,mmd_rbf,0.011184204369783401,128
aim_on_dare__calib_general,candidate,reasoning,reasoning_only,10,projected_js,0.06579806364607066,128
aim_on_dare__calib_general,candidate,reasoning,reasoning_only,11,mmd_rbf,0.010540636256337166,128
aim_on_dare__calib_general,candidate,reasoning,reasoning_only,11,projected_js,0.06392420816700906,128
aim_on_dare__calib_general,candidate,reasoning,reasoning_only,12,mmd_rbf,0.010611671023070812,128
aim_on_dare__calib_general,candidate,reasoning,reasoning_only,12,projected_js,0.06726639054249972,128
aim_on_dare__calib_general,candidate,reasoning,reasoning_only,13,mmd_rbf,0.010902543552219868,128
aim_on_dare__calib_general,candidate,reasoning,reasoning_only,13,projected_js,0.06686326576163992,128
aim_on_dare__calib_general,candidate,reasoning,reasoning_only,14,mmd_rbf,0.01094474084675312,128
aim_on_dare__calib_general,candidate,reasoning,reasoning_only,14,projected_js,0.06548892823047936,128
aim_on_dare__calib_general,candidate,reasoning,reasoning_only,15,mmd_rbf,0.012030454352498055,128
aim_on_dare__calib_general,candidate,reasoning,reasoning_only,15,projected_js,0.06461153450072743,128
aim_on_dare__calib_general,candidate,reasoning,reasoning_only,16,mmd_rbf,0.012355088256299496,128
aim_on_dare__calib_general,candidate,reasoning,reasoning_only,16,projected_js,0.06641862046672031,128
aim_on_dare__calib_general,candidate,reasoning,reasoning_only,17,mmd_rbf,0.011837874539196491,128
aim_on_dare__calib_general,candidate,reasoning,reasoning_only,17,projected_js,0.06438338238513097,128
aim_on_dare__calib_general,candidate,reasoning,reasoning_only,18,mmd_rbf,0.013340773060917854,128
aim_on_dare__calib_general,candidate,reasoning,reasoning_only,18,projected_js,0.06534121365984902,128
aim_on_dare__calib_general,candidate,reasoning,reasoning_only,19,mmd_rbf,0.012570897117257118,128
aim_on_dare__calib_general,candidate,reasoning,reasoning_only,19,projected_js,0.06709260051138699,128
aim_on_dare__calib_general,candidate,reasoning,reasoning_only,20,mmd_rbf,0.012018533423542976,128
aim_on_dare__calib_general,candidate,reasoning,reasoning_only,20,projected_js,0.06913230786449276,128
aim_on_dare__calib_general,candidate,reasoning,reasoning_only,21,mmd_rbf,0.012422670610249043,128
aim_on_dare__calib_general,candidate,reasoning,reasoning_only,21,projected_js,0.06734248844441026,128
aim_on_dare__calib_general,candidate,reasoning,reasoning_only,22,mmd_rbf,0.010557780973613262,128
aim_on_dare__calib_general,candidate,reasoning,reasoning_only,22,projected_js,0.06743177003227174,128
aim_on_dare__calib_general,candidate,reasoning,reasoning_only,23,mmd_rbf,0.00860136840492487,128
aim_on_dare__calib_general,candidate,reasoning,reasoning_only,23,projected_js,0.06370391702512279,128
aim_on_dare__calib_general,candidate,reasoning,reasoning_only,24,mmd_rbf,0.008191095665097237,128
aim_on_dare__calib_general,candidate,reasoning,reasoning_only,24,projected_js,0.061430847097653896,128
aim_on_dare__calib_general,candidate,reasoning,reasoning_only,25,mmd_rbf,0.007251967675983906,128
aim_on_dare__calib_general,candidate,reasoning,reasoning_only,25,projected_js,0.06166673987172544,128
aim_on_dare__calib_general,candidate,reasoning,reasoning_only,26,mmd_rbf,0.006817777641117573,128
aim_on_dare__calib_general,candidate,reasoning,reasoning_only,26,projected_js,0.06459766515763476,128
aim_on_dare__calib_general,candidate,reasoning,reasoning_only,27,mmd_rbf,0.006638066377490759,128
aim_on_dare__calib_general,candidate,reasoning,reasoning_only,27,projected_js,0.05882426834432408,128
aim_on_dare__calib_general,candidate,reasoning,reasoning_only,28,mmd_rbf,0.006857267115265131,128
aim_on_dare__calib_general,candidate,reasoning,reasoning_only,28,projected_js,0.06203939480474219,128
aim_on_dare__calib_general,candidate,reasoning,reasoning_only,29,mmd_rbf,0.006795190274715424,128
aim_on_dare__calib_general,candidate,reasoning,reasoning_only,29,projected_js,0.06103049562079832,128
aim_on_dare__calib_general,candidate,reasoning,reasoning_only,30,mmd_rbf,0.0070451050996780396,128
aim_on_dare__calib_general,candidate,reasoning,reasoning_only,30,projected_js,0.061335056263487786,128
aim_on_dare__calib_general,candidate,reasoning,reasoning_only,31,mmd_rbf,0.007217982318252325,128
aim_on_dare__calib_general,candidate,reasoning,reasoning_only,31,projected_js,0.06251425459049642,128
aim_on_dare__calib_general,candidate,reasoning,reasoning_only,32,mmd_rbf,0.0072934613563120365,128
aim_on_dare__calib_general,candidate,reasoning,reasoning_only,32,projected_js,0.06086914596380666,128
aim_on_dare__calib_general,candidate,reasoning,reasoning_only,33,mmd_rbf,0.007544479798525572,128
aim_on_dare__calib_general,candidate,reasoning,reasoning_only,33,projected_js,0.06290147657273337,128
aim_on_dare__calib_general,candidate,reasoning,reasoning_only,34,mmd_rbf,0.008365712128579617,128
aim_on_dare__calib_general,candidate,reasoning,reasoning_only,34,projected_js,0.060979981848504394,128
aim_on_dare__calib_general,candidate,reasoning,reasoning_only,35,mmd_rbf,0.03220843896269798,128
aim_on_dare__calib_general,candidate,reasoning,reasoning_only,35,projected_js,0.08038176241097972,128
aim_on_dare__calib_general,candidate,reasoning,uncensored_only,0,mmd_rbf,0.0027878344990313053,128
aim_on_dare__calib_general,candidate,reasoning,uncensored_only,0,projected_js,0.037144402413105126,128
aim_on_dare__calib_general,candidate,reasoning,uncensored_only,1,mmd_rbf,0.07782890647649765,128
aim_on_dare__calib_general,candidate,reasoning,uncensored_only,1,projected_js,0.1153757349238731,128
aim_on_dare__calib_general,candidate,reasoning,uncensored_only,2,mmd_rbf,0.07335033267736435,128
aim_on_dare__calib_general,candidate,reasoning,uncensored_only,2,projected_js,0.10530525664216839,128
aim_on_dare__calib_general,candidate,reasoning,uncensored_only,3,mmd_rbf,0.055488526821136475,128
aim_on_dare__calib_general,candidate,reasoning,uncensored_only,3,projected_js,0.09849132772069424,128
aim_on_dare__calib_general,candidate,reasoning,uncensored_only,4,mmd_rbf,0.03763541206717491,128
aim_on_dare__calib_general,candidate,reasoning,uncensored_only,4,projected_js,0.09055892992182635,128
aim_on_dare__calib_general,candidate,reasoning,uncensored_only,5,mmd_rbf,0.02439146861433983,128
aim_on_dare__calib_general,candidate,reasoning,uncensored_only,5,projected_js,0.08052824926562607,128
aim_on_dare__calib_general,candidate,reasoning,uncensored_only,6,mmd_rbf,0.014763905666768551,128
aim_on_dare__calib_general,candidate,reasoning,uncensored_only,6,projected_js,0.06703761225799099,128
aim_on_dare__calib_general,candidate,reasoning,uncensored_only,7,mmd_rbf,0.013055666349828243,128
aim_on_dare__calib_general,candidate,reasoning,uncensored_only,7,projected_js,0.0683437351253815,128
aim_on_dare__calib_general,candidate,reasoning,uncensored_only,8,mmd_rbf,0.010159628465771675,128
aim_on_dare__calib_general,candidate,reasoning,uncensored_only,8,projected_js,0.0632635256042704,128
aim_on_dare__calib_general,candidate,reasoning,uncensored_only,9,mmd_rbf,0.008734284900128841,128
aim_on_dare__calib_general,candidate,reasoning,uncensored_only,9,projected_js,0.06138445928809233,128
aim_on_dare__calib_general,candidate,reasoning,uncensored_only,10,mmd_rbf,0.007897639647126198,128
aim_on_dare__calib_general,candidate,reasoning,uncensored_only,10,projected_js,0.056620186631334946,128
aim_on_dare__calib_general,candidate,reasoning,uncensored_only,11,mmd_rbf,0.0068204402923583984,128
aim_on_dare__calib_general,candidate,reasoning,uncensored_only,11,projected_js,0.05996294101350941,128
aim_on_dare__calib_general,candidate,reasoning,uncensored_only,12,mmd_rbf,0.006838611792773008,128
aim_on_dare__calib_general,candidate,reasoning,uncensored_only,12,projected_js,0.0613979377085343,128
aim_on_dare__calib_general,candidate,reasoning,uncensored_only,13,mmd_rbf,0.007098519708961248,128
aim_on_dare__calib_general,candidate,reasoning,uncensored_only,13,projected_js,0.06241788319312036,128
aim_on_dare__calib_general,candidate,reasoning,uncensored_only,14,mmd_rbf,0.007344305515289307,128
aim_on_dare__calib_general,candidate,reasoning,uncensored_only,14,projected_js,0.06102081623976119,128
aim_on_dare__calib_general,candidate,reasoning,uncensored_only,15,mmd_rbf,0.008702736347913742,128
aim_on_dare__calib_general,candidate,reasoning,uncensored_only,15,projected_js,0.06189440458547324,128
aim_on_dare__calib_general,candidate,reasoning,uncensored_only,16,mmd_rbf,0.009557406418025494,128
aim_on_dare__calib_general,candidate,reasoning,uncensored_only,16,projected_js,0.06194136803969741,128
aim_on_dare__calib_general,candidate,reasoning,uncensored_only,17,mmd_rbf,0.009447427466511726,128
aim_on_dare__calib_general,candidate,reasoning,uncensored_only,17,projected_js,0.05964879272505641,128
aim_on_dare__calib_general,candidate,reasoning,uncensored_only,18,mmd_rbf,0.009417853318154812,128
aim_on_dare__calib_general,candidate,reasoning,uncensored_only,18,projected_js,0.060699784429743886,128
aim_on_dare__calib_general,candidate,reasoning,uncensored_only,19,mmd_rbf,0.009283690713346004,128
aim_on_dare__calib_general,candidate,reasoning,uncensored_only,19,projected_js,0.06428967684041709,128
aim_on_dare__calib_general,candidate,reasoning,uncensored_only,20,mmd_rbf,0.009378679096698761,128
aim_on_dare__calib_general,candidate,reasoning,uncensored_only,20,projected_js,0.06188487954204902,128
aim_on_dare__calib_general,candidate,reasoning,uncensored_only,21,mmd_rbf,0.00998323131352663,128
aim_on_dare__calib_general,candidate,reasoning,uncensored_only,21,projected_js,0.06199540419038385,128
aim_on_dare__calib_general,candidate,reasoning,uncensored_only,22,mmd_rbf,0.010249998420476913,128
aim_on_dare__calib_general,candidate,reasoning,uncensored_only,22,projected_js,0.06346246338216588,128
aim_on_dare__calib_general,candidate,reasoning,uncensored_only,23,mmd_rbf,0.010022355243563652,128
aim_on_dare__calib_general,candidate,reasoning,uncensored_only,23,projected_js,0.06477739528054371,128
aim_on_dare__calib_general,candidate,reasoning,uncensored_only,24,mmd_rbf,0.009966325014829636,128
aim_on_dare__calib_general,candidate,reasoning,uncensored_only,24,projected_js,0.0648522325209342,128
aim_on_dare__calib_general,candidate,reasoning,uncensored_only,25,mmd_rbf,0.010042835958302021,128
aim_on_dare__calib_general,candidate,reasoning,uncensored_only,25,projected_js,0.06666819908423349,128
aim_on_dare__calib_general,candidate,reasoning,uncensored_only,26,mmd_rbf,0.010012971237301826,128
aim_on_dare__calib_general,candidate,reasoning,uncensored_only,26,projected_js,0.06842483027139679,128
aim_on_dare__calib_general,candidate,reasoning,uncensored_only,27,mmd_rbf,0.01016978919506073,128
aim_on_dare__calib_general,candidate,reasoning,uncensored_only,27,projected_js,0.0633196058915928,128
aim_on_dare__calib_general,candidate,reasoning,uncensored_only,28,mmd_rbf,0.009767696261405945,128
aim_on_dare__calib_general,candidate,reasoning,uncensored_only,28,projected_js,0.06536426418460906,128
aim_on_dare__calib_general,candidate,reasoning,uncensored_only,29,mmd_rbf,0.009859573096036911,128
aim_on_dare__calib_general,candidate,reasoning,uncensored_only,29,projected_js,0.06550872226944193,128
aim_on_dare__calib_general,candidate,reasoning,uncensored_only,30,mmd_rbf,0.010123911313712597,128
aim_on_dare__calib_general,candidate,reasoning,uncensored_only,30,projected_js,0.06502130557782948,128
aim_on_dare__calib_general,candidate,reasoning,uncensored_only,31,mmd_rbf,0.010096482932567596,128
aim_on_dare__calib_general,candidate,reasoning,uncensored_only,31,projected_js,0.06197627683286555,128
aim_on_dare__calib_general,candidate,reasoning,uncensored_only,32,mmd_rbf,0.010267926380038261,128
aim_on_dare__calib_general,candidate,reasoning,uncensored_only,32,projected_js,0.06515557522652671,128
aim_on_dare__calib_general,candidate,reasoning,uncensored_only,33,mmd_rbf,0.010495706461369991,128
aim_on_dare__calib_general,candidate,reasoning,uncensored_only,33,projected_js,0.06420566322049126,128
aim_on_dare__calib_general,candidate,reasoning,uncensored_only,34,mmd_rbf,0.011240044608712196,128
aim_on_dare__calib_general,candidate,reasoning,uncensored_only,34,projected_js,0.06482097576372325,128
aim_on_dare__calib_general,candidate,reasoning,uncensored_only,35,mmd_rbf,0.02933969534933567,128
aim_on_dare__calib_general,candidate,reasoning,uncensored_only,35,projected_js,0.07719747826922685,128
aim_on_dare__calib_general,candidate,uncensored_refusal_like,base,0,mmd_rbf,0.008668369613587856,128
aim_on_dare__calib_general,candidate,uncensored_refusal_like,base,0,projected_js,0.05484967210213654,128
aim_on_dare__calib_general,candidate,uncensored_refusal_like,base,1,mmd_rbf,0.01731586828827858,128
aim_on_dare__calib_general,candidate,uncensored_refusal_like,base,1,projected_js,0.06895776867168024,128
aim_on_dare__calib_general,candidate,uncensored_refusal_like,base,2,mmd_rbf,0.018506430089473724,128
aim_on_dare__calib_general,candidate,uncensored_refusal_like,base,2,projected_js,0.062429772049654275,128
aim_on_dare__calib_general,candidate,uncensored_refusal_like,base,3,mmd_rbf,0.027165710926055908,128
aim_on_dare__calib_general,candidate,uncensored_refusal_like,base,3,projected_js,0.08077240025158972,128
aim_on_dare__calib_general,candidate,uncensored_refusal_like,base,4,mmd_rbf,0.026191264390945435,128
aim_on_dare__calib_general,candidate,uncensored_refusal_like,base,4,projected_js,0.07869516062783077,128
aim_on_dare__calib_general,candidate,uncensored_refusal_like,base,5,mmd_rbf,0.027050042524933815,128
aim_on_dare__calib_general,candidate,uncensored_refusal_like,base,5,projected_js,0.07985702322912402,128
aim_on_dare__calib_general,candidate,uncensored_refusal_like,base,6,mmd_rbf,0.0233453456312418,128
aim_on_dare__calib_general,candidate,uncensored_refusal_like,base,6,projected_js,0.07275963097345084,128
aim_on_dare__calib_general,candidate,uncensored_refusal_like,base,7,mmd_rbf,0.02142828144133091,128
aim_on_dare__calib_general,candidate,uncensored_refusal_like,base,7,projected_js,0.06796153631876223,128
aim_on_dare__calib_general,candidate,uncensored_refusal_like,base,8,mmd_rbf,0.019216645509004593,128
aim_on_dare__calib_general,candidate,uncensored_refusal_like,base,8,projected_js,0.07392115413676947,128
aim_on_dare__calib_general,candidate,uncensored_refusal_like,base,9,mmd_rbf,0.022071002051234245,128
aim_on_dare__calib_general,candidate,uncensored_refusal_like,base,9,projected_js,0.0740517861850094,128
aim_on_dare__calib_general,candidate,uncensored_refusal_like,base,10,mmd_rbf,0.024121640250086784,128
aim_on_dare__calib_general,candidate,uncensored_refusal_like,base,10,projected_js,0.07989983796142042,128
aim_on_dare__calib_general,candidate,uncensored_refusal_like,base,11,mmd_rbf,0.026429975405335426,128
aim_on_dare__calib_general,candidate,uncensored_refusal_like,base,11,projected_js,0.08068238419946283,128
aim_on_dare__calib_general,candidate,uncensored_refusal_like,base,12,mmd_rbf,0.029529238119721413,128
aim_on_dare__calib_general,candidate,uncensored_refusal_like,base,12,projected_js,0.08074066194240004,128
aim_on_dare__calib_general,candidate,uncensored_refusal_like,base,13,mmd_rbf,0.03319329395890236,128
aim_on_dare__calib_general,candidate,uncensored_refusal_like,base,13,projected_js,0.08663853839971125,128
aim_on_dare__calib_general,candidate,uncensored_refusal_like,base,14,mmd_rbf,0.03569948300719261,128
aim_on_dare__calib_general,candidate,uncensored_refusal_like,base,14,projected_js,0.08618620020570233,128
aim_on_dare__calib_general,candidate,uncensored_refusal_like,base,15,mmd_rbf,0.03756934404373169,128
aim_on_dare__calib_general,candidate,uncensored_refusal_like,base,15,projected_js,0.0776713895611465,128
aim_on_dare__calib_general,candidate,uncensored_refusal_like,base,16,mmd_rbf,0.038163766264915466,128
aim_on_dare__calib_general,candidate,uncensored_refusal_like,base,16,projected_js,0.08361732063349336,128
aim_on_dare__calib_general,candidate,uncensored_refusal_like,base,17,mmd_rbf,0.038760289549827576,128
aim_on_dare__calib_general,candidate,uncensored_refusal_like,base,17,projected_js,0.08422517264261842,128
aim_on_dare__calib_general,candidate,uncensored_refusal_like,base,18,mmd_rbf,0.0399903729557991,128
aim_on_dare__calib_general,candidate,uncensored_refusal_like,base,18,projected_js,0.08694346528500319,128
aim_on_dare__calib_general,candidate,uncensored_refusal_like,base,19,mmd_rbf,0.03944706544280052,128
aim_on_dare__calib_general,candidate,uncensored_refusal_like,base,19,projected_js,0.09007691964507103,128
aim_on_dare__calib_general,candidate,uncensored_refusal_like,base,20,mmd_rbf,0.046671826392412186,128
aim_on_dare__calib_general,candidate,uncensored_refusal_like,base,20,projected_js,0.09093218302587047,128
aim_on_dare__calib_general,candidate,uncensored_refusal_like,base,21,mmd_rbf,0.050024013966321945,128
aim_on_dare__calib_general,candidate,uncensored_refusal_like,base,21,projected_js,0.08730935881612822,128
aim_on_dare__calib_general,candidate,uncensored_refusal_like,base,22,mmd_rbf,0.051980938762426376,128
aim_on_dare__calib_general,candidate,uncensored_refusal_like,base,22,projected_js,0.09464202512754127,128
aim_on_dare__calib_general,candidate,uncensored_refusal_like,base,23,mmd_rbf,0.05115044116973877,128
aim_on_dare__calib_general,candidate,uncensored_refusal_like,base,23,projected_js,0.0976221178425476,128
aim_on_dare__calib_general,candidate,uncensored_refusal_like,base,24,mmd_rbf,0.04940473288297653,128
aim_on_dare__calib_general,candidate,uncensored_refusal_like,base,24,projected_js,0.10241525172023103,128
aim_on_dare__calib_general,candidate,uncensored_refusal_like,base,25,mmd_rbf,0.04799618944525719,128
aim_on_dare__calib_general,candidate,uncensored_refusal_like,base,25,projected_js,0.09449360956205055,128
aim_on_dare__calib_general,candidate,uncensored_refusal_like,base,26,mmd_rbf,0.04824574664235115,128
aim_on_dare__calib_general,candidate,uncensored_refusal_like,base,26,projected_js,0.09705054404912516,128
aim_on_dare__calib_general,candidate,uncensored_refusal_like,base,27,mmd_rbf,0.04858715459704399,128
aim_on_dare__calib_general,candidate,uncensored_refusal_like,base,27,projected_js,0.10307634744094685,128
aim_on_dare__calib_general,candidate,uncensored_refusal_like,base,28,mmd_rbf,0.047407928854227066,128
aim_on_dare__calib_general,candidate,uncensored_refusal_like,base,28,projected_js,0.10538918932434171,128
aim_on_dare__calib_general,candidate,uncensored_refusal_like,base,29,mmd_rbf,0.04441329464316368,128
aim_on_dare__calib_general,candidate,uncensored_refusal_like,base,29,projected_js,0.10020986112067476,128
aim_on_dare__calib_general,candidate,uncensored_refusal_like,base,30,mmd_rbf,0.04474013298749924,128
aim_on_dare__calib_general,candidate,uncensored_refusal_like,base,30,projected_js,0.09806072781793773,128
aim_on_dare__calib_general,candidate,uncensored_refusal_like,base,31,mmd_rbf,0.04431881010532379,128
aim_on_dare__calib_general,candidate,uncensored_refusal_like,base,31,projected_js,0.09166809695307165,128
aim_on_dare__calib_general,candidate,uncensored_refusal_like,base,32,mmd_rbf,0.04493275657296181,128
aim_on_dare__calib_general,candidate,uncensored_refusal_like,base,32,projected_js,0.09577713772887364,128
aim_on_dare__calib_general,candidate,uncensored_refusal_like,base,33,mmd_rbf,0.043465789407491684,128
aim_on_dare__calib_general,candidate,uncensored_refusal_like,base,33,projected_js,0.09670510597061366,128
aim_on_dare__calib_general,candidate,uncensored_refusal_like,base,34,mmd_rbf,0.057150762528181076,128
aim_on_dare__calib_general,candidate,uncensored_refusal_like,base,34,projected_js,0.10796992591349408,128
aim_on_dare__calib_general,candidate,uncensored_refusal_like,base,35,mmd_rbf,0.1338578462600708,128
aim_on_dare__calib_general,candidate,uncensored_refusal_like,base,35,projected_js,0.1725726054282859,128
aim_on_dare__calib_general,candidate,uncensored_refusal_like,instr_only,0,mmd_rbf,0.0052918377332389355,128
aim_on_dare__calib_general,candidate,uncensored_refusal_like,instr_only,0,projected_js,0.04571974887221586,128
aim_on_dare__calib_general,candidate,uncensored_refusal_like,instr_only,1,mmd_rbf,0.011471444740891457,128
aim_on_dare__calib_general,candidate,uncensored_refusal_like,instr_only,1,projected_js,0.061365412489976734,128
aim_on_dare__calib_general,candidate,uncensored_refusal_like,instr_only,2,mmd_rbf,0.012937188148498535,128
aim_on_dare__calib_general,candidate,uncensored_refusal_like,instr_only,2,projected_js,0.06121016768156551,128
aim_on_dare__calib_general,candidate,uncensored_refusal_like,instr_only,3,mmd_rbf,0.013783170841634274,128
aim_on_dare__calib_general,candidate,uncensored_refusal_like,instr_only,3,projected_js,0.06125937245087698,128
aim_on_dare__calib_general,candidate,uncensored_refusal_like,instr_only,4,mmd_rbf,0.014342598617076874,128
aim_on_dare__calib_general,candidate,uncensored_refusal_like,instr_only,4,projected_js,0.06341702482313849,128
aim_on_dare__calib_general,candidate,uncensored_refusal_like,instr_only,5,mmd_rbf,0.014163007028400898,128
aim_on_dare__calib_general,candidate,uncensored_refusal_like,instr_only,5,projected_js,0.0623794998973608,128
aim_on_dare__calib_general,candidate,uncensored_refusal_like,instr_only,6,mmd_rbf,0.010737700387835503,128
aim_on_dare__calib_general,candidate,uncensored_refusal_like,instr_only,6,projected_js,0.06041942976298742,128
aim_on_dare__calib_general,candidate,uncensored_refusal_like,instr_only,7,mmd_rbf,0.008680717088282108,128
aim_on_dare__calib_general,candidate,uncensored_refusal_like,instr_only,7,projected_js,0.06058933667372912,128
aim_on_dare__calib_general,candidate,uncensored_refusal_like,instr_only,8,mmd_rbf,0.007131017278879881,128
aim_on_dare__calib_general,candidate,uncensored_refusal_like,instr_only,8,projected_js,0.06068688217783347,128
aim_on_dare__calib_general,candidate,uncensored_refusal_like,instr_only,9,mmd_rbf,0.006977214012295008,128
aim_on_dare__calib_general,candidate,uncensored_refusal_like,instr_only,9,projected_js,0.06196260033175349,128
aim_on_dare__calib_general,candidate,uncensored_refusal_like,instr_only,10,mmd_rbf,0.007500446867197752,128
aim_on_dare__calib_general,candidate,uncensored_refusal_like,instr_only,10,projected_js,0.06304188043577597,128
aim_on_dare__calib_general,candidate,uncensored_refusal_like,instr_only,11,mmd_rbf,0.0072518386878073215,128
aim_on_dare__calib_general,candidate,uncensored_refusal_like,instr_only,11,projected_js,0.06276632420485839,128
aim_on_dare__calib_general,candidate,uncensored_refusal_like,instr_only,12,mmd_rbf,0.007924117147922516,128
aim_on_dare__calib_general,candidate,uncensored_refusal_like,instr_only,12,projected_js,0.061316118109971285,128
aim_on_dare__calib_general,candidate,uncensored_refusal_like,instr_only,13,mmd_rbf,0.008313663303852081,128
aim_on_dare__calib_general,candidate,uncensored_refusal_like,instr_only,13,projected_js,0.060083477466832846,128
aim_on_dare__calib_general,candidate,uncensored_refusal_like,instr_only,14,mmd_rbf,0.00827291514724493,128
aim_on_dare__calib_general,candidate,uncensored_refusal_like,instr_only,14,projected_js,0.06347934337100014,128
aim_on_dare__calib_general,candidate,uncensored_refusal_like,instr_only,15,mmd_rbf,0.008636404760181904,128
aim_on_dare__calib_general,candidate,uncensored_refusal_like,instr_only,15,projected_js,0.0645718023297377,128
aim_on_dare__calib_general,candidate,uncensored_refusal_like,instr_only,16,mmd_rbf,0.009310859255492687,128
aim_on_dare__calib_general,candidate,uncensored_refusal_like,instr_only,16,projected_js,0.06444727431517094,128
aim_on_dare__calib_general,candidate,uncensored_refusal_like,instr_only,17,mmd_rbf,0.010086658410727978,128
aim_on_dare__calib_general,candidate,uncensored_refusal_like,instr_only,17,projected_js,0.06433244020445272,128
aim_on_dare__calib_general,candidate,uncensored_refusal_like,instr_only,18,mmd_rbf,0.011162251234054565,128
aim_on_dare__calib_general,candidate,uncensored_refusal_like,instr_only,18,projected_js,0.0676276875892654,128
aim_on_dare__calib_general,candidate,uncensored_refusal_like,instr_only,19,mmd_rbf,0.012416048906743526,128
aim_on_dare__calib_general,candidate,uncensored_refusal_like,instr_only,19,projected_js,0.06466954009374604,128
aim_on_dare__calib_general,candidate,uncensored_refusal_like,instr_only,20,mmd_rbf,0.013718289323151112,128
aim_on_dare__calib_general,candidate,uncensored_refusal_like,instr_only,20,projected_js,0.07140471210004762,128
aim_on_dare__calib_general,candidate,uncensored_refusal_like,instr_only,21,mmd_rbf,0.015865925699472427,128
aim_on_dare__calib_general,candidate,uncensored_refusal_like,instr_only,21,projected_js,0.070841598440893,128
aim_on_dare__calib_general,candidate,uncensored_refusal_like,instr_only,22,mmd_rbf,0.01742487959563732,128
aim_on_dare__calib_general,candidate,uncensored_refusal_like,instr_only,22,projected_js,0.07216200302354991,128
aim_on_dare__calib_general,candidate,uncensored_refusal_like,instr_only,23,mmd_rbf,0.017955513671040535,128
aim_on_dare__calib_general,candidate,uncensored_refusal_like,instr_only,23,projected_js,0.07257066573947668,128
aim_on_dare__calib_general,candidate,uncensored_refusal_like,instr_only,24,mmd_rbf,0.019228627905249596,128
aim_on_dare__calib_general,candidate,uncensored_refusal_like,instr_only,24,projected_js,0.07674892130307853,128
aim_on_dare__calib_general,candidate,uncensored_refusal_like,instr_only,25,mmd_rbf,0.020333319902420044,128
aim_on_dare__calib_general,candidate,uncensored_refusal_like,instr_only,25,projected_js,0.07235349080292508,128
aim_on_dare__calib_general,candidate,uncensored_refusal_like,instr_only,26,mmd_rbf,0.021027041599154472,128
aim_on_dare__calib_general,candidate,uncensored_refusal_like,instr_only,26,projected_js,0.07927031168946996,128
aim_on_dare__calib_general,candidate,uncensored_refusal_like,instr_only,27,mmd_rbf,0.021119659766554832,128
aim_on_dare__calib_general,candidate,uncensored_refusal_like,instr_only,27,projected_js,0.07595372130163014,128
aim_on_dare__calib_general,candidate,uncensored_refusal_like,instr_only,28,mmd_rbf,0.020608946681022644,128
aim_on_dare__calib_general,candidate,uncensored_refusal_like,instr_only,28,projected_js,0.07614951051073149,128
aim_on_dare__calib_general,candidate,uncensored_refusal_like,instr_only,29,mmd_rbf,0.019691774621605873,128
aim_on_dare__calib_general,candidate,uncensored_refusal_like,instr_only,29,projected_js,0.07467568502761424,128
aim_on_dare__calib_general,candidate,uncensored_refusal_like,instr_only,30,mmd_rbf,0.01966669037938118,128
aim_on_dare__calib_general,candidate,uncensored_refusal_like,instr_only,30,projected_js,0.07629179663490504,128
aim_on_dare__calib_general,candidate,uncensored_refusal_like,instr_only,31,mmd_rbf,0.019480101764202118,128
aim_on_dare__calib_general,candidate,uncensored_refusal_like,instr_only,31,projected_js,0.075114764214959,128
aim_on_dare__calib_general,candidate,uncensored_refusal_like,instr_only,32,mmd_rbf,0.0201416015625,128
aim_on_dare__calib_general,candidate,uncensored_refusal_like,instr_only,32,projected_js,0.07580007388605736,128
aim_on_dare__calib_general,candidate,uncensored_refusal_like,instr_only,33,mmd_rbf,0.01981162466108799,128
aim_on_dare__calib_general,candidate,uncensored_refusal_like,instr_only,33,projected_js,0.07631418615346774,128
aim_on_dare__calib_general,candidate,uncensored_refusal_like,instr_only,34,mmd_rbf,0.02314937673509121,128
aim_on_dare__calib_general,candidate,uncensored_refusal_like,instr_only,34,projected_js,0.08284157581510954,128
aim_on_dare__calib_general,candidate,uncensored_refusal_like,instr_only,35,mmd_rbf,0.08174970000982285,128
aim_on_dare__calib_general,candidate,uncensored_refusal_like,instr_only,35,projected_js,0.1325352904968895,128
aim_on_dare__calib_general,candidate,uncensored_refusal_like,reasoning_only,0,mmd_rbf,0.023624826222658157,128
aim_on_dare__calib_general,candidate,uncensored_refusal_like,reasoning_only,0,projected_js,0.09356792271137238,128
aim_on_dare__calib_general,candidate,uncensored_refusal_like,reasoning_only,1,mmd_rbf,0.031291645020246506,128
aim_on_dare__calib_general,candidate,uncensored_refusal_like,reasoning_only,1,projected_js,0.08825505140703171,128
aim_on_dare__calib_general,candidate,uncensored_refusal_like,reasoning_only,2,mmd_rbf,0.04241658374667168,128
aim_on_dare__calib_general,candidate,uncensored_refusal_like,reasoning_only,2,projected_js,0.09329554974101484,128
aim_on_dare__calib_general,candidate,uncensored_refusal_like,reasoning_only,3,mmd_rbf,0.048945825546979904,128
aim_on_dare__calib_general,candidate,uncensored_refusal_like,reasoning_only,3,projected_js,0.10261035794974305,128
aim_on_dare__calib_general,candidate,uncensored_refusal_like,reasoning_only,4,mmd_rbf,0.05238591507077217,128
aim_on_dare__calib_general,candidate,uncensored_refusal_like,reasoning_only,4,projected_js,0.11880271681002341,128
aim_on_dare__calib_general,candidate,uncensored_refusal_like,reasoning_only,5,mmd_rbf,0.058092087507247925,128
aim_on_dare__calib_general,candidate,uncensored_refusal_like,reasoning_only,5,projected_js,0.12906202691374347,128
aim_on_dare__calib_general,candidate,uncensored_refusal_like,reasoning_only,6,mmd_rbf,0.04440145194530487,128
aim_on_dare__calib_general,candidate,uncensored_refusal_like,reasoning_only,6,projected_js,0.10315373953199014,128
aim_on_dare__calib_general,candidate,uncensored_refusal_like,reasoning_only,7,mmd_rbf,0.04037369415163994,128
aim_on_dare__calib_general,candidate,uncensored_refusal_like,reasoning_only,7,projected_js,0.10512429685331881,128
aim_on_dare__calib_general,candidate,uncensored_refusal_like,reasoning_only,8,mmd_rbf,0.03182562068104744,128
aim_on_dare__calib_general,candidate,uncensored_refusal_like,reasoning_only,8,projected_js,0.09253216470824555,128
aim_on_dare__calib_general,candidate,uncensored_refusal_like,reasoning_only,9,mmd_rbf,0.03082698956131935,128
aim_on_dare__calib_general,candidate,uncensored_refusal_like,reasoning_only,9,projected_js,0.09186442045029253,128
aim_on_dare__calib_general,candidate,uncensored_refusal_like,reasoning_only,10,mmd_rbf,0.031810373067855835,128
aim_on_dare__calib_general,candidate,uncensored_refusal_like,reasoning_only,10,projected_js,0.09697213862091303,128
aim_on_dare__calib_general,candidate,uncensored_refusal_like,reasoning_only,11,mmd_rbf,0.030704766511917114,128
aim_on_dare__calib_general,candidate,uncensored_refusal_like,reasoning_only,11,projected_js,0.08701161853969097,128
aim_on_dare__calib_general,candidate,uncensored_refusal_like,reasoning_only,12,mmd_rbf,0.03442918881773949,128
aim_on_dare__calib_general,candidate,uncensored_refusal_like,reasoning_only,12,projected_js,0.08993120194645599,128
aim_on_dare__calib_general,candidate,uncensored_refusal_like,reasoning_only,13,mmd_rbf,0.03707434609532356,128
aim_on_dare__calib_general,candidate,uncensored_refusal_like,reasoning_only,13,projected_js,0.09348198160296306,128
aim_on_dare__calib_general,candidate,uncensored_refusal_like,reasoning_only,14,mmd_rbf,0.036890771239995956,128
aim_on_dare__calib_general,candidate,uncensored_refusal_like,reasoning_only,14,projected_js,0.08601879252819344,128
aim_on_dare__calib_general,candidate,uncensored_refusal_like,reasoning_only,15,mmd_rbf,0.03838230296969414,128
aim_on_dare__calib_general,candidate,uncensored_refusal_like,reasoning_only,15,projected_js,0.08639163529733196,128
aim_on_dare__calib_general,candidate,uncensored_refusal_like,reasoning_only,16,mmd_rbf,0.037864040583372116,128
aim_on_dare__calib_general,candidate,uncensored_refusal_like,reasoning_only,16,projected_js,0.08852281764848158,128
aim_on_dare__calib_general,candidate,uncensored_refusal_like,reasoning_only,17,mmd_rbf,0.037772804498672485,128
aim_on_dare__calib_general,candidate,uncensored_refusal_like,reasoning_only,17,projected_js,0.08556917606620118,128
aim_on_dare__calib_general,candidate,uncensored_refusal_like,reasoning_only,18,mmd_rbf,0.0448320098221302,128
aim_on_dare__calib_general,candidate,uncensored_refusal_like,reasoning_only,18,projected_js,0.08948894697823562,128
aim_on_dare__calib_general,candidate,uncensored_refusal_like,reasoning_only,19,mmd_rbf,0.04364584758877754,128
aim_on_dare__calib_general,candidate,uncensored_refusal_like,reasoning_only,19,projected_js,0.08615626208484173,128
aim_on_dare__calib_general,candidate,uncensored_refusal_like,reasoning_only,20,mmd_rbf,0.044537317007780075,128
aim_on_dare__calib_general,candidate,uncensored_refusal_like,reasoning_only,20,projected_js,0.08841608790680766,128
aim_on_dare__calib_general,candidate,uncensored_refusal_like,reasoning_only,21,mmd_rbf,0.0461144782602787,128
aim_on_dare__calib_general,candidate,uncensored_refusal_like,reasoning_only,21,projected_js,0.09123358683427796,128
aim_on_dare__calib_general,candidate,uncensored_refusal_like,reasoning_only,22,mmd_rbf,0.0453563928604126,128
aim_on_dare__calib_general,candidate,uncensored_refusal_like,reasoning_only,22,projected_js,0.09414284100057557,128
aim_on_dare__calib_general,candidate,uncensored_refusal_like,reasoning_only,23,mmd_rbf,0.04000214859843254,128
aim_on_dare__calib_general,candidate,uncensored_refusal_like,reasoning_only,23,projected_js,0.09080821246607229,128
aim_on_dare__calib_general,candidate,uncensored_refusal_like,reasoning_only,24,mmd_rbf,0.044271472841501236,128
aim_on_dare__calib_general,candidate,uncensored_refusal_like,reasoning_only,24,projected_js,0.09455976635217667,128
aim_on_dare__calib_general,candidate,uncensored_refusal_like,reasoning_only,25,mmd_rbf,0.04250440001487732,128
aim_on_dare__calib_general,candidate,uncensored_refusal_like,reasoning_only,25,projected_js,0.09037434170022607,128
aim_on_dare__calib_general,candidate,uncensored_refusal_like,reasoning_only,26,mmd_rbf,0.0443723164498806,128
aim_on_dare__calib_general,candidate,uncensored_refusal_like,reasoning_only,26,projected_js,0.08861787163186818,128
aim_on_dare__calib_general,candidate,uncensored_refusal_like,reasoning_only,27,mmd_rbf,0.0462961308658123,128
aim_on_dare__calib_general,candidate,uncensored_refusal_like,reasoning_only,27,projected_js,0.0901058538001962,128
aim_on_dare__calib_general,candidate,uncensored_refusal_like,reasoning_only,28,mmd_rbf,0.04851100593805313,128
aim_on_dare__calib_general,candidate,uncensored_refusal_like,reasoning_only,28,projected_js,0.09894918982172385,128
aim_on_dare__calib_general,candidate,uncensored_refusal_like,reasoning_only,29,mmd_rbf,0.046876322478055954,128
aim_on_dare__calib_general,candidate,uncensored_refusal_like,reasoning_only,29,projected_js,0.1023379557300359,128
aim_on_dare__calib_general,candidate,uncensored_refusal_like,reasoning_only,30,mmd_rbf,0.04983514919877052,128
aim_on_dare__calib_general,candidate,uncensored_refusal_like,reasoning_only,30,projected_js,0.10519244673196226,128
aim_on_dare__calib_general,candidate,uncensored_refusal_like,reasoning_only,31,mmd_rbf,0.0494762621819973,128
aim_on_dare__calib_general,candidate,uncensored_refusal_like,reasoning_only,31,projected_js,0.10492672043619677,128
aim_on_dare__calib_general,candidate,uncensored_refusal_like,reasoning_only,32,mmd_rbf,0.04935320094227791,128
aim_on_dare__calib_general,candidate,uncensored_refusal_like,reasoning_only,32,projected_js,0.10168094007531181,128
aim_on_dare__calib_general,candidate,uncensored_refusal_like,reasoning_only,33,mmd_rbf,0.04697699099779129,128
aim_on_dare__calib_general,candidate,uncensored_refusal_like,reasoning_only,33,projected_js,0.09713256044778973,128
aim_on_dare__calib_general,candidate,uncensored_refusal_like,reasoning_only,34,mmd_rbf,0.049789395183324814,128
aim_on_dare__calib_general,candidate,uncensored_refusal_like,reasoning_only,34,projected_js,0.09412824700120836,128
aim_on_dare__calib_general,candidate,uncensored_refusal_like,reasoning_only,35,mmd_rbf,0.057299911975860596,128
aim_on_dare__calib_general,candidate,uncensored_refusal_like,reasoning_only,35,projected_js,0.10531674209050834,128
aim_on_dare__calib_general,candidate,uncensored_refusal_like,uncensored_only,0,mmd_rbf,0.013213777914643288,128
aim_on_dare__calib_general,candidate,uncensored_refusal_like,uncensored_only,0,projected_js,0.06353194086113945,128
aim_on_dare__calib_general,candidate,uncensored_refusal_like,uncensored_only,1,mmd_rbf,0.22379076480865479,128
aim_on_dare__calib_general,candidate,uncensored_refusal_like,uncensored_only,1,projected_js,0.2477655034745112,128
aim_on_dare__calib_general,candidate,uncensored_refusal_like,uncensored_only,2,mmd_rbf,0.19979827105998993,128
aim_on_dare__calib_general,candidate,uncensored_refusal_like,uncensored_only,2,projected_js,0.2079701854963787,128
aim_on_dare__calib_general,candidate,uncensored_refusal_like,uncensored_only,3,mmd_rbf,0.16078124940395355,128
aim_on_dare__calib_general,candidate,uncensored_refusal_like,uncensored_only,3,projected_js,0.17018017888767645,128
aim_on_dare__calib_general,candidate,uncensored_refusal_like,uncensored_only,4,mmd_rbf,0.12930166721343994,128
aim_on_dare__calib_general,candidate,uncensored_refusal_like,uncensored_only,4,projected_js,0.16696205566404387,128
aim_on_dare__calib_general,candidate,uncensored_refusal_like,uncensored_only,5,mmd_rbf,0.09802132099866867,128
aim_on_dare__calib_general,candidate,uncensored_refusal_like,uncensored_only,5,projected_js,0.15042600338347256,128
aim_on_dare__calib_general,candidate,uncensored_refusal_like,uncensored_only,6,mmd_rbf,0.062049057334661484,128
aim_on_dare__calib_general,candidate,uncensored_refusal_like,uncensored_only,6,projected_js,0.11601277522277087,128
aim_on_dare__calib_general,candidate,uncensored_refusal_like,uncensored_only,7,mmd_rbf,0.047004081308841705,128
aim_on_dare__calib_general,candidate,uncensored_refusal_like,uncensored_only,7,projected_js,0.09744058438809589,128
aim_on_dare__calib_general,candidate,uncensored_refusal_like,uncensored_only,8,mmd_rbf,0.03385009989142418,128
aim_on_dare__calib_general,candidate,uncensored_refusal_like,uncensored_only,8,projected_js,0.08307136205257848,128
aim_on_dare__calib_general,candidate,uncensored_refusal_like,uncensored_only,9,mmd_rbf,0.029444893822073936,128
aim_on_dare__calib_general,candidate,uncensored_refusal_like,uncensored_only,9,projected_js,0.07822349696652964,128
aim_on_dare__calib_general,candidate,uncensored_refusal_like,uncensored_only,10,mmd_rbf,0.02477652207016945,128
aim_on_dare__calib_general,candidate,uncensored_refusal_like,uncensored_only,10,projected_js,0.0780186012852937,128
aim_on_dare__calib_general,candidate,uncensored_refusal_like,uncensored_only,11,mmd_rbf,0.021116022020578384,128
aim_on_dare__calib_general,candidate,uncensored_refusal_like,uncensored_only,11,projected_js,0.06820597330806777,128
aim_on_dare__calib_general,candidate,uncensored_refusal_like,uncensored_only,12,mmd_rbf,0.021914642304182053,128
aim_on_dare__calib_general,candidate,uncensored_refusal_like,uncensored_only,12,projected_js,0.0728439618833363,128
aim_on_dare__calib_general,candidate,uncensored_refusal_like,uncensored_only,13,mmd_rbf,0.023193037137389183,128
aim_on_dare__calib_general,candidate,uncensored_refusal_like,uncensored_only,13,projected_js,0.07336909207515419,128
aim_on_dare__calib_general,candidate,uncensored_refusal_like,uncensored_only,14,mmd_rbf,0.02337539754807949,128
aim_on_dare__calib_general,candidate,uncensored_refusal_like,uncensored_only,14,projected_js,0.07807145430706441,128
aim_on_dare__calib_general,candidate,uncensored_refusal_like,uncensored_only,15,mmd_rbf,0.028097307309508324,128
aim_on_dare__calib_general,candidate,uncensored_refusal_like,uncensored_only,15,projected_js,0.08534356049494818,128
aim_on_dare__calib_general,candidate,uncensored_refusal_like,uncensored_only,16,mmd_rbf,0.02987292781472206,128
aim_on_dare__calib_general,candidate,uncensored_refusal_like,uncensored_only,16,projected_js,0.07325341744581237,128
aim_on_dare__calib_general,candidate,uncensored_refusal_like,uncensored_only,17,mmd_rbf,0.030621130019426346,128
aim_on_dare__calib_general,candidate,uncensored_refusal_like,uncensored_only,17,projected_js,0.07885116524994373,128
aim_on_dare__calib_general,candidate,uncensored_refusal_like,uncensored_only,18,mmd_rbf,0.031969405710697174,128
aim_on_dare__calib_general,candidate,uncensored_refusal_like,uncensored_only,18,projected_js,0.0797395643312484,128
aim_on_dare__calib_general,candidate,uncensored_refusal_like,uncensored_only,19,mmd_rbf,0.03064883127808571,128
aim_on_dare__calib_general,candidate,uncensored_refusal_like,uncensored_only,19,projected_js,0.08350795175647363,128
aim_on_dare__calib_general,candidate,uncensored_refusal_like,uncensored_only,20,mmd_rbf,0.03244897723197937,128
aim_on_dare__calib_general,candidate,uncensored_refusal_like,uncensored_only,20,projected_js,0.08106525125913322,128
aim_on_dare__calib_general,candidate,uncensored_refusal_like,uncensored_only,21,mmd_rbf,0.036394935101270676,128
aim_on_dare__calib_general,candidate,uncensored_refusal_like,uncensored_only,21,projected_js,0.08274455450009555,128
aim_on_dare__calib_general,candidate,uncensored_refusal_like,uncensored_only,22,mmd_rbf,0.03890827298164368,128
aim_on_dare__calib_general,candidate,uncensored_refusal_like,uncensored_only,22,projected_js,0.08839599884231575,128
aim_on_dare__calib_general,candidate,uncensored_refusal_like,uncensored_only,23,mmd_rbf,0.03944199159741402,128
aim_on_dare__calib_general,candidate,uncensored_refusal_like,uncensored_only,23,projected_js,0.08761338680051267,128
aim_on_dare__calib_general,candidate,uncensored_refusal_like,uncensored_only,24,mmd_rbf,0.044320233166217804,128
aim_on_dare__calib_general,candidate,uncensored_refusal_like,uncensored_only,24,projected_js,0.09075718285748735,128
aim_on_dare__calib_general,candidate,uncensored_refusal_like,uncensored_only,25,mmd_rbf,0.047808315604925156,128
aim_on_dare__calib_general,candidate,uncensored_refusal_like,uncensored_only,25,projected_js,0.09538617299403995,128
aim_on_dare__calib_general,candidate,uncensored_refusal_like,uncensored_only,26,mmd_rbf,0.04912292957305908,128
aim_on_dare__calib_general,candidate,uncensored_refusal_like,uncensored_only,26,projected_js,0.09130675351480022,128
aim_on_dare__calib_general,candidate,uncensored_refusal_like,uncensored_only,27,mmd_rbf,0.05038200691342354,128
aim_on_dare__calib_general,candidate,uncensored_refusal_like,uncensored_only,27,projected_js,0.09737571098958142,128
aim_on_dare__calib_general,candidate,uncensored_refusal_like,uncensored_only,28,mmd_rbf,0.048503994941711426,128
aim_on_dare__calib_general,candidate,uncensored_refusal_like,uncensored_only,28,projected_js,0.1035178552265279,128
aim_on_dare__calib_general,candidate,uncensored_refusal_like,uncensored_only,29,mmd_rbf,0.04642156511545181,128
aim_on_dare__calib_general,candidate,uncensored_refusal_like,uncensored_only,29,projected_js,0.09871101065073162,128
aim_on_dare__calib_general,candidate,uncensored_refusal_like,uncensored_only,30,mmd_rbf,0.04914271458983421,128
aim_on_dare__calib_general,candidate,uncensored_refusal_like,uncensored_only,30,projected_js,0.1004291329300031,128
aim_on_dare__calib_general,candidate,uncensored_refusal_like,uncensored_only,31,mmd_rbf,0.047746699303388596,128
aim_on_dare__calib_general,candidate,uncensored_refusal_like,uncensored_only,31,projected_js,0.09586864255834371,128
aim_on_dare__calib_general,candidate,uncensored_refusal_like,uncensored_only,32,mmd_rbf,0.047656528651714325,128
aim_on_dare__calib_general,candidate,uncensored_refusal_like,uncensored_only,32,projected_js,0.09425850829575211,128
aim_on_dare__calib_general,candidate,uncensored_refusal_like,uncensored_only,33,mmd_rbf,0.047186318784952164,128
aim_on_dare__calib_general,candidate,uncensored_refusal_like,uncensored_only,33,projected_js,0.0951176278758794,128
aim_on_dare__calib_general,candidate,uncensored_refusal_like,uncensored_only,34,mmd_rbf,0.05142655968666077,128
aim_on_dare__calib_general,candidate,uncensored_refusal_like,uncensored_only,34,projected_js,0.10123146529076621,128
aim_on_dare__calib_general,candidate,uncensored_refusal_like,uncensored_only,35,mmd_rbf,0.09964721649885178,128
aim_on_dare__calib_general,candidate,uncensored_refusal_like,uncensored_only,35,projected_js,0.130961601564195,128
