model_id,model_kind,calib_subset,target_id,layer,metric,value,n_prompts
aim_on_task_arithmetic__calib_instruction,candidate,general,base,0,mmd_rbf,0.0045455098152160645,128
aim_on_task_arithmetic__calib_instruction,candidate,general,base,0,projected_js,0.03900484382756986,128
aim_on_task_arithmetic__calib_instruction,candidate,general,base,1,mmd_rbf,0.008923204615712166,128
aim_on_task_arithmetic__calib_instruction,candidate,general,base,1,projected_js,0.046192786074243486,128
aim_on_task_arithmetic__calib_instruction,candidate,general,base,2,mmd_rbf,0.007921189069747925,128
aim_on_task_arithmetic__calib_instruction,candidate,general,base,2,projected_js,0.04944052081555128,128
aim_on_task_arithmetic__calib_instruction,candidate,general,base,3,mmd_rbf,0.01019685622304678,128
aim_on_task_arithmetic__calib_instruction,candidate,general,base,3,projected_js,0.05455625581089407,128
aim_on_task_arithmetic__calib_instruction,candidate,general,base,4,mmd_rbf,0.009384552016854286,128
aim_on_task_arithmetic__calib_instruction,candidate,general,base,4,projected_js,0.05214020662242547,128
aim_on_task_arithmetic__calib_instruction,candidate,general,base,5,mmd_rbf,0.00880416575819254,128
aim_on_task_arithmetic__calib_instruction,candidate,general,base,5,projected_js,0.05400345416273922,128
aim_on_task_arithmetic__calib_instruction,candidate,general,base,6,mmd_rbf,0.0067167701199650764,128
aim_on_task_arithmetic__calib_instruction,candidate,general,base,6,projected_js,0.051602077088318765,128
aim_on_task_arithmetic__calib_instruction,candidate,general,base,7,mmd_rbf,0.006058765575289726,128
aim_on_task_arithmetic__calib_instruction,candidate,general,base,7,projected_js,0.05462584289489314,128
aim_on_task_arithmetic__calib_instruction,candidate,general,base,8,mmd_rbf,0.004890094976872206,128
aim_on_task_arithmetic__calib_instruction,candidate,general,base,8,projected_js,0.054314803070155904,128
aim_on_task_arithmetic__calib_instruction,candidate,general,base,9,mmd_rbf,0.004831601399928331,128
aim_on_task_arithmetic__calib_instruction,candidate,general,base,9,projected_js,0.05408025847282261,128
aim_on_task_arithmetic__calib_instruction,candidate,general,base,10,mmd_rbf,0.004902008455246687,128
aim_on_task_arithmetic__calib_instruction,candidate,general,base,10,projected_js,0.054516647913260385,128
aim_on_task_arithmetic__calib_instruction,candidate,general,base,11,mmd_rbf,0.004881150554865599,128
aim_on_task_arithmetic__calib_instruction,candidate,general,base,11,projected_js,0.0559329469979275,128
aim_on_task_arithmetic__calib_instruction,candidate,general,base,12,mmd_rbf,0.00495246984064579,128
aim_on_task_arithmetic__calib_instruction,candidate,general,base,12,projected_js,0.056545746861957014,128
aim_on_task_arithmetic__calib_instruction,candidate,general,base,13,mmd_rbf,0.00526109803467989,128
aim_on_task_arithmetic__calib_instruction,candidate,general,base,13,projected_js,0.05685994465602562,128
aim_on_task_arithmetic__calib_instruction,candidate,general,base,14,mmd_rbf,0.005463165696710348,128
aim_on_task_arithmetic__calib_instruction,candidate,general,base,14,projected_js,0.05631902371533215,128
aim_on_task_arithmetic__calib_instruction,candidate,general,base,15,mmd_rbf,0.00606124522164464,128
aim_on_task_arithmetic__calib_instruction,candidate,general,base,15,projected_js,0.056234040297567844,128
aim_on_task_arithmetic__calib_instruction,candidate,general,base,16,mmd_rbf,0.0070732356980443,128
aim_on_task_arithmetic__calib_instruction,candidate,general,base,16,projected_js,0.058353050029836595,128
aim_on_task_arithmetic__calib_instruction,candidate,general,base,17,mmd_rbf,0.006874942220747471,128
aim_on_task_arithmetic__calib_instruction,candidate,general,base,17,projected_js,0.058332360815256834,128
aim_on_task_arithmetic__calib_instruction,candidate,general,base,18,mmd_rbf,0.007503810804337263,128
aim_on_task_arithmetic__calib_instruction,candidate,general,base,18,projected_js,0.06162832517293282,128
aim_on_task_arithmetic__calib_instruction,candidate,general,base,19,mmd_rbf,0.007710638921707869,128
aim_on_task_arithmetic__calib_instruction,candidate,general,base,19,projected_js,0.06100009731017053,128
aim_on_task_arithmetic__calib_instruction,candidate,general,base,20,mmd_rbf,0.007465846836566925,128
aim_on_task_arithmetic__calib_instruction,candidate,general,base,20,projected_js,0.05877149247680791,128
aim_on_task_arithmetic__calib_instruction,candidate,general,base,21,mmd_rbf,0.007707258220762014,128
aim_on_task_arithmetic__calib_instruction,candidate,general,base,21,projected_js,0.05874797730939463,128
aim_on_task_arithmetic__calib_instruction,candidate,general,base,22,mmd_rbf,0.007078407797962427,128
aim_on_task_arithmetic__calib_instruction,candidate,general,base,22,projected_js,0.06288503593532369,128
aim_on_task_arithmetic__calib_instruction,candidate,general,base,23,mmd_rbf,0.006531700491905212,128
aim_on_task_arithmetic__calib_instruction,candidate,general,base,23,projected_js,0.06022863712860271,128
aim_on_task_arithmetic__calib_instruction,candidate,general,base,24,mmd_rbf,0.005825186148285866,128
aim_on_task_arithmetic__calib_instruction,candidate,general,base,24,projected_js,0.0588941102323588,128
aim_on_task_arithmetic__calib_instruction,candidate,general,base,25,mmd_rbf,0.005377407651394606,128
aim_on_task_arithmetic__calib_instruction,candidate,general,base,25,projected_js,0.05617761958274059,128
aim_on_task_arithmetic__calib_instruction,candidate,general,base,26,mmd_rbf,0.00526879308745265,128
aim_on_task_arithmetic__calib_instruction,candidate,general,base,26,projected_js,0.05202783417189494,128
aim_on_task_arithmetic__calib_instruction,candidate,general,base,27,mmd_rbf,0.0051914178766310215,128
aim_on_task_arithmetic__calib_instruction,candidate,general,base,27,projected_js,0.05778521395404823,128
aim_on_task_arithmetic__calib_instruction,candidate,general,base,28,mmd_rbf,0.004898687358945608,128
aim_on_task_arithmetic__calib_instruction,candidate,general,base,28,projected_js,0.05730771890375763,128
aim_on_task_arithmetic__calib_instruction,candidate,general,base,29,mmd_rbf,0.004705376457422972,128
aim_on_task_arithmetic__calib_instruction,candidate,general,base,29,projected_js,0.056322859367355704,128
aim_on_task_arithmetic__calib_instruction,candidate,general,base,30,mmd_rbf,0.004511633887887001,128
aim_on_task_arithmetic__calib_instruction,candidate,general,base,30,projected_js,0.05609786821878515,128
aim_on_task_arithmetic__calib_instruction,candidate,general,base,31,mmd_rbf,0.004321692511439323,128
aim_on_task_arithmetic__calib_instruction,candidate,general,base,31,projected_js,0.05596903947298415,128
aim_on_task_arithmetic__calib_instruction,candidate,general,base,32,mmd_rbf,0.004682639148086309,128
aim_on_task_arithmetic__calib_instruction,candidate,general,base,32,projected_js,0.05480168364010751,128
aim_on_task_arithmetic__calib_instruction,candidate,general,base,33,mmd_rbf,0.005041183438152075,128
aim_on_task_arithmetic__calib_instruction,candidate,general,base,33,projected_js,0.057817174994852394,128
aim_on_task_arithmetic__calib_instruction,candidate,general,base,34,mmd_rbf,0.009812280535697937,128
aim_on_task_arithmetic__calib_instruction,candidate,general,base,34,projected_js,0.06165614380734041,128
aim_on_task_arithmetic__calib_instruction,candidate,general,base,35,mmd_rbf,0.06148138642311096,128
aim_on_task_arithmetic__calib_instruction,candidate,general,base,35,projected_js,0.10405361518496647,128
aim_on_task_arithmetic__calib_instruction,candidate,general,instr_only,0,mmd_rbf,0.0024452866055071354,128
aim_on_task_arithmetic__calib_instruction,candidate,general,instr_only,0,projected_js,0.03063148440560326,128
aim_on_task_arithmetic__calib_instruction,candidate,general,instr_only,1,mmd_rbf,0.004461640026420355,128
aim_on_task_arithmetic__calib_instruction,candidate,general,instr_only,1,projected_js,0.03756081576284487,128
aim_on_task_arithmetic__calib_instruction,candidate,general,instr_only,2,mmd_rbf,0.004999719560146332,128
aim_on_task_arithmetic__calib_instruction,candidate,general,instr_only,2,projected_js,0.042385645865579136,128
aim_on_task_arithmetic__calib_instruction,candidate,general,instr_only,3,mmd_rbf,0.0064588310196995735,128
aim_on_task_arithmetic__calib_instruction,candidate,general,instr_only,3,projected_js,0.04614650530857034,128
aim_on_task_arithmetic__calib_instruction,candidate,general,instr_only,4,mmd_rbf,0.0068593681789934635,128
aim_on_task_arithmetic__calib_instruction,candidate,general,instr_only,4,projected_js,0.0470775117573794,128
aim_on_task_arithmetic__calib_instruction,candidate,general,instr_only,5,mmd_rbf,0.006577245891094208,128
aim_on_task_arithmetic__calib_instruction,candidate,general,instr_only,5,projected_js,0.04656421433901414,128
aim_on_task_arithmetic__calib_instruction,candidate,general,instr_only,6,mmd_rbf,0.004597538150846958,128
aim_on_task_arithmetic__calib_instruction,candidate,general,instr_only,6,projected_js,0.04699255261220969,128
aim_on_task_arithmetic__calib_instruction,candidate,general,instr_only,7,mmd_rbf,0.0036951308138668537,128
aim_on_task_arithmetic__calib_instruction,candidate,general,instr_only,7,projected_js,0.0437868659500964,128
aim_on_task_arithmetic__calib_instruction,candidate,general,instr_only,8,mmd_rbf,0.0028695804066956043,128
aim_on_task_arithmetic__calib_instruction,candidate,general,instr_only,8,projected_js,0.04724170858389698,128
aim_on_task_arithmetic__calib_instruction,candidate,general,instr_only,9,mmd_rbf,0.0028283291030675173,128
aim_on_task_arithmetic__calib_instruction,candidate,general,instr_only,9,projected_js,0.04716677802207414,128
aim_on_task_arithmetic__calib_instruction,candidate,general,instr_only,10,mmd_rbf,0.0029266499914228916,128
aim_on_task_arithmetic__calib_instruction,candidate,general,instr_only,10,projected_js,0.0472186455008341,128
aim_on_task_arithmetic__calib_instruction,candidate,general,instr_only,11,mmd_rbf,0.00299790664575994,128
aim_on_task_arithmetic__calib_instruction,candidate,general,instr_only,11,projected_js,0.051181797665776685,128
aim_on_task_arithmetic__calib_instruction,candidate,general,instr_only,12,mmd_rbf,0.0032100852113217115,128
aim_on_task_arithmetic__calib_instruction,candidate,general,instr_only,12,projected_js,0.0511216496815905,128
aim_on_task_arithmetic__calib_instruction,candidate,general,instr_only,13,mmd_rbf,0.003688800847157836,128
aim_on_task_arithmetic__calib_instruction,candidate,general,instr_only,13,projected_js,0.055171695013996214,128
aim_on_task_arithmetic__calib_instruction,candidate,general,instr_only,14,mmd_rbf,0.0038623237051069736,128
aim_on_task_arithmetic__calib_instruction,candidate,general,instr_only,14,projected_js,0.05302960122935474,128
aim_on_task_arithmetic__calib_instruction,candidate,general,instr_only,15,mmd_rbf,0.004180890507996082,128
aim_on_task_arithmetic__calib_instruction,candidate,general,instr_only,15,projected_js,0.056225452513899654,128
aim_on_task_arithmetic__calib_instruction,candidate,general,instr_only,16,mmd_rbf,0.004626039881259203,128
aim_on_task_arithmetic__calib_instruction,candidate,general,instr_only,16,projected_js,0.05715298495488241,128
aim_on_task_arithmetic__calib_instruction,candidate,general,instr_only,17,mmd_rbf,0.00496339425444603,128
aim_on_task_arithmetic__calib_instruction,candidate,general,instr_only,17,projected_js,0.058743935893289745,128
aim_on_task_arithmetic__calib_instruction,candidate,general,instr_only,18,mmd_rbf,0.005207184702157974,128
aim_on_task_arithmetic__calib_instruction,candidate,general,instr_only,18,projected_js,0.05778648660634644,128
aim_on_task_arithmetic__calib_instruction,candidate,general,instr_only,19,mmd_rbf,0.00548309413716197,128
aim_on_task_arithmetic__calib_instruction,candidate,general,instr_only,19,projected_js,0.05971704327384941,128
aim_on_task_arithmetic__calib_instruction,candidate,general,instr_only,20,mmd_rbf,0.005558201111853123,128
aim_on_task_arithmetic__calib_instruction,candidate,general,instr_only,20,projected_js,0.05745602774550207,128
aim_on_task_arithmetic__calib_instruction,candidate,general,instr_only,21,mmd_rbf,0.005705620162189007,128
aim_on_task_arithmetic__calib_instruction,candidate,general,instr_only,21,projected_js,0.05583697970723733,128
aim_on_task_arithmetic__calib_instruction,candidate,general,instr_only,22,mmd_rbf,0.006010706070810556,128
aim_on_task_arithmetic__calib_instruction,candidate,general,instr_only,22,projected_js,0.06007140179281123,128
aim_on_task_arithmetic__calib_instruction,candidate,general,instr_only,23,mmd_rbf,0.0059552500024437904,128
aim_on_task_arithmetic__calib_instruction,candidate,general,instr_only,23,projected_js,0.05699309066403657,128
aim_on_task_arithmetic__calib_instruction,candidate,general,instr_only,24,mmd_rbf,0.006172365974634886,128
aim_on_task_arithmetic__calib_instruction,candidate,general,instr_only,24,projected_js,0.05760141962673515,128
aim_on_task_arithmetic__calib_instruction,candidate,general,instr_only,25,mmd_rbf,0.006229483522474766,128
aim_on_task_arithmetic__calib_instruction,candidate,general,instr_only,25,projected_js,0.06012125627603382,128
aim_on_task_arithmetic__calib_instruction,candidate,general,instr_only,26,mmd_rbf,0.0063787163235247135,128
aim_on_task_arithmetic__calib_instruction,candidate,general,instr_only,26,projected_js,0.05709096250939183,128
aim_on_task_arithmetic__calib_instruction,candidate,general,instr_only,27,mmd_rbf,0.00639280816540122,128
aim_on_task_arithmetic__calib_instruction,candidate,general,instr_only,27,projected_js,0.0600518595892936,128
aim_on_task_arithmetic__calib_instruction,candidate,general,instr_only,28,mmd_rbf,0.006171570159494877,128
aim_on_task_arithmetic__calib_instruction,candidate,general,instr_only,28,projected_js,0.058052452601259574,128
aim_on_task_arithmetic__calib_instruction,candidate,general,instr_only,29,mmd_rbf,0.005852252244949341,128
aim_on_task_arithmetic__calib_instruction,candidate,general,instr_only,29,projected_js,0.05394844085094519,128
aim_on_task_arithmetic__calib_instruction,candidate,general,instr_only,30,mmd_rbf,0.005558302626013756,128
aim_on_task_arithmetic__calib_instruction,candidate,general,instr_only,30,projected_js,0.05910770723130554,128
aim_on_task_arithmetic__calib_instruction,candidate,general,instr_only,31,mmd_rbf,0.00550040090456605,128
aim_on_task_arithmetic__calib_instruction,candidate,general,instr_only,31,projected_js,0.0579450830409769,128
aim_on_task_arithmetic__calib_instruction,candidate,general,instr_only,32,mmd_rbf,0.0056157647632062435,128
aim_on_task_arithmetic__calib_instruction,candidate,general,instr_only,32,projected_js,0.0575489325565286,128
aim_on_task_arithmetic__calib_instruction,candidate,general,instr_only,33,mmd_rbf,0.005582456476986408,128
aim_on_task_arithmetic__calib_instruction,candidate,general,instr_only,33,projected_js,0.05688960966654122,128
aim_on_task_arithmetic__calib_instruction,candidate,general,instr_only,34,mmd_rbf,0.007002658676356077,128
aim_on_task_arithmetic__calib_instruction,candidate,general,instr_only,34,projected_js,0.05807405521045439,128
aim_on_task_arithmetic__calib_instruction,candidate,general,instr_only,35,mmd_rbf,0.03827647864818573,128
aim_on_task_arithmetic__calib_instruction,candidate,general,instr_only,35,projected_js,0.08197518595261499,128
aim_on_task_arithmetic__calib_instruction,candidate,general,reasoning_only,0,mmd_rbf,0.016002411022782326,128
aim_on_task_arithmetic__calib_instruction,candidate,general,reasoning_only,0,projected_js,0.06277152302209288,128
aim_on_task_arithmetic__calib_instruction,candidate,general,reasoning_only,1,mmd_rbf,0.01767667941749096,128
aim_on_task_arithmetic__calib_instruction,candidate,general,reasoning_only,1,projected_js,0.06484049832215533,128
aim_on_task_arithmetic__calib_instruction,candidate,general,reasoning_only,2,mmd_rbf,0.02400065027177334,128
aim_on_task_arithmetic__calib_instruction,candidate,general,reasoning_only,2,projected_js,0.06927696015918627,128
aim_on_task_arithmetic__calib_instruction,candidate,general,reasoning_only,3,mmd_rbf,0.025840390473604202,128
aim_on_task_arithmetic__calib_instruction,candidate,general,reasoning_only,3,projected_js,0.08051340573001653,128
aim_on_task_arithmetic__calib_instruction,candidate,general,reasoning_only,4,mmd_rbf,0.025221124291419983,128
aim_on_task_arithmetic__calib_instruction,candidate,general,reasoning_only,4,projected_js,0.07639945525443181,128
aim_on_task_arithmetic__calib_instruction,candidate,general,reasoning_only,5,mmd_rbf,0.02504926733672619,128
aim_on_task_arithmetic__calib_instruction,candidate,general,reasoning_only,5,projected_js,0.07805339276092127,128
aim_on_task_arithmetic__calib_instruction,candidate,general,reasoning_only,6,mmd_rbf,0.017347833141684532,128
aim_on_task_arithmetic__calib_instruction,candidate,general,reasoning_only,6,projected_js,0.07058617775328457,128
aim_on_task_arithmetic__calib_instruction,candidate,general,reasoning_only,7,mmd_rbf,0.015974050387740135,128
aim_on_task_arithmetic__calib_instruction,candidate,general,reasoning_only,7,projected_js,0.07047404116019607,128
aim_on_task_arithmetic__calib_instruction,candidate,general,reasoning_only,8,mmd_rbf,0.012267440557479858,128
aim_on_task_arithmetic__calib_instruction,candidate,general,reasoning_only,8,projected_js,0.06745147571200505,128
aim_on_task_arithmetic__calib_instruction,candidate,general,reasoning_only,9,mmd_rbf,0.011609372682869434,128
aim_on_task_arithmetic__calib_instruction,candidate,general,reasoning_only,9,projected_js,0.06329320900840685,128
aim_on_task_arithmetic__calib_instruction,candidate,general,reasoning_only,10,mmd_rbf,0.012285862118005753,128
aim_on_task_arithmetic__calib_instruction,candidate,general,reasoning_only,10,projected_js,0.06398696498945355,128
aim_on_task_arithmetic__calib_instruction,candidate,general,reasoning_only,11,mmd_rbf,0.011040608398616314,128
aim_on_task_arithmetic__calib_instruction,candidate,general,reasoning_only,11,projected_js,0.06258931622141972,128
aim_on_task_arithmetic__calib_instruction,candidate,general,reasoning_only,12,mmd_rbf,0.011147641576826572,128
aim_on_task_arithmetic__calib_instruction,candidate,general,reasoning_only,12,projected_js,0.06550601951312274,128
aim_on_task_arithmetic__calib_instruction,candidate,general,reasoning_only,13,mmd_rbf,0.011489246040582657,128
aim_on_task_arithmetic__calib_instruction,candidate,general,reasoning_only,13,projected_js,0.06448579707648605,128
aim_on_task_arithmetic__calib_instruction,candidate,general,reasoning_only,14,mmd_rbf,0.011309398338198662,128
aim_on_task_arithmetic__calib_instruction,candidate,general,reasoning_only,14,projected_js,0.06351510607055388,128
aim_on_task_arithmetic__calib_instruction,candidate,general,reasoning_only,15,mmd_rbf,0.012011030688881874,128
aim_on_task_arithmetic__calib_instruction,candidate,general,reasoning_only,15,projected_js,0.06254188384627923,128
aim_on_task_arithmetic__calib_instruction,candidate,general,reasoning_only,16,mmd_rbf,0.012264265678822994,128
aim_on_task_arithmetic__calib_instruction,candidate,general,reasoning_only,16,projected_js,0.06532774452352896,128
aim_on_task_arithmetic__calib_instruction,candidate,general,reasoning_only,17,mmd_rbf,0.011875676922500134,128
aim_on_task_arithmetic__calib_instruction,candidate,general,reasoning_only,17,projected_js,0.06457520753610879,128
aim_on_task_arithmetic__calib_instruction,candidate,general,reasoning_only,18,mmd_rbf,0.013565701432526112,128
aim_on_task_arithmetic__calib_instruction,candidate,general,reasoning_only,18,projected_js,0.06602902302984148,128
aim_on_task_arithmetic__calib_instruction,candidate,general,reasoning_only,19,mmd_rbf,0.012505893595516682,128
aim_on_task_arithmetic__calib_instruction,candidate,general,reasoning_only,19,projected_js,0.06563121115323156,128
aim_on_task_arithmetic__calib_instruction,candidate,general,reasoning_only,20,mmd_rbf,0.012291938066482544,128
aim_on_task_arithmetic__calib_instruction,candidate,general,reasoning_only,20,projected_js,0.06304087862372398,128
aim_on_task_arithmetic__calib_instruction,candidate,general,reasoning_only,21,mmd_rbf,0.012930253520607948,128
aim_on_task_arithmetic__calib_instruction,candidate,general,reasoning_only,21,projected_js,0.06319694471312687,128
aim_on_task_arithmetic__calib_instruction,candidate,general,reasoning_only,22,mmd_rbf,0.010904932394623756,128
aim_on_task_arithmetic__calib_instruction,candidate,general,reasoning_only,22,projected_js,0.06360745272831991,128
aim_on_task_arithmetic__calib_instruction,candidate,general,reasoning_only,23,mmd_rbf,0.008767071180045605,128
aim_on_task_arithmetic__calib_instruction,candidate,general,reasoning_only,23,projected_js,0.06454000461963005,128
aim_on_task_arithmetic__calib_instruction,candidate,general,reasoning_only,24,mmd_rbf,0.008836030028760433,128
aim_on_task_arithmetic__calib_instruction,candidate,general,reasoning_only,24,projected_js,0.060588176420424134,128
aim_on_task_arithmetic__calib_instruction,candidate,general,reasoning_only,25,mmd_rbf,0.008060741238296032,128
aim_on_task_arithmetic__calib_instruction,candidate,general,reasoning_only,25,projected_js,0.059038428822532296,128
aim_on_task_arithmetic__calib_instruction,candidate,general,reasoning_only,26,mmd_rbf,0.007999535650014877,128
aim_on_task_arithmetic__calib_instruction,candidate,general,reasoning_only,26,projected_js,0.060699911729898304,128
aim_on_task_arithmetic__calib_instruction,candidate,general,reasoning_only,27,mmd_rbf,0.007617270108312368,128
aim_on_task_arithmetic__calib_instruction,candidate,general,reasoning_only,27,projected_js,0.059569208533503115,128
aim_on_task_arithmetic__calib_instruction,candidate,general,reasoning_only,28,mmd_rbf,0.0077805728651583195,128
aim_on_task_arithmetic__calib_instruction,candidate,general,reasoning_only,28,projected_js,0.06028931826585904,128
aim_on_task_arithmetic__calib_instruction,candidate,general,reasoning_only,29,mmd_rbf,0.0076552196405828,128
aim_on_task_arithmetic__calib_instruction,candidate,general,reasoning_only,29,projected_js,0.0591496653505601,128
aim_on_task_arithmetic__calib_instruction,candidate,general,reasoning_only,30,mmd_rbf,0.007479765918105841,128
aim_on_task_arithmetic__calib_instruction,candidate,general,reasoning_only,30,projected_js,0.058520760387182236,128
aim_on_task_arithmetic__calib_instruction,candidate,general,reasoning_only,31,mmd_rbf,0.0074236951768398285,128
aim_on_task_arithmetic__calib_instruction,candidate,general,reasoning_only,31,projected_js,0.05863948445767164,128
aim_on_task_arithmetic__calib_instruction,candidate,general,reasoning_only,32,mmd_rbf,0.007341583259403706,128
aim_on_task_arithmetic__calib_instruction,candidate,general,reasoning_only,32,projected_js,0.06030742364237085,128
aim_on_task_arithmetic__calib_instruction,candidate,general,reasoning_only,33,mmd_rbf,0.007275445852428675,128
aim_on_task_arithmetic__calib_instruction,candidate,general,reasoning_only,33,projected_js,0.061816858302336186,128
aim_on_task_arithmetic__calib_instruction,candidate,general,reasoning_only,34,mmd_rbf,0.007554295007139444,128
aim_on_task_arithmetic__calib_instruction,candidate,general,reasoning_only,34,projected_js,0.059021986089646816,128
aim_on_task_arithmetic__calib_instruction,candidate,general,reasoning_only,35,mmd_rbf,0.02891354262828827,128
aim_on_task_arithmetic__calib_instruction,candidate,general,reasoning_only,35,projected_js,0.07280606147833169,128
aim_on_task_arithmetic__calib_instruction,candidate,general,uncensored_only,0,mmd_rbf,0.007179844658821821,128
aim_on_task_arithmetic__calib_instruction,candidate,general,uncensored_only,0,projected_js,0.03995056543499231,128
aim_on_task_arithmetic__calib_instruction,candidate,general,uncensored_only,1,mmd_rbf,0.16065852344036102,128
aim_on_task_arithmetic__calib_instruction,candidate,general,uncensored_only,1,projected_js,0.16901761118788272,128
aim_on_task_arithmetic__calib_instruction,candidate,general,uncensored_only,2,mmd_rbf,0.13236914575099945,128
aim_on_task_arithmetic__calib_instruction,candidate,general,uncensored_only,2,projected_js,0.13267309160437435,128
aim_on_task_arithmetic__calib_instruction,candidate,general,uncensored_only,3,mmd_rbf,0.10084819048643112,128
aim_on_task_arithmetic__calib_instruction,candidate,general,uncensored_only,3,projected_js,0.12264915241394192,128
aim_on_task_arithmetic__calib_instruction,candidate,general,uncensored_only,4,mmd_rbf,0.07347441464662552,128
aim_on_task_arithmetic__calib_instruction,candidate,general,uncensored_only,4,projected_js,0.11007789499126375,128
aim_on_task_arithmetic__calib_instruction,candidate,general,uncensored_only,5,mmd_rbf,0.05113017559051514,128
aim_on_task_arithmetic__calib_instruction,candidate,general,uncensored_only,5,projected_js,0.10276857687858865,128
aim_on_task_arithmetic__calib_instruction,candidate,general,uncensored_only,6,mmd_rbf,0.028953641653060913,128
aim_on_task_arithmetic__calib_instruction,candidate,general,uncensored_only,6,projected_js,0.08016128366580233,128
aim_on_task_arithmetic__calib_instruction,candidate,general,uncensored_only,7,mmd_rbf,0.022191157564520836,128
aim_on_task_arithmetic__calib_instruction,candidate,general,uncensored_only,7,projected_js,0.07307193451561034,128
aim_on_task_arithmetic__calib_instruction,candidate,general,uncensored_only,8,mmd_rbf,0.014702004380524158,128
aim_on_task_arithmetic__calib_instruction,candidate,general,uncensored_only,8,projected_js,0.06491555942920968,128
aim_on_task_arithmetic__calib_instruction,candidate,general,uncensored_only,9,mmd_rbf,0.012406475841999054,128
aim_on_task_arithmetic__calib_instruction,candidate,general,uncensored_only,9,projected_js,0.06282560844556428,128
aim_on_task_arithmetic__calib_instruction,candidate,general,uncensored_only,10,mmd_rbf,0.01090765930712223,128
aim_on_task_arithmetic__calib_instruction,candidate,general,uncensored_only,10,projected_js,0.06602759659290314,128
aim_on_task_arithmetic__calib_instruction,candidate,general,uncensored_only,11,mmd_rbf,0.009512788616120815,128
aim_on_task_arithmetic__calib_instruction,candidate,general,uncensored_only,11,projected_js,0.06206421577371657,128
aim_on_task_arithmetic__calib_instruction,candidate,general,uncensored_only,12,mmd_rbf,0.00918912049382925,128
aim_on_task_arithmetic__calib_instruction,candidate,general,uncensored_only,12,projected_js,0.061075156612787396,128
aim_on_task_arithmetic__calib_instruction,candidate,general,uncensored_only,13,mmd_rbf,0.009844150394201279,128
aim_on_task_arithmetic__calib_instruction,candidate,general,uncensored_only,13,projected_js,0.06101871078135446,128
aim_on_task_arithmetic__calib_instruction,candidate,general,uncensored_only,14,mmd_rbf,0.009755915962159634,128
aim_on_task_arithmetic__calib_instruction,candidate,general,uncensored_only,14,projected_js,0.06397400738205761,128
aim_on_task_arithmetic__calib_instruction,candidate,general,uncensored_only,15,mmd_rbf,0.012190085835754871,128
aim_on_task_arithmetic__calib_instruction,candidate,general,uncensored_only,15,projected_js,0.06567782169440761,128
aim_on_task_arithmetic__calib_instruction,candidate,general,uncensored_only,16,mmd_rbf,0.01336794625967741,128
aim_on_task_arithmetic__calib_instruction,candidate,general,uncensored_only,16,projected_js,0.0652049490599893,128
aim_on_task_arithmetic__calib_instruction,candidate,general,uncensored_only,17,mmd_rbf,0.012440554797649384,128
aim_on_task_arithmetic__calib_instruction,candidate,general,uncensored_only,17,projected_js,0.06759165192488581,128
aim_on_task_arithmetic__calib_instruction,candidate,general,uncensored_only,18,mmd_rbf,0.01259838230907917,128
aim_on_task_arithmetic__calib_instruction,candidate,general,uncensored_only,18,projected_js,0.06790694379014894,128
aim_on_task_arithmetic__calib_instruction,candidate,general,uncensored_only,19,mmd_rbf,0.011603585444390774,128
aim_on_task_arithmetic__calib_instruction,candidate,general,uncensored_only,19,projected_js,0.0667426694999449,128
aim_on_task_arithmetic__calib_instruction,candidate,general,uncensored_only,20,mmd_rbf,0.011501029133796692,128
aim_on_task_arithmetic__calib_instruction,candidate,general,uncensored_only,20,projected_js,0.06399745063390583,128
aim_on_task_arithmetic__calib_instruction,candidate,general,uncensored_only,21,mmd_rbf,0.012358197942376137,128
aim_on_task_arithmetic__calib_instruction,candidate,general,uncensored_only,21,projected_js,0.06661106453975663,128
aim_on_task_arithmetic__calib_instruction,candidate,general,uncensored_only,22,mmd_rbf,0.012871486134827137,128
aim_on_task_arithmetic__calib_instruction,candidate,general,uncensored_only,22,projected_js,0.06358529772842303,128
aim_on_task_arithmetic__calib_instruction,candidate,general,uncensored_only,23,mmd_rbf,0.012316304259002209,128
aim_on_task_arithmetic__calib_instruction,candidate,general,uncensored_only,23,projected_js,0.06578606244875118,128
aim_on_task_arithmetic__calib_instruction,candidate,general,uncensored_only,24,mmd_rbf,0.01274409331381321,128
aim_on_task_arithmetic__calib_instruction,candidate,general,uncensored_only,24,projected_js,0.06567176268436015,128
aim_on_task_arithmetic__calib_instruction,candidate,general,uncensored_only,25,mmd_rbf,0.01300877332687378,128
aim_on_task_arithmetic__calib_instruction,candidate,general,uncensored_only,25,projected_js,0.06881599494954571,128
aim_on_task_arithmetic__calib_instruction,candidate,general,uncensored_only,26,mmd_rbf,0.013385000638663769,128
aim_on_task_arithmetic__calib_instruction,candidate,general,uncensored_only,26,projected_js,0.06473974755499512,128
aim_on_task_arithmetic__calib_instruction,candidate,general,uncensored_only,27,mmd_rbf,0.013444592244923115,128
aim_on_task_arithmetic__calib_instruction,candidate,general,uncensored_only,27,projected_js,0.06694843005971052,128
aim_on_task_arithmetic__calib_instruction,candidate,general,uncensored_only,28,mmd_rbf,0.01250333059579134,128
aim_on_task_arithmetic__calib_instruction,candidate,general,uncensored_only,28,projected_js,0.06706131476676092,128
aim_on_task_arithmetic__calib_instruction,candidate,general,uncensored_only,29,mmd_rbf,0.012121262960135937,128
aim_on_task_arithmetic__calib_instruction,candidate,general,uncensored_only,29,projected_js,0.06359343155054376,128
aim_on_task_arithmetic__calib_instruction,candidate,general,uncensored_only,30,mmd_rbf,0.012131104245781898,128
aim_on_task_arithmetic__calib_instruction,candidate,general,uncensored_only,30,projected_js,0.06384771055309102,128
aim_on_task_arithmetic__calib_instruction,candidate,general,uncensored_only,31,mmd_rbf,0.011546362191438675,128
aim_on_task_arithmetic__calib_instruction,candidate,general,uncensored_only,31,projected_js,0.06391615624306723,128
aim_on_task_arithmetic__calib_instruction,candidate,general,uncensored_only,32,mmd_rbf,0.011358925141394138,128
aim_on_task_arithmetic__calib_instruction,candidate,general,uncensored_only,32,projected_js,0.0592287429026328,128
aim_on_task_arithmetic__calib_instruction,candidate,general,uncensored_only,33,mmd_rbf,0.011441031470894814,128
aim_on_task_arithmetic__calib_instruction,candidate,general,uncensored_only,33,projected_js,0.06248101918026805,128
aim_on_task_arithmetic__calib_instruction,candidate,general,uncensored_only,34,mmd_rbf,0.012636897154152393,128
aim_on_task_arithmetic__calib_instruction,candidate,general,uncensored_only,34,projected_js,0.06151106598554179,128
aim_on_task_arithmetic__calib_instruction,candidate,general,uncensored_only,35,mmd_rbf,0.05223314091563225,128
aim_on_task_arithmetic__calib_instruction,candidate,general,uncensored_only,35,projected_js,0.09277722687693313,128
aim_on_task_arithmetic__calib_instruction,candidate,instruction,base,0,mmd_rbf,0.0028238892555236816,128
aim_on_task_arithmetic__calib_instruction,candidate,instruction,base,0,projected_js,0.03844551586371381,128
aim_on_task_arithmetic__calib_instruction,candidate,instruction,base,1,mmd_rbf,0.005750620272010565,128
aim_on_task_arithmetic__calib_instruction,candidate,instruction,base,1,projected_js,0.04642185219563544,128
aim_on_task_arithmetic__calib_instruction,candidate,instruction,base,2,mmd_rbf,0.0066359261982142925,128
aim_on_task_arithmetic__calib_instruction,candidate,instruction,base,2,projected_js,0.05389282671967521,128
aim_on_task_arithmetic__calib_instruction,candidate,instruction,base,3,mmd_rbf,0.00906237494200468,128
aim_on_task_arithmetic__calib_instruction,candidate,instruction,base,3,projected_js,0.05868240032577887,128
aim_on_task_arithmetic__calib_instruction,candidate,instruction,base,4,mmd_rbf,0.00860393512994051,128
aim_on_task_arithmetic__calib_instruction,candidate,instruction,base,4,projected_js,0.05963889911072329,128
aim_on_task_arithmetic__calib_instruction,candidate,instruction,base,5,mmd_rbf,0.009090264327824116,128
aim_on_task_arithmetic__calib_instruction,candidate,instruction,base,5,projected_js,0.05584508166066371,128
aim_on_task_arithmetic__calib_instruction,candidate,instruction,base,6,mmd_rbf,0.007941032759845257,128
aim_on_task_arithmetic__calib_instruction,candidate,instruction,base,6,projected_js,0.05603477935073897,128
aim_on_task_arithmetic__calib_instruction,candidate,instruction,base,7,mmd_rbf,0.0075895898044109344,128
aim_on_task_arithmetic__calib_instruction,candidate,instruction,base,7,projected_js,0.06043990919715725,128
aim_on_task_arithmetic__calib_instruction,candidate,instruction,base,8,mmd_rbf,0.0069465250708162785,128
aim_on_task_arithmetic__calib_instruction,candidate,instruction,base,8,projected_js,0.06096494471421465,128
aim_on_task_arithmetic__calib_instruction,candidate,instruction,base,9,mmd_rbf,0.007657258305698633,128
aim_on_task_arithmetic__calib_instruction,candidate,instruction,base,9,projected_js,0.06120733967691194,128
aim_on_task_arithmetic__calib_instruction,candidate,instruction,base,10,mmd_rbf,0.008461549878120422,128
aim_on_task_arithmetic__calib_instruction,candidate,instruction,base,10,projected_js,0.06344021717086434,128
aim_on_task_arithmetic__calib_instruction,candidate,instruction,base,11,mmd_rbf,0.008454774506390095,128
aim_on_task_arithmetic__calib_instruction,candidate,instruction,base,11,projected_js,0.06281629810109735,128
aim_on_task_arithmetic__calib_instruction,candidate,instruction,base,12,mmd_rbf,0.008371485397219658,128
aim_on_task_arithmetic__calib_instruction,candidate,instruction,base,12,projected_js,0.06916799780447036,128
aim_on_task_arithmetic__calib_instruction,candidate,instruction,base,13,mmd_rbf,0.009007829241454601,128
aim_on_task_arithmetic__calib_instruction,candidate,instruction,base,13,projected_js,0.06568817992229015,128
aim_on_task_arithmetic__calib_instruction,candidate,instruction,base,14,mmd_rbf,0.009684277698397636,128
aim_on_task_arithmetic__calib_instruction,candidate,instruction,base,14,projected_js,0.06468411965761334,128
aim_on_task_arithmetic__calib_instruction,candidate,instruction,base,15,mmd_rbf,0.010819192044436932,128
aim_on_task_arithmetic__calib_instruction,candidate,instruction,base,15,projected_js,0.06798288266872987,128
aim_on_task_arithmetic__calib_instruction,candidate,instruction,base,16,mmd_rbf,0.011629108339548111,128
aim_on_task_arithmetic__calib_instruction,candidate,instruction,base,16,projected_js,0.0663999812095426,128
aim_on_task_arithmetic__calib_instruction,candidate,instruction,base,17,mmd_rbf,0.011473684571683407,128
aim_on_task_arithmetic__calib_instruction,candidate,instruction,base,17,projected_js,0.069835260277614,128
aim_on_task_arithmetic__calib_instruction,candidate,instruction,base,18,mmd_rbf,0.012549740262329578,128
aim_on_task_arithmetic__calib_instruction,candidate,instruction,base,18,projected_js,0.07057872362202033,128
aim_on_task_arithmetic__calib_instruction,candidate,instruction,base,19,mmd_rbf,0.013858926482498646,128
aim_on_task_arithmetic__calib_instruction,candidate,instruction,base,19,projected_js,0.06634236162062734,128
aim_on_task_arithmetic__calib_instruction,candidate,instruction,base,20,mmd_rbf,0.013826536945998669,128
aim_on_task_arithmetic__calib_instruction,candidate,instruction,base,20,projected_js,0.067297016561497,128
aim_on_task_arithmetic__calib_instruction,candidate,instruction,base,21,mmd_rbf,0.014775899238884449,128
aim_on_task_arithmetic__calib_instruction,candidate,instruction,base,21,projected_js,0.07238797220634297,128
aim_on_task_arithmetic__calib_instruction,candidate,instruction,base,22,mmd_rbf,0.014274138025939465,128
aim_on_task_arithmetic__calib_instruction,candidate,instruction,base,22,projected_js,0.06908718554768711,128
aim_on_task_arithmetic__calib_instruction,candidate,instruction,base,23,mmd_rbf,0.013271448202431202,128
aim_on_task_arithmetic__calib_instruction,candidate,instruction,base,23,projected_js,0.07083998789312318,128
aim_on_task_arithmetic__calib_instruction,candidate,instruction,base,24,mmd_rbf,0.012285361997783184,128
aim_on_task_arithmetic__calib_instruction,candidate,instruction,base,24,projected_js,0.06843738385941833,128
aim_on_task_arithmetic__calib_instruction,candidate,instruction,base,25,mmd_rbf,0.011484049260616302,128
aim_on_task_arithmetic__calib_instruction,candidate,instruction,base,25,projected_js,0.0658417888043914,128
aim_on_task_arithmetic__calib_instruction,candidate,instruction,base,26,mmd_rbf,0.011053537018597126,128
aim_on_task_arithmetic__calib_instruction,candidate,instruction,base,26,projected_js,0.06530568189918995,128
aim_on_task_arithmetic__calib_instruction,candidate,instruction,base,27,mmd_rbf,0.010713323019444942,128
aim_on_task_arithmetic__calib_instruction,candidate,instruction,base,27,projected_js,0.06665553955826908,128
aim_on_task_arithmetic__calib_instruction,candidate,instruction,base,28,mmd_rbf,0.009966879151761532,128
aim_on_task_arithmetic__calib_instruction,candidate,instruction,base,28,projected_js,0.06546438531950116,128
aim_on_task_arithmetic__calib_instruction,candidate,instruction,base,29,mmd_rbf,0.009435868822038174,128
aim_on_task_arithmetic__calib_instruction,candidate,instruction,base,29,projected_js,0.06454590341309085,128
aim_on_task_arithmetic__calib_instruction,candidate,instruction,base,30,mmd_rbf,0.009228368289768696,128
aim_on_task_arithmetic__calib_instruction,candidate,instruction,base,30,projected_js,0.06396198063157499,128
aim_on_task_arithmetic__calib_instruction,candidate,instruction,base,31,mmd_rbf,0.008963259868323803,128
aim_on_task_arithmetic__calib_instruction,candidate,instruction,base,31,projected_js,0.06705819081980735,128
aim_on_task_arithmetic__calib_instruction,candidate,instruction,base,32,mmd_rbf,0.00937408022582531,128
aim_on_task_arithmetic__calib_instruction,candidate,instruction,base,32,projected_js,0.0686186155071482,128
aim_on_task_arithmetic__calib_instruction,candidate,instruction,base,33,mmd_rbf,0.009652559645473957,128
aim_on_task_arithmetic__calib_instruction,candidate,instruction,base,33,projected_js,0.06619223620509729,128
aim_on_task_arithmetic__calib_instruction,candidate,instruction,base,34,mmd_rbf,0.014987500384449959,128
aim_on_task_arithmetic__calib_instruction,candidate,instruction,base,34,projected_js,0.07642370986286551,128
aim_on_task_arithmetic__calib_instruction,candidate,instruction,base,35,mmd_rbf,0.05282783508300781,128
aim_on_task_arithmetic__calib_instruction,candidate,instruction,base,35,projected_js,0.11292128538480029,128
aim_on_task_arithmetic__calib_instruction,candidate,instruction,instr_only,0,mmd_rbf,0.0016337663400918245,128
aim_on_task_arithmetic__calib_instruction,candidate,instruction,instr_only,0,projected_js,0.033582096904865466,128
aim_on_task_arithmetic__calib_instruction,candidate,instruction,instr_only,1,mmd_rbf,0.0034658610820770264,128
aim_on_task_arithmetic__calib_instruction,candidate,instruction,instr_only,1,projected_js,0.03849685634486377,128
aim_on_task_arithmetic__calib_instruction,candidate,instruction,instr_only,2,mmd_rbf,0.004394218325614929,128
aim_on_task_arithmetic__calib_instruction,candidate,instruction,instr_only,2,projected_js,0.0468332510208711,128
aim_on_task_arithmetic__calib_instruction,candidate,instruction,instr_only,3,mmd_rbf,0.004770469851791859,128
aim_on_task_arithmetic__calib_instruction,candidate,instruction,instr_only,3,projected_js,0.045398267364362255,128
aim_on_task_arithmetic__calib_instruction,candidate,instruction,instr_only,4,mmd_rbf,0.005060897208750248,128
aim_on_task_arithmetic__calib_instruction,candidate,instruction,instr_only,4,projected_js,0.04962141298165079,128
aim_on_task_arithmetic__calib_instruction,candidate,instruction,instr_only,5,mmd_rbf,0.005361977498978376,128
aim_on_task_arithmetic__calib_instruction,candidate,instruction,instr_only,5,projected_js,0.04654776511597447,128
aim_on_task_arithmetic__calib_instruction,candidate,instruction,instr_only,6,mmd_rbf,0.004004999529570341,128
aim_on_task_arithmetic__calib_instruction,candidate,instruction,instr_only,6,projected_js,0.04894507824792527,128
aim_on_task_arithmetic__calib_instruction,candidate,instruction,instr_only,7,mmd_rbf,0.0034651176538318396,128
aim_on_task_arithmetic__calib_instruction,candidate,instruction,instr_only,7,projected_js,0.05136062347446568,128
aim_on_task_arithmetic__calib_instruction,candidate,instruction,instr_only,8,mmd_rbf,0.003062835428863764,128
aim_on_task_arithmetic__calib_instruction,candidate,instruction,instr_only,8,projected_js,0.05058946707868017,128
aim_on_task_arithmetic__calib_instruction,candidate,instruction,instr_only,9,mmd_rbf,0.0030180986505001783,128
aim_on_task_arithmetic__calib_instruction,candidate,instruction,instr_only,9,projected_js,0.051341928978217766,128
aim_on_task_arithmetic__calib_instruction,candidate,instruction,instr_only,10,mmd_rbf,0.0033020158298313618,128
aim_on_task_arithmetic__calib_instruction,candidate,instruction,instr_only,10,projected_js,0.05389405769528821,128
aim_on_task_arithmetic__calib_instruction,candidate,instruction,instr_only,11,mmd_rbf,0.0030850793700665236,128
aim_on_task_arithmetic__calib_instruction,candidate,instruction,instr_only,11,projected_js,0.05855006043566391,128
aim_on_task_arithmetic__calib_instruction,candidate,instruction,instr_only,12,mmd_rbf,0.0030429386533796787,128
aim_on_task_arithmetic__calib_instruction,candidate,instruction,instr_only,12,projected_js,0.0576209892751649,128
aim_on_task_arithmetic__calib_instruction,candidate,instruction,instr_only,13,mmd_rbf,0.003132736776024103,128
aim_on_task_arithmetic__calib_instruction,candidate,instruction,instr_only,13,projected_js,0.05875310010742396,128
aim_on_task_arithmetic__calib_instruction,candidate,instruction,instr_only,14,mmd_rbf,0.0031511231791228056,128
aim_on_task_arithmetic__calib_instruction,candidate,instruction,instr_only,14,projected_js,0.05651640455471352,128
aim_on_task_arithmetic__calib_instruction,candidate,instruction,instr_only,15,mmd_rbf,0.0032992311753332615,128
aim_on_task_arithmetic__calib_instruction,candidate,instruction,instr_only,15,projected_js,0.059945298300590366,128
aim_on_task_arithmetic__calib_instruction,candidate,instruction,instr_only,16,mmd_rbf,0.0034333050716668367,128
aim_on_task_arithmetic__calib_instruction,candidate,instruction,instr_only,16,projected_js,0.06093716184841469,128
aim_on_task_arithmetic__calib_instruction,candidate,instruction,instr_only,17,mmd_rbf,0.003662365721538663,128
aim_on_task_arithmetic__calib_instruction,candidate,instruction,instr_only,17,projected_js,0.05757386120967567,128
aim_on_task_arithmetic__calib_instruction,candidate,instruction,instr_only,18,mmd_rbf,0.003984679933637381,128
aim_on_task_arithmetic__calib_instruction,candidate,instruction,instr_only,18,projected_js,0.06083786621456966,128
aim_on_task_arithmetic__calib_instruction,candidate,instruction,instr_only,19,mmd_rbf,0.004557816777378321,128
aim_on_task_arithmetic__calib_instruction,candidate,instruction,instr_only,19,projected_js,0.0596283923368901,128
aim_on_task_arithmetic__calib_instruction,candidate,instruction,instr_only,20,mmd_rbf,0.004908236209303141,128
aim_on_task_arithmetic__calib_instruction,candidate,instruction,instr_only,20,projected_js,0.060937460482819006,128
aim_on_task_arithmetic__calib_instruction,candidate,instruction,instr_only,21,mmd_rbf,0.005760406609624624,128
aim_on_task_arithmetic__calib_instruction,candidate,instruction,instr_only,21,projected_js,0.06449307169532403,128
aim_on_task_arithmetic__calib_instruction,candidate,instruction,instr_only,22,mmd_rbf,0.006208200007677078,128
aim_on_task_arithmetic__calib_instruction,candidate,instruction,instr_only,22,projected_js,0.06576031801523641,128
aim_on_task_arithmetic__calib_instruction,candidate,instruction,instr_only,23,mmd_rbf,0.00643175421282649,128
aim_on_task_arithmetic__calib_instruction,candidate,instruction,instr_only,23,projected_js,0.06436818375368603,128
aim_on_task_arithmetic__calib_instruction,candidate,instruction,instr_only,24,mmd_rbf,0.006488043814897537,128
aim_on_task_arithmetic__calib_instruction,candidate,instruction,instr_only,24,projected_js,0.06422204017871991,128
aim_on_task_arithmetic__calib_instruction,candidate,instruction,instr_only,25,mmd_rbf,0.006699570454657078,128
aim_on_task_arithmetic__calib_instruction,candidate,instruction,instr_only,25,projected_js,0.0683637922629714,128
aim_on_task_arithmetic__calib_instruction,candidate,instruction,instr_only,26,mmd_rbf,0.006917208433151245,128
aim_on_task_arithmetic__calib_instruction,candidate,instruction,instr_only,26,projected_js,0.06356127792969346,128
aim_on_task_arithmetic__calib_instruction,candidate,instruction,instr_only,27,mmd_rbf,0.00686776265501976,128
aim_on_task_arithmetic__calib_instruction,candidate,instruction,instr_only,27,projected_js,0.06473832117626444,128
aim_on_task_arithmetic__calib_instruction,candidate,instruction,instr_only,28,mmd_rbf,0.006616465747356415,128
aim_on_task_arithmetic__calib_instruction,candidate,instruction,instr_only,28,projected_js,0.061683934764005244,128
aim_on_task_arithmetic__calib_instruction,candidate,instruction,instr_only,29,mmd_rbf,0.006252993829548359,128
aim_on_task_arithmetic__calib_instruction,candidate,instruction,instr_only,29,projected_js,0.06285632506478578,128
aim_on_task_arithmetic__calib_instruction,candidate,instruction,instr_only,30,mmd_rbf,0.0061562927439808846,128
aim_on_task_arithmetic__calib_instruction,candidate,instruction,instr_only,30,projected_js,0.06335917947581038,128
aim_on_task_arithmetic__calib_instruction,candidate,instruction,instr_only,31,mmd_rbf,0.006112444680184126,128
aim_on_task_arithmetic__calib_instruction,candidate,instruction,instr_only,31,projected_js,0.06134493061108515,128
aim_on_task_arithmetic__calib_instruction,candidate,instruction,instr_only,32,mmd_rbf,0.006112880539149046,128
aim_on_task_arithmetic__calib_instruction,candidate,instruction,instr_only,32,projected_js,0.06274957861751318,128
aim_on_task_arithmetic__calib_instruction,candidate,instruction,instr_only,33,mmd_rbf,0.006168466527014971,128
aim_on_task_arithmetic__calib_instruction,candidate,instruction,instr_only,33,projected_js,0.06290950201218948,128
aim_on_task_arithmetic__calib_instruction,candidate,instruction,instr_only,34,mmd_rbf,0.0076919603161513805,128
aim_on_task_arithmetic__calib_instruction,candidate,instruction,instr_only,34,projected_js,0.063288108271081,128
aim_on_task_arithmetic__calib_instruction,candidate,instruction,instr_only,35,mmd_rbf,0.03468112275004387,128
aim_on_task_arithmetic__calib_instruction,candidate,instruction,instr_only,35,projected_js,0.09020650910679251,128
aim_on_task_arithmetic__calib_instruction,candidate,instruction,reasoning_only,0,mmd_rbf,0.00748676061630249,128
aim_on_task_arithmetic__calib_instruction,candidate,instruction,reasoning_only,0,projected_js,0.057663031067932025,128
aim_on_task_arithmetic__calib_instruction,candidate,instruction,reasoning_only,1,mmd_rbf,0.011883472092449665,128
aim_on_task_arithmetic__calib_instruction,candidate,instruction,reasoning_only,1,projected_js,0.060374406864866614,128
aim_on_task_arithmetic__calib_instruction,candidate,instruction,reasoning_only,2,mmd_rbf,0.018006179481744766,128
aim_on_task_arithmetic__calib_instruction,candidate,instruction,reasoning_only,2,projected_js,0.07009663377539255,128
aim_on_task_arithmetic__calib_instruction,candidate,instruction,reasoning_only,3,mmd_rbf,0.01950589194893837,128
aim_on_task_arithmetic__calib_instruction,candidate,instruction,reasoning_only,3,projected_js,0.07180315244477242,128
aim_on_task_arithmetic__calib_instruction,candidate,instruction,reasoning_only,4,mmd_rbf,0.020690232515335083,128
aim_on_task_arithmetic__calib_instruction,candidate,instruction,reasoning_only,4,projected_js,0.07784078794065863,128
aim_on_task_arithmetic__calib_instruction,candidate,instruction,reasoning_only,5,mmd_rbf,0.022637436166405678,128
aim_on_task_arithmetic__calib_instruction,candidate,instruction,reasoning_only,5,projected_js,0.07686900510452688,128
aim_on_task_arithmetic__calib_instruction,candidate,instruction,reasoning_only,6,mmd_rbf,0.017245791852474213,128
aim_on_task_arithmetic__calib_instruction,candidate,instruction,reasoning_only,6,projected_js,0.07706704057636671,128
aim_on_task_arithmetic__calib_instruction,candidate,instruction,reasoning_only,7,mmd_rbf,0.017054153606295586,128
aim_on_task_arithmetic__calib_instruction,candidate,instruction,reasoning_only,7,projected_js,0.07598057051654905,128
aim_on_task_arithmetic__calib_instruction,candidate,instruction,reasoning_only,8,mmd_rbf,0.013411742635071278,128
aim_on_task_arithmetic__calib_instruction,candidate,instruction,reasoning_only,8,projected_js,0.07431122771231458,128
aim_on_task_arithmetic__calib_instruction,candidate,instruction,reasoning_only,9,mmd_rbf,0.01302669383585453,128
aim_on_task_arithmetic__calib_instruction,candidate,instruction,reasoning_only,9,projected_js,0.07093523407820612,128
aim_on_task_arithmetic__calib_instruction,candidate,instruction,reasoning_only,10,mmd_rbf,0.014540952630341053,128
aim_on_task_arithmetic__calib_instruction,candidate,instruction,reasoning_only,10,projected_js,0.0728327707038261,128
aim_on_task_arithmetic__calib_instruction,candidate,instruction,reasoning_only,11,mmd_rbf,0.013892496936023235,128
aim_on_task_arithmetic__calib_instruction,candidate,instruction,reasoning_only,11,projected_js,0.06989350687945262,128
aim_on_task_arithmetic__calib_instruction,candidate,instruction,reasoning_only,12,mmd_rbf,0.014637081883847713,128
aim_on_task_arithmetic__calib_instruction,candidate,instruction,reasoning_only,12,projected_js,0.07685350545216352,128
aim_on_task_arithmetic__calib_instruction,candidate,instruction,reasoning_only,13,mmd_rbf,0.015213693492114544,128
aim_on_task_arithmetic__calib_instruction,candidate,instruction,reasoning_only,13,projected_js,0.07574346498586237,128
aim_on_task_arithmetic__calib_instruction,candidate,instruction,reasoning_only,14,mmd_rbf,0.015070894733071327,128
aim_on_task_arithmetic__calib_instruction,candidate,instruction,reasoning_only,14,projected_js,0.07199346140259877,128
aim_on_task_arithmetic__calib_instruction,candidate,instruction,reasoning_only,15,mmd_rbf,0.015999892726540565,128
aim_on_task_arithmetic__calib_instruction,candidate,instruction,reasoning_only,15,projected_js,0.07297354791080579,128
aim_on_task_arithmetic__calib_instruction,candidate,instruction,reasoning_only,16,mmd_rbf,0.016382668167352676,128
aim_on_task_arithmetic__calib_instruction,candidate,instruction,reasoning_only,16,projected_js,0.0770699264248833,128
aim_on_task_arithmetic__calib_instruction,candidate,instruction,reasoning_only,17,mmd_rbf,0.016088295727968216,128
aim_on_task_arithmetic__calib_instruction,candidate,instruction,reasoning_only,17,projected_js,0.06921124330256134,128
aim_on_task_arithmetic__calib_instruction,candidate,instruction,reasoning_only,18,mmd_rbf,0.01860046200454235,128
aim_on_task_arithmetic__calib_instruction,candidate,instruction,reasoning_only,18,projected_js,0.0720561861526221,128
aim_on_task_arithmetic__calib_instruction,candidate,instruction,reasoning_only,19,mmd_rbf,0.01889263652265072,128
aim_on_task_arithmetic__calib_instruction,candidate,instruction,reasoning_only,19,projected_js,0.07292206294368953,128
aim_on_task_arithmetic__calib_instruction,candidate,instruction,reasoning_only,20,mmd_rbf,0.018637165427207947,128
aim_on_task_arithmetic__calib_instruction,candidate,instruction,reasoning_only,20,projected_js,0.07379347755340859,128
aim_on_task_arithmetic__calib_instruction,candidate,instruction,reasoning_only,21,mmd_rbf,0.019450616091489792,128
aim_on_task_arithmetic__calib_instruction,candidate,instruction,reasoning_only,21,projected_js,0.0754575738683343,128
aim_on_task_arithmetic__calib_instruction,candidate,instruction,reasoning_only,22,mmd_rbf,0.01809552311897278,128
aim_on_task_arithmetic__calib_instruction,candidate,instruction,reasoning_only,22,projected_js,0.07799401349620894,128
aim_on_task_arithmetic__calib_instruction,candidate,instruction,reasoning_only,23,mmd_rbf,0.015536612831056118,128
aim_on_task_arithmetic__calib_instruction,candidate,instruction,reasoning_only,23,projected_js,0.07667090650647879,128
aim_on_task_arithmetic__calib_instruction,candidate,instruction,reasoning_only,24,mmd_rbf,0.016062449663877487,128
aim_on_task_arithmetic__calib_instruction,candidate,instruction,reasoning_only,24,projected_js,0.07516736176330596,128
aim_on_task_arithmetic__calib_instruction,candidate,instruction,reasoning_only,25,mmd_rbf,0.015192173421382904,128
aim_on_task_arithmetic__calib_instruction,candidate,instruction,reasoning_only,25,projected_js,0.07277125935070217,128
aim_on_task_arithmetic__calib_instruction,candidate,instruction,reasoning_only,26,mmd_rbf,0.015379003249108791,128
aim_on_task_arithmetic__calib_instruction,candidate,instruction,reasoning_only,26,projected_js,0.07113969168858603,128
aim_on_task_arithmetic__calib_instruction,candidate,instruction,reasoning_only,27,mmd_rbf,0.01511183101683855,128
aim_on_task_arithmetic__calib_instruction,candidate,instruction,reasoning_only,27,projected_js,0.07381702039856464,128
aim_on_task_arithmetic__calib_instruction,candidate,instruction,reasoning_only,28,mmd_rbf,0.015273268334567547,128
aim_on_task_arithmetic__calib_instruction,candidate,instruction,reasoning_only,28,projected_js,0.07315889419987798,128
aim_on_task_arithmetic__calib_instruction,candidate,instruction,reasoning_only,29,mmd_rbf,0.014768636785447598,128
aim_on_task_arithmetic__calib_instruction,candidate,instruction,reasoning_only,29,projected_js,0.07146753754932433,128
aim_on_task_arithmetic__calib_instruction,candidate,instruction,reasoning_only,30,mmd_rbf,0.015121497213840485,128
aim_on_task_arithmetic__calib_instruction,candidate,instruction,reasoning_only,30,projected_js,0.07030599302379414,128
aim_on_task_arithmetic__calib_instruction,candidate,instruction,reasoning_only,31,mmd_rbf,0.014969006180763245,128
aim_on_task_arithmetic__calib_instruction,candidate,instruction,reasoning_only,31,projected_js,0.07447154074907303,128
aim_on_task_arithmetic__calib_instruction,candidate,instruction,reasoning_only,32,mmd_rbf,0.014654591679573059,128
aim_on_task_arithmetic__calib_instruction,candidate,instruction,reasoning_only,32,projected_js,0.07015926379244775,128
aim_on_task_arithmetic__calib_instruction,candidate,instruction,reasoning_only,33,mmd_rbf,0.01379773672670126,128
aim_on_task_arithmetic__calib_instruction,candidate,instruction,reasoning_only,33,projected_js,0.07245023787254468,128
aim_on_task_arithmetic__calib_instruction,candidate,instruction,reasoning_only,34,mmd_rbf,0.014099128544330597,128
aim_on_task_arithmetic__calib_instruction,candidate,instruction,reasoning_only,34,projected_js,0.06796464323997498,128
aim_on_task_arithmetic__calib_instruction,candidate,instruction,reasoning_only,35,mmd_rbf,0.02178516611456871,128
aim_on_task_arithmetic__calib_instruction,candidate,instruction,reasoning_only,35,projected_js,0.07525935093872249,128
aim_on_task_arithmetic__calib_instruction,candidate,instruction,uncensored_only,0,mmd_rbf,0.005041635129600763,128
aim_on_task_arithmetic__calib_instruction,candidate,instruction,uncensored_only,0,projected_js,0.04612957012432162,128
aim_on_task_arithmetic__calib_instruction,candidate,instruction,uncensored_only,1,mmd_rbf,0.1276232749223709,128
aim_on_task_arithmetic__calib_instruction,candidate,instruction,uncensored_only,1,projected_js,0.1530730540980585,128
aim_on_task_arithmetic__calib_instruction,candidate,instruction,uncensored_only,2,mmd_rbf,0.11310340464115143,128
aim_on_task_arithmetic__calib_instruction,candidate,instruction,uncensored_only,2,projected_js,0.13517433835659176,128
aim_on_task_arithmetic__calib_instruction,candidate,instruction,uncensored_only,3,mmd_rbf,0.08463603258132935,128
aim_on_task_arithmetic__calib_instruction,candidate,instruction,uncensored_only,3,projected_js,0.11541906103957444,128
aim_on_task_arithmetic__calib_instruction,candidate,instruction,uncensored_only,4,mmd_rbf,0.061745282262563705,128
aim_on_task_arithmetic__calib_instruction,candidate,instruction,uncensored_only,4,projected_js,0.10874257993418723,128
aim_on_task_arithmetic__calib_instruction,candidate,instruction,uncensored_only,5,mmd_rbf,0.04566926136612892,128
aim_on_task_arithmetic__calib_instruction,candidate,instruction,uncensored_only,5,projected_js,0.09626634756568819,128
aim_on_task_arithmetic__calib_instruction,candidate,instruction,uncensored_only,6,mmd_rbf,0.0276640597730875,128
aim_on_task_arithmetic__calib_instruction,candidate,instruction,uncensored_only,6,projected_js,0.08379795483779162,128
aim_on_task_arithmetic__calib_instruction,candidate,instruction,uncensored_only,7,mmd_rbf,0.022279193624854088,128
aim_on_task_arithmetic__calib_instruction,candidate,instruction,uncensored_only,7,projected_js,0.07764136092737317,128
aim_on_task_arithmetic__calib_instruction,candidate,instruction,uncensored_only,8,mmd_rbf,0.015404491685330868,128
aim_on_task_arithmetic__calib_instruction,candidate,instruction,uncensored_only,8,projected_js,0.07234479219187051,128
aim_on_task_arithmetic__calib_instruction,candidate,instruction,uncensored_only,9,mmd_rbf,0.012874416075646877,128
aim_on_task_arithmetic__calib_instruction,candidate,instruction,uncensored_only,9,projected_js,0.06455838054534979,128
aim_on_task_arithmetic__calib_instruction,candidate,instruction,uncensored_only,10,mmd_rbf,0.011594378389418125,128
aim_on_task_arithmetic__calib_instruction,candidate,instruction,uncensored_only,10,projected_js,0.06630715329083614,128
aim_on_task_arithmetic__calib_instruction,candidate,instruction,uncensored_only,11,mmd_rbf,0.009705419652163982,128
aim_on_task_arithmetic__calib_instruction,candidate,instruction,uncensored_only,11,projected_js,0.06525892380159348,128
aim_on_task_arithmetic__calib_instruction,candidate,instruction,uncensored_only,12,mmd_rbf,0.009544837288558483,128
aim_on_task_arithmetic__calib_instruction,candidate,instruction,uncensored_only,12,projected_js,0.067959790059831,128
aim_on_task_arithmetic__calib_instruction,candidate,instruction,uncensored_only,13,mmd_rbf,0.009968037717044353,128
aim_on_task_arithmetic__calib_instruction,candidate,instruction,uncensored_only,13,projected_js,0.07223885814892128,128
aim_on_task_arithmetic__calib_instruction,candidate,instruction,uncensored_only,14,mmd_rbf,0.01052918191999197,128
aim_on_task_arithmetic__calib_instruction,candidate,instruction,uncensored_only,14,projected_js,0.06515808432595804,128
aim_on_task_arithmetic__calib_instruction,candidate,instruction,uncensored_only,15,mmd_rbf,0.012635946273803711,128
aim_on_task_arithmetic__calib_instruction,candidate,instruction,uncensored_only,15,projected_js,0.06954612745903432,128
aim_on_task_arithmetic__calib_instruction,candidate,instruction,uncensored_only,16,mmd_rbf,0.013294893316924572,128
aim_on_task_arithmetic__calib_instruction,candidate,instruction,uncensored_only,16,projected_js,0.07217109645716846,128
aim_on_task_arithmetic__calib_instruction,candidate,instruction,uncensored_only,17,mmd_rbf,0.012850402854382992,128
aim_on_task_arithmetic__calib_instruction,candidate,instruction,uncensored_only,17,projected_js,0.0694380669738166,128
aim_on_task_arithmetic__calib_instruction,candidate,instruction,uncensored_only,18,mmd_rbf,0.012857121415436268,128
aim_on_task_arithmetic__calib_instruction,candidate,instruction,uncensored_only,18,projected_js,0.07155443745432422,128
aim_on_task_arithmetic__calib_instruction,candidate,instruction,uncensored_only,19,mmd_rbf,0.012771173380315304,128
aim_on_task_arithmetic__calib_instruction,candidate,instruction,uncensored_only,19,projected_js,0.07357229985063896,128
aim_on_task_arithmetic__calib_instruction,candidate,instruction,uncensored_only,20,mmd_rbf,0.013242778368294239,128
aim_on_task_arithmetic__calib_instruction,candidate,instruction,uncensored_only,20,projected_js,0.07018260704353452,128
aim_on_task_arithmetic__calib_instruction,candidate,instruction,uncensored_only,21,mmd_rbf,0.014458593912422657,128
aim_on_task_arithmetic__calib_instruction,candidate,instruction,uncensored_only,21,projected_js,0.07031331246253103,128
aim_on_task_arithmetic__calib_instruction,candidate,instruction,uncensored_only,22,mmd_rbf,0.015813302248716354,128
aim_on_task_arithmetic__calib_instruction,candidate,instruction,uncensored_only,22,projected_js,0.07053615496261045,128
aim_on_task_arithmetic__calib_instruction,candidate,instruction,uncensored_only,23,mmd_rbf,0.015894776210188866,128
aim_on_task_arithmetic__calib_instruction,candidate,instruction,uncensored_only,23,projected_js,0.07236921298317611,128
aim_on_task_arithmetic__calib_instruction,candidate,instruction,uncensored_only,24,mmd_rbf,0.01727665774524212,128
aim_on_task_arithmetic__calib_instruction,candidate,instruction,uncensored_only,24,projected_js,0.07711864152224734,128
aim_on_task_arithmetic__calib_instruction,candidate,instruction,uncensored_only,25,mmd_rbf,0.018004603683948517,128
aim_on_task_arithmetic__calib_instruction,candidate,instruction,uncensored_only,25,projected_js,0.07925858133239672,128
aim_on_task_arithmetic__calib_instruction,candidate,instruction,uncensored_only,26,mmd_rbf,0.01843860186636448,128
aim_on_task_arithmetic__calib_instruction,candidate,instruction,uncensored_only,26,projected_js,0.0771870679454878,128
aim_on_task_arithmetic__calib_instruction,candidate,instruction,uncensored_only,27,mmd_rbf,0.018341701477766037,128
aim_on_task_arithmetic__calib_instruction,candidate,instruction,uncensored_only,27,projected_js,0.07758892729179934,128
aim_on_task_arithmetic__calib_instruction,candidate,instruction,uncensored_only,28,mmd_rbf,0.016459600999951363,128
aim_on_task_arithmetic__calib_instruction,candidate,instruction,uncensored_only,28,projected_js,0.07501613150816411,128
aim_on_task_arithmetic__calib_instruction,candidate,instruction,uncensored_only,29,mmd_rbf,0.015547108836472034,128
aim_on_task_arithmetic__calib_instruction,candidate,instruction,uncensored_only,29,projected_js,0.07312859536614269,128
aim_on_task_arithmetic__calib_instruction,candidate,instruction,uncensored_only,30,mmd_rbf,0.01566760055720806,128
aim_on_task_arithmetic__calib_instruction,candidate,instruction,uncensored_only,30,projected_js,0.07134746195515618,128
aim_on_task_arithmetic__calib_instruction,candidate,instruction,uncensored_only,31,mmd_rbf,0.015104147605597973,128
aim_on_task_arithmetic__calib_instruction,candidate,instruction,uncensored_only,31,projected_js,0.06967776938108727,128
aim_on_task_arithmetic__calib_instruction,candidate,instruction,uncensored_only,32,mmd_rbf,0.0149338124319911,128
aim_on_task_arithmetic__calib_instruction,candidate,instruction,uncensored_only,32,projected_js,0.07153276755707338,128
aim_on_task_arithmetic__calib_instruction,candidate,instruction,uncensored_only,33,mmd_rbf,0.014914633706212044,128
aim_on_task_arithmetic__calib_instruction,candidate,instruction,uncensored_only,33,projected_js,0.07110334222670645,128
aim_on_task_arithmetic__calib_instruction,candidate,instruction,uncensored_only,34,mmd_rbf,0.01644180528819561,128
aim_on_task_arithmetic__calib_instruction,candidate,instruction,uncensored_only,34,projected_js,0.07412193849449977,128
aim_on_task_arithmetic__calib_instruction,candidate,instruction,uncensored_only,35,mmd_rbf,0.044590022414922714,128
aim_on_task_arithmetic__calib_instruction,candidate,instruction,uncensored_only,35,projected_js,0.09159280639141798,128
aim_on_task_arithmetic__calib_instruction,candidate,reasoning,base,0,mmd_rbf,0.001874408102594316,128
aim_on_task_arithmetic__calib_instruction,candidate,reasoning,base,0,projected_js,0.03898134408518672,128
aim_on_task_arithmetic__calib_instruction,candidate,reasoning,base,1,mmd_rbf,0.004098211415112019,128
aim_on_task_arithmetic__calib_instruction,candidate,reasoning,base,1,projected_js,0.04279577059787698,128
aim_on_task_arithmetic__calib_instruction,candidate,reasoning,base,2,mmd_rbf,0.004656427539885044,128
aim_on_task_arithmetic__calib_instruction,candidate,reasoning,base,2,projected_js,0.045773389138048515,128
aim_on_task_arithmetic__calib_instruction,candidate,reasoning,base,3,mmd_rbf,0.005762792658060789,128
aim_on_task_arithmetic__calib_instruction,candidate,reasoning,base,3,projected_js,0.051273045246489346,128
aim_on_task_arithmetic__calib_instruction,candidate,reasoning,base,4,mmd_rbf,0.005955131258815527,128
aim_on_task_arithmetic__calib_instruction,candidate,reasoning,base,4,projected_js,0.05106843335670419,128
aim_on_task_arithmetic__calib_instruction,candidate,reasoning,base,5,mmd_rbf,0.005369231104850769,128
aim_on_task_arithmetic__calib_instruction,candidate,reasoning,base,5,projected_js,0.04898811609018594,128
aim_on_task_arithmetic__calib_instruction,candidate,reasoning,base,6,mmd_rbf,0.0042524016462266445,128
aim_on_task_arithmetic__calib_instruction,candidate,reasoning,base,6,projected_js,0.050067001255229115,128
aim_on_task_arithmetic__calib_instruction,candidate,reasoning,base,7,mmd_rbf,0.0041430736891925335,128
aim_on_task_arithmetic__calib_instruction,candidate,reasoning,base,7,projected_js,0.05485570628661662,128
aim_on_task_arithmetic__calib_instruction,candidate,reasoning,base,8,mmd_rbf,0.003909656312316656,128
aim_on_task_arithmetic__calib_instruction,candidate,reasoning,base,8,projected_js,0.05582048470387235,128
aim_on_task_arithmetic__calib_instruction,candidate,reasoning,base,9,mmd_rbf,0.004133406560868025,128
aim_on_task_arithmetic__calib_instruction,candidate,reasoning,base,9,projected_js,0.05725563265150413,128
aim_on_task_arithmetic__calib_instruction,candidate,reasoning,base,10,mmd_rbf,0.004459119867533445,128
aim_on_task_arithmetic__calib_instruction,candidate,reasoning,base,10,projected_js,0.04922411902225576,128
aim_on_task_arithmetic__calib_instruction,candidate,reasoning,base,11,mmd_rbf,0.004312111996114254,128
aim_on_task_arithmetic__calib_instruction,candidate,reasoning,base,11,projected_js,0.05452914341003634,128
aim_on_task_arithmetic__calib_instruction,candidate,reasoning,base,12,mmd_rbf,0.004527863580733538,128
aim_on_task_arithmetic__calib_instruction,candidate,reasoning,base,12,projected_js,0.053766808385262266,128
aim_on_task_arithmetic__calib_instruction,candidate,reasoning,base,13,mmd_rbf,0.004602422472089529,128
aim_on_task_arithmetic__calib_instruction,candidate,reasoning,base,13,projected_js,0.05983972590183839,128
aim_on_task_arithmetic__calib_instruction,candidate,reasoning,base,14,mmd_rbf,0.004821756388992071,128
aim_on_task_arithmetic__calib_instruction,candidate,reasoning,base,14,projected_js,0.05743033072212711,128
aim_on_task_arithmetic__calib_instruction,candidate,reasoning,base,15,mmd_rbf,0.005309291183948517,128
aim_on_task_arithmetic__calib_instruction,candidate,reasoning,base,15,projected_js,0.05869640380842611,128
aim_on_task_arithmetic__calib_instruction,candidate,reasoning,base,16,mmd_rbf,0.005930975079536438,128
aim_on_task_arithmetic__calib_instruction,candidate,reasoning,base,16,projected_js,0.057808678975561634,128
aim_on_task_arithmetic__calib_instruction,candidate,reasoning,base,17,mmd_rbf,0.005828352179378271,128
aim_on_task_arithmetic__calib_instruction,candidate,reasoning,base,17,projected_js,0.05641441521584056,128
aim_on_task_arithmetic__calib_instruction,candidate,reasoning,base,18,mmd_rbf,0.006256617605686188,128
aim_on_task_arithmetic__calib_instruction,candidate,reasoning,base,18,projected_js,0.061972634750418365,128
aim_on_task_arithmetic__calib_instruction,candidate,reasoning,base,19,mmd_rbf,0.006523697171360254,128
aim_on_task_arithmetic__calib_instruction,candidate,reasoning,base,19,projected_js,0.06340893759625033,128
aim_on_task_arithmetic__calib_instruction,candidate,reasoning,base,20,mmd_rbf,0.006266409065574408,128
aim_on_task_arithmetic__calib_instruction,candidate,reasoning,base,20,projected_js,0.06055716599803418,128
aim_on_task_arithmetic__calib_instruction,candidate,reasoning,base,21,mmd_rbf,0.006429930217564106,128
aim_on_task_arithmetic__calib_instruction,candidate,reasoning,base,21,projected_js,0.06024583737598732,128
aim_on_task_arithmetic__calib_instruction,candidate,reasoning,base,22,mmd_rbf,0.006038888823240995,128
aim_on_task_arithmetic__calib_instruction,candidate,reasoning,base,22,projected_js,0.06208484974922612,128
aim_on_task_arithmetic__calib_instruction,candidate,reasoning,base,23,mmd_rbf,0.005833183415234089,128
aim_on_task_arithmetic__calib_instruction,candidate,reasoning,base,23,projected_js,0.0539003569574561,128
aim_on_task_arithmetic__calib_instruction,candidate,reasoning,base,24,mmd_rbf,0.005319477524608374,128
aim_on_task_arithmetic__calib_instruction,candidate,reasoning,base,24,projected_js,0.054827170504722744,128
aim_on_task_arithmetic__calib_instruction,candidate,reasoning,base,25,mmd_rbf,0.005002379883080721,128
aim_on_task_arithmetic__calib_instruction,candidate,reasoning,base,25,projected_js,0.05699988972628489,128
aim_on_task_arithmetic__calib_instruction,candidate,reasoning,base,26,mmd_rbf,0.004836242645978928,128
aim_on_task_arithmetic__calib_instruction,candidate,reasoning,base,26,projected_js,0.0570130652631633,128
aim_on_task_arithmetic__calib_instruction,candidate,reasoning,base,27,mmd_rbf,0.004866396076977253,128
aim_on_task_arithmetic__calib_instruction,candidate,reasoning,base,27,projected_js,0.057668836729135364,128
aim_on_task_arithmetic__calib_instruction,candidate,reasoning,base,28,mmd_rbf,0.004945217166095972,128
aim_on_task_arithmetic__calib_instruction,candidate,reasoning,base,28,projected_js,0.06376538146287203,128
aim_on_task_arithmetic__calib_instruction,candidate,reasoning,base,29,mmd_rbf,0.005025832913815975,128
aim_on_task_arithmetic__calib_instruction,candidate,reasoning,base,29,projected_js,0.06082269782200456,128
aim_on_task_arithmetic__calib_instruction,candidate,reasoning,base,30,mmd_rbf,0.005066285375505686,128
aim_on_task_arithmetic__calib_instruction,candidate,reasoning,base,30,projected_js,0.06011862843297422,128
aim_on_task_arithmetic__calib_instruction,candidate,reasoning,base,31,mmd_rbf,0.0050941514782607555,128
aim_on_task_arithmetic__calib_instruction,candidate,reasoning,base,31,projected_js,0.059522480849409476,128
aim_on_task_arithmetic__calib_instruction,candidate,reasoning,base,32,mmd_rbf,0.0055025359615683556,128
aim_on_task_arithmetic__calib_instruction,candidate,reasoning,base,32,projected_js,0.058259270794223994,128
aim_on_task_arithmetic__calib_instruction,candidate,reasoning,base,33,mmd_rbf,0.00584312854334712,128
aim_on_task_arithmetic__calib_instruction,candidate,reasoning,base,33,projected_js,0.05824821995338425,128
aim_on_task_arithmetic__calib_instruction,candidate,reasoning,base,34,mmd_rbf,0.0086781932041049,128
aim_on_task_arithmetic__calib_instruction,candidate,reasoning,base,34,projected_js,0.06623897975077853,128
aim_on_task_arithmetic__calib_instruction,candidate,reasoning,base,35,mmd_rbf,0.04281691834330559,128
aim_on_task_arithmetic__calib_instruction,candidate,reasoning,base,35,projected_js,0.09107451554154977,128
aim_on_task_arithmetic__calib_instruction,candidate,reasoning,instr_only,0,mmd_rbf,0.0009700834634713829,128
aim_on_task_arithmetic__calib_instruction,candidate,reasoning,instr_only,0,projected_js,0.030435067557846196,128
aim_on_task_arithmetic__calib_instruction,candidate,reasoning,instr_only,1,mmd_rbf,0.0019370571244508028,128
aim_on_task_arithmetic__calib_instruction,candidate,reasoning,instr_only,1,projected_js,0.034326632478041574,128
aim_on_task_arithmetic__calib_instruction,candidate,reasoning,instr_only,2,mmd_rbf,0.0025565647520124912,128
aim_on_task_arithmetic__calib_instruction,candidate,reasoning,instr_only,2,projected_js,0.03894532358390279,128
aim_on_task_arithmetic__calib_instruction,candidate,reasoning,instr_only,3,mmd_rbf,0.002800637623295188,128
aim_on_task_arithmetic__calib_instruction,candidate,reasoning,instr_only,3,projected_js,0.040475659145158716,128
aim_on_task_arithmetic__calib_instruction,candidate,reasoning,instr_only,4,mmd_rbf,0.002602584660053253,128
aim_on_task_arithmetic__calib_instruction,candidate,reasoning,instr_only,4,projected_js,0.04294451270834543,128
aim_on_task_arithmetic__calib_instruction,candidate,reasoning,instr_only,5,mmd_rbf,0.002392201218754053,128
aim_on_task_arithmetic__calib_instruction,candidate,reasoning,instr_only,5,projected_js,0.03966146751190536,128
aim_on_task_arithmetic__calib_instruction,candidate,reasoning,instr_only,6,mmd_rbf,0.0017652258975431323,128
aim_on_task_arithmetic__calib_instruction,candidate,reasoning,instr_only,6,projected_js,0.04425223430735059,128
aim_on_task_arithmetic__calib_instruction,candidate,reasoning,instr_only,7,mmd_rbf,0.0016329623758792877,128
aim_on_task_arithmetic__calib_instruction,candidate,reasoning,instr_only,7,projected_js,0.04365464809234254,128
aim_on_task_arithmetic__calib_instruction,candidate,reasoning,instr_only,8,mmd_rbf,0.0014723449712619185,128
aim_on_task_arithmetic__calib_instruction,candidate,reasoning,instr_only,8,projected_js,0.045221981417853385,128
aim_on_task_arithmetic__calib_instruction,candidate,reasoning,instr_only,9,mmd_rbf,0.0014995363308116794,128
aim_on_task_arithmetic__calib_instruction,candidate,reasoning,instr_only,9,projected_js,0.044822591939009726,128
aim_on_task_arithmetic__calib_instruction,candidate,reasoning,instr_only,10,mmd_rbf,0.0015266634291037917,128
aim_on_task_arithmetic__calib_instruction,candidate,reasoning,instr_only,10,projected_js,0.043497822392964736,128
aim_on_task_arithmetic__calib_instruction,candidate,reasoning,instr_only,11,mmd_rbf,0.0014522705459967256,128
aim_on_task_arithmetic__calib_instruction,candidate,reasoning,instr_only,11,projected_js,0.045095299457898363,128
aim_on_task_arithmetic__calib_instruction,candidate,reasoning,instr_only,12,mmd_rbf,0.001538323238492012,128
aim_on_task_arithmetic__calib_instruction,candidate,reasoning,instr_only,12,projected_js,0.049950585496844724,128
aim_on_task_arithmetic__calib_instruction,candidate,reasoning,instr_only,13,mmd_rbf,0.0016530957072973251,128
aim_on_task_arithmetic__calib_instruction,candidate,reasoning,instr_only,13,projected_js,0.05043562481296249,128
aim_on_task_arithmetic__calib_instruction,candidate,reasoning,instr_only,14,mmd_rbf,0.0016797028947621584,128
aim_on_task_arithmetic__calib_instruction,candidate,reasoning,instr_only,14,projected_js,0.04492897729505785,128
aim_on_task_arithmetic__calib_instruction,candidate,reasoning,instr_only,15,mmd_rbf,0.001845075166784227,128
aim_on_task_arithmetic__calib_instruction,candidate,reasoning,instr_only,15,projected_js,0.051125122932717204,128
aim_on_task_arithmetic__calib_instruction,candidate,reasoning,instr_only,16,mmd_rbf,0.0019844782073050737,128
aim_on_task_arithmetic__calib_instruction,candidate,reasoning,instr_only,16,projected_js,0.05359862098703161,128
aim_on_task_arithmetic__calib_instruction,candidate,reasoning,instr_only,17,mmd_rbf,0.0021384430583566427,128
aim_on_task_arithmetic__calib_instruction,candidate,reasoning,instr_only,17,projected_js,0.053624058375135064,128
aim_on_task_arithmetic__calib_instruction,candidate,reasoning,instr_only,18,mmd_rbf,0.0022337951231747866,128
aim_on_task_arithmetic__calib_instruction,candidate,reasoning,instr_only,18,projected_js,0.05359009117819369,128
aim_on_task_arithmetic__calib_instruction,candidate,reasoning,instr_only,19,mmd_rbf,0.0023963123094290495,128
aim_on_task_arithmetic__calib_instruction,candidate,reasoning,instr_only,19,projected_js,0.05663308114162646,128
aim_on_task_arithmetic__calib_instruction,candidate,reasoning,instr_only,20,mmd_rbf,0.002411138964816928,128
aim_on_task_arithmetic__calib_instruction,candidate,reasoning,instr_only,20,projected_js,0.05161876112106256,128
aim_on_task_arithmetic__calib_instruction,candidate,reasoning,instr_only,21,mmd_rbf,0.0024538510479032993,128
aim_on_task_arithmetic__calib_instruction,candidate,reasoning,instr_only,21,projected_js,0.05211399219115265,128
aim_on_task_arithmetic__calib_instruction,candidate,reasoning,instr_only,22,mmd_rbf,0.00251766643486917,128
aim_on_task_arithmetic__calib_instruction,candidate,reasoning,instr_only,22,projected_js,0.051720162795390934,128
aim_on_task_arithmetic__calib_instruction,candidate,reasoning,instr_only,23,mmd_rbf,0.00255385204218328,128
aim_on_task_arithmetic__calib_instruction,candidate,reasoning,instr_only,23,projected_js,0.05009729860466905,128
aim_on_task_arithmetic__calib_instruction,candidate,reasoning,instr_only,24,mmd_rbf,0.0026373565196990967,128
aim_on_task_arithmetic__calib_instruction,candidate,reasoning,instr_only,24,projected_js,0.05367721265065484,128
aim_on_task_arithmetic__calib_instruction,candidate,reasoning,instr_only,25,mmd_rbf,0.0026406438555568457,128
aim_on_task_arithmetic__calib_instruction,candidate,reasoning,instr_only,25,projected_js,0.04777810143423267,128
aim_on_task_arithmetic__calib_instruction,candidate,reasoning,instr_only,26,mmd_rbf,0.0026964102871716022,128
aim_on_task_arithmetic__calib_instruction,candidate,reasoning,instr_only,26,projected_js,0.05158958866377361,128
aim_on_task_arithmetic__calib_instruction,candidate,reasoning,instr_only,27,mmd_rbf,0.0027503424789756536,128
aim_on_task_arithmetic__calib_instruction,candidate,reasoning,instr_only,27,projected_js,0.05183538477285765,128
aim_on_task_arithmetic__calib_instruction,candidate,reasoning,instr_only,28,mmd_rbf,0.0028322346042841673,128
aim_on_task_arithmetic__calib_instruction,candidate,reasoning,instr_only,28,projected_js,0.050803108111722395,128
aim_on_task_arithmetic__calib_instruction,candidate,reasoning,instr_only,29,mmd_rbf,0.002823463873937726,128
aim_on_task_arithmetic__calib_instruction,candidate,reasoning,instr_only,29,projected_js,0.0524634625762701,128
aim_on_task_arithmetic__calib_instruction,candidate,reasoning,instr_only,30,mmd_rbf,0.0028968278784304857,128
aim_on_task_arithmetic__calib_instruction,candidate,reasoning,instr_only,30,projected_js,0.05157643201528117,128
aim_on_task_arithmetic__calib_instruction,candidate,reasoning,instr_only,31,mmd_rbf,0.0030788839794695377,128
aim_on_task_arithmetic__calib_instruction,candidate,reasoning,instr_only,31,projected_js,0.05271310108946636,128
aim_on_task_arithmetic__calib_instruction,candidate,reasoning,instr_only,32,mmd_rbf,0.003194867167621851,128
aim_on_task_arithmetic__calib_instruction,candidate,reasoning,instr_only,32,projected_js,0.052831272332696244,128
aim_on_task_arithmetic__calib_instruction,candidate,reasoning,instr_only,33,mmd_rbf,0.0033083781599998474,128
aim_on_task_arithmetic__calib_instruction,candidate,reasoning,instr_only,33,projected_js,0.0535596928675659,128
aim_on_task_arithmetic__calib_instruction,candidate,reasoning,instr_only,34,mmd_rbf,0.0042244731448590755,128
aim_on_task_arithmetic__calib_instruction,candidate,reasoning,instr_only,34,projected_js,0.05502765407436527,128
aim_on_task_arithmetic__calib_instruction,candidate,reasoning,instr_only,35,mmd_rbf,0.023114532232284546,128
aim_on_task_arithmetic__calib_instruction,candidate,reasoning,instr_only,35,projected_js,0.07049343106336892,128
aim_on_task_arithmetic__calib_instruction,candidate,reasoning,reasoning_only,0,mmd_rbf,0.0044647157192230225,128
aim_on_task_arithmetic__calib_instruction,candidate,reasoning,reasoning_only,0,projected_js,0.048626523406710476,128
aim_on_task_arithmetic__calib_instruction,candidate,reasoning,reasoning_only,1,mmd_rbf,0.007126075215637684,128
aim_on_task_arithmetic__calib_instruction,candidate,reasoning,reasoning_only,1,projected_js,0.05536286925780587,128
aim_on_task_arithmetic__calib_instruction,candidate,reasoning,reasoning_only,2,mmd_rbf,0.013184482231736183,128
aim_on_task_arithmetic__calib_instruction,candidate,reasoning,reasoning_only,2,projected_js,0.06315144832478836,128
aim_on_task_arithmetic__calib_instruction,candidate,reasoning,reasoning_only,3,mmd_rbf,0.015909014269709587,128
aim_on_task_arithmetic__calib_instruction,candidate,reasoning,reasoning_only,3,projected_js,0.0683596956951078,128
aim_on_task_arithmetic__calib_instruction,candidate,reasoning,reasoning_only,4,mmd_rbf,0.01513148844242096,128
aim_on_task_arithmetic__calib_instruction,candidate,reasoning,reasoning_only,4,projected_js,0.06813852995401248,128
aim_on_task_arithmetic__calib_instruction,candidate,reasoning,reasoning_only,5,mmd_rbf,0.014224350452423096,128
aim_on_task_arithmetic__calib_instruction,candidate,reasoning,reasoning_only,5,projected_js,0.06551724148448557,128
aim_on_task_arithmetic__calib_instruction,candidate,reasoning,reasoning_only,6,mmd_rbf,0.010809888131916523,128
aim_on_task_arithmetic__calib_instruction,candidate,reasoning,reasoning_only,6,projected_js,0.06227549514733255,128
aim_on_task_arithmetic__calib_instruction,candidate,reasoning,reasoning_only,7,mmd_rbf,0.011305030435323715,128
aim_on_task_arithmetic__calib_instruction,candidate,reasoning,reasoning_only,7,projected_js,0.06503532838542014,128
aim_on_task_arithmetic__calib_instruction,candidate,reasoning,reasoning_only,8,mmd_rbf,0.009957626461982727,128
aim_on_task_arithmetic__calib_instruction,candidate,reasoning,reasoning_only,8,projected_js,0.0642820110078901,128
aim_on_task_arithmetic__calib_instruction,candidate,reasoning,reasoning_only,9,mmd_rbf,0.010098804719746113,128
aim_on_task_arithmetic__calib_instruction,candidate,reasoning,reasoning_only,9,projected_js,0.06395109399454668,128
aim_on_task_arithmetic__calib_instruction,candidate,reasoning,reasoning_only,10,mmd_rbf,0.01096709631383419,128
aim_on_task_arithmetic__calib_instruction,candidate,reasoning,reasoning_only,10,projected_js,0.06653996696695685,128
aim_on_task_arithmetic__calib_instruction,candidate,reasoning,reasoning_only,11,mmd_rbf,0.010305154137313366,128
aim_on_task_arithmetic__calib_instruction,candidate,reasoning,reasoning_only,11,projected_js,0.0661464903387241,128
aim_on_task_arithmetic__calib_instruction,candidate,reasoning,reasoning_only,12,mmd_rbf,0.010329931043088436,128
aim_on_task_arithmetic__calib_instruction,candidate,reasoning,reasoning_only,12,projected_js,0.0643792457995005,128
aim_on_task_arithmetic__calib_instruction,candidate,reasoning,reasoning_only,13,mmd_rbf,0.010586975142359734,128
aim_on_task_arithmetic__calib_instruction,candidate,reasoning,reasoning_only,13,projected_js,0.06689122860552743,128
aim_on_task_arithmetic__calib_instruction,candidate,reasoning,reasoning_only,14,mmd_rbf,0.010416114702820778,128
aim_on_task_arithmetic__calib_instruction,candidate,reasoning,reasoning_only,14,projected_js,0.06234983348986134,128
aim_on_task_arithmetic__calib_instruction,candidate,reasoning,reasoning_only,15,mmd_rbf,0.011230124160647392,128
aim_on_task_arithmetic__calib_instruction,candidate,reasoning,reasoning_only,15,projected_js,0.06399200431769714,128
aim_on_task_arithmetic__calib_instruction,candidate,reasoning,reasoning_only,16,mmd_rbf,0.011612571775913239,128
aim_on_task_arithmetic__calib_instruction,candidate,reasoning,reasoning_only,16,projected_js,0.06723550663446076,128
aim_on_task_arithmetic__calib_instruction,candidate,reasoning,reasoning_only,17,mmd_rbf,0.011253729462623596,128
aim_on_task_arithmetic__calib_instruction,candidate,reasoning,reasoning_only,17,projected_js,0.06343628029571846,128
aim_on_task_arithmetic__calib_instruction,candidate,reasoning,reasoning_only,18,mmd_rbf,0.012749853543937206,128
aim_on_task_arithmetic__calib_instruction,candidate,reasoning,reasoning_only,18,projected_js,0.06594872241839767,128
aim_on_task_arithmetic__calib_instruction,candidate,reasoning,reasoning_only,19,mmd_rbf,0.011934931389987469,128
aim_on_task_arithmetic__calib_instruction,candidate,reasoning,reasoning_only,19,projected_js,0.06566379909054376,128
aim_on_task_arithmetic__calib_instruction,candidate,reasoning,reasoning_only,20,mmd_rbf,0.011410376988351345,128
aim_on_task_arithmetic__calib_instruction,candidate,reasoning,reasoning_only,20,projected_js,0.06717211316572502,128
aim_on_task_arithmetic__calib_instruction,candidate,reasoning,reasoning_only,21,mmd_rbf,0.01177190151065588,128
aim_on_task_arithmetic__calib_instruction,candidate,reasoning,reasoning_only,21,projected_js,0.06716261722613126,128
aim_on_task_arithmetic__calib_instruction,candidate,reasoning,reasoning_only,22,mmd_rbf,0.01014538574963808,128
aim_on_task_arithmetic__calib_instruction,candidate,reasoning,reasoning_only,22,projected_js,0.06457787967519835,128
aim_on_task_arithmetic__calib_instruction,candidate,reasoning,reasoning_only,23,mmd_rbf,0.0082664480432868,128
aim_on_task_arithmetic__calib_instruction,candidate,reasoning,reasoning_only,23,projected_js,0.061630160053027794,128
aim_on_task_arithmetic__calib_instruction,candidate,reasoning,reasoning_only,24,mmd_rbf,0.007867731153964996,128
aim_on_task_arithmetic__calib_instruction,candidate,reasoning,reasoning_only,24,projected_js,0.059026161092333496,128
aim_on_task_arithmetic__calib_instruction,candidate,reasoning,reasoning_only,25,mmd_rbf,0.006919465959072113,128
aim_on_task_arithmetic__calib_instruction,candidate,reasoning,reasoning_only,25,projected_js,0.06028072437038645,128
aim_on_task_arithmetic__calib_instruction,candidate,reasoning,reasoning_only,26,mmd_rbf,0.006475283298641443,128
aim_on_task_arithmetic__calib_instruction,candidate,reasoning,reasoning_only,26,projected_js,0.06016810084111057,128
aim_on_task_arithmetic__calib_instruction,candidate,reasoning,reasoning_only,27,mmd_rbf,0.006295441184192896,128
aim_on_task_arithmetic__calib_instruction,candidate,reasoning,reasoning_only,27,projected_js,0.0590465179993771,128
aim_on_task_arithmetic__calib_instruction,candidate,reasoning,reasoning_only,28,mmd_rbf,0.006459673400968313,128
aim_on_task_arithmetic__calib_instruction,candidate,reasoning,reasoning_only,28,projected_js,0.06171531803556718,128
aim_on_task_arithmetic__calib_instruction,candidate,reasoning,reasoning_only,29,mmd_rbf,0.00638127326965332,128
aim_on_task_arithmetic__calib_instruction,candidate,reasoning,reasoning_only,29,projected_js,0.062068914296105504,128
aim_on_task_arithmetic__calib_instruction,candidate,reasoning,reasoning_only,30,mmd_rbf,0.006594631355255842,128
aim_on_task_arithmetic__calib_instruction,candidate,reasoning,reasoning_only,30,projected_js,0.0657906275591813,128
aim_on_task_arithmetic__calib_instruction,candidate,reasoning,reasoning_only,31,mmd_rbf,0.006769135128706694,128
aim_on_task_arithmetic__calib_instruction,candidate,reasoning,reasoning_only,31,projected_js,0.06213357747765258,128
aim_on_task_arithmetic__calib_instruction,candidate,reasoning,reasoning_only,32,mmd_rbf,0.0068025789223611355,128
aim_on_task_arithmetic__calib_instruction,candidate,reasoning,reasoning_only,32,projected_js,0.06205010967096314,128
aim_on_task_arithmetic__calib_instruction,candidate,reasoning,reasoning_only,33,mmd_rbf,0.007093361113220453,128
aim_on_task_arithmetic__calib_instruction,candidate,reasoning,reasoning_only,33,projected_js,0.06184573762584478,128
aim_on_task_arithmetic__calib_instruction,candidate,reasoning,reasoning_only,34,mmd_rbf,0.007853538729250431,128
aim_on_task_arithmetic__calib_instruction,candidate,reasoning,reasoning_only,34,projected_js,0.05930744094075635,128
aim_on_task_arithmetic__calib_instruction,candidate,reasoning,reasoning_only,35,mmd_rbf,0.031253889203071594,128
aim_on_task_arithmetic__calib_instruction,candidate,reasoning,reasoning_only,35,projected_js,0.08092612866312265,128
aim_on_task_arithmetic__calib_instruction,candidate,reasoning,uncensored_only,0,mmd_rbf,0.0027900785207748413,128
aim_on_task_arithmetic__calib_instruction,candidate,reasoning,uncensored_only,0,projected_js,0.037146157745155506,128
aim_on_task_arithmetic__calib_instruction,candidate,reasoning,uncensored_only,1,mmd_rbf,0.07974420487880707,128
aim_on_task_arithmetic__calib_instruction,candidate,reasoning,uncensored_only,1,projected_js,0.11792009734199382,128
aim_on_task_arithmetic__calib_instruction,candidate,reasoning,uncensored_only,2,mmd_rbf,0.07451944053173065,128
aim_on_task_arithmetic__calib_instruction,candidate,reasoning,uncensored_only,2,projected_js,0.10478424860048108,128
aim_on_task_arithmetic__calib_instruction,candidate,reasoning,uncensored_only,3,mmd_rbf,0.056697726249694824,128
aim_on_task_arithmetic__calib_instruction,candidate,reasoning,uncensored_only,3,projected_js,0.09504097132594325,128
aim_on_task_arithmetic__calib_instruction,candidate,reasoning,uncensored_only,4,mmd_rbf,0.03843386843800545,128
aim_on_task_arithmetic__calib_instruction,candidate,reasoning,uncensored_only,4,projected_js,0.09030197755782865,128
aim_on_task_arithmetic__calib_instruction,candidate,reasoning,uncensored_only,5,mmd_rbf,0.02498222514986992,128
aim_on_task_arithmetic__calib_instruction,candidate,reasoning,uncensored_only,5,projected_js,0.07964569359319285,128
aim_on_task_arithmetic__calib_instruction,candidate,reasoning,uncensored_only,6,mmd_rbf,0.015136468224227428,128
aim_on_task_arithmetic__calib_instruction,candidate,reasoning,uncensored_only,6,projected_js,0.06939026742475107,128
aim_on_task_arithmetic__calib_instruction,candidate,reasoning,uncensored_only,7,mmd_rbf,0.013354286551475525,128
aim_on_task_arithmetic__calib_instruction,candidate,reasoning,uncensored_only,7,projected_js,0.06811432362883352,128
aim_on_task_arithmetic__calib_instruction,candidate,reasoning,uncensored_only,8,mmd_rbf,0.010305910371243954,128
aim_on_task_arithmetic__calib_instruction,candidate,reasoning,uncensored_only,8,projected_js,0.060787297785282135,128
aim_on_task_arithmetic__calib_instruction,candidate,reasoning,uncensored_only,9,mmd_rbf,0.008890245109796524,128
aim_on_task_arithmetic__calib_instruction,candidate,reasoning,uncensored_only,9,projected_js,0.06329501685104333,128
aim_on_task_arithmetic__calib_instruction,candidate,reasoning,uncensored_only,10,mmd_rbf,0.00797693245112896,128
aim_on_task_arithmetic__calib_instruction,candidate,reasoning,uncensored_only,10,projected_js,0.05863951696665026,128
aim_on_task_arithmetic__calib_instruction,candidate,reasoning,uncensored_only,11,mmd_rbf,0.0068992129527032375,128
aim_on_task_arithmetic__calib_instruction,candidate,reasoning,uncensored_only,11,projected_js,0.05788558773929253,128
aim_on_task_arithmetic__calib_instruction,candidate,reasoning,uncensored_only,12,mmd_rbf,0.00684015080332756,128
aim_on_task_arithmetic__calib_instruction,candidate,reasoning,uncensored_only,12,projected_js,0.058194841200020164,128
aim_on_task_arithmetic__calib_instruction,candidate,reasoning,uncensored_only,13,mmd_rbf,0.007099476642906666,128
aim_on_task_arithmetic__calib_instruction,candidate,reasoning,uncensored_only,13,projected_js,0.06515134102664888,128
aim_on_task_arithmetic__calib_instruction,candidate,reasoning,uncensored_only,14,mmd_rbf,0.007450424134731293,128
aim_on_task_arithmetic__calib_instruction,candidate,reasoning,uncensored_only,14,projected_js,0.060718714201357216,128
aim_on_task_arithmetic__calib_instruction,candidate,reasoning,uncensored_only,15,mmd_rbf,0.009098169393837452,128
aim_on_task_arithmetic__calib_instruction,candidate,reasoning,uncensored_only,15,projected_js,0.0631376177771017,128
aim_on_task_arithmetic__calib_instruction,candidate,reasoning,uncensored_only,16,mmd_rbf,0.009813967160880566,128
aim_on_task_arithmetic__calib_instruction,candidate,reasoning,uncensored_only,16,projected_js,0.06153877259930596,128
aim_on_task_arithmetic__calib_instruction,candidate,reasoning,uncensored_only,17,mmd_rbf,0.009592579677700996,128
aim_on_task_arithmetic__calib_instruction,candidate,reasoning,uncensored_only,17,projected_js,0.06051824858877808,128
aim_on_task_arithmetic__calib_instruction,candidate,reasoning,uncensored_only,18,mmd_rbf,0.009522262960672379,128
aim_on_task_arithmetic__calib_instruction,candidate,reasoning,uncensored_only,18,projected_js,0.06314530922099948,128
aim_on_task_arithmetic__calib_instruction,candidate,reasoning,uncensored_only,19,mmd_rbf,0.009416980668902397,128
aim_on_task_arithmetic__calib_instruction,candidate,reasoning,uncensored_only,19,projected_js,0.06243665615329519,128
aim_on_task_arithmetic__calib_instruction,candidate,reasoning,uncensored_only,20,mmd_rbf,0.009601649828255177,128
aim_on_task_arithmetic__calib_instruction,candidate,reasoning,uncensored_only,20,projected_js,0.06680811033584177,128
aim_on_task_arithmetic__calib_instruction,candidate,reasoning,uncensored_only,21,mmd_rbf,0.01018974557518959,128
aim_on_task_arithmetic__calib_instruction,candidate,reasoning,uncensored_only,21,projected_js,0.06330890761455521,128
aim_on_task_arithmetic__calib_instruction,candidate,reasoning,uncensored_only,22,mmd_rbf,0.010366628877818584,128
aim_on_task_arithmetic__calib_instruction,candidate,reasoning,uncensored_only,22,projected_js,0.060849209083244205,128
aim_on_task_arithmetic__calib_instruction,candidate,reasoning,uncensored_only,23,mmd_rbf,0.010129286907613277,128
aim_on_task_arithmetic__calib_instruction,candidate,reasoning,uncensored_only,23,projected_js,0.06446722283726558,128
aim_on_task_arithmetic__calib_instruction,candidate,reasoning,uncensored_only,24,mmd_rbf,0.010097071528434753,128
aim_on_task_arithmetic__calib_instruction,candidate,reasoning,uncensored_only,24,projected_js,0.06700392730999738,128
aim_on_task_arithmetic__calib_instruction,candidate,reasoning,uncensored_only,25,mmd_rbf,0.010213266126811504,128
aim_on_task_arithmetic__calib_instruction,candidate,reasoning,uncensored_only,25,projected_js,0.06609005149221048,128
aim_on_task_arithmetic__calib_instruction,candidate,reasoning,uncensored_only,26,mmd_rbf,0.010221652686595917,128
aim_on_task_arithmetic__calib_instruction,candidate,reasoning,uncensored_only,26,projected_js,0.06466508930316195,128
aim_on_task_arithmetic__calib_instruction,candidate,reasoning,uncensored_only,27,mmd_rbf,0.010358411818742752,128
aim_on_task_arithmetic__calib_instruction,candidate,reasoning,uncensored_only,27,projected_js,0.06668586720479652,128
aim_on_task_arithmetic__calib_instruction,candidate,reasoning,uncensored_only,28,mmd_rbf,0.009966552257537842,128
aim_on_task_arithmetic__calib_instruction,candidate,reasoning,uncensored_only,28,projected_js,0.0637534226407297,128
aim_on_task_arithmetic__calib_instruction,candidate,reasoning,uncensored_only,29,mmd_rbf,0.01009621936827898,128
aim_on_task_arithmetic__calib_instruction,candidate,reasoning,uncensored_only,29,projected_js,0.06432250863872468,128
aim_on_task_arithmetic__calib_instruction,candidate,reasoning,uncensored_only,30,mmd_rbf,0.010384982451796532,128
aim_on_task_arithmetic__calib_instruction,candidate,reasoning,uncensored_only,30,projected_js,0.0651481130043976,128
aim_on_task_arithmetic__calib_instruction,candidate,reasoning,uncensored_only,31,mmd_rbf,0.01032919343560934,128
aim_on_task_arithmetic__calib_instruction,candidate,reasoning,uncensored_only,31,projected_js,0.06375334798940457,128
aim_on_task_arithmetic__calib_instruction,candidate,reasoning,uncensored_only,32,mmd_rbf,0.010496369563043118,128
aim_on_task_arithmetic__calib_instruction,candidate,reasoning,uncensored_only,32,projected_js,0.06542679743142799,128
aim_on_task_arithmetic__calib_instruction,candidate,reasoning,uncensored_only,33,mmd_rbf,0.010691381990909576,128
aim_on_task_arithmetic__calib_instruction,candidate,reasoning,uncensored_only,33,projected_js,0.06482041871640831,128
aim_on_task_arithmetic__calib_instruction,candidate,reasoning,uncensored_only,34,mmd_rbf,0.01142143364995718,128
aim_on_task_arithmetic__calib_instruction,candidate,reasoning,uncensored_only,34,projected_js,0.06705393121228553,128
aim_on_task_arithmetic__calib_instruction,candidate,reasoning,uncensored_only,35,mmd_rbf,0.030036399140954018,128
aim_on_task_arithmetic__calib_instruction,candidate,reasoning,uncensored_only,35,projected_js,0.07897389214485884,128
aim_on_task_arithmetic__calib_instruction,candidate,uncensored_refusal_like,base,0,mmd_rbf,0.00786448735743761,128
aim_on_task_arithmetic__calib_instruction,candidate,uncensored_refusal_like,base,0,projected_js,0.05038609687471762,128
aim_on_task_arithmetic__calib_instruction,candidate,uncensored_refusal_like,base,1,mmd_rbf,0.013568008318543434,128
aim_on_task_arithmetic__calib_instruction,candidate,uncensored_refusal_like,base,1,projected_js,0.06518879337818362,128
aim_on_task_arithmetic__calib_instruction,candidate,uncensored_refusal_like,base,2,mmd_rbf,0.014889958314597607,128
aim_on_task_arithmetic__calib_instruction,candidate,uncensored_refusal_like,base,2,projected_js,0.06333798536797985,128
aim_on_task_arithmetic__calib_instruction,candidate,uncensored_refusal_like,base,3,mmd_rbf,0.024773845449090004,128
aim_on_task_arithmetic__calib_instruction,candidate,uncensored_refusal_like,base,3,projected_js,0.08121519052656367,128
aim_on_task_arithmetic__calib_instruction,candidate,uncensored_refusal_like,base,4,mmd_rbf,0.023827945813536644,128
aim_on_task_arithmetic__calib_instruction,candidate,uncensored_refusal_like,base,4,projected_js,0.0778665950638242,128
aim_on_task_arithmetic__calib_instruction,candidate,uncensored_refusal_like,base,5,mmd_rbf,0.024979501962661743,128
aim_on_task_arithmetic__calib_instruction,candidate,uncensored_refusal_like,base,5,projected_js,0.07551717583555728,128
aim_on_task_arithmetic__calib_instruction,candidate,uncensored_refusal_like,base,6,mmd_rbf,0.021827643737196922,128
aim_on_task_arithmetic__calib_instruction,candidate,uncensored_refusal_like,base,6,projected_js,0.07347937789745629,128
aim_on_task_arithmetic__calib_instruction,candidate,uncensored_refusal_like,base,7,mmd_rbf,0.019832896068692207,128
aim_on_task_arithmetic__calib_instruction,candidate,uncensored_refusal_like,base,7,projected_js,0.06834042677655816,128
aim_on_task_arithmetic__calib_instruction,candidate,uncensored_refusal_like,base,8,mmd_rbf,0.01794835925102234,128
aim_on_task_arithmetic__calib_instruction,candidate,uncensored_refusal_like,base,8,projected_js,0.06933813684736378,128
aim_on_task_arithmetic__calib_instruction,candidate,uncensored_refusal_like,base,9,mmd_rbf,0.02058948576450348,128
aim_on_task_arithmetic__calib_instruction,candidate,uncensored_refusal_like,base,9,projected_js,0.07232331682462245,128
aim_on_task_arithmetic__calib_instruction,candidate,uncensored_refusal_like,base,10,mmd_rbf,0.022456321865320206,128
aim_on_task_arithmetic__calib_instruction,candidate,uncensored_refusal_like,base,10,projected_js,0.07558180135674775,128
aim_on_task_arithmetic__calib_instruction,candidate,uncensored_refusal_like,base,11,mmd_rbf,0.024756580591201782,128
aim_on_task_arithmetic__calib_instruction,candidate,uncensored_refusal_like,base,11,projected_js,0.0781650094431825,128
aim_on_task_arithmetic__calib_instruction,candidate,uncensored_refusal_like,base,12,mmd_rbf,0.028069758787751198,128
aim_on_task_arithmetic__calib_instruction,candidate,uncensored_refusal_like,base,12,projected_js,0.07963705074507743,128
aim_on_task_arithmetic__calib_instruction,candidate,uncensored_refusal_like,base,13,mmd_rbf,0.03180662915110588,128
aim_on_task_arithmetic__calib_instruction,candidate,uncensored_refusal_like,base,13,projected_js,0.08823482756270096,128
aim_on_task_arithmetic__calib_instruction,candidate,uncensored_refusal_like,base,14,mmd_rbf,0.03400666266679764,128
aim_on_task_arithmetic__calib_instruction,candidate,uncensored_refusal_like,base,14,projected_js,0.0838643716997467,128
aim_on_task_arithmetic__calib_instruction,candidate,uncensored_refusal_like,base,15,mmd_rbf,0.03618593141436577,128
aim_on_task_arithmetic__calib_instruction,candidate,uncensored_refusal_like,base,15,projected_js,0.08039699384244159,128
aim_on_task_arithmetic__calib_instruction,candidate,uncensored_refusal_like,base,16,mmd_rbf,0.036748625338077545,128
aim_on_task_arithmetic__calib_instruction,candidate,uncensored_refusal_like,base,16,projected_js,0.08145363844232634,128
aim_on_task_arithmetic__calib_instruction,candidate,uncensored_refusal_like,base,17,mmd_rbf,0.03725637122988701,128
aim_on_task_arithmetic__calib_instruction,candidate,uncensored_refusal_like,base,17,projected_js,0.0832908473093994,128
aim_on_task_arithmetic__calib_instruction,candidate,uncensored_refusal_like,base,18,mmd_rbf,0.03873623535037041,128
aim_on_task_arithmetic__calib_instruction,candidate,uncensored_refusal_like,base,18,projected_js,0.0856450981227681,128
aim_on_task_arithmetic__calib_instruction,candidate,uncensored_refusal_like,base,19,mmd_rbf,0.03868132457137108,128
aim_on_task_arithmetic__calib_instruction,candidate,uncensored_refusal_like,base,19,projected_js,0.08565781026845798,128
aim_on_task_arithmetic__calib_instruction,candidate,uncensored_refusal_like,base,20,mmd_rbf,0.044511012732982635,128
aim_on_task_arithmetic__calib_instruction,candidate,uncensored_refusal_like,base,20,projected_js,0.08840142513508908,128
aim_on_task_arithmetic__calib_instruction,candidate,uncensored_refusal_like,base,21,mmd_rbf,0.04731637239456177,128
aim_on_task_arithmetic__calib_instruction,candidate,uncensored_refusal_like,base,21,projected_js,0.09022291254950687,128
aim_on_task_arithmetic__calib_instruction,candidate,uncensored_refusal_like,base,22,mmd_rbf,0.0491400770843029,128
aim_on_task_arithmetic__calib_instruction,candidate,uncensored_refusal_like,base,22,projected_js,0.09302836086135358,128
aim_on_task_arithmetic__calib_instruction,candidate,uncensored_refusal_like,base,23,mmd_rbf,0.048236649483442307,128
aim_on_task_arithmetic__calib_instruction,candidate,uncensored_refusal_like,base,23,projected_js,0.09333680628333241,128
aim_on_task_arithmetic__calib_instruction,candidate,uncensored_refusal_like,base,24,mmd_rbf,0.046674322336912155,128
aim_on_task_arithmetic__calib_instruction,candidate,uncensored_refusal_like,base,24,projected_js,0.09899403643794358,128
aim_on_task_arithmetic__calib_instruction,candidate,uncensored_refusal_like,base,25,mmd_rbf,0.04553595930337906,128
aim_on_task_arithmetic__calib_instruction,candidate,uncensored_refusal_like,base,25,projected_js,0.08979858213569969,128
aim_on_task_arithmetic__calib_instruction,candidate,uncensored_refusal_like,base,26,mmd_rbf,0.0455692857503891,128
aim_on_task_arithmetic__calib_instruction,candidate,uncensored_refusal_like,base,26,projected_js,0.09525648411363363,128
aim_on_task_arithmetic__calib_instruction,candidate,uncensored_refusal_like,base,27,mmd_rbf,0.045931894332170486,128
aim_on_task_arithmetic__calib_instruction,candidate,uncensored_refusal_like,base,27,projected_js,0.10169238201342523,128
aim_on_task_arithmetic__calib_instruction,candidate,uncensored_refusal_like,base,28,mmd_rbf,0.04452533274888992,128
aim_on_task_arithmetic__calib_instruction,candidate,uncensored_refusal_like,base,28,projected_js,0.10132817312842235,128
aim_on_task_arithmetic__calib_instruction,candidate,uncensored_refusal_like,base,29,mmd_rbf,0.04175138473510742,128
aim_on_task_arithmetic__calib_instruction,candidate,uncensored_refusal_like,base,29,projected_js,0.0967975803068839,128
aim_on_task_arithmetic__calib_instruction,candidate,uncensored_refusal_like,base,30,mmd_rbf,0.0421820692718029,128
aim_on_task_arithmetic__calib_instruction,candidate,uncensored_refusal_like,base,30,projected_js,0.09945656929630786,128
aim_on_task_arithmetic__calib_instruction,candidate,uncensored_refusal_like,base,31,mmd_rbf,0.041512731462717056,128
aim_on_task_arithmetic__calib_instruction,candidate,uncensored_refusal_like,base,31,projected_js,0.09224651695694774,128
aim_on_task_arithmetic__calib_instruction,candidate,uncensored_refusal_like,base,32,mmd_rbf,0.04177671670913696,128
aim_on_task_arithmetic__calib_instruction,candidate,uncensored_refusal_like,base,32,projected_js,0.0893598945112899,128
aim_on_task_arithmetic__calib_instruction,candidate,uncensored_refusal_like,base,33,mmd_rbf,0.0400402769446373,128
aim_on_task_arithmetic__calib_instruction,candidate,uncensored_refusal_like,base,33,projected_js,0.09183697501430288,128
aim_on_task_arithmetic__calib_instruction,candidate,uncensored_refusal_like,base,34,mmd_rbf,0.05287928134202957,128
aim_on_task_arithmetic__calib_instruction,candidate,uncensored_refusal_like,base,34,projected_js,0.10275704221567139,128
aim_on_task_arithmetic__calib_instruction,candidate,uncensored_refusal_like,base,35,mmd_rbf,0.12671293318271637,128
aim_on_task_arithmetic__calib_instruction,candidate,uncensored_refusal_like,base,35,projected_js,0.1683775366982445,128
aim_on_task_arithmetic__calib_instruction,candidate,uncensored_refusal_like,instr_only,0,mmd_rbf,0.004763704724609852,128
aim_on_task_arithmetic__calib_instruction,candidate,uncensored_refusal_like,instr_only,0,projected_js,0.04607791465241462,128
aim_on_task_arithmetic__calib_instruction,candidate,uncensored_refusal_like,instr_only,1,mmd_rbf,0.008137399330735207,128
aim_on_task_arithmetic__calib_instruction,candidate,uncensored_refusal_like,instr_only,1,projected_js,0.05168324484839104,128
aim_on_task_arithmetic__calib_instruction,candidate,uncensored_refusal_like,instr_only,2,mmd_rbf,0.009572378359735012,128
aim_on_task_arithmetic__calib_instruction,candidate,uncensored_refusal_like,instr_only,2,projected_js,0.05629539705114439,128
aim_on_task_arithmetic__calib_instruction,candidate,uncensored_refusal_like,instr_only,3,mmd_rbf,0.01212836243212223,128
aim_on_task_arithmetic__calib_instruction,candidate,uncensored_refusal_like,instr_only,3,projected_js,0.05965954516432248,128
aim_on_task_arithmetic__calib_instruction,candidate,uncensored_refusal_like,instr_only,4,mmd_rbf,0.013326287269592285,128
aim_on_task_arithmetic__calib_instruction,candidate,uncensored_refusal_like,instr_only,4,projected_js,0.0633589364879299,128
aim_on_task_arithmetic__calib_instruction,candidate,uncensored_refusal_like,instr_only,5,mmd_rbf,0.013514505699276924,128
aim_on_task_arithmetic__calib_instruction,candidate,uncensored_refusal_like,instr_only,5,projected_js,0.06042447191430256,128
aim_on_task_arithmetic__calib_instruction,candidate,uncensored_refusal_like,instr_only,6,mmd_rbf,0.010568976402282715,128
aim_on_task_arithmetic__calib_instruction,candidate,uncensored_refusal_like,instr_only,6,projected_js,0.05682153641828336,128
aim_on_task_arithmetic__calib_instruction,candidate,uncensored_refusal_like,instr_only,7,mmd_rbf,0.008682397194206715,128
aim_on_task_arithmetic__calib_instruction,candidate,uncensored_refusal_like,instr_only,7,projected_js,0.05841897282516584,128
aim_on_task_arithmetic__calib_instruction,candidate,uncensored_refusal_like,instr_only,8,mmd_rbf,0.007143187802284956,128
aim_on_task_arithmetic__calib_instruction,candidate,uncensored_refusal_like,instr_only,8,projected_js,0.05990139668574557,128
aim_on_task_arithmetic__calib_instruction,candidate,uncensored_refusal_like,instr_only,9,mmd_rbf,0.007147703319787979,128
aim_on_task_arithmetic__calib_instruction,candidate,uncensored_refusal_like,instr_only,9,projected_js,0.06235330138588324,128
aim_on_task_arithmetic__calib_instruction,candidate,uncensored_refusal_like,instr_only,10,mmd_rbf,0.007497492711991072,128
aim_on_task_arithmetic__calib_instruction,candidate,uncensored_refusal_like,instr_only,10,projected_js,0.06531380582600832,128
aim_on_task_arithmetic__calib_instruction,candidate,uncensored_refusal_like,instr_only,11,mmd_rbf,0.007167478557676077,128
aim_on_task_arithmetic__calib_instruction,candidate,uncensored_refusal_like,instr_only,11,projected_js,0.058395823783939704,128
aim_on_task_arithmetic__calib_instruction,candidate,uncensored_refusal_like,instr_only,12,mmd_rbf,0.007557164411991835,128
aim_on_task_arithmetic__calib_instruction,candidate,uncensored_refusal_like,instr_only,12,projected_js,0.062168357690097764,128
aim_on_task_arithmetic__calib_instruction,candidate,uncensored_refusal_like,instr_only,13,mmd_rbf,0.007763998117297888,128
aim_on_task_arithmetic__calib_instruction,candidate,uncensored_refusal_like,instr_only,13,projected_js,0.06094226136337966,128
aim_on_task_arithmetic__calib_instruction,candidate,uncensored_refusal_like,instr_only,14,mmd_rbf,0.0075990729965269566,128
aim_on_task_arithmetic__calib_instruction,candidate,uncensored_refusal_like,instr_only,14,projected_js,0.06323601328767836,128
aim_on_task_arithmetic__calib_instruction,candidate,uncensored_refusal_like,instr_only,15,mmd_rbf,0.007919392548501492,128
aim_on_task_arithmetic__calib_instruction,candidate,uncensored_refusal_like,instr_only,15,projected_js,0.06667056330479681,128
aim_on_task_arithmetic__calib_instruction,candidate,uncensored_refusal_like,instr_only,16,mmd_rbf,0.008408352732658386,128
aim_on_task_arithmetic__calib_instruction,candidate,uncensored_refusal_like,instr_only,16,projected_js,0.06341090699424967,128
aim_on_task_arithmetic__calib_instruction,candidate,uncensored_refusal_like,instr_only,17,mmd_rbf,0.009360558353364468,128
aim_on_task_arithmetic__calib_instruction,candidate,uncensored_refusal_like,instr_only,17,projected_js,0.06123099569231272,128
aim_on_task_arithmetic__calib_instruction,candidate,uncensored_refusal_like,instr_only,18,mmd_rbf,0.010470232926309109,128
aim_on_task_arithmetic__calib_instruction,candidate,uncensored_refusal_like,instr_only,18,projected_js,0.06435749924276024,128
aim_on_task_arithmetic__calib_instruction,candidate,uncensored_refusal_like,instr_only,19,mmd_rbf,0.011528650298714638,128
aim_on_task_arithmetic__calib_instruction,candidate,uncensored_refusal_like,instr_only,19,projected_js,0.06700657139299437,128
aim_on_task_arithmetic__calib_instruction,candidate,uncensored_refusal_like,instr_only,20,mmd_rbf,0.01295556128025055,128
aim_on_task_arithmetic__calib_instruction,candidate,uncensored_refusal_like,instr_only,20,projected_js,0.06779748090775684,128
aim_on_task_arithmetic__calib_instruction,candidate,uncensored_refusal_like,instr_only,21,mmd_rbf,0.015369934029877186,128
aim_on_task_arithmetic__calib_instruction,candidate,uncensored_refusal_like,instr_only,21,projected_js,0.07239745481638238,128
aim_on_task_arithmetic__calib_instruction,candidate,uncensored_refusal_like,instr_only,22,mmd_rbf,0.01676013320684433,128
aim_on_task_arithmetic__calib_instruction,candidate,uncensored_refusal_like,instr_only,22,projected_js,0.07047812099335715,128
aim_on_task_arithmetic__calib_instruction,candidate,uncensored_refusal_like,instr_only,23,mmd_rbf,0.017226768657565117,128
aim_on_task_arithmetic__calib_instruction,candidate,uncensored_refusal_like,instr_only,23,projected_js,0.07177331886487082,128
aim_on_task_arithmetic__calib_instruction,candidate,uncensored_refusal_like,instr_only,24,mmd_rbf,0.018256347626447678,128
aim_on_task_arithmetic__calib_instruction,candidate,uncensored_refusal_like,instr_only,24,projected_js,0.07242921652505174,128
aim_on_task_arithmetic__calib_instruction,candidate,uncensored_refusal_like,instr_only,25,mmd_rbf,0.019942501559853554,128
aim_on_task_arithmetic__calib_instruction,candidate,uncensored_refusal_like,instr_only,25,projected_js,0.07578266249038279,128
aim_on_task_arithmetic__calib_instruction,candidate,uncensored_refusal_like,instr_only,26,mmd_rbf,0.02087549865245819,128
aim_on_task_arithmetic__calib_instruction,candidate,uncensored_refusal_like,instr_only,26,projected_js,0.07892315683420748,128
aim_on_task_arithmetic__calib_instruction,candidate,uncensored_refusal_like,instr_only,27,mmd_rbf,0.02088439092040062,128
aim_on_task_arithmetic__calib_instruction,candidate,uncensored_refusal_like,instr_only,27,projected_js,0.07367651216918603,128
aim_on_task_arithmetic__calib_instruction,candidate,uncensored_refusal_like,instr_only,28,mmd_rbf,0.02076566591858864,128
aim_on_task_arithmetic__calib_instruction,candidate,uncensored_refusal_like,instr_only,28,projected_js,0.07943915901705623,128
aim_on_task_arithmetic__calib_instruction,candidate,uncensored_refusal_like,instr_only,29,mmd_rbf,0.019825680181384087,128
aim_on_task_arithmetic__calib_instruction,candidate,uncensored_refusal_like,instr_only,29,projected_js,0.07739027577918023,128
aim_on_task_arithmetic__calib_instruction,candidate,uncensored_refusal_like,instr_only,30,mmd_rbf,0.01992713287472725,128
aim_on_task_arithmetic__calib_instruction,candidate,uncensored_refusal_like,instr_only,30,projected_js,0.0791300018900074,128
aim_on_task_arithmetic__calib_instruction,candidate,uncensored_refusal_like,instr_only,31,mmd_rbf,0.019635576754808426,128
aim_on_task_arithmetic__calib_instruction,candidate,uncensored_refusal_like,instr_only,31,projected_js,0.0762870354228653,128
aim_on_task_arithmetic__calib_instruction,candidate,uncensored_refusal_like,instr_only,32,mmd_rbf,0.0200443547219038,128
aim_on_task_arithmetic__calib_instruction,candidate,uncensored_refusal_like,instr_only,32,projected_js,0.07768589374609292,128
aim_on_task_arithmetic__calib_instruction,candidate,uncensored_refusal_like,instr_only,33,mmd_rbf,0.019671890884637833,128
aim_on_task_arithmetic__calib_instruction,candidate,uncensored_refusal_like,instr_only,33,projected_js,0.0780975126544945,128
aim_on_task_arithmetic__calib_instruction,candidate,uncensored_refusal_like,instr_only,34,mmd_rbf,0.022639913484454155,128
aim_on_task_arithmetic__calib_instruction,candidate,uncensored_refusal_like,instr_only,34,projected_js,0.08158524992177263,128
aim_on_task_arithmetic__calib_instruction,candidate,uncensored_refusal_like,instr_only,35,mmd_rbf,0.07946401089429855,128
aim_on_task_arithmetic__calib_instruction,candidate,uncensored_refusal_like,instr_only,35,projected_js,0.12879169051302597,128
aim_on_task_arithmetic__calib_instruction,candidate,uncensored_refusal_like,reasoning_only,0,mmd_rbf,0.02317982353270054,128
aim_on_task_arithmetic__calib_instruction,candidate,uncensored_refusal_like,reasoning_only,0,projected_js,0.09198375308187678,128
aim_on_task_arithmetic__calib_instruction,candidate,uncensored_refusal_like,reasoning_only,1,mmd_rbf,0.028588999062776566,128
aim_on_task_arithmetic__calib_instruction,candidate,uncensored_refusal_like,reasoning_only,1,projected_js,0.08409463497810066,128
aim_on_task_arithmetic__calib_instruction,candidate,uncensored_refusal_like,reasoning_only,2,mmd_rbf,0.0399014838039875,128
aim_on_task_arithmetic__calib_instruction,candidate,uncensored_refusal_like,reasoning_only,2,projected_js,0.09190229675732553,128
aim_on_task_arithmetic__calib_instruction,candidate,uncensored_refusal_like,reasoning_only,3,mmd_rbf,0.047384362667798996,128
aim_on_task_arithmetic__calib_instruction,candidate,uncensored_refusal_like,reasoning_only,3,projected_js,0.10553096071816981,128
aim_on_task_arithmetic__calib_instruction,candidate,uncensored_refusal_like,reasoning_only,4,mmd_rbf,0.050649624317884445,128
aim_on_task_arithmetic__calib_instruction,candidate,uncensored_refusal_like,reasoning_only,4,projected_js,0.11757194792153314,128
aim_on_task_arithmetic__calib_instruction,candidate,uncensored_refusal_like,reasoning_only,5,mmd_rbf,0.05637018755078316,128
aim_on_task_arithmetic__calib_instruction,candidate,uncensored_refusal_like,reasoning_only,5,projected_js,0.12953297328203917,128
aim_on_task_arithmetic__calib_instruction,candidate,uncensored_refusal_like,reasoning_only,6,mmd_rbf,0.04351259022951126,128
aim_on_task_arithmetic__calib_instruction,candidate,uncensored_refusal_like,reasoning_only,6,projected_js,0.10462421918055043,128
aim_on_task_arithmetic__calib_instruction,candidate,uncensored_refusal_like,reasoning_only,7,mmd_rbf,0.03953186422586441,128
aim_on_task_arithmetic__calib_instruction,candidate,uncensored_refusal_like,reasoning_only,7,projected_js,0.10092342339339666,128
aim_on_task_arithmetic__calib_instruction,candidate,uncensored_refusal_like,reasoning_only,8,mmd_rbf,0.03092971444129944,128
aim_on_task_arithmetic__calib_instruction,candidate,uncensored_refusal_like,reasoning_only,8,projected_js,0.09179723775014281,128
aim_on_task_arithmetic__calib_instruction,candidate,uncensored_refusal_like,reasoning_only,9,mmd_rbf,0.029895329847931862,128
aim_on_task_arithmetic__calib_instruction,candidate,uncensored_refusal_like,reasoning_only,9,projected_js,0.09199151495704427,128
aim_on_task_arithmetic__calib_instruction,candidate,uncensored_refusal_like,reasoning_only,10,mmd_rbf,0.03129707649350166,128
aim_on_task_arithmetic__calib_instruction,candidate,uncensored_refusal_like,reasoning_only,10,projected_js,0.09552991186501458,128
aim_on_task_arithmetic__calib_instruction,candidate,uncensored_refusal_like,reasoning_only,11,mmd_rbf,0.030463552102446556,128
aim_on_task_arithmetic__calib_instruction,candidate,uncensored_refusal_like,reasoning_only,11,projected_js,0.08923685771878809,128
aim_on_task_arithmetic__calib_instruction,candidate,uncensored_refusal_like,reasoning_only,12,mmd_rbf,0.03379711136221886,128
aim_on_task_arithmetic__calib_instruction,candidate,uncensored_refusal_like,reasoning_only,12,projected_js,0.09135713538853452,128
aim_on_task_arithmetic__calib_instruction,candidate,uncensored_refusal_like,reasoning_only,13,mmd_rbf,0.0360642671585083,128
aim_on_task_arithmetic__calib_instruction,candidate,uncensored_refusal_like,reasoning_only,13,projected_js,0.09315943560795859,128
aim_on_task_arithmetic__calib_instruction,candidate,uncensored_refusal_like,reasoning_only,14,mmd_rbf,0.03507738932967186,128
aim_on_task_arithmetic__calib_instruction,candidate,uncensored_refusal_like,reasoning_only,14,projected_js,0.08740291802678257,128
aim_on_task_arithmetic__calib_instruction,candidate,uncensored_refusal_like,reasoning_only,15,mmd_rbf,0.03609838709235191,128
aim_on_task_arithmetic__calib_instruction,candidate,uncensored_refusal_like,reasoning_only,15,projected_js,0.08818146999692544,128
aim_on_task_arithmetic__calib_instruction,candidate,uncensored_refusal_like,reasoning_only,16,mmd_rbf,0.035812072455883026,128
aim_on_task_arithmetic__calib_instruction,candidate,uncensored_refusal_like,reasoning_only,16,projected_js,0.08696841017808765,128
aim_on_task_arithmetic__calib_instruction,candidate,uncensored_refusal_like,reasoning_only,17,mmd_rbf,0.03585728257894516,128
aim_on_task_arithmetic__calib_instruction,candidate,uncensored_refusal_like,reasoning_only,17,projected_js,0.08316681889118627,128
aim_on_task_arithmetic__calib_instruction,candidate,uncensored_refusal_like,reasoning_only,18,mmd_rbf,0.04277685657143593,128
aim_on_task_arithmetic__calib_instruction,candidate,uncensored_refusal_like,reasoning_only,18,projected_js,0.08699622133281082,128
aim_on_task_arithmetic__calib_instruction,candidate,uncensored_refusal_like,reasoning_only,19,mmd_rbf,0.04146451875567436,128
aim_on_task_arithmetic__calib_instruction,candidate,uncensored_refusal_like,reasoning_only,19,projected_js,0.08634134492604062,128
aim_on_task_arithmetic__calib_instruction,candidate,uncensored_refusal_like,reasoning_only,20,mmd_rbf,0.041836440563201904,128
aim_on_task_arithmetic__calib_instruction,candidate,uncensored_refusal_like,reasoning_only,20,projected_js,0.08578411146299914,128
aim_on_task_arithmetic__calib_instruction,candidate,uncensored_refusal_like,reasoning_only,21,mmd_rbf,0.04295661672949791,128
aim_on_task_arithmetic__calib_instruction,candidate,uncensored_refusal_like,reasoning_only,21,projected_js,0.0900726352701895,128
aim_on_task_arithmetic__calib_instruction,candidate,uncensored_refusal_like,reasoning_only,22,mmd_rbf,0.0425410270690918,128
aim_on_task_arithmetic__calib_instruction,candidate,uncensored_refusal_like,reasoning_only,22,projected_js,0.09379027941031381,128
aim_on_task_arithmetic__calib_instruction,candidate,uncensored_refusal_like,reasoning_only,23,mmd_rbf,0.03715705871582031,128
aim_on_task_arithmetic__calib_instruction,candidate,uncensored_refusal_like,reasoning_only,23,projected_js,0.08868535317014903,128
aim_on_task_arithmetic__calib_instruction,candidate,uncensored_refusal_like,reasoning_only,24,mmd_rbf,0.04179168865084648,128
aim_on_task_arithmetic__calib_instruction,candidate,uncensored_refusal_like,reasoning_only,24,projected_js,0.08844201709143817,128
aim_on_task_arithmetic__calib_instruction,candidate,uncensored_refusal_like,reasoning_only,25,mmd_rbf,0.03993527218699455,128
aim_on_task_arithmetic__calib_instruction,candidate,uncensored_refusal_like,reasoning_only,25,projected_js,0.08647424529772252,128
aim_on_task_arithmetic__calib_instruction,candidate,uncensored_refusal_like,reasoning_only,26,mmd_rbf,0.041667040437459946,128
aim_on_task_arithmetic__calib_instruction,candidate,uncensored_refusal_like,reasoning_only,26,projected_js,0.09001938276924193,128
aim_on_task_arithmetic__calib_instruction,candidate,uncensored_refusal_like,reasoning_only,27,mmd_rbf,0.04368248209357262,128
aim_on_task_arithmetic__calib_instruction,candidate,uncensored_refusal_like,reasoning_only,27,projected_js,0.09016300749499351,128
aim_on_task_arithmetic__calib_instruction,candidate,uncensored_refusal_like,reasoning_only,28,mmd_rbf,0.04533806070685387,128
aim_on_task_arithmetic__calib_instruction,candidate,uncensored_refusal_like,reasoning_only,28,projected_js,0.09906362177571282,128
aim_on_task_arithmetic__calib_instruction,candidate,uncensored_refusal_like,reasoning_only,29,mmd_rbf,0.04394643381237984,128
aim_on_task_arithmetic__calib_instruction,candidate,uncensored_refusal_like,reasoning_only,29,projected_js,0.09905146283563226,128
aim_on_task_arithmetic__calib_instruction,candidate,uncensored_refusal_like,reasoning_only,30,mmd_rbf,0.046597208827733994,128
aim_on_task_arithmetic__calib_instruction,candidate,uncensored_refusal_like,reasoning_only,30,projected_js,0.10793056100374088,128
aim_on_task_arithmetic__calib_instruction,candidate,uncensored_refusal_like,reasoning_only,31,mmd_rbf,0.046413354575634,128
aim_on_task_arithmetic__calib_instruction,candidate,uncensored_refusal_like,reasoning_only,31,projected_js,0.09790460113435984,128
aim_on_task_arithmetic__calib_instruction,candidate,uncensored_refusal_like,reasoning_only,32,mmd_rbf,0.04658951237797737,128
aim_on_task_arithmetic__calib_instruction,candidate,uncensored_refusal_like,reasoning_only,32,projected_js,0.09944370127050206,128
aim_on_task_arithmetic__calib_instruction,candidate,uncensored_refusal_like,reasoning_only,33,mmd_rbf,0.04434729740023613,128
aim_on_task_arithmetic__calib_instruction,candidate,uncensored_refusal_like,reasoning_only,33,projected_js,0.09339647815795615,128
aim_on_task_arithmetic__calib_instruction,candidate,uncensored_refusal_like,reasoning_only,34,mmd_rbf,0.04758479818701744,128
aim_on_task_arithmetic__calib_instruction,candidate,uncensored_refusal_like,reasoning_only,34,projected_js,0.09180410229600966,128
aim_on_task_arithmetic__calib_instruction,candidate,uncensored_refusal_like,reasoning_only,35,mmd_rbf,0.05843323469161987,128
aim_on_task_arithmetic__calib_instruction,candidate,uncensored_refusal_like,reasoning_only,35,projected_js,0.10798134148353711,128
aim_on_task_arithmetic__calib_instruction,candidate,uncensored_refusal_like,uncensored_only,0,mmd_rbf,0.013157433830201626,128
aim_on_task_arithmetic__calib_instruction,candidate,uncensored_refusal_like,uncensored_only,0,projected_js,0.05963564806734212,128
aim_on_task_arithmetic__calib_instruction,candidate,uncensored_refusal_like,uncensored_only,1,mmd_rbf,0.22804735600948334,128
aim_on_task_arithmetic__calib_instruction,candidate,uncensored_refusal_like,uncensored_only,1,projected_js,0.2502688959648367,128
aim_on_task_arithmetic__calib_instruction,candidate,uncensored_refusal_like,uncensored_only,2,mmd_rbf,0.2030871957540512,128
aim_on_task_arithmetic__calib_instruction,candidate,uncensored_refusal_like,uncensored_only,2,projected_js,0.211373871890828,128
aim_on_task_arithmetic__calib_instruction,candidate,uncensored_refusal_like,uncensored_only,3,mmd_rbf,0.16346661746501923,128
aim_on_task_arithmetic__calib_instruction,candidate,uncensored_refusal_like,uncensored_only,3,projected_js,0.16864466608967632,128
aim_on_task_arithmetic__calib_instruction,candidate,uncensored_refusal_like,uncensored_only,4,mmd_rbf,0.1317601054906845,128
aim_on_task_arithmetic__calib_instruction,candidate,uncensored_refusal_like,uncensored_only,4,projected_js,0.16848461783956736,128
aim_on_task_arithmetic__calib_instruction,candidate,uncensored_refusal_like,uncensored_only,5,mmd_rbf,0.10070564597845078,128
aim_on_task_arithmetic__calib_instruction,candidate,uncensored_refusal_like,uncensored_only,5,projected_js,0.1573001827346161,128
aim_on_task_arithmetic__calib_instruction,candidate,uncensored_refusal_like,uncensored_only,6,mmd_rbf,0.06390267610549927,128
aim_on_task_arithmetic__calib_instruction,candidate,uncensored_refusal_like,uncensored_only,6,projected_js,0.11535578675102443,128
aim_on_task_arithmetic__calib_instruction,candidate,uncensored_refusal_like,uncensored_only,7,mmd_rbf,0.04819990321993828,128
aim_on_task_arithmetic__calib_instruction,candidate,uncensored_refusal_like,uncensored_only,7,projected_js,0.09817759657744318,128
aim_on_task_arithmetic__calib_instruction,candidate,uncensored_refusal_like,uncensored_only,8,mmd_rbf,0.034470222890377045,128
aim_on_task_arithmetic__calib_instruction,candidate,uncensored_refusal_like,uncensored_only,8,projected_js,0.08441855025012046,128
aim_on_task_arithmetic__calib_instruction,candidate,uncensored_refusal_like,uncensored_only,9,mmd_rbf,0.0299986582249403,128
aim_on_task_arithmetic__calib_instruction,candidate,uncensored_refusal_like,uncensored_only,9,projected_js,0.07835489843273535,128
aim_on_task_arithmetic__calib_instruction,candidate,uncensored_refusal_like,uncensored_only,10,mmd_rbf,0.02516208402812481,128
aim_on_task_arithmetic__calib_instruction,candidate,uncensored_refusal_like,uncensored_only,10,projected_js,0.07770668162265792,128
aim_on_task_arithmetic__calib_instruction,candidate,uncensored_refusal_like,uncensored_only,11,mmd_rbf,0.021442975848913193,128
aim_on_task_arithmetic__calib_instruction,candidate,uncensored_refusal_like,uncensored_only,11,projected_js,0.0668445440242067,128
aim_on_task_arithmetic__calib_instruction,candidate,uncensored_refusal_like,uncensored_only,12,mmd_rbf,0.02173864282667637,128
aim_on_task_arithmetic__calib_instruction,candidate,uncensored_refusal_like,uncensored_only,12,projected_js,0.07337015774101019,128
aim_on_task_arithmetic__calib_instruction,candidate,uncensored_refusal_like,uncensored_only,13,mmd_rbf,0.023104315623641014,128
aim_on_task_arithmetic__calib_instruction,candidate,uncensored_refusal_like,uncensored_only,13,projected_js,0.07300729374401271,128
aim_on_task_arithmetic__calib_instruction,candidate,uncensored_refusal_like,uncensored_only,14,mmd_rbf,0.0237277839332819,128
aim_on_task_arithmetic__calib_instruction,candidate,uncensored_refusal_like,uncensored_only,14,projected_js,0.07563120970735326,128
aim_on_task_arithmetic__calib_instruction,candidate,uncensored_refusal_like,uncensored_only,15,mmd_rbf,0.029126370325684547,128
aim_on_task_arithmetic__calib_instruction,candidate,uncensored_refusal_like,uncensored_only,15,projected_js,0.08755260467296466,128
aim_on_task_arithmetic__calib_instruction,candidate,uncensored_refusal_like,uncensored_only,16,mmd_rbf,0.030703410506248474,128
aim_on_task_arithmetic__calib_instruction,candidate,uncensored_refusal_like,uncensored_only,16,projected_js,0.0790515296976082,128
aim_on_task_arithmetic__calib_instruction,candidate,uncensored_refusal_like,uncensored_only,17,mmd_rbf,0.031591612845659256,128
aim_on_task_arithmetic__calib_instruction,candidate,uncensored_refusal_like,uncensored_only,17,projected_js,0.08100731548620388,128
aim_on_task_arithmetic__calib_instruction,candidate,uncensored_refusal_like,uncensored_only,18,mmd_rbf,0.03284543380141258,128
aim_on_task_arithmetic__calib_instruction,candidate,uncensored_refusal_like,uncensored_only,18,projected_js,0.08078431425383314,128
aim_on_task_arithmetic__calib_instruction,candidate,uncensored_refusal_like,uncensored_only,19,mmd_rbf,0.03157780319452286,128
aim_on_task_arithmetic__calib_instruction,candidate,uncensored_refusal_like,uncensored_only,19,projected_js,0.0807805274380371,128
aim_on_task_arithmetic__calib_instruction,candidate,uncensored_refusal_like,uncensored_only,20,mmd_rbf,0.03384343162178993,128
aim_on_task_arithmetic__calib_instruction,candidate,uncensored_refusal_like,uncensored_only,20,projected_js,0.07998699432937428,128
aim_on_task_arithmetic__calib_instruction,candidate,uncensored_refusal_like,uncensored_only,21,mmd_rbf,0.03809482231736183,128
aim_on_task_arithmetic__calib_instruction,candidate,uncensored_refusal_like,uncensored_only,21,projected_js,0.08685209951363504,128
aim_on_task_arithmetic__calib_instruction,candidate,uncensored_refusal_like,uncensored_only,22,mmd_rbf,0.040216267108917236,128
aim_on_task_arithmetic__calib_instruction,candidate,uncensored_refusal_like,uncensored_only,22,projected_js,0.08990670356433839,128
aim_on_task_arithmetic__calib_instruction,candidate,uncensored_refusal_like,uncensored_only,23,mmd_rbf,0.040791433304548264,128
aim_on_task_arithmetic__calib_instruction,candidate,uncensored_refusal_like,uncensored_only,23,projected_js,0.08689186605624855,128
aim_on_task_arithmetic__calib_instruction,candidate,uncensored_refusal_like,uncensored_only,24,mmd_rbf,0.045943886041641235,128
aim_on_task_arithmetic__calib_instruction,candidate,uncensored_refusal_like,uncensored_only,24,projected_js,0.08989267935976386,128
aim_on_task_arithmetic__calib_instruction,candidate,uncensored_refusal_like,uncensored_only,25,mmd_rbf,0.0500439777970314,128
aim_on_task_arithmetic__calib_instruction,candidate,uncensored_refusal_like,uncensored_only,25,projected_js,0.09542950679315254,128
aim_on_task_arithmetic__calib_instruction,candidate,uncensored_refusal_like,uncensored_only,26,mmd_rbf,0.05157167837023735,128
aim_on_task_arithmetic__calib_instruction,candidate,uncensored_refusal_like,uncensored_only,26,projected_js,0.09255766333080828,128
aim_on_task_arithmetic__calib_instruction,candidate,uncensored_refusal_like,uncensored_only,27,mmd_rbf,0.05307033285498619,128
aim_on_task_arithmetic__calib_instruction,candidate,uncensored_refusal_like,uncensored_only,27,projected_js,0.09797888825414702,128
aim_on_task_arithmetic__calib_instruction,candidate,uncensored_refusal_like,uncensored_only,28,mmd_rbf,0.05126689001917839,128
aim_on_task_arithmetic__calib_instruction,candidate,uncensored_refusal_like,uncensored_only,28,projected_js,0.1063969989772886,128
aim_on_task_arithmetic__calib_instruction,candidate,uncensored_refusal_like,uncensored_only,29,mmd_rbf,0.049116313457489014,128
aim_on_task_arithmetic__calib_instruction,candidate,uncensored_refusal_like,uncensored_only,29,projected_js,0.10216116742230952,128
aim_on_task_arithmetic__calib_instruction,candidate,uncensored_refusal_like,uncensored_only,30,mmd_rbf,0.052157819271087646,128
aim_on_task_arithmetic__calib_instruction,candidate,uncensored_refusal_like,uncensored_only,30,projected_js,0.10424029937712476,128
aim_on_task_arithmetic__calib_instruction,candidate,uncensored_refusal_like,uncensored_only,31,mmd_rbf,0.050702642649412155,128
aim_on_task_arithmetic__calib_instruction,candidate,uncensored_refusal_like,uncensored_only,31,projected_js,0.09677742241183296,128
aim_on_task_arithmetic__calib_instruction,candidate,uncensored_refusal_like,uncensored_only,32,mmd_rbf,0.05048331618309021,128
aim_on_task_arithmetic__calib_instruction,candidate,uncensored_refusal_like,uncensored_only,32,projected_js,0.09676128858700395,128
aim_on_task_arithmetic__calib_instruction,candidate,uncensored_refusal_like,uncensored_only,33,mmd_rbf,0.04977473244071007,128
aim_on_task_arithmetic__calib_instruction,candidate,uncensored_refusal_like,uncensored_only,33,projected_js,0.09894158312818035,128
aim_on_task_arithmetic__calib_instruction,candidate,uncensored_refusal_like,uncensored_only,34,mmd_rbf,0.0537632592022419,128
aim_on_task_arithmetic__calib_instruction,candidate,uncensored_refusal_like,uncensored_only,34,projected_js,0.1063644181122072,128
aim_on_task_arithmetic__calib_instruction,candidate,uncensored_refusal_like,uncensored_only,35,mmd_rbf,0.10181418806314468,128
aim_on_task_arithmetic__calib_instruction,candidate,uncensored_refusal_like,uncensored_only,35,projected_js,0.12929221475496888,128
