model_id,model_kind,calib_subset,target_id,layer,metric,value,n_prompts
aim_on_breadcrumbs,candidate,general,base,0,mmd_rbf,0.006466811988502741,128
aim_on_breadcrumbs,candidate,general,base,0,projected_js,0.04563012326252647,128
aim_on_breadcrumbs,candidate,general,base,1,mmd_rbf,0.009745286777615547,128
aim_on_breadcrumbs,candidate,general,base,1,projected_js,0.053669711749535054,128
aim_on_breadcrumbs,candidate,general,base,2,mmd_rbf,0.01029793918132782,128
aim_on_breadcrumbs,candidate,general,base,2,projected_js,0.05508200408075936,128
aim_on_breadcrumbs,candidate,general,base,3,mmd_rbf,0.011892101727426052,128
aim_on_breadcrumbs,candidate,general,base,3,projected_js,0.05946244712686166,128
aim_on_breadcrumbs,candidate,general,base,4,mmd_rbf,0.011524743400514126,128
aim_on_breadcrumbs,candidate,general,base,4,projected_js,0.05714143984369002,128
aim_on_breadcrumbs,candidate,general,base,5,mmd_rbf,0.010860060341656208,128
aim_on_breadcrumbs,candidate,general,base,5,projected_js,0.0599846777622588,128
aim_on_breadcrumbs,candidate,general,base,6,mmd_rbf,0.008545867167413235,128
aim_on_breadcrumbs,candidate,general,base,6,projected_js,0.05491431901464239,128
aim_on_breadcrumbs,candidate,general,base,7,mmd_rbf,0.007495643105357885,128
aim_on_breadcrumbs,candidate,general,base,7,projected_js,0.057006057642865926,128
aim_on_breadcrumbs,candidate,general,base,8,mmd_rbf,0.006176440976560116,128
aim_on_breadcrumbs,candidate,general,base,8,projected_js,0.05625458771828562,128
aim_on_breadcrumbs,candidate,general,base,9,mmd_rbf,0.006237152963876724,128
aim_on_breadcrumbs,candidate,general,base,9,projected_js,0.05746498363441788,128
aim_on_breadcrumbs,candidate,general,base,10,mmd_rbf,0.006279677152633667,128
aim_on_breadcrumbs,candidate,general,base,10,projected_js,0.058114846935495734,128
aim_on_breadcrumbs,candidate,general,base,11,mmd_rbf,0.006055030040442944,128
aim_on_breadcrumbs,candidate,general,base,11,projected_js,0.05988956685177982,128
aim_on_breadcrumbs,candidate,general,base,12,mmd_rbf,0.006063108332455158,128
aim_on_breadcrumbs,candidate,general,base,12,projected_js,0.05763710098108277,128
aim_on_breadcrumbs,candidate,general,base,13,mmd_rbf,0.006331078242510557,128
aim_on_breadcrumbs,candidate,general,base,13,projected_js,0.05890000733779743,128
aim_on_breadcrumbs,candidate,general,base,14,mmd_rbf,0.006442422512918711,128
aim_on_breadcrumbs,candidate,general,base,14,projected_js,0.06047155417036265,128
aim_on_breadcrumbs,candidate,general,base,15,mmd_rbf,0.006869200151413679,128
aim_on_breadcrumbs,candidate,general,base,15,projected_js,0.05728998244740069,128
aim_on_breadcrumbs,candidate,general,base,16,mmd_rbf,0.007785301189869642,128
aim_on_breadcrumbs,candidate,general,base,16,projected_js,0.0585172125720419,128
aim_on_breadcrumbs,candidate,general,base,17,mmd_rbf,0.007631455548107624,128
aim_on_breadcrumbs,candidate,general,base,17,projected_js,0.06290741986595094,128
aim_on_breadcrumbs,candidate,general,base,18,mmd_rbf,0.008020937442779541,128
aim_on_breadcrumbs,candidate,general,base,18,projected_js,0.06455112621188164,128
aim_on_breadcrumbs,candidate,general,base,19,mmd_rbf,0.00808683317154646,128
aim_on_breadcrumbs,candidate,general,base,19,projected_js,0.06273932682233863,128
aim_on_breadcrumbs,candidate,general,base,20,mmd_rbf,0.00784695241600275,128
aim_on_breadcrumbs,candidate,general,base,20,projected_js,0.06063378995168023,128
aim_on_breadcrumbs,candidate,general,base,21,mmd_rbf,0.007903541438281536,128
aim_on_breadcrumbs,candidate,general,base,21,projected_js,0.06361914851004258,128
aim_on_breadcrumbs,candidate,general,base,22,mmd_rbf,0.00737295625731349,128
aim_on_breadcrumbs,candidate,general,base,22,projected_js,0.06144777644658461,128
aim_on_breadcrumbs,candidate,general,base,23,mmd_rbf,0.006973630283027887,128
aim_on_breadcrumbs,candidate,general,base,23,projected_js,0.06319959962274879,128
aim_on_breadcrumbs,candidate,general,base,24,mmd_rbf,0.006500429939478636,128
aim_on_breadcrumbs,candidate,general,base,24,projected_js,0.059568408876657486,128
aim_on_breadcrumbs,candidate,general,base,25,mmd_rbf,0.006189174950122833,128
aim_on_breadcrumbs,candidate,general,base,25,projected_js,0.05606462241848931,128
aim_on_breadcrumbs,candidate,general,base,26,mmd_rbf,0.006212918553501368,128
aim_on_breadcrumbs,candidate,general,base,26,projected_js,0.05527175200404599,128
aim_on_breadcrumbs,candidate,general,base,27,mmd_rbf,0.006188625935465097,128
aim_on_breadcrumbs,candidate,general,base,27,projected_js,0.05947953346185386,128
aim_on_breadcrumbs,candidate,general,base,28,mmd_rbf,0.005871848668903112,128
aim_on_breadcrumbs,candidate,general,base,28,projected_js,0.0586275045061484,128
aim_on_breadcrumbs,candidate,general,base,29,mmd_rbf,0.005709003657102585,128
aim_on_breadcrumbs,candidate,general,base,29,projected_js,0.05807507608551532,128
aim_on_breadcrumbs,candidate,general,base,30,mmd_rbf,0.005414287559688091,128
aim_on_breadcrumbs,candidate,general,base,30,projected_js,0.05575984134338796,128
aim_on_breadcrumbs,candidate,general,base,31,mmd_rbf,0.005188716109842062,128
aim_on_breadcrumbs,candidate,general,base,31,projected_js,0.058095369196962565,128
aim_on_breadcrumbs,candidate,general,base,32,mmd_rbf,0.00545183289796114,128
aim_on_breadcrumbs,candidate,general,base,32,projected_js,0.05716339609352872,128
aim_on_breadcrumbs,candidate,general,base,33,mmd_rbf,0.005652083549648523,128
aim_on_breadcrumbs,candidate,general,base,33,projected_js,0.05990783229935914,128
aim_on_breadcrumbs,candidate,general,base,34,mmd_rbf,0.009539807215332985,128
aim_on_breadcrumbs,candidate,general,base,34,projected_js,0.06450743181630969,128
aim_on_breadcrumbs,candidate,general,base,35,mmd_rbf,0.0469503290951252,128
aim_on_breadcrumbs,candidate,general,base,35,projected_js,0.0910775781958364,128
aim_on_breadcrumbs,candidate,general,instr_only,0,mmd_rbf,0.0034240365494042635,128
aim_on_breadcrumbs,candidate,general,instr_only,0,projected_js,0.03205482134944759,128
aim_on_breadcrumbs,candidate,general,instr_only,1,mmd_rbf,0.0038333802949637175,128
aim_on_breadcrumbs,candidate,general,instr_only,1,projected_js,0.03613650205079466,128
aim_on_breadcrumbs,candidate,general,instr_only,2,mmd_rbf,0.004009175579994917,128
aim_on_breadcrumbs,candidate,general,instr_only,2,projected_js,0.03723263563006185,128
aim_on_breadcrumbs,candidate,general,instr_only,3,mmd_rbf,0.004528768360614777,128
aim_on_breadcrumbs,candidate,general,instr_only,3,projected_js,0.04142167724785395,128
aim_on_breadcrumbs,candidate,general,instr_only,4,mmd_rbf,0.0053147971630096436,128
aim_on_breadcrumbs,candidate,general,instr_only,4,projected_js,0.04280609835404903,128
aim_on_breadcrumbs,candidate,general,instr_only,5,mmd_rbf,0.0057718814350664616,128
aim_on_breadcrumbs,candidate,general,instr_only,5,projected_js,0.04541224392596632,128
aim_on_breadcrumbs,candidate,general,instr_only,6,mmd_rbf,0.004285724367946386,128
aim_on_breadcrumbs,candidate,general,instr_only,6,projected_js,0.04305579583160579,128
aim_on_breadcrumbs,candidate,general,instr_only,7,mmd_rbf,0.003602612530812621,128
aim_on_breadcrumbs,candidate,general,instr_only,7,projected_js,0.04197586080408655,128
aim_on_breadcrumbs,candidate,general,instr_only,8,mmd_rbf,0.002886167261749506,128
aim_on_breadcrumbs,candidate,general,instr_only,8,projected_js,0.043396024411777034,128
aim_on_breadcrumbs,candidate,general,instr_only,9,mmd_rbf,0.0028755664825439453,128
aim_on_breadcrumbs,candidate,general,instr_only,9,projected_js,0.0484014451794792,128
aim_on_breadcrumbs,candidate,general,instr_only,10,mmd_rbf,0.002862722147256136,128
aim_on_breadcrumbs,candidate,general,instr_only,10,projected_js,0.046693588490597904,128
aim_on_breadcrumbs,candidate,general,instr_only,11,mmd_rbf,0.002811694284901023,128
aim_on_breadcrumbs,candidate,general,instr_only,11,projected_js,0.049805672286311164,128
aim_on_breadcrumbs,candidate,general,instr_only,12,mmd_rbf,0.0029263177420943975,128
aim_on_breadcrumbs,candidate,general,instr_only,12,projected_js,0.05218981599318795,128
aim_on_breadcrumbs,candidate,general,instr_only,13,mmd_rbf,0.0034251634497195482,128
aim_on_breadcrumbs,candidate,general,instr_only,13,projected_js,0.05444260290823877,128
aim_on_breadcrumbs,candidate,general,instr_only,14,mmd_rbf,0.0033687714021652937,128
aim_on_breadcrumbs,candidate,general,instr_only,14,projected_js,0.051826583192450926,128
aim_on_breadcrumbs,candidate,general,instr_only,15,mmd_rbf,0.0037066841032356024,128
aim_on_breadcrumbs,candidate,general,instr_only,15,projected_js,0.0535099400440231,128
aim_on_breadcrumbs,candidate,general,instr_only,16,mmd_rbf,0.004173192661255598,128
aim_on_breadcrumbs,candidate,general,instr_only,16,projected_js,0.05659095398732461,128
aim_on_breadcrumbs,candidate,general,instr_only,17,mmd_rbf,0.00443645054474473,128
aim_on_breadcrumbs,candidate,general,instr_only,17,projected_js,0.05664223397616297,128
aim_on_breadcrumbs,candidate,general,instr_only,18,mmd_rbf,0.004801591392606497,128
aim_on_breadcrumbs,candidate,general,instr_only,18,projected_js,0.0601292698411271,128
aim_on_breadcrumbs,candidate,general,instr_only,19,mmd_rbf,0.005019807256758213,128
aim_on_breadcrumbs,candidate,general,instr_only,19,projected_js,0.0574332850810606,128
aim_on_breadcrumbs,candidate,general,instr_only,20,mmd_rbf,0.005059564020484686,128
aim_on_breadcrumbs,candidate,general,instr_only,20,projected_js,0.05479378325981088,128
aim_on_breadcrumbs,candidate,general,instr_only,21,mmd_rbf,0.005372423678636551,128
aim_on_breadcrumbs,candidate,general,instr_only,21,projected_js,0.05730003776261583,128
aim_on_breadcrumbs,candidate,general,instr_only,22,mmd_rbf,0.005588130559772253,128
aim_on_breadcrumbs,candidate,general,instr_only,22,projected_js,0.05720677218050696,128
aim_on_breadcrumbs,candidate,general,instr_only,23,mmd_rbf,0.005364172160625458,128
aim_on_breadcrumbs,candidate,general,instr_only,23,projected_js,0.054100883135106415,128
aim_on_breadcrumbs,candidate,general,instr_only,24,mmd_rbf,0.005272559821605682,128
aim_on_breadcrumbs,candidate,general,instr_only,24,projected_js,0.05553167764446698,128
aim_on_breadcrumbs,candidate,general,instr_only,25,mmd_rbf,0.005128801800310612,128
aim_on_breadcrumbs,candidate,general,instr_only,25,projected_js,0.05810179826221429,128
aim_on_breadcrumbs,candidate,general,instr_only,26,mmd_rbf,0.0050918641500175,128
aim_on_breadcrumbs,candidate,general,instr_only,26,projected_js,0.05506949339178391,128
aim_on_breadcrumbs,candidate,general,instr_only,27,mmd_rbf,0.005032383371144533,128
aim_on_breadcrumbs,candidate,general,instr_only,27,projected_js,0.05713003850542009,128
aim_on_breadcrumbs,candidate,general,instr_only,28,mmd_rbf,0.004880702123045921,128
aim_on_breadcrumbs,candidate,general,instr_only,28,projected_js,0.056382267794106156,128
aim_on_breadcrumbs,candidate,general,instr_only,29,mmd_rbf,0.004607621114701033,128
aim_on_breadcrumbs,candidate,general,instr_only,29,projected_js,0.05322951378184371,128
aim_on_breadcrumbs,candidate,general,instr_only,30,mmd_rbf,0.004399565048515797,128
aim_on_breadcrumbs,candidate,general,instr_only,30,projected_js,0.055634251912124455,128
aim_on_breadcrumbs,candidate,general,instr_only,31,mmd_rbf,0.0043304371647536755,128
aim_on_breadcrumbs,candidate,general,instr_only,31,projected_js,0.05420626644627191,128
aim_on_breadcrumbs,candidate,general,instr_only,32,mmd_rbf,0.004610586911439896,128
aim_on_breadcrumbs,candidate,general,instr_only,32,projected_js,0.05804349444224499,128
aim_on_breadcrumbs,candidate,general,instr_only,33,mmd_rbf,0.00486895814538002,128
aim_on_breadcrumbs,candidate,general,instr_only,33,projected_js,0.05495873879408464,128
aim_on_breadcrumbs,candidate,general,instr_only,34,mmd_rbf,0.0072243958711624146,128
aim_on_breadcrumbs,candidate,general,instr_only,34,projected_js,0.0604258177918382,128
aim_on_breadcrumbs,candidate,general,instr_only,35,mmd_rbf,0.054001715034246445,128
aim_on_breadcrumbs,candidate,general,instr_only,35,projected_js,0.09612145170103759,128
aim_on_breadcrumbs,candidate,general,reasoning_only,0,mmd_rbf,0.013532578945159912,128
aim_on_breadcrumbs,candidate,general,reasoning_only,0,projected_js,0.0591393987997435,128
aim_on_breadcrumbs,candidate,general,reasoning_only,1,mmd_rbf,0.015098214149475098,128
aim_on_breadcrumbs,candidate,general,reasoning_only,1,projected_js,0.06128183237160556,128
aim_on_breadcrumbs,candidate,general,reasoning_only,2,mmd_rbf,0.021005084738135338,128
aim_on_breadcrumbs,candidate,general,reasoning_only,2,projected_js,0.06409679958596826,128
aim_on_breadcrumbs,candidate,general,reasoning_only,3,mmd_rbf,0.024057989940047264,128
aim_on_breadcrumbs,candidate,general,reasoning_only,3,projected_js,0.07420460233697668,128
aim_on_breadcrumbs,candidate,general,reasoning_only,4,mmd_rbf,0.024126514792442322,128
aim_on_breadcrumbs,candidate,general,reasoning_only,4,projected_js,0.07428341719787568,128
aim_on_breadcrumbs,candidate,general,reasoning_only,5,mmd_rbf,0.024113692343235016,128
aim_on_breadcrumbs,candidate,general,reasoning_only,5,projected_js,0.0759914108493831,128
aim_on_breadcrumbs,candidate,general,reasoning_only,6,mmd_rbf,0.016893276944756508,128
aim_on_breadcrumbs,candidate,general,reasoning_only,6,projected_js,0.06670470116659999,128
aim_on_breadcrumbs,candidate,general,reasoning_only,7,mmd_rbf,0.01527357567101717,128
aim_on_breadcrumbs,candidate,general,reasoning_only,7,projected_js,0.0653589922003448,128
aim_on_breadcrumbs,candidate,general,reasoning_only,8,mmd_rbf,0.011549248360097408,128
aim_on_breadcrumbs,candidate,general,reasoning_only,8,projected_js,0.06557499020709656,128
aim_on_breadcrumbs,candidate,general,reasoning_only,9,mmd_rbf,0.010995976626873016,128
aim_on_breadcrumbs,candidate,general,reasoning_only,9,projected_js,0.06203654775163159,128
aim_on_breadcrumbs,candidate,general,reasoning_only,10,mmd_rbf,0.011775142513215542,128
aim_on_breadcrumbs,candidate,general,reasoning_only,10,projected_js,0.06354115283465944,128
aim_on_breadcrumbs,candidate,general,reasoning_only,11,mmd_rbf,0.010850474238395691,128
aim_on_breadcrumbs,candidate,general,reasoning_only,11,projected_js,0.06374173838412389,128
aim_on_breadcrumbs,candidate,general,reasoning_only,12,mmd_rbf,0.011119665578007698,128
aim_on_breadcrumbs,candidate,general,reasoning_only,12,projected_js,0.06511081455391832,128
aim_on_breadcrumbs,candidate,general,reasoning_only,13,mmd_rbf,0.011633133515715599,128
aim_on_breadcrumbs,candidate,general,reasoning_only,13,projected_js,0.0656554889283143,128
aim_on_breadcrumbs,candidate,general,reasoning_only,14,mmd_rbf,0.01166981179267168,128
aim_on_breadcrumbs,candidate,general,reasoning_only,14,projected_js,0.06407738354755566,128
aim_on_breadcrumbs,candidate,general,reasoning_only,15,mmd_rbf,0.01237635686993599,128
aim_on_breadcrumbs,candidate,general,reasoning_only,15,projected_js,0.06475565448636189,128
aim_on_breadcrumbs,candidate,general,reasoning_only,16,mmd_rbf,0.012582494877278805,128
aim_on_breadcrumbs,candidate,general,reasoning_only,16,projected_js,0.06765032914699987,128
aim_on_breadcrumbs,candidate,general,reasoning_only,17,mmd_rbf,0.012532900087535381,128
aim_on_breadcrumbs,candidate,general,reasoning_only,17,projected_js,0.06585343915503472,128
aim_on_breadcrumbs,candidate,general,reasoning_only,18,mmd_rbf,0.014101079665124416,128
aim_on_breadcrumbs,candidate,general,reasoning_only,18,projected_js,0.06733875919599086,128
aim_on_breadcrumbs,candidate,general,reasoning_only,19,mmd_rbf,0.013265065848827362,128
aim_on_breadcrumbs,candidate,general,reasoning_only,19,projected_js,0.06528958480339497,128
aim_on_breadcrumbs,candidate,general,reasoning_only,20,mmd_rbf,0.01323170680552721,128
aim_on_breadcrumbs,candidate,general,reasoning_only,20,projected_js,0.06332168751396239,128
aim_on_breadcrumbs,candidate,general,reasoning_only,21,mmd_rbf,0.013789164833724499,128
aim_on_breadcrumbs,candidate,general,reasoning_only,21,projected_js,0.06811828777426854,128
aim_on_breadcrumbs,candidate,general,reasoning_only,22,mmd_rbf,0.011895318515598774,128
aim_on_breadcrumbs,candidate,general,reasoning_only,22,projected_js,0.06593787315068766,128
aim_on_breadcrumbs,candidate,general,reasoning_only,23,mmd_rbf,0.009907309897243977,128
aim_on_breadcrumbs,candidate,general,reasoning_only,23,projected_js,0.06537306925747544,128
aim_on_breadcrumbs,candidate,general,reasoning_only,24,mmd_rbf,0.010359112173318863,128
aim_on_breadcrumbs,candidate,general,reasoning_only,24,projected_js,0.06334926595445722,128
aim_on_breadcrumbs,candidate,general,reasoning_only,25,mmd_rbf,0.009751463308930397,128
aim_on_breadcrumbs,candidate,general,reasoning_only,25,projected_js,0.06319386637187563,128
aim_on_breadcrumbs,candidate,general,reasoning_only,26,mmd_rbf,0.01000876072794199,128
aim_on_breadcrumbs,candidate,general,reasoning_only,26,projected_js,0.06302055629203096,128
aim_on_breadcrumbs,candidate,general,reasoning_only,27,mmd_rbf,0.009624737314879894,128
aim_on_breadcrumbs,candidate,general,reasoning_only,27,projected_js,0.062208188814111054,128
aim_on_breadcrumbs,candidate,general,reasoning_only,28,mmd_rbf,0.009905879385769367,128
aim_on_breadcrumbs,candidate,general,reasoning_only,28,projected_js,0.06184293155092746,128
aim_on_breadcrumbs,candidate,general,reasoning_only,29,mmd_rbf,0.009817876853048801,128
aim_on_breadcrumbs,candidate,general,reasoning_only,29,projected_js,0.062570370209869,128
aim_on_breadcrumbs,candidate,general,reasoning_only,30,mmd_rbf,0.009724222123622894,128
aim_on_breadcrumbs,candidate,general,reasoning_only,30,projected_js,0.060995709616690874,128
aim_on_breadcrumbs,candidate,general,reasoning_only,31,mmd_rbf,0.00982764083892107,128
aim_on_breadcrumbs,candidate,general,reasoning_only,31,projected_js,0.06227480934467167,128
aim_on_breadcrumbs,candidate,general,reasoning_only,32,mmd_rbf,0.009643284603953362,128
aim_on_breadcrumbs,candidate,general,reasoning_only,32,projected_js,0.06372189964167774,128
aim_on_breadcrumbs,candidate,general,reasoning_only,33,mmd_rbf,0.009075055830180645,128
aim_on_breadcrumbs,candidate,general,reasoning_only,33,projected_js,0.060674456355627626,128
aim_on_breadcrumbs,candidate,general,reasoning_only,34,mmd_rbf,0.008731125853955746,128
aim_on_breadcrumbs,candidate,general,reasoning_only,34,projected_js,0.06258501057163812,128
aim_on_breadcrumbs,candidate,general,reasoning_only,35,mmd_rbf,0.020820192992687225,128
aim_on_breadcrumbs,candidate,general,reasoning_only,35,projected_js,0.0665016216080403,128
aim_on_breadcrumbs,candidate,general,uncensored_only,0,mmd_rbf,0.008883262053132057,128
aim_on_breadcrumbs,candidate,general,uncensored_only,0,projected_js,0.04414409166201949,128
aim_on_breadcrumbs,candidate,general,uncensored_only,1,mmd_rbf,0.17018456757068634,128
aim_on_breadcrumbs,candidate,general,uncensored_only,1,projected_js,0.1785140221763868,128
aim_on_breadcrumbs,candidate,general,uncensored_only,2,mmd_rbf,0.14170002937316895,128
aim_on_breadcrumbs,candidate,general,uncensored_only,2,projected_js,0.13714729697676376,128
aim_on_breadcrumbs,candidate,general,uncensored_only,3,mmd_rbf,0.10672058910131454,128
aim_on_breadcrumbs,candidate,general,uncensored_only,3,projected_js,0.12366661574924365,128
aim_on_breadcrumbs,candidate,general,uncensored_only,4,mmd_rbf,0.07862341403961182,128
aim_on_breadcrumbs,candidate,general,uncensored_only,4,projected_js,0.11311907629715279,128
aim_on_breadcrumbs,candidate,general,uncensored_only,5,mmd_rbf,0.055360764265060425,128
aim_on_breadcrumbs,candidate,general,uncensored_only,5,projected_js,0.10445046320091933,128
aim_on_breadcrumbs,candidate,general,uncensored_only,6,mmd_rbf,0.031273793429136276,128
aim_on_breadcrumbs,candidate,general,uncensored_only,6,projected_js,0.08293280756333843,128
aim_on_breadcrumbs,candidate,general,uncensored_only,7,mmd_rbf,0.02396617829799652,128
aim_on_breadcrumbs,candidate,general,uncensored_only,7,projected_js,0.07482767186593264,128
aim_on_breadcrumbs,candidate,general,uncensored_only,8,mmd_rbf,0.01572309248149395,128
aim_on_breadcrumbs,candidate,general,uncensored_only,8,projected_js,0.06672805233392864,128
aim_on_breadcrumbs,candidate,general,uncensored_only,9,mmd_rbf,0.01288478821516037,128
aim_on_breadcrumbs,candidate,general,uncensored_only,9,projected_js,0.0632640637923032,128
aim_on_breadcrumbs,candidate,general,uncensored_only,10,mmd_rbf,0.011439953930675983,128
aim_on_breadcrumbs,candidate,general,uncensored_only,10,projected_js,0.06254681089194492,128
aim_on_breadcrumbs,candidate,general,uncensored_only,11,mmd_rbf,0.009760194458067417,128
aim_on_breadcrumbs,candidate,general,uncensored_only,11,projected_js,0.060645406862022355,128
aim_on_breadcrumbs,candidate,general,uncensored_only,12,mmd_rbf,0.00960445310920477,128
aim_on_breadcrumbs,candidate,general,uncensored_only,12,projected_js,0.06256252960884012,128
aim_on_breadcrumbs,candidate,general,uncensored_only,13,mmd_rbf,0.01015601959079504,128
aim_on_breadcrumbs,candidate,general,uncensored_only,13,projected_js,0.061434007046045735,128
aim_on_breadcrumbs,candidate,general,uncensored_only,14,mmd_rbf,0.010416877456009388,128
aim_on_breadcrumbs,candidate,general,uncensored_only,14,projected_js,0.06489269924350083,128
aim_on_breadcrumbs,candidate,general,uncensored_only,15,mmd_rbf,0.012978143990039825,128
aim_on_breadcrumbs,candidate,general,uncensored_only,15,projected_js,0.0654882917588111,128
aim_on_breadcrumbs,candidate,general,uncensored_only,16,mmd_rbf,0.014395758509635925,128
aim_on_breadcrumbs,candidate,general,uncensored_only,16,projected_js,0.06859512522350997,128
aim_on_breadcrumbs,candidate,general,uncensored_only,17,mmd_rbf,0.013122818432748318,128
aim_on_breadcrumbs,candidate,general,uncensored_only,17,projected_js,0.06437974428990856,128
aim_on_breadcrumbs,candidate,general,uncensored_only,18,mmd_rbf,0.01366156805306673,128
aim_on_breadcrumbs,candidate,general,uncensored_only,18,projected_js,0.07014628261094913,128
aim_on_breadcrumbs,candidate,general,uncensored_only,19,mmd_rbf,0.012753498740494251,128
aim_on_breadcrumbs,candidate,general,uncensored_only,19,projected_js,0.06643871503183618,128
aim_on_breadcrumbs,candidate,general,uncensored_only,20,mmd_rbf,0.012529196217656136,128
aim_on_breadcrumbs,candidate,general,uncensored_only,20,projected_js,0.06508842471521348,128
aim_on_breadcrumbs,candidate,general,uncensored_only,21,mmd_rbf,0.013736519031226635,128
aim_on_breadcrumbs,candidate,general,uncensored_only,21,projected_js,0.07268065249081701,128
aim_on_breadcrumbs,candidate,general,uncensored_only,22,mmd_rbf,0.014525781385600567,128
aim_on_breadcrumbs,candidate,general,uncensored_only,22,projected_js,0.06823094497667626,128
aim_on_breadcrumbs,candidate,general,uncensored_only,23,mmd_rbf,0.01378423161804676,128
aim_on_breadcrumbs,candidate,general,uncensored_only,23,projected_js,0.06808738323161379,128
aim_on_breadcrumbs,candidate,general,uncensored_only,24,mmd_rbf,0.013940878212451935,128
aim_on_breadcrumbs,candidate,general,uncensored_only,24,projected_js,0.06888770731166005,128
aim_on_breadcrumbs,candidate,general,uncensored_only,25,mmd_rbf,0.014181273989379406,128
aim_on_breadcrumbs,candidate,general,uncensored_only,25,projected_js,0.06768851852393709,128
aim_on_breadcrumbs,candidate,general,uncensored_only,26,mmd_rbf,0.014397296123206615,128
aim_on_breadcrumbs,candidate,general,uncensored_only,26,projected_js,0.06861023581586778,128
aim_on_breadcrumbs,candidate,general,uncensored_only,27,mmd_rbf,0.014364317059516907,128
aim_on_breadcrumbs,candidate,general,uncensored_only,27,projected_js,0.06745615744148381,128
aim_on_breadcrumbs,candidate,general,uncensored_only,28,mmd_rbf,0.01306123286485672,128
aim_on_breadcrumbs,candidate,general,uncensored_only,28,projected_js,0.06974860175978392,128
aim_on_breadcrumbs,candidate,general,uncensored_only,29,mmd_rbf,0.012475687079131603,128
aim_on_breadcrumbs,candidate,general,uncensored_only,29,projected_js,0.062159419496310875,128
aim_on_breadcrumbs,candidate,general,uncensored_only,30,mmd_rbf,0.012370608747005463,128
aim_on_breadcrumbs,candidate,general,uncensored_only,30,projected_js,0.061206081649288535,128
aim_on_breadcrumbs,candidate,general,uncensored_only,31,mmd_rbf,0.01167806051671505,128
aim_on_breadcrumbs,candidate,general,uncensored_only,31,projected_js,0.06264467193977907,128
aim_on_breadcrumbs,candidate,general,uncensored_only,32,mmd_rbf,0.01160337496548891,128
aim_on_breadcrumbs,candidate,general,uncensored_only,32,projected_js,0.059434913157019764,128
aim_on_breadcrumbs,candidate,general,uncensored_only,33,mmd_rbf,0.01184678915888071,128
aim_on_breadcrumbs,candidate,general,uncensored_only,33,projected_js,0.06405044754501432,128
aim_on_breadcrumbs,candidate,general,uncensored_only,34,mmd_rbf,0.01388089545071125,128
aim_on_breadcrumbs,candidate,general,uncensored_only,34,projected_js,0.06730180274462327,128
aim_on_breadcrumbs,candidate,general,uncensored_only,35,mmd_rbf,0.06991524249315262,128
aim_on_breadcrumbs,candidate,general,uncensored_only,35,projected_js,0.11042651120806113,128
aim_on_breadcrumbs,candidate,instruction,base,0,mmd_rbf,0.00394821772351861,128
aim_on_breadcrumbs,candidate,instruction,base,0,projected_js,0.04801913155824877,128
aim_on_breadcrumbs,candidate,instruction,base,1,mmd_rbf,0.006283726077526808,128
aim_on_breadcrumbs,candidate,instruction,base,1,projected_js,0.05070276538026519,128
aim_on_breadcrumbs,candidate,instruction,base,2,mmd_rbf,0.008461290039122105,128
aim_on_breadcrumbs,candidate,instruction,base,2,projected_js,0.059202907665167004,128
aim_on_breadcrumbs,candidate,instruction,base,3,mmd_rbf,0.011412358842790127,128
aim_on_breadcrumbs,candidate,instruction,base,3,projected_js,0.06503727711969987,128
aim_on_breadcrumbs,candidate,instruction,base,4,mmd_rbf,0.010739779099822044,128
aim_on_breadcrumbs,candidate,instruction,base,4,projected_js,0.06269018122111447,128
aim_on_breadcrumbs,candidate,instruction,base,5,mmd_rbf,0.011202004738152027,128
aim_on_breadcrumbs,candidate,instruction,base,5,projected_js,0.057105161249637604,128
aim_on_breadcrumbs,candidate,instruction,base,6,mmd_rbf,0.009928830899298191,128
aim_on_breadcrumbs,candidate,instruction,base,6,projected_js,0.06255858598160557,128
aim_on_breadcrumbs,candidate,instruction,base,7,mmd_rbf,0.009316469542682171,128
aim_on_breadcrumbs,candidate,instruction,base,7,projected_js,0.06524390139384195,128
aim_on_breadcrumbs,candidate,instruction,base,8,mmd_rbf,0.008691217750310898,128
aim_on_breadcrumbs,candidate,instruction,base,8,projected_js,0.06442583817988634,128
aim_on_breadcrumbs,candidate,instruction,base,9,mmd_rbf,0.009517858736217022,128
aim_on_breadcrumbs,candidate,instruction,base,9,projected_js,0.061933645978569984,128
aim_on_breadcrumbs,candidate,instruction,base,10,mmd_rbf,0.010359303094446659,128
aim_on_breadcrumbs,candidate,instruction,base,10,projected_js,0.0661908095353283,128
aim_on_breadcrumbs,candidate,instruction,base,11,mmd_rbf,0.010112603195011616,128
aim_on_breadcrumbs,candidate,instruction,base,11,projected_js,0.06248589133610949,128
aim_on_breadcrumbs,candidate,instruction,base,12,mmd_rbf,0.009947597049176693,128
aim_on_breadcrumbs,candidate,instruction,base,12,projected_js,0.06853364838752896,128
aim_on_breadcrumbs,candidate,instruction,base,13,mmd_rbf,0.010559778660535812,128
aim_on_breadcrumbs,candidate,instruction,base,13,projected_js,0.06858209555502981,128
aim_on_breadcrumbs,candidate,instruction,base,14,mmd_rbf,0.010810691863298416,128
aim_on_breadcrumbs,candidate,instruction,base,14,projected_js,0.06811064743669704,128
aim_on_breadcrumbs,candidate,instruction,base,15,mmd_rbf,0.01158636249601841,128
aim_on_breadcrumbs,candidate,instruction,base,15,projected_js,0.0699350408394821,128
aim_on_breadcrumbs,candidate,instruction,base,16,mmd_rbf,0.012229197658598423,128
aim_on_breadcrumbs,candidate,instruction,base,16,projected_js,0.0667258744360879,128
aim_on_breadcrumbs,candidate,instruction,base,17,mmd_rbf,0.012263614684343338,128
aim_on_breadcrumbs,candidate,instruction,base,17,projected_js,0.06790093868039548,128
aim_on_breadcrumbs,candidate,instruction,base,18,mmd_rbf,0.013178050518035889,128
aim_on_breadcrumbs,candidate,instruction,base,18,projected_js,0.07173691969364882,128
aim_on_breadcrumbs,candidate,instruction,base,19,mmd_rbf,0.014507653191685677,128
aim_on_breadcrumbs,candidate,instruction,base,19,projected_js,0.07054212380899116,128
aim_on_breadcrumbs,candidate,instruction,base,20,mmd_rbf,0.01468177791684866,128
aim_on_breadcrumbs,candidate,instruction,base,20,projected_js,0.07004603362292983,128
aim_on_breadcrumbs,candidate,instruction,base,21,mmd_rbf,0.01539242547005415,128
aim_on_breadcrumbs,candidate,instruction,base,21,projected_js,0.07634041138226166,128
aim_on_breadcrumbs,candidate,instruction,base,22,mmd_rbf,0.014845037832856178,128
aim_on_breadcrumbs,candidate,instruction,base,22,projected_js,0.07286262483103201,128
aim_on_breadcrumbs,candidate,instruction,base,23,mmd_rbf,0.013902189210057259,128
aim_on_breadcrumbs,candidate,instruction,base,23,projected_js,0.07184069196227938,128
aim_on_breadcrumbs,candidate,instruction,base,24,mmd_rbf,0.013130122795701027,128
aim_on_breadcrumbs,candidate,instruction,base,24,projected_js,0.07047096209134907,128
aim_on_breadcrumbs,candidate,instruction,base,25,mmd_rbf,0.012358865700662136,128
aim_on_breadcrumbs,candidate,instruction,base,25,projected_js,0.07370720256585628,128
aim_on_breadcrumbs,candidate,instruction,base,26,mmd_rbf,0.012036829255521297,128
aim_on_breadcrumbs,candidate,instruction,base,26,projected_js,0.06924810080090538,128
aim_on_breadcrumbs,candidate,instruction,base,27,mmd_rbf,0.01168917678296566,128
aim_on_breadcrumbs,candidate,instruction,base,27,projected_js,0.06648972950642928,128
aim_on_breadcrumbs,candidate,instruction,base,28,mmd_rbf,0.010886291041970253,128
aim_on_breadcrumbs,candidate,instruction,base,28,projected_js,0.06787842122139409,128
aim_on_breadcrumbs,candidate,instruction,base,29,mmd_rbf,0.01032144483178854,128
aim_on_breadcrumbs,candidate,instruction,base,29,projected_js,0.06423992721829563,128
aim_on_breadcrumbs,candidate,instruction,base,30,mmd_rbf,0.01005745679140091,128
aim_on_breadcrumbs,candidate,instruction,base,30,projected_js,0.06557998884818517,128
aim_on_breadcrumbs,candidate,instruction,base,31,mmd_rbf,0.009758401662111282,128
aim_on_breadcrumbs,candidate,instruction,base,31,projected_js,0.0680375752854161,128
aim_on_breadcrumbs,candidate,instruction,base,32,mmd_rbf,0.010047728195786476,128
aim_on_breadcrumbs,candidate,instruction,base,32,projected_js,0.06903520837659016,128
aim_on_breadcrumbs,candidate,instruction,base,33,mmd_rbf,0.010305510833859444,128
aim_on_breadcrumbs,candidate,instruction,base,33,projected_js,0.06738321058219299,128
aim_on_breadcrumbs,candidate,instruction,base,34,mmd_rbf,0.014628018252551556,128
aim_on_breadcrumbs,candidate,instruction,base,34,projected_js,0.07624702109023929,128
aim_on_breadcrumbs,candidate,instruction,base,35,mmd_rbf,0.0409531407058239,128
aim_on_breadcrumbs,candidate,instruction,base,35,projected_js,0.09897825960069895,128
aim_on_breadcrumbs,candidate,instruction,instr_only,0,mmd_rbf,0.002036908408626914,128
aim_on_breadcrumbs,candidate,instruction,instr_only,0,projected_js,0.03486173191049602,128
aim_on_breadcrumbs,candidate,instruction,instr_only,1,mmd_rbf,0.0029638619162142277,128
aim_on_breadcrumbs,candidate,instruction,instr_only,1,projected_js,0.03637555486056954,128
aim_on_breadcrumbs,candidate,instruction,instr_only,2,mmd_rbf,0.0036002607084810734,128
aim_on_breadcrumbs,candidate,instruction,instr_only,2,projected_js,0.04131668597983662,128
aim_on_breadcrumbs,candidate,instruction,instr_only,3,mmd_rbf,0.0037589191924780607,128
aim_on_breadcrumbs,candidate,instruction,instr_only,3,projected_js,0.042351654497906566,128
aim_on_breadcrumbs,candidate,instruction,instr_only,4,mmd_rbf,0.004286413546651602,128
aim_on_breadcrumbs,candidate,instruction,instr_only,4,projected_js,0.045109444836270995,128
aim_on_breadcrumbs,candidate,instruction,instr_only,5,mmd_rbf,0.005033442284911871,128
aim_on_breadcrumbs,candidate,instruction,instr_only,5,projected_js,0.04611299332464114,128
aim_on_breadcrumbs,candidate,instruction,instr_only,6,mmd_rbf,0.003935471177101135,128
aim_on_breadcrumbs,candidate,instruction,instr_only,6,projected_js,0.04704793417477049,128
aim_on_breadcrumbs,candidate,instruction,instr_only,7,mmd_rbf,0.0034527555108070374,128
aim_on_breadcrumbs,candidate,instruction,instr_only,7,projected_js,0.05000847257906571,128
aim_on_breadcrumbs,candidate,instruction,instr_only,8,mmd_rbf,0.0029447865672409534,128
aim_on_breadcrumbs,candidate,instruction,instr_only,8,projected_js,0.04811264091404155,128
aim_on_breadcrumbs,candidate,instruction,instr_only,9,mmd_rbf,0.0030312195885926485,128
aim_on_breadcrumbs,candidate,instruction,instr_only,9,projected_js,0.05391237587900832,128
aim_on_breadcrumbs,candidate,instruction,instr_only,10,mmd_rbf,0.0031068753451108932,128
aim_on_breadcrumbs,candidate,instruction,instr_only,10,projected_js,0.05356862602639012,128
aim_on_breadcrumbs,candidate,instruction,instr_only,11,mmd_rbf,0.0028182663954794407,128
aim_on_breadcrumbs,candidate,instruction,instr_only,11,projected_js,0.056753036507871,128
aim_on_breadcrumbs,candidate,instruction,instr_only,12,mmd_rbf,0.0027467533946037292,128
aim_on_breadcrumbs,candidate,instruction,instr_only,12,projected_js,0.05353909620316699,128
aim_on_breadcrumbs,candidate,instruction,instr_only,13,mmd_rbf,0.002873443765565753,128
aim_on_breadcrumbs,candidate,instruction,instr_only,13,projected_js,0.05666688299970701,128
aim_on_breadcrumbs,candidate,instruction,instr_only,14,mmd_rbf,0.0028216836508363485,128
aim_on_breadcrumbs,candidate,instruction,instr_only,14,projected_js,0.054871119966264814,128
aim_on_breadcrumbs,candidate,instruction,instr_only,15,mmd_rbf,0.0030023136641830206,128
aim_on_breadcrumbs,candidate,instruction,instr_only,15,projected_js,0.05907061300240457,128
aim_on_breadcrumbs,candidate,instruction,instr_only,16,mmd_rbf,0.0032043922692537308,128
aim_on_breadcrumbs,candidate,instruction,instr_only,16,projected_js,0.05786004874971695,128
aim_on_breadcrumbs,candidate,instruction,instr_only,17,mmd_rbf,0.00333125120960176,128
aim_on_breadcrumbs,candidate,instruction,instr_only,17,projected_js,0.0568511207238771,128
aim_on_breadcrumbs,candidate,instruction,instr_only,18,mmd_rbf,0.0036589012015610933,128
aim_on_breadcrumbs,candidate,instruction,instr_only,18,projected_js,0.058663309115218,128
aim_on_breadcrumbs,candidate,instruction,instr_only,19,mmd_rbf,0.004083734937012196,128
aim_on_breadcrumbs,candidate,instruction,instr_only,19,projected_js,0.057652796152979136,128
aim_on_breadcrumbs,candidate,instruction,instr_only,20,mmd_rbf,0.0043207635171711445,128
aim_on_breadcrumbs,candidate,instruction,instr_only,20,projected_js,0.057298904488561675,128
aim_on_breadcrumbs,candidate,instruction,instr_only,21,mmd_rbf,0.0053415424190461636,128
aim_on_breadcrumbs,candidate,instruction,instr_only,21,projected_js,0.06525426142616197,128
aim_on_breadcrumbs,candidate,instruction,instr_only,22,mmd_rbf,0.00575451273471117,128
aim_on_breadcrumbs,candidate,instruction,instr_only,22,projected_js,0.06131368409842253,128
aim_on_breadcrumbs,candidate,instruction,instr_only,23,mmd_rbf,0.005839457735419273,128
aim_on_breadcrumbs,candidate,instruction,instr_only,23,projected_js,0.06256224127719179,128
aim_on_breadcrumbs,candidate,instruction,instr_only,24,mmd_rbf,0.005688352044671774,128
aim_on_breadcrumbs,candidate,instruction,instr_only,24,projected_js,0.06339034182019532,128
aim_on_breadcrumbs,candidate,instruction,instr_only,25,mmd_rbf,0.0057767643593251705,128
aim_on_breadcrumbs,candidate,instruction,instr_only,25,projected_js,0.06594931468134746,128
aim_on_breadcrumbs,candidate,instruction,instr_only,26,mmd_rbf,0.0058058337308466434,128
aim_on_breadcrumbs,candidate,instruction,instr_only,26,projected_js,0.06535335344960913,128
aim_on_breadcrumbs,candidate,instruction,instr_only,27,mmd_rbf,0.005766944028437138,128
aim_on_breadcrumbs,candidate,instruction,instr_only,27,projected_js,0.06636921589961275,128
aim_on_breadcrumbs,candidate,instruction,instr_only,28,mmd_rbf,0.005491227842867374,128
aim_on_breadcrumbs,candidate,instruction,instr_only,28,projected_js,0.061231191153638065,128
aim_on_breadcrumbs,candidate,instruction,instr_only,29,mmd_rbf,0.0051933289505541325,128
aim_on_breadcrumbs,candidate,instruction,instr_only,29,projected_js,0.059680583770386875,128
aim_on_breadcrumbs,candidate,instruction,instr_only,30,mmd_rbf,0.005099546164274216,128
aim_on_breadcrumbs,candidate,instruction,instr_only,30,projected_js,0.06223931448766962,128
aim_on_breadcrumbs,candidate,instruction,instr_only,31,mmd_rbf,0.0049841818399727345,128
aim_on_breadcrumbs,candidate,instruction,instr_only,31,projected_js,0.06153536931378767,128
aim_on_breadcrumbs,candidate,instruction,instr_only,32,mmd_rbf,0.005167481955140829,128
aim_on_breadcrumbs,candidate,instruction,instr_only,32,projected_js,0.06007783382665366,128
aim_on_breadcrumbs,candidate,instruction,instr_only,33,mmd_rbf,0.005523219238966703,128
aim_on_breadcrumbs,candidate,instruction,instr_only,33,projected_js,0.06547144619980827,128
aim_on_breadcrumbs,candidate,instruction,instr_only,34,mmd_rbf,0.008181906305253506,128
aim_on_breadcrumbs,candidate,instruction,instr_only,34,projected_js,0.06478849065024406,128
aim_on_breadcrumbs,candidate,instruction,instr_only,35,mmd_rbf,0.049853235483169556,128
aim_on_breadcrumbs,candidate,instruction,instr_only,35,projected_js,0.10745626484276727,128
aim_on_breadcrumbs,candidate,instruction,reasoning_only,0,mmd_rbf,0.006529543083161116,128
aim_on_breadcrumbs,candidate,instruction,reasoning_only,0,projected_js,0.05806559609482065,128
aim_on_breadcrumbs,candidate,instruction,reasoning_only,1,mmd_rbf,0.010213196277618408,128
aim_on_breadcrumbs,candidate,instruction,reasoning_only,1,projected_js,0.0567462403269019,128
aim_on_breadcrumbs,candidate,instruction,reasoning_only,2,mmd_rbf,0.015935732051730156,128
aim_on_breadcrumbs,candidate,instruction,reasoning_only,2,projected_js,0.06356517499079928,128
aim_on_breadcrumbs,candidate,instruction,reasoning_only,3,mmd_rbf,0.017743462696671486,128
aim_on_breadcrumbs,candidate,instruction,reasoning_only,3,projected_js,0.06836235022637993,128
aim_on_breadcrumbs,candidate,instruction,reasoning_only,4,mmd_rbf,0.019358104094862938,128
aim_on_breadcrumbs,candidate,instruction,reasoning_only,4,projected_js,0.0741786229191348,128
aim_on_breadcrumbs,candidate,instruction,reasoning_only,5,mmd_rbf,0.02177063748240471,128
aim_on_breadcrumbs,candidate,instruction,reasoning_only,5,projected_js,0.07597238529706374,128
aim_on_breadcrumbs,candidate,instruction,reasoning_only,6,mmd_rbf,0.01671825908124447,128
aim_on_breadcrumbs,candidate,instruction,reasoning_only,6,projected_js,0.07421862677438185,128
aim_on_breadcrumbs,candidate,instruction,reasoning_only,7,mmd_rbf,0.016454605385661125,128
aim_on_breadcrumbs,candidate,instruction,reasoning_only,7,projected_js,0.07625066937180236,128
aim_on_breadcrumbs,candidate,instruction,reasoning_only,8,mmd_rbf,0.012879266403615475,128
aim_on_breadcrumbs,candidate,instruction,reasoning_only,8,projected_js,0.07182194734923542,128
aim_on_breadcrumbs,candidate,instruction,reasoning_only,9,mmd_rbf,0.012613067403435707,128
aim_on_breadcrumbs,candidate,instruction,reasoning_only,9,projected_js,0.07080708499415778,128
aim_on_breadcrumbs,candidate,instruction,reasoning_only,10,mmd_rbf,0.014375713653862476,128
aim_on_breadcrumbs,candidate,instruction,reasoning_only,10,projected_js,0.07336919219233096,128
aim_on_breadcrumbs,candidate,instruction,reasoning_only,11,mmd_rbf,0.013892550952732563,128
aim_on_breadcrumbs,candidate,instruction,reasoning_only,11,projected_js,0.07319060328882188,128
aim_on_breadcrumbs,candidate,instruction,reasoning_only,12,mmd_rbf,0.014742794446647167,128
aim_on_breadcrumbs,candidate,instruction,reasoning_only,12,projected_js,0.07415434735594317,128
aim_on_breadcrumbs,candidate,instruction,reasoning_only,13,mmd_rbf,0.01549365371465683,128
aim_on_breadcrumbs,candidate,instruction,reasoning_only,13,projected_js,0.07501824712380767,128
aim_on_breadcrumbs,candidate,instruction,reasoning_only,14,mmd_rbf,0.01536647416651249,128
aim_on_breadcrumbs,candidate,instruction,reasoning_only,14,projected_js,0.07459234382258728,128
aim_on_breadcrumbs,candidate,instruction,reasoning_only,15,mmd_rbf,0.016318872570991516,128
aim_on_breadcrumbs,candidate,instruction,reasoning_only,15,projected_js,0.07506337953964248,128
aim_on_breadcrumbs,candidate,instruction,reasoning_only,16,mmd_rbf,0.016552334651350975,128
aim_on_breadcrumbs,candidate,instruction,reasoning_only,16,projected_js,0.07509522617328912,128
aim_on_breadcrumbs,candidate,instruction,reasoning_only,17,mmd_rbf,0.016650456935167313,128
aim_on_breadcrumbs,candidate,instruction,reasoning_only,17,projected_js,0.07062877935823053,128
aim_on_breadcrumbs,candidate,instruction,reasoning_only,18,mmd_rbf,0.018936796113848686,128
aim_on_breadcrumbs,candidate,instruction,reasoning_only,18,projected_js,0.07155202084686607,128
aim_on_breadcrumbs,candidate,instruction,reasoning_only,19,mmd_rbf,0.019595608115196228,128
aim_on_breadcrumbs,candidate,instruction,reasoning_only,19,projected_js,0.0756095988326706,128
aim_on_breadcrumbs,candidate,instruction,reasoning_only,20,mmd_rbf,0.019660906866192818,128
aim_on_breadcrumbs,candidate,instruction,reasoning_only,20,projected_js,0.07564209229894914,128
aim_on_breadcrumbs,candidate,instruction,reasoning_only,21,mmd_rbf,0.020219001919031143,128
aim_on_breadcrumbs,candidate,instruction,reasoning_only,21,projected_js,0.0785190486931242,128
aim_on_breadcrumbs,candidate,instruction,reasoning_only,22,mmd_rbf,0.019329940900206566,128
aim_on_breadcrumbs,candidate,instruction,reasoning_only,22,projected_js,0.07873606844805181,128
aim_on_breadcrumbs,candidate,instruction,reasoning_only,23,mmd_rbf,0.016774630174040794,128
aim_on_breadcrumbs,candidate,instruction,reasoning_only,23,projected_js,0.07686900696717203,128
aim_on_breadcrumbs,candidate,instruction,reasoning_only,24,mmd_rbf,0.017842868342995644,128
aim_on_breadcrumbs,candidate,instruction,reasoning_only,24,projected_js,0.07484099239809439,128
aim_on_breadcrumbs,candidate,instruction,reasoning_only,25,mmd_rbf,0.017117975279688835,128
aim_on_breadcrumbs,candidate,instruction,reasoning_only,25,projected_js,0.07318363664671779,128
aim_on_breadcrumbs,candidate,instruction,reasoning_only,26,mmd_rbf,0.017837604507803917,128
aim_on_breadcrumbs,candidate,instruction,reasoning_only,26,projected_js,0.07636824116343632,128
aim_on_breadcrumbs,candidate,instruction,reasoning_only,27,mmd_rbf,0.01771913282573223,128
aim_on_breadcrumbs,candidate,instruction,reasoning_only,27,projected_js,0.07481576967984438,128
aim_on_breadcrumbs,candidate,instruction,reasoning_only,28,mmd_rbf,0.018239745870232582,128
aim_on_breadcrumbs,candidate,instruction,reasoning_only,28,projected_js,0.07946942927083,128
aim_on_breadcrumbs,candidate,instruction,reasoning_only,29,mmd_rbf,0.017809584736824036,128
aim_on_breadcrumbs,candidate,instruction,reasoning_only,29,projected_js,0.07600908679887652,128
aim_on_breadcrumbs,candidate,instruction,reasoning_only,30,mmd_rbf,0.018574928864836693,128
aim_on_breadcrumbs,candidate,instruction,reasoning_only,30,projected_js,0.07686985650798306,128
aim_on_breadcrumbs,candidate,instruction,reasoning_only,31,mmd_rbf,0.01856914348900318,128
aim_on_breadcrumbs,candidate,instruction,reasoning_only,31,projected_js,0.0752323706401512,128
aim_on_breadcrumbs,candidate,instruction,reasoning_only,32,mmd_rbf,0.018018770962953568,128
aim_on_breadcrumbs,candidate,instruction,reasoning_only,32,projected_js,0.07339770661201328,128
aim_on_breadcrumbs,candidate,instruction,reasoning_only,33,mmd_rbf,0.016403142362833023,128
aim_on_breadcrumbs,candidate,instruction,reasoning_only,33,projected_js,0.07368877693079412,128
aim_on_breadcrumbs,candidate,instruction,reasoning_only,34,mmd_rbf,0.016092652454972267,128
aim_on_breadcrumbs,candidate,instruction,reasoning_only,34,projected_js,0.07296062941895798,128
aim_on_breadcrumbs,candidate,instruction,reasoning_only,35,mmd_rbf,0.016831746324896812,128
aim_on_breadcrumbs,candidate,instruction,reasoning_only,35,projected_js,0.06730691701523028,128
aim_on_breadcrumbs,candidate,instruction,uncensored_only,0,mmd_rbf,0.0060099451802670956,128
aim_on_breadcrumbs,candidate,instruction,uncensored_only,0,projected_js,0.050470160495024174,128
aim_on_breadcrumbs,candidate,instruction,uncensored_only,1,mmd_rbf,0.13565881550312042,128
aim_on_breadcrumbs,candidate,instruction,uncensored_only,1,projected_js,0.1600644481368363,128
aim_on_breadcrumbs,candidate,instruction,uncensored_only,2,mmd_rbf,0.12014322727918625,128
aim_on_breadcrumbs,candidate,instruction,uncensored_only,2,projected_js,0.1403360404074192,128
aim_on_breadcrumbs,candidate,instruction,uncensored_only,3,mmd_rbf,0.08967308700084686,128
aim_on_breadcrumbs,candidate,instruction,uncensored_only,3,projected_js,0.11694851017091423,128
aim_on_breadcrumbs,candidate,instruction,uncensored_only,4,mmd_rbf,0.06601410359144211,128
aim_on_breadcrumbs,candidate,instruction,uncensored_only,4,projected_js,0.11393911734921858,128
aim_on_breadcrumbs,candidate,instruction,uncensored_only,5,mmd_rbf,0.04938828572630882,128
aim_on_breadcrumbs,candidate,instruction,uncensored_only,5,projected_js,0.09788900660350919,128
aim_on_breadcrumbs,candidate,instruction,uncensored_only,6,mmd_rbf,0.029710276052355766,128
aim_on_breadcrumbs,candidate,instruction,uncensored_only,6,projected_js,0.08562453289050609,128
aim_on_breadcrumbs,candidate,instruction,uncensored_only,7,mmd_rbf,0.024023031815886497,128
aim_on_breadcrumbs,candidate,instruction,uncensored_only,7,projected_js,0.08216466644080356,128
aim_on_breadcrumbs,candidate,instruction,uncensored_only,8,mmd_rbf,0.016544906422495842,128
aim_on_breadcrumbs,candidate,instruction,uncensored_only,8,projected_js,0.07538421091157943,128
aim_on_breadcrumbs,candidate,instruction,uncensored_only,9,mmd_rbf,0.013615134172141552,128
aim_on_breadcrumbs,candidate,instruction,uncensored_only,9,projected_js,0.0654006868135184,128
aim_on_breadcrumbs,candidate,instruction,uncensored_only,10,mmd_rbf,0.012380379252135754,128
aim_on_breadcrumbs,candidate,instruction,uncensored_only,10,projected_js,0.06958240398671478,128
aim_on_breadcrumbs,candidate,instruction,uncensored_only,11,mmd_rbf,0.010172798298299313,128
aim_on_breadcrumbs,candidate,instruction,uncensored_only,11,projected_js,0.06825440254760906,128
aim_on_breadcrumbs,candidate,instruction,uncensored_only,12,mmd_rbf,0.010075478814542294,128
aim_on_breadcrumbs,candidate,instruction,uncensored_only,12,projected_js,0.06932003109250218,128
aim_on_breadcrumbs,candidate,instruction,uncensored_only,13,mmd_rbf,0.010311822406947613,128
aim_on_breadcrumbs,candidate,instruction,uncensored_only,13,projected_js,0.07067933422513306,128
aim_on_breadcrumbs,candidate,instruction,uncensored_only,14,mmd_rbf,0.011237027123570442,128
aim_on_breadcrumbs,candidate,instruction,uncensored_only,14,projected_js,0.06747058761538938,128
aim_on_breadcrumbs,candidate,instruction,uncensored_only,15,mmd_rbf,0.013388069346547127,128
aim_on_breadcrumbs,candidate,instruction,uncensored_only,15,projected_js,0.07023134484188631,128
aim_on_breadcrumbs,candidate,instruction,uncensored_only,16,mmd_rbf,0.01427230890840292,128
aim_on_breadcrumbs,candidate,instruction,uncensored_only,16,projected_js,0.0706023084348999,128
aim_on_breadcrumbs,candidate,instruction,uncensored_only,17,mmd_rbf,0.013575701974332333,128
aim_on_breadcrumbs,candidate,instruction,uncensored_only,17,projected_js,0.06826031330274418,128
aim_on_breadcrumbs,candidate,instruction,uncensored_only,18,mmd_rbf,0.013886573724448681,128
aim_on_breadcrumbs,candidate,instruction,uncensored_only,18,projected_js,0.07367338216863573,128
aim_on_breadcrumbs,candidate,instruction,uncensored_only,19,mmd_rbf,0.013810395263135433,128
aim_on_breadcrumbs,candidate,instruction,uncensored_only,19,projected_js,0.0754529673140496,128
aim_on_breadcrumbs,candidate,instruction,uncensored_only,20,mmd_rbf,0.014358112588524818,128
aim_on_breadcrumbs,candidate,instruction,uncensored_only,20,projected_js,0.072147149767261,128
aim_on_breadcrumbs,candidate,instruction,uncensored_only,21,mmd_rbf,0.015945596620440483,128
aim_on_breadcrumbs,candidate,instruction,uncensored_only,21,projected_js,0.07517602946609259,128
aim_on_breadcrumbs,candidate,instruction,uncensored_only,22,mmd_rbf,0.01769435405731201,128
aim_on_breadcrumbs,candidate,instruction,uncensored_only,22,projected_js,0.07167210220359266,128
aim_on_breadcrumbs,candidate,instruction,uncensored_only,23,mmd_rbf,0.017929216846823692,128
aim_on_breadcrumbs,candidate,instruction,uncensored_only,23,projected_js,0.07594216283177957,128
aim_on_breadcrumbs,candidate,instruction,uncensored_only,24,mmd_rbf,0.019165391102433205,128
aim_on_breadcrumbs,candidate,instruction,uncensored_only,24,projected_js,0.07563028525328264,128
aim_on_breadcrumbs,candidate,instruction,uncensored_only,25,mmd_rbf,0.019815992563962936,128
aim_on_breadcrumbs,candidate,instruction,uncensored_only,25,projected_js,0.08007471769815311,128
aim_on_breadcrumbs,candidate,instruction,uncensored_only,26,mmd_rbf,0.020058797672390938,128
aim_on_breadcrumbs,candidate,instruction,uncensored_only,26,projected_js,0.08084094908554107,128
aim_on_breadcrumbs,candidate,instruction,uncensored_only,27,mmd_rbf,0.019907642155885696,128
aim_on_breadcrumbs,candidate,instruction,uncensored_only,27,projected_js,0.07745080499444157,128
aim_on_breadcrumbs,candidate,instruction,uncensored_only,28,mmd_rbf,0.017697127535939217,128
aim_on_breadcrumbs,candidate,instruction,uncensored_only,28,projected_js,0.07300054898951203,128
aim_on_breadcrumbs,candidate,instruction,uncensored_only,29,mmd_rbf,0.01667715050280094,128
aim_on_breadcrumbs,candidate,instruction,uncensored_only,29,projected_js,0.07490686548408121,128
aim_on_breadcrumbs,candidate,instruction,uncensored_only,30,mmd_rbf,0.016615992411971092,128
aim_on_breadcrumbs,candidate,instruction,uncensored_only,30,projected_js,0.07009987015044317,128
aim_on_breadcrumbs,candidate,instruction,uncensored_only,31,mmd_rbf,0.015876740217208862,128
aim_on_breadcrumbs,candidate,instruction,uncensored_only,31,projected_js,0.07432989147491753,128
aim_on_breadcrumbs,candidate,instruction,uncensored_only,32,mmd_rbf,0.01579182781279087,128
aim_on_breadcrumbs,candidate,instruction,uncensored_only,32,projected_js,0.06811575568281114,128
aim_on_breadcrumbs,candidate,instruction,uncensored_only,33,mmd_rbf,0.0158049575984478,128
aim_on_breadcrumbs,candidate,instruction,uncensored_only,33,projected_js,0.07142396905692294,128
aim_on_breadcrumbs,candidate,instruction,uncensored_only,34,mmd_rbf,0.018157584592700005,128
aim_on_breadcrumbs,candidate,instruction,uncensored_only,34,projected_js,0.078748763888143,128
aim_on_breadcrumbs,candidate,instruction,uncensored_only,35,mmd_rbf,0.059868454933166504,128
aim_on_breadcrumbs,candidate,instruction,uncensored_only,35,projected_js,0.10824803111609071,128
aim_on_breadcrumbs,candidate,reasoning,base,0,mmd_rbf,0.0025504902005195618,128
aim_on_breadcrumbs,candidate,reasoning,base,0,projected_js,0.04488626585225575,128
aim_on_breadcrumbs,candidate,reasoning,base,1,mmd_rbf,0.004709270782768726,128
aim_on_breadcrumbs,candidate,reasoning,base,1,projected_js,0.04653285999665968,128
aim_on_breadcrumbs,candidate,reasoning,base,2,mmd_rbf,0.006294955965131521,128
aim_on_breadcrumbs,candidate,reasoning,base,2,projected_js,0.051719361275900155,128
aim_on_breadcrumbs,candidate,reasoning,base,3,mmd_rbf,0.00750901410356164,128
aim_on_breadcrumbs,candidate,reasoning,base,3,projected_js,0.056907798076281324,128
aim_on_breadcrumbs,candidate,reasoning,base,4,mmd_rbf,0.007623802404850721,128
aim_on_breadcrumbs,candidate,reasoning,base,4,projected_js,0.054545517690712586,128
aim_on_breadcrumbs,candidate,reasoning,base,5,mmd_rbf,0.006831787060946226,128
aim_on_breadcrumbs,candidate,reasoning,base,5,projected_js,0.053365688829217106,128
aim_on_breadcrumbs,candidate,reasoning,base,6,mmd_rbf,0.0054749189876019955,128
aim_on_breadcrumbs,candidate,reasoning,base,6,projected_js,0.05487501245806925,128
aim_on_breadcrumbs,candidate,reasoning,base,7,mmd_rbf,0.005187313072383404,128
aim_on_breadcrumbs,candidate,reasoning,base,7,projected_js,0.05500873125856742,128
aim_on_breadcrumbs,candidate,reasoning,base,8,mmd_rbf,0.004807460121810436,128
aim_on_breadcrumbs,candidate,reasoning,base,8,projected_js,0.057519794936524704,128
aim_on_breadcrumbs,candidate,reasoning,base,9,mmd_rbf,0.005165866110473871,128
aim_on_breadcrumbs,candidate,reasoning,base,9,projected_js,0.05770995409693569,128
aim_on_breadcrumbs,candidate,reasoning,base,10,mmd_rbf,0.005511575844138861,128
aim_on_breadcrumbs,candidate,reasoning,base,10,projected_js,0.054232656460953876,128
aim_on_breadcrumbs,candidate,reasoning,base,11,mmd_rbf,0.0051452056504786015,128
aim_on_breadcrumbs,candidate,reasoning,base,11,projected_js,0.059143629303434864,128
aim_on_breadcrumbs,candidate,reasoning,base,12,mmd_rbf,0.005323596764355898,128
aim_on_breadcrumbs,candidate,reasoning,base,12,projected_js,0.05410137725993991,128
aim_on_breadcrumbs,candidate,reasoning,base,13,mmd_rbf,0.005402910988777876,128
aim_on_breadcrumbs,candidate,reasoning,base,13,projected_js,0.059120927820913494,128
aim_on_breadcrumbs,candidate,reasoning,base,14,mmd_rbf,0.005435276310890913,128
aim_on_breadcrumbs,candidate,reasoning,base,14,projected_js,0.058334447065135464,128
aim_on_breadcrumbs,candidate,reasoning,base,15,mmd_rbf,0.005744574125856161,128
aim_on_breadcrumbs,candidate,reasoning,base,15,projected_js,0.05731922306586057,128
aim_on_breadcrumbs,candidate,reasoning,base,16,mmd_rbf,0.006223000586032867,128
aim_on_breadcrumbs,candidate,reasoning,base,16,projected_js,0.05810668139019981,128
aim_on_breadcrumbs,candidate,reasoning,base,17,mmd_rbf,0.006085206288844347,128
aim_on_breadcrumbs,candidate,reasoning,base,17,projected_js,0.06155866605695337,128
aim_on_breadcrumbs,candidate,reasoning,base,18,mmd_rbf,0.0063293809071183205,128
aim_on_breadcrumbs,candidate,reasoning,base,18,projected_js,0.05961559765273705,128
aim_on_breadcrumbs,candidate,reasoning,base,19,mmd_rbf,0.006491167936474085,128
aim_on_breadcrumbs,candidate,reasoning,base,19,projected_js,0.06231429165927693,128
aim_on_breadcrumbs,candidate,reasoning,base,20,mmd_rbf,0.006331100594252348,128
aim_on_breadcrumbs,candidate,reasoning,base,20,projected_js,0.061350815929472446,128
aim_on_breadcrumbs,candidate,reasoning,base,21,mmd_rbf,0.006363424938172102,128
aim_on_breadcrumbs,candidate,reasoning,base,21,projected_js,0.05870580885675736,128
aim_on_breadcrumbs,candidate,reasoning,base,22,mmd_rbf,0.006043978035449982,128
aim_on_breadcrumbs,candidate,reasoning,base,22,projected_js,0.06119892807328142,128
aim_on_breadcrumbs,candidate,reasoning,base,23,mmd_rbf,0.006024662405252457,128
aim_on_breadcrumbs,candidate,reasoning,base,23,projected_js,0.055682298087049276,128
aim_on_breadcrumbs,candidate,reasoning,base,24,mmd_rbf,0.005697979591786861,128
aim_on_breadcrumbs,candidate,reasoning,base,24,projected_js,0.05624119474668987,128
aim_on_breadcrumbs,candidate,reasoning,base,25,mmd_rbf,0.005514069925993681,128
aim_on_breadcrumbs,candidate,reasoning,base,25,projected_js,0.06078064697794616,128
aim_on_breadcrumbs,candidate,reasoning,base,26,mmd_rbf,0.00551827996969223,128
aim_on_breadcrumbs,candidate,reasoning,base,26,projected_js,0.0610733907087706,128
aim_on_breadcrumbs,candidate,reasoning,base,27,mmd_rbf,0.0056213028728961945,128
aim_on_breadcrumbs,candidate,reasoning,base,27,projected_js,0.06194390240125358,128
aim_on_breadcrumbs,candidate,reasoning,base,28,mmd_rbf,0.005722017027437687,128
aim_on_breadcrumbs,candidate,reasoning,base,28,projected_js,0.05977524822810665,128
aim_on_breadcrumbs,candidate,reasoning,base,29,mmd_rbf,0.005920404102653265,128
aim_on_breadcrumbs,candidate,reasoning,base,29,projected_js,0.06294941063970327,128
aim_on_breadcrumbs,candidate,reasoning,base,30,mmd_rbf,0.006022065412253141,128
aim_on_breadcrumbs,candidate,reasoning,base,30,projected_js,0.058267868240363896,128
aim_on_breadcrumbs,candidate,reasoning,base,31,mmd_rbf,0.006126535590738058,128
aim_on_breadcrumbs,candidate,reasoning,base,31,projected_js,0.06098186125745997,128
aim_on_breadcrumbs,candidate,reasoning,base,32,mmd_rbf,0.006455071270465851,128
aim_on_breadcrumbs,candidate,reasoning,base,32,projected_js,0.05844807979883626,128
aim_on_breadcrumbs,candidate,reasoning,base,33,mmd_rbf,0.006552082486450672,128
aim_on_breadcrumbs,candidate,reasoning,base,33,projected_js,0.061001257970929146,128
aim_on_breadcrumbs,candidate,reasoning,base,34,mmd_rbf,0.008478200994431973,128
aim_on_breadcrumbs,candidate,reasoning,base,34,projected_js,0.06495201797224581,128
aim_on_breadcrumbs,candidate,reasoning,base,35,mmd_rbf,0.028098439797759056,128
aim_on_breadcrumbs,candidate,reasoning,base,35,projected_js,0.07652160155703314,128
aim_on_breadcrumbs,candidate,reasoning,instr_only,0,mmd_rbf,0.0012082785833626986,128
aim_on_breadcrumbs,candidate,reasoning,instr_only,0,projected_js,0.03297835796547588,128
aim_on_breadcrumbs,candidate,reasoning,instr_only,1,mmd_rbf,0.0017862439854070544,128
aim_on_breadcrumbs,candidate,reasoning,instr_only,1,projected_js,0.03532504598842934,128
aim_on_breadcrumbs,candidate,reasoning,instr_only,2,mmd_rbf,0.002289664698764682,128
aim_on_breadcrumbs,candidate,reasoning,instr_only,2,projected_js,0.03873952614958398,128
aim_on_breadcrumbs,candidate,reasoning,instr_only,3,mmd_rbf,0.0024202733766287565,128
aim_on_breadcrumbs,candidate,reasoning,instr_only,3,projected_js,0.03828974181669764,128
aim_on_breadcrumbs,candidate,reasoning,instr_only,4,mmd_rbf,0.002417320152744651,128
aim_on_breadcrumbs,candidate,reasoning,instr_only,4,projected_js,0.03949285400449298,128
aim_on_breadcrumbs,candidate,reasoning,instr_only,5,mmd_rbf,0.002504682634025812,128
aim_on_breadcrumbs,candidate,reasoning,instr_only,5,projected_js,0.038989612250588834,128
aim_on_breadcrumbs,candidate,reasoning,instr_only,6,mmd_rbf,0.0020009397994726896,128
aim_on_breadcrumbs,candidate,reasoning,instr_only,6,projected_js,0.043196896091103554,128
aim_on_breadcrumbs,candidate,reasoning,instr_only,7,mmd_rbf,0.0019558907952159643,128
aim_on_breadcrumbs,candidate,reasoning,instr_only,7,projected_js,0.04636959411436692,128
aim_on_breadcrumbs,candidate,reasoning,instr_only,8,mmd_rbf,0.0018244128441438079,128
aim_on_breadcrumbs,candidate,reasoning,instr_only,8,projected_js,0.04789221295504831,128
aim_on_breadcrumbs,candidate,reasoning,instr_only,9,mmd_rbf,0.0018995028221979737,128
aim_on_breadcrumbs,candidate,reasoning,instr_only,9,projected_js,0.0489638211147394,128
aim_on_breadcrumbs,candidate,reasoning,instr_only,10,mmd_rbf,0.0018094182014465332,128
aim_on_breadcrumbs,candidate,reasoning,instr_only,10,projected_js,0.04602973425062373,128
aim_on_breadcrumbs,candidate,reasoning,instr_only,11,mmd_rbf,0.0016318761045113206,128
aim_on_breadcrumbs,candidate,reasoning,instr_only,11,projected_js,0.04809486851445399,128
aim_on_breadcrumbs,candidate,reasoning,instr_only,12,mmd_rbf,0.0016513027949258685,128
aim_on_breadcrumbs,candidate,reasoning,instr_only,12,projected_js,0.04723506676964462,128
aim_on_breadcrumbs,candidate,reasoning,instr_only,13,mmd_rbf,0.001790643553249538,128
aim_on_breadcrumbs,candidate,reasoning,instr_only,13,projected_js,0.051106609229464084,128
aim_on_breadcrumbs,candidate,reasoning,instr_only,14,mmd_rbf,0.0016954134916886687,128
aim_on_breadcrumbs,candidate,reasoning,instr_only,14,projected_js,0.048669668001821265,128
aim_on_breadcrumbs,candidate,reasoning,instr_only,15,mmd_rbf,0.0018377405358478427,128
aim_on_breadcrumbs,candidate,reasoning,instr_only,15,projected_js,0.050213822221849114,128
aim_on_breadcrumbs,candidate,reasoning,instr_only,16,mmd_rbf,0.0019791261292994022,128
aim_on_breadcrumbs,candidate,reasoning,instr_only,16,projected_js,0.051921961043262854,128
aim_on_breadcrumbs,candidate,reasoning,instr_only,17,mmd_rbf,0.0020988688338547945,128
aim_on_breadcrumbs,candidate,reasoning,instr_only,17,projected_js,0.0513164201984182,128
aim_on_breadcrumbs,candidate,reasoning,instr_only,18,mmd_rbf,0.0022437095176428556,128
aim_on_breadcrumbs,candidate,reasoning,instr_only,18,projected_js,0.05125643580686301,128
aim_on_breadcrumbs,candidate,reasoning,instr_only,19,mmd_rbf,0.002354968339204788,128
aim_on_breadcrumbs,candidate,reasoning,instr_only,19,projected_js,0.051994950423249975,128
aim_on_breadcrumbs,candidate,reasoning,instr_only,20,mmd_rbf,0.00235694064758718,128
aim_on_breadcrumbs,candidate,reasoning,instr_only,20,projected_js,0.05099152828915976,128
aim_on_breadcrumbs,candidate,reasoning,instr_only,21,mmd_rbf,0.0024633691646158695,128
aim_on_breadcrumbs,candidate,reasoning,instr_only,21,projected_js,0.054553096735617146,128
aim_on_breadcrumbs,candidate,reasoning,instr_only,22,mmd_rbf,0.002467721002176404,128
aim_on_breadcrumbs,candidate,reasoning,instr_only,22,projected_js,0.05062441903282888,128
aim_on_breadcrumbs,candidate,reasoning,instr_only,23,mmd_rbf,0.0023838921915739775,128
aim_on_breadcrumbs,candidate,reasoning,instr_only,23,projected_js,0.050991172349313274,128
aim_on_breadcrumbs,candidate,reasoning,instr_only,24,mmd_rbf,0.0023518376983702183,128
aim_on_breadcrumbs,candidate,reasoning,instr_only,24,projected_js,0.051332076283870265,128
aim_on_breadcrumbs,candidate,reasoning,instr_only,25,mmd_rbf,0.00229225168004632,128
aim_on_breadcrumbs,candidate,reasoning,instr_only,25,projected_js,0.05136612520436756,128
aim_on_breadcrumbs,candidate,reasoning,instr_only,26,mmd_rbf,0.0022675059735774994,128
aim_on_breadcrumbs,candidate,reasoning,instr_only,26,projected_js,0.053677148185670376,128
aim_on_breadcrumbs,candidate,reasoning,instr_only,27,mmd_rbf,0.002301078988239169,128
aim_on_breadcrumbs,candidate,reasoning,instr_only,27,projected_js,0.057604057335993275,128
aim_on_breadcrumbs,candidate,reasoning,instr_only,28,mmd_rbf,0.0023858898784965277,128
aim_on_breadcrumbs,candidate,reasoning,instr_only,28,projected_js,0.05210998418624513,128
aim_on_breadcrumbs,candidate,reasoning,instr_only,29,mmd_rbf,0.0023552258498966694,128
aim_on_breadcrumbs,candidate,reasoning,instr_only,29,projected_js,0.05432593196746893,128
aim_on_breadcrumbs,candidate,reasoning,instr_only,30,mmd_rbf,0.002411959460005164,128
aim_on_breadcrumbs,candidate,reasoning,instr_only,30,projected_js,0.04877734690671787,128
aim_on_breadcrumbs,candidate,reasoning,instr_only,31,mmd_rbf,0.0025132179725915194,128
aim_on_breadcrumbs,candidate,reasoning,instr_only,31,projected_js,0.05388875532662496,128
aim_on_breadcrumbs,candidate,reasoning,instr_only,32,mmd_rbf,0.002745790872722864,128
aim_on_breadcrumbs,candidate,reasoning,instr_only,32,projected_js,0.05479441030183807,128
aim_on_breadcrumbs,candidate,reasoning,instr_only,33,mmd_rbf,0.003076949855312705,128
aim_on_breadcrumbs,candidate,reasoning,instr_only,33,projected_js,0.05379533040104434,128
aim_on_breadcrumbs,candidate,reasoning,instr_only,34,mmd_rbf,0.0048914761282503605,128
aim_on_breadcrumbs,candidate,reasoning,instr_only,34,projected_js,0.05796334269689396,128
aim_on_breadcrumbs,candidate,reasoning,instr_only,35,mmd_rbf,0.038753632456064224,128
aim_on_breadcrumbs,candidate,reasoning,instr_only,35,projected_js,0.08827726426534355,128
aim_on_breadcrumbs,candidate,reasoning,reasoning_only,0,mmd_rbf,0.003917444031685591,128
aim_on_breadcrumbs,candidate,reasoning,reasoning_only,0,projected_js,0.04714389465516433,128
aim_on_breadcrumbs,candidate,reasoning,reasoning_only,1,mmd_rbf,0.006146493833512068,128
aim_on_breadcrumbs,candidate,reasoning,reasoning_only,1,projected_js,0.05191666656173766,128
aim_on_breadcrumbs,candidate,reasoning,reasoning_only,2,mmd_rbf,0.01156576443463564,128
aim_on_breadcrumbs,candidate,reasoning,reasoning_only,2,projected_js,0.06165355662233196,128
aim_on_breadcrumbs,candidate,reasoning,reasoning_only,3,mmd_rbf,0.014050689525902271,128
aim_on_breadcrumbs,candidate,reasoning,reasoning_only,3,projected_js,0.06393373297760263,128
aim_on_breadcrumbs,candidate,reasoning,reasoning_only,4,mmd_rbf,0.013789392076432705,128
aim_on_breadcrumbs,candidate,reasoning,reasoning_only,4,projected_js,0.06670685193967074,128
aim_on_breadcrumbs,candidate,reasoning,reasoning_only,5,mmd_rbf,0.013289752416312695,128
aim_on_breadcrumbs,candidate,reasoning,reasoning_only,5,projected_js,0.06336249120067805,128
aim_on_breadcrumbs,candidate,reasoning,reasoning_only,6,mmd_rbf,0.010173261165618896,128
aim_on_breadcrumbs,candidate,reasoning,reasoning_only,6,projected_js,0.06400459678843617,128
aim_on_breadcrumbs,candidate,reasoning,reasoning_only,7,mmd_rbf,0.010563486255705357,128
aim_on_breadcrumbs,candidate,reasoning,reasoning_only,7,projected_js,0.06439642747864127,128
aim_on_breadcrumbs,candidate,reasoning,reasoning_only,8,mmd_rbf,0.0091893021017313,128
aim_on_breadcrumbs,candidate,reasoning,reasoning_only,8,projected_js,0.06503521476406604,128
aim_on_breadcrumbs,candidate,reasoning,reasoning_only,9,mmd_rbf,0.009340654127299786,128
aim_on_breadcrumbs,candidate,reasoning,reasoning_only,9,projected_js,0.06124221271602437,128
aim_on_breadcrumbs,candidate,reasoning,reasoning_only,10,mmd_rbf,0.010297159664332867,128
aim_on_breadcrumbs,candidate,reasoning,reasoning_only,10,projected_js,0.06491647282382473,128
aim_on_breadcrumbs,candidate,reasoning,reasoning_only,11,mmd_rbf,0.009840104728937149,128
aim_on_breadcrumbs,candidate,reasoning,reasoning_only,11,projected_js,0.06015753117389977,128
aim_on_breadcrumbs,candidate,reasoning,reasoning_only,12,mmd_rbf,0.01001000590622425,128
aim_on_breadcrumbs,candidate,reasoning,reasoning_only,12,projected_js,0.06210068752989173,128
aim_on_breadcrumbs,candidate,reasoning,reasoning_only,13,mmd_rbf,0.010346837341785431,128
aim_on_breadcrumbs,candidate,reasoning,reasoning_only,13,projected_js,0.06715468133916147,128
aim_on_breadcrumbs,candidate,reasoning,reasoning_only,14,mmd_rbf,0.01030520349740982,128
aim_on_breadcrumbs,candidate,reasoning,reasoning_only,14,projected_js,0.06102908379398286,128
aim_on_breadcrumbs,candidate,reasoning,reasoning_only,15,mmd_rbf,0.01121840812265873,128
aim_on_breadcrumbs,candidate,reasoning,reasoning_only,15,projected_js,0.0640489044599235,128
aim_on_breadcrumbs,candidate,reasoning,reasoning_only,16,mmd_rbf,0.011653139255940914,128
aim_on_breadcrumbs,candidate,reasoning,reasoning_only,16,projected_js,0.06746355857467279,128
aim_on_breadcrumbs,candidate,reasoning,reasoning_only,17,mmd_rbf,0.011603509075939655,128
aim_on_breadcrumbs,candidate,reasoning,reasoning_only,17,projected_js,0.064711210783571,128
aim_on_breadcrumbs,candidate,reasoning,reasoning_only,18,mmd_rbf,0.013118157163262367,128
aim_on_breadcrumbs,candidate,reasoning,reasoning_only,18,projected_js,0.06552772625582293,128
aim_on_breadcrumbs,candidate,reasoning,reasoning_only,19,mmd_rbf,0.012568916194140911,128
aim_on_breadcrumbs,candidate,reasoning,reasoning_only,19,projected_js,0.06694635574240237,128
aim_on_breadcrumbs,candidate,reasoning,reasoning_only,20,mmd_rbf,0.012129590846598148,128
aim_on_breadcrumbs,candidate,reasoning,reasoning_only,20,projected_js,0.0674040041049011,128
aim_on_breadcrumbs,candidate,reasoning,reasoning_only,21,mmd_rbf,0.01241056527942419,128
aim_on_breadcrumbs,candidate,reasoning,reasoning_only,21,projected_js,0.06361132074380293,128
aim_on_breadcrumbs,candidate,reasoning,reasoning_only,22,mmd_rbf,0.01069315429776907,128
aim_on_breadcrumbs,candidate,reasoning,reasoning_only,22,projected_js,0.060971429717028514,128
aim_on_breadcrumbs,candidate,reasoning,reasoning_only,23,mmd_rbf,0.00879302155226469,128
aim_on_breadcrumbs,candidate,reasoning,reasoning_only,23,projected_js,0.059865695802727714,128
aim_on_breadcrumbs,candidate,reasoning,reasoning_only,24,mmd_rbf,0.008436773903667927,128
aim_on_breadcrumbs,candidate,reasoning,reasoning_only,24,projected_js,0.0619448293291498,128
aim_on_breadcrumbs,candidate,reasoning,reasoning_only,25,mmd_rbf,0.007419702596962452,128
aim_on_breadcrumbs,candidate,reasoning,reasoning_only,25,projected_js,0.0601317422115244,128
aim_on_breadcrumbs,candidate,reasoning,reasoning_only,26,mmd_rbf,0.007047522347420454,128
aim_on_breadcrumbs,candidate,reasoning,reasoning_only,26,projected_js,0.06303918641060591,128
aim_on_breadcrumbs,candidate,reasoning,reasoning_only,27,mmd_rbf,0.006916840560734272,128
aim_on_breadcrumbs,candidate,reasoning,reasoning_only,27,projected_js,0.06177776679396629,128
aim_on_breadcrumbs,candidate,reasoning,reasoning_only,28,mmd_rbf,0.007217687554657459,128
aim_on_breadcrumbs,candidate,reasoning,reasoning_only,28,projected_js,0.06232376233674586,128
aim_on_breadcrumbs,candidate,reasoning,reasoning_only,29,mmd_rbf,0.007247803267091513,128
aim_on_breadcrumbs,candidate,reasoning,reasoning_only,29,projected_js,0.06198145594680682,128
aim_on_breadcrumbs,candidate,reasoning,reasoning_only,30,mmd_rbf,0.007708599325269461,128
aim_on_breadcrumbs,candidate,reasoning,reasoning_only,30,projected_js,0.06455320434179157,128
aim_on_breadcrumbs,candidate,reasoning,reasoning_only,31,mmd_rbf,0.008108009584248066,128
aim_on_breadcrumbs,candidate,reasoning,reasoning_only,31,projected_js,0.0638451409759,128
aim_on_breadcrumbs,candidate,reasoning,reasoning_only,32,mmd_rbf,0.008117626421153545,128
aim_on_breadcrumbs,candidate,reasoning,reasoning_only,32,projected_js,0.06270606420002878,128
aim_on_breadcrumbs,candidate,reasoning,reasoning_only,33,mmd_rbf,0.008144436404109001,128
aim_on_breadcrumbs,candidate,reasoning,reasoning_only,33,projected_js,0.06155633425805718,128
aim_on_breadcrumbs,candidate,reasoning,reasoning_only,34,mmd_rbf,0.008398378267884254,128
aim_on_breadcrumbs,candidate,reasoning,reasoning_only,34,projected_js,0.06187612243229523,128
aim_on_breadcrumbs,candidate,reasoning,reasoning_only,35,mmd_rbf,0.020515553653240204,128
aim_on_breadcrumbs,candidate,reasoning,reasoning_only,35,projected_js,0.07106418715557083,128
aim_on_breadcrumbs,candidate,reasoning,uncensored_only,0,mmd_rbf,0.0033274113666266203,128
aim_on_breadcrumbs,candidate,reasoning,uncensored_only,0,projected_js,0.03984025128011126,128
aim_on_breadcrumbs,candidate,reasoning,uncensored_only,1,mmd_rbf,0.08519870042800903,128
aim_on_breadcrumbs,candidate,reasoning,uncensored_only,1,projected_js,0.12066690501524135,128
aim_on_breadcrumbs,candidate,reasoning,uncensored_only,2,mmd_rbf,0.08022342622280121,128
aim_on_breadcrumbs,candidate,reasoning,uncensored_only,2,projected_js,0.11034782259957865,128
aim_on_breadcrumbs,candidate,reasoning,uncensored_only,3,mmd_rbf,0.0609857439994812,128
aim_on_breadcrumbs,candidate,reasoning,uncensored_only,3,projected_js,0.09836246268241666,128
aim_on_breadcrumbs,candidate,reasoning,uncensored_only,4,mmd_rbf,0.0413152351975441,128
aim_on_breadcrumbs,candidate,reasoning,uncensored_only,4,projected_js,0.09321894292952493,128
aim_on_breadcrumbs,candidate,reasoning,uncensored_only,5,mmd_rbf,0.0272336695343256,128
aim_on_breadcrumbs,candidate,reasoning,uncensored_only,5,projected_js,0.08247672487050295,128
aim_on_breadcrumbs,candidate,reasoning,uncensored_only,6,mmd_rbf,0.016226498410105705,128
aim_on_breadcrumbs,candidate,reasoning,uncensored_only,6,projected_js,0.07062195771140978,128
aim_on_breadcrumbs,candidate,reasoning,uncensored_only,7,mmd_rbf,0.014444318599998951,128
aim_on_breadcrumbs,candidate,reasoning,uncensored_only,7,projected_js,0.06900433561531827,128
aim_on_breadcrumbs,candidate,reasoning,uncensored_only,8,mmd_rbf,0.011223449371755123,128
aim_on_breadcrumbs,candidate,reasoning,uncensored_only,8,projected_js,0.06301379622891545,128
aim_on_breadcrumbs,candidate,reasoning,uncensored_only,9,mmd_rbf,0.009460821747779846,128
aim_on_breadcrumbs,candidate,reasoning,uncensored_only,9,projected_js,0.062343477678950876,128
aim_on_breadcrumbs,candidate,reasoning,uncensored_only,10,mmd_rbf,0.008472579531371593,128
aim_on_breadcrumbs,candidate,reasoning,uncensored_only,10,projected_js,0.05921407602727413,128
aim_on_breadcrumbs,candidate,reasoning,uncensored_only,11,mmd_rbf,0.007153485901653767,128
aim_on_breadcrumbs,candidate,reasoning,uncensored_only,11,projected_js,0.061634564655832946,128
aim_on_breadcrumbs,candidate,reasoning,uncensored_only,12,mmd_rbf,0.007156113628298044,128
aim_on_breadcrumbs,candidate,reasoning,uncensored_only,12,projected_js,0.05897687579272315,128
aim_on_breadcrumbs,candidate,reasoning,uncensored_only,13,mmd_rbf,0.007338374853134155,128
aim_on_breadcrumbs,candidate,reasoning,uncensored_only,13,projected_js,0.06344396603526548,128
aim_on_breadcrumbs,candidate,reasoning,uncensored_only,14,mmd_rbf,0.0079873725771904,128
aim_on_breadcrumbs,candidate,reasoning,uncensored_only,14,projected_js,0.05994449800346047,128
aim_on_breadcrumbs,candidate,reasoning,uncensored_only,15,mmd_rbf,0.009731246158480644,128
aim_on_breadcrumbs,candidate,reasoning,uncensored_only,15,projected_js,0.06261370456195436,128
aim_on_breadcrumbs,candidate,reasoning,uncensored_only,16,mmd_rbf,0.010544339194893837,128
aim_on_breadcrumbs,candidate,reasoning,uncensored_only,16,projected_js,0.06304312450811267,128
aim_on_breadcrumbs,candidate,reasoning,uncensored_only,17,mmd_rbf,0.010158401913940907,128
aim_on_breadcrumbs,candidate,reasoning,uncensored_only,17,projected_js,0.061047055234666914,128
aim_on_breadcrumbs,candidate,reasoning,uncensored_only,18,mmd_rbf,0.010309426113963127,128
aim_on_breadcrumbs,candidate,reasoning,uncensored_only,18,projected_js,0.06303450075211003,128
aim_on_breadcrumbs,candidate,reasoning,uncensored_only,19,mmd_rbf,0.010280701331794262,128
aim_on_breadcrumbs,candidate,reasoning,uncensored_only,19,projected_js,0.06147600640542805,128
aim_on_breadcrumbs,candidate,reasoning,uncensored_only,20,mmd_rbf,0.010438377968966961,128
aim_on_breadcrumbs,candidate,reasoning,uncensored_only,20,projected_js,0.06802956556202844,128
aim_on_breadcrumbs,candidate,reasoning,uncensored_only,21,mmd_rbf,0.011251930147409439,128
aim_on_breadcrumbs,candidate,reasoning,uncensored_only,21,projected_js,0.06262727547436953,128
aim_on_breadcrumbs,candidate,reasoning,uncensored_only,22,mmd_rbf,0.011765661649405956,128
aim_on_breadcrumbs,candidate,reasoning,uncensored_only,22,projected_js,0.06294442154467106,128
aim_on_breadcrumbs,candidate,reasoning,uncensored_only,23,mmd_rbf,0.011352202855050564,128
aim_on_breadcrumbs,candidate,reasoning,uncensored_only,23,projected_js,0.061396923614665866,128
aim_on_breadcrumbs,candidate,reasoning,uncensored_only,24,mmd_rbf,0.01100202463567257,128
aim_on_breadcrumbs,candidate,reasoning,uncensored_only,24,projected_js,0.06609493950963952,128
aim_on_breadcrumbs,candidate,reasoning,uncensored_only,25,mmd_rbf,0.011026191525161266,128
aim_on_breadcrumbs,candidate,reasoning,uncensored_only,25,projected_js,0.06547686428530142,128
aim_on_breadcrumbs,candidate,reasoning,uncensored_only,26,mmd_rbf,0.010775846429169178,128
aim_on_breadcrumbs,candidate,reasoning,uncensored_only,26,projected_js,0.06597908906405792,128
aim_on_breadcrumbs,candidate,reasoning,uncensored_only,27,mmd_rbf,0.010833072476089,128
aim_on_breadcrumbs,candidate,reasoning,uncensored_only,27,projected_js,0.06911632209084928,128
aim_on_breadcrumbs,candidate,reasoning,uncensored_only,28,mmd_rbf,0.01029770728200674,128
aim_on_breadcrumbs,candidate,reasoning,uncensored_only,28,projected_js,0.06395043060183525,128
aim_on_breadcrumbs,candidate,reasoning,uncensored_only,29,mmd_rbf,0.010265413671731949,128
aim_on_breadcrumbs,candidate,reasoning,uncensored_only,29,projected_js,0.06474310293560848,128
aim_on_breadcrumbs,candidate,reasoning,uncensored_only,30,mmd_rbf,0.010477622039616108,128
aim_on_breadcrumbs,candidate,reasoning,uncensored_only,30,projected_js,0.06316986607271247,128
aim_on_breadcrumbs,candidate,reasoning,uncensored_only,31,mmd_rbf,0.01030140370130539,128
aim_on_breadcrumbs,candidate,reasoning,uncensored_only,31,projected_js,0.06580073240911588,128
aim_on_breadcrumbs,candidate,reasoning,uncensored_only,32,mmd_rbf,0.010645746253430843,128
aim_on_breadcrumbs,candidate,reasoning,uncensored_only,32,projected_js,0.0635362605098635,128
aim_on_breadcrumbs,candidate,reasoning,uncensored_only,33,mmd_rbf,0.011052741669118404,128
aim_on_breadcrumbs,candidate,reasoning,uncensored_only,33,projected_js,0.06465499161276966,128
aim_on_breadcrumbs,candidate,reasoning,uncensored_only,34,mmd_rbf,0.012671135365962982,128
aim_on_breadcrumbs,candidate,reasoning,uncensored_only,34,projected_js,0.06800976628437638,128
aim_on_breadcrumbs,candidate,reasoning,uncensored_only,35,mmd_rbf,0.04630984738469124,128
aim_on_breadcrumbs,candidate,reasoning,uncensored_only,35,projected_js,0.09404082581750117,128
aim_on_breadcrumbs,candidate,uncensored_refusal_like,base,0,mmd_rbf,0.010940968990325928,128
aim_on_breadcrumbs,candidate,uncensored_refusal_like,base,0,projected_js,0.05817805876722559,128
aim_on_breadcrumbs,candidate,uncensored_refusal_like,base,1,mmd_rbf,0.01452272292226553,128
aim_on_breadcrumbs,candidate,uncensored_refusal_like,base,1,projected_js,0.0669838295871159,128
aim_on_breadcrumbs,candidate,uncensored_refusal_like,base,2,mmd_rbf,0.018675420433282852,128
aim_on_breadcrumbs,candidate,uncensored_refusal_like,base,2,projected_js,0.07104677631286904,128
aim_on_breadcrumbs,candidate,uncensored_refusal_like,base,3,mmd_rbf,0.032293565571308136,128
aim_on_breadcrumbs,candidate,uncensored_refusal_like,base,3,projected_js,0.09587421041214839,128
aim_on_breadcrumbs,candidate,uncensored_refusal_like,base,4,mmd_rbf,0.03087671473622322,128
aim_on_breadcrumbs,candidate,uncensored_refusal_like,base,4,projected_js,0.09013581904582679,128
aim_on_breadcrumbs,candidate,uncensored_refusal_like,base,5,mmd_rbf,0.031809251755476,128
aim_on_breadcrumbs,candidate,uncensored_refusal_like,base,5,projected_js,0.08383564074756578,128
aim_on_breadcrumbs,candidate,uncensored_refusal_like,base,6,mmd_rbf,0.028345322236418724,128
aim_on_breadcrumbs,candidate,uncensored_refusal_like,base,6,projected_js,0.07839528273325413,128
aim_on_breadcrumbs,candidate,uncensored_refusal_like,base,7,mmd_rbf,0.025261348113417625,128
aim_on_breadcrumbs,candidate,uncensored_refusal_like,base,7,projected_js,0.07020654875668697,128
aim_on_breadcrumbs,candidate,uncensored_refusal_like,base,8,mmd_rbf,0.02278866432607174,128
aim_on_breadcrumbs,candidate,uncensored_refusal_like,base,8,projected_js,0.07715824822662398,128
aim_on_breadcrumbs,candidate,uncensored_refusal_like,base,9,mmd_rbf,0.025733595713973045,128
aim_on_breadcrumbs,candidate,uncensored_refusal_like,base,9,projected_js,0.07642442639917135,128
aim_on_breadcrumbs,candidate,uncensored_refusal_like,base,10,mmd_rbf,0.027889946475625038,128
aim_on_breadcrumbs,candidate,uncensored_refusal_like,base,10,projected_js,0.0790832338097971,128
aim_on_breadcrumbs,candidate,uncensored_refusal_like,base,11,mmd_rbf,0.030007123947143555,128
aim_on_breadcrumbs,candidate,uncensored_refusal_like,base,11,projected_js,0.08263396727852523,128
aim_on_breadcrumbs,candidate,uncensored_refusal_like,base,12,mmd_rbf,0.033896710723638535,128
aim_on_breadcrumbs,candidate,uncensored_refusal_like,base,12,projected_js,0.0861848205095157,128
aim_on_breadcrumbs,candidate,uncensored_refusal_like,base,13,mmd_rbf,0.03762585669755936,128
aim_on_breadcrumbs,candidate,uncensored_refusal_like,base,13,projected_js,0.09101534087676555,128
aim_on_breadcrumbs,candidate,uncensored_refusal_like,base,14,mmd_rbf,0.038496360182762146,128
aim_on_breadcrumbs,candidate,uncensored_refusal_like,base,14,projected_js,0.08850475790677592,128
aim_on_breadcrumbs,candidate,uncensored_refusal_like,base,15,mmd_rbf,0.0394083634018898,128
aim_on_breadcrumbs,candidate,uncensored_refusal_like,base,15,projected_js,0.082341710512992,128
aim_on_breadcrumbs,candidate,uncensored_refusal_like,base,16,mmd_rbf,0.03945770487189293,128
aim_on_breadcrumbs,candidate,uncensored_refusal_like,base,16,projected_js,0.08603413664968684,128
aim_on_breadcrumbs,candidate,uncensored_refusal_like,base,17,mmd_rbf,0.04052283614873886,128
aim_on_breadcrumbs,candidate,uncensored_refusal_like,base,17,projected_js,0.08558833133429289,128
aim_on_breadcrumbs,candidate,uncensored_refusal_like,base,18,mmd_rbf,0.041580986231565475,128
aim_on_breadcrumbs,candidate,uncensored_refusal_like,base,18,projected_js,0.09125714917900041,128
aim_on_breadcrumbs,candidate,uncensored_refusal_like,base,19,mmd_rbf,0.04144720360636711,128
aim_on_breadcrumbs,candidate,uncensored_refusal_like,base,19,projected_js,0.08889727731002495,128
aim_on_breadcrumbs,candidate,uncensored_refusal_like,base,20,mmd_rbf,0.048212047666311264,128
aim_on_breadcrumbs,candidate,uncensored_refusal_like,base,20,projected_js,0.09336449636612087,128
aim_on_breadcrumbs,candidate,uncensored_refusal_like,base,21,mmd_rbf,0.05089421197772026,128
aim_on_breadcrumbs,candidate,uncensored_refusal_like,base,21,projected_js,0.08879751345375553,128
aim_on_breadcrumbs,candidate,uncensored_refusal_like,base,22,mmd_rbf,0.053250979632139206,128
aim_on_breadcrumbs,candidate,uncensored_refusal_like,base,22,projected_js,0.096457413979806,128
aim_on_breadcrumbs,candidate,uncensored_refusal_like,base,23,mmd_rbf,0.05277106910943985,128
aim_on_breadcrumbs,candidate,uncensored_refusal_like,base,23,projected_js,0.09579527960158885,128
aim_on_breadcrumbs,candidate,uncensored_refusal_like,base,24,mmd_rbf,0.051759567111730576,128
aim_on_breadcrumbs,candidate,uncensored_refusal_like,base,24,projected_js,0.10408821568125859,128
aim_on_breadcrumbs,candidate,uncensored_refusal_like,base,25,mmd_rbf,0.050369035452604294,128
aim_on_breadcrumbs,candidate,uncensored_refusal_like,base,25,projected_js,0.09484963590512052,128
aim_on_breadcrumbs,candidate,uncensored_refusal_like,base,26,mmd_rbf,0.050525911152362823,128
aim_on_breadcrumbs,candidate,uncensored_refusal_like,base,26,projected_js,0.0974884337047115,128
aim_on_breadcrumbs,candidate,uncensored_refusal_like,base,27,mmd_rbf,0.05075204372406006,128
aim_on_breadcrumbs,candidate,uncensored_refusal_like,base,27,projected_js,0.10245831293286756,128
aim_on_breadcrumbs,candidate,uncensored_refusal_like,base,28,mmd_rbf,0.04929883033037186,128
aim_on_breadcrumbs,candidate,uncensored_refusal_like,base,28,projected_js,0.09888157091336325,128
aim_on_breadcrumbs,candidate,uncensored_refusal_like,base,29,mmd_rbf,0.046416427940130234,128
aim_on_breadcrumbs,candidate,uncensored_refusal_like,base,29,projected_js,0.09484543034341186,128
aim_on_breadcrumbs,candidate,uncensored_refusal_like,base,30,mmd_rbf,0.046489037573337555,128
aim_on_breadcrumbs,candidate,uncensored_refusal_like,base,30,projected_js,0.09770340891554952,128
aim_on_breadcrumbs,candidate,uncensored_refusal_like,base,31,mmd_rbf,0.04560905322432518,128
aim_on_breadcrumbs,candidate,uncensored_refusal_like,base,31,projected_js,0.09456198109546676,128
aim_on_breadcrumbs,candidate,uncensored_refusal_like,base,32,mmd_rbf,0.045396044850349426,128
aim_on_breadcrumbs,candidate,uncensored_refusal_like,base,32,projected_js,0.09482760104583576,128
aim_on_breadcrumbs,candidate,uncensored_refusal_like,base,33,mmd_rbf,0.04392207786440849,128
aim_on_breadcrumbs,candidate,uncensored_refusal_like,base,33,projected_js,0.09499887796118855,128
aim_on_breadcrumbs,candidate,uncensored_refusal_like,base,34,mmd_rbf,0.055623482912778854,128
aim_on_breadcrumbs,candidate,uncensored_refusal_like,base,34,projected_js,0.1047461855923757,128
aim_on_breadcrumbs,candidate,uncensored_refusal_like,base,35,mmd_rbf,0.11849560588598251,128
aim_on_breadcrumbs,candidate,uncensored_refusal_like,base,35,projected_js,0.16589602688327432,128
aim_on_breadcrumbs,candidate,uncensored_refusal_like,instr_only,0,mmd_rbf,0.006068396847695112,128
aim_on_breadcrumbs,candidate,uncensored_refusal_like,instr_only,0,projected_js,0.049178788176504895,128
aim_on_breadcrumbs,candidate,uncensored_refusal_like,instr_only,1,mmd_rbf,0.006868341471999884,128
aim_on_breadcrumbs,candidate,uncensored_refusal_like,instr_only,1,projected_js,0.047495519887888804,128
aim_on_breadcrumbs,candidate,uncensored_refusal_like,instr_only,2,mmd_rbf,0.00744941970333457,128
aim_on_breadcrumbs,candidate,uncensored_refusal_like,instr_only,2,projected_js,0.05198177292186301,128
aim_on_breadcrumbs,candidate,uncensored_refusal_like,instr_only,3,mmd_rbf,0.009154857136309147,128
aim_on_breadcrumbs,candidate,uncensored_refusal_like,instr_only,3,projected_js,0.05766028552898206,128
aim_on_breadcrumbs,candidate,uncensored_refusal_like,instr_only,4,mmd_rbf,0.0103977732360363,128
aim_on_breadcrumbs,candidate,uncensored_refusal_like,instr_only,4,projected_js,0.058244762622052804,128
aim_on_breadcrumbs,candidate,uncensored_refusal_like,instr_only,5,mmd_rbf,0.01168134342879057,128
aim_on_breadcrumbs,candidate,uncensored_refusal_like,instr_only,5,projected_js,0.058897023292956874,128
aim_on_breadcrumbs,candidate,uncensored_refusal_like,instr_only,6,mmd_rbf,0.009148659184575081,128
aim_on_breadcrumbs,candidate,uncensored_refusal_like,instr_only,6,projected_js,0.05770861386554316,128
aim_on_breadcrumbs,candidate,uncensored_refusal_like,instr_only,7,mmd_rbf,0.007659024093300104,128
aim_on_breadcrumbs,candidate,uncensored_refusal_like,instr_only,7,projected_js,0.0597945005283691,128
aim_on_breadcrumbs,candidate,uncensored_refusal_like,instr_only,8,mmd_rbf,0.006251733750104904,128
aim_on_breadcrumbs,candidate,uncensored_refusal_like,instr_only,8,projected_js,0.05803484364878386,128
aim_on_breadcrumbs,candidate,uncensored_refusal_like,instr_only,9,mmd_rbf,0.006425171624869108,128
aim_on_breadcrumbs,candidate,uncensored_refusal_like,instr_only,9,projected_js,0.06308310106396675,128
aim_on_breadcrumbs,candidate,uncensored_refusal_like,instr_only,10,mmd_rbf,0.006568658631294966,128
aim_on_breadcrumbs,candidate,uncensored_refusal_like,instr_only,10,projected_js,0.06137214583577588,128
aim_on_breadcrumbs,candidate,uncensored_refusal_like,instr_only,11,mmd_rbf,0.006001883186399937,128
aim_on_breadcrumbs,candidate,uncensored_refusal_like,instr_only,11,projected_js,0.059818754089064896,128
aim_on_breadcrumbs,candidate,uncensored_refusal_like,instr_only,12,mmd_rbf,0.00622846744954586,128
aim_on_breadcrumbs,candidate,uncensored_refusal_like,instr_only,12,projected_js,0.061892605386674404,128
aim_on_breadcrumbs,candidate,uncensored_refusal_like,instr_only,13,mmd_rbf,0.0065188221633434296,128
aim_on_breadcrumbs,candidate,uncensored_refusal_like,instr_only,13,projected_js,0.061189027212094516,128
aim_on_breadcrumbs,candidate,uncensored_refusal_like,instr_only,14,mmd_rbf,0.006281337235122919,128
aim_on_breadcrumbs,candidate,uncensored_refusal_like,instr_only,14,projected_js,0.06110459234332666,128
aim_on_breadcrumbs,candidate,uncensored_refusal_like,instr_only,15,mmd_rbf,0.006592568941414356,128
aim_on_breadcrumbs,candidate,uncensored_refusal_like,instr_only,15,projected_js,0.06193050311412662,128
aim_on_breadcrumbs,candidate,uncensored_refusal_like,instr_only,16,mmd_rbf,0.0071022086776793,128
aim_on_breadcrumbs,candidate,uncensored_refusal_like,instr_only,16,projected_js,0.06292872608173639,128
aim_on_breadcrumbs,candidate,uncensored_refusal_like,instr_only,17,mmd_rbf,0.007794615812599659,128
aim_on_breadcrumbs,candidate,uncensored_refusal_like,instr_only,17,projected_js,0.06184273096732795,128
aim_on_breadcrumbs,candidate,uncensored_refusal_like,instr_only,18,mmd_rbf,0.00873409491032362,128
aim_on_breadcrumbs,candidate,uncensored_refusal_like,instr_only,18,projected_js,0.06370959483319893,128
aim_on_breadcrumbs,candidate,uncensored_refusal_like,instr_only,19,mmd_rbf,0.009634592570364475,128
aim_on_breadcrumbs,candidate,uncensored_refusal_like,instr_only,19,projected_js,0.06429565086727962,128
aim_on_breadcrumbs,candidate,uncensored_refusal_like,instr_only,20,mmd_rbf,0.010570104233920574,128
aim_on_breadcrumbs,candidate,uncensored_refusal_like,instr_only,20,projected_js,0.0642229130025953,128
aim_on_breadcrumbs,candidate,uncensored_refusal_like,instr_only,21,mmd_rbf,0.013192522339522839,128
aim_on_breadcrumbs,candidate,uncensored_refusal_like,instr_only,21,projected_js,0.06813137617427856,128
aim_on_breadcrumbs,candidate,uncensored_refusal_like,instr_only,22,mmd_rbf,0.014668705873191357,128
aim_on_breadcrumbs,candidate,uncensored_refusal_like,instr_only,22,projected_js,0.06833597738295794,128
aim_on_breadcrumbs,candidate,uncensored_refusal_like,instr_only,23,mmd_rbf,0.015000279061496258,128
aim_on_breadcrumbs,candidate,uncensored_refusal_like,instr_only,23,projected_js,0.06492390058701858,128
aim_on_breadcrumbs,candidate,uncensored_refusal_like,instr_only,24,mmd_rbf,0.015759089961647987,128
aim_on_breadcrumbs,candidate,uncensored_refusal_like,instr_only,24,projected_js,0.0691835610778071,128
aim_on_breadcrumbs,candidate,uncensored_refusal_like,instr_only,25,mmd_rbf,0.01706879585981369,128
aim_on_breadcrumbs,candidate,uncensored_refusal_like,instr_only,25,projected_js,0.06936807697638869,128
aim_on_breadcrumbs,candidate,uncensored_refusal_like,instr_only,26,mmd_rbf,0.01735766790807247,128
aim_on_breadcrumbs,candidate,uncensored_refusal_like,instr_only,26,projected_js,0.07242233183933422,128
aim_on_breadcrumbs,candidate,uncensored_refusal_like,instr_only,27,mmd_rbf,0.01749180443584919,128
aim_on_breadcrumbs,candidate,uncensored_refusal_like,instr_only,27,projected_js,0.07297234772704542,128
aim_on_breadcrumbs,candidate,uncensored_refusal_like,instr_only,28,mmd_rbf,0.01720074936747551,128
aim_on_breadcrumbs,candidate,uncensored_refusal_like,instr_only,28,projected_js,0.0734660406014882,128
aim_on_breadcrumbs,candidate,uncensored_refusal_like,instr_only,29,mmd_rbf,0.016389427706599236,128
aim_on_breadcrumbs,candidate,uncensored_refusal_like,instr_only,29,projected_js,0.0746700479357969,128
aim_on_breadcrumbs,candidate,uncensored_refusal_like,instr_only,30,mmd_rbf,0.016425667330622673,128
aim_on_breadcrumbs,candidate,uncensored_refusal_like,instr_only,30,projected_js,0.07537997915642336,128
aim_on_breadcrumbs,candidate,uncensored_refusal_like,instr_only,31,mmd_rbf,0.01586983911693096,128
aim_on_breadcrumbs,candidate,uncensored_refusal_like,instr_only,31,projected_js,0.07566751557169482,128
aim_on_breadcrumbs,candidate,uncensored_refusal_like,instr_only,32,mmd_rbf,0.016663668677210808,128
aim_on_breadcrumbs,candidate,uncensored_refusal_like,instr_only,32,projected_js,0.07557021791581064,128
aim_on_breadcrumbs,candidate,uncensored_refusal_like,instr_only,33,mmd_rbf,0.016983339563012123,128
aim_on_breadcrumbs,candidate,uncensored_refusal_like,instr_only,33,projected_js,0.07627238996792585,128
aim_on_breadcrumbs,candidate,uncensored_refusal_like,instr_only,34,mmd_rbf,0.022144589573144913,128
aim_on_breadcrumbs,candidate,uncensored_refusal_like,instr_only,34,projected_js,0.08421974501106888,128
aim_on_breadcrumbs,candidate,uncensored_refusal_like,instr_only,35,mmd_rbf,0.11609072983264923,128
aim_on_breadcrumbs,candidate,uncensored_refusal_like,instr_only,35,projected_js,0.1601795744500123,128
aim_on_breadcrumbs,candidate,uncensored_refusal_like,reasoning_only,0,mmd_rbf,0.020215166732668877,128
aim_on_breadcrumbs,candidate,uncensored_refusal_like,reasoning_only,0,projected_js,0.08913021732587367,128
aim_on_breadcrumbs,candidate,uncensored_refusal_like,reasoning_only,1,mmd_rbf,0.02448534406721592,128
aim_on_breadcrumbs,candidate,uncensored_refusal_like,reasoning_only,1,projected_js,0.07748490606900305,128
aim_on_breadcrumbs,candidate,uncensored_refusal_like,reasoning_only,2,mmd_rbf,0.03590745851397514,128
aim_on_breadcrumbs,candidate,uncensored_refusal_like,reasoning_only,2,projected_js,0.08470909402240068,128
aim_on_breadcrumbs,candidate,uncensored_refusal_like,reasoning_only,3,mmd_rbf,0.0434521920979023,128
aim_on_breadcrumbs,candidate,uncensored_refusal_like,reasoning_only,3,projected_js,0.09913683426566422,128
aim_on_breadcrumbs,candidate,uncensored_refusal_like,reasoning_only,4,mmd_rbf,0.04764480143785477,128
aim_on_breadcrumbs,candidate,uncensored_refusal_like,reasoning_only,4,projected_js,0.11192348058102652,128
aim_on_breadcrumbs,candidate,uncensored_refusal_like,reasoning_only,5,mmd_rbf,0.05416201427578926,128
aim_on_breadcrumbs,candidate,uncensored_refusal_like,reasoning_only,5,projected_js,0.12147907324833795,128
aim_on_breadcrumbs,candidate,uncensored_refusal_like,reasoning_only,6,mmd_rbf,0.04232194647192955,128
aim_on_breadcrumbs,candidate,uncensored_refusal_like,reasoning_only,6,projected_js,0.10030289686983451,128
aim_on_breadcrumbs,candidate,uncensored_refusal_like,reasoning_only,7,mmd_rbf,0.038217365741729736,128
aim_on_breadcrumbs,candidate,uncensored_refusal_like,reasoning_only,7,projected_js,0.10080869391094893,128
aim_on_breadcrumbs,candidate,uncensored_refusal_like,reasoning_only,8,mmd_rbf,0.029729200527071953,128
aim_on_breadcrumbs,candidate,uncensored_refusal_like,reasoning_only,8,projected_js,0.09039576596114784,128
aim_on_breadcrumbs,candidate,uncensored_refusal_like,reasoning_only,9,mmd_rbf,0.028927195817232132,128
aim_on_breadcrumbs,candidate,uncensored_refusal_like,reasoning_only,9,projected_js,0.08576125002582557,128
aim_on_breadcrumbs,candidate,uncensored_refusal_like,reasoning_only,10,mmd_rbf,0.03040214255452156,128
aim_on_breadcrumbs,candidate,uncensored_refusal_like,reasoning_only,10,projected_js,0.09186928236158565,128
aim_on_breadcrumbs,candidate,uncensored_refusal_like,reasoning_only,11,mmd_rbf,0.029855553060770035,128
aim_on_breadcrumbs,candidate,uncensored_refusal_like,reasoning_only,11,projected_js,0.08551434811670333,128
aim_on_breadcrumbs,candidate,uncensored_refusal_like,reasoning_only,12,mmd_rbf,0.03339754417538643,128
aim_on_breadcrumbs,candidate,uncensored_refusal_like,reasoning_only,12,projected_js,0.08792028401512653,128
aim_on_breadcrumbs,candidate,uncensored_refusal_like,reasoning_only,13,mmd_rbf,0.03617514297366142,128
aim_on_breadcrumbs,candidate,uncensored_refusal_like,reasoning_only,13,projected_js,0.08938543417025357,128
aim_on_breadcrumbs,candidate,uncensored_refusal_like,reasoning_only,14,mmd_rbf,0.03512509539723396,128
aim_on_breadcrumbs,candidate,uncensored_refusal_like,reasoning_only,14,projected_js,0.08609714597696438,128
aim_on_breadcrumbs,candidate,uncensored_refusal_like,reasoning_only,15,mmd_rbf,0.03608107194304466,128
aim_on_breadcrumbs,candidate,uncensored_refusal_like,reasoning_only,15,projected_js,0.08768660452915356,128
aim_on_breadcrumbs,candidate,uncensored_refusal_like,reasoning_only,16,mmd_rbf,0.03539840504527092,128
aim_on_breadcrumbs,candidate,uncensored_refusal_like,reasoning_only,16,projected_js,0.08722839900292456,128
aim_on_breadcrumbs,candidate,uncensored_refusal_like,reasoning_only,17,mmd_rbf,0.03633459284901619,128
aim_on_breadcrumbs,candidate,uncensored_refusal_like,reasoning_only,17,projected_js,0.08491102285915986,128
aim_on_breadcrumbs,candidate,uncensored_refusal_like,reasoning_only,18,mmd_rbf,0.04240837320685387,128
aim_on_breadcrumbs,candidate,uncensored_refusal_like,reasoning_only,18,projected_js,0.08996869742986746,128
aim_on_breadcrumbs,candidate,uncensored_refusal_like,reasoning_only,19,mmd_rbf,0.04162149503827095,128
aim_on_breadcrumbs,candidate,uncensored_refusal_like,reasoning_only,19,projected_js,0.09062153578270227,128
aim_on_breadcrumbs,candidate,uncensored_refusal_like,reasoning_only,20,mmd_rbf,0.04222447797656059,128
aim_on_breadcrumbs,candidate,uncensored_refusal_like,reasoning_only,20,projected_js,0.08747280470561236,128
aim_on_breadcrumbs,candidate,uncensored_refusal_like,reasoning_only,21,mmd_rbf,0.04271335527300835,128
aim_on_breadcrumbs,candidate,uncensored_refusal_like,reasoning_only,21,projected_js,0.08719240681966767,128
aim_on_breadcrumbs,candidate,uncensored_refusal_like,reasoning_only,22,mmd_rbf,0.04342468082904816,128
aim_on_breadcrumbs,candidate,uncensored_refusal_like,reasoning_only,22,projected_js,0.09426943713333458,128
aim_on_breadcrumbs,candidate,uncensored_refusal_like,reasoning_only,23,mmd_rbf,0.03846419230103493,128
aim_on_breadcrumbs,candidate,uncensored_refusal_like,reasoning_only,23,projected_js,0.0872620276059024,128
aim_on_breadcrumbs,candidate,uncensored_refusal_like,reasoning_only,24,mmd_rbf,0.0446881465613842,128
aim_on_breadcrumbs,candidate,uncensored_refusal_like,reasoning_only,24,projected_js,0.09493881021626294,128
aim_on_breadcrumbs,candidate,uncensored_refusal_like,reasoning_only,25,mmd_rbf,0.0432916134595871,128
aim_on_breadcrumbs,candidate,uncensored_refusal_like,reasoning_only,25,projected_js,0.09190580481663346,128
aim_on_breadcrumbs,candidate,uncensored_refusal_like,reasoning_only,26,mmd_rbf,0.046365946531295776,128
aim_on_breadcrumbs,candidate,uncensored_refusal_like,reasoning_only,26,projected_js,0.0928151331609115,128
aim_on_breadcrumbs,candidate,uncensored_refusal_like,reasoning_only,27,mmd_rbf,0.048581816256046295,128
aim_on_breadcrumbs,candidate,uncensored_refusal_like,reasoning_only,27,projected_js,0.09793677579727955,128
aim_on_breadcrumbs,candidate,uncensored_refusal_like,reasoning_only,28,mmd_rbf,0.0515107624232769,128
aim_on_breadcrumbs,candidate,uncensored_refusal_like,reasoning_only,28,projected_js,0.10462535970145836,128
aim_on_breadcrumbs,candidate,uncensored_refusal_like,reasoning_only,29,mmd_rbf,0.05050622299313545,128
aim_on_breadcrumbs,candidate,uncensored_refusal_like,reasoning_only,29,projected_js,0.10643810254987329,128
aim_on_breadcrumbs,candidate,uncensored_refusal_like,reasoning_only,30,mmd_rbf,0.054378338158130646,128
aim_on_breadcrumbs,candidate,uncensored_refusal_like,reasoning_only,30,projected_js,0.11362829187419266,128
aim_on_breadcrumbs,candidate,uncensored_refusal_like,reasoning_only,31,mmd_rbf,0.05481123924255371,128
aim_on_breadcrumbs,candidate,uncensored_refusal_like,reasoning_only,31,projected_js,0.10853701084852219,128
aim_on_breadcrumbs,candidate,uncensored_refusal_like,reasoning_only,32,mmd_rbf,0.05458095297217369,128
aim_on_breadcrumbs,candidate,uncensored_refusal_like,reasoning_only,32,projected_js,0.10604428331134841,128
aim_on_breadcrumbs,candidate,uncensored_refusal_like,reasoning_only,33,mmd_rbf,0.05020986124873161,128
aim_on_breadcrumbs,candidate,uncensored_refusal_like,reasoning_only,33,projected_js,0.0998407366569154,128
aim_on_breadcrumbs,candidate,uncensored_refusal_like,reasoning_only,34,mmd_rbf,0.05220456048846245,128
aim_on_breadcrumbs,candidate,uncensored_refusal_like,reasoning_only,34,projected_js,0.09772573382360861,128
aim_on_breadcrumbs,candidate,uncensored_refusal_like,reasoning_only,35,mmd_rbf,0.04367709159851074,128
aim_on_breadcrumbs,candidate,uncensored_refusal_like,reasoning_only,35,projected_js,0.09625553750083782,128
aim_on_breadcrumbs,candidate,uncensored_refusal_like,uncensored_only,0,mmd_rbf,0.015604841522872448,128
aim_on_breadcrumbs,candidate,uncensored_refusal_like,uncensored_only,0,projected_js,0.06817102921195328,128
aim_on_breadcrumbs,candidate,uncensored_refusal_like,uncensored_only,1,mmd_rbf,0.24098746478557587,128
aim_on_breadcrumbs,candidate,uncensored_refusal_like,uncensored_only,1,projected_js,0.2591389070439618,128
aim_on_breadcrumbs,candidate,uncensored_refusal_like,uncensored_only,2,mmd_rbf,0.21454273164272308,128
aim_on_breadcrumbs,candidate,uncensored_refusal_like,uncensored_only,2,projected_js,0.21533325326163322,128
aim_on_breadcrumbs,candidate,uncensored_refusal_like,uncensored_only,3,mmd_rbf,0.17157137393951416,128
aim_on_breadcrumbs,candidate,uncensored_refusal_like,uncensored_only,3,projected_js,0.1713776632095687,128
aim_on_breadcrumbs,candidate,uncensored_refusal_like,uncensored_only,4,mmd_rbf,0.13883331418037415,128
aim_on_breadcrumbs,candidate,uncensored_refusal_like,uncensored_only,4,projected_js,0.17072052316507325,128
aim_on_breadcrumbs,candidate,uncensored_refusal_like,uncensored_only,5,mmd_rbf,0.10683804005384445,128
aim_on_breadcrumbs,candidate,uncensored_refusal_like,uncensored_only,5,projected_js,0.15785004815552384,128
aim_on_breadcrumbs,candidate,uncensored_refusal_like,uncensored_only,6,mmd_rbf,0.06772179901599884,128
aim_on_breadcrumbs,candidate,uncensored_refusal_like,uncensored_only,6,projected_js,0.12018817669013515,128
aim_on_breadcrumbs,candidate,uncensored_refusal_like,uncensored_only,7,mmd_rbf,0.05114953592419624,128
aim_on_breadcrumbs,candidate,uncensored_refusal_like,uncensored_only,7,projected_js,0.10040868539363146,128
aim_on_breadcrumbs,candidate,uncensored_refusal_like,uncensored_only,8,mmd_rbf,0.03638600930571556,128
aim_on_breadcrumbs,candidate,uncensored_refusal_like,uncensored_only,8,projected_js,0.08546649484196678,128
aim_on_breadcrumbs,candidate,uncensored_refusal_like,uncensored_only,9,mmd_rbf,0.03125929459929466,128
aim_on_breadcrumbs,candidate,uncensored_refusal_like,uncensored_only,9,projected_js,0.0796532777021639,128
aim_on_breadcrumbs,candidate,uncensored_refusal_like,uncensored_only,10,mmd_rbf,0.026579612866044044,128
aim_on_breadcrumbs,candidate,uncensored_refusal_like,uncensored_only,10,projected_js,0.0748532212455757,128
aim_on_breadcrumbs,candidate,uncensored_refusal_like,uncensored_only,11,mmd_rbf,0.022182345390319824,128
aim_on_breadcrumbs,candidate,uncensored_refusal_like,uncensored_only,11,projected_js,0.07009373576147482,128
aim_on_breadcrumbs,candidate,uncensored_refusal_like,uncensored_only,12,mmd_rbf,0.022691743448376656,128
aim_on_breadcrumbs,candidate,uncensored_refusal_like,uncensored_only,12,projected_js,0.07130048976978287,128
aim_on_breadcrumbs,candidate,uncensored_refusal_like,uncensored_only,13,mmd_rbf,0.023841964080929756,128
aim_on_breadcrumbs,candidate,uncensored_refusal_like,uncensored_only,13,projected_js,0.07958530174801126,128
aim_on_breadcrumbs,candidate,uncensored_refusal_like,uncensored_only,14,mmd_rbf,0.02546190656721592,128
aim_on_breadcrumbs,candidate,uncensored_refusal_like,uncensored_only,14,projected_js,0.07738594384863973,128
aim_on_breadcrumbs,candidate,uncensored_refusal_like,uncensored_only,15,mmd_rbf,0.03147745504975319,128
aim_on_breadcrumbs,candidate,uncensored_refusal_like,uncensored_only,15,projected_js,0.08465565199730918,128
aim_on_breadcrumbs,candidate,uncensored_refusal_like,uncensored_only,16,mmd_rbf,0.033977728337049484,128
aim_on_breadcrumbs,candidate,uncensored_refusal_like,uncensored_only,16,projected_js,0.07679213874507695,128
aim_on_breadcrumbs,candidate,uncensored_refusal_like,uncensored_only,17,mmd_rbf,0.034163638949394226,128
aim_on_breadcrumbs,candidate,uncensored_refusal_like,uncensored_only,17,projected_js,0.08059833897277713,128
aim_on_breadcrumbs,candidate,uncensored_refusal_like,uncensored_only,18,mmd_rbf,0.03640216588973999,128
aim_on_breadcrumbs,candidate,uncensored_refusal_like,uncensored_only,18,projected_js,0.08504262665519491,128
aim_on_breadcrumbs,candidate,uncensored_refusal_like,uncensored_only,19,mmd_rbf,0.034692179411649704,128
aim_on_breadcrumbs,candidate,uncensored_refusal_like,uncensored_only,19,projected_js,0.08802478376310319,128
aim_on_breadcrumbs,candidate,uncensored_refusal_like,uncensored_only,20,mmd_rbf,0.03679661452770233,128
aim_on_breadcrumbs,candidate,uncensored_refusal_like,uncensored_only,20,projected_js,0.08329978556139395,128
aim_on_breadcrumbs,candidate,uncensored_refusal_like,uncensored_only,21,mmd_rbf,0.04177079722285271,128
aim_on_breadcrumbs,candidate,uncensored_refusal_like,uncensored_only,21,projected_js,0.09042503987438977,128
aim_on_breadcrumbs,candidate,uncensored_refusal_like,uncensored_only,22,mmd_rbf,0.043740082532167435,128
aim_on_breadcrumbs,candidate,uncensored_refusal_like,uncensored_only,22,projected_js,0.09084249008446932,128
aim_on_breadcrumbs,candidate,uncensored_refusal_like,uncensored_only,23,mmd_rbf,0.04453073814511299,128
aim_on_breadcrumbs,candidate,uncensored_refusal_like,uncensored_only,23,projected_js,0.09562864532927051,128
aim_on_breadcrumbs,candidate,uncensored_refusal_like,uncensored_only,24,mmd_rbf,0.04935980588197708,128
aim_on_breadcrumbs,candidate,uncensored_refusal_like,uncensored_only,24,projected_js,0.09802934637991711,128
aim_on_breadcrumbs,candidate,uncensored_refusal_like,uncensored_only,25,mmd_rbf,0.05327479913830757,128
aim_on_breadcrumbs,candidate,uncensored_refusal_like,uncensored_only,25,projected_js,0.09872569655999541,128
aim_on_breadcrumbs,candidate,uncensored_refusal_like,uncensored_only,26,mmd_rbf,0.054351966828107834,128
aim_on_breadcrumbs,candidate,uncensored_refusal_like,uncensored_only,26,projected_js,0.09723976696841419,128
aim_on_breadcrumbs,candidate,uncensored_refusal_like,uncensored_only,27,mmd_rbf,0.055803000926971436,128
aim_on_breadcrumbs,candidate,uncensored_refusal_like,uncensored_only,27,projected_js,0.09674920493853278,128
aim_on_breadcrumbs,candidate,uncensored_refusal_like,uncensored_only,28,mmd_rbf,0.05331261083483696,128
aim_on_breadcrumbs,candidate,uncensored_refusal_like,uncensored_only,28,projected_js,0.104761888156645,128
aim_on_breadcrumbs,candidate,uncensored_refusal_like,uncensored_only,29,mmd_rbf,0.050803761929273605,128
aim_on_breadcrumbs,candidate,uncensored_refusal_like,uncensored_only,29,projected_js,0.10019566467963159,128
aim_on_breadcrumbs,candidate,uncensored_refusal_like,uncensored_only,30,mmd_rbf,0.05339019373059273,128
aim_on_breadcrumbs,candidate,uncensored_refusal_like,uncensored_only,30,projected_js,0.10364786838181317,128
aim_on_breadcrumbs,candidate,uncensored_refusal_like,uncensored_only,31,mmd_rbf,0.051463931798934937,128
aim_on_breadcrumbs,candidate,uncensored_refusal_like,uncensored_only,31,projected_js,0.09371564700268209,128
aim_on_breadcrumbs,candidate,uncensored_refusal_like,uncensored_only,32,mmd_rbf,0.05154673010110855,128
aim_on_breadcrumbs,candidate,uncensored_refusal_like,uncensored_only,32,projected_js,0.09517435036832467,128
aim_on_breadcrumbs,candidate,uncensored_refusal_like,uncensored_only,33,mmd_rbf,0.05105236917734146,128
aim_on_breadcrumbs,candidate,uncensored_refusal_like,uncensored_only,33,projected_js,0.09968394919997081,128
aim_on_breadcrumbs,candidate,uncensored_refusal_like,uncensored_only,34,mmd_rbf,0.05650580674409866,128
aim_on_breadcrumbs,candidate,uncensored_refusal_like,uncensored_only,34,projected_js,0.10787820199038833,128
aim_on_breadcrumbs,candidate,uncensored_refusal_like,uncensored_only,35,mmd_rbf,0.13253192603588104,128
aim_on_breadcrumbs,candidate,uncensored_refusal_like,uncensored_only,35,projected_js,0.15896492754109204,128
