model_id,model_kind,calib_subset,target_id,layer,metric,value,n_prompts
aim_on_ties__calib_instruction,candidate,general,base,0,mmd_rbf,0.003599834395572543,128
aim_on_ties__calib_instruction,candidate,general,base,0,projected_js,0.03669176098628668,128
aim_on_ties__calib_instruction,candidate,general,base,1,mmd_rbf,0.007270514965057373,128
aim_on_ties__calib_instruction,candidate,general,base,1,projected_js,0.04326801697607152,128
aim_on_ties__calib_instruction,candidate,general,base,2,mmd_rbf,0.006609061267226934,128
aim_on_ties__calib_instruction,candidate,general,base,2,projected_js,0.04776169455726631,128
aim_on_ties__calib_instruction,candidate,general,base,3,mmd_rbf,0.008465386927127838,128
aim_on_ties__calib_instruction,candidate,general,base,3,projected_js,0.049921263387659565,128
aim_on_ties__calib_instruction,candidate,general,base,4,mmd_rbf,0.0077657499350607395,128
aim_on_ties__calib_instruction,candidate,general,base,4,projected_js,0.05137306428514421,128
aim_on_ties__calib_instruction,candidate,general,base,5,mmd_rbf,0.00727955112233758,128
aim_on_ties__calib_instruction,candidate,general,base,5,projected_js,0.05122354798368178,128
aim_on_ties__calib_instruction,candidate,general,base,6,mmd_rbf,0.0055253468453884125,128
aim_on_ties__calib_instruction,candidate,general,base,6,projected_js,0.05139921940281056,128
aim_on_ties__calib_instruction,candidate,general,base,7,mmd_rbf,0.00492130359634757,128
aim_on_ties__calib_instruction,candidate,general,base,7,projected_js,0.05356749988277443,128
aim_on_ties__calib_instruction,candidate,general,base,8,mmd_rbf,0.003930320963263512,128
aim_on_ties__calib_instruction,candidate,general,base,8,projected_js,0.050819078751374036,128
aim_on_ties__calib_instruction,candidate,general,base,9,mmd_rbf,0.0038136609364300966,128
aim_on_ties__calib_instruction,candidate,general,base,9,projected_js,0.05329301534220576,128
aim_on_ties__calib_instruction,candidate,general,base,10,mmd_rbf,0.003820204408839345,128
aim_on_ties__calib_instruction,candidate,general,base,10,projected_js,0.05008513946086168,128
aim_on_ties__calib_instruction,candidate,general,base,11,mmd_rbf,0.0037893725093454123,128
aim_on_ties__calib_instruction,candidate,general,base,11,projected_js,0.05309027535258792,128
aim_on_ties__calib_instruction,candidate,general,base,12,mmd_rbf,0.003801486687734723,128
aim_on_ties__calib_instruction,candidate,general,base,12,projected_js,0.05484821548452601,128
aim_on_ties__calib_instruction,candidate,general,base,13,mmd_rbf,0.00399037403985858,128
aim_on_ties__calib_instruction,candidate,general,base,13,projected_js,0.05555529231787659,128
aim_on_ties__calib_instruction,candidate,general,base,14,mmd_rbf,0.004127692896872759,128
aim_on_ties__calib_instruction,candidate,general,base,14,projected_js,0.05473069770960137,128
aim_on_ties__calib_instruction,candidate,general,base,15,mmd_rbf,0.0045676464214921,128
aim_on_ties__calib_instruction,candidate,general,base,15,projected_js,0.05634295553318225,128
aim_on_ties__calib_instruction,candidate,general,base,16,mmd_rbf,0.005272749811410904,128
aim_on_ties__calib_instruction,candidate,general,base,16,projected_js,0.057501653383951634,128
aim_on_ties__calib_instruction,candidate,general,base,17,mmd_rbf,0.005053534638136625,128
aim_on_ties__calib_instruction,candidate,general,base,17,projected_js,0.05550163463340141,128
aim_on_ties__calib_instruction,candidate,general,base,18,mmd_rbf,0.005452799145132303,128
aim_on_ties__calib_instruction,candidate,general,base,18,projected_js,0.06169677333673462,128
aim_on_ties__calib_instruction,candidate,general,base,19,mmd_rbf,0.005519533064216375,128
aim_on_ties__calib_instruction,candidate,general,base,19,projected_js,0.056365597556577995,128
aim_on_ties__calib_instruction,candidate,general,base,20,mmd_rbf,0.005358223803341389,128
aim_on_ties__calib_instruction,candidate,general,base,20,projected_js,0.05624330777209252,128
aim_on_ties__calib_instruction,candidate,general,base,21,mmd_rbf,0.00550726056098938,128
aim_on_ties__calib_instruction,candidate,general,base,21,projected_js,0.0588297558715567,128
aim_on_ties__calib_instruction,candidate,general,base,22,mmd_rbf,0.005049379076808691,128
aim_on_ties__calib_instruction,candidate,general,base,22,projected_js,0.054728250921471044,128
aim_on_ties__calib_instruction,candidate,general,base,23,mmd_rbf,0.0047165947034955025,128
aim_on_ties__calib_instruction,candidate,general,base,23,projected_js,0.058595691341906786,128
aim_on_ties__calib_instruction,candidate,general,base,24,mmd_rbf,0.004259759094566107,128
aim_on_ties__calib_instruction,candidate,general,base,24,projected_js,0.05727311989176087,128
aim_on_ties__calib_instruction,candidate,general,base,25,mmd_rbf,0.00399530865252018,128
aim_on_ties__calib_instruction,candidate,general,base,25,projected_js,0.05622725671855733,128
aim_on_ties__calib_instruction,candidate,general,base,26,mmd_rbf,0.003964945208281279,128
aim_on_ties__calib_instruction,candidate,general,base,26,projected_js,0.052386126888450235,128
aim_on_ties__calib_instruction,candidate,general,base,27,mmd_rbf,0.003930020611733198,128
aim_on_ties__calib_instruction,candidate,general,base,27,projected_js,0.054081095004221424,128
aim_on_ties__calib_instruction,candidate,general,base,28,mmd_rbf,0.0037296400405466557,128
aim_on_ties__calib_instruction,candidate,general,base,28,projected_js,0.05466450683888979,128
aim_on_ties__calib_instruction,candidate,general,base,29,mmd_rbf,0.0036240071058273315,128
aim_on_ties__calib_instruction,candidate,general,base,29,projected_js,0.05158337950706482,128
aim_on_ties__calib_instruction,candidate,general,base,30,mmd_rbf,0.0034883003681898117,128
aim_on_ties__calib_instruction,candidate,general,base,30,projected_js,0.05562355069559999,128
aim_on_ties__calib_instruction,candidate,general,base,31,mmd_rbf,0.0033579394221305847,128
aim_on_ties__calib_instruction,candidate,general,base,31,projected_js,0.052656835061497986,128
aim_on_ties__calib_instruction,candidate,general,base,32,mmd_rbf,0.0035902305971831083,128
aim_on_ties__calib_instruction,candidate,general,base,32,projected_js,0.051535651116864756,128
aim_on_ties__calib_instruction,candidate,general,base,33,mmd_rbf,0.0038422185461968184,128
aim_on_ties__calib_instruction,candidate,general,base,33,projected_js,0.05541686445940286,128
aim_on_ties__calib_instruction,candidate,general,base,34,mmd_rbf,0.007077775429934263,128
aim_on_ties__calib_instruction,candidate,general,base,34,projected_js,0.05567958622123115,128
aim_on_ties__calib_instruction,candidate,general,base,35,mmd_rbf,0.04221012815833092,128
aim_on_ties__calib_instruction,candidate,general,base,35,projected_js,0.08767997159156948,128
aim_on_ties__calib_instruction,candidate,general,instr_only,0,mmd_rbf,0.0026237608399242163,128
aim_on_ties__calib_instruction,candidate,general,instr_only,0,projected_js,0.03056554864451755,128
aim_on_ties__calib_instruction,candidate,general,instr_only,1,mmd_rbf,0.004640001337975264,128
aim_on_ties__calib_instruction,candidate,general,instr_only,1,projected_js,0.03847677618614398,128
aim_on_ties__calib_instruction,candidate,general,instr_only,2,mmd_rbf,0.005555515177547932,128
aim_on_ties__calib_instruction,candidate,general,instr_only,2,projected_js,0.043089715312817134,128
aim_on_ties__calib_instruction,candidate,general,instr_only,3,mmd_rbf,0.006550170481204987,128
aim_on_ties__calib_instruction,candidate,general,instr_only,3,projected_js,0.04568440289585851,128
aim_on_ties__calib_instruction,candidate,general,instr_only,4,mmd_rbf,0.006908484734594822,128
aim_on_ties__calib_instruction,candidate,general,instr_only,4,projected_js,0.044884862552862614,128
aim_on_ties__calib_instruction,candidate,general,instr_only,5,mmd_rbf,0.0067215352319180965,128
aim_on_ties__calib_instruction,candidate,general,instr_only,5,projected_js,0.04909992546890862,128
aim_on_ties__calib_instruction,candidate,general,instr_only,6,mmd_rbf,0.00485682999715209,128
aim_on_ties__calib_instruction,candidate,general,instr_only,6,projected_js,0.04635713272728026,128
aim_on_ties__calib_instruction,candidate,general,instr_only,7,mmd_rbf,0.004006535746157169,128
aim_on_ties__calib_instruction,candidate,general,instr_only,7,projected_js,0.04562179680215195,128
aim_on_ties__calib_instruction,candidate,general,instr_only,8,mmd_rbf,0.0031776055693626404,128
aim_on_ties__calib_instruction,candidate,general,instr_only,8,projected_js,0.04534334107302129,128
aim_on_ties__calib_instruction,candidate,general,instr_only,9,mmd_rbf,0.00314531521871686,128
aim_on_ties__calib_instruction,candidate,general,instr_only,9,projected_js,0.049524705129442737,128
aim_on_ties__calib_instruction,candidate,general,instr_only,10,mmd_rbf,0.003277081996202469,128
aim_on_ties__calib_instruction,candidate,general,instr_only,10,projected_js,0.04931587105966173,128
aim_on_ties__calib_instruction,candidate,general,instr_only,11,mmd_rbf,0.0034248174633830786,128
aim_on_ties__calib_instruction,candidate,general,instr_only,11,projected_js,0.04956895409850404,128
aim_on_ties__calib_instruction,candidate,general,instr_only,12,mmd_rbf,0.003677305532619357,128
aim_on_ties__calib_instruction,candidate,general,instr_only,12,projected_js,0.05268528492888436,128
aim_on_ties__calib_instruction,candidate,general,instr_only,13,mmd_rbf,0.004297900479286909,128
aim_on_ties__calib_instruction,candidate,general,instr_only,13,projected_js,0.05612306820694357,128
aim_on_ties__calib_instruction,candidate,general,instr_only,14,mmd_rbf,0.0044564479030668736,128
aim_on_ties__calib_instruction,candidate,general,instr_only,14,projected_js,0.054531061643501744,128
aim_on_ties__calib_instruction,candidate,general,instr_only,15,mmd_rbf,0.0049240500666201115,128
aim_on_ties__calib_instruction,candidate,general,instr_only,15,projected_js,0.055657064222032204,128
aim_on_ties__calib_instruction,candidate,general,instr_only,16,mmd_rbf,0.005582153331488371,128
aim_on_ties__calib_instruction,candidate,general,instr_only,16,projected_js,0.05828188522718847,128
aim_on_ties__calib_instruction,candidate,general,instr_only,17,mmd_rbf,0.005980003159493208,128
aim_on_ties__calib_instruction,candidate,general,instr_only,17,projected_js,0.058670239232014865,128
aim_on_ties__calib_instruction,candidate,general,instr_only,18,mmd_rbf,0.006304334383457899,128
aim_on_ties__calib_instruction,candidate,general,instr_only,18,projected_js,0.05826897016959265,128
aim_on_ties__calib_instruction,candidate,general,instr_only,19,mmd_rbf,0.0067672342993319035,128
aim_on_ties__calib_instruction,candidate,general,instr_only,19,projected_js,0.06169921802938916,128
aim_on_ties__calib_instruction,candidate,general,instr_only,20,mmd_rbf,0.0068288459442555904,128
aim_on_ties__calib_instruction,candidate,general,instr_only,20,projected_js,0.05966146371793002,128
aim_on_ties__calib_instruction,candidate,general,instr_only,21,mmd_rbf,0.006975744850933552,128
aim_on_ties__calib_instruction,candidate,general,instr_only,21,projected_js,0.0625872761302162,128
aim_on_ties__calib_instruction,candidate,general,instr_only,22,mmd_rbf,0.007393939886242151,128
aim_on_ties__calib_instruction,candidate,general,instr_only,22,projected_js,0.06138157029636204,128
aim_on_ties__calib_instruction,candidate,general,instr_only,23,mmd_rbf,0.007293683476746082,128
aim_on_ties__calib_instruction,candidate,general,instr_only,23,projected_js,0.05931697285268456,128
aim_on_ties__calib_instruction,candidate,general,instr_only,24,mmd_rbf,0.007386124227195978,128
aim_on_ties__calib_instruction,candidate,general,instr_only,24,projected_js,0.059312619821866974,128
aim_on_ties__calib_instruction,candidate,general,instr_only,25,mmd_rbf,0.007309323642402887,128
aim_on_ties__calib_instruction,candidate,general,instr_only,25,projected_js,0.060854976647533476,128
aim_on_ties__calib_instruction,candidate,general,instr_only,26,mmd_rbf,0.007352013140916824,128
aim_on_ties__calib_instruction,candidate,general,instr_only,26,projected_js,0.05973518651444465,128
aim_on_ties__calib_instruction,candidate,general,instr_only,27,mmd_rbf,0.007302375044673681,128
aim_on_ties__calib_instruction,candidate,general,instr_only,27,projected_js,0.06041824177373201,128
aim_on_ties__calib_instruction,candidate,general,instr_only,28,mmd_rbf,0.00699244812130928,128
aim_on_ties__calib_instruction,candidate,general,instr_only,28,projected_js,0.05866742483340204,128
aim_on_ties__calib_instruction,candidate,general,instr_only,29,mmd_rbf,0.006567726377397776,128
aim_on_ties__calib_instruction,candidate,general,instr_only,29,projected_js,0.05601541476789862,128
aim_on_ties__calib_instruction,candidate,general,instr_only,30,mmd_rbf,0.006173835601657629,128
aim_on_ties__calib_instruction,candidate,general,instr_only,30,projected_js,0.05917522858362645,128
aim_on_ties__calib_instruction,candidate,general,instr_only,31,mmd_rbf,0.006033583544194698,128
aim_on_ties__calib_instruction,candidate,general,instr_only,31,projected_js,0.05739809083752334,128
aim_on_ties__calib_instruction,candidate,general,instr_only,32,mmd_rbf,0.0063054608181118965,128
aim_on_ties__calib_instruction,candidate,general,instr_only,32,projected_js,0.05551725422265008,128
aim_on_ties__calib_instruction,candidate,general,instr_only,33,mmd_rbf,0.0064187305979430676,128
aim_on_ties__calib_instruction,candidate,general,instr_only,33,projected_js,0.05767450964776799,128
aim_on_ties__calib_instruction,candidate,general,instr_only,34,mmd_rbf,0.009110291488468647,128
aim_on_ties__calib_instruction,candidate,general,instr_only,34,projected_js,0.06051111110718921,128
aim_on_ties__calib_instruction,candidate,general,instr_only,35,mmd_rbf,0.05722254514694214,128
aim_on_ties__calib_instruction,candidate,general,instr_only,35,projected_js,0.09895811456954107,128
aim_on_ties__calib_instruction,candidate,general,reasoning_only,0,mmd_rbf,0.017550593242049217,128
aim_on_ties__calib_instruction,candidate,general,reasoning_only,0,projected_js,0.06817090345430188,128
aim_on_ties__calib_instruction,candidate,general,reasoning_only,1,mmd_rbf,0.020000649616122246,128
aim_on_ties__calib_instruction,candidate,general,reasoning_only,1,projected_js,0.06722002214519307,128
aim_on_ties__calib_instruction,candidate,general,reasoning_only,2,mmd_rbf,0.02692667953670025,128
aim_on_ties__calib_instruction,candidate,general,reasoning_only,2,projected_js,0.07313579856418073,128
aim_on_ties__calib_instruction,candidate,general,reasoning_only,3,mmd_rbf,0.028944289311766624,128
aim_on_ties__calib_instruction,candidate,general,reasoning_only,3,projected_js,0.08162184263346717,128
aim_on_ties__calib_instruction,candidate,general,reasoning_only,4,mmd_rbf,0.027819937095046043,128
aim_on_ties__calib_instruction,candidate,general,reasoning_only,4,projected_js,0.07910168293165043,128
aim_on_ties__calib_instruction,candidate,general,reasoning_only,5,mmd_rbf,0.027664562687277794,128
aim_on_ties__calib_instruction,candidate,general,reasoning_only,5,projected_js,0.08125899132573977,128
aim_on_ties__calib_instruction,candidate,general,reasoning_only,6,mmd_rbf,0.019044626504182816,128
aim_on_ties__calib_instruction,candidate,general,reasoning_only,6,projected_js,0.07098766969284043,128
aim_on_ties__calib_instruction,candidate,general,reasoning_only,7,mmd_rbf,0.017483044415712357,128
aim_on_ties__calib_instruction,candidate,general,reasoning_only,7,projected_js,0.0714118080213666,128
aim_on_ties__calib_instruction,candidate,general,reasoning_only,8,mmd_rbf,0.013422466814517975,128
aim_on_ties__calib_instruction,candidate,general,reasoning_only,8,projected_js,0.06978246301878244,128
aim_on_ties__calib_instruction,candidate,general,reasoning_only,9,mmd_rbf,0.012844807468354702,128
aim_on_ties__calib_instruction,candidate,general,reasoning_only,9,projected_js,0.06825590692460537,128
aim_on_ties__calib_instruction,candidate,general,reasoning_only,10,mmd_rbf,0.013617715798318386,128
aim_on_ties__calib_instruction,candidate,general,reasoning_only,10,projected_js,0.06658609420992434,128
aim_on_ties__calib_instruction,candidate,general,reasoning_only,11,mmd_rbf,0.012234491296112537,128
aim_on_ties__calib_instruction,candidate,general,reasoning_only,11,projected_js,0.06227132212370634,128
aim_on_ties__calib_instruction,candidate,general,reasoning_only,12,mmd_rbf,0.012465771287679672,128
aim_on_ties__calib_instruction,candidate,general,reasoning_only,12,projected_js,0.06818523816764355,128
aim_on_ties__calib_instruction,candidate,general,reasoning_only,13,mmd_rbf,0.01292952336370945,128
aim_on_ties__calib_instruction,candidate,general,reasoning_only,13,projected_js,0.06674544332781807,128
aim_on_ties__calib_instruction,candidate,general,reasoning_only,14,mmd_rbf,0.012815646827220917,128
aim_on_ties__calib_instruction,candidate,general,reasoning_only,14,projected_js,0.06625528918812051,128
aim_on_ties__calib_instruction,candidate,general,reasoning_only,15,mmd_rbf,0.013729696162045002,128
aim_on_ties__calib_instruction,candidate,general,reasoning_only,15,projected_js,0.06520119914785028,128
aim_on_ties__calib_instruction,candidate,general,reasoning_only,16,mmd_rbf,0.01406546588987112,128
aim_on_ties__calib_instruction,candidate,general,reasoning_only,16,projected_js,0.0656634954502806,128
aim_on_ties__calib_instruction,candidate,general,reasoning_only,17,mmd_rbf,0.013692083768546581,128
aim_on_ties__calib_instruction,candidate,general,reasoning_only,17,projected_js,0.06594874378060922,128
aim_on_ties__calib_instruction,candidate,general,reasoning_only,18,mmd_rbf,0.015710173174738884,128
aim_on_ties__calib_instruction,candidate,general,reasoning_only,18,projected_js,0.0663531364989467,128
aim_on_ties__calib_instruction,candidate,general,reasoning_only,19,mmd_rbf,0.014682156033813953,128
aim_on_ties__calib_instruction,candidate,general,reasoning_only,19,projected_js,0.06876520888181403,128
aim_on_ties__calib_instruction,candidate,general,reasoning_only,20,mmd_rbf,0.014409402385354042,128
aim_on_ties__calib_instruction,candidate,general,reasoning_only,20,projected_js,0.06388464220799506,128
aim_on_ties__calib_instruction,candidate,general,reasoning_only,21,mmd_rbf,0.015079406090080738,128
aim_on_ties__calib_instruction,candidate,general,reasoning_only,21,projected_js,0.06791567872278392,128
aim_on_ties__calib_instruction,candidate,general,reasoning_only,22,mmd_rbf,0.012621010653674603,128
aim_on_ties__calib_instruction,candidate,general,reasoning_only,22,projected_js,0.06707403378095478,128
aim_on_ties__calib_instruction,candidate,general,reasoning_only,23,mmd_rbf,0.010104483924806118,128
aim_on_ties__calib_instruction,candidate,general,reasoning_only,23,projected_js,0.06658517813775688,128
aim_on_ties__calib_instruction,candidate,general,reasoning_only,24,mmd_rbf,0.010036173276603222,128
aim_on_ties__calib_instruction,candidate,general,reasoning_only,24,projected_js,0.06072689263965003,128
aim_on_ties__calib_instruction,candidate,general,reasoning_only,25,mmd_rbf,0.009057046845555305,128
aim_on_ties__calib_instruction,candidate,general,reasoning_only,25,projected_js,0.06320015742676333,128
aim_on_ties__calib_instruction,candidate,general,reasoning_only,26,mmd_rbf,0.008934414945542812,128
aim_on_ties__calib_instruction,candidate,general,reasoning_only,26,projected_js,0.06181046605342999,128
aim_on_ties__calib_instruction,candidate,general,reasoning_only,27,mmd_rbf,0.008509255945682526,128
aim_on_ties__calib_instruction,candidate,general,reasoning_only,27,projected_js,0.06202086264966056,128
aim_on_ties__calib_instruction,candidate,general,reasoning_only,28,mmd_rbf,0.008672504685819149,128
aim_on_ties__calib_instruction,candidate,general,reasoning_only,28,projected_js,0.06107894307933748,128
aim_on_ties__calib_instruction,candidate,general,reasoning_only,29,mmd_rbf,0.008514129556715488,128
aim_on_ties__calib_instruction,candidate,general,reasoning_only,29,projected_js,0.061548285506432876,128
aim_on_ties__calib_instruction,candidate,general,reasoning_only,30,mmd_rbf,0.008380711078643799,128
aim_on_ties__calib_instruction,candidate,general,reasoning_only,30,projected_js,0.059812801773659885,128
aim_on_ties__calib_instruction,candidate,general,reasoning_only,31,mmd_rbf,0.008373132906854153,128
aim_on_ties__calib_instruction,candidate,general,reasoning_only,31,projected_js,0.0615708923432976,128
aim_on_ties__calib_instruction,candidate,general,reasoning_only,32,mmd_rbf,0.008342171087861061,128
aim_on_ties__calib_instruction,candidate,general,reasoning_only,32,projected_js,0.06039126688847318,128
aim_on_ties__calib_instruction,candidate,general,reasoning_only,33,mmd_rbf,0.008065721951425076,128
aim_on_ties__calib_instruction,candidate,general,reasoning_only,33,projected_js,0.06541489146184176,128
aim_on_ties__calib_instruction,candidate,general,reasoning_only,34,mmd_rbf,0.007883327081799507,128
aim_on_ties__calib_instruction,candidate,general,reasoning_only,34,projected_js,0.0592908390390221,128
aim_on_ties__calib_instruction,candidate,general,reasoning_only,35,mmd_rbf,0.019288448616862297,128
aim_on_ties__calib_instruction,candidate,general,reasoning_only,35,projected_js,0.06435834415606223,128
aim_on_ties__calib_instruction,candidate,general,uncensored_only,0,mmd_rbf,0.006949573755264282,128
aim_on_ties__calib_instruction,candidate,general,uncensored_only,0,projected_js,0.03793804728775285,128
aim_on_ties__calib_instruction,candidate,general,uncensored_only,1,mmd_rbf,0.15837208926677704,128
aim_on_ties__calib_instruction,candidate,general,uncensored_only,1,projected_js,0.16803085565334186,128
aim_on_ties__calib_instruction,candidate,general,uncensored_only,2,mmd_rbf,0.12923157215118408,128
aim_on_ties__calib_instruction,candidate,general,uncensored_only,2,projected_js,0.1301295881276019,128
aim_on_ties__calib_instruction,candidate,general,uncensored_only,3,mmd_rbf,0.09835219383239746,128
aim_on_ties__calib_instruction,candidate,general,uncensored_only,3,projected_js,0.1207068283110857,128
aim_on_ties__calib_instruction,candidate,general,uncensored_only,4,mmd_rbf,0.0720834881067276,128
aim_on_ties__calib_instruction,candidate,general,uncensored_only,4,projected_js,0.1094361477298662,128
aim_on_ties__calib_instruction,candidate,general,uncensored_only,5,mmd_rbf,0.049909595400094986,128
aim_on_ties__calib_instruction,candidate,general,uncensored_only,5,projected_js,0.10100546118337661,128
aim_on_ties__calib_instruction,candidate,general,uncensored_only,6,mmd_rbf,0.028488267213106155,128
aim_on_ties__calib_instruction,candidate,general,uncensored_only,6,projected_js,0.07903231342788786,128
aim_on_ties__calib_instruction,candidate,general,uncensored_only,7,mmd_rbf,0.02192155085504055,128
aim_on_ties__calib_instruction,candidate,general,uncensored_only,7,projected_js,0.07503421156434342,128
aim_on_ties__calib_instruction,candidate,general,uncensored_only,8,mmd_rbf,0.014586955308914185,128
aim_on_ties__calib_instruction,candidate,general,uncensored_only,8,projected_js,0.06543791393050924,128
aim_on_ties__calib_instruction,candidate,general,uncensored_only,9,mmd_rbf,0.012392050586640835,128
aim_on_ties__calib_instruction,candidate,general,uncensored_only,9,projected_js,0.06281931747798808,128
aim_on_ties__calib_instruction,candidate,general,uncensored_only,10,mmd_rbf,0.010866849683225155,128
aim_on_ties__calib_instruction,candidate,general,uncensored_only,10,projected_js,0.06422860047314316,128
aim_on_ties__calib_instruction,candidate,general,uncensored_only,11,mmd_rbf,0.009470094926655293,128
aim_on_ties__calib_instruction,candidate,general,uncensored_only,11,projected_js,0.06305794388754293,128
aim_on_ties__calib_instruction,candidate,general,uncensored_only,12,mmd_rbf,0.00918598473072052,128
aim_on_ties__calib_instruction,candidate,general,uncensored_only,12,projected_js,0.061771579436026514,128
aim_on_ties__calib_instruction,candidate,general,uncensored_only,13,mmd_rbf,0.009713413193821907,128
aim_on_ties__calib_instruction,candidate,general,uncensored_only,13,projected_js,0.061675375094637275,128
aim_on_ties__calib_instruction,candidate,general,uncensored_only,14,mmd_rbf,0.00966491736471653,128
aim_on_ties__calib_instruction,candidate,general,uncensored_only,14,projected_js,0.06498284178087488,128
aim_on_ties__calib_instruction,candidate,general,uncensored_only,15,mmd_rbf,0.011972280219197273,128
aim_on_ties__calib_instruction,candidate,general,uncensored_only,15,projected_js,0.06443291110917926,128
aim_on_ties__calib_instruction,candidate,general,uncensored_only,16,mmd_rbf,0.013297480531036854,128
aim_on_ties__calib_instruction,candidate,general,uncensored_only,16,projected_js,0.06658112248987891,128
aim_on_ties__calib_instruction,candidate,general,uncensored_only,17,mmd_rbf,0.012357388623058796,128
aim_on_ties__calib_instruction,candidate,general,uncensored_only,17,projected_js,0.06519151013344526,128
aim_on_ties__calib_instruction,candidate,general,uncensored_only,18,mmd_rbf,0.012539190240204334,128
aim_on_ties__calib_instruction,candidate,general,uncensored_only,18,projected_js,0.06760243163444102,128
aim_on_ties__calib_instruction,candidate,general,uncensored_only,19,mmd_rbf,0.011824306100606918,128
aim_on_ties__calib_instruction,candidate,general,uncensored_only,19,projected_js,0.06667481764452532,128
aim_on_ties__calib_instruction,candidate,general,uncensored_only,20,mmd_rbf,0.011812923476099968,128
aim_on_ties__calib_instruction,candidate,general,uncensored_only,20,projected_js,0.06414284076890908,128
aim_on_ties__calib_instruction,candidate,general,uncensored_only,21,mmd_rbf,0.012787899933755398,128
aim_on_ties__calib_instruction,candidate,general,uncensored_only,21,projected_js,0.06930493918480352,128
aim_on_ties__calib_instruction,candidate,general,uncensored_only,22,mmd_rbf,0.013584810309112072,128
aim_on_ties__calib_instruction,candidate,general,uncensored_only,22,projected_js,0.06501282437238842,128
aim_on_ties__calib_instruction,candidate,general,uncensored_only,23,mmd_rbf,0.013125434517860413,128
aim_on_ties__calib_instruction,candidate,general,uncensored_only,23,projected_js,0.06277311994927004,128
aim_on_ties__calib_instruction,candidate,general,uncensored_only,24,mmd_rbf,0.013500294648110867,128
aim_on_ties__calib_instruction,candidate,general,uncensored_only,24,projected_js,0.06936085276538506,128
aim_on_ties__calib_instruction,candidate,general,uncensored_only,25,mmd_rbf,0.013752817176282406,128
aim_on_ties__calib_instruction,candidate,general,uncensored_only,25,projected_js,0.06700096037820913,128
aim_on_ties__calib_instruction,candidate,general,uncensored_only,26,mmd_rbf,0.014117607846856117,128
aim_on_ties__calib_instruction,candidate,general,uncensored_only,26,projected_js,0.06657996959984303,128
aim_on_ties__calib_instruction,candidate,general,uncensored_only,27,mmd_rbf,0.014178559184074402,128
aim_on_ties__calib_instruction,candidate,general,uncensored_only,27,projected_js,0.06772357551380992,128
aim_on_ties__calib_instruction,candidate,general,uncensored_only,28,mmd_rbf,0.01316168811172247,128
aim_on_ties__calib_instruction,candidate,general,uncensored_only,28,projected_js,0.06474046420771629,128
aim_on_ties__calib_instruction,candidate,general,uncensored_only,29,mmd_rbf,0.012739106081426144,128
aim_on_ties__calib_instruction,candidate,general,uncensored_only,29,projected_js,0.06198972859419882,128
aim_on_ties__calib_instruction,candidate,general,uncensored_only,30,mmd_rbf,0.012688115239143372,128
aim_on_ties__calib_instruction,candidate,general,uncensored_only,30,projected_js,0.06441650120541453,128
aim_on_ties__calib_instruction,candidate,general,uncensored_only,31,mmd_rbf,0.012033316306769848,128
aim_on_ties__calib_instruction,candidate,general,uncensored_only,31,projected_js,0.06383891170844436,128
aim_on_ties__calib_instruction,candidate,general,uncensored_only,32,mmd_rbf,0.011976540088653564,128
aim_on_ties__calib_instruction,candidate,general,uncensored_only,32,projected_js,0.060870340559631586,128
aim_on_ties__calib_instruction,candidate,general,uncensored_only,33,mmd_rbf,0.012222684919834137,128
aim_on_ties__calib_instruction,candidate,general,uncensored_only,33,projected_js,0.061484514619223773,128
aim_on_ties__calib_instruction,candidate,general,uncensored_only,34,mmd_rbf,0.014443163760006428,128
aim_on_ties__calib_instruction,candidate,general,uncensored_only,34,projected_js,0.06414574658265337,128
aim_on_ties__calib_instruction,candidate,general,uncensored_only,35,mmd_rbf,0.07241078466176987,128
aim_on_ties__calib_instruction,candidate,general,uncensored_only,35,projected_js,0.11109604488592595,128
aim_on_ties__calib_instruction,candidate,instruction,base,0,mmd_rbf,0.0022816688288003206,128
aim_on_ties__calib_instruction,candidate,instruction,base,0,projected_js,0.03748036919569131,128
aim_on_ties__calib_instruction,candidate,instruction,base,1,mmd_rbf,0.004721619188785553,128
aim_on_ties__calib_instruction,candidate,instruction,base,1,projected_js,0.04534011532086879,128
aim_on_ties__calib_instruction,candidate,instruction,base,2,mmd_rbf,0.0057592811062932014,128
aim_on_ties__calib_instruction,candidate,instruction,base,2,projected_js,0.050290891784243286,128
aim_on_ties__calib_instruction,candidate,instruction,base,3,mmd_rbf,0.007854185067117214,128
aim_on_ties__calib_instruction,candidate,instruction,base,3,projected_js,0.057608369446825236,128
aim_on_ties__calib_instruction,candidate,instruction,base,4,mmd_rbf,0.007400207221508026,128
aim_on_ties__calib_instruction,candidate,instruction,base,4,projected_js,0.05956750936456956,128
aim_on_ties__calib_instruction,candidate,instruction,base,5,mmd_rbf,0.007712461054325104,128
aim_on_ties__calib_instruction,candidate,instruction,base,5,projected_js,0.053227080963552,128
aim_on_ties__calib_instruction,candidate,instruction,base,6,mmd_rbf,0.006710592657327652,128
aim_on_ties__calib_instruction,candidate,instruction,base,6,projected_js,0.05414933891734108,128
aim_on_ties__calib_instruction,candidate,instruction,base,7,mmd_rbf,0.0063096568919718266,128
aim_on_ties__calib_instruction,candidate,instruction,base,7,projected_js,0.0603038857516367,128
aim_on_ties__calib_instruction,candidate,instruction,base,8,mmd_rbf,0.005742690060287714,128
aim_on_ties__calib_instruction,candidate,instruction,base,8,projected_js,0.05832836471381597,128
aim_on_ties__calib_instruction,candidate,instruction,base,9,mmd_rbf,0.006287701427936554,128
aim_on_ties__calib_instruction,candidate,instruction,base,9,projected_js,0.058434867940377444,128
aim_on_ties__calib_instruction,candidate,instruction,base,10,mmd_rbf,0.0069542862474918365,128
aim_on_ties__calib_instruction,candidate,instruction,base,10,projected_js,0.05852161711663939,128
aim_on_ties__calib_instruction,candidate,instruction,base,11,mmd_rbf,0.00697525916621089,128
aim_on_ties__calib_instruction,candidate,instruction,base,11,projected_js,0.06408327518147416,128
aim_on_ties__calib_instruction,candidate,instruction,base,12,mmd_rbf,0.006904338486492634,128
aim_on_ties__calib_instruction,candidate,instruction,base,12,projected_js,0.06479089363710955,128
aim_on_ties__calib_instruction,candidate,instruction,base,13,mmd_rbf,0.007484814617782831,128
aim_on_ties__calib_instruction,candidate,instruction,base,13,projected_js,0.06371945852879435,128
aim_on_ties__calib_instruction,candidate,instruction,base,14,mmd_rbf,0.008033900521695614,128
aim_on_ties__calib_instruction,candidate,instruction,base,14,projected_js,0.06172657781280577,128
aim_on_ties__calib_instruction,candidate,instruction,base,15,mmd_rbf,0.008924984373152256,128
aim_on_ties__calib_instruction,candidate,instruction,base,15,projected_js,0.06646777567220852,128
aim_on_ties__calib_instruction,candidate,instruction,base,16,mmd_rbf,0.009495092555880547,128
aim_on_ties__calib_instruction,candidate,instruction,base,16,projected_js,0.06437960182665847,128
aim_on_ties__calib_instruction,candidate,instruction,base,17,mmd_rbf,0.00931605976074934,128
aim_on_ties__calib_instruction,candidate,instruction,base,17,projected_js,0.06612975714961067,128
aim_on_ties__calib_instruction,candidate,instruction,base,18,mmd_rbf,0.010112694464623928,128
aim_on_ties__calib_instruction,candidate,instruction,base,18,projected_js,0.07009649940300733,128
aim_on_ties__calib_instruction,candidate,instruction,base,19,mmd_rbf,0.01097120065242052,128
aim_on_ties__calib_instruction,candidate,instruction,base,19,projected_js,0.0644785474287346,128
aim_on_ties__calib_instruction,candidate,instruction,base,20,mmd_rbf,0.010969179682433605,128
aim_on_ties__calib_instruction,candidate,instruction,base,20,projected_js,0.06518957193475217,128
aim_on_ties__calib_instruction,candidate,instruction,base,21,mmd_rbf,0.011616996489465237,128
aim_on_ties__calib_instruction,candidate,instruction,base,21,projected_js,0.06874393485486507,128
aim_on_ties__calib_instruction,candidate,instruction,base,22,mmd_rbf,0.011100653558969498,128
aim_on_ties__calib_instruction,candidate,instruction,base,22,projected_js,0.06987794837914407,128
aim_on_ties__calib_instruction,candidate,instruction,base,23,mmd_rbf,0.010380255989730358,128
aim_on_ties__calib_instruction,candidate,instruction,base,23,projected_js,0.07047056686133146,128
aim_on_ties__calib_instruction,candidate,instruction,base,24,mmd_rbf,0.009638160467147827,128
aim_on_ties__calib_instruction,candidate,instruction,base,24,projected_js,0.06984601650037803,128
aim_on_ties__calib_instruction,candidate,instruction,base,25,mmd_rbf,0.009067893959581852,128
aim_on_ties__calib_instruction,candidate,instruction,base,25,projected_js,0.06578685296699405,128
aim_on_ties__calib_instruction,candidate,instruction,base,26,mmd_rbf,0.008797312155365944,128
aim_on_ties__calib_instruction,candidate,instruction,base,26,projected_js,0.0638860955950804,128
aim_on_ties__calib_instruction,candidate,instruction,base,27,mmd_rbf,0.008557830937206745,128
aim_on_ties__calib_instruction,candidate,instruction,base,27,projected_js,0.0649436516687274,128
aim_on_ties__calib_instruction,candidate,instruction,base,28,mmd_rbf,0.007992766797542572,128
aim_on_ties__calib_instruction,candidate,instruction,base,28,projected_js,0.06437675963388756,128
aim_on_ties__calib_instruction,candidate,instruction,base,29,mmd_rbf,0.007608623709529638,128
aim_on_ties__calib_instruction,candidate,instruction,base,29,projected_js,0.06278508043033071,128
aim_on_ties__calib_instruction,candidate,instruction,base,30,mmd_rbf,0.007451119367033243,128
aim_on_ties__calib_instruction,candidate,instruction,base,30,projected_js,0.059250591380987316,128
aim_on_ties__calib_instruction,candidate,instruction,base,31,mmd_rbf,0.007251756731420755,128
aim_on_ties__calib_instruction,candidate,instruction,base,31,projected_js,0.0643237549229525,128
aim_on_ties__calib_instruction,candidate,instruction,base,32,mmd_rbf,0.007513382472097874,128
aim_on_ties__calib_instruction,candidate,instruction,base,32,projected_js,0.06705778941977769,128
aim_on_ties__calib_instruction,candidate,instruction,base,33,mmd_rbf,0.0077432007528841496,128
aim_on_ties__calib_instruction,candidate,instruction,base,33,projected_js,0.06355577893555164,128
aim_on_ties__calib_instruction,candidate,instruction,base,34,mmd_rbf,0.011383222416043282,128
aim_on_ties__calib_instruction,candidate,instruction,base,34,projected_js,0.06916429364355281,128
aim_on_ties__calib_instruction,candidate,instruction,base,35,mmd_rbf,0.03511836752295494,128
aim_on_ties__calib_instruction,candidate,instruction,base,35,projected_js,0.09344587876694277,128
aim_on_ties__calib_instruction,candidate,instruction,instr_only,0,mmd_rbf,0.0017454683547839522,128
aim_on_ties__calib_instruction,candidate,instruction,instr_only,0,projected_js,0.03575214200827759,128
aim_on_ties__calib_instruction,candidate,instruction,instr_only,1,mmd_rbf,0.003564165672287345,128
aim_on_ties__calib_instruction,candidate,instruction,instr_only,1,projected_js,0.03987500164657831,128
aim_on_ties__calib_instruction,candidate,instruction,instr_only,2,mmd_rbf,0.004783602897077799,128
aim_on_ties__calib_instruction,candidate,instruction,instr_only,2,projected_js,0.04511657846160233,128
aim_on_ties__calib_instruction,candidate,instruction,instr_only,3,mmd_rbf,0.004949979484081268,128
aim_on_ties__calib_instruction,candidate,instruction,instr_only,3,projected_js,0.0472988891415298,128
aim_on_ties__calib_instruction,candidate,instruction,instr_only,4,mmd_rbf,0.005134274251759052,128
aim_on_ties__calib_instruction,candidate,instruction,instr_only,4,projected_js,0.049142001051222906,128
aim_on_ties__calib_instruction,candidate,instruction,instr_only,5,mmd_rbf,0.005468528252094984,128
aim_on_ties__calib_instruction,candidate,instruction,instr_only,5,projected_js,0.04438608814962208,128
aim_on_ties__calib_instruction,candidate,instruction,instr_only,6,mmd_rbf,0.0042030042968690395,128
aim_on_ties__calib_instruction,candidate,instruction,instr_only,6,projected_js,0.04800903724390082,128
aim_on_ties__calib_instruction,candidate,instruction,instr_only,7,mmd_rbf,0.0036946714390069246,128
aim_on_ties__calib_instruction,candidate,instruction,instr_only,7,projected_js,0.049646016384940594,128
aim_on_ties__calib_instruction,candidate,instruction,instr_only,8,mmd_rbf,0.003357698442414403,128
aim_on_ties__calib_instruction,candidate,instruction,instr_only,8,projected_js,0.05149180234002415,128
aim_on_ties__calib_instruction,candidate,instruction,instr_only,9,mmd_rbf,0.0033018605317920446,128
aim_on_ties__calib_instruction,candidate,instruction,instr_only,9,projected_js,0.05475652197492309,128
aim_on_ties__calib_instruction,candidate,instruction,instr_only,10,mmd_rbf,0.003646076889708638,128
aim_on_ties__calib_instruction,candidate,instruction,instr_only,10,projected_js,0.0550123562279623,128
aim_on_ties__calib_instruction,candidate,instruction,instr_only,11,mmd_rbf,0.0034723232965916395,128
aim_on_ties__calib_instruction,candidate,instruction,instr_only,11,projected_js,0.05862377071753144,128
aim_on_ties__calib_instruction,candidate,instruction,instr_only,12,mmd_rbf,0.0033906344324350357,128
aim_on_ties__calib_instruction,candidate,instruction,instr_only,12,projected_js,0.05872098385589197,128
aim_on_ties__calib_instruction,candidate,instruction,instr_only,13,mmd_rbf,0.003490801202133298,128
aim_on_ties__calib_instruction,candidate,instruction,instr_only,13,projected_js,0.06074724474456161,128
aim_on_ties__calib_instruction,candidate,instruction,instr_only,14,mmd_rbf,0.003517553908750415,128
aim_on_ties__calib_instruction,candidate,instruction,instr_only,14,projected_js,0.05529335455503315,128
aim_on_ties__calib_instruction,candidate,instruction,instr_only,15,mmd_rbf,0.0037551112473011017,128
aim_on_ties__calib_instruction,candidate,instruction,instr_only,15,projected_js,0.06182747121783905,128
aim_on_ties__calib_instruction,candidate,instruction,instr_only,16,mmd_rbf,0.003966286778450012,128
aim_on_ties__calib_instruction,candidate,instruction,instr_only,16,projected_js,0.0629137844662182,128
aim_on_ties__calib_instruction,candidate,instruction,instr_only,17,mmd_rbf,0.004281078930944204,128
aim_on_ties__calib_instruction,candidate,instruction,instr_only,17,projected_js,0.06234033571672626,128
aim_on_ties__calib_instruction,candidate,instruction,instr_only,18,mmd_rbf,0.004673772491514683,128
aim_on_ties__calib_instruction,candidate,instruction,instr_only,18,projected_js,0.059184055600780994,128
aim_on_ties__calib_instruction,candidate,instruction,instr_only,19,mmd_rbf,0.005580068100243807,128
aim_on_ties__calib_instruction,candidate,instruction,instr_only,19,projected_js,0.06176089803921059,128
aim_on_ties__calib_instruction,candidate,instruction,instr_only,20,mmd_rbf,0.006075127515941858,128
aim_on_ties__calib_instruction,candidate,instruction,instr_only,20,projected_js,0.0607696917722933,128
aim_on_ties__calib_instruction,candidate,instruction,instr_only,21,mmd_rbf,0.007181060966104269,128
aim_on_ties__calib_instruction,candidate,instruction,instr_only,21,projected_js,0.06564030877780169,128
aim_on_ties__calib_instruction,candidate,instruction,instr_only,22,mmd_rbf,0.007871723733842373,128
aim_on_ties__calib_instruction,candidate,instruction,instr_only,22,projected_js,0.06989043718203902,128
aim_on_ties__calib_instruction,candidate,instruction,instr_only,23,mmd_rbf,0.008097485639154911,128
aim_on_ties__calib_instruction,candidate,instruction,instr_only,23,projected_js,0.06632297756732441,128
aim_on_ties__calib_instruction,candidate,instruction,instr_only,24,mmd_rbf,0.007988709025084972,128
aim_on_ties__calib_instruction,candidate,instruction,instr_only,24,projected_js,0.06505082891089842,128
aim_on_ties__calib_instruction,candidate,instruction,instr_only,25,mmd_rbf,0.008076392114162445,128
aim_on_ties__calib_instruction,candidate,instruction,instr_only,25,projected_js,0.06839230260811746,128
aim_on_ties__calib_instruction,candidate,instruction,instr_only,26,mmd_rbf,0.008108572103083134,128
aim_on_ties__calib_instruction,candidate,instruction,instr_only,26,projected_js,0.06504843343282118,128
aim_on_ties__calib_instruction,candidate,instruction,instr_only,27,mmd_rbf,0.00790844764560461,128
aim_on_ties__calib_instruction,candidate,instruction,instr_only,27,projected_js,0.06679116393206641,128
aim_on_ties__calib_instruction,candidate,instruction,instr_only,28,mmd_rbf,0.007510231342166662,128
aim_on_ties__calib_instruction,candidate,instruction,instr_only,28,projected_js,0.06388609361601993,128
aim_on_ties__calib_instruction,candidate,instruction,instr_only,29,mmd_rbf,0.007011352572590113,128
aim_on_ties__calib_instruction,candidate,instruction,instr_only,29,projected_js,0.06351154926232994,128
aim_on_ties__calib_instruction,candidate,instruction,instr_only,30,mmd_rbf,0.006774258799850941,128
aim_on_ties__calib_instruction,candidate,instruction,instr_only,30,projected_js,0.06529635976767167,128
aim_on_ties__calib_instruction,candidate,instruction,instr_only,31,mmd_rbf,0.006619580090045929,128
aim_on_ties__calib_instruction,candidate,instruction,instr_only,31,projected_js,0.06200219865422696,128
aim_on_ties__calib_instruction,candidate,instruction,instr_only,32,mmd_rbf,0.0067859822884202,128
aim_on_ties__calib_instruction,candidate,instruction,instr_only,32,projected_js,0.06404721920262091,128
aim_on_ties__calib_instruction,candidate,instruction,instr_only,33,mmd_rbf,0.00704624829813838,128
aim_on_ties__calib_instruction,candidate,instruction,instr_only,33,projected_js,0.0627961064747069,128
aim_on_ties__calib_instruction,candidate,instruction,instr_only,34,mmd_rbf,0.009946935810148716,128
aim_on_ties__calib_instruction,candidate,instruction,instr_only,34,projected_js,0.06910504962434061,128
aim_on_ties__calib_instruction,candidate,instruction,instr_only,35,mmd_rbf,0.052534300833940506,128
aim_on_ties__calib_instruction,candidate,instruction,instr_only,35,projected_js,0.11125251301564276,128
aim_on_ties__calib_instruction,candidate,instruction,reasoning_only,0,mmd_rbf,0.008314147591590881,128
aim_on_ties__calib_instruction,candidate,instruction,reasoning_only,0,projected_js,0.06050594610860571,128
aim_on_ties__calib_instruction,candidate,instruction,reasoning_only,1,mmd_rbf,0.013487571850419044,128
aim_on_ties__calib_instruction,candidate,instruction,reasoning_only,1,projected_js,0.06143355916719884,128
aim_on_ties__calib_instruction,candidate,instruction,reasoning_only,2,mmd_rbf,0.02013297937810421,128
aim_on_ties__calib_instruction,candidate,instruction,reasoning_only,2,projected_js,0.07202913518995047,128
aim_on_ties__calib_instruction,candidate,instruction,reasoning_only,3,mmd_rbf,0.021836241707205772,128
aim_on_ties__calib_instruction,candidate,instruction,reasoning_only,3,projected_js,0.07392542756861076,128
aim_on_ties__calib_instruction,candidate,instruction,reasoning_only,4,mmd_rbf,0.022801948711276054,128
aim_on_ties__calib_instruction,candidate,instruction,reasoning_only,4,projected_js,0.07987671880982816,128
aim_on_ties__calib_instruction,candidate,instruction,reasoning_only,5,mmd_rbf,0.025104502215981483,128
aim_on_ties__calib_instruction,candidate,instruction,reasoning_only,5,projected_js,0.07938182324869558,128
aim_on_ties__calib_instruction,candidate,instruction,reasoning_only,6,mmd_rbf,0.018983785063028336,128
aim_on_ties__calib_instruction,candidate,instruction,reasoning_only,6,projected_js,0.07825874665286392,128
aim_on_ties__calib_instruction,candidate,instruction,reasoning_only,7,mmd_rbf,0.018791532143950462,128
aim_on_ties__calib_instruction,candidate,instruction,reasoning_only,7,projected_js,0.0781595457228832,128
aim_on_ties__calib_instruction,candidate,instruction,reasoning_only,8,mmd_rbf,0.014822271652519703,128
aim_on_ties__calib_instruction,candidate,instruction,reasoning_only,8,projected_js,0.07591981216683052,128
aim_on_ties__calib_instruction,candidate,instruction,reasoning_only,9,mmd_rbf,0.014495504088699818,128
aim_on_ties__calib_instruction,candidate,instruction,reasoning_only,9,projected_js,0.07487185264471918,128
aim_on_ties__calib_instruction,candidate,instruction,reasoning_only,10,mmd_rbf,0.01613098569214344,128
aim_on_ties__calib_instruction,candidate,instruction,reasoning_only,10,projected_js,0.07394059508806095,128
aim_on_ties__calib_instruction,candidate,instruction,reasoning_only,11,mmd_rbf,0.015413937158882618,128
aim_on_ties__calib_instruction,candidate,instruction,reasoning_only,11,projected_js,0.0712296009878628,128
aim_on_ties__calib_instruction,candidate,instruction,reasoning_only,12,mmd_rbf,0.016299130395054817,128
aim_on_ties__calib_instruction,candidate,instruction,reasoning_only,12,projected_js,0.07653105142526329,128
aim_on_ties__calib_instruction,candidate,instruction,reasoning_only,13,mmd_rbf,0.016978418454527855,128
aim_on_ties__calib_instruction,candidate,instruction,reasoning_only,13,projected_js,0.07665188139071688,128
aim_on_ties__calib_instruction,candidate,instruction,reasoning_only,14,mmd_rbf,0.016894346103072166,128
aim_on_ties__calib_instruction,candidate,instruction,reasoning_only,14,projected_js,0.07379392196889967,128
aim_on_ties__calib_instruction,candidate,instruction,reasoning_only,15,mmd_rbf,0.017985019832849503,128
aim_on_ties__calib_instruction,candidate,instruction,reasoning_only,15,projected_js,0.07565387908834964,128
aim_on_ties__calib_instruction,candidate,instruction,reasoning_only,16,mmd_rbf,0.01849496178328991,128
aim_on_ties__calib_instruction,candidate,instruction,reasoning_only,16,projected_js,0.0726054348051548,128
aim_on_ties__calib_instruction,candidate,instruction,reasoning_only,17,mmd_rbf,0.0182350967079401,128
aim_on_ties__calib_instruction,candidate,instruction,reasoning_only,17,projected_js,0.07008511386811733,128
aim_on_ties__calib_instruction,candidate,instruction,reasoning_only,18,mmd_rbf,0.021114712581038475,128
aim_on_ties__calib_instruction,candidate,instruction,reasoning_only,18,projected_js,0.07513835025019944,128
aim_on_ties__calib_instruction,candidate,instruction,reasoning_only,19,mmd_rbf,0.021408701315522194,128
aim_on_ties__calib_instruction,candidate,instruction,reasoning_only,19,projected_js,0.07580595824401826,128
aim_on_ties__calib_instruction,candidate,instruction,reasoning_only,20,mmd_rbf,0.0212599728256464,128
aim_on_ties__calib_instruction,candidate,instruction,reasoning_only,20,projected_js,0.07592413644306362,128
aim_on_ties__calib_instruction,candidate,instruction,reasoning_only,21,mmd_rbf,0.022065194323658943,128
aim_on_ties__calib_instruction,candidate,instruction,reasoning_only,21,projected_js,0.07567321340320632,128
aim_on_ties__calib_instruction,candidate,instruction,reasoning_only,22,mmd_rbf,0.02054455876350403,128
aim_on_ties__calib_instruction,candidate,instruction,reasoning_only,22,projected_js,0.0800026198849082,128
aim_on_ties__calib_instruction,candidate,instruction,reasoning_only,23,mmd_rbf,0.017562562599778175,128
aim_on_ties__calib_instruction,candidate,instruction,reasoning_only,23,projected_js,0.07734378386521712,128
aim_on_ties__calib_instruction,candidate,instruction,reasoning_only,24,mmd_rbf,0.018053879961371422,128
aim_on_ties__calib_instruction,candidate,instruction,reasoning_only,24,projected_js,0.07902426971122622,128
aim_on_ties__calib_instruction,candidate,instruction,reasoning_only,25,mmd_rbf,0.01690354198217392,128
aim_on_ties__calib_instruction,candidate,instruction,reasoning_only,25,projected_js,0.07539600308518857,128
aim_on_ties__calib_instruction,candidate,instruction,reasoning_only,26,mmd_rbf,0.017034295946359634,128
aim_on_ties__calib_instruction,candidate,instruction,reasoning_only,26,projected_js,0.07483788614626974,128
aim_on_ties__calib_instruction,candidate,instruction,reasoning_only,27,mmd_rbf,0.016759224236011505,128
aim_on_ties__calib_instruction,candidate,instruction,reasoning_only,27,projected_js,0.07359277567593381,128
aim_on_ties__calib_instruction,candidate,instruction,reasoning_only,28,mmd_rbf,0.01698504202067852,128
aim_on_ties__calib_instruction,candidate,instruction,reasoning_only,28,projected_js,0.07552456099074334,128
aim_on_ties__calib_instruction,candidate,instruction,reasoning_only,29,mmd_rbf,0.016524795442819595,128
aim_on_ties__calib_instruction,candidate,instruction,reasoning_only,29,projected_js,0.0743916918290779,128
aim_on_ties__calib_instruction,candidate,instruction,reasoning_only,30,mmd_rbf,0.01707516424357891,128
aim_on_ties__calib_instruction,candidate,instruction,reasoning_only,30,projected_js,0.07382951333420351,128
aim_on_ties__calib_instruction,candidate,instruction,reasoning_only,31,mmd_rbf,0.016983432695269585,128
aim_on_ties__calib_instruction,candidate,instruction,reasoning_only,31,projected_js,0.07563763461075723,128
aim_on_ties__calib_instruction,candidate,instruction,reasoning_only,32,mmd_rbf,0.016664838418364525,128
aim_on_ties__calib_instruction,candidate,instruction,reasoning_only,32,projected_js,0.07248255703598261,128
aim_on_ties__calib_instruction,candidate,instruction,reasoning_only,33,mmd_rbf,0.015299211256206036,128
aim_on_ties__calib_instruction,candidate,instruction,reasoning_only,33,projected_js,0.0733928544796072,128
aim_on_ties__calib_instruction,candidate,instruction,reasoning_only,34,mmd_rbf,0.01526645291596651,128
aim_on_ties__calib_instruction,candidate,instruction,reasoning_only,34,projected_js,0.07183747226372361,128
aim_on_ties__calib_instruction,candidate,instruction,reasoning_only,35,mmd_rbf,0.01737026311457157,128
aim_on_ties__calib_instruction,candidate,instruction,reasoning_only,35,projected_js,0.06784547780989669,128
aim_on_ties__calib_instruction,candidate,instruction,uncensored_only,0,mmd_rbf,0.004866627044975758,128
aim_on_ties__calib_instruction,candidate,instruction,uncensored_only,0,projected_js,0.04388818173902109,128
aim_on_ties__calib_instruction,candidate,instruction,uncensored_only,1,mmd_rbf,0.12587033212184906,128
aim_on_ties__calib_instruction,candidate,instruction,uncensored_only,1,projected_js,0.148295231803786,128
aim_on_ties__calib_instruction,candidate,instruction,uncensored_only,2,mmd_rbf,0.11074002087116241,128
aim_on_ties__calib_instruction,candidate,instruction,uncensored_only,2,projected_js,0.13455156079726294,128
aim_on_ties__calib_instruction,candidate,instruction,uncensored_only,3,mmd_rbf,0.08257479220628738,128
aim_on_ties__calib_instruction,candidate,instruction,uncensored_only,3,projected_js,0.11576456227339804,128
aim_on_ties__calib_instruction,candidate,instruction,uncensored_only,4,mmd_rbf,0.06053939089179039,128
aim_on_ties__calib_instruction,candidate,instruction,uncensored_only,4,projected_js,0.1086844218079932,128
aim_on_ties__calib_instruction,candidate,instruction,uncensored_only,5,mmd_rbf,0.044508472084999084,128
aim_on_ties__calib_instruction,candidate,instruction,uncensored_only,5,projected_js,0.09285917069064453,128
aim_on_ties__calib_instruction,candidate,instruction,uncensored_only,6,mmd_rbf,0.027058327570557594,128
aim_on_ties__calib_instruction,candidate,instruction,uncensored_only,6,projected_js,0.08274427597643808,128
aim_on_ties__calib_instruction,candidate,instruction,uncensored_only,7,mmd_rbf,0.02184738591313362,128
aim_on_ties__calib_instruction,candidate,instruction,uncensored_only,7,projected_js,0.07972132335999049,128
aim_on_ties__calib_instruction,candidate,instruction,uncensored_only,8,mmd_rbf,0.015160930342972279,128
aim_on_ties__calib_instruction,candidate,instruction,uncensored_only,8,projected_js,0.0668291372130625,128
aim_on_ties__calib_instruction,candidate,instruction,uncensored_only,9,mmd_rbf,0.012650564312934875,128
aim_on_ties__calib_instruction,candidate,instruction,uncensored_only,9,projected_js,0.06604747439268976,128
aim_on_ties__calib_instruction,candidate,instruction,uncensored_only,10,mmd_rbf,0.01134954672306776,128
aim_on_ties__calib_instruction,candidate,instruction,uncensored_only,10,projected_js,0.06675084965536371,128
aim_on_ties__calib_instruction,candidate,instruction,uncensored_only,11,mmd_rbf,0.00952514261007309,128
aim_on_ties__calib_instruction,candidate,instruction,uncensored_only,11,projected_js,0.06878109576064162,128
aim_on_ties__calib_instruction,candidate,instruction,uncensored_only,12,mmd_rbf,0.009420269168913364,128
aim_on_ties__calib_instruction,candidate,instruction,uncensored_only,12,projected_js,0.07007722021080554,128
aim_on_ties__calib_instruction,candidate,instruction,uncensored_only,13,mmd_rbf,0.009840713813900948,128
aim_on_ties__calib_instruction,candidate,instruction,uncensored_only,13,projected_js,0.07098304573446512,128
aim_on_ties__calib_instruction,candidate,instruction,uncensored_only,14,mmd_rbf,0.010410805232822895,128
aim_on_ties__calib_instruction,candidate,instruction,uncensored_only,14,projected_js,0.06468924100045115,128
aim_on_ties__calib_instruction,candidate,instruction,uncensored_only,15,mmd_rbf,0.012456859461963177,128
aim_on_ties__calib_instruction,candidate,instruction,uncensored_only,15,projected_js,0.07139132148586214,128
aim_on_ties__calib_instruction,candidate,instruction,uncensored_only,16,mmd_rbf,0.01313818246126175,128
aim_on_ties__calib_instruction,candidate,instruction,uncensored_only,16,projected_js,0.0707894999650307,128
aim_on_ties__calib_instruction,candidate,instruction,uncensored_only,17,mmd_rbf,0.012665691785514355,128
aim_on_ties__calib_instruction,candidate,instruction,uncensored_only,17,projected_js,0.06966490484774113,128
aim_on_ties__calib_instruction,candidate,instruction,uncensored_only,18,mmd_rbf,0.012731102295219898,128
aim_on_ties__calib_instruction,candidate,instruction,uncensored_only,18,projected_js,0.0691531160264276,128
aim_on_ties__calib_instruction,candidate,instruction,uncensored_only,19,mmd_rbf,0.013038793578743935,128
aim_on_ties__calib_instruction,candidate,instruction,uncensored_only,19,projected_js,0.07173001999035478,128
aim_on_ties__calib_instruction,candidate,instruction,uncensored_only,20,mmd_rbf,0.013659787364304066,128
aim_on_ties__calib_instruction,candidate,instruction,uncensored_only,20,projected_js,0.07026952086016536,128
aim_on_ties__calib_instruction,candidate,instruction,uncensored_only,21,mmd_rbf,0.0150983277708292,128
aim_on_ties__calib_instruction,candidate,instruction,uncensored_only,21,projected_js,0.07256391306873411,128
aim_on_ties__calib_instruction,candidate,instruction,uncensored_only,22,mmd_rbf,0.01702278107404709,128
aim_on_ties__calib_instruction,candidate,instruction,uncensored_only,22,projected_js,0.07488340605050325,128
aim_on_ties__calib_instruction,candidate,instruction,uncensored_only,23,mmd_rbf,0.017217621207237244,128
aim_on_ties__calib_instruction,candidate,instruction,uncensored_only,23,projected_js,0.07539857819210738,128
aim_on_ties__calib_instruction,candidate,instruction,uncensored_only,24,mmd_rbf,0.018569832667708397,128
aim_on_ties__calib_instruction,candidate,instruction,uncensored_only,24,projected_js,0.07404866308206692,128
aim_on_ties__calib_instruction,candidate,instruction,uncensored_only,25,mmd_rbf,0.01927531696856022,128
aim_on_ties__calib_instruction,candidate,instruction,uncensored_only,25,projected_js,0.0797384346369654,128
aim_on_ties__calib_instruction,candidate,instruction,uncensored_only,26,mmd_rbf,0.019677218049764633,128
aim_on_ties__calib_instruction,candidate,instruction,uncensored_only,26,projected_js,0.07622602762421593,128
aim_on_ties__calib_instruction,candidate,instruction,uncensored_only,27,mmd_rbf,0.01951168291270733,128
aim_on_ties__calib_instruction,candidate,instruction,uncensored_only,27,projected_js,0.07980973710073158,128
aim_on_ties__calib_instruction,candidate,instruction,uncensored_only,28,mmd_rbf,0.017480093985795975,128
aim_on_ties__calib_instruction,candidate,instruction,uncensored_only,28,projected_js,0.07494352391222492,128
aim_on_ties__calib_instruction,candidate,instruction,uncensored_only,29,mmd_rbf,0.016509775072336197,128
aim_on_ties__calib_instruction,candidate,instruction,uncensored_only,29,projected_js,0.07406163425184786,128
aim_on_ties__calib_instruction,candidate,instruction,uncensored_only,30,mmd_rbf,0.016535982489585876,128
aim_on_ties__calib_instruction,candidate,instruction,uncensored_only,30,projected_js,0.06862544419709593,128
aim_on_ties__calib_instruction,candidate,instruction,uncensored_only,31,mmd_rbf,0.015840256586670876,128
aim_on_ties__calib_instruction,candidate,instruction,uncensored_only,31,projected_js,0.06998189986916259,128
aim_on_ties__calib_instruction,candidate,instruction,uncensored_only,32,mmd_rbf,0.015769023448228836,128
aim_on_ties__calib_instruction,candidate,instruction,uncensored_only,32,projected_js,0.07157398108392954,128
aim_on_ties__calib_instruction,candidate,instruction,uncensored_only,33,mmd_rbf,0.015867212787270546,128
aim_on_ties__calib_instruction,candidate,instruction,uncensored_only,33,projected_js,0.07095658651087433,128
aim_on_ties__calib_instruction,candidate,instruction,uncensored_only,34,mmd_rbf,0.01847291737794876,128
aim_on_ties__calib_instruction,candidate,instruction,uncensored_only,34,projected_js,0.07776894996641204,128
aim_on_ties__calib_instruction,candidate,instruction,uncensored_only,35,mmd_rbf,0.06260321289300919,128
aim_on_ties__calib_instruction,candidate,instruction,uncensored_only,35,projected_js,0.11242003308143467,128
aim_on_ties__calib_instruction,candidate,reasoning,base,0,mmd_rbf,0.0014797449111938477,128
aim_on_ties__calib_instruction,candidate,reasoning,base,0,projected_js,0.03769501892384142,128
aim_on_ties__calib_instruction,candidate,reasoning,base,1,mmd_rbf,0.0033151910174638033,128
aim_on_ties__calib_instruction,candidate,reasoning,base,1,projected_js,0.03972607062314637,128
aim_on_ties__calib_instruction,candidate,reasoning,base,2,mmd_rbf,0.003844681428745389,128
aim_on_ties__calib_instruction,candidate,reasoning,base,2,projected_js,0.04273166765051428,128
aim_on_ties__calib_instruction,candidate,reasoning,base,3,mmd_rbf,0.004679314326494932,128
aim_on_ties__calib_instruction,candidate,reasoning,base,3,projected_js,0.05055920666200109,128
aim_on_ties__calib_instruction,candidate,reasoning,base,4,mmd_rbf,0.004852424841374159,128
aim_on_ties__calib_instruction,candidate,reasoning,base,4,projected_js,0.05157598419464193,128
aim_on_ties__calib_instruction,candidate,reasoning,base,5,mmd_rbf,0.004348152782768011,128
aim_on_ties__calib_instruction,candidate,reasoning,base,5,projected_js,0.046243212826084346,128
aim_on_ties__calib_instruction,candidate,reasoning,base,6,mmd_rbf,0.00346100190654397,128
aim_on_ties__calib_instruction,candidate,reasoning,base,6,projected_js,0.04945685892016627,128
aim_on_ties__calib_instruction,candidate,reasoning,base,7,mmd_rbf,0.0033345201518386602,128
aim_on_ties__calib_instruction,candidate,reasoning,base,7,projected_js,0.051930490939412266,128
aim_on_ties__calib_instruction,candidate,reasoning,base,8,mmd_rbf,0.003123687347397208,128
aim_on_ties__calib_instruction,candidate,reasoning,base,8,projected_js,0.0531019851914607,128
aim_on_ties__calib_instruction,candidate,reasoning,base,9,mmd_rbf,0.003248788882046938,128
aim_on_ties__calib_instruction,candidate,reasoning,base,9,projected_js,0.052836876129731536,128
aim_on_ties__calib_instruction,candidate,reasoning,base,10,mmd_rbf,0.0034465305507183075,128
aim_on_ties__calib_instruction,candidate,reasoning,base,10,projected_js,0.0485392423288431,128
aim_on_ties__calib_instruction,candidate,reasoning,base,11,mmd_rbf,0.0033409215975552797,128
aim_on_ties__calib_instruction,candidate,reasoning,base,11,projected_js,0.05244062814745121,128
aim_on_ties__calib_instruction,candidate,reasoning,base,12,mmd_rbf,0.003482404863461852,128
aim_on_ties__calib_instruction,candidate,reasoning,base,12,projected_js,0.05001498764613643,128
aim_on_ties__calib_instruction,candidate,reasoning,base,13,mmd_rbf,0.003526900429278612,128
aim_on_ties__calib_instruction,candidate,reasoning,base,13,projected_js,0.056571312074083835,128
aim_on_ties__calib_instruction,candidate,reasoning,base,14,mmd_rbf,0.0036513195373117924,128
aim_on_ties__calib_instruction,candidate,reasoning,base,14,projected_js,0.057082549785263836,128
aim_on_ties__calib_instruction,candidate,reasoning,base,15,mmd_rbf,0.004003820940852165,128
aim_on_ties__calib_instruction,candidate,reasoning,base,15,projected_js,0.05440027505392209,128
aim_on_ties__calib_instruction,candidate,reasoning,base,16,mmd_rbf,0.004398045130074024,128
aim_on_ties__calib_instruction,candidate,reasoning,base,16,projected_js,0.05395298742223531,128
aim_on_ties__calib_instruction,candidate,reasoning,base,17,mmd_rbf,0.0042723254300653934,128
aim_on_ties__calib_instruction,candidate,reasoning,base,17,projected_js,0.056997348146978766,128
aim_on_ties__calib_instruction,candidate,reasoning,base,18,mmd_rbf,0.004522604402154684,128
aim_on_ties__calib_instruction,candidate,reasoning,base,18,projected_js,0.05641530209686607,128
aim_on_ties__calib_instruction,candidate,reasoning,base,19,mmd_rbf,0.0046705142594873905,128
aim_on_ties__calib_instruction,candidate,reasoning,base,19,projected_js,0.05981153165339492,128
aim_on_ties__calib_instruction,candidate,reasoning,base,20,mmd_rbf,0.004521267022937536,128
aim_on_ties__calib_instruction,candidate,reasoning,base,20,projected_js,0.05655333265895024,128
aim_on_ties__calib_instruction,candidate,reasoning,base,21,mmd_rbf,0.00463466253131628,128
aim_on_ties__calib_instruction,candidate,reasoning,base,21,projected_js,0.05899922444950789,128
aim_on_ties__calib_instruction,candidate,reasoning,base,22,mmd_rbf,0.00435657799243927,128
aim_on_ties__calib_instruction,candidate,reasoning,base,22,projected_js,0.05596875285846181,128
aim_on_ties__calib_instruction,candidate,reasoning,base,23,mmd_rbf,0.004248822573572397,128
aim_on_ties__calib_instruction,candidate,reasoning,base,23,projected_js,0.05447203156654723,128
aim_on_ties__calib_instruction,candidate,reasoning,base,24,mmd_rbf,0.0039122747257351875,128
aim_on_ties__calib_instruction,candidate,reasoning,base,24,projected_js,0.05384152152691968,128
aim_on_ties__calib_instruction,candidate,reasoning,base,25,mmd_rbf,0.003738847328349948,128
aim_on_ties__calib_instruction,candidate,reasoning,base,25,projected_js,0.05569625273346901,128
aim_on_ties__calib_instruction,candidate,reasoning,base,26,mmd_rbf,0.0036494829691946507,128
aim_on_ties__calib_instruction,candidate,reasoning,base,26,projected_js,0.05563792516477406,128
aim_on_ties__calib_instruction,candidate,reasoning,base,27,mmd_rbf,0.0037079935427755117,128
aim_on_ties__calib_instruction,candidate,reasoning,base,27,projected_js,0.056327926897211,128
aim_on_ties__calib_instruction,candidate,reasoning,base,28,mmd_rbf,0.0037982494104653597,128
aim_on_ties__calib_instruction,candidate,reasoning,base,28,projected_js,0.0561763092991896,128
aim_on_ties__calib_instruction,candidate,reasoning,base,29,mmd_rbf,0.003935710992664099,128
aim_on_ties__calib_instruction,candidate,reasoning,base,29,projected_js,0.0580343100882601,128
aim_on_ties__calib_instruction,candidate,reasoning,base,30,mmd_rbf,0.004038522951304913,128
aim_on_ties__calib_instruction,candidate,reasoning,base,30,projected_js,0.05777793092420325,128
aim_on_ties__calib_instruction,candidate,reasoning,base,31,mmd_rbf,0.004105635918676853,128
aim_on_ties__calib_instruction,candidate,reasoning,base,31,projected_js,0.05817092413781211,128
aim_on_ties__calib_instruction,candidate,reasoning,base,32,mmd_rbf,0.0044065057300031185,128
aim_on_ties__calib_instruction,candidate,reasoning,base,32,projected_js,0.06102188766817562,128
aim_on_ties__calib_instruction,candidate,reasoning,base,33,mmd_rbf,0.0046491967514157295,128
aim_on_ties__calib_instruction,candidate,reasoning,base,33,projected_js,0.05651721861795522,128
aim_on_ties__calib_instruction,candidate,reasoning,base,34,mmd_rbf,0.0064003500156104565,128
aim_on_ties__calib_instruction,candidate,reasoning,base,34,projected_js,0.06165976560441777,128
aim_on_ties__calib_instruction,candidate,reasoning,base,35,mmd_rbf,0.028158310800790787,128
aim_on_ties__calib_instruction,candidate,reasoning,base,35,projected_js,0.07688498857896775,128
aim_on_ties__calib_instruction,candidate,reasoning,instr_only,0,mmd_rbf,0.0010585278505459428,128
aim_on_ties__calib_instruction,candidate,reasoning,instr_only,0,projected_js,0.030297586985398084,128
aim_on_ties__calib_instruction,candidate,reasoning,instr_only,1,mmd_rbf,0.002067579422146082,128
aim_on_ties__calib_instruction,candidate,reasoning,instr_only,1,projected_js,0.03516978085099254,128
aim_on_ties__calib_instruction,candidate,reasoning,instr_only,2,mmd_rbf,0.0028370246291160583,128
aim_on_ties__calib_instruction,candidate,reasoning,instr_only,2,projected_js,0.04144381685182452,128
aim_on_ties__calib_instruction,candidate,reasoning,instr_only,3,mmd_rbf,0.0029428184498101473,128
aim_on_ties__calib_instruction,candidate,reasoning,instr_only,3,projected_js,0.04025305746472441,128
aim_on_ties__calib_instruction,candidate,reasoning,instr_only,4,mmd_rbf,0.0026537359226495028,128
aim_on_ties__calib_instruction,candidate,reasoning,instr_only,4,projected_js,0.04233022146217991,128
aim_on_ties__calib_instruction,candidate,reasoning,instr_only,5,mmd_rbf,0.002430056920275092,128
aim_on_ties__calib_instruction,candidate,reasoning,instr_only,5,projected_js,0.04171529901213944,128
aim_on_ties__calib_instruction,candidate,reasoning,instr_only,6,mmd_rbf,0.0018190235132351518,128
aim_on_ties__calib_instruction,candidate,reasoning,instr_only,6,projected_js,0.042061752668814734,128
aim_on_ties__calib_instruction,candidate,reasoning,instr_only,7,mmd_rbf,0.0016857415903359652,128
aim_on_ties__calib_instruction,candidate,reasoning,instr_only,7,projected_js,0.045809574163286015,128
aim_on_ties__calib_instruction,candidate,reasoning,instr_only,8,mmd_rbf,0.0015559624880552292,128
aim_on_ties__calib_instruction,candidate,reasoning,instr_only,8,projected_js,0.048127304689842276,128
aim_on_ties__calib_instruction,candidate,reasoning,instr_only,9,mmd_rbf,0.001568062580190599,128
aim_on_ties__calib_instruction,candidate,reasoning,instr_only,9,projected_js,0.04500944912433624,128
aim_on_ties__calib_instruction,candidate,reasoning,instr_only,10,mmd_rbf,0.0016253747744485736,128
aim_on_ties__calib_instruction,candidate,reasoning,instr_only,10,projected_js,0.044194378424435854,128
aim_on_ties__calib_instruction,candidate,reasoning,instr_only,11,mmd_rbf,0.001577152288518846,128
aim_on_ties__calib_instruction,candidate,reasoning,instr_only,11,projected_js,0.04665216783178039,128
aim_on_ties__calib_instruction,candidate,reasoning,instr_only,12,mmd_rbf,0.001706817070953548,128
aim_on_ties__calib_instruction,candidate,reasoning,instr_only,12,projected_js,0.05268384647206403,128
aim_on_ties__calib_instruction,candidate,reasoning,instr_only,13,mmd_rbf,0.00184144196100533,128
aim_on_ties__calib_instruction,candidate,reasoning,instr_only,13,projected_js,0.053122937883017585,128
aim_on_ties__calib_instruction,candidate,reasoning,instr_only,14,mmd_rbf,0.0018752337200567126,128
aim_on_ties__calib_instruction,candidate,reasoning,instr_only,14,projected_js,0.05031708744354546,128
aim_on_ties__calib_instruction,candidate,reasoning,instr_only,15,mmd_rbf,0.002082042396068573,128
aim_on_ties__calib_instruction,candidate,reasoning,instr_only,15,projected_js,0.04927016323199496,128
aim_on_ties__calib_instruction,candidate,reasoning,instr_only,16,mmd_rbf,0.0023008098360151052,128
aim_on_ties__calib_instruction,candidate,reasoning,instr_only,16,projected_js,0.05368267762241885,128
aim_on_ties__calib_instruction,candidate,reasoning,instr_only,17,mmd_rbf,0.002503213705495,128
aim_on_ties__calib_instruction,candidate,reasoning,instr_only,17,projected_js,0.05368113471195102,128
aim_on_ties__calib_instruction,candidate,reasoning,instr_only,18,mmd_rbf,0.0026127423625439405,128
aim_on_ties__calib_instruction,candidate,reasoning,instr_only,18,projected_js,0.05235085744061507,128
aim_on_ties__calib_instruction,candidate,reasoning,instr_only,19,mmd_rbf,0.0029035296756774187,128
aim_on_ties__calib_instruction,candidate,reasoning,instr_only,19,projected_js,0.053031775838462636,128
aim_on_ties__calib_instruction,candidate,reasoning,instr_only,20,mmd_rbf,0.002934339689090848,128
aim_on_ties__calib_instruction,candidate,reasoning,instr_only,20,projected_js,0.05151473227306269,128
aim_on_ties__calib_instruction,candidate,reasoning,instr_only,21,mmd_rbf,0.0029727332293987274,128
aim_on_ties__calib_instruction,candidate,reasoning,instr_only,21,projected_js,0.05434623549808748,128
aim_on_ties__calib_instruction,candidate,reasoning,instr_only,22,mmd_rbf,0.0031325158197432756,128
aim_on_ties__calib_instruction,candidate,reasoning,instr_only,22,projected_js,0.05202986707445234,128
aim_on_ties__calib_instruction,candidate,reasoning,instr_only,23,mmd_rbf,0.00323803024366498,128
aim_on_ties__calib_instruction,candidate,reasoning,instr_only,23,projected_js,0.05200466900714673,128
aim_on_ties__calib_instruction,candidate,reasoning,instr_only,24,mmd_rbf,0.00331997056491673,128
aim_on_ties__calib_instruction,candidate,reasoning,instr_only,24,projected_js,0.05103385157417506,128
aim_on_ties__calib_instruction,candidate,reasoning,instr_only,25,mmd_rbf,0.003296085400506854,128
aim_on_ties__calib_instruction,candidate,reasoning,instr_only,25,projected_js,0.05201377844787203,128
aim_on_ties__calib_instruction,candidate,reasoning,instr_only,26,mmd_rbf,0.0033198625314980745,128
aim_on_ties__calib_instruction,candidate,reasoning,instr_only,26,projected_js,0.05668333187350072,128
aim_on_ties__calib_instruction,candidate,reasoning,instr_only,27,mmd_rbf,0.003358425572514534,128
aim_on_ties__calib_instruction,candidate,reasoning,instr_only,27,projected_js,0.054658928129356354,128
aim_on_ties__calib_instruction,candidate,reasoning,instr_only,28,mmd_rbf,0.003423368325456977,128
aim_on_ties__calib_instruction,candidate,reasoning,instr_only,28,projected_js,0.052488277753582224,128
aim_on_ties__calib_instruction,candidate,reasoning,instr_only,29,mmd_rbf,0.0033408128656446934,128
aim_on_ties__calib_instruction,candidate,reasoning,instr_only,29,projected_js,0.055595878686290234,128
aim_on_ties__calib_instruction,candidate,reasoning,instr_only,30,mmd_rbf,0.0033467523753643036,128
aim_on_ties__calib_instruction,candidate,reasoning,instr_only,30,projected_js,0.05291739964741282,128
aim_on_ties__calib_instruction,candidate,reasoning,instr_only,31,mmd_rbf,0.0034986434038728476,128
aim_on_ties__calib_instruction,candidate,reasoning,instr_only,31,projected_js,0.05315286119002849,128
aim_on_ties__calib_instruction,candidate,reasoning,instr_only,32,mmd_rbf,0.0037032593972980976,128
aim_on_ties__calib_instruction,candidate,reasoning,instr_only,32,projected_js,0.053818996413610876,128
aim_on_ties__calib_instruction,candidate,reasoning,instr_only,33,mmd_rbf,0.003922423347830772,128
aim_on_ties__calib_instruction,candidate,reasoning,instr_only,33,projected_js,0.05632413594867103,128
aim_on_ties__calib_instruction,candidate,reasoning,instr_only,34,mmd_rbf,0.005764762870967388,128
aim_on_ties__calib_instruction,candidate,reasoning,instr_only,34,projected_js,0.05934275028994307,128
aim_on_ties__calib_instruction,candidate,reasoning,instr_only,35,mmd_rbf,0.0368938110768795,128
aim_on_ties__calib_instruction,candidate,reasoning,instr_only,35,projected_js,0.08583164564333856,128
aim_on_ties__calib_instruction,candidate,reasoning,reasoning_only,0,mmd_rbf,0.004961186554282904,128
aim_on_ties__calib_instruction,candidate,reasoning,reasoning_only,0,projected_js,0.05146852764301002,128
aim_on_ties__calib_instruction,candidate,reasoning,reasoning_only,1,mmd_rbf,0.008133592084050179,128
aim_on_ties__calib_instruction,candidate,reasoning,reasoning_only,1,projected_js,0.05573177576297894,128
aim_on_ties__calib_instruction,candidate,reasoning,reasoning_only,2,mmd_rbf,0.014856919646263123,128
aim_on_ties__calib_instruction,candidate,reasoning,reasoning_only,2,projected_js,0.06348754299688153,128
aim_on_ties__calib_instruction,candidate,reasoning,reasoning_only,3,mmd_rbf,0.017965003848075867,128
aim_on_ties__calib_instruction,candidate,reasoning,reasoning_only,3,projected_js,0.06917864951537922,128
aim_on_ties__calib_instruction,candidate,reasoning,reasoning_only,4,mmd_rbf,0.016902972012758255,128
aim_on_ties__calib_instruction,candidate,reasoning,reasoning_only,4,projected_js,0.07311298319837078,128
aim_on_ties__calib_instruction,candidate,reasoning,reasoning_only,5,mmd_rbf,0.015944112092256546,128
aim_on_ties__calib_instruction,candidate,reasoning,reasoning_only,5,projected_js,0.06498531822580844,128
aim_on_ties__calib_instruction,candidate,reasoning,reasoning_only,6,mmd_rbf,0.01206563226878643,128
aim_on_ties__calib_instruction,candidate,reasoning,reasoning_only,6,projected_js,0.06504134761053137,128
aim_on_ties__calib_instruction,candidate,reasoning,reasoning_only,7,mmd_rbf,0.012602195143699646,128
aim_on_ties__calib_instruction,candidate,reasoning,reasoning_only,7,projected_js,0.06617558162542991,128
aim_on_ties__calib_instruction,candidate,reasoning,reasoning_only,8,mmd_rbf,0.011109346523880959,128
aim_on_ties__calib_instruction,candidate,reasoning,reasoning_only,8,projected_js,0.06647212168900296,128
aim_on_ties__calib_instruction,candidate,reasoning,reasoning_only,9,mmd_rbf,0.01136979553848505,128
aim_on_ties__calib_instruction,candidate,reasoning,reasoning_only,9,projected_js,0.06574826981523074,128
aim_on_ties__calib_instruction,candidate,reasoning,reasoning_only,10,mmd_rbf,0.012404120527207851,128
aim_on_ties__calib_instruction,candidate,reasoning,reasoning_only,10,projected_js,0.06652480474440381,128
aim_on_ties__calib_instruction,candidate,reasoning,reasoning_only,11,mmd_rbf,0.011683165095746517,128
aim_on_ties__calib_instruction,candidate,reasoning,reasoning_only,11,projected_js,0.06536729008075781,128
aim_on_ties__calib_instruction,candidate,reasoning,reasoning_only,12,mmd_rbf,0.011784705333411694,128
aim_on_ties__calib_instruction,candidate,reasoning,reasoning_only,12,projected_js,0.06501224177191034,128
aim_on_ties__calib_instruction,candidate,reasoning,reasoning_only,13,mmd_rbf,0.012152683921158314,128
aim_on_ties__calib_instruction,candidate,reasoning,reasoning_only,13,projected_js,0.06924042309401557,128
aim_on_ties__calib_instruction,candidate,reasoning,reasoning_only,14,mmd_rbf,0.012044734321534634,128
aim_on_ties__calib_instruction,candidate,reasoning,reasoning_only,14,projected_js,0.06372999929590151,128
aim_on_ties__calib_instruction,candidate,reasoning,reasoning_only,15,mmd_rbf,0.013057658448815346,128
aim_on_ties__calib_instruction,candidate,reasoning,reasoning_only,15,projected_js,0.06514462048653513,128
aim_on_ties__calib_instruction,candidate,reasoning,reasoning_only,16,mmd_rbf,0.013646912761032581,128
aim_on_ties__calib_instruction,candidate,reasoning,reasoning_only,16,projected_js,0.06691541016334668,128
aim_on_ties__calib_instruction,candidate,reasoning,reasoning_only,17,mmd_rbf,0.013313806615769863,128
aim_on_ties__calib_instruction,candidate,reasoning,reasoning_only,17,projected_js,0.06695884215878323,128
aim_on_ties__calib_instruction,candidate,reasoning,reasoning_only,18,mmd_rbf,0.015169148333370686,128
aim_on_ties__calib_instruction,candidate,reasoning,reasoning_only,18,projected_js,0.06898680282756686,128
aim_on_ties__calib_instruction,candidate,reasoning,reasoning_only,19,mmd_rbf,0.014399691484868526,128
aim_on_ties__calib_instruction,candidate,reasoning,reasoning_only,19,projected_js,0.06697561257169582,128
aim_on_ties__calib_instruction,candidate,reasoning,reasoning_only,20,mmd_rbf,0.013725182972848415,128
aim_on_ties__calib_instruction,candidate,reasoning,reasoning_only,20,projected_js,0.07024709944380447,128
aim_on_ties__calib_instruction,candidate,reasoning,reasoning_only,21,mmd_rbf,0.01408954244107008,128
aim_on_ties__calib_instruction,candidate,reasoning,reasoning_only,21,projected_js,0.06902585213538259,128
aim_on_ties__calib_instruction,candidate,reasoning,reasoning_only,22,mmd_rbf,0.012055031023919582,128
aim_on_ties__calib_instruction,candidate,reasoning,reasoning_only,22,projected_js,0.06559918058337644,128
aim_on_ties__calib_instruction,candidate,reasoning,reasoning_only,23,mmd_rbf,0.009866820648312569,128
aim_on_ties__calib_instruction,candidate,reasoning,reasoning_only,23,projected_js,0.06417127890745178,128
aim_on_ties__calib_instruction,candidate,reasoning,reasoning_only,24,mmd_rbf,0.009262969717383385,128
aim_on_ties__calib_instruction,candidate,reasoning,reasoning_only,24,projected_js,0.06232560385251418,128
aim_on_ties__calib_instruction,candidate,reasoning,reasoning_only,25,mmd_rbf,0.008082433603703976,128
aim_on_ties__calib_instruction,candidate,reasoning,reasoning_only,25,projected_js,0.06278497353196144,128
aim_on_ties__calib_instruction,candidate,reasoning,reasoning_only,26,mmd_rbf,0.007518357131630182,128
aim_on_ties__calib_instruction,candidate,reasoning,reasoning_only,26,projected_js,0.06281600496731699,128
aim_on_ties__calib_instruction,candidate,reasoning,reasoning_only,27,mmd_rbf,0.007296427618712187,128
aim_on_ties__calib_instruction,candidate,reasoning,reasoning_only,27,projected_js,0.06279901607194915,128
aim_on_ties__calib_instruction,candidate,reasoning,reasoning_only,28,mmd_rbf,0.007426889147609472,128
aim_on_ties__calib_instruction,candidate,reasoning,reasoning_only,28,projected_js,0.061531331011792645,128
aim_on_ties__calib_instruction,candidate,reasoning,reasoning_only,29,mmd_rbf,0.007325207348912954,128
aim_on_ties__calib_instruction,candidate,reasoning,reasoning_only,29,projected_js,0.06559287494746968,128
aim_on_ties__calib_instruction,candidate,reasoning,reasoning_only,30,mmd_rbf,0.007543915417045355,128
aim_on_ties__calib_instruction,candidate,reasoning,reasoning_only,30,projected_js,0.06291722450987436,128
aim_on_ties__calib_instruction,candidate,reasoning,reasoning_only,31,mmd_rbf,0.0077447728253901005,128
aim_on_ties__calib_instruction,candidate,reasoning,reasoning_only,31,projected_js,0.062828911235556,128
aim_on_ties__calib_instruction,candidate,reasoning,reasoning_only,32,mmd_rbf,0.00786073599010706,128
aim_on_ties__calib_instruction,candidate,reasoning,reasoning_only,32,projected_js,0.06487355305580422,128
aim_on_ties__calib_instruction,candidate,reasoning,reasoning_only,33,mmd_rbf,0.008031624369323254,128
aim_on_ties__calib_instruction,candidate,reasoning,reasoning_only,33,projected_js,0.06243672186974436,128
aim_on_ties__calib_instruction,candidate,reasoning,reasoning_only,34,mmd_rbf,0.008480958640575409,128
aim_on_ties__calib_instruction,candidate,reasoning,reasoning_only,34,projected_js,0.06279814732261002,128
aim_on_ties__calib_instruction,candidate,reasoning,reasoning_only,35,mmd_rbf,0.02252129092812538,128
aim_on_ties__calib_instruction,candidate,reasoning,reasoning_only,35,projected_js,0.07441534020472318,128
aim_on_ties__calib_instruction,candidate,reasoning,uncensored_only,0,mmd_rbf,0.0027229308616369963,128
aim_on_ties__calib_instruction,candidate,reasoning,uncensored_only,0,projected_js,0.03708031284622848,128
aim_on_ties__calib_instruction,candidate,reasoning,uncensored_only,1,mmd_rbf,0.07842884212732315,128
aim_on_ties__calib_instruction,candidate,reasoning,uncensored_only,1,projected_js,0.11521443113451824,128
aim_on_ties__calib_instruction,candidate,reasoning,uncensored_only,2,mmd_rbf,0.07253291457891464,128
aim_on_ties__calib_instruction,candidate,reasoning,uncensored_only,2,projected_js,0.10335007915273309,128
aim_on_ties__calib_instruction,candidate,reasoning,uncensored_only,3,mmd_rbf,0.054978933185338974,128
aim_on_ties__calib_instruction,candidate,reasoning,uncensored_only,3,projected_js,0.09436970617389306,128
aim_on_ties__calib_instruction,candidate,reasoning,uncensored_only,4,mmd_rbf,0.03761425241827965,128
aim_on_ties__calib_instruction,candidate,reasoning,uncensored_only,4,projected_js,0.08923425036482513,128
aim_on_ties__calib_instruction,candidate,reasoning,uncensored_only,5,mmd_rbf,0.0243059229105711,128
aim_on_ties__calib_instruction,candidate,reasoning,uncensored_only,5,projected_js,0.07928345131222159,128
aim_on_ties__calib_instruction,candidate,reasoning,uncensored_only,6,mmd_rbf,0.014895808883011341,128
aim_on_ties__calib_instruction,candidate,reasoning,uncensored_only,6,projected_js,0.06947061244864017,128
aim_on_ties__calib_instruction,candidate,reasoning,uncensored_only,7,mmd_rbf,0.013129264116287231,128
aim_on_ties__calib_instruction,candidate,reasoning,uncensored_only,7,projected_js,0.06697144045028836,128
aim_on_ties__calib_instruction,candidate,reasoning,uncensored_only,8,mmd_rbf,0.010150587186217308,128
aim_on_ties__calib_instruction,candidate,reasoning,uncensored_only,8,projected_js,0.06035634147701785,128
aim_on_ties__calib_instruction,candidate,reasoning,uncensored_only,9,mmd_rbf,0.008759947493672371,128
aim_on_ties__calib_instruction,candidate,reasoning,uncensored_only,9,projected_js,0.06089214573148638,128
aim_on_ties__calib_instruction,candidate,reasoning,uncensored_only,10,mmd_rbf,0.007879517041146755,128
aim_on_ties__calib_instruction,candidate,reasoning,uncensored_only,10,projected_js,0.05825198593083769,128
aim_on_ties__calib_instruction,candidate,reasoning,uncensored_only,11,mmd_rbf,0.006861083209514618,128
aim_on_ties__calib_instruction,candidate,reasoning,uncensored_only,11,projected_js,0.06070687796454877,128
aim_on_ties__calib_instruction,candidate,reasoning,uncensored_only,12,mmd_rbf,0.006851024925708771,128
aim_on_ties__calib_instruction,candidate,reasoning,uncensored_only,12,projected_js,0.0610378103738185,128
aim_on_ties__calib_instruction,candidate,reasoning,uncensored_only,13,mmd_rbf,0.007094501983374357,128
aim_on_ties__calib_instruction,candidate,reasoning,uncensored_only,13,projected_js,0.06416373106185347,128
aim_on_ties__calib_instruction,candidate,reasoning,uncensored_only,14,mmd_rbf,0.007497122976928949,128
aim_on_ties__calib_instruction,candidate,reasoning,uncensored_only,14,projected_js,0.06059185863705352,128
aim_on_ties__calib_instruction,candidate,reasoning,uncensored_only,15,mmd_rbf,0.009077787399291992,128
aim_on_ties__calib_instruction,candidate,reasoning,uncensored_only,15,projected_js,0.06287177425110713,128
aim_on_ties__calib_instruction,candidate,reasoning,uncensored_only,16,mmd_rbf,0.009896456263959408,128
aim_on_ties__calib_instruction,candidate,reasoning,uncensored_only,16,projected_js,0.059285543218720704,128
aim_on_ties__calib_instruction,candidate,reasoning,uncensored_only,17,mmd_rbf,0.00974575150758028,128
aim_on_ties__calib_instruction,candidate,reasoning,uncensored_only,17,projected_js,0.05969594692578539,128
aim_on_ties__calib_instruction,candidate,reasoning,uncensored_only,18,mmd_rbf,0.009665575809776783,128
aim_on_ties__calib_instruction,candidate,reasoning,uncensored_only,18,projected_js,0.0633060963882599,128
aim_on_ties__calib_instruction,candidate,reasoning,uncensored_only,19,mmd_rbf,0.009822741150856018,128
aim_on_ties__calib_instruction,candidate,reasoning,uncensored_only,19,projected_js,0.06038509411155246,128
aim_on_ties__calib_instruction,candidate,reasoning,uncensored_only,20,mmd_rbf,0.010067053139209747,128
aim_on_ties__calib_instruction,candidate,reasoning,uncensored_only,20,projected_js,0.06507028822670691,128
aim_on_ties__calib_instruction,candidate,reasoning,uncensored_only,21,mmd_rbf,0.010728818364441395,128
aim_on_ties__calib_instruction,candidate,reasoning,uncensored_only,21,projected_js,0.06414803344523534,128
aim_on_ties__calib_instruction,candidate,reasoning,uncensored_only,22,mmd_rbf,0.011219168081879616,128
aim_on_ties__calib_instruction,candidate,reasoning,uncensored_only,22,projected_js,0.06239692913368344,128
aim_on_ties__calib_instruction,candidate,reasoning,uncensored_only,23,mmd_rbf,0.011076758615672588,128
aim_on_ties__calib_instruction,candidate,reasoning,uncensored_only,23,projected_js,0.06530635477975011,128
aim_on_ties__calib_instruction,candidate,reasoning,uncensored_only,24,mmd_rbf,0.010976042598485947,128
aim_on_ties__calib_instruction,candidate,reasoning,uncensored_only,24,projected_js,0.06469384260708466,128
aim_on_ties__calib_instruction,candidate,reasoning,uncensored_only,25,mmd_rbf,0.011055180802941322,128
aim_on_ties__calib_instruction,candidate,reasoning,uncensored_only,25,projected_js,0.06660351558821276,128
aim_on_ties__calib_instruction,candidate,reasoning,uncensored_only,26,mmd_rbf,0.011042187921702862,128
aim_on_ties__calib_instruction,candidate,reasoning,uncensored_only,26,projected_js,0.06701770168729126,128
aim_on_ties__calib_instruction,candidate,reasoning,uncensored_only,27,mmd_rbf,0.011193261481821537,128
aim_on_ties__calib_instruction,candidate,reasoning,uncensored_only,27,projected_js,0.06665456655900925,128
aim_on_ties__calib_instruction,candidate,reasoning,uncensored_only,28,mmd_rbf,0.010798894800245762,128
aim_on_ties__calib_instruction,candidate,reasoning,uncensored_only,28,projected_js,0.0621716539026238,128
aim_on_ties__calib_instruction,candidate,reasoning,uncensored_only,29,mmd_rbf,0.01086166501045227,128
aim_on_ties__calib_instruction,candidate,reasoning,uncensored_only,29,projected_js,0.06478573224740103,128
aim_on_ties__calib_instruction,candidate,reasoning,uncensored_only,30,mmd_rbf,0.011105057783424854,128
aim_on_ties__calib_instruction,candidate,reasoning,uncensored_only,30,projected_js,0.06333246524445713,128
aim_on_ties__calib_instruction,candidate,reasoning,uncensored_only,31,mmd_rbf,0.010973184369504452,128
aim_on_ties__calib_instruction,candidate,reasoning,uncensored_only,31,projected_js,0.06249181414023042,128
aim_on_ties__calib_instruction,candidate,reasoning,uncensored_only,32,mmd_rbf,0.011300772428512573,128
aim_on_ties__calib_instruction,candidate,reasoning,uncensored_only,32,projected_js,0.06353535741800442,128
aim_on_ties__calib_instruction,candidate,reasoning,uncensored_only,33,mmd_rbf,0.011597434990108013,128
aim_on_ties__calib_instruction,candidate,reasoning,uncensored_only,33,projected_js,0.0641919054905884,128
aim_on_ties__calib_instruction,candidate,reasoning,uncensored_only,34,mmd_rbf,0.013135301880538464,128
aim_on_ties__calib_instruction,candidate,reasoning,uncensored_only,34,projected_js,0.06629882386187091,128
aim_on_ties__calib_instruction,candidate,reasoning,uncensored_only,35,mmd_rbf,0.044156625866889954,128
aim_on_ties__calib_instruction,candidate,reasoning,uncensored_only,35,projected_js,0.09028132527600974,128
aim_on_ties__calib_instruction,candidate,uncensored_refusal_like,base,0,mmd_rbf,0.006338894367218018,128
aim_on_ties__calib_instruction,candidate,uncensored_refusal_like,base,0,projected_js,0.046690456016222015,128
aim_on_ties__calib_instruction,candidate,uncensored_refusal_like,base,1,mmd_rbf,0.011212932877242565,128
aim_on_ties__calib_instruction,candidate,uncensored_refusal_like,base,1,projected_js,0.06019048561574891,128
aim_on_ties__calib_instruction,candidate,uncensored_refusal_like,base,2,mmd_rbf,0.012751221656799316,128
aim_on_ties__calib_instruction,candidate,uncensored_refusal_like,base,2,projected_js,0.059448265354149044,128
aim_on_ties__calib_instruction,candidate,uncensored_refusal_like,base,3,mmd_rbf,0.021415753290057182,128
aim_on_ties__calib_instruction,candidate,uncensored_refusal_like,base,3,projected_js,0.07615436165360734,128
aim_on_ties__calib_instruction,candidate,uncensored_refusal_like,base,4,mmd_rbf,0.02083461545407772,128
aim_on_ties__calib_instruction,candidate,uncensored_refusal_like,base,4,projected_js,0.07533260417403653,128
aim_on_ties__calib_instruction,candidate,uncensored_refusal_like,base,5,mmd_rbf,0.021517183631658554,128
aim_on_ties__calib_instruction,candidate,uncensored_refusal_like,base,5,projected_js,0.07105202352977358,128
aim_on_ties__calib_instruction,candidate,uncensored_refusal_like,base,6,mmd_rbf,0.01867554895579815,128
aim_on_ties__calib_instruction,candidate,uncensored_refusal_like,base,6,projected_js,0.07061214401619509,128
aim_on_ties__calib_instruction,candidate,uncensored_refusal_like,base,7,mmd_rbf,0.01675933226943016,128
aim_on_ties__calib_instruction,candidate,uncensored_refusal_like,base,7,projected_js,0.06563150987494737,128
aim_on_ties__calib_instruction,candidate,uncensored_refusal_like,base,8,mmd_rbf,0.015012851916253567,128
aim_on_ties__calib_instruction,candidate,uncensored_refusal_like,base,8,projected_js,0.07183822576189414,128
aim_on_ties__calib_instruction,candidate,uncensored_refusal_like,base,9,mmd_rbf,0.01722009666264057,128
aim_on_ties__calib_instruction,candidate,uncensored_refusal_like,base,9,projected_js,0.07124396666768007,128
aim_on_ties__calib_instruction,candidate,uncensored_refusal_like,base,10,mmd_rbf,0.018574785441160202,128
aim_on_ties__calib_instruction,candidate,uncensored_refusal_like,base,10,projected_js,0.07361900230171159,128
aim_on_ties__calib_instruction,candidate,uncensored_refusal_like,base,11,mmd_rbf,0.020603789016604424,128
aim_on_ties__calib_instruction,candidate,uncensored_refusal_like,base,11,projected_js,0.07505619735457003,128
aim_on_ties__calib_instruction,candidate,uncensored_refusal_like,base,12,mmd_rbf,0.023608969524502754,128
aim_on_ties__calib_instruction,candidate,uncensored_refusal_like,base,12,projected_js,0.07462675051647238,128
aim_on_ties__calib_instruction,candidate,uncensored_refusal_like,base,13,mmd_rbf,0.027071068063378334,128
aim_on_ties__calib_instruction,candidate,uncensored_refusal_like,base,13,projected_js,0.08239899773616344,128
aim_on_ties__calib_instruction,candidate,uncensored_refusal_like,base,14,mmd_rbf,0.029119977727532387,128
aim_on_ties__calib_instruction,candidate,uncensored_refusal_like,base,14,projected_js,0.08025002054637298,128
aim_on_ties__calib_instruction,candidate,uncensored_refusal_like,base,15,mmd_rbf,0.03091171756386757,128
aim_on_ties__calib_instruction,candidate,uncensored_refusal_like,base,15,projected_js,0.07669120185892098,128
aim_on_ties__calib_instruction,candidate,uncensored_refusal_like,base,16,mmd_rbf,0.031361181288957596,128
aim_on_ties__calib_instruction,candidate,uncensored_refusal_like,base,16,projected_js,0.07831738656386733,128
aim_on_ties__calib_instruction,candidate,uncensored_refusal_like,base,17,mmd_rbf,0.0318421795964241,128
aim_on_ties__calib_instruction,candidate,uncensored_refusal_like,base,17,projected_js,0.07908519799821079,128
aim_on_ties__calib_instruction,candidate,uncensored_refusal_like,base,18,mmd_rbf,0.03279350325465202,128
aim_on_ties__calib_instruction,candidate,uncensored_refusal_like,base,18,projected_js,0.08037644735304639,128
aim_on_ties__calib_instruction,candidate,uncensored_refusal_like,base,19,mmd_rbf,0.03226301074028015,128
aim_on_ties__calib_instruction,candidate,uncensored_refusal_like,base,19,projected_js,0.08001356688328087,128
aim_on_ties__calib_instruction,candidate,uncensored_refusal_like,base,20,mmd_rbf,0.03760286793112755,128
aim_on_ties__calib_instruction,candidate,uncensored_refusal_like,base,20,projected_js,0.08183386968448758,128
aim_on_ties__calib_instruction,candidate,uncensored_refusal_like,base,21,mmd_rbf,0.03981652855873108,128
aim_on_ties__calib_instruction,candidate,uncensored_refusal_like,base,21,projected_js,0.08276963047683239,128
aim_on_ties__calib_instruction,candidate,uncensored_refusal_like,base,22,mmd_rbf,0.04151212051510811,128
aim_on_ties__calib_instruction,candidate,uncensored_refusal_like,base,22,projected_js,0.0871026833774522,128
aim_on_ties__calib_instruction,candidate,uncensored_refusal_like,base,23,mmd_rbf,0.04089188203215599,128
aim_on_ties__calib_instruction,candidate,uncensored_refusal_like,base,23,projected_js,0.0888673618901521,128
aim_on_ties__calib_instruction,candidate,uncensored_refusal_like,base,24,mmd_rbf,0.039551183581352234,128
aim_on_ties__calib_instruction,candidate,uncensored_refusal_like,base,24,projected_js,0.09363024996127933,128
aim_on_ties__calib_instruction,candidate,uncensored_refusal_like,base,25,mmd_rbf,0.03871271014213562,128
aim_on_ties__calib_instruction,candidate,uncensored_refusal_like,base,25,projected_js,0.08728739753132686,128
aim_on_ties__calib_instruction,candidate,uncensored_refusal_like,base,26,mmd_rbf,0.03880424052476883,128
aim_on_ties__calib_instruction,candidate,uncensored_refusal_like,base,26,projected_js,0.09141445090062916,128
aim_on_ties__calib_instruction,candidate,uncensored_refusal_like,base,27,mmd_rbf,0.039203763008117676,128
aim_on_ties__calib_instruction,candidate,uncensored_refusal_like,base,27,projected_js,0.09463324747048318,128
aim_on_ties__calib_instruction,candidate,uncensored_refusal_like,base,28,mmd_rbf,0.0380055196583271,128
aim_on_ties__calib_instruction,candidate,uncensored_refusal_like,base,28,projected_js,0.09354134136810899,128
aim_on_ties__calib_instruction,candidate,uncensored_refusal_like,base,29,mmd_rbf,0.03552410379052162,128
aim_on_ties__calib_instruction,candidate,uncensored_refusal_like,base,29,projected_js,0.08997265802463517,128
aim_on_ties__calib_instruction,candidate,uncensored_refusal_like,base,30,mmd_rbf,0.035621728748083115,128
aim_on_ties__calib_instruction,candidate,uncensored_refusal_like,base,30,projected_js,0.09362111514201388,128
aim_on_ties__calib_instruction,candidate,uncensored_refusal_like,base,31,mmd_rbf,0.03501966595649719,128
aim_on_ties__calib_instruction,candidate,uncensored_refusal_like,base,31,projected_js,0.0855206023552455,128
aim_on_ties__calib_instruction,candidate,uncensored_refusal_like,base,32,mmd_rbf,0.035098083317279816,128
aim_on_ties__calib_instruction,candidate,uncensored_refusal_like,base,32,projected_js,0.08727034990442917,128
aim_on_ties__calib_instruction,candidate,uncensored_refusal_like,base,33,mmd_rbf,0.0337931290268898,128
aim_on_ties__calib_instruction,candidate,uncensored_refusal_like,base,33,projected_js,0.0890990988118574,128
aim_on_ties__calib_instruction,candidate,uncensored_refusal_like,base,34,mmd_rbf,0.04358444735407829,128
aim_on_ties__calib_instruction,candidate,uncensored_refusal_like,base,34,projected_js,0.09446855430724099,128
aim_on_ties__calib_instruction,candidate,uncensored_refusal_like,base,35,mmd_rbf,0.09582903981208801,128
aim_on_ties__calib_instruction,candidate,uncensored_refusal_like,base,35,projected_js,0.14610907231690362,128
aim_on_ties__calib_instruction,candidate,uncensored_refusal_like,instr_only,0,mmd_rbf,0.0049270871095359325,128
aim_on_ties__calib_instruction,candidate,uncensored_refusal_like,instr_only,0,projected_js,0.04685062437783927,128
aim_on_ties__calib_instruction,candidate,uncensored_refusal_like,instr_only,1,mmd_rbf,0.008311268873512745,128
aim_on_ties__calib_instruction,candidate,uncensored_refusal_like,instr_only,1,projected_js,0.053206003591185436,128
aim_on_ties__calib_instruction,candidate,uncensored_refusal_like,instr_only,2,mmd_rbf,0.010305735282599926,128
aim_on_ties__calib_instruction,candidate,uncensored_refusal_like,instr_only,2,projected_js,0.05785043811192736,128
aim_on_ties__calib_instruction,candidate,uncensored_refusal_like,instr_only,3,mmd_rbf,0.012823501601815224,128
aim_on_ties__calib_instruction,candidate,uncensored_refusal_like,instr_only,3,projected_js,0.06002560266642831,128
aim_on_ties__calib_instruction,candidate,uncensored_refusal_like,instr_only,4,mmd_rbf,0.013674340210855007,128
aim_on_ties__calib_instruction,candidate,uncensored_refusal_like,instr_only,4,projected_js,0.06331242708256468,128
aim_on_ties__calib_instruction,candidate,uncensored_refusal_like,instr_only,5,mmd_rbf,0.013839117251336575,128
aim_on_ties__calib_instruction,candidate,uncensored_refusal_like,instr_only,5,projected_js,0.05870922458416317,128
aim_on_ties__calib_instruction,candidate,uncensored_refusal_like,instr_only,6,mmd_rbf,0.011208824813365936,128
aim_on_ties__calib_instruction,candidate,uncensored_refusal_like,instr_only,6,projected_js,0.05937564026680775,128
aim_on_ties__calib_instruction,candidate,uncensored_refusal_like,instr_only,7,mmd_rbf,0.009396021254360676,128
aim_on_ties__calib_instruction,candidate,uncensored_refusal_like,instr_only,7,projected_js,0.05887464783154428,128
aim_on_ties__calib_instruction,candidate,uncensored_refusal_like,instr_only,8,mmd_rbf,0.00803584884852171,128
aim_on_ties__calib_instruction,candidate,uncensored_refusal_like,instr_only,8,projected_js,0.060582300648093224,128
aim_on_ties__calib_instruction,candidate,uncensored_refusal_like,instr_only,9,mmd_rbf,0.008054462261497974,128
aim_on_ties__calib_instruction,candidate,uncensored_refusal_like,instr_only,9,projected_js,0.06273676524870098,128
aim_on_ties__calib_instruction,candidate,uncensored_refusal_like,instr_only,10,mmd_rbf,0.008619043044745922,128
aim_on_ties__calib_instruction,candidate,uncensored_refusal_like,instr_only,10,projected_js,0.06532469185185619,128
aim_on_ties__calib_instruction,candidate,uncensored_refusal_like,instr_only,11,mmd_rbf,0.008447310887277126,128
aim_on_ties__calib_instruction,candidate,uncensored_refusal_like,instr_only,11,projected_js,0.0621737553155981,128
aim_on_ties__calib_instruction,candidate,uncensored_refusal_like,instr_only,12,mmd_rbf,0.00899585336446762,128
aim_on_ties__calib_instruction,candidate,uncensored_refusal_like,instr_only,12,projected_js,0.06465576123446226,128
aim_on_ties__calib_instruction,candidate,uncensored_refusal_like,instr_only,13,mmd_rbf,0.009211353026330471,128
aim_on_ties__calib_instruction,candidate,uncensored_refusal_like,instr_only,13,projected_js,0.0632781725435052,128
aim_on_ties__calib_instruction,candidate,uncensored_refusal_like,instr_only,14,mmd_rbf,0.008942142128944397,128
aim_on_ties__calib_instruction,candidate,uncensored_refusal_like,instr_only,14,projected_js,0.06517707445891574,128
aim_on_ties__calib_instruction,candidate,uncensored_refusal_like,instr_only,15,mmd_rbf,0.009267814457416534,128
aim_on_ties__calib_instruction,candidate,uncensored_refusal_like,instr_only,15,projected_js,0.06618784740567207,128
aim_on_ties__calib_instruction,candidate,uncensored_refusal_like,instr_only,16,mmd_rbf,0.009990065358579159,128
aim_on_ties__calib_instruction,candidate,uncensored_refusal_like,instr_only,16,projected_js,0.06706996710272506,128
aim_on_ties__calib_instruction,candidate,uncensored_refusal_like,instr_only,17,mmd_rbf,0.011360112577676773,128
aim_on_ties__calib_instruction,candidate,uncensored_refusal_like,instr_only,17,projected_js,0.0642349875997752,128
aim_on_ties__calib_instruction,candidate,uncensored_refusal_like,instr_only,18,mmd_rbf,0.012643414549529552,128
aim_on_ties__calib_instruction,candidate,uncensored_refusal_like,instr_only,18,projected_js,0.06873992169857956,128
aim_on_ties__calib_instruction,candidate,uncensored_refusal_like,instr_only,19,mmd_rbf,0.014416798949241638,128
aim_on_ties__calib_instruction,candidate,uncensored_refusal_like,instr_only,19,projected_js,0.06927744136191905,128
aim_on_ties__calib_instruction,candidate,uncensored_refusal_like,instr_only,20,mmd_rbf,0.016399091109633446,128
aim_on_ties__calib_instruction,candidate,uncensored_refusal_like,instr_only,20,projected_js,0.07094661623705178,128
aim_on_ties__calib_instruction,candidate,uncensored_refusal_like,instr_only,21,mmd_rbf,0.019579783082008362,128
aim_on_ties__calib_instruction,candidate,uncensored_refusal_like,instr_only,21,projected_js,0.07261623215163127,128
aim_on_ties__calib_instruction,candidate,uncensored_refusal_like,instr_only,22,mmd_rbf,0.021374618634581566,128
aim_on_ties__calib_instruction,candidate,uncensored_refusal_like,instr_only,22,projected_js,0.07431185431778431,128
aim_on_ties__calib_instruction,candidate,uncensored_refusal_like,instr_only,23,mmd_rbf,0.02206895686686039,128
aim_on_ties__calib_instruction,candidate,uncensored_refusal_like,instr_only,23,projected_js,0.07500578614417464,128
aim_on_ties__calib_instruction,candidate,uncensored_refusal_like,instr_only,24,mmd_rbf,0.022693941369652748,128
aim_on_ties__calib_instruction,candidate,uncensored_refusal_like,instr_only,24,projected_js,0.07618551317136735,128
aim_on_ties__calib_instruction,candidate,uncensored_refusal_like,instr_only,25,mmd_rbf,0.02417168579995632,128
aim_on_ties__calib_instruction,candidate,uncensored_refusal_like,instr_only,25,projected_js,0.0755737847648561,128
aim_on_ties__calib_instruction,candidate,uncensored_refusal_like,instr_only,26,mmd_rbf,0.02449907176196575,128
aim_on_ties__calib_instruction,candidate,uncensored_refusal_like,instr_only,26,projected_js,0.07967871212167665,128
aim_on_ties__calib_instruction,candidate,uncensored_refusal_like,instr_only,27,mmd_rbf,0.024070948362350464,128
aim_on_ties__calib_instruction,candidate,uncensored_refusal_like,instr_only,27,projected_js,0.07554754108423367,128
aim_on_ties__calib_instruction,candidate,uncensored_refusal_like,instr_only,28,mmd_rbf,0.02355462685227394,128
aim_on_ties__calib_instruction,candidate,uncensored_refusal_like,instr_only,28,projected_js,0.08039209124399349,128
aim_on_ties__calib_instruction,candidate,uncensored_refusal_like,instr_only,29,mmd_rbf,0.02231142297387123,128
aim_on_ties__calib_instruction,candidate,uncensored_refusal_like,instr_only,29,projected_js,0.07941120822215453,128
aim_on_ties__calib_instruction,candidate,uncensored_refusal_like,instr_only,30,mmd_rbf,0.022067371755838394,128
aim_on_ties__calib_instruction,candidate,uncensored_refusal_like,instr_only,30,projected_js,0.08061848755460232,128
aim_on_ties__calib_instruction,candidate,uncensored_refusal_like,instr_only,31,mmd_rbf,0.02150135114789009,128
aim_on_ties__calib_instruction,candidate,uncensored_refusal_like,instr_only,31,projected_js,0.07949482183903456,128
aim_on_ties__calib_instruction,candidate,uncensored_refusal_like,instr_only,32,mmd_rbf,0.02221497893333435,128
aim_on_ties__calib_instruction,candidate,uncensored_refusal_like,instr_only,32,projected_js,0.07873800216475502,128
aim_on_ties__calib_instruction,candidate,uncensored_refusal_like,instr_only,33,mmd_rbf,0.02198508381843567,128
aim_on_ties__calib_instruction,candidate,uncensored_refusal_like,instr_only,33,projected_js,0.07781838241498917,128
aim_on_ties__calib_instruction,candidate,uncensored_refusal_like,instr_only,34,mmd_rbf,0.02732686698436737,128
aim_on_ties__calib_instruction,candidate,uncensored_refusal_like,instr_only,34,projected_js,0.08952549885725603,128
aim_on_ties__calib_instruction,candidate,uncensored_refusal_like,instr_only,35,mmd_rbf,0.11735907942056656,128
aim_on_ties__calib_instruction,candidate,uncensored_refusal_like,instr_only,35,projected_js,0.1614332442986779,128
aim_on_ties__calib_instruction,candidate,uncensored_refusal_like,reasoning_only,0,mmd_rbf,0.025646895170211792,128
aim_on_ties__calib_instruction,candidate,uncensored_refusal_like,reasoning_only,0,projected_js,0.09609806869411841,128
aim_on_ties__calib_instruction,candidate,uncensored_refusal_like,reasoning_only,1,mmd_rbf,0.03206738829612732,128
aim_on_ties__calib_instruction,candidate,uncensored_refusal_like,reasoning_only,1,projected_js,0.08841757889604196,128
aim_on_ties__calib_instruction,candidate,uncensored_refusal_like,reasoning_only,2,mmd_rbf,0.044270046055316925,128
aim_on_ties__calib_instruction,candidate,uncensored_refusal_like,reasoning_only,2,projected_js,0.09360428235959262,128
aim_on_ties__calib_instruction,candidate,uncensored_refusal_like,reasoning_only,3,mmd_rbf,0.05250813439488411,128
aim_on_ties__calib_instruction,candidate,uncensored_refusal_like,reasoning_only,3,projected_js,0.10944665793795139,128
aim_on_ties__calib_instruction,candidate,uncensored_refusal_like,reasoning_only,4,mmd_rbf,0.055439580231904984,128
aim_on_ties__calib_instruction,candidate,uncensored_refusal_like,reasoning_only,4,projected_js,0.12105126754613593,128
aim_on_ties__calib_instruction,candidate,uncensored_refusal_like,reasoning_only,5,mmd_rbf,0.06212688609957695,128
aim_on_ties__calib_instruction,candidate,uncensored_refusal_like,reasoning_only,5,projected_js,0.13197484944248572,128
aim_on_ties__calib_instruction,candidate,uncensored_refusal_like,reasoning_only,6,mmd_rbf,0.04796535521745682,128
aim_on_ties__calib_instruction,candidate,uncensored_refusal_like,reasoning_only,6,projected_js,0.10864188353298232,128
aim_on_ties__calib_instruction,candidate,uncensored_refusal_like,reasoning_only,7,mmd_rbf,0.043760381639003754,128
aim_on_ties__calib_instruction,candidate,uncensored_refusal_like,reasoning_only,7,projected_js,0.10708581312792376,128
aim_on_ties__calib_instruction,candidate,uncensored_refusal_like,reasoning_only,8,mmd_rbf,0.034474678337574005,128
aim_on_ties__calib_instruction,candidate,uncensored_refusal_like,reasoning_only,8,projected_js,0.09789736405946314,128
aim_on_ties__calib_instruction,candidate,uncensored_refusal_like,reasoning_only,9,mmd_rbf,0.0335087887942791,128
aim_on_ties__calib_instruction,candidate,uncensored_refusal_like,reasoning_only,9,projected_js,0.09666922118049115,128
aim_on_ties__calib_instruction,candidate,uncensored_refusal_like,reasoning_only,10,mmd_rbf,0.03495510667562485,128
aim_on_ties__calib_instruction,candidate,uncensored_refusal_like,reasoning_only,10,projected_js,0.09946713119279593,128
aim_on_ties__calib_instruction,candidate,uncensored_refusal_like,reasoning_only,11,mmd_rbf,0.03418956324458122,128
aim_on_ties__calib_instruction,candidate,uncensored_refusal_like,reasoning_only,11,projected_js,0.09222172788577154,128
aim_on_ties__calib_instruction,candidate,uncensored_refusal_like,reasoning_only,12,mmd_rbf,0.0379558801651001,128
aim_on_ties__calib_instruction,candidate,uncensored_refusal_like,reasoning_only,12,projected_js,0.09461459191516042,128
aim_on_ties__calib_instruction,candidate,uncensored_refusal_like,reasoning_only,13,mmd_rbf,0.040458548814058304,128
aim_on_ties__calib_instruction,candidate,uncensored_refusal_like,reasoning_only,13,projected_js,0.09748291899450123,128
aim_on_ties__calib_instruction,candidate,uncensored_refusal_like,reasoning_only,14,mmd_rbf,0.03946835175156593,128
aim_on_ties__calib_instruction,candidate,uncensored_refusal_like,reasoning_only,14,projected_js,0.09148128854576498,128
aim_on_ties__calib_instruction,candidate,uncensored_refusal_like,reasoning_only,15,mmd_rbf,0.040614452213048935,128
aim_on_ties__calib_instruction,candidate,uncensored_refusal_like,reasoning_only,15,projected_js,0.0927477942313999,128
aim_on_ties__calib_instruction,candidate,uncensored_refusal_like,reasoning_only,16,mmd_rbf,0.04057925567030907,128
aim_on_ties__calib_instruction,candidate,uncensored_refusal_like,reasoning_only,16,projected_js,0.09015513333724812,128
aim_on_ties__calib_instruction,candidate,uncensored_refusal_like,reasoning_only,17,mmd_rbf,0.04090173915028572,128
aim_on_ties__calib_instruction,candidate,uncensored_refusal_like,reasoning_only,17,projected_js,0.0888075684197247,128
aim_on_ties__calib_instruction,candidate,uncensored_refusal_like,reasoning_only,18,mmd_rbf,0.04854825884103775,128
aim_on_ties__calib_instruction,candidate,uncensored_refusal_like,reasoning_only,18,projected_js,0.09077754808822647,128
aim_on_ties__calib_instruction,candidate,uncensored_refusal_like,reasoning_only,19,mmd_rbf,0.04729554057121277,128
aim_on_ties__calib_instruction,candidate,uncensored_refusal_like,reasoning_only,19,projected_js,0.09216535749146715,128
aim_on_ties__calib_instruction,candidate,uncensored_refusal_like,reasoning_only,20,mmd_rbf,0.04809500649571419,128
aim_on_ties__calib_instruction,candidate,uncensored_refusal_like,reasoning_only,20,projected_js,0.09105888259364292,128
aim_on_ties__calib_instruction,candidate,uncensored_refusal_like,reasoning_only,21,mmd_rbf,0.04956469312310219,128
aim_on_ties__calib_instruction,candidate,uncensored_refusal_like,reasoning_only,21,projected_js,0.08970946358749643,128
aim_on_ties__calib_instruction,candidate,uncensored_refusal_like,reasoning_only,22,mmd_rbf,0.04940897598862648,128
aim_on_ties__calib_instruction,candidate,uncensored_refusal_like,reasoning_only,22,projected_js,0.09650072106160223,128
aim_on_ties__calib_instruction,candidate,uncensored_refusal_like,reasoning_only,23,mmd_rbf,0.04363730922341347,128
aim_on_ties__calib_instruction,candidate,uncensored_refusal_like,reasoning_only,23,projected_js,0.08914783445652574,128
aim_on_ties__calib_instruction,candidate,uncensored_refusal_like,reasoning_only,24,mmd_rbf,0.04896271228790283,128
aim_on_ties__calib_instruction,candidate,uncensored_refusal_like,reasoning_only,24,projected_js,0.09240962538751774,128
aim_on_ties__calib_instruction,candidate,uncensored_refusal_like,reasoning_only,25,mmd_rbf,0.046360503882169724,128
aim_on_ties__calib_instruction,candidate,uncensored_refusal_like,reasoning_only,25,projected_js,0.09239000585512258,128
aim_on_ties__calib_instruction,candidate,uncensored_refusal_like,reasoning_only,26,mmd_rbf,0.04805480316281319,128
aim_on_ties__calib_instruction,candidate,uncensored_refusal_like,reasoning_only,26,projected_js,0.09451354685006663,128
aim_on_ties__calib_instruction,candidate,uncensored_refusal_like,reasoning_only,27,mmd_rbf,0.05036590248346329,128
aim_on_ties__calib_instruction,candidate,uncensored_refusal_like,reasoning_only,27,projected_js,0.09467954706633464,128
aim_on_ties__calib_instruction,candidate,uncensored_refusal_like,reasoning_only,28,mmd_rbf,0.052425283938646317,128
aim_on_ties__calib_instruction,candidate,uncensored_refusal_like,reasoning_only,28,projected_js,0.10155095247318968,128
aim_on_ties__calib_instruction,candidate,uncensored_refusal_like,reasoning_only,29,mmd_rbf,0.05125164985656738,128
aim_on_ties__calib_instruction,candidate,uncensored_refusal_like,reasoning_only,29,projected_js,0.10642855823971331,128
aim_on_ties__calib_instruction,candidate,uncensored_refusal_like,reasoning_only,30,mmd_rbf,0.05461598560214043,128
aim_on_ties__calib_instruction,candidate,uncensored_refusal_like,reasoning_only,30,projected_js,0.1164160972693935,128
aim_on_ties__calib_instruction,candidate,uncensored_refusal_like,reasoning_only,31,mmd_rbf,0.05446216091513634,128
aim_on_ties__calib_instruction,candidate,uncensored_refusal_like,reasoning_only,31,projected_js,0.1071283703786321,128
aim_on_ties__calib_instruction,candidate,uncensored_refusal_like,reasoning_only,32,mmd_rbf,0.05455322191119194,128
aim_on_ties__calib_instruction,candidate,uncensored_refusal_like,reasoning_only,32,projected_js,0.1061895358725451,128
aim_on_ties__calib_instruction,candidate,uncensored_refusal_like,reasoning_only,33,mmd_rbf,0.050590064376592636,128
aim_on_ties__calib_instruction,candidate,uncensored_refusal_like,reasoning_only,33,projected_js,0.09646297601284459,128
aim_on_ties__calib_instruction,candidate,uncensored_refusal_like,reasoning_only,34,mmd_rbf,0.0525238923728466,128
aim_on_ties__calib_instruction,candidate,uncensored_refusal_like,reasoning_only,34,projected_js,0.09839621983701363,128
aim_on_ties__calib_instruction,candidate,uncensored_refusal_like,reasoning_only,35,mmd_rbf,0.04910135269165039,128
aim_on_ties__calib_instruction,candidate,uncensored_refusal_like,reasoning_only,35,projected_js,0.10207130940398201,128
aim_on_ties__calib_instruction,candidate,uncensored_refusal_like,uncensored_only,0,mmd_rbf,0.012629675678908825,128
aim_on_ties__calib_instruction,candidate,uncensored_refusal_like,uncensored_only,0,projected_js,0.05727250935160555,128
aim_on_ties__calib_instruction,candidate,uncensored_refusal_like,uncensored_only,1,mmd_rbf,0.22511015832424164,128
aim_on_ties__calib_instruction,candidate,uncensored_refusal_like,uncensored_only,1,projected_js,0.24674855777993798,128
aim_on_ties__calib_instruction,candidate,uncensored_refusal_like,uncensored_only,2,mmd_rbf,0.19914129376411438,128
aim_on_ties__calib_instruction,candidate,uncensored_refusal_like,uncensored_only,2,projected_js,0.20523035863880068,128
aim_on_ties__calib_instruction,candidate,uncensored_refusal_like,uncensored_only,3,mmd_rbf,0.16025249660015106,128
aim_on_ties__calib_instruction,candidate,uncensored_refusal_like,uncensored_only,3,projected_js,0.16793176584178582,128
aim_on_ties__calib_instruction,candidate,uncensored_refusal_like,uncensored_only,4,mmd_rbf,0.1297595053911209,128
aim_on_ties__calib_instruction,candidate,uncensored_refusal_like,uncensored_only,4,projected_js,0.16638914891518652,128
aim_on_ties__calib_instruction,candidate,uncensored_refusal_like,uncensored_only,5,mmd_rbf,0.09864900261163712,128
aim_on_ties__calib_instruction,candidate,uncensored_refusal_like,uncensored_only,5,projected_js,0.15267211000900716,128
aim_on_ties__calib_instruction,candidate,uncensored_refusal_like,uncensored_only,6,mmd_rbf,0.06317146867513657,128
aim_on_ties__calib_instruction,candidate,uncensored_refusal_like,uncensored_only,6,projected_js,0.11645552143454552,128
aim_on_ties__calib_instruction,candidate,uncensored_refusal_like,uncensored_only,7,mmd_rbf,0.04804490879178047,128
aim_on_ties__calib_instruction,candidate,uncensored_refusal_like,uncensored_only,7,projected_js,0.09736567907384597,128
aim_on_ties__calib_instruction,candidate,uncensored_refusal_like,uncensored_only,8,mmd_rbf,0.03465605527162552,128
aim_on_ties__calib_instruction,candidate,uncensored_refusal_like,uncensored_only,8,projected_js,0.08417257334804162,128
aim_on_ties__calib_instruction,candidate,uncensored_refusal_like,uncensored_only,9,mmd_rbf,0.030175870284438133,128
aim_on_ties__calib_instruction,candidate,uncensored_refusal_like,uncensored_only,9,projected_js,0.0773797677247785,128
aim_on_ties__calib_instruction,candidate,uncensored_refusal_like,uncensored_only,10,mmd_rbf,0.025231987237930298,128
aim_on_ties__calib_instruction,candidate,uncensored_refusal_like,uncensored_only,10,projected_js,0.07551263959612697,128
aim_on_ties__calib_instruction,candidate,uncensored_refusal_like,uncensored_only,11,mmd_rbf,0.021645991131663322,128
aim_on_ties__calib_instruction,candidate,uncensored_refusal_like,uncensored_only,11,projected_js,0.06707302312133834,128
aim_on_ties__calib_instruction,candidate,uncensored_refusal_like,uncensored_only,12,mmd_rbf,0.021867653355002403,128
aim_on_ties__calib_instruction,candidate,uncensored_refusal_like,uncensored_only,12,projected_js,0.07235831610159948,128
aim_on_ties__calib_instruction,candidate,uncensored_refusal_like,uncensored_only,13,mmd_rbf,0.02332119084894657,128
aim_on_ties__calib_instruction,candidate,uncensored_refusal_like,uncensored_only,13,projected_js,0.07436014083214104,128
aim_on_ties__calib_instruction,candidate,uncensored_refusal_like,uncensored_only,14,mmd_rbf,0.024039167910814285,128
aim_on_ties__calib_instruction,candidate,uncensored_refusal_like,uncensored_only,14,projected_js,0.07891198160359636,128
aim_on_ties__calib_instruction,candidate,uncensored_refusal_like,uncensored_only,15,mmd_rbf,0.029466552659869194,128
aim_on_ties__calib_instruction,candidate,uncensored_refusal_like,uncensored_only,15,projected_js,0.08437090885126963,128
aim_on_ties__calib_instruction,candidate,uncensored_refusal_like,uncensored_only,16,mmd_rbf,0.030763208866119385,128
aim_on_ties__calib_instruction,candidate,uncensored_refusal_like,uncensored_only,16,projected_js,0.07650762546109036,128
aim_on_ties__calib_instruction,candidate,uncensored_refusal_like,uncensored_only,17,mmd_rbf,0.03145527467131615,128
aim_on_ties__calib_instruction,candidate,uncensored_refusal_like,uncensored_only,17,projected_js,0.08064879034645855,128
aim_on_ties__calib_instruction,candidate,uncensored_refusal_like,uncensored_only,18,mmd_rbf,0.03292219713330269,128
aim_on_ties__calib_instruction,candidate,uncensored_refusal_like,uncensored_only,18,projected_js,0.08193762128939852,128
aim_on_ties__calib_instruction,candidate,uncensored_refusal_like,uncensored_only,19,mmd_rbf,0.032012905925512314,128
aim_on_ties__calib_instruction,candidate,uncensored_refusal_like,uncensored_only,19,projected_js,0.08464437420479953,128
aim_on_ties__calib_instruction,candidate,uncensored_refusal_like,uncensored_only,20,mmd_rbf,0.03474431857466698,128
aim_on_ties__calib_instruction,candidate,uncensored_refusal_like,uncensored_only,20,projected_js,0.07946475356584415,128
aim_on_ties__calib_instruction,candidate,uncensored_refusal_like,uncensored_only,21,mmd_rbf,0.039595384150743484,128
aim_on_ties__calib_instruction,candidate,uncensored_refusal_like,uncensored_only,21,projected_js,0.08660534396767616,128
aim_on_ties__calib_instruction,candidate,uncensored_refusal_like,uncensored_only,22,mmd_rbf,0.04290267452597618,128
aim_on_ties__calib_instruction,candidate,uncensored_refusal_like,uncensored_only,22,projected_js,0.08749445527791977,128
aim_on_ties__calib_instruction,candidate,uncensored_refusal_like,uncensored_only,23,mmd_rbf,0.04407617077231407,128
aim_on_ties__calib_instruction,candidate,uncensored_refusal_like,uncensored_only,23,projected_js,0.09105247119441628,128
aim_on_ties__calib_instruction,candidate,uncensored_refusal_like,uncensored_only,24,mmd_rbf,0.0493619330227375,128
aim_on_ties__calib_instruction,candidate,uncensored_refusal_like,uncensored_only,24,projected_js,0.09419914660975337,128
aim_on_ties__calib_instruction,candidate,uncensored_refusal_like,uncensored_only,25,mmd_rbf,0.053814847022295,128
aim_on_ties__calib_instruction,candidate,uncensored_refusal_like,uncensored_only,25,projected_js,0.09703520027687773,128
aim_on_ties__calib_instruction,candidate,uncensored_refusal_like,uncensored_only,26,mmd_rbf,0.0552818663418293,128
aim_on_ties__calib_instruction,candidate,uncensored_refusal_like,uncensored_only,26,projected_js,0.09671198291471228,128
aim_on_ties__calib_instruction,candidate,uncensored_refusal_like,uncensored_only,27,mmd_rbf,0.05662648752331734,128
aim_on_ties__calib_instruction,candidate,uncensored_refusal_like,uncensored_only,27,projected_js,0.10077037988230586,128
aim_on_ties__calib_instruction,candidate,uncensored_refusal_like,uncensored_only,28,mmd_rbf,0.05435032770037651,128
aim_on_ties__calib_instruction,candidate,uncensored_refusal_like,uncensored_only,28,projected_js,0.1077398686320521,128
aim_on_ties__calib_instruction,candidate,uncensored_refusal_like,uncensored_only,29,mmd_rbf,0.05210280045866966,128
aim_on_ties__calib_instruction,candidate,uncensored_refusal_like,uncensored_only,29,projected_js,0.10344304540194571,128
aim_on_ties__calib_instruction,candidate,uncensored_refusal_like,uncensored_only,30,mmd_rbf,0.05475463345646858,128
aim_on_ties__calib_instruction,candidate,uncensored_refusal_like,uncensored_only,30,projected_js,0.10479992430191487,128
aim_on_ties__calib_instruction,candidate,uncensored_refusal_like,uncensored_only,31,mmd_rbf,0.05292403697967529,128
aim_on_ties__calib_instruction,candidate,uncensored_refusal_like,uncensored_only,31,projected_js,0.10045467253075913,128
aim_on_ties__calib_instruction,candidate,uncensored_refusal_like,uncensored_only,32,mmd_rbf,0.05302847549319267,128
aim_on_ties__calib_instruction,candidate,uncensored_refusal_like,uncensored_only,32,projected_js,0.09842044702963904,128
aim_on_ties__calib_instruction,candidate,uncensored_refusal_like,uncensored_only,33,mmd_rbf,0.05258769914507866,128
aim_on_ties__calib_instruction,candidate,uncensored_refusal_like,uncensored_only,33,projected_js,0.10012941306922585,128
aim_on_ties__calib_instruction,candidate,uncensored_refusal_like,uncensored_only,34,mmd_rbf,0.058524828404188156,128
aim_on_ties__calib_instruction,candidate,uncensored_refusal_like,uncensored_only,34,projected_js,0.11042974522570148,128
aim_on_ties__calib_instruction,candidate,uncensored_refusal_like,uncensored_only,35,mmd_rbf,0.13676144182682037,128
aim_on_ties__calib_instruction,candidate,uncensored_refusal_like,uncensored_only,35,projected_js,0.16245227551553398,128
