model_id,model_kind,calib_subset,target_id,layer,metric,value,n_prompts
aim_on_breadcrumbs__calib_uncensored_refusal_like,candidate,general,base,0,mmd_rbf,0.00663492688909173,128
aim_on_breadcrumbs__calib_uncensored_refusal_like,candidate,general,base,0,projected_js,0.04667156720825005,128
aim_on_breadcrumbs__calib_uncensored_refusal_like,candidate,general,base,1,mmd_rbf,0.009856246411800385,128
aim_on_breadcrumbs__calib_uncensored_refusal_like,candidate,general,base,1,projected_js,0.054041720781242475,128
aim_on_breadcrumbs__calib_uncensored_refusal_like,candidate,general,base,2,mmd_rbf,0.010387261398136616,128
aim_on_breadcrumbs__calib_uncensored_refusal_like,candidate,general,base,2,projected_js,0.05626412417041138,128
aim_on_breadcrumbs__calib_uncensored_refusal_like,candidate,general,base,3,mmd_rbf,0.011985971592366695,128
aim_on_breadcrumbs__calib_uncensored_refusal_like,candidate,general,base,3,projected_js,0.059407188586192206,128
aim_on_breadcrumbs__calib_uncensored_refusal_like,candidate,general,base,4,mmd_rbf,0.011651217006146908,128
aim_on_breadcrumbs__calib_uncensored_refusal_like,candidate,general,base,4,projected_js,0.05771152349188924,128
aim_on_breadcrumbs__calib_uncensored_refusal_like,candidate,general,base,5,mmd_rbf,0.010999126359820366,128
aim_on_breadcrumbs__calib_uncensored_refusal_like,candidate,general,base,5,projected_js,0.060083788994234055,128
aim_on_breadcrumbs__calib_uncensored_refusal_like,candidate,general,base,6,mmd_rbf,0.00866446178406477,128
aim_on_breadcrumbs__calib_uncensored_refusal_like,candidate,general,base,6,projected_js,0.055525499075884,128
aim_on_breadcrumbs__calib_uncensored_refusal_like,candidate,general,base,7,mmd_rbf,0.007593677844852209,128
aim_on_breadcrumbs__calib_uncensored_refusal_like,candidate,general,base,7,projected_js,0.057988512417068705,128
aim_on_breadcrumbs__calib_uncensored_refusal_like,candidate,general,base,8,mmd_rbf,0.00626293895766139,128
aim_on_breadcrumbs__calib_uncensored_refusal_like,candidate,general,base,8,projected_js,0.05566666563390754,128
aim_on_breadcrumbs__calib_uncensored_refusal_like,candidate,general,base,9,mmd_rbf,0.0063268886879086494,128
aim_on_breadcrumbs__calib_uncensored_refusal_like,candidate,general,base,9,projected_js,0.057614248944446445,128
aim_on_breadcrumbs__calib_uncensored_refusal_like,candidate,general,base,10,mmd_rbf,0.006372604053467512,128
aim_on_breadcrumbs__calib_uncensored_refusal_like,candidate,general,base,10,projected_js,0.05834883844363503,128
aim_on_breadcrumbs__calib_uncensored_refusal_like,candidate,general,base,11,mmd_rbf,0.006154385861009359,128
aim_on_breadcrumbs__calib_uncensored_refusal_like,candidate,general,base,11,projected_js,0.057694317714776844,128
aim_on_breadcrumbs__calib_uncensored_refusal_like,candidate,general,base,12,mmd_rbf,0.006158971693366766,128
aim_on_breadcrumbs__calib_uncensored_refusal_like,candidate,general,base,12,projected_js,0.058540626196190715,128
aim_on_breadcrumbs__calib_uncensored_refusal_like,candidate,general,base,13,mmd_rbf,0.006448216736316681,128
aim_on_breadcrumbs__calib_uncensored_refusal_like,candidate,general,base,13,projected_js,0.05922481417655945,128
aim_on_breadcrumbs__calib_uncensored_refusal_like,candidate,general,base,14,mmd_rbf,0.0065678018145263195,128
aim_on_breadcrumbs__calib_uncensored_refusal_like,candidate,general,base,14,projected_js,0.0604611698363442,128
aim_on_breadcrumbs__calib_uncensored_refusal_like,candidate,general,base,15,mmd_rbf,0.007006158120930195,128
aim_on_breadcrumbs__calib_uncensored_refusal_like,candidate,general,base,15,projected_js,0.05699089515837841,128
aim_on_breadcrumbs__calib_uncensored_refusal_like,candidate,general,base,16,mmd_rbf,0.007911542430520058,128
aim_on_breadcrumbs__calib_uncensored_refusal_like,candidate,general,base,16,projected_js,0.059656063094735146,128
aim_on_breadcrumbs__calib_uncensored_refusal_like,candidate,general,base,17,mmd_rbf,0.007787454407662153,128
aim_on_breadcrumbs__calib_uncensored_refusal_like,candidate,general,base,17,projected_js,0.0628128859680146,128
aim_on_breadcrumbs__calib_uncensored_refusal_like,candidate,general,base,18,mmd_rbf,0.008210656233131886,128
aim_on_breadcrumbs__calib_uncensored_refusal_like,candidate,general,base,18,projected_js,0.06273138409596868,128
aim_on_breadcrumbs__calib_uncensored_refusal_like,candidate,general,base,19,mmd_rbf,0.00829106941819191,128
aim_on_breadcrumbs__calib_uncensored_refusal_like,candidate,general,base,19,projected_js,0.062096677953377366,128
aim_on_breadcrumbs__calib_uncensored_refusal_like,candidate,general,base,20,mmd_rbf,0.008064600639045238,128
aim_on_breadcrumbs__calib_uncensored_refusal_like,candidate,general,base,20,projected_js,0.06194796710042283,128
aim_on_breadcrumbs__calib_uncensored_refusal_like,candidate,general,base,21,mmd_rbf,0.008119870908558369,128
aim_on_breadcrumbs__calib_uncensored_refusal_like,candidate,general,base,21,projected_js,0.06353015411878005,128
aim_on_breadcrumbs__calib_uncensored_refusal_like,candidate,general,base,22,mmd_rbf,0.007598505821079016,128
aim_on_breadcrumbs__calib_uncensored_refusal_like,candidate,general,base,22,projected_js,0.06157948396867141,128
aim_on_breadcrumbs__calib_uncensored_refusal_like,candidate,general,base,23,mmd_rbf,0.007214806973934174,128
aim_on_breadcrumbs__calib_uncensored_refusal_like,candidate,general,base,23,projected_js,0.06418505299370736,128
aim_on_breadcrumbs__calib_uncensored_refusal_like,candidate,general,base,24,mmd_rbf,0.006738126277923584,128
aim_on_breadcrumbs__calib_uncensored_refusal_like,candidate,general,base,24,projected_js,0.05992214399157092,128
aim_on_breadcrumbs__calib_uncensored_refusal_like,candidate,general,base,25,mmd_rbf,0.006410698872059584,128
aim_on_breadcrumbs__calib_uncensored_refusal_like,candidate,general,base,25,projected_js,0.0567552563152276,128
aim_on_breadcrumbs__calib_uncensored_refusal_like,candidate,general,base,26,mmd_rbf,0.006429137196391821,128
aim_on_breadcrumbs__calib_uncensored_refusal_like,candidate,general,base,26,projected_js,0.055832923360867426,128
aim_on_breadcrumbs__calib_uncensored_refusal_like,candidate,general,base,27,mmd_rbf,0.006405774503946304,128
aim_on_breadcrumbs__calib_uncensored_refusal_like,candidate,general,base,27,projected_js,0.058912963955663145,128
aim_on_breadcrumbs__calib_uncensored_refusal_like,candidate,general,base,28,mmd_rbf,0.0060809007845819,128
aim_on_breadcrumbs__calib_uncensored_refusal_like,candidate,general,base,28,projected_js,0.06184688466601074,128
aim_on_breadcrumbs__calib_uncensored_refusal_like,candidate,general,base,29,mmd_rbf,0.005917252507060766,128
aim_on_breadcrumbs__calib_uncensored_refusal_like,candidate,general,base,29,projected_js,0.0590957714302931,128
aim_on_breadcrumbs__calib_uncensored_refusal_like,candidate,general,base,30,mmd_rbf,0.005611205007880926,128
aim_on_breadcrumbs__calib_uncensored_refusal_like,candidate,general,base,30,projected_js,0.056168655457440764,128
aim_on_breadcrumbs__calib_uncensored_refusal_like,candidate,general,base,31,mmd_rbf,0.00537080317735672,128
aim_on_breadcrumbs__calib_uncensored_refusal_like,candidate,general,base,31,projected_js,0.05877426962251775,128
aim_on_breadcrumbs__calib_uncensored_refusal_like,candidate,general,base,32,mmd_rbf,0.005644515156745911,128
aim_on_breadcrumbs__calib_uncensored_refusal_like,candidate,general,base,32,projected_js,0.05795696086715907,128
aim_on_breadcrumbs__calib_uncensored_refusal_like,candidate,general,base,33,mmd_rbf,0.005853334441781044,128
aim_on_breadcrumbs__calib_uncensored_refusal_like,candidate,general,base,33,projected_js,0.060146403848193586,128
aim_on_breadcrumbs__calib_uncensored_refusal_like,candidate,general,base,34,mmd_rbf,0.009834952652454376,128
aim_on_breadcrumbs__calib_uncensored_refusal_like,candidate,general,base,34,projected_js,0.06290788779733703,128
aim_on_breadcrumbs__calib_uncensored_refusal_like,candidate,general,base,35,mmd_rbf,0.047748204320669174,128
aim_on_breadcrumbs__calib_uncensored_refusal_like,candidate,general,base,35,projected_js,0.09208408399717882,128
aim_on_breadcrumbs__calib_uncensored_refusal_like,candidate,general,instr_only,0,mmd_rbf,0.003475964069366455,128
aim_on_breadcrumbs__calib_uncensored_refusal_like,candidate,general,instr_only,0,projected_js,0.031832774679060094,128
aim_on_breadcrumbs__calib_uncensored_refusal_like,candidate,general,instr_only,1,mmd_rbf,0.003861421486362815,128
aim_on_breadcrumbs__calib_uncensored_refusal_like,candidate,general,instr_only,1,projected_js,0.03512678541301284,128
aim_on_breadcrumbs__calib_uncensored_refusal_like,candidate,general,instr_only,2,mmd_rbf,0.0040137977339327335,128
aim_on_breadcrumbs__calib_uncensored_refusal_like,candidate,general,instr_only,2,projected_js,0.03756052603421267,128
aim_on_breadcrumbs__calib_uncensored_refusal_like,candidate,general,instr_only,3,mmd_rbf,0.004497438669204712,128
aim_on_breadcrumbs__calib_uncensored_refusal_like,candidate,general,instr_only,3,projected_js,0.04251547020976432,128
aim_on_breadcrumbs__calib_uncensored_refusal_like,candidate,general,instr_only,4,mmd_rbf,0.005269092507660389,128
aim_on_breadcrumbs__calib_uncensored_refusal_like,candidate,general,instr_only,4,projected_js,0.04174815754231531,128
aim_on_breadcrumbs__calib_uncensored_refusal_like,candidate,general,instr_only,5,mmd_rbf,0.005724519025534391,128
aim_on_breadcrumbs__calib_uncensored_refusal_like,candidate,general,instr_only,5,projected_js,0.045836379344109446,128
aim_on_breadcrumbs__calib_uncensored_refusal_like,candidate,general,instr_only,6,mmd_rbf,0.004241830203682184,128
aim_on_breadcrumbs__calib_uncensored_refusal_like,candidate,general,instr_only,6,projected_js,0.04276724594819825,128
aim_on_breadcrumbs__calib_uncensored_refusal_like,candidate,general,instr_only,7,mmd_rbf,0.003567086299881339,128
aim_on_breadcrumbs__calib_uncensored_refusal_like,candidate,general,instr_only,7,projected_js,0.042070061012054794,128
aim_on_breadcrumbs__calib_uncensored_refusal_like,candidate,general,instr_only,8,mmd_rbf,0.00286066229455173,128
aim_on_breadcrumbs__calib_uncensored_refusal_like,candidate,general,instr_only,8,projected_js,0.04395030785235576,128
aim_on_breadcrumbs__calib_uncensored_refusal_like,candidate,general,instr_only,9,mmd_rbf,0.0028505269438028336,128
aim_on_breadcrumbs__calib_uncensored_refusal_like,candidate,general,instr_only,9,projected_js,0.049566973524633795,128
aim_on_breadcrumbs__calib_uncensored_refusal_like,candidate,general,instr_only,10,mmd_rbf,0.002830762416124344,128
aim_on_breadcrumbs__calib_uncensored_refusal_like,candidate,general,instr_only,10,projected_js,0.0485946973785758,128
aim_on_breadcrumbs__calib_uncensored_refusal_like,candidate,general,instr_only,11,mmd_rbf,0.002771147759631276,128
aim_on_breadcrumbs__calib_uncensored_refusal_like,candidate,general,instr_only,11,projected_js,0.048893924307776615,128
aim_on_breadcrumbs__calib_uncensored_refusal_like,candidate,general,instr_only,12,mmd_rbf,0.002882216591387987,128
aim_on_breadcrumbs__calib_uncensored_refusal_like,candidate,general,instr_only,12,projected_js,0.05317788990214467,128
aim_on_breadcrumbs__calib_uncensored_refusal_like,candidate,general,instr_only,13,mmd_rbf,0.00337870791554451,128
aim_on_breadcrumbs__calib_uncensored_refusal_like,candidate,general,instr_only,13,projected_js,0.05410484451567754,128
aim_on_breadcrumbs__calib_uncensored_refusal_like,candidate,general,instr_only,14,mmd_rbf,0.003315429436042905,128
aim_on_breadcrumbs__calib_uncensored_refusal_like,candidate,general,instr_only,14,projected_js,0.05136218178085983,128
aim_on_breadcrumbs__calib_uncensored_refusal_like,candidate,general,instr_only,15,mmd_rbf,0.003643590956926346,128
aim_on_breadcrumbs__calib_uncensored_refusal_like,candidate,general,instr_only,15,projected_js,0.05195820640074089,128
aim_on_breadcrumbs__calib_uncensored_refusal_like,candidate,general,instr_only,16,mmd_rbf,0.0040833312086761,128
aim_on_breadcrumbs__calib_uncensored_refusal_like,candidate,general,instr_only,16,projected_js,0.05721347566577606,128
aim_on_breadcrumbs__calib_uncensored_refusal_like,candidate,general,instr_only,17,mmd_rbf,0.004347148817032576,128
aim_on_breadcrumbs__calib_uncensored_refusal_like,candidate,general,instr_only,17,projected_js,0.05631343851564452,128
aim_on_breadcrumbs__calib_uncensored_refusal_like,candidate,general,instr_only,18,mmd_rbf,0.004709599539637566,128
aim_on_breadcrumbs__calib_uncensored_refusal_like,candidate,general,instr_only,18,projected_js,0.05793296656338498,128
aim_on_breadcrumbs__calib_uncensored_refusal_like,candidate,general,instr_only,19,mmd_rbf,0.00490803737193346,128
aim_on_breadcrumbs__calib_uncensored_refusal_like,candidate,general,instr_only,19,projected_js,0.05769477802095935,128
aim_on_breadcrumbs__calib_uncensored_refusal_like,candidate,general,instr_only,20,mmd_rbf,0.004938659258186817,128
aim_on_breadcrumbs__calib_uncensored_refusal_like,candidate,general,instr_only,20,projected_js,0.05338785980711691,128
aim_on_breadcrumbs__calib_uncensored_refusal_like,candidate,general,instr_only,21,mmd_rbf,0.005243424791842699,128
aim_on_breadcrumbs__calib_uncensored_refusal_like,candidate,general,instr_only,21,projected_js,0.05920460942434147,128
aim_on_breadcrumbs__calib_uncensored_refusal_like,candidate,general,instr_only,22,mmd_rbf,0.005433604586869478,128
aim_on_breadcrumbs__calib_uncensored_refusal_like,candidate,general,instr_only,22,projected_js,0.0561346446047537,128
aim_on_breadcrumbs__calib_uncensored_refusal_like,candidate,general,instr_only,23,mmd_rbf,0.00521185714751482,128
aim_on_breadcrumbs__calib_uncensored_refusal_like,candidate,general,instr_only,23,projected_js,0.053178760601440445,128
aim_on_breadcrumbs__calib_uncensored_refusal_like,candidate,general,instr_only,24,mmd_rbf,0.005128728691488504,128
aim_on_breadcrumbs__calib_uncensored_refusal_like,candidate,general,instr_only,24,projected_js,0.056696616811677814,128
aim_on_breadcrumbs__calib_uncensored_refusal_like,candidate,general,instr_only,25,mmd_rbf,0.005001700948923826,128
aim_on_breadcrumbs__calib_uncensored_refusal_like,candidate,general,instr_only,25,projected_js,0.05739973997697234,128
aim_on_breadcrumbs__calib_uncensored_refusal_like,candidate,general,instr_only,26,mmd_rbf,0.0049672843888401985,128
aim_on_breadcrumbs__calib_uncensored_refusal_like,candidate,general,instr_only,26,projected_js,0.05484285671263933,128
aim_on_breadcrumbs__calib_uncensored_refusal_like,candidate,general,instr_only,27,mmd_rbf,0.004909347742795944,128
aim_on_breadcrumbs__calib_uncensored_refusal_like,candidate,general,instr_only,27,projected_js,0.057435899710981175,128
aim_on_breadcrumbs__calib_uncensored_refusal_like,candidate,general,instr_only,28,mmd_rbf,0.004758027847856283,128
aim_on_breadcrumbs__calib_uncensored_refusal_like,candidate,general,instr_only,28,projected_js,0.05529663315974176,128
aim_on_breadcrumbs__calib_uncensored_refusal_like,candidate,general,instr_only,29,mmd_rbf,0.004484218079596758,128
aim_on_breadcrumbs__calib_uncensored_refusal_like,candidate,general,instr_only,29,projected_js,0.05383893713587895,128
aim_on_breadcrumbs__calib_uncensored_refusal_like,candidate,general,instr_only,30,mmd_rbf,0.00428436603397131,128
aim_on_breadcrumbs__calib_uncensored_refusal_like,candidate,general,instr_only,30,projected_js,0.057064432417973876,128
aim_on_breadcrumbs__calib_uncensored_refusal_like,candidate,general,instr_only,31,mmd_rbf,0.004223552066832781,128
aim_on_breadcrumbs__calib_uncensored_refusal_like,candidate,general,instr_only,31,projected_js,0.05440088245086372,128
aim_on_breadcrumbs__calib_uncensored_refusal_like,candidate,general,instr_only,32,mmd_rbf,0.004491896368563175,128
aim_on_breadcrumbs__calib_uncensored_refusal_like,candidate,general,instr_only,32,projected_js,0.056349924620008096,128
aim_on_breadcrumbs__calib_uncensored_refusal_like,candidate,general,instr_only,33,mmd_rbf,0.004740678705275059,128
aim_on_breadcrumbs__calib_uncensored_refusal_like,candidate,general,instr_only,33,projected_js,0.05712602403946221,128
aim_on_breadcrumbs__calib_uncensored_refusal_like,candidate,general,instr_only,34,mmd_rbf,0.00703098950907588,128
aim_on_breadcrumbs__calib_uncensored_refusal_like,candidate,general,instr_only,34,projected_js,0.05926852783886716,128
aim_on_breadcrumbs__calib_uncensored_refusal_like,candidate,general,instr_only,35,mmd_rbf,0.053318675607442856,128
aim_on_breadcrumbs__calib_uncensored_refusal_like,candidate,general,instr_only,35,projected_js,0.0979228846845217,128
aim_on_breadcrumbs__calib_uncensored_refusal_like,candidate,general,reasoning_only,0,mmd_rbf,0.013283413834869862,128
aim_on_breadcrumbs__calib_uncensored_refusal_like,candidate,general,reasoning_only,0,projected_js,0.05933662794996053,128
aim_on_breadcrumbs__calib_uncensored_refusal_like,candidate,general,reasoning_only,1,mmd_rbf,0.014980691485106945,128
aim_on_breadcrumbs__calib_uncensored_refusal_like,candidate,general,reasoning_only,1,projected_js,0.06028208526549861,128
aim_on_breadcrumbs__calib_uncensored_refusal_like,candidate,general,reasoning_only,2,mmd_rbf,0.02086799032986164,128
aim_on_breadcrumbs__calib_uncensored_refusal_like,candidate,general,reasoning_only,2,projected_js,0.0656211306923069,128
aim_on_breadcrumbs__calib_uncensored_refusal_like,candidate,general,reasoning_only,3,mmd_rbf,0.02403297834098339,128
aim_on_breadcrumbs__calib_uncensored_refusal_like,candidate,general,reasoning_only,3,projected_js,0.07529580866685137,128
aim_on_breadcrumbs__calib_uncensored_refusal_like,candidate,general,reasoning_only,4,mmd_rbf,0.024120187386870384,128
aim_on_breadcrumbs__calib_uncensored_refusal_like,candidate,general,reasoning_only,4,projected_js,0.0733320648141671,128
aim_on_breadcrumbs__calib_uncensored_refusal_like,candidate,general,reasoning_only,5,mmd_rbf,0.024099012836813927,128
aim_on_breadcrumbs__calib_uncensored_refusal_like,candidate,general,reasoning_only,5,projected_js,0.075550330162514,128
aim_on_breadcrumbs__calib_uncensored_refusal_like,candidate,general,reasoning_only,6,mmd_rbf,0.016880223527550697,128
aim_on_breadcrumbs__calib_uncensored_refusal_like,candidate,general,reasoning_only,6,projected_js,0.06512103765271604,128
aim_on_breadcrumbs__calib_uncensored_refusal_like,candidate,general,reasoning_only,7,mmd_rbf,0.01525871455669403,128
aim_on_breadcrumbs__calib_uncensored_refusal_like,candidate,general,reasoning_only,7,projected_js,0.0646415775991045,128
aim_on_breadcrumbs__calib_uncensored_refusal_like,candidate,general,reasoning_only,8,mmd_rbf,0.011535926721990108,128
aim_on_breadcrumbs__calib_uncensored_refusal_like,candidate,general,reasoning_only,8,projected_js,0.06465357731212862,128
aim_on_breadcrumbs__calib_uncensored_refusal_like,candidate,general,reasoning_only,9,mmd_rbf,0.010983610525727272,128
aim_on_breadcrumbs__calib_uncensored_refusal_like,candidate,general,reasoning_only,9,projected_js,0.06249346997356042,128
aim_on_breadcrumbs__calib_uncensored_refusal_like,candidate,general,reasoning_only,10,mmd_rbf,0.011758235283195972,128
aim_on_breadcrumbs__calib_uncensored_refusal_like,candidate,general,reasoning_only,10,projected_js,0.06501646270044148,128
aim_on_breadcrumbs__calib_uncensored_refusal_like,candidate,general,reasoning_only,11,mmd_rbf,0.010833078995347023,128
aim_on_breadcrumbs__calib_uncensored_refusal_like,candidate,general,reasoning_only,11,projected_js,0.06379842050955631,128
aim_on_breadcrumbs__calib_uncensored_refusal_like,candidate,general,reasoning_only,12,mmd_rbf,0.011102616786956787,128
aim_on_breadcrumbs__calib_uncensored_refusal_like,candidate,general,reasoning_only,12,projected_js,0.06634846082306467,128
aim_on_breadcrumbs__calib_uncensored_refusal_like,candidate,general,reasoning_only,13,mmd_rbf,0.011623972095549107,128
aim_on_breadcrumbs__calib_uncensored_refusal_like,candidate,general,reasoning_only,13,projected_js,0.06257150409510359,128
aim_on_breadcrumbs__calib_uncensored_refusal_like,candidate,general,reasoning_only,14,mmd_rbf,0.011657224968075752,128
aim_on_breadcrumbs__calib_uncensored_refusal_like,candidate,general,reasoning_only,14,projected_js,0.06445458446978591,128
aim_on_breadcrumbs__calib_uncensored_refusal_like,candidate,general,reasoning_only,15,mmd_rbf,0.012349546886980534,128
aim_on_breadcrumbs__calib_uncensored_refusal_like,candidate,general,reasoning_only,15,projected_js,0.0659440106828697,128
aim_on_breadcrumbs__calib_uncensored_refusal_like,candidate,general,reasoning_only,16,mmd_rbf,0.01255063246935606,128
aim_on_breadcrumbs__calib_uncensored_refusal_like,candidate,general,reasoning_only,16,projected_js,0.0691881300881505,128
aim_on_breadcrumbs__calib_uncensored_refusal_like,candidate,general,reasoning_only,17,mmd_rbf,0.012509576044976711,128
aim_on_breadcrumbs__calib_uncensored_refusal_like,candidate,general,reasoning_only,17,projected_js,0.06707354876562022,128
aim_on_breadcrumbs__calib_uncensored_refusal_like,candidate,general,reasoning_only,18,mmd_rbf,0.014045536518096924,128
aim_on_breadcrumbs__calib_uncensored_refusal_like,candidate,general,reasoning_only,18,projected_js,0.06666322099044919,128
aim_on_breadcrumbs__calib_uncensored_refusal_like,candidate,general,reasoning_only,19,mmd_rbf,0.013200781308114529,128
aim_on_breadcrumbs__calib_uncensored_refusal_like,candidate,general,reasoning_only,19,projected_js,0.065751290647313,128
aim_on_breadcrumbs__calib_uncensored_refusal_like,candidate,general,reasoning_only,20,mmd_rbf,0.013176395557820797,128
aim_on_breadcrumbs__calib_uncensored_refusal_like,candidate,general,reasoning_only,20,projected_js,0.06436226880759932,128
aim_on_breadcrumbs__calib_uncensored_refusal_like,candidate,general,reasoning_only,21,mmd_rbf,0.013748141936957836,128
aim_on_breadcrumbs__calib_uncensored_refusal_like,candidate,general,reasoning_only,21,projected_js,0.06830136728240177,128
aim_on_breadcrumbs__calib_uncensored_refusal_like,candidate,general,reasoning_only,22,mmd_rbf,0.011873183771967888,128
aim_on_breadcrumbs__calib_uncensored_refusal_like,candidate,general,reasoning_only,22,projected_js,0.06632272840943187,128
aim_on_breadcrumbs__calib_uncensored_refusal_like,candidate,general,reasoning_only,23,mmd_rbf,0.009905320592224598,128
aim_on_breadcrumbs__calib_uncensored_refusal_like,candidate,general,reasoning_only,23,projected_js,0.06658416267600842,128
aim_on_breadcrumbs__calib_uncensored_refusal_like,candidate,general,reasoning_only,24,mmd_rbf,0.010381646454334259,128
aim_on_breadcrumbs__calib_uncensored_refusal_like,candidate,general,reasoning_only,24,projected_js,0.06324623947148211,128
aim_on_breadcrumbs__calib_uncensored_refusal_like,candidate,general,reasoning_only,25,mmd_rbf,0.009786447510123253,128
aim_on_breadcrumbs__calib_uncensored_refusal_like,candidate,general,reasoning_only,25,projected_js,0.06296408412163146,128
aim_on_breadcrumbs__calib_uncensored_refusal_like,candidate,general,reasoning_only,26,mmd_rbf,0.010061424225568771,128
aim_on_breadcrumbs__calib_uncensored_refusal_like,candidate,general,reasoning_only,26,projected_js,0.061246759054483846,128
aim_on_breadcrumbs__calib_uncensored_refusal_like,candidate,general,reasoning_only,27,mmd_rbf,0.009683491662144661,128
aim_on_breadcrumbs__calib_uncensored_refusal_like,candidate,general,reasoning_only,27,projected_js,0.06341643998166546,128
aim_on_breadcrumbs__calib_uncensored_refusal_like,candidate,general,reasoning_only,28,mmd_rbf,0.00998010952025652,128
aim_on_breadcrumbs__calib_uncensored_refusal_like,candidate,general,reasoning_only,28,projected_js,0.06252350390423089,128
aim_on_breadcrumbs__calib_uncensored_refusal_like,candidate,general,reasoning_only,29,mmd_rbf,0.00992172583937645,128
aim_on_breadcrumbs__calib_uncensored_refusal_like,candidate,general,reasoning_only,29,projected_js,0.06125164602417499,128
aim_on_breadcrumbs__calib_uncensored_refusal_like,candidate,general,reasoning_only,30,mmd_rbf,0.009833221323788166,128
aim_on_breadcrumbs__calib_uncensored_refusal_like,candidate,general,reasoning_only,30,projected_js,0.061105778644559905,128
aim_on_breadcrumbs__calib_uncensored_refusal_like,candidate,general,reasoning_only,31,mmd_rbf,0.00992522295564413,128
aim_on_breadcrumbs__calib_uncensored_refusal_like,candidate,general,reasoning_only,31,projected_js,0.06334554386558011,128
aim_on_breadcrumbs__calib_uncensored_refusal_like,candidate,general,reasoning_only,32,mmd_rbf,0.009729494340717793,128
aim_on_breadcrumbs__calib_uncensored_refusal_like,candidate,general,reasoning_only,32,projected_js,0.06237496010726318,128
aim_on_breadcrumbs__calib_uncensored_refusal_like,candidate,general,reasoning_only,33,mmd_rbf,0.009167579002678394,128
aim_on_breadcrumbs__calib_uncensored_refusal_like,candidate,general,reasoning_only,33,projected_js,0.06055344649939798,128
aim_on_breadcrumbs__calib_uncensored_refusal_like,candidate,general,reasoning_only,34,mmd_rbf,0.008843380026519299,128
aim_on_breadcrumbs__calib_uncensored_refusal_like,candidate,general,reasoning_only,34,projected_js,0.06074012606404722,128
aim_on_breadcrumbs__calib_uncensored_refusal_like,candidate,general,reasoning_only,35,mmd_rbf,0.02125580795109272,128
aim_on_breadcrumbs__calib_uncensored_refusal_like,candidate,general,reasoning_only,35,projected_js,0.06714772013947368,128
aim_on_breadcrumbs__calib_uncensored_refusal_like,candidate,general,uncensored_only,0,mmd_rbf,0.008980858139693737,128
aim_on_breadcrumbs__calib_uncensored_refusal_like,candidate,general,uncensored_only,0,projected_js,0.044711913680657744,128
aim_on_breadcrumbs__calib_uncensored_refusal_like,candidate,general,uncensored_only,1,mmd_rbf,0.17025892436504364,128
aim_on_breadcrumbs__calib_uncensored_refusal_like,candidate,general,uncensored_only,1,projected_js,0.17886243772227317,128
aim_on_breadcrumbs__calib_uncensored_refusal_like,candidate,general,uncensored_only,2,mmd_rbf,0.14178550243377686,128
aim_on_breadcrumbs__calib_uncensored_refusal_like,candidate,general,uncensored_only,2,projected_js,0.1375939891440794,128
aim_on_breadcrumbs__calib_uncensored_refusal_like,candidate,general,uncensored_only,3,mmd_rbf,0.10667143017053604,128
aim_on_breadcrumbs__calib_uncensored_refusal_like,candidate,general,uncensored_only,3,projected_js,0.125385997176636,128
aim_on_breadcrumbs__calib_uncensored_refusal_like,candidate,general,uncensored_only,4,mmd_rbf,0.07861901819705963,128
aim_on_breadcrumbs__calib_uncensored_refusal_like,candidate,general,uncensored_only,4,projected_js,0.11151505692396313,128
aim_on_breadcrumbs__calib_uncensored_refusal_like,candidate,general,uncensored_only,5,mmd_rbf,0.05533136799931526,128
aim_on_breadcrumbs__calib_uncensored_refusal_like,candidate,general,uncensored_only,5,projected_js,0.10510915645863861,128
aim_on_breadcrumbs__calib_uncensored_refusal_like,candidate,general,uncensored_only,6,mmd_rbf,0.031259212642908096,128
aim_on_breadcrumbs__calib_uncensored_refusal_like,candidate,general,uncensored_only,6,projected_js,0.08345604303758591,128
aim_on_breadcrumbs__calib_uncensored_refusal_like,candidate,general,uncensored_only,7,mmd_rbf,0.02396148443222046,128
aim_on_breadcrumbs__calib_uncensored_refusal_like,candidate,general,uncensored_only,7,projected_js,0.07427133229793981,128
aim_on_breadcrumbs__calib_uncensored_refusal_like,candidate,general,uncensored_only,8,mmd_rbf,0.01571596786379814,128
aim_on_breadcrumbs__calib_uncensored_refusal_like,candidate,general,uncensored_only,8,projected_js,0.06585718394489959,128
aim_on_breadcrumbs__calib_uncensored_refusal_like,candidate,general,uncensored_only,9,mmd_rbf,0.012876021675765514,128
aim_on_breadcrumbs__calib_uncensored_refusal_like,candidate,general,uncensored_only,9,projected_js,0.06234976608539,128
aim_on_breadcrumbs__calib_uncensored_refusal_like,candidate,general,uncensored_only,10,mmd_rbf,0.011431118473410606,128
aim_on_breadcrumbs__calib_uncensored_refusal_like,candidate,general,uncensored_only,10,projected_js,0.06412632972933352,128
aim_on_breadcrumbs__calib_uncensored_refusal_like,candidate,general,uncensored_only,11,mmd_rbf,0.009754901751875877,128
aim_on_breadcrumbs__calib_uncensored_refusal_like,candidate,general,uncensored_only,11,projected_js,0.06118057016283274,128
aim_on_breadcrumbs__calib_uncensored_refusal_like,candidate,general,uncensored_only,12,mmd_rbf,0.009596170857548714,128
aim_on_breadcrumbs__calib_uncensored_refusal_like,candidate,general,uncensored_only,12,projected_js,0.06431129743577912,128
aim_on_breadcrumbs__calib_uncensored_refusal_like,candidate,general,uncensored_only,13,mmd_rbf,0.010137575678527355,128
aim_on_breadcrumbs__calib_uncensored_refusal_like,candidate,general,uncensored_only,13,projected_js,0.06056484836153686,128
aim_on_breadcrumbs__calib_uncensored_refusal_like,candidate,general,uncensored_only,14,mmd_rbf,0.01040569692850113,128
aim_on_breadcrumbs__calib_uncensored_refusal_like,candidate,general,uncensored_only,14,projected_js,0.06389975809725001,128
aim_on_breadcrumbs__calib_uncensored_refusal_like,candidate,general,uncensored_only,15,mmd_rbf,0.012949670664966106,128
aim_on_breadcrumbs__calib_uncensored_refusal_like,candidate,general,uncensored_only,15,projected_js,0.06349442733335309,128
aim_on_breadcrumbs__calib_uncensored_refusal_like,candidate,general,uncensored_only,16,mmd_rbf,0.014409653842449188,128
aim_on_breadcrumbs__calib_uncensored_refusal_like,candidate,general,uncensored_only,16,projected_js,0.06929113302612677,128
aim_on_breadcrumbs__calib_uncensored_refusal_like,candidate,general,uncensored_only,17,mmd_rbf,0.013127355836331844,128
aim_on_breadcrumbs__calib_uncensored_refusal_like,candidate,general,uncensored_only,17,projected_js,0.06490171194309369,128
aim_on_breadcrumbs__calib_uncensored_refusal_like,candidate,general,uncensored_only,18,mmd_rbf,0.013656887225806713,128
aim_on_breadcrumbs__calib_uncensored_refusal_like,candidate,general,uncensored_only,18,projected_js,0.0690011263359338,128
aim_on_breadcrumbs__calib_uncensored_refusal_like,candidate,general,uncensored_only,19,mmd_rbf,0.012726497836411,128
aim_on_breadcrumbs__calib_uncensored_refusal_like,candidate,general,uncensored_only,19,projected_js,0.06532836213591509,128
aim_on_breadcrumbs__calib_uncensored_refusal_like,candidate,general,uncensored_only,20,mmd_rbf,0.012484279461205006,128
aim_on_breadcrumbs__calib_uncensored_refusal_like,candidate,general,uncensored_only,20,projected_js,0.06415553225087933,128
aim_on_breadcrumbs__calib_uncensored_refusal_like,candidate,general,uncensored_only,21,mmd_rbf,0.013673883862793446,128
aim_on_breadcrumbs__calib_uncensored_refusal_like,candidate,general,uncensored_only,21,projected_js,0.07163180247880518,128
aim_on_breadcrumbs__calib_uncensored_refusal_like,candidate,general,uncensored_only,22,mmd_rbf,0.014414255507290363,128
aim_on_breadcrumbs__calib_uncensored_refusal_like,candidate,general,uncensored_only,22,projected_js,0.06930532824480906,128
aim_on_breadcrumbs__calib_uncensored_refusal_like,candidate,general,uncensored_only,23,mmd_rbf,0.013639858923852444,128
aim_on_breadcrumbs__calib_uncensored_refusal_like,candidate,general,uncensored_only,23,projected_js,0.06711704045301303,128
aim_on_breadcrumbs__calib_uncensored_refusal_like,candidate,general,uncensored_only,24,mmd_rbf,0.013783754780888557,128
aim_on_breadcrumbs__calib_uncensored_refusal_like,candidate,general,uncensored_only,24,projected_js,0.06799883811618201,128
aim_on_breadcrumbs__calib_uncensored_refusal_like,candidate,general,uncensored_only,25,mmd_rbf,0.014027801342308521,128
aim_on_breadcrumbs__calib_uncensored_refusal_like,candidate,general,uncensored_only,25,projected_js,0.06802671070909128,128
aim_on_breadcrumbs__calib_uncensored_refusal_like,candidate,general,uncensored_only,26,mmd_rbf,0.014259429648518562,128
aim_on_breadcrumbs__calib_uncensored_refusal_like,candidate,general,uncensored_only,26,projected_js,0.0698764183325693,128
aim_on_breadcrumbs__calib_uncensored_refusal_like,candidate,general,uncensored_only,27,mmd_rbf,0.014237520284950733,128
aim_on_breadcrumbs__calib_uncensored_refusal_like,candidate,general,uncensored_only,27,projected_js,0.06636801749118604,128
aim_on_breadcrumbs__calib_uncensored_refusal_like,candidate,general,uncensored_only,28,mmd_rbf,0.01293188612908125,128
aim_on_breadcrumbs__calib_uncensored_refusal_like,candidate,general,uncensored_only,28,projected_js,0.0681697292602621,128
aim_on_breadcrumbs__calib_uncensored_refusal_like,candidate,general,uncensored_only,29,mmd_rbf,0.012347224168479443,128
aim_on_breadcrumbs__calib_uncensored_refusal_like,candidate,general,uncensored_only,29,projected_js,0.06299689353909343,128
aim_on_breadcrumbs__calib_uncensored_refusal_like,candidate,general,uncensored_only,30,mmd_rbf,0.012241249904036522,128
aim_on_breadcrumbs__calib_uncensored_refusal_like,candidate,general,uncensored_only,30,projected_js,0.06090797460637987,128
aim_on_breadcrumbs__calib_uncensored_refusal_like,candidate,general,uncensored_only,31,mmd_rbf,0.0115596828982234,128
aim_on_breadcrumbs__calib_uncensored_refusal_like,candidate,general,uncensored_only,31,projected_js,0.060815963603090495,128
aim_on_breadcrumbs__calib_uncensored_refusal_like,candidate,general,uncensored_only,32,mmd_rbf,0.011482383124530315,128
aim_on_breadcrumbs__calib_uncensored_refusal_like,candidate,general,uncensored_only,32,projected_js,0.061371511983452365,128
aim_on_breadcrumbs__calib_uncensored_refusal_like,candidate,general,uncensored_only,33,mmd_rbf,0.01172207947820425,128
aim_on_breadcrumbs__calib_uncensored_refusal_like,candidate,general,uncensored_only,33,projected_js,0.06227324536303058,128
aim_on_breadcrumbs__calib_uncensored_refusal_like,candidate,general,uncensored_only,34,mmd_rbf,0.013708275742828846,128
aim_on_breadcrumbs__calib_uncensored_refusal_like,candidate,general,uncensored_only,34,projected_js,0.06632467795861885,128
aim_on_breadcrumbs__calib_uncensored_refusal_like,candidate,general,uncensored_only,35,mmd_rbf,0.06918749958276749,128
aim_on_breadcrumbs__calib_uncensored_refusal_like,candidate,general,uncensored_only,35,projected_js,0.10811370908049867,128
aim_on_breadcrumbs__calib_uncensored_refusal_like,candidate,instruction,base,0,mmd_rbf,0.004051450174301863,128
aim_on_breadcrumbs__calib_uncensored_refusal_like,candidate,instruction,base,0,projected_js,0.04783349219360389,128
aim_on_breadcrumbs__calib_uncensored_refusal_like,candidate,instruction,base,1,mmd_rbf,0.006347812712192535,128
aim_on_breadcrumbs__calib_uncensored_refusal_like,candidate,instruction,base,1,projected_js,0.05149371613515541,128
aim_on_breadcrumbs__calib_uncensored_refusal_like,candidate,instruction,base,2,mmd_rbf,0.008506339974701405,128
aim_on_breadcrumbs__calib_uncensored_refusal_like,candidate,instruction,base,2,projected_js,0.06061050316202454,128
aim_on_breadcrumbs__calib_uncensored_refusal_like,candidate,instruction,base,3,mmd_rbf,0.011462835595011711,128
aim_on_breadcrumbs__calib_uncensored_refusal_like,candidate,instruction,base,3,projected_js,0.06546728016110137,128
aim_on_breadcrumbs__calib_uncensored_refusal_like,candidate,instruction,base,4,mmd_rbf,0.01081498246639967,128
aim_on_breadcrumbs__calib_uncensored_refusal_like,candidate,instruction,base,4,projected_js,0.06370416923891753,128
aim_on_breadcrumbs__calib_uncensored_refusal_like,candidate,instruction,base,5,mmd_rbf,0.011297252029180527,128
aim_on_breadcrumbs__calib_uncensored_refusal_like,candidate,instruction,base,5,projected_js,0.057333168952027336,128
aim_on_breadcrumbs__calib_uncensored_refusal_like,candidate,instruction,base,6,mmd_rbf,0.010007881559431553,128
aim_on_breadcrumbs__calib_uncensored_refusal_like,candidate,instruction,base,6,projected_js,0.06209468291490339,128
aim_on_breadcrumbs__calib_uncensored_refusal_like,candidate,instruction,base,7,mmd_rbf,0.009374055080115795,128
aim_on_breadcrumbs__calib_uncensored_refusal_like,candidate,instruction,base,7,projected_js,0.06501736637437716,128
aim_on_breadcrumbs__calib_uncensored_refusal_like,candidate,instruction,base,8,mmd_rbf,0.008730947971343994,128
aim_on_breadcrumbs__calib_uncensored_refusal_like,candidate,instruction,base,8,projected_js,0.06426477734930813,128
aim_on_breadcrumbs__calib_uncensored_refusal_like,candidate,instruction,base,9,mmd_rbf,0.009554116055369377,128
aim_on_breadcrumbs__calib_uncensored_refusal_like,candidate,instruction,base,9,projected_js,0.06281523947836831,128
aim_on_breadcrumbs__calib_uncensored_refusal_like,candidate,instruction,base,10,mmd_rbf,0.01041614543646574,128
aim_on_breadcrumbs__calib_uncensored_refusal_like,candidate,instruction,base,10,projected_js,0.06457219895673916,128
aim_on_breadcrumbs__calib_uncensored_refusal_like,candidate,instruction,base,11,mmd_rbf,0.01017181109637022,128
aim_on_breadcrumbs__calib_uncensored_refusal_like,candidate,instruction,base,11,projected_js,0.06250306777656078,128
aim_on_breadcrumbs__calib_uncensored_refusal_like,candidate,instruction,base,12,mmd_rbf,0.009998775087296963,128
aim_on_breadcrumbs__calib_uncensored_refusal_like,candidate,instruction,base,12,projected_js,0.06867149233585224,128
aim_on_breadcrumbs__calib_uncensored_refusal_like,candidate,instruction,base,13,mmd_rbf,0.01063627377152443,128
aim_on_breadcrumbs__calib_uncensored_refusal_like,candidate,instruction,base,13,projected_js,0.066846969188191,128
aim_on_breadcrumbs__calib_uncensored_refusal_like,candidate,instruction,base,14,mmd_rbf,0.010901902802288532,128
aim_on_breadcrumbs__calib_uncensored_refusal_like,candidate,instruction,base,14,projected_js,0.07024002517573535,128
aim_on_breadcrumbs__calib_uncensored_refusal_like,candidate,instruction,base,15,mmd_rbf,0.011691867373883724,128
aim_on_breadcrumbs__calib_uncensored_refusal_like,candidate,instruction,base,15,projected_js,0.07196094538085163,128
aim_on_breadcrumbs__calib_uncensored_refusal_like,candidate,instruction,base,16,mmd_rbf,0.012295812368392944,128
aim_on_breadcrumbs__calib_uncensored_refusal_like,candidate,instruction,base,16,projected_js,0.06762545777019113,128
aim_on_breadcrumbs__calib_uncensored_refusal_like,candidate,instruction,base,17,mmd_rbf,0.012375417165458202,128
aim_on_breadcrumbs__calib_uncensored_refusal_like,candidate,instruction,base,17,projected_js,0.06741327565396205,128
aim_on_breadcrumbs__calib_uncensored_refusal_like,candidate,instruction,base,18,mmd_rbf,0.013330027461051941,128
aim_on_breadcrumbs__calib_uncensored_refusal_like,candidate,instruction,base,18,projected_js,0.07205403497209772,128
aim_on_breadcrumbs__calib_uncensored_refusal_like,candidate,instruction,base,19,mmd_rbf,0.014684383757412434,128
aim_on_breadcrumbs__calib_uncensored_refusal_like,candidate,instruction,base,19,projected_js,0.07045262976316735,128
aim_on_breadcrumbs__calib_uncensored_refusal_like,candidate,instruction,base,20,mmd_rbf,0.014884366653859615,128
aim_on_breadcrumbs__calib_uncensored_refusal_like,candidate,instruction,base,20,projected_js,0.07164009418920614,128
aim_on_breadcrumbs__calib_uncensored_refusal_like,candidate,instruction,base,21,mmd_rbf,0.01561341155320406,128
aim_on_breadcrumbs__calib_uncensored_refusal_like,candidate,instruction,base,21,projected_js,0.07612861273810267,128
aim_on_breadcrumbs__calib_uncensored_refusal_like,candidate,instruction,base,22,mmd_rbf,0.015099376440048218,128
aim_on_breadcrumbs__calib_uncensored_refusal_like,candidate,instruction,base,22,projected_js,0.07195463130483404,128
aim_on_breadcrumbs__calib_uncensored_refusal_like,candidate,instruction,base,23,mmd_rbf,0.01417809259146452,128
aim_on_breadcrumbs__calib_uncensored_refusal_like,candidate,instruction,base,23,projected_js,0.07248444255674258,128
aim_on_breadcrumbs__calib_uncensored_refusal_like,candidate,instruction,base,24,mmd_rbf,0.01340149063616991,128
aim_on_breadcrumbs__calib_uncensored_refusal_like,candidate,instruction,base,24,projected_js,0.07050129520939663,128
aim_on_breadcrumbs__calib_uncensored_refusal_like,candidate,instruction,base,25,mmd_rbf,0.012617096304893494,128
aim_on_breadcrumbs__calib_uncensored_refusal_like,candidate,instruction,base,25,projected_js,0.07268934062449262,128
aim_on_breadcrumbs__calib_uncensored_refusal_like,candidate,instruction,base,26,mmd_rbf,0.012279515154659748,128
aim_on_breadcrumbs__calib_uncensored_refusal_like,candidate,instruction,base,26,projected_js,0.06865591497626156,128
aim_on_breadcrumbs__calib_uncensored_refusal_like,candidate,instruction,base,27,mmd_rbf,0.011921015568077564,128
aim_on_breadcrumbs__calib_uncensored_refusal_like,candidate,instruction,base,27,projected_js,0.06779001659015194,128
aim_on_breadcrumbs__calib_uncensored_refusal_like,candidate,instruction,base,28,mmd_rbf,0.011098167859017849,128
aim_on_breadcrumbs__calib_uncensored_refusal_like,candidate,instruction,base,28,projected_js,0.06740097125293687,128
aim_on_breadcrumbs__calib_uncensored_refusal_like,candidate,instruction,base,29,mmd_rbf,0.010513919405639172,128
aim_on_breadcrumbs__calib_uncensored_refusal_like,candidate,instruction,base,29,projected_js,0.06443258124636486,128
aim_on_breadcrumbs__calib_uncensored_refusal_like,candidate,instruction,base,30,mmd_rbf,0.010245981626212597,128
aim_on_breadcrumbs__calib_uncensored_refusal_like,candidate,instruction,base,30,projected_js,0.06642397539690137,128
aim_on_breadcrumbs__calib_uncensored_refusal_like,candidate,instruction,base,31,mmd_rbf,0.009946263395249844,128
aim_on_breadcrumbs__calib_uncensored_refusal_like,candidate,instruction,base,31,projected_js,0.0690514356829226,128
aim_on_breadcrumbs__calib_uncensored_refusal_like,candidate,instruction,base,32,mmd_rbf,0.010250343941152096,128
aim_on_breadcrumbs__calib_uncensored_refusal_like,candidate,instruction,base,32,projected_js,0.0708880674210377,128
aim_on_breadcrumbs__calib_uncensored_refusal_like,candidate,instruction,base,33,mmd_rbf,0.010515287518501282,128
aim_on_breadcrumbs__calib_uncensored_refusal_like,candidate,instruction,base,33,projected_js,0.06797988514881581,128
aim_on_breadcrumbs__calib_uncensored_refusal_like,candidate,instruction,base,34,mmd_rbf,0.014936352148652077,128
aim_on_breadcrumbs__calib_uncensored_refusal_like,candidate,instruction,base,34,projected_js,0.0746515752398409,128
aim_on_breadcrumbs__calib_uncensored_refusal_like,candidate,instruction,base,35,mmd_rbf,0.04160739481449127,128
aim_on_breadcrumbs__calib_uncensored_refusal_like,candidate,instruction,base,35,projected_js,0.0996981990756467,128
aim_on_breadcrumbs__calib_uncensored_refusal_like,candidate,instruction,instr_only,0,mmd_rbf,0.0020685165654867887,128
aim_on_breadcrumbs__calib_uncensored_refusal_like,candidate,instruction,instr_only,0,projected_js,0.034806414718332235,128
aim_on_breadcrumbs__calib_uncensored_refusal_like,candidate,instruction,instr_only,1,mmd_rbf,0.0029805542435497046,128
aim_on_breadcrumbs__calib_uncensored_refusal_like,candidate,instruction,instr_only,1,projected_js,0.03636575712880585,128
aim_on_breadcrumbs__calib_uncensored_refusal_like,candidate,instruction,instr_only,2,mmd_rbf,0.003595896065235138,128
aim_on_breadcrumbs__calib_uncensored_refusal_like,candidate,instruction,instr_only,2,projected_js,0.04069695944781415,128
aim_on_breadcrumbs__calib_uncensored_refusal_like,candidate,instruction,instr_only,3,mmd_rbf,0.003749023424461484,128
aim_on_breadcrumbs__calib_uncensored_refusal_like,candidate,instruction,instr_only,3,projected_js,0.04291253024712205,128
aim_on_breadcrumbs__calib_uncensored_refusal_like,candidate,instruction,instr_only,4,mmd_rbf,0.00426910538226366,128
aim_on_breadcrumbs__calib_uncensored_refusal_like,candidate,instruction,instr_only,4,projected_js,0.04468688237830065,128
aim_on_breadcrumbs__calib_uncensored_refusal_like,candidate,instruction,instr_only,5,mmd_rbf,0.005018547177314758,128
aim_on_breadcrumbs__calib_uncensored_refusal_like,candidate,instruction,instr_only,5,projected_js,0.046537128946511075,128
aim_on_breadcrumbs__calib_uncensored_refusal_like,candidate,instruction,instr_only,6,mmd_rbf,0.003907687496393919,128
aim_on_breadcrumbs__calib_uncensored_refusal_like,candidate,instruction,instr_only,6,projected_js,0.04771717605763115,128
aim_on_breadcrumbs__calib_uncensored_refusal_like,candidate,instruction,instr_only,7,mmd_rbf,0.003428103169426322,128
aim_on_breadcrumbs__calib_uncensored_refusal_like,candidate,instruction,instr_only,7,projected_js,0.05124479718506336,128
aim_on_breadcrumbs__calib_uncensored_refusal_like,candidate,instruction,instr_only,8,mmd_rbf,0.0029203034937381744,128
aim_on_breadcrumbs__calib_uncensored_refusal_like,candidate,instruction,instr_only,8,projected_js,0.04781657850253396,128
aim_on_breadcrumbs__calib_uncensored_refusal_like,candidate,instruction,instr_only,9,mmd_rbf,0.00300265452824533,128
aim_on_breadcrumbs__calib_uncensored_refusal_like,candidate,instruction,instr_only,9,projected_js,0.05189673506538384,128
aim_on_breadcrumbs__calib_uncensored_refusal_like,candidate,instruction,instr_only,10,mmd_rbf,0.0030816153157502413,128
aim_on_breadcrumbs__calib_uncensored_refusal_like,candidate,instruction,instr_only,10,projected_js,0.05279409568174742,128
aim_on_breadcrumbs__calib_uncensored_refusal_like,candidate,instruction,instr_only,11,mmd_rbf,0.0027917393017560244,128
aim_on_breadcrumbs__calib_uncensored_refusal_like,candidate,instruction,instr_only,11,projected_js,0.057435630063991994,128
aim_on_breadcrumbs__calib_uncensored_refusal_like,candidate,instruction,instr_only,12,mmd_rbf,0.002724595367908478,128
aim_on_breadcrumbs__calib_uncensored_refusal_like,candidate,instruction,instr_only,12,projected_js,0.05392760326503776,128
aim_on_breadcrumbs__calib_uncensored_refusal_like,candidate,instruction,instr_only,13,mmd_rbf,0.002860876964405179,128
aim_on_breadcrumbs__calib_uncensored_refusal_like,candidate,instruction,instr_only,13,projected_js,0.055009157716995105,128
aim_on_breadcrumbs__calib_uncensored_refusal_like,candidate,instruction,instr_only,14,mmd_rbf,0.0027976420242339373,128
aim_on_breadcrumbs__calib_uncensored_refusal_like,candidate,instruction,instr_only,14,projected_js,0.05425504231243394,128
aim_on_breadcrumbs__calib_uncensored_refusal_like,candidate,instruction,instr_only,15,mmd_rbf,0.002962074475362897,128
aim_on_breadcrumbs__calib_uncensored_refusal_like,candidate,instruction,instr_only,15,projected_js,0.06046322789916303,128
aim_on_breadcrumbs__calib_uncensored_refusal_like,candidate,instruction,instr_only,16,mmd_rbf,0.003156487364321947,128
aim_on_breadcrumbs__calib_uncensored_refusal_like,candidate,instruction,instr_only,16,projected_js,0.05698421772103757,128
aim_on_breadcrumbs__calib_uncensored_refusal_like,candidate,instruction,instr_only,17,mmd_rbf,0.0032949422020465136,128
aim_on_breadcrumbs__calib_uncensored_refusal_like,candidate,instruction,instr_only,17,projected_js,0.055425281112547964,128
aim_on_breadcrumbs__calib_uncensored_refusal_like,candidate,instruction,instr_only,18,mmd_rbf,0.0036164280027151108,128
aim_on_breadcrumbs__calib_uncensored_refusal_like,candidate,instruction,instr_only,18,projected_js,0.058207414229400456,128
aim_on_breadcrumbs__calib_uncensored_refusal_like,candidate,instruction,instr_only,19,mmd_rbf,0.00402403948828578,128
aim_on_breadcrumbs__calib_uncensored_refusal_like,candidate,instruction,instr_only,19,projected_js,0.056672507082112134,128
aim_on_breadcrumbs__calib_uncensored_refusal_like,candidate,instruction,instr_only,20,mmd_rbf,0.004253624472767115,128
aim_on_breadcrumbs__calib_uncensored_refusal_like,candidate,instruction,instr_only,20,projected_js,0.057844863360514864,128
aim_on_breadcrumbs__calib_uncensored_refusal_like,candidate,instruction,instr_only,21,mmd_rbf,0.005257928743958473,128
aim_on_breadcrumbs__calib_uncensored_refusal_like,candidate,instruction,instr_only,21,projected_js,0.06402896798681468,128
aim_on_breadcrumbs__calib_uncensored_refusal_like,candidate,instruction,instr_only,22,mmd_rbf,0.005640293005853891,128
aim_on_breadcrumbs__calib_uncensored_refusal_like,candidate,instruction,instr_only,22,projected_js,0.05970302870264277,128
aim_on_breadcrumbs__calib_uncensored_refusal_like,candidate,instruction,instr_only,23,mmd_rbf,0.005726099945604801,128
aim_on_breadcrumbs__calib_uncensored_refusal_like,candidate,instruction,instr_only,23,projected_js,0.0620768828666769,128
aim_on_breadcrumbs__calib_uncensored_refusal_like,candidate,instruction,instr_only,24,mmd_rbf,0.005587040912359953,128
aim_on_breadcrumbs__calib_uncensored_refusal_like,candidate,instruction,instr_only,24,projected_js,0.0630355411558412,128
aim_on_breadcrumbs__calib_uncensored_refusal_like,candidate,instruction,instr_only,25,mmd_rbf,0.0056752092204988,128
aim_on_breadcrumbs__calib_uncensored_refusal_like,candidate,instruction,instr_only,25,projected_js,0.06574539717985317,128
aim_on_breadcrumbs__calib_uncensored_refusal_like,candidate,instruction,instr_only,26,mmd_rbf,0.00571140693500638,128
aim_on_breadcrumbs__calib_uncensored_refusal_like,candidate,instruction,instr_only,26,projected_js,0.06420633621746674,128
aim_on_breadcrumbs__calib_uncensored_refusal_like,candidate,instruction,instr_only,27,mmd_rbf,0.005683479830622673,128
aim_on_breadcrumbs__calib_uncensored_refusal_like,candidate,instruction,instr_only,27,projected_js,0.0647020802134648,128
aim_on_breadcrumbs__calib_uncensored_refusal_like,candidate,instruction,instr_only,28,mmd_rbf,0.005412562750279903,128
aim_on_breadcrumbs__calib_uncensored_refusal_like,candidate,instruction,instr_only,28,projected_js,0.061304028757149354,128
aim_on_breadcrumbs__calib_uncensored_refusal_like,candidate,instruction,instr_only,29,mmd_rbf,0.005126833450049162,128
aim_on_breadcrumbs__calib_uncensored_refusal_like,candidate,instruction,instr_only,29,projected_js,0.06005819299025461,128
aim_on_breadcrumbs__calib_uncensored_refusal_like,candidate,instruction,instr_only,30,mmd_rbf,0.005041616968810558,128
aim_on_breadcrumbs__calib_uncensored_refusal_like,candidate,instruction,instr_only,30,projected_js,0.0629404648207128,128
aim_on_breadcrumbs__calib_uncensored_refusal_like,candidate,instruction,instr_only,31,mmd_rbf,0.004927970003336668,128
aim_on_breadcrumbs__calib_uncensored_refusal_like,candidate,instruction,instr_only,31,projected_js,0.06321341285365634,128
aim_on_breadcrumbs__calib_uncensored_refusal_like,candidate,instruction,instr_only,32,mmd_rbf,0.005096909590065479,128
aim_on_breadcrumbs__calib_uncensored_refusal_like,candidate,instruction,instr_only,32,projected_js,0.0593727013329044,128
aim_on_breadcrumbs__calib_uncensored_refusal_like,candidate,instruction,instr_only,33,mmd_rbf,0.005442386493086815,128
aim_on_breadcrumbs__calib_uncensored_refusal_like,candidate,instruction,instr_only,33,projected_js,0.06164045800687745,128
aim_on_breadcrumbs__calib_uncensored_refusal_like,candidate,instruction,instr_only,34,mmd_rbf,0.008030887693166733,128
aim_on_breadcrumbs__calib_uncensored_refusal_like,candidate,instruction,instr_only,34,projected_js,0.06476755032781512,128
aim_on_breadcrumbs__calib_uncensored_refusal_like,candidate,instruction,instr_only,35,mmd_rbf,0.04922158271074295,128
aim_on_breadcrumbs__calib_uncensored_refusal_like,candidate,instruction,instr_only,35,projected_js,0.10715964663540944,128
aim_on_breadcrumbs__calib_uncensored_refusal_like,candidate,instruction,reasoning_only,0,mmd_rbf,0.006382873747497797,128
aim_on_breadcrumbs__calib_uncensored_refusal_like,candidate,instruction,reasoning_only,0,projected_js,0.05677078722510487,128
aim_on_breadcrumbs__calib_uncensored_refusal_like,candidate,instruction,reasoning_only,1,mmd_rbf,0.010133258067071438,128
aim_on_breadcrumbs__calib_uncensored_refusal_like,candidate,instruction,reasoning_only,1,projected_js,0.056733638513833284,128
aim_on_breadcrumbs__calib_uncensored_refusal_like,candidate,instruction,reasoning_only,2,mmd_rbf,0.01584513485431671,128
aim_on_breadcrumbs__calib_uncensored_refusal_like,candidate,instruction,reasoning_only,2,projected_js,0.06471770789357834,128
aim_on_breadcrumbs__calib_uncensored_refusal_like,candidate,instruction,reasoning_only,3,mmd_rbf,0.017715534195303917,128
aim_on_breadcrumbs__calib_uncensored_refusal_like,candidate,instruction,reasoning_only,3,projected_js,0.06887879085843451,128
aim_on_breadcrumbs__calib_uncensored_refusal_like,candidate,instruction,reasoning_only,4,mmd_rbf,0.019324399530887604,128
aim_on_breadcrumbs__calib_uncensored_refusal_like,candidate,instruction,reasoning_only,4,projected_js,0.07468790671555325,128
aim_on_breadcrumbs__calib_uncensored_refusal_like,candidate,instruction,reasoning_only,5,mmd_rbf,0.02173774503171444,128
aim_on_breadcrumbs__calib_uncensored_refusal_like,candidate,instruction,reasoning_only,5,projected_js,0.07574727816972882,128
aim_on_breadcrumbs__calib_uncensored_refusal_like,candidate,instruction,reasoning_only,6,mmd_rbf,0.016708482056856155,128
aim_on_breadcrumbs__calib_uncensored_refusal_like,candidate,instruction,reasoning_only,6,projected_js,0.07468242713366635,128
aim_on_breadcrumbs__calib_uncensored_refusal_like,candidate,instruction,reasoning_only,7,mmd_rbf,0.01644890010356903,128
aim_on_breadcrumbs__calib_uncensored_refusal_like,candidate,instruction,reasoning_only,7,projected_js,0.07585804822156206,128
aim_on_breadcrumbs__calib_uncensored_refusal_like,candidate,instruction,reasoning_only,8,mmd_rbf,0.012886635959148407,128
aim_on_breadcrumbs__calib_uncensored_refusal_like,candidate,instruction,reasoning_only,8,projected_js,0.07117895811097696,128
aim_on_breadcrumbs__calib_uncensored_refusal_like,candidate,instruction,reasoning_only,9,mmd_rbf,0.01261864323168993,128
aim_on_breadcrumbs__calib_uncensored_refusal_like,candidate,instruction,reasoning_only,9,projected_js,0.07071330264443532,128
aim_on_breadcrumbs__calib_uncensored_refusal_like,candidate,instruction,reasoning_only,10,mmd_rbf,0.014376923441886902,128
aim_on_breadcrumbs__calib_uncensored_refusal_like,candidate,instruction,reasoning_only,10,projected_js,0.07307765795849264,128
aim_on_breadcrumbs__calib_uncensored_refusal_like,candidate,instruction,reasoning_only,11,mmd_rbf,0.01388645637780428,128
aim_on_breadcrumbs__calib_uncensored_refusal_like,candidate,instruction,reasoning_only,11,projected_js,0.07212429569335654,128
aim_on_breadcrumbs__calib_uncensored_refusal_like,candidate,instruction,reasoning_only,12,mmd_rbf,0.014735132455825806,128
aim_on_breadcrumbs__calib_uncensored_refusal_like,candidate,instruction,reasoning_only,12,projected_js,0.07494160521309823,128
aim_on_breadcrumbs__calib_uncensored_refusal_like,candidate,instruction,reasoning_only,13,mmd_rbf,0.015485890209674835,128
aim_on_breadcrumbs__calib_uncensored_refusal_like,candidate,instruction,reasoning_only,13,projected_js,0.07543770311167464,128
aim_on_breadcrumbs__calib_uncensored_refusal_like,candidate,instruction,reasoning_only,14,mmd_rbf,0.015353172086179256,128
aim_on_breadcrumbs__calib_uncensored_refusal_like,candidate,instruction,reasoning_only,14,projected_js,0.07411577546736225,128
aim_on_breadcrumbs__calib_uncensored_refusal_like,candidate,instruction,reasoning_only,15,mmd_rbf,0.016316013410687447,128
aim_on_breadcrumbs__calib_uncensored_refusal_like,candidate,instruction,reasoning_only,15,projected_js,0.07574906933587044,128
aim_on_breadcrumbs__calib_uncensored_refusal_like,candidate,instruction,reasoning_only,16,mmd_rbf,0.01654960960149765,128
aim_on_breadcrumbs__calib_uncensored_refusal_like,candidate,instruction,reasoning_only,16,projected_js,0.07557782862568274,128
aim_on_breadcrumbs__calib_uncensored_refusal_like,candidate,instruction,reasoning_only,17,mmd_rbf,0.016633445397019386,128
aim_on_breadcrumbs__calib_uncensored_refusal_like,candidate,instruction,reasoning_only,17,projected_js,0.07005849928827956,128
aim_on_breadcrumbs__calib_uncensored_refusal_like,candidate,instruction,reasoning_only,18,mmd_rbf,0.01891341432929039,128
aim_on_breadcrumbs__calib_uncensored_refusal_like,candidate,instruction,reasoning_only,18,projected_js,0.07322663598461077,128
aim_on_breadcrumbs__calib_uncensored_refusal_like,candidate,instruction,reasoning_only,19,mmd_rbf,0.019563911482691765,128
aim_on_breadcrumbs__calib_uncensored_refusal_like,candidate,instruction,reasoning_only,19,projected_js,0.07661398302298039,128
aim_on_breadcrumbs__calib_uncensored_refusal_like,candidate,instruction,reasoning_only,20,mmd_rbf,0.019603313878178596,128
aim_on_breadcrumbs__calib_uncensored_refusal_like,candidate,instruction,reasoning_only,20,projected_js,0.07586286956211552,128
aim_on_breadcrumbs__calib_uncensored_refusal_like,candidate,instruction,reasoning_only,21,mmd_rbf,0.02015896514058113,128
aim_on_breadcrumbs__calib_uncensored_refusal_like,candidate,instruction,reasoning_only,21,projected_js,0.07965502110891975,128
aim_on_breadcrumbs__calib_uncensored_refusal_like,candidate,instruction,reasoning_only,22,mmd_rbf,0.019297216087579727,128
aim_on_breadcrumbs__calib_uncensored_refusal_like,candidate,instruction,reasoning_only,22,projected_js,0.07899468659888953,128
aim_on_breadcrumbs__calib_uncensored_refusal_like,candidate,instruction,reasoning_only,23,mmd_rbf,0.01673814095556736,128
aim_on_breadcrumbs__calib_uncensored_refusal_like,candidate,instruction,reasoning_only,23,projected_js,0.07822694804053754,128
aim_on_breadcrumbs__calib_uncensored_refusal_like,candidate,instruction,reasoning_only,24,mmd_rbf,0.017814993858337402,128
aim_on_breadcrumbs__calib_uncensored_refusal_like,candidate,instruction,reasoning_only,24,projected_js,0.07503667700802907,128
aim_on_breadcrumbs__calib_uncensored_refusal_like,candidate,instruction,reasoning_only,25,mmd_rbf,0.017124559730291367,128
aim_on_breadcrumbs__calib_uncensored_refusal_like,candidate,instruction,reasoning_only,25,projected_js,0.07702749886084348,128
aim_on_breadcrumbs__calib_uncensored_refusal_like,candidate,instruction,reasoning_only,26,mmd_rbf,0.017851535230875015,128
aim_on_breadcrumbs__calib_uncensored_refusal_like,candidate,instruction,reasoning_only,26,projected_js,0.07633528910810128,128
aim_on_breadcrumbs__calib_uncensored_refusal_like,candidate,instruction,reasoning_only,27,mmd_rbf,0.017719902098178864,128
aim_on_breadcrumbs__calib_uncensored_refusal_like,candidate,instruction,reasoning_only,27,projected_js,0.07654618786182255,128
aim_on_breadcrumbs__calib_uncensored_refusal_like,candidate,instruction,reasoning_only,28,mmd_rbf,0.018235517665743828,128
aim_on_breadcrumbs__calib_uncensored_refusal_like,candidate,instruction,reasoning_only,28,projected_js,0.07861119857989252,128
aim_on_breadcrumbs__calib_uncensored_refusal_like,candidate,instruction,reasoning_only,29,mmd_rbf,0.017784884199500084,128
aim_on_breadcrumbs__calib_uncensored_refusal_like,candidate,instruction,reasoning_only,29,projected_js,0.07636847847606987,128
aim_on_breadcrumbs__calib_uncensored_refusal_like,candidate,instruction,reasoning_only,30,mmd_rbf,0.018537316471338272,128
aim_on_breadcrumbs__calib_uncensored_refusal_like,candidate,instruction,reasoning_only,30,projected_js,0.07879619777668267,128
aim_on_breadcrumbs__calib_uncensored_refusal_like,candidate,instruction,reasoning_only,31,mmd_rbf,0.018534747883677483,128
aim_on_breadcrumbs__calib_uncensored_refusal_like,candidate,instruction,reasoning_only,31,projected_js,0.07557958510005847,128
aim_on_breadcrumbs__calib_uncensored_refusal_like,candidate,instruction,reasoning_only,32,mmd_rbf,0.017980849370360374,128
aim_on_breadcrumbs__calib_uncensored_refusal_like,candidate,instruction,reasoning_only,32,projected_js,0.07484782545361668,128
aim_on_breadcrumbs__calib_uncensored_refusal_like,candidate,instruction,reasoning_only,33,mmd_rbf,0.016390224918723106,128
aim_on_breadcrumbs__calib_uncensored_refusal_like,candidate,instruction,reasoning_only,33,projected_js,0.07314779364969581,128
aim_on_breadcrumbs__calib_uncensored_refusal_like,candidate,instruction,reasoning_only,34,mmd_rbf,0.016110366210341454,128
aim_on_breadcrumbs__calib_uncensored_refusal_like,candidate,instruction,reasoning_only,34,projected_js,0.07155134266940877,128
aim_on_breadcrumbs__calib_uncensored_refusal_like,candidate,instruction,reasoning_only,35,mmd_rbf,0.017001574859023094,128
aim_on_breadcrumbs__calib_uncensored_refusal_like,candidate,instruction,reasoning_only,35,projected_js,0.06781441258499399,128
aim_on_breadcrumbs__calib_uncensored_refusal_like,candidate,instruction,uncensored_only,0,mmd_rbf,0.006081548519432545,128
aim_on_breadcrumbs__calib_uncensored_refusal_like,candidate,instruction,uncensored_only,0,projected_js,0.049866453919094056,128
aim_on_breadcrumbs__calib_uncensored_refusal_like,candidate,instruction,uncensored_only,1,mmd_rbf,0.13569502532482147,128
aim_on_breadcrumbs__calib_uncensored_refusal_like,candidate,instruction,uncensored_only,1,projected_js,0.16012284386670217,128
aim_on_breadcrumbs__calib_uncensored_refusal_like,candidate,instruction,uncensored_only,2,mmd_rbf,0.12020426243543625,128
aim_on_breadcrumbs__calib_uncensored_refusal_like,candidate,instruction,uncensored_only,2,projected_js,0.13897871947847307,128
aim_on_breadcrumbs__calib_uncensored_refusal_like,candidate,instruction,uncensored_only,3,mmd_rbf,0.08963222801685333,128
aim_on_breadcrumbs__calib_uncensored_refusal_like,candidate,instruction,uncensored_only,3,projected_js,0.11787266281316988,128
aim_on_breadcrumbs__calib_uncensored_refusal_like,candidate,instruction,uncensored_only,4,mmd_rbf,0.0659981369972229,128
aim_on_breadcrumbs__calib_uncensored_refusal_like,candidate,instruction,uncensored_only,4,projected_js,0.11373755888780579,128
aim_on_breadcrumbs__calib_uncensored_refusal_like,candidate,instruction,uncensored_only,5,mmd_rbf,0.04938504472374916,128
aim_on_breadcrumbs__calib_uncensored_refusal_like,candidate,instruction,uncensored_only,5,projected_js,0.09865428326884285,128
aim_on_breadcrumbs__calib_uncensored_refusal_like,candidate,instruction,uncensored_only,6,mmd_rbf,0.029714269563555717,128
aim_on_breadcrumbs__calib_uncensored_refusal_like,candidate,instruction,uncensored_only,6,projected_js,0.0849690426257439,128
aim_on_breadcrumbs__calib_uncensored_refusal_like,candidate,instruction,uncensored_only,7,mmd_rbf,0.02402285672724247,128
aim_on_breadcrumbs__calib_uncensored_refusal_like,candidate,instruction,uncensored_only,7,projected_js,0.08293690654681996,128
aim_on_breadcrumbs__calib_uncensored_refusal_like,candidate,instruction,uncensored_only,8,mmd_rbf,0.01655135303735733,128
aim_on_breadcrumbs__calib_uncensored_refusal_like,candidate,instruction,uncensored_only,8,projected_js,0.0752262199530378,128
aim_on_breadcrumbs__calib_uncensored_refusal_like,candidate,instruction,uncensored_only,9,mmd_rbf,0.013615163043141365,128
aim_on_breadcrumbs__calib_uncensored_refusal_like,candidate,instruction,uncensored_only,9,projected_js,0.06531551823718473,128
aim_on_breadcrumbs__calib_uncensored_refusal_like,candidate,instruction,uncensored_only,10,mmd_rbf,0.01237888541072607,128
aim_on_breadcrumbs__calib_uncensored_refusal_like,candidate,instruction,uncensored_only,10,projected_js,0.0686797482194379,128
aim_on_breadcrumbs__calib_uncensored_refusal_like,candidate,instruction,uncensored_only,11,mmd_rbf,0.010175377130508423,128
aim_on_breadcrumbs__calib_uncensored_refusal_like,candidate,instruction,uncensored_only,11,projected_js,0.06836629056488164,128
aim_on_breadcrumbs__calib_uncensored_refusal_like,candidate,instruction,uncensored_only,12,mmd_rbf,0.010078306309878826,128
aim_on_breadcrumbs__calib_uncensored_refusal_like,candidate,instruction,uncensored_only,12,projected_js,0.070037302270066,128
aim_on_breadcrumbs__calib_uncensored_refusal_like,candidate,instruction,uncensored_only,13,mmd_rbf,0.010312095284461975,128
aim_on_breadcrumbs__calib_uncensored_refusal_like,candidate,instruction,uncensored_only,13,projected_js,0.06852973630884662,128
aim_on_breadcrumbs__calib_uncensored_refusal_like,candidate,instruction,uncensored_only,14,mmd_rbf,0.011245795525610447,128
aim_on_breadcrumbs__calib_uncensored_refusal_like,candidate,instruction,uncensored_only,14,projected_js,0.06670517555903643,128
aim_on_breadcrumbs__calib_uncensored_refusal_like,candidate,instruction,uncensored_only,15,mmd_rbf,0.013393038883805275,128
aim_on_breadcrumbs__calib_uncensored_refusal_like,candidate,instruction,uncensored_only,15,projected_js,0.07157568115508184,128
aim_on_breadcrumbs__calib_uncensored_refusal_like,candidate,instruction,uncensored_only,16,mmd_rbf,0.014295306988060474,128
aim_on_breadcrumbs__calib_uncensored_refusal_like,candidate,instruction,uncensored_only,16,projected_js,0.07260847958968952,128
aim_on_breadcrumbs__calib_uncensored_refusal_like,candidate,instruction,uncensored_only,17,mmd_rbf,0.01358314510434866,128
aim_on_breadcrumbs__calib_uncensored_refusal_like,candidate,instruction,uncensored_only,17,projected_js,0.06856312224408612,128
aim_on_breadcrumbs__calib_uncensored_refusal_like,candidate,instruction,uncensored_only,18,mmd_rbf,0.013885753229260445,128
aim_on_breadcrumbs__calib_uncensored_refusal_like,candidate,instruction,uncensored_only,18,projected_js,0.07287635223474354,128
aim_on_breadcrumbs__calib_uncensored_refusal_like,candidate,instruction,uncensored_only,19,mmd_rbf,0.013798259198665619,128
aim_on_breadcrumbs__calib_uncensored_refusal_like,candidate,instruction,uncensored_only,19,projected_js,0.07393191283335909,128
aim_on_breadcrumbs__calib_uncensored_refusal_like,candidate,instruction,uncensored_only,20,mmd_rbf,0.014337117783725262,128
aim_on_breadcrumbs__calib_uncensored_refusal_like,candidate,instruction,uncensored_only,20,projected_js,0.07164681854192168,128
aim_on_breadcrumbs__calib_uncensored_refusal_like,candidate,instruction,uncensored_only,21,mmd_rbf,0.01590179279446602,128
aim_on_breadcrumbs__calib_uncensored_refusal_like,candidate,instruction,uncensored_only,21,projected_js,0.07547900808276609,128
aim_on_breadcrumbs__calib_uncensored_refusal_like,candidate,instruction,uncensored_only,22,mmd_rbf,0.017599673941731453,128
aim_on_breadcrumbs__calib_uncensored_refusal_like,candidate,instruction,uncensored_only,22,projected_js,0.07132285076659173,128
aim_on_breadcrumbs__calib_uncensored_refusal_like,candidate,instruction,uncensored_only,23,mmd_rbf,0.017792021855711937,128
aim_on_breadcrumbs__calib_uncensored_refusal_like,candidate,instruction,uncensored_only,23,projected_js,0.07567405659938231,128
aim_on_breadcrumbs__calib_uncensored_refusal_like,candidate,instruction,uncensored_only,24,mmd_rbf,0.019007142633199692,128
aim_on_breadcrumbs__calib_uncensored_refusal_like,candidate,instruction,uncensored_only,24,projected_js,0.07548997161211446,128
aim_on_breadcrumbs__calib_uncensored_refusal_like,candidate,instruction,uncensored_only,25,mmd_rbf,0.019650334492325783,128
aim_on_breadcrumbs__calib_uncensored_refusal_like,candidate,instruction,uncensored_only,25,projected_js,0.08083379175513983,128
aim_on_breadcrumbs__calib_uncensored_refusal_like,candidate,instruction,uncensored_only,26,mmd_rbf,0.01990896835923195,128
aim_on_breadcrumbs__calib_uncensored_refusal_like,candidate,instruction,uncensored_only,26,projected_js,0.08091243915259838,128
aim_on_breadcrumbs__calib_uncensored_refusal_like,candidate,instruction,uncensored_only,27,mmd_rbf,0.01976926438510418,128
aim_on_breadcrumbs__calib_uncensored_refusal_like,candidate,instruction,uncensored_only,27,projected_js,0.07692878547823057,128
aim_on_breadcrumbs__calib_uncensored_refusal_like,candidate,instruction,uncensored_only,28,mmd_rbf,0.01756955496966839,128
aim_on_breadcrumbs__calib_uncensored_refusal_like,candidate,instruction,uncensored_only,28,projected_js,0.07347717537777498,128
aim_on_breadcrumbs__calib_uncensored_refusal_like,candidate,instruction,uncensored_only,29,mmd_rbf,0.01656259037554264,128
aim_on_breadcrumbs__calib_uncensored_refusal_like,candidate,instruction,uncensored_only,29,projected_js,0.07495297881541774,128
aim_on_breadcrumbs__calib_uncensored_refusal_like,candidate,instruction,uncensored_only,30,mmd_rbf,0.016498392447829247,128
aim_on_breadcrumbs__calib_uncensored_refusal_like,candidate,instruction,uncensored_only,30,projected_js,0.06963419320527464,128
aim_on_breadcrumbs__calib_uncensored_refusal_like,candidate,instruction,uncensored_only,31,mmd_rbf,0.015773411840200424,128
aim_on_breadcrumbs__calib_uncensored_refusal_like,candidate,instruction,uncensored_only,31,projected_js,0.07515931909438223,128
aim_on_breadcrumbs__calib_uncensored_refusal_like,candidate,instruction,uncensored_only,32,mmd_rbf,0.015682009980082512,128
aim_on_breadcrumbs__calib_uncensored_refusal_like,candidate,instruction,uncensored_only,32,projected_js,0.0686813362990506,128
aim_on_breadcrumbs__calib_uncensored_refusal_like,candidate,instruction,uncensored_only,33,mmd_rbf,0.015696845948696136,128
aim_on_breadcrumbs__calib_uncensored_refusal_like,candidate,instruction,uncensored_only,33,projected_js,0.07153381855459884,128
aim_on_breadcrumbs__calib_uncensored_refusal_like,candidate,instruction,uncensored_only,34,mmd_rbf,0.017989501357078552,128
aim_on_breadcrumbs__calib_uncensored_refusal_like,candidate,instruction,uncensored_only,34,projected_js,0.07675003743497655,128
aim_on_breadcrumbs__calib_uncensored_refusal_like,candidate,instruction,uncensored_only,35,mmd_rbf,0.059205926954746246,128
aim_on_breadcrumbs__calib_uncensored_refusal_like,candidate,instruction,uncensored_only,35,projected_js,0.10709854221204296,128
aim_on_breadcrumbs__calib_uncensored_refusal_like,candidate,reasoning,base,0,mmd_rbf,0.0025971592403948307,128
aim_on_breadcrumbs__calib_uncensored_refusal_like,candidate,reasoning,base,0,projected_js,0.044377657875884324,128
aim_on_breadcrumbs__calib_uncensored_refusal_like,candidate,reasoning,base,1,mmd_rbf,0.00475717056542635,128
aim_on_breadcrumbs__calib_uncensored_refusal_like,candidate,reasoning,base,1,projected_js,0.047971320687793195,128
aim_on_breadcrumbs__calib_uncensored_refusal_like,candidate,reasoning,base,2,mmd_rbf,0.006344515364617109,128
aim_on_breadcrumbs__calib_uncensored_refusal_like,candidate,reasoning,base,2,projected_js,0.052343872433993965,128
aim_on_breadcrumbs__calib_uncensored_refusal_like,candidate,reasoning,base,3,mmd_rbf,0.007591673173010349,128
aim_on_breadcrumbs__calib_uncensored_refusal_like,candidate,reasoning,base,3,projected_js,0.05777476096409373,128
aim_on_breadcrumbs__calib_uncensored_refusal_like,candidate,reasoning,base,4,mmd_rbf,0.007731567602604628,128
aim_on_breadcrumbs__calib_uncensored_refusal_like,candidate,reasoning,base,4,projected_js,0.05585571948904544,128
aim_on_breadcrumbs__calib_uncensored_refusal_like,candidate,reasoning,base,5,mmd_rbf,0.006934619974344969,128
aim_on_breadcrumbs__calib_uncensored_refusal_like,candidate,reasoning,base,5,projected_js,0.053398702293634415,128
aim_on_breadcrumbs__calib_uncensored_refusal_like,candidate,reasoning,base,6,mmd_rbf,0.005549839232116938,128
aim_on_breadcrumbs__calib_uncensored_refusal_like,candidate,reasoning,base,6,projected_js,0.05465050452039577,128
aim_on_breadcrumbs__calib_uncensored_refusal_like,candidate,reasoning,base,7,mmd_rbf,0.005247554276138544,128
aim_on_breadcrumbs__calib_uncensored_refusal_like,candidate,reasoning,base,7,projected_js,0.05597487633349374,128
aim_on_breadcrumbs__calib_uncensored_refusal_like,candidate,reasoning,base,8,mmd_rbf,0.0048584891483187675,128
aim_on_breadcrumbs__calib_uncensored_refusal_like,candidate,reasoning,base,8,projected_js,0.056510433612857014,128
aim_on_breadcrumbs__calib_uncensored_refusal_like,candidate,reasoning,base,9,mmd_rbf,0.005224148742854595,128
aim_on_breadcrumbs__calib_uncensored_refusal_like,candidate,reasoning,base,9,projected_js,0.05794364778557792,128
aim_on_breadcrumbs__calib_uncensored_refusal_like,candidate,reasoning,base,10,mmd_rbf,0.0055738515220582485,128
aim_on_breadcrumbs__calib_uncensored_refusal_like,candidate,reasoning,base,10,projected_js,0.05492351978318766,128
aim_on_breadcrumbs__calib_uncensored_refusal_like,candidate,reasoning,base,11,mmd_rbf,0.005212565418332815,128
aim_on_breadcrumbs__calib_uncensored_refusal_like,candidate,reasoning,base,11,projected_js,0.059738678159192204,128
aim_on_breadcrumbs__calib_uncensored_refusal_like,candidate,reasoning,base,12,mmd_rbf,0.005386995617300272,128
aim_on_breadcrumbs__calib_uncensored_refusal_like,candidate,reasoning,base,12,projected_js,0.054211275884881616,128
aim_on_breadcrumbs__calib_uncensored_refusal_like,candidate,reasoning,base,13,mmd_rbf,0.005482983775436878,128
aim_on_breadcrumbs__calib_uncensored_refusal_like,candidate,reasoning,base,13,projected_js,0.05985508020967245,128
aim_on_breadcrumbs__calib_uncensored_refusal_like,candidate,reasoning,base,14,mmd_rbf,0.005520879756659269,128
aim_on_breadcrumbs__calib_uncensored_refusal_like,candidate,reasoning,base,14,projected_js,0.05905104160774499,128
aim_on_breadcrumbs__calib_uncensored_refusal_like,candidate,reasoning,base,15,mmd_rbf,0.005841757636517286,128
aim_on_breadcrumbs__calib_uncensored_refusal_like,candidate,reasoning,base,15,projected_js,0.05916815571254119,128
aim_on_breadcrumbs__calib_uncensored_refusal_like,candidate,reasoning,base,16,mmd_rbf,0.006307670380920172,128
aim_on_breadcrumbs__calib_uncensored_refusal_like,candidate,reasoning,base,16,projected_js,0.05952010725741275,128
aim_on_breadcrumbs__calib_uncensored_refusal_like,candidate,reasoning,base,17,mmd_rbf,0.006193196401000023,128
aim_on_breadcrumbs__calib_uncensored_refusal_like,candidate,reasoning,base,17,projected_js,0.061486954567953944,128
aim_on_breadcrumbs__calib_uncensored_refusal_like,candidate,reasoning,base,18,mmd_rbf,0.006465494632720947,128
aim_on_breadcrumbs__calib_uncensored_refusal_like,candidate,reasoning,base,18,projected_js,0.059651960094925016,128
aim_on_breadcrumbs__calib_uncensored_refusal_like,candidate,reasoning,base,19,mmd_rbf,0.006641594227403402,128
aim_on_breadcrumbs__calib_uncensored_refusal_like,candidate,reasoning,base,19,projected_js,0.06356600986327976,128
aim_on_breadcrumbs__calib_uncensored_refusal_like,candidate,reasoning,base,20,mmd_rbf,0.006489795632660389,128
aim_on_breadcrumbs__calib_uncensored_refusal_like,candidate,reasoning,base,20,projected_js,0.061142867809394374,128
aim_on_breadcrumbs__calib_uncensored_refusal_like,candidate,reasoning,base,21,mmd_rbf,0.006526048760861158,128
aim_on_breadcrumbs__calib_uncensored_refusal_like,candidate,reasoning,base,21,projected_js,0.06094470334937796,128
aim_on_breadcrumbs__calib_uncensored_refusal_like,candidate,reasoning,base,22,mmd_rbf,0.006218228954821825,128
aim_on_breadcrumbs__calib_uncensored_refusal_like,candidate,reasoning,base,22,projected_js,0.06113311694934964,128
aim_on_breadcrumbs__calib_uncensored_refusal_like,candidate,reasoning,base,23,mmd_rbf,0.0062206340953707695,128
aim_on_breadcrumbs__calib_uncensored_refusal_like,candidate,reasoning,base,23,projected_js,0.05597748392028734,128
aim_on_breadcrumbs__calib_uncensored_refusal_like,candidate,reasoning,base,24,mmd_rbf,0.005889160558581352,128
aim_on_breadcrumbs__calib_uncensored_refusal_like,candidate,reasoning,base,24,projected_js,0.05668414488900453,128
aim_on_breadcrumbs__calib_uncensored_refusal_like,candidate,reasoning,base,25,mmd_rbf,0.005700291134417057,128
aim_on_breadcrumbs__calib_uncensored_refusal_like,candidate,reasoning,base,25,projected_js,0.05979247862705961,128
aim_on_breadcrumbs__calib_uncensored_refusal_like,candidate,reasoning,base,26,mmd_rbf,0.005702144466340542,128
aim_on_breadcrumbs__calib_uncensored_refusal_like,candidate,reasoning,base,26,projected_js,0.06036483382922597,128
aim_on_breadcrumbs__calib_uncensored_refusal_like,candidate,reasoning,base,27,mmd_rbf,0.005806528031826019,128
aim_on_breadcrumbs__calib_uncensored_refusal_like,candidate,reasoning,base,27,projected_js,0.06341781269293278,128
aim_on_breadcrumbs__calib_uncensored_refusal_like,candidate,reasoning,base,28,mmd_rbf,0.005906428676098585,128
aim_on_breadcrumbs__calib_uncensored_refusal_like,candidate,reasoning,base,28,projected_js,0.06255814083851874,128
aim_on_breadcrumbs__calib_uncensored_refusal_like,candidate,reasoning,base,29,mmd_rbf,0.006106434855610132,128
aim_on_breadcrumbs__calib_uncensored_refusal_like,candidate,reasoning,base,29,projected_js,0.062327963300049305,128
aim_on_breadcrumbs__calib_uncensored_refusal_like,candidate,reasoning,base,30,mmd_rbf,0.006206050980836153,128
aim_on_breadcrumbs__calib_uncensored_refusal_like,candidate,reasoning,base,30,projected_js,0.057884400797775015,128
aim_on_breadcrumbs__calib_uncensored_refusal_like,candidate,reasoning,base,31,mmd_rbf,0.006305427756160498,128
aim_on_breadcrumbs__calib_uncensored_refusal_like,candidate,reasoning,base,31,projected_js,0.06052544550038874,128
aim_on_breadcrumbs__calib_uncensored_refusal_like,candidate,reasoning,base,32,mmd_rbf,0.006648988928645849,128
aim_on_breadcrumbs__calib_uncensored_refusal_like,candidate,reasoning,base,32,projected_js,0.05756475732778199,128
aim_on_breadcrumbs__calib_uncensored_refusal_like,candidate,reasoning,base,33,mmd_rbf,0.006753177847713232,128
aim_on_breadcrumbs__calib_uncensored_refusal_like,candidate,reasoning,base,33,projected_js,0.06013589492067695,128
aim_on_breadcrumbs__calib_uncensored_refusal_like,candidate,reasoning,base,34,mmd_rbf,0.008720445446670055,128
aim_on_breadcrumbs__calib_uncensored_refusal_like,candidate,reasoning,base,34,projected_js,0.0656658632797189,128
aim_on_breadcrumbs__calib_uncensored_refusal_like,candidate,reasoning,base,35,mmd_rbf,0.028609061613678932,128
aim_on_breadcrumbs__calib_uncensored_refusal_like,candidate,reasoning,base,35,projected_js,0.07659259700449184,128
aim_on_breadcrumbs__calib_uncensored_refusal_like,candidate,reasoning,instr_only,0,mmd_rbf,0.0012256443733349442,128
aim_on_breadcrumbs__calib_uncensored_refusal_like,candidate,reasoning,instr_only,0,projected_js,0.0332388389215339,128
aim_on_breadcrumbs__calib_uncensored_refusal_like,candidate,reasoning,instr_only,1,mmd_rbf,0.001798999379388988,128
aim_on_breadcrumbs__calib_uncensored_refusal_like,candidate,reasoning,instr_only,1,projected_js,0.03390202997252345,128
aim_on_breadcrumbs__calib_uncensored_refusal_like,candidate,reasoning,instr_only,2,mmd_rbf,0.0022953033912926912,128
aim_on_breadcrumbs__calib_uncensored_refusal_like,candidate,reasoning,instr_only,2,projected_js,0.03879946787492372,128
aim_on_breadcrumbs__calib_uncensored_refusal_like,candidate,reasoning,instr_only,3,mmd_rbf,0.002430833876132965,128
aim_on_breadcrumbs__calib_uncensored_refusal_like,candidate,reasoning,instr_only,3,projected_js,0.039245144042070024,128
aim_on_breadcrumbs__calib_uncensored_refusal_like,candidate,reasoning,instr_only,4,mmd_rbf,0.002425903221592307,128
aim_on_breadcrumbs__calib_uncensored_refusal_like,candidate,reasoning,instr_only,4,projected_js,0.039697188389254734,128
aim_on_breadcrumbs__calib_uncensored_refusal_like,candidate,reasoning,instr_only,5,mmd_rbf,0.0025163472164422274,128
aim_on_breadcrumbs__calib_uncensored_refusal_like,candidate,reasoning,instr_only,5,projected_js,0.03996465682575945,128
aim_on_breadcrumbs__calib_uncensored_refusal_like,candidate,reasoning,instr_only,6,mmd_rbf,0.002003914210945368,128
aim_on_breadcrumbs__calib_uncensored_refusal_like,candidate,reasoning,instr_only,6,projected_js,0.04362748280982487,128
aim_on_breadcrumbs__calib_uncensored_refusal_like,candidate,reasoning,instr_only,7,mmd_rbf,0.001957391621544957,128
aim_on_breadcrumbs__calib_uncensored_refusal_like,candidate,reasoning,instr_only,7,projected_js,0.04673834051936865,128
aim_on_breadcrumbs__calib_uncensored_refusal_like,candidate,reasoning,instr_only,8,mmd_rbf,0.0018198661273345351,128
aim_on_breadcrumbs__calib_uncensored_refusal_like,candidate,reasoning,instr_only,8,projected_js,0.04646343619970139,128
aim_on_breadcrumbs__calib_uncensored_refusal_like,candidate,reasoning,instr_only,9,mmd_rbf,0.001898680697195232,128
aim_on_breadcrumbs__calib_uncensored_refusal_like,candidate,reasoning,instr_only,9,projected_js,0.048454119969392195,128
aim_on_breadcrumbs__calib_uncensored_refusal_like,candidate,reasoning,instr_only,10,mmd_rbf,0.001802450860850513,128
aim_on_breadcrumbs__calib_uncensored_refusal_like,candidate,reasoning,instr_only,10,projected_js,0.04486721844295971,128
aim_on_breadcrumbs__calib_uncensored_refusal_like,candidate,reasoning,instr_only,11,mmd_rbf,0.0016244121361523867,128
aim_on_breadcrumbs__calib_uncensored_refusal_like,candidate,reasoning,instr_only,11,projected_js,0.04762113929609768,128
aim_on_breadcrumbs__calib_uncensored_refusal_like,candidate,reasoning,instr_only,12,mmd_rbf,0.001641201670281589,128
aim_on_breadcrumbs__calib_uncensored_refusal_like,candidate,reasoning,instr_only,12,projected_js,0.04762419546023011,128
aim_on_breadcrumbs__calib_uncensored_refusal_like,candidate,reasoning,instr_only,13,mmd_rbf,0.0017860785592347383,128
aim_on_breadcrumbs__calib_uncensored_refusal_like,candidate,reasoning,instr_only,13,projected_js,0.05035659339046106,128
aim_on_breadcrumbs__calib_uncensored_refusal_like,candidate,reasoning,instr_only,14,mmd_rbf,0.0016875028377398849,128
aim_on_breadcrumbs__calib_uncensored_refusal_like,candidate,reasoning,instr_only,14,projected_js,0.049791392375482246,128
aim_on_breadcrumbs__calib_uncensored_refusal_like,candidate,reasoning,instr_only,15,mmd_rbf,0.00182611052878201,128
aim_on_breadcrumbs__calib_uncensored_refusal_like,candidate,reasoning,instr_only,15,projected_js,0.051252927689347416,128
aim_on_breadcrumbs__calib_uncensored_refusal_like,candidate,reasoning,instr_only,16,mmd_rbf,0.0019564093090593815,128
aim_on_breadcrumbs__calib_uncensored_refusal_like,candidate,reasoning,instr_only,16,projected_js,0.05141228169668466,128
aim_on_breadcrumbs__calib_uncensored_refusal_like,candidate,reasoning,instr_only,17,mmd_rbf,0.0020819269120693207,128
aim_on_breadcrumbs__calib_uncensored_refusal_like,candidate,reasoning,instr_only,17,projected_js,0.050341533205937594,128
aim_on_breadcrumbs__calib_uncensored_refusal_like,candidate,reasoning,instr_only,18,mmd_rbf,0.002227919176220894,128
aim_on_breadcrumbs__calib_uncensored_refusal_like,candidate,reasoning,instr_only,18,projected_js,0.05230223073158413,128
aim_on_breadcrumbs__calib_uncensored_refusal_like,candidate,reasoning,instr_only,19,mmd_rbf,0.0023251622915267944,128
aim_on_breadcrumbs__calib_uncensored_refusal_like,candidate,reasoning,instr_only,19,projected_js,0.05277991699404083,128
aim_on_breadcrumbs__calib_uncensored_refusal_like,candidate,reasoning,instr_only,20,mmd_rbf,0.0023294498678296804,128
aim_on_breadcrumbs__calib_uncensored_refusal_like,candidate,reasoning,instr_only,20,projected_js,0.05171870323829353,128
aim_on_breadcrumbs__calib_uncensored_refusal_like,candidate,reasoning,instr_only,21,mmd_rbf,0.0024349160958081484,128
aim_on_breadcrumbs__calib_uncensored_refusal_like,candidate,reasoning,instr_only,21,projected_js,0.05308818517369218,128
aim_on_breadcrumbs__calib_uncensored_refusal_like,candidate,reasoning,instr_only,22,mmd_rbf,0.002420919481664896,128
aim_on_breadcrumbs__calib_uncensored_refusal_like,candidate,reasoning,instr_only,22,projected_js,0.05191375163849443,128
aim_on_breadcrumbs__calib_uncensored_refusal_like,candidate,reasoning,instr_only,23,mmd_rbf,0.0023305972572416067,128
aim_on_breadcrumbs__calib_uncensored_refusal_like,candidate,reasoning,instr_only,23,projected_js,0.052022855496034026,128
aim_on_breadcrumbs__calib_uncensored_refusal_like,candidate,reasoning,instr_only,24,mmd_rbf,0.00229564867913723,128
aim_on_breadcrumbs__calib_uncensored_refusal_like,candidate,reasoning,instr_only,24,projected_js,0.04894928223802708,128
aim_on_breadcrumbs__calib_uncensored_refusal_like,candidate,reasoning,instr_only,25,mmd_rbf,0.0022402869071811438,128
aim_on_breadcrumbs__calib_uncensored_refusal_like,candidate,reasoning,instr_only,25,projected_js,0.04976320170680992,128
aim_on_breadcrumbs__calib_uncensored_refusal_like,candidate,reasoning,instr_only,26,mmd_rbf,0.002214142819866538,128
aim_on_breadcrumbs__calib_uncensored_refusal_like,candidate,reasoning,instr_only,26,projected_js,0.053030792623758316,128
aim_on_breadcrumbs__calib_uncensored_refusal_like,candidate,reasoning,instr_only,27,mmd_rbf,0.0022482441272586584,128
aim_on_breadcrumbs__calib_uncensored_refusal_like,candidate,reasoning,instr_only,27,projected_js,0.05614444601815194,128
aim_on_breadcrumbs__calib_uncensored_refusal_like,candidate,reasoning,instr_only,28,mmd_rbf,0.002328026806935668,128
aim_on_breadcrumbs__calib_uncensored_refusal_like,candidate,reasoning,instr_only,28,projected_js,0.050532752124127,128
aim_on_breadcrumbs__calib_uncensored_refusal_like,candidate,reasoning,instr_only,29,mmd_rbf,0.002299670595675707,128
aim_on_breadcrumbs__calib_uncensored_refusal_like,candidate,reasoning,instr_only,29,projected_js,0.05403849156573415,128
aim_on_breadcrumbs__calib_uncensored_refusal_like,candidate,reasoning,instr_only,30,mmd_rbf,0.0023596547544002533,128
aim_on_breadcrumbs__calib_uncensored_refusal_like,candidate,reasoning,instr_only,30,projected_js,0.04998022224754095,128
aim_on_breadcrumbs__calib_uncensored_refusal_like,candidate,reasoning,instr_only,31,mmd_rbf,0.0024598941672593355,128
aim_on_breadcrumbs__calib_uncensored_refusal_like,candidate,reasoning,instr_only,31,projected_js,0.053342179977335036,128
aim_on_breadcrumbs__calib_uncensored_refusal_like,candidate,reasoning,instr_only,32,mmd_rbf,0.002681294921785593,128
aim_on_breadcrumbs__calib_uncensored_refusal_like,candidate,reasoning,instr_only,32,projected_js,0.053274304984370247,128
aim_on_breadcrumbs__calib_uncensored_refusal_like,candidate,reasoning,instr_only,33,mmd_rbf,0.0030023385770618916,128
aim_on_breadcrumbs__calib_uncensored_refusal_like,candidate,reasoning,instr_only,33,projected_js,0.052856520895147696,128
aim_on_breadcrumbs__calib_uncensored_refusal_like,candidate,reasoning,instr_only,34,mmd_rbf,0.00478148041293025,128
aim_on_breadcrumbs__calib_uncensored_refusal_like,candidate,reasoning,instr_only,34,projected_js,0.057643363950774074,128
aim_on_breadcrumbs__calib_uncensored_refusal_like,candidate,reasoning,instr_only,35,mmd_rbf,0.03829128295183182,128
aim_on_breadcrumbs__calib_uncensored_refusal_like,candidate,reasoning,instr_only,35,projected_js,0.08642669481923804,128
aim_on_breadcrumbs__calib_uncensored_refusal_like,candidate,reasoning,reasoning_only,0,mmd_rbf,0.00383775238879025,128
aim_on_breadcrumbs__calib_uncensored_refusal_like,candidate,reasoning,reasoning_only,0,projected_js,0.04617127752862871,128
aim_on_breadcrumbs__calib_uncensored_refusal_like,candidate,reasoning,reasoning_only,1,mmd_rbf,0.006095712073147297,128
aim_on_breadcrumbs__calib_uncensored_refusal_like,candidate,reasoning,reasoning_only,1,projected_js,0.05059553193859756,128
aim_on_breadcrumbs__calib_uncensored_refusal_like,candidate,reasoning,reasoning_only,2,mmd_rbf,0.0115007683634758,128
aim_on_breadcrumbs__calib_uncensored_refusal_like,candidate,reasoning,reasoning_only,2,projected_js,0.06072235442115925,128
aim_on_breadcrumbs__calib_uncensored_refusal_like,candidate,reasoning,reasoning_only,3,mmd_rbf,0.014012749306857586,128
aim_on_breadcrumbs__calib_uncensored_refusal_like,candidate,reasoning,reasoning_only,3,projected_js,0.06469213764648885,128
aim_on_breadcrumbs__calib_uncensored_refusal_like,candidate,reasoning,reasoning_only,4,mmd_rbf,0.013740703463554382,128
aim_on_breadcrumbs__calib_uncensored_refusal_like,candidate,reasoning,reasoning_only,4,projected_js,0.0653442622278817,128
aim_on_breadcrumbs__calib_uncensored_refusal_like,candidate,reasoning,reasoning_only,5,mmd_rbf,0.013241454027593136,128
aim_on_breadcrumbs__calib_uncensored_refusal_like,candidate,reasoning,reasoning_only,5,projected_js,0.0642578876868356,128
aim_on_breadcrumbs__calib_uncensored_refusal_like,candidate,reasoning,reasoning_only,6,mmd_rbf,0.010140198282897472,128
aim_on_breadcrumbs__calib_uncensored_refusal_like,candidate,reasoning,reasoning_only,6,projected_js,0.06454935518559068,128
aim_on_breadcrumbs__calib_uncensored_refusal_like,candidate,reasoning,reasoning_only,7,mmd_rbf,0.01052964385598898,128
aim_on_breadcrumbs__calib_uncensored_refusal_like,candidate,reasoning,reasoning_only,7,projected_js,0.06312964583048597,128
aim_on_breadcrumbs__calib_uncensored_refusal_like,candidate,reasoning,reasoning_only,8,mmd_rbf,0.009168597869575024,128
aim_on_breadcrumbs__calib_uncensored_refusal_like,candidate,reasoning,reasoning_only,8,projected_js,0.06467405473813415,128
aim_on_breadcrumbs__calib_uncensored_refusal_like,candidate,reasoning,reasoning_only,9,mmd_rbf,0.009313042275607586,128
aim_on_breadcrumbs__calib_uncensored_refusal_like,candidate,reasoning,reasoning_only,9,projected_js,0.06002703763078898,128
aim_on_breadcrumbs__calib_uncensored_refusal_like,candidate,reasoning,reasoning_only,10,mmd_rbf,0.01026231236755848,128
aim_on_breadcrumbs__calib_uncensored_refusal_like,candidate,reasoning,reasoning_only,10,projected_js,0.06439491407945752,128
aim_on_breadcrumbs__calib_uncensored_refusal_like,candidate,reasoning,reasoning_only,11,mmd_rbf,0.009800301864743233,128
aim_on_breadcrumbs__calib_uncensored_refusal_like,candidate,reasoning,reasoning_only,11,projected_js,0.060892674955539405,128
aim_on_breadcrumbs__calib_uncensored_refusal_like,candidate,reasoning,reasoning_only,12,mmd_rbf,0.009970239363610744,128
aim_on_breadcrumbs__calib_uncensored_refusal_like,candidate,reasoning,reasoning_only,12,projected_js,0.06067933011217974,128
aim_on_breadcrumbs__calib_uncensored_refusal_like,candidate,reasoning,reasoning_only,13,mmd_rbf,0.010305066592991352,128
aim_on_breadcrumbs__calib_uncensored_refusal_like,candidate,reasoning,reasoning_only,13,projected_js,0.06601540837436914,128
aim_on_breadcrumbs__calib_uncensored_refusal_like,candidate,reasoning,reasoning_only,14,mmd_rbf,0.010255194269120693,128
aim_on_breadcrumbs__calib_uncensored_refusal_like,candidate,reasoning,reasoning_only,14,projected_js,0.060866937739774585,128
aim_on_breadcrumbs__calib_uncensored_refusal_like,candidate,reasoning,reasoning_only,15,mmd_rbf,0.011153693310916424,128
aim_on_breadcrumbs__calib_uncensored_refusal_like,candidate,reasoning,reasoning_only,15,projected_js,0.0643362573464401,128
aim_on_breadcrumbs__calib_uncensored_refusal_like,candidate,reasoning,reasoning_only,16,mmd_rbf,0.011573261581361294,128
aim_on_breadcrumbs__calib_uncensored_refusal_like,candidate,reasoning,reasoning_only,16,projected_js,0.06657440197886899,128
aim_on_breadcrumbs__calib_uncensored_refusal_like,candidate,reasoning,reasoning_only,17,mmd_rbf,0.0115112429484725,128
aim_on_breadcrumbs__calib_uncensored_refusal_like,candidate,reasoning,reasoning_only,17,projected_js,0.06507382570998743,128
aim_on_breadcrumbs__calib_uncensored_refusal_like,candidate,reasoning,reasoning_only,18,mmd_rbf,0.012990704737603664,128
aim_on_breadcrumbs__calib_uncensored_refusal_like,candidate,reasoning,reasoning_only,18,projected_js,0.06598252907861024,128
aim_on_breadcrumbs__calib_uncensored_refusal_like,candidate,reasoning,reasoning_only,19,mmd_rbf,0.01243919413536787,128
aim_on_breadcrumbs__calib_uncensored_refusal_like,candidate,reasoning,reasoning_only,19,projected_js,0.06737818598048761,128
aim_on_breadcrumbs__calib_uncensored_refusal_like,candidate,reasoning,reasoning_only,20,mmd_rbf,0.012002771720290184,128
aim_on_breadcrumbs__calib_uncensored_refusal_like,candidate,reasoning,reasoning_only,20,projected_js,0.0672164645511657,128
aim_on_breadcrumbs__calib_uncensored_refusal_like,candidate,reasoning,reasoning_only,21,mmd_rbf,0.0122806616127491,128
aim_on_breadcrumbs__calib_uncensored_refusal_like,candidate,reasoning,reasoning_only,21,projected_js,0.0646880030981265,128
aim_on_breadcrumbs__calib_uncensored_refusal_like,candidate,reasoning,reasoning_only,22,mmd_rbf,0.01057018805295229,128
aim_on_breadcrumbs__calib_uncensored_refusal_like,candidate,reasoning,reasoning_only,22,projected_js,0.0616840566508472,128
aim_on_breadcrumbs__calib_uncensored_refusal_like,candidate,reasoning,reasoning_only,23,mmd_rbf,0.008686534129083157,128
aim_on_breadcrumbs__calib_uncensored_refusal_like,candidate,reasoning,reasoning_only,23,projected_js,0.05901128612458706,128
aim_on_breadcrumbs__calib_uncensored_refusal_like,candidate,reasoning,reasoning_only,24,mmd_rbf,0.008356194011867046,128
aim_on_breadcrumbs__calib_uncensored_refusal_like,candidate,reasoning,reasoning_only,24,projected_js,0.060841956292279065,128
aim_on_breadcrumbs__calib_uncensored_refusal_like,candidate,reasoning,reasoning_only,25,mmd_rbf,0.007362754549831152,128
aim_on_breadcrumbs__calib_uncensored_refusal_like,candidate,reasoning,reasoning_only,25,projected_js,0.05886916961753741,128
aim_on_breadcrumbs__calib_uncensored_refusal_like,candidate,reasoning,reasoning_only,26,mmd_rbf,0.007005912717431784,128
aim_on_breadcrumbs__calib_uncensored_refusal_like,candidate,reasoning,reasoning_only,26,projected_js,0.06361939111957327,128
aim_on_breadcrumbs__calib_uncensored_refusal_like,candidate,reasoning,reasoning_only,27,mmd_rbf,0.006879277527332306,128
aim_on_breadcrumbs__calib_uncensored_refusal_like,candidate,reasoning,reasoning_only,27,projected_js,0.059849789075087756,128
aim_on_breadcrumbs__calib_uncensored_refusal_like,candidate,reasoning,reasoning_only,28,mmd_rbf,0.007188327610492706,128
aim_on_breadcrumbs__calib_uncensored_refusal_like,candidate,reasoning,reasoning_only,28,projected_js,0.06266880326438695,128
aim_on_breadcrumbs__calib_uncensored_refusal_like,candidate,reasoning,reasoning_only,29,mmd_rbf,0.0072276415303349495,128
aim_on_breadcrumbs__calib_uncensored_refusal_like,candidate,reasoning,reasoning_only,29,projected_js,0.061530012055300176,128
aim_on_breadcrumbs__calib_uncensored_refusal_like,candidate,reasoning,reasoning_only,30,mmd_rbf,0.007695573847740889,128
aim_on_breadcrumbs__calib_uncensored_refusal_like,candidate,reasoning,reasoning_only,30,projected_js,0.063625919574406,128
aim_on_breadcrumbs__calib_uncensored_refusal_like,candidate,reasoning,reasoning_only,31,mmd_rbf,0.008095030672848225,128
aim_on_breadcrumbs__calib_uncensored_refusal_like,candidate,reasoning,reasoning_only,31,projected_js,0.0640999864845071,128
aim_on_breadcrumbs__calib_uncensored_refusal_like,candidate,reasoning,reasoning_only,32,mmd_rbf,0.008102997206151485,128
aim_on_breadcrumbs__calib_uncensored_refusal_like,candidate,reasoning,reasoning_only,32,projected_js,0.06291374954162166,128
aim_on_breadcrumbs__calib_uncensored_refusal_like,candidate,reasoning,reasoning_only,33,mmd_rbf,0.008135768584907055,128
aim_on_breadcrumbs__calib_uncensored_refusal_like,candidate,reasoning,reasoning_only,33,projected_js,0.06168688560137525,128
aim_on_breadcrumbs__calib_uncensored_refusal_like,candidate,reasoning,reasoning_only,34,mmd_rbf,0.008395479992032051,128
aim_on_breadcrumbs__calib_uncensored_refusal_like,candidate,reasoning,reasoning_only,34,projected_js,0.06353853677865118,128
aim_on_breadcrumbs__calib_uncensored_refusal_like,candidate,reasoning,reasoning_only,35,mmd_rbf,0.020778411999344826,128
aim_on_breadcrumbs__calib_uncensored_refusal_like,candidate,reasoning,reasoning_only,35,projected_js,0.07009859086247161,128
aim_on_breadcrumbs__calib_uncensored_refusal_like,candidate,reasoning,uncensored_only,0,mmd_rbf,0.0033532201778143644,128
aim_on_breadcrumbs__calib_uncensored_refusal_like,candidate,reasoning,uncensored_only,0,projected_js,0.03948989721538965,128
aim_on_breadcrumbs__calib_uncensored_refusal_like,candidate,reasoning,uncensored_only,1,mmd_rbf,0.08519978821277618,128
aim_on_breadcrumbs__calib_uncensored_refusal_like,candidate,reasoning,uncensored_only,1,projected_js,0.12006183509947732,128
aim_on_breadcrumbs__calib_uncensored_refusal_like,candidate,reasoning,uncensored_only,2,mmd_rbf,0.08025231212377548,128
aim_on_breadcrumbs__calib_uncensored_refusal_like,candidate,reasoning,uncensored_only,2,projected_js,0.11011001787846908,128
aim_on_breadcrumbs__calib_uncensored_refusal_like,candidate,reasoning,uncensored_only,3,mmd_rbf,0.06098257377743721,128
aim_on_breadcrumbs__calib_uncensored_refusal_like,candidate,reasoning,uncensored_only,3,projected_js,0.09841141966171563,128
aim_on_breadcrumbs__calib_uncensored_refusal_like,candidate,reasoning,uncensored_only,4,mmd_rbf,0.04133987054228783,128
aim_on_breadcrumbs__calib_uncensored_refusal_like,candidate,reasoning,uncensored_only,4,projected_js,0.09291978186229244,128
aim_on_breadcrumbs__calib_uncensored_refusal_like,candidate,reasoning,uncensored_only,5,mmd_rbf,0.027252450585365295,128
aim_on_breadcrumbs__calib_uncensored_refusal_like,candidate,reasoning,uncensored_only,5,projected_js,0.08401622477686033,128
aim_on_breadcrumbs__calib_uncensored_refusal_like,candidate,reasoning,uncensored_only,6,mmd_rbf,0.01622682623565197,128
aim_on_breadcrumbs__calib_uncensored_refusal_like,candidate,reasoning,uncensored_only,6,projected_js,0.07088345591910183,128
aim_on_breadcrumbs__calib_uncensored_refusal_like,candidate,reasoning,uncensored_only,7,mmd_rbf,0.014447689056396484,128
aim_on_breadcrumbs__calib_uncensored_refusal_like,candidate,reasoning,uncensored_only,7,projected_js,0.06713490275433287,128
aim_on_breadcrumbs__calib_uncensored_refusal_like,candidate,reasoning,uncensored_only,8,mmd_rbf,0.011215328238904476,128
aim_on_breadcrumbs__calib_uncensored_refusal_like,candidate,reasoning,uncensored_only,8,projected_js,0.06382588733686134,128
aim_on_breadcrumbs__calib_uncensored_refusal_like,candidate,reasoning,uncensored_only,9,mmd_rbf,0.00946003757417202,128
aim_on_breadcrumbs__calib_uncensored_refusal_like,candidate,reasoning,uncensored_only,9,projected_js,0.0622795486706309,128
aim_on_breadcrumbs__calib_uncensored_refusal_like,candidate,reasoning,uncensored_only,10,mmd_rbf,0.00846851896494627,128
aim_on_breadcrumbs__calib_uncensored_refusal_like,candidate,reasoning,uncensored_only,10,projected_js,0.059579397551715374,128
aim_on_breadcrumbs__calib_uncensored_refusal_like,candidate,reasoning,uncensored_only,11,mmd_rbf,0.007152718957513571,128
aim_on_breadcrumbs__calib_uncensored_refusal_like,candidate,reasoning,uncensored_only,11,projected_js,0.0624251501285471,128
aim_on_breadcrumbs__calib_uncensored_refusal_like,candidate,reasoning,uncensored_only,12,mmd_rbf,0.007147586438804865,128
aim_on_breadcrumbs__calib_uncensored_refusal_like,candidate,reasoning,uncensored_only,12,projected_js,0.05789031623862684,128
aim_on_breadcrumbs__calib_uncensored_refusal_like,candidate,reasoning,uncensored_only,13,mmd_rbf,0.007327973376959562,128
aim_on_breadcrumbs__calib_uncensored_refusal_like,candidate,reasoning,uncensored_only,13,projected_js,0.06249498203396797,128
aim_on_breadcrumbs__calib_uncensored_refusal_like,candidate,reasoning,uncensored_only,14,mmd_rbf,0.007980220019817352,128
aim_on_breadcrumbs__calib_uncensored_refusal_like,candidate,reasoning,uncensored_only,14,projected_js,0.06076705263694748,128
aim_on_breadcrumbs__calib_uncensored_refusal_like,candidate,reasoning,uncensored_only,15,mmd_rbf,0.009719520807266235,128
aim_on_breadcrumbs__calib_uncensored_refusal_like,candidate,reasoning,uncensored_only,15,projected_js,0.06294207344762981,128
aim_on_breadcrumbs__calib_uncensored_refusal_like,candidate,reasoning,uncensored_only,16,mmd_rbf,0.010564463213086128,128
aim_on_breadcrumbs__calib_uncensored_refusal_like,candidate,reasoning,uncensored_only,16,projected_js,0.0633336377213709,128
aim_on_breadcrumbs__calib_uncensored_refusal_like,candidate,reasoning,uncensored_only,17,mmd_rbf,0.010157671757042408,128
aim_on_breadcrumbs__calib_uncensored_refusal_like,candidate,reasoning,uncensored_only,17,projected_js,0.060352582309860736,128
aim_on_breadcrumbs__calib_uncensored_refusal_like,candidate,reasoning,uncensored_only,18,mmd_rbf,0.010299346409738064,128
aim_on_breadcrumbs__calib_uncensored_refusal_like,candidate,reasoning,uncensored_only,18,projected_js,0.06272540637291968,128
aim_on_breadcrumbs__calib_uncensored_refusal_like,candidate,reasoning,uncensored_only,19,mmd_rbf,0.01023656316101551,128
aim_on_breadcrumbs__calib_uncensored_refusal_like,candidate,reasoning,uncensored_only,19,projected_js,0.061855304636992514,128
aim_on_breadcrumbs__calib_uncensored_refusal_like,candidate,reasoning,uncensored_only,20,mmd_rbf,0.01037746760994196,128
aim_on_breadcrumbs__calib_uncensored_refusal_like,candidate,reasoning,uncensored_only,20,projected_js,0.06705492024775594,128
aim_on_breadcrumbs__calib_uncensored_refusal_like,candidate,reasoning,uncensored_only,21,mmd_rbf,0.011180938221514225,128
aim_on_breadcrumbs__calib_uncensored_refusal_like,candidate,reasoning,uncensored_only,21,projected_js,0.0629203871358186,128
aim_on_breadcrumbs__calib_uncensored_refusal_like,candidate,reasoning,uncensored_only,22,mmd_rbf,0.011654122732579708,128
aim_on_breadcrumbs__calib_uncensored_refusal_like,candidate,reasoning,uncensored_only,22,projected_js,0.06516325165284798,128
aim_on_breadcrumbs__calib_uncensored_refusal_like,candidate,reasoning,uncensored_only,23,mmd_rbf,0.011207538656890392,128
aim_on_breadcrumbs__calib_uncensored_refusal_like,candidate,reasoning,uncensored_only,23,projected_js,0.06219665324897505,128
aim_on_breadcrumbs__calib_uncensored_refusal_like,candidate,reasoning,uncensored_only,24,mmd_rbf,0.01085742935538292,128
aim_on_breadcrumbs__calib_uncensored_refusal_like,candidate,reasoning,uncensored_only,24,projected_js,0.06467160553438589,128
aim_on_breadcrumbs__calib_uncensored_refusal_like,candidate,reasoning,uncensored_only,25,mmd_rbf,0.010883969254791737,128
aim_on_breadcrumbs__calib_uncensored_refusal_like,candidate,reasoning,uncensored_only,25,projected_js,0.06708640983561054,128
aim_on_breadcrumbs__calib_uncensored_refusal_like,candidate,reasoning,uncensored_only,26,mmd_rbf,0.010640362277626991,128
aim_on_breadcrumbs__calib_uncensored_refusal_like,candidate,reasoning,uncensored_only,26,projected_js,0.06620619149180129,128
aim_on_breadcrumbs__calib_uncensored_refusal_like,candidate,reasoning,uncensored_only,27,mmd_rbf,0.010693651624023914,128
aim_on_breadcrumbs__calib_uncensored_refusal_like,candidate,reasoning,uncensored_only,27,projected_js,0.06935832207091153,128
aim_on_breadcrumbs__calib_uncensored_refusal_like,candidate,reasoning,uncensored_only,28,mmd_rbf,0.010157071053981781,128
aim_on_breadcrumbs__calib_uncensored_refusal_like,candidate,reasoning,uncensored_only,28,projected_js,0.06536655023228377,128
aim_on_breadcrumbs__calib_uncensored_refusal_like,candidate,reasoning,uncensored_only,29,mmd_rbf,0.01013018935918808,128
aim_on_breadcrumbs__calib_uncensored_refusal_like,candidate,reasoning,uncensored_only,29,projected_js,0.06385197857161984,128
aim_on_breadcrumbs__calib_uncensored_refusal_like,candidate,reasoning,uncensored_only,30,mmd_rbf,0.010346544906497002,128
aim_on_breadcrumbs__calib_uncensored_refusal_like,candidate,reasoning,uncensored_only,30,projected_js,0.06516185909276828,128
aim_on_breadcrumbs__calib_uncensored_refusal_like,candidate,reasoning,uncensored_only,31,mmd_rbf,0.0101767024025321,128
aim_on_breadcrumbs__calib_uncensored_refusal_like,candidate,reasoning,uncensored_only,31,projected_js,0.06643882970092818,128
aim_on_breadcrumbs__calib_uncensored_refusal_like,candidate,reasoning,uncensored_only,32,mmd_rbf,0.010502596385776997,128
aim_on_breadcrumbs__calib_uncensored_refusal_like,candidate,reasoning,uncensored_only,32,projected_js,0.06275023508351296,128
aim_on_breadcrumbs__calib_uncensored_refusal_like,candidate,reasoning,uncensored_only,33,mmd_rbf,0.010906117036938667,128
aim_on_breadcrumbs__calib_uncensored_refusal_like,candidate,reasoning,uncensored_only,33,projected_js,0.06429463648237288,128
aim_on_breadcrumbs__calib_uncensored_refusal_like,candidate,reasoning,uncensored_only,34,mmd_rbf,0.012508061714470387,128
aim_on_breadcrumbs__calib_uncensored_refusal_like,candidate,reasoning,uncensored_only,34,projected_js,0.06530766165815294,128
aim_on_breadcrumbs__calib_uncensored_refusal_like,candidate,reasoning,uncensored_only,35,mmd_rbf,0.04584076628088951,128
aim_on_breadcrumbs__calib_uncensored_refusal_like,candidate,reasoning,uncensored_only,35,projected_js,0.09406904823845252,128
aim_on_breadcrumbs__calib_uncensored_refusal_like,candidate,uncensored_refusal_like,base,0,mmd_rbf,0.011317896656692028,128
aim_on_breadcrumbs__calib_uncensored_refusal_like,candidate,uncensored_refusal_like,base,0,projected_js,0.05846601736266166,128
aim_on_breadcrumbs__calib_uncensored_refusal_like,candidate,uncensored_refusal_like,base,1,mmd_rbf,0.014744067564606667,128
aim_on_breadcrumbs__calib_uncensored_refusal_like,candidate,uncensored_refusal_like,base,1,projected_js,0.06733290533884428,128
aim_on_breadcrumbs__calib_uncensored_refusal_like,candidate,uncensored_refusal_like,base,2,mmd_rbf,0.01879791170358658,128
aim_on_breadcrumbs__calib_uncensored_refusal_like,candidate,uncensored_refusal_like,base,2,projected_js,0.07227042329031974,128
aim_on_breadcrumbs__calib_uncensored_refusal_like,candidate,uncensored_refusal_like,base,3,mmd_rbf,0.032306917011737823,128
aim_on_breadcrumbs__calib_uncensored_refusal_like,candidate,uncensored_refusal_like,base,3,projected_js,0.0952439404791221,128
aim_on_breadcrumbs__calib_uncensored_refusal_like,candidate,uncensored_refusal_like,base,4,mmd_rbf,0.030863121151924133,128
aim_on_breadcrumbs__calib_uncensored_refusal_like,candidate,uncensored_refusal_like,base,4,projected_js,0.09032103704521433,128
aim_on_breadcrumbs__calib_uncensored_refusal_like,candidate,uncensored_refusal_like,base,5,mmd_rbf,0.031807102262973785,128
aim_on_breadcrumbs__calib_uncensored_refusal_like,candidate,uncensored_refusal_like,base,5,projected_js,0.08209023886593059,128
aim_on_breadcrumbs__calib_uncensored_refusal_like,candidate,uncensored_refusal_like,base,6,mmd_rbf,0.028344733640551567,128
aim_on_breadcrumbs__calib_uncensored_refusal_like,candidate,uncensored_refusal_like,base,6,projected_js,0.07824548694770783,128
aim_on_breadcrumbs__calib_uncensored_refusal_like,candidate,uncensored_refusal_like,base,7,mmd_rbf,0.025232190266251564,128
aim_on_breadcrumbs__calib_uncensored_refusal_like,candidate,uncensored_refusal_like,base,7,projected_js,0.07045001717051491,128
aim_on_breadcrumbs__calib_uncensored_refusal_like,candidate,uncensored_refusal_like,base,8,mmd_rbf,0.02274354360997677,128
aim_on_breadcrumbs__calib_uncensored_refusal_like,candidate,uncensored_refusal_like,base,8,projected_js,0.07622501201694831,128
aim_on_breadcrumbs__calib_uncensored_refusal_like,candidate,uncensored_refusal_like,base,9,mmd_rbf,0.025710685178637505,128
aim_on_breadcrumbs__calib_uncensored_refusal_like,candidate,uncensored_refusal_like,base,9,projected_js,0.07601710455492139,128
aim_on_breadcrumbs__calib_uncensored_refusal_like,candidate,uncensored_refusal_like,base,10,mmd_rbf,0.027903979644179344,128
aim_on_breadcrumbs__calib_uncensored_refusal_like,candidate,uncensored_refusal_like,base,10,projected_js,0.080480239354074,128
aim_on_breadcrumbs__calib_uncensored_refusal_like,candidate,uncensored_refusal_like,base,11,mmd_rbf,0.030013058334589005,128
aim_on_breadcrumbs__calib_uncensored_refusal_like,candidate,uncensored_refusal_like,base,11,projected_js,0.08413386897882447,128
aim_on_breadcrumbs__calib_uncensored_refusal_like,candidate,uncensored_refusal_like,base,12,mmd_rbf,0.03388199210166931,128
aim_on_breadcrumbs__calib_uncensored_refusal_like,candidate,uncensored_refusal_like,base,12,projected_js,0.08610097350901924,128
aim_on_breadcrumbs__calib_uncensored_refusal_like,candidate,uncensored_refusal_like,base,13,mmd_rbf,0.037665512412786484,128
aim_on_breadcrumbs__calib_uncensored_refusal_like,candidate,uncensored_refusal_like,base,13,projected_js,0.09104767825920135,128
aim_on_breadcrumbs__calib_uncensored_refusal_like,candidate,uncensored_refusal_like,base,14,mmd_rbf,0.038589898496866226,128
aim_on_breadcrumbs__calib_uncensored_refusal_like,candidate,uncensored_refusal_like,base,14,projected_js,0.08726204058621079,128
aim_on_breadcrumbs__calib_uncensored_refusal_like,candidate,uncensored_refusal_like,base,15,mmd_rbf,0.03951595351099968,128
aim_on_breadcrumbs__calib_uncensored_refusal_like,candidate,uncensored_refusal_like,base,15,projected_js,0.08116466458886862,128
aim_on_breadcrumbs__calib_uncensored_refusal_like,candidate,uncensored_refusal_like,base,16,mmd_rbf,0.039466869086027145,128
aim_on_breadcrumbs__calib_uncensored_refusal_like,candidate,uncensored_refusal_like,base,16,projected_js,0.08459195919567719,128
aim_on_breadcrumbs__calib_uncensored_refusal_like,candidate,uncensored_refusal_like,base,17,mmd_rbf,0.0406147800385952,128
aim_on_breadcrumbs__calib_uncensored_refusal_like,candidate,uncensored_refusal_like,base,17,projected_js,0.08547003043349832,128
aim_on_breadcrumbs__calib_uncensored_refusal_like,candidate,uncensored_refusal_like,base,18,mmd_rbf,0.04172786697745323,128
aim_on_breadcrumbs__calib_uncensored_refusal_like,candidate,uncensored_refusal_like,base,18,projected_js,0.0894482241710648,128
aim_on_breadcrumbs__calib_uncensored_refusal_like,candidate,uncensored_refusal_like,base,19,mmd_rbf,0.04158831387758255,128
aim_on_breadcrumbs__calib_uncensored_refusal_like,candidate,uncensored_refusal_like,base,19,projected_js,0.08859632967505604,128
aim_on_breadcrumbs__calib_uncensored_refusal_like,candidate,uncensored_refusal_like,base,20,mmd_rbf,0.04841074347496033,128
aim_on_breadcrumbs__calib_uncensored_refusal_like,candidate,uncensored_refusal_like,base,20,projected_js,0.0941334095550701,128
aim_on_breadcrumbs__calib_uncensored_refusal_like,candidate,uncensored_refusal_like,base,21,mmd_rbf,0.051156628876924515,128
aim_on_breadcrumbs__calib_uncensored_refusal_like,candidate,uncensored_refusal_like,base,21,projected_js,0.08765313815092668,128
aim_on_breadcrumbs__calib_uncensored_refusal_like,candidate,uncensored_refusal_like,base,22,mmd_rbf,0.053509827703237534,128
aim_on_breadcrumbs__calib_uncensored_refusal_like,candidate,uncensored_refusal_like,base,22,projected_js,0.09799754025880247,128
aim_on_breadcrumbs__calib_uncensored_refusal_like,candidate,uncensored_refusal_like,base,23,mmd_rbf,0.05308753252029419,128
aim_on_breadcrumbs__calib_uncensored_refusal_like,candidate,uncensored_refusal_like,base,23,projected_js,0.09647877723909914,128
aim_on_breadcrumbs__calib_uncensored_refusal_like,candidate,uncensored_refusal_like,base,24,mmd_rbf,0.052081286907196045,128
aim_on_breadcrumbs__calib_uncensored_refusal_like,candidate,uncensored_refusal_like,base,24,projected_js,0.10582206846447662,128
aim_on_breadcrumbs__calib_uncensored_refusal_like,candidate,uncensored_refusal_like,base,25,mmd_rbf,0.050683747977018356,128
aim_on_breadcrumbs__calib_uncensored_refusal_like,candidate,uncensored_refusal_like,base,25,projected_js,0.0939181128051132,128
aim_on_breadcrumbs__calib_uncensored_refusal_like,candidate,uncensored_refusal_like,base,26,mmd_rbf,0.05082660913467407,128
aim_on_breadcrumbs__calib_uncensored_refusal_like,candidate,uncensored_refusal_like,base,26,projected_js,0.09709982451749966,128
aim_on_breadcrumbs__calib_uncensored_refusal_like,candidate,uncensored_refusal_like,base,27,mmd_rbf,0.05110244080424309,128
aim_on_breadcrumbs__calib_uncensored_refusal_like,candidate,uncensored_refusal_like,base,27,projected_js,0.1029060656146612,128
aim_on_breadcrumbs__calib_uncensored_refusal_like,candidate,uncensored_refusal_like,base,28,mmd_rbf,0.04964604601264,128
aim_on_breadcrumbs__calib_uncensored_refusal_like,candidate,uncensored_refusal_like,base,28,projected_js,0.09819134301505983,128
aim_on_breadcrumbs__calib_uncensored_refusal_like,candidate,uncensored_refusal_like,base,29,mmd_rbf,0.04678221419453621,128
aim_on_breadcrumbs__calib_uncensored_refusal_like,candidate,uncensored_refusal_like,base,29,projected_js,0.09570121805882081,128
aim_on_breadcrumbs__calib_uncensored_refusal_like,candidate,uncensored_refusal_like,base,30,mmd_rbf,0.04689677059650421,128
aim_on_breadcrumbs__calib_uncensored_refusal_like,candidate,uncensored_refusal_like,base,30,projected_js,0.09797349834116176,128
aim_on_breadcrumbs__calib_uncensored_refusal_like,candidate,uncensored_refusal_like,base,31,mmd_rbf,0.04604513570666313,128
aim_on_breadcrumbs__calib_uncensored_refusal_like,candidate,uncensored_refusal_like,base,31,projected_js,0.09616965788882226,128
aim_on_breadcrumbs__calib_uncensored_refusal_like,candidate,uncensored_refusal_like,base,32,mmd_rbf,0.04585624858736992,128
aim_on_breadcrumbs__calib_uncensored_refusal_like,candidate,uncensored_refusal_like,base,32,projected_js,0.09476967656519264,128
aim_on_breadcrumbs__calib_uncensored_refusal_like,candidate,uncensored_refusal_like,base,33,mmd_rbf,0.04437723383307457,128
aim_on_breadcrumbs__calib_uncensored_refusal_like,candidate,uncensored_refusal_like,base,33,projected_js,0.09483765519689769,128
aim_on_breadcrumbs__calib_uncensored_refusal_like,candidate,uncensored_refusal_like,base,34,mmd_rbf,0.05616878345608711,128
aim_on_breadcrumbs__calib_uncensored_refusal_like,candidate,uncensored_refusal_like,base,34,projected_js,0.10302294150460511,128
aim_on_breadcrumbs__calib_uncensored_refusal_like,candidate,uncensored_refusal_like,base,35,mmd_rbf,0.11872756481170654,128
aim_on_breadcrumbs__calib_uncensored_refusal_like,candidate,uncensored_refusal_like,base,35,projected_js,0.16493475274182856,128
aim_on_breadcrumbs__calib_uncensored_refusal_like,candidate,uncensored_refusal_like,instr_only,0,mmd_rbf,0.00620607752352953,128
aim_on_breadcrumbs__calib_uncensored_refusal_like,candidate,uncensored_refusal_like,instr_only,0,projected_js,0.048540293384576216,128
aim_on_breadcrumbs__calib_uncensored_refusal_like,candidate,uncensored_refusal_like,instr_only,1,mmd_rbf,0.006943210959434509,128
aim_on_breadcrumbs__calib_uncensored_refusal_like,candidate,uncensored_refusal_like,instr_only,1,projected_js,0.04682418404263444,128
aim_on_breadcrumbs__calib_uncensored_refusal_like,candidate,uncensored_refusal_like,instr_only,2,mmd_rbf,0.007455748505890369,128
aim_on_breadcrumbs__calib_uncensored_refusal_like,candidate,uncensored_refusal_like,instr_only,2,projected_js,0.0534425485675456,128
aim_on_breadcrumbs__calib_uncensored_refusal_like,candidate,uncensored_refusal_like,instr_only,3,mmd_rbf,0.009218152612447739,128
aim_on_breadcrumbs__calib_uncensored_refusal_like,candidate,uncensored_refusal_like,instr_only,3,projected_js,0.05832201518933289,128
aim_on_breadcrumbs__calib_uncensored_refusal_like,candidate,uncensored_refusal_like,instr_only,4,mmd_rbf,0.010446582920849323,128
aim_on_breadcrumbs__calib_uncensored_refusal_like,candidate,uncensored_refusal_like,instr_only,4,projected_js,0.059568503143964335,128
aim_on_breadcrumbs__calib_uncensored_refusal_like,candidate,uncensored_refusal_like,instr_only,5,mmd_rbf,0.011720254085958004,128
aim_on_breadcrumbs__calib_uncensored_refusal_like,candidate,uncensored_refusal_like,instr_only,5,projected_js,0.058207068097544834,128
aim_on_breadcrumbs__calib_uncensored_refusal_like,candidate,uncensored_refusal_like,instr_only,6,mmd_rbf,0.009174639359116554,128
aim_on_breadcrumbs__calib_uncensored_refusal_like,candidate,uncensored_refusal_like,instr_only,6,projected_js,0.056335250701522455,128
aim_on_breadcrumbs__calib_uncensored_refusal_like,candidate,uncensored_refusal_like,instr_only,7,mmd_rbf,0.007686822209507227,128
aim_on_breadcrumbs__calib_uncensored_refusal_like,candidate,uncensored_refusal_like,instr_only,7,projected_js,0.05864206241676584,128
aim_on_breadcrumbs__calib_uncensored_refusal_like,candidate,uncensored_refusal_like,instr_only,8,mmd_rbf,0.006273432169109583,128
aim_on_breadcrumbs__calib_uncensored_refusal_like,candidate,uncensored_refusal_like,instr_only,8,projected_js,0.058217468234943226,128
aim_on_breadcrumbs__calib_uncensored_refusal_like,candidate,uncensored_refusal_like,instr_only,9,mmd_rbf,0.00645731994882226,128
aim_on_breadcrumbs__calib_uncensored_refusal_like,candidate,uncensored_refusal_like,instr_only,9,projected_js,0.0629136569914408,128
aim_on_breadcrumbs__calib_uncensored_refusal_like,candidate,uncensored_refusal_like,instr_only,10,mmd_rbf,0.0066003683023154736,128
aim_on_breadcrumbs__calib_uncensored_refusal_like,candidate,uncensored_refusal_like,instr_only,10,projected_js,0.06233281453023665,128
aim_on_breadcrumbs__calib_uncensored_refusal_like,candidate,uncensored_refusal_like,instr_only,11,mmd_rbf,0.006019295193254948,128
aim_on_breadcrumbs__calib_uncensored_refusal_like,candidate,uncensored_refusal_like,instr_only,11,projected_js,0.06007242645137012,128
aim_on_breadcrumbs__calib_uncensored_refusal_like,candidate,uncensored_refusal_like,instr_only,12,mmd_rbf,0.006233872380107641,128
aim_on_breadcrumbs__calib_uncensored_refusal_like,candidate,uncensored_refusal_like,instr_only,12,projected_js,0.06072687997948378,128
aim_on_breadcrumbs__calib_uncensored_refusal_like,candidate,uncensored_refusal_like,instr_only,13,mmd_rbf,0.006550864316523075,128
aim_on_breadcrumbs__calib_uncensored_refusal_like,candidate,uncensored_refusal_like,instr_only,13,projected_js,0.06033644359558821,128
aim_on_breadcrumbs__calib_uncensored_refusal_like,candidate,uncensored_refusal_like,instr_only,14,mmd_rbf,0.006263140123337507,128
aim_on_breadcrumbs__calib_uncensored_refusal_like,candidate,uncensored_refusal_like,instr_only,14,projected_js,0.0626479820930399,128
aim_on_breadcrumbs__calib_uncensored_refusal_like,candidate,uncensored_refusal_like,instr_only,15,mmd_rbf,0.006548103876411915,128
aim_on_breadcrumbs__calib_uncensored_refusal_like,candidate,uncensored_refusal_like,instr_only,15,projected_js,0.061001633846899495,128
aim_on_breadcrumbs__calib_uncensored_refusal_like,candidate,uncensored_refusal_like,instr_only,16,mmd_rbf,0.007035660091787577,128
aim_on_breadcrumbs__calib_uncensored_refusal_like,candidate,uncensored_refusal_like,instr_only,16,projected_js,0.06279208898195066,128
aim_on_breadcrumbs__calib_uncensored_refusal_like,candidate,uncensored_refusal_like,instr_only,17,mmd_rbf,0.007752120494842529,128
aim_on_breadcrumbs__calib_uncensored_refusal_like,candidate,uncensored_refusal_like,instr_only,17,projected_js,0.06211207900196314,128
aim_on_breadcrumbs__calib_uncensored_refusal_like,candidate,uncensored_refusal_like,instr_only,18,mmd_rbf,0.00868928711861372,128
aim_on_breadcrumbs__calib_uncensored_refusal_like,candidate,uncensored_refusal_like,instr_only,18,projected_js,0.06307618715800345,128
aim_on_breadcrumbs__calib_uncensored_refusal_like,candidate,uncensored_refusal_like,instr_only,19,mmd_rbf,0.009544270113110542,128
aim_on_breadcrumbs__calib_uncensored_refusal_like,candidate,uncensored_refusal_like,instr_only,19,projected_js,0.06242758489679545,128
aim_on_breadcrumbs__calib_uncensored_refusal_like,candidate,uncensored_refusal_like,instr_only,20,mmd_rbf,0.010451058857142925,128
aim_on_breadcrumbs__calib_uncensored_refusal_like,candidate,uncensored_refusal_like,instr_only,20,projected_js,0.0621189649682492,128
aim_on_breadcrumbs__calib_uncensored_refusal_like,candidate,uncensored_refusal_like,instr_only,21,mmd_rbf,0.013040192425251007,128
aim_on_breadcrumbs__calib_uncensored_refusal_like,candidate,uncensored_refusal_like,instr_only,21,projected_js,0.06801145395729691,128
aim_on_breadcrumbs__calib_uncensored_refusal_like,candidate,uncensored_refusal_like,instr_only,22,mmd_rbf,0.014499611221253872,128
aim_on_breadcrumbs__calib_uncensored_refusal_like,candidate,uncensored_refusal_like,instr_only,22,projected_js,0.07010775856906548,128
aim_on_breadcrumbs__calib_uncensored_refusal_like,candidate,uncensored_refusal_like,instr_only,23,mmd_rbf,0.014833818189799786,128
aim_on_breadcrumbs__calib_uncensored_refusal_like,candidate,uncensored_refusal_like,instr_only,23,projected_js,0.06706479383865371,128
aim_on_breadcrumbs__calib_uncensored_refusal_like,candidate,uncensored_refusal_like,instr_only,24,mmd_rbf,0.015618408098816872,128
aim_on_breadcrumbs__calib_uncensored_refusal_like,candidate,uncensored_refusal_like,instr_only,24,projected_js,0.07050913921557367,128
aim_on_breadcrumbs__calib_uncensored_refusal_like,candidate,uncensored_refusal_like,instr_only,25,mmd_rbf,0.01695905812084675,128
aim_on_breadcrumbs__calib_uncensored_refusal_like,candidate,uncensored_refusal_like,instr_only,25,projected_js,0.07089952618116513,128
aim_on_breadcrumbs__calib_uncensored_refusal_like,candidate,uncensored_refusal_like,instr_only,26,mmd_rbf,0.017277421429753304,128
aim_on_breadcrumbs__calib_uncensored_refusal_like,candidate,uncensored_refusal_like,instr_only,26,projected_js,0.07257204817142338,128
aim_on_breadcrumbs__calib_uncensored_refusal_like,candidate,uncensored_refusal_like,instr_only,27,mmd_rbf,0.01743040420114994,128
aim_on_breadcrumbs__calib_uncensored_refusal_like,candidate,uncensored_refusal_like,instr_only,27,projected_js,0.07108932541450486,128
aim_on_breadcrumbs__calib_uncensored_refusal_like,candidate,uncensored_refusal_like,instr_only,28,mmd_rbf,0.017165018245577812,128
aim_on_breadcrumbs__calib_uncensored_refusal_like,candidate,uncensored_refusal_like,instr_only,28,projected_js,0.07290194410597906,128
aim_on_breadcrumbs__calib_uncensored_refusal_like,candidate,uncensored_refusal_like,instr_only,29,mmd_rbf,0.016364673152565956,128
aim_on_breadcrumbs__calib_uncensored_refusal_like,candidate,uncensored_refusal_like,instr_only,29,projected_js,0.07258079494931735,128
aim_on_breadcrumbs__calib_uncensored_refusal_like,candidate,uncensored_refusal_like,instr_only,30,mmd_rbf,0.01641051471233368,128
aim_on_breadcrumbs__calib_uncensored_refusal_like,candidate,uncensored_refusal_like,instr_only,30,projected_js,0.07348386076046154,128
aim_on_breadcrumbs__calib_uncensored_refusal_like,candidate,uncensored_refusal_like,instr_only,31,mmd_rbf,0.015854883939027786,128
aim_on_breadcrumbs__calib_uncensored_refusal_like,candidate,uncensored_refusal_like,instr_only,31,projected_js,0.07519683829741552,128
aim_on_breadcrumbs__calib_uncensored_refusal_like,candidate,uncensored_refusal_like,instr_only,32,mmd_rbf,0.016609393060207367,128
aim_on_breadcrumbs__calib_uncensored_refusal_like,candidate,uncensored_refusal_like,instr_only,32,projected_js,0.0738265587715432,128
aim_on_breadcrumbs__calib_uncensored_refusal_like,candidate,uncensored_refusal_like,instr_only,33,mmd_rbf,0.016915302723646164,128
aim_on_breadcrumbs__calib_uncensored_refusal_like,candidate,uncensored_refusal_like,instr_only,33,projected_js,0.07619782380061224,128
aim_on_breadcrumbs__calib_uncensored_refusal_like,candidate,uncensored_refusal_like,instr_only,34,mmd_rbf,0.021996324881911278,128
aim_on_breadcrumbs__calib_uncensored_refusal_like,candidate,uncensored_refusal_like,instr_only,34,projected_js,0.085199928318616,128
aim_on_breadcrumbs__calib_uncensored_refusal_like,candidate,uncensored_refusal_like,instr_only,35,mmd_rbf,0.11583036184310913,128
aim_on_breadcrumbs__calib_uncensored_refusal_like,candidate,uncensored_refusal_like,instr_only,35,projected_js,0.1589072541682981,128
aim_on_breadcrumbs__calib_uncensored_refusal_like,candidate,uncensored_refusal_like,reasoning_only,0,mmd_rbf,0.01969604566693306,128
aim_on_breadcrumbs__calib_uncensored_refusal_like,candidate,uncensored_refusal_like,reasoning_only,0,projected_js,0.08959031908307225,128
aim_on_breadcrumbs__calib_uncensored_refusal_like,candidate,uncensored_refusal_like,reasoning_only,1,mmd_rbf,0.024223780259490013,128
aim_on_breadcrumbs__calib_uncensored_refusal_like,candidate,uncensored_refusal_like,reasoning_only,1,projected_js,0.07559636083897203,128
aim_on_breadcrumbs__calib_uncensored_refusal_like,candidate,uncensored_refusal_like,reasoning_only,2,mmd_rbf,0.0356789231300354,128
aim_on_breadcrumbs__calib_uncensored_refusal_like,candidate,uncensored_refusal_like,reasoning_only,2,projected_js,0.08438039501197636,128
aim_on_breadcrumbs__calib_uncensored_refusal_like,candidate,uncensored_refusal_like,reasoning_only,3,mmd_rbf,0.04333464428782463,128
aim_on_breadcrumbs__calib_uncensored_refusal_like,candidate,uncensored_refusal_like,reasoning_only,3,projected_js,0.0989421418926213,128
aim_on_breadcrumbs__calib_uncensored_refusal_like,candidate,uncensored_refusal_like,reasoning_only,4,mmd_rbf,0.04753810912370682,128
aim_on_breadcrumbs__calib_uncensored_refusal_like,candidate,uncensored_refusal_like,reasoning_only,4,projected_js,0.11296485812636092,128
aim_on_breadcrumbs__calib_uncensored_refusal_like,candidate,uncensored_refusal_like,reasoning_only,5,mmd_rbf,0.05408657714724541,128
aim_on_breadcrumbs__calib_uncensored_refusal_like,candidate,uncensored_refusal_like,reasoning_only,5,projected_js,0.12006743159145117,128
aim_on_breadcrumbs__calib_uncensored_refusal_like,candidate,uncensored_refusal_like,reasoning_only,6,mmd_rbf,0.04225131496787071,128
aim_on_breadcrumbs__calib_uncensored_refusal_like,candidate,uncensored_refusal_like,reasoning_only,6,projected_js,0.1003762221080251,128
aim_on_breadcrumbs__calib_uncensored_refusal_like,candidate,uncensored_refusal_like,reasoning_only,7,mmd_rbf,0.03816453740000725,128
aim_on_breadcrumbs__calib_uncensored_refusal_like,candidate,uncensored_refusal_like,reasoning_only,7,projected_js,0.10092438879655674,128
aim_on_breadcrumbs__calib_uncensored_refusal_like,candidate,uncensored_refusal_like,reasoning_only,8,mmd_rbf,0.029705792665481567,128
aim_on_breadcrumbs__calib_uncensored_refusal_like,candidate,uncensored_refusal_like,reasoning_only,8,projected_js,0.08944437635364011,128
aim_on_breadcrumbs__calib_uncensored_refusal_like,candidate,uncensored_refusal_like,reasoning_only,9,mmd_rbf,0.028884489089250565,128
aim_on_breadcrumbs__calib_uncensored_refusal_like,candidate,uncensored_refusal_like,reasoning_only,9,projected_js,0.08786944235907868,128
aim_on_breadcrumbs__calib_uncensored_refusal_like,candidate,uncensored_refusal_like,reasoning_only,10,mmd_rbf,0.0303619597107172,128
aim_on_breadcrumbs__calib_uncensored_refusal_like,candidate,uncensored_refusal_like,reasoning_only,10,projected_js,0.09195996791822836,128
aim_on_breadcrumbs__calib_uncensored_refusal_like,candidate,uncensored_refusal_like,reasoning_only,11,mmd_rbf,0.029811397194862366,128
aim_on_breadcrumbs__calib_uncensored_refusal_like,candidate,uncensored_refusal_like,reasoning_only,11,projected_js,0.0866136770346202,128
aim_on_breadcrumbs__calib_uncensored_refusal_like,candidate,uncensored_refusal_like,reasoning_only,12,mmd_rbf,0.033361125737428665,128
aim_on_breadcrumbs__calib_uncensored_refusal_like,candidate,uncensored_refusal_like,reasoning_only,12,projected_js,0.0858582278015092,128
aim_on_breadcrumbs__calib_uncensored_refusal_like,candidate,uncensored_refusal_like,reasoning_only,13,mmd_rbf,0.03614645451307297,128
aim_on_breadcrumbs__calib_uncensored_refusal_like,candidate,uncensored_refusal_like,reasoning_only,13,projected_js,0.0902219099807553,128
aim_on_breadcrumbs__calib_uncensored_refusal_like,candidate,uncensored_refusal_like,reasoning_only,14,mmd_rbf,0.03510924428701401,128
aim_on_breadcrumbs__calib_uncensored_refusal_like,candidate,uncensored_refusal_like,reasoning_only,14,projected_js,0.08659970166627318,128
aim_on_breadcrumbs__calib_uncensored_refusal_like,candidate,uncensored_refusal_like,reasoning_only,15,mmd_rbf,0.03607602044939995,128
aim_on_breadcrumbs__calib_uncensored_refusal_like,candidate,uncensored_refusal_like,reasoning_only,15,projected_js,0.08788630907656625,128
aim_on_breadcrumbs__calib_uncensored_refusal_like,candidate,uncensored_refusal_like,reasoning_only,16,mmd_rbf,0.03540825471282005,128
aim_on_breadcrumbs__calib_uncensored_refusal_like,candidate,uncensored_refusal_like,reasoning_only,16,projected_js,0.08649727486772463,128
aim_on_breadcrumbs__calib_uncensored_refusal_like,candidate,uncensored_refusal_like,reasoning_only,17,mmd_rbf,0.03636683151125908,128
aim_on_breadcrumbs__calib_uncensored_refusal_like,candidate,uncensored_refusal_like,reasoning_only,17,projected_js,0.08420807926449925,128
aim_on_breadcrumbs__calib_uncensored_refusal_like,candidate,uncensored_refusal_like,reasoning_only,18,mmd_rbf,0.042431194335222244,128
aim_on_breadcrumbs__calib_uncensored_refusal_like,candidate,uncensored_refusal_like,reasoning_only,18,projected_js,0.0907247316208668,128
aim_on_breadcrumbs__calib_uncensored_refusal_like,candidate,uncensored_refusal_like,reasoning_only,19,mmd_rbf,0.041610751301050186,128
aim_on_breadcrumbs__calib_uncensored_refusal_like,candidate,uncensored_refusal_like,reasoning_only,19,projected_js,0.0915620886371471,128
aim_on_breadcrumbs__calib_uncensored_refusal_like,candidate,uncensored_refusal_like,reasoning_only,20,mmd_rbf,0.04219433292746544,128
aim_on_breadcrumbs__calib_uncensored_refusal_like,candidate,uncensored_refusal_like,reasoning_only,20,projected_js,0.08653629309264943,128
aim_on_breadcrumbs__calib_uncensored_refusal_like,candidate,uncensored_refusal_like,reasoning_only,21,mmd_rbf,0.042694803327322006,128
aim_on_breadcrumbs__calib_uncensored_refusal_like,candidate,uncensored_refusal_like,reasoning_only,21,projected_js,0.08660039078677073,128
aim_on_breadcrumbs__calib_uncensored_refusal_like,candidate,uncensored_refusal_like,reasoning_only,22,mmd_rbf,0.04339100047945976,128
aim_on_breadcrumbs__calib_uncensored_refusal_like,candidate,uncensored_refusal_like,reasoning_only,22,projected_js,0.0947787101031281,128
aim_on_breadcrumbs__calib_uncensored_refusal_like,candidate,uncensored_refusal_like,reasoning_only,23,mmd_rbf,0.03837957605719566,128
aim_on_breadcrumbs__calib_uncensored_refusal_like,candidate,uncensored_refusal_like,reasoning_only,23,projected_js,0.08857796806842089,128
aim_on_breadcrumbs__calib_uncensored_refusal_like,candidate,uncensored_refusal_like,reasoning_only,24,mmd_rbf,0.04452462121844292,128
aim_on_breadcrumbs__calib_uncensored_refusal_like,candidate,uncensored_refusal_like,reasoning_only,24,projected_js,0.0938926016096957,128
aim_on_breadcrumbs__calib_uncensored_refusal_like,candidate,uncensored_refusal_like,reasoning_only,25,mmd_rbf,0.04312743619084358,128
aim_on_breadcrumbs__calib_uncensored_refusal_like,candidate,uncensored_refusal_like,reasoning_only,25,projected_js,0.09307661204366013,128
aim_on_breadcrumbs__calib_uncensored_refusal_like,candidate,uncensored_refusal_like,reasoning_only,26,mmd_rbf,0.04620581865310669,128
aim_on_breadcrumbs__calib_uncensored_refusal_like,candidate,uncensored_refusal_like,reasoning_only,26,projected_js,0.09275763516779989,128
aim_on_breadcrumbs__calib_uncensored_refusal_like,candidate,uncensored_refusal_like,reasoning_only,27,mmd_rbf,0.04836290702223778,128
aim_on_breadcrumbs__calib_uncensored_refusal_like,candidate,uncensored_refusal_like,reasoning_only,27,projected_js,0.0952814215561375,128
aim_on_breadcrumbs__calib_uncensored_refusal_like,candidate,uncensored_refusal_like,reasoning_only,28,mmd_rbf,0.05121873691678047,128
aim_on_breadcrumbs__calib_uncensored_refusal_like,candidate,uncensored_refusal_like,reasoning_only,28,projected_js,0.10390519542852417,128
aim_on_breadcrumbs__calib_uncensored_refusal_like,candidate,uncensored_refusal_like,reasoning_only,29,mmd_rbf,0.050171177834272385,128
aim_on_breadcrumbs__calib_uncensored_refusal_like,candidate,uncensored_refusal_like,reasoning_only,29,projected_js,0.10618515399983153,128
aim_on_breadcrumbs__calib_uncensored_refusal_like,candidate,uncensored_refusal_like,reasoning_only,30,mmd_rbf,0.054030369967222214,128
aim_on_breadcrumbs__calib_uncensored_refusal_like,candidate,uncensored_refusal_like,reasoning_only,30,projected_js,0.11449185688979924,128
aim_on_breadcrumbs__calib_uncensored_refusal_like,candidate,uncensored_refusal_like,reasoning_only,31,mmd_rbf,0.054468393325805664,128
aim_on_breadcrumbs__calib_uncensored_refusal_like,candidate,uncensored_refusal_like,reasoning_only,31,projected_js,0.10972577310167253,128
aim_on_breadcrumbs__calib_uncensored_refusal_like,candidate,uncensored_refusal_like,reasoning_only,32,mmd_rbf,0.05425719544291496,128
aim_on_breadcrumbs__calib_uncensored_refusal_like,candidate,uncensored_refusal_like,reasoning_only,32,projected_js,0.10549011518014595,128
aim_on_breadcrumbs__calib_uncensored_refusal_like,candidate,uncensored_refusal_like,reasoning_only,33,mmd_rbf,0.049984779208898544,128
aim_on_breadcrumbs__calib_uncensored_refusal_like,candidate,uncensored_refusal_like,reasoning_only,33,projected_js,0.1001091418438591,128
aim_on_breadcrumbs__calib_uncensored_refusal_like,candidate,uncensored_refusal_like,reasoning_only,34,mmd_rbf,0.05202677845954895,128
aim_on_breadcrumbs__calib_uncensored_refusal_like,candidate,uncensored_refusal_like,reasoning_only,34,projected_js,0.09842119028326124,128
aim_on_breadcrumbs__calib_uncensored_refusal_like,candidate,uncensored_refusal_like,reasoning_only,35,mmd_rbf,0.043725401163101196,128
aim_on_breadcrumbs__calib_uncensored_refusal_like,candidate,uncensored_refusal_like,reasoning_only,35,projected_js,0.09578743763267994,128
aim_on_breadcrumbs__calib_uncensored_refusal_like,candidate,uncensored_refusal_like,uncensored_only,0,mmd_rbf,0.015905428677797318,128
aim_on_breadcrumbs__calib_uncensored_refusal_like,candidate,uncensored_refusal_like,uncensored_only,0,projected_js,0.06806932992185466,128
aim_on_breadcrumbs__calib_uncensored_refusal_like,candidate,uncensored_refusal_like,uncensored_only,1,mmd_rbf,0.24112677574157715,128
aim_on_breadcrumbs__calib_uncensored_refusal_like,candidate,uncensored_refusal_like,uncensored_only,1,projected_js,0.2584712406678591,128
aim_on_breadcrumbs__calib_uncensored_refusal_like,candidate,uncensored_refusal_like,uncensored_only,2,mmd_rbf,0.21465609967708588,128
aim_on_breadcrumbs__calib_uncensored_refusal_like,candidate,uncensored_refusal_like,uncensored_only,2,projected_js,0.21549082128331065,128
aim_on_breadcrumbs__calib_uncensored_refusal_like,candidate,uncensored_refusal_like,uncensored_only,3,mmd_rbf,0.17159117758274078,128
aim_on_breadcrumbs__calib_uncensored_refusal_like,candidate,uncensored_refusal_like,uncensored_only,3,projected_js,0.17065583646763116,128
aim_on_breadcrumbs__calib_uncensored_refusal_like,candidate,uncensored_refusal_like,uncensored_only,4,mmd_rbf,0.1388801783323288,128
aim_on_breadcrumbs__calib_uncensored_refusal_like,candidate,uncensored_refusal_like,uncensored_only,4,projected_js,0.1709944008034654,128
aim_on_breadcrumbs__calib_uncensored_refusal_like,candidate,uncensored_refusal_like,uncensored_only,5,mmd_rbf,0.10687712579965591,128
aim_on_breadcrumbs__calib_uncensored_refusal_like,candidate,uncensored_refusal_like,uncensored_only,5,projected_js,0.15813489665742964,128
aim_on_breadcrumbs__calib_uncensored_refusal_like,candidate,uncensored_refusal_like,uncensored_only,6,mmd_rbf,0.06771140545606613,128
aim_on_breadcrumbs__calib_uncensored_refusal_like,candidate,uncensored_refusal_like,uncensored_only,6,projected_js,0.12011116783833131,128
aim_on_breadcrumbs__calib_uncensored_refusal_like,candidate,uncensored_refusal_like,uncensored_only,7,mmd_rbf,0.051150500774383545,128
aim_on_breadcrumbs__calib_uncensored_refusal_like,candidate,uncensored_refusal_like,uncensored_only,7,projected_js,0.10059489228297025,128
aim_on_breadcrumbs__calib_uncensored_refusal_like,candidate,uncensored_refusal_like,uncensored_only,8,mmd_rbf,0.03642053157091141,128
aim_on_breadcrumbs__calib_uncensored_refusal_like,candidate,uncensored_refusal_like,uncensored_only,8,projected_js,0.086527451465372,128
aim_on_breadcrumbs__calib_uncensored_refusal_like,candidate,uncensored_refusal_like,uncensored_only,9,mmd_rbf,0.031303521245718,128
aim_on_breadcrumbs__calib_uncensored_refusal_like,candidate,uncensored_refusal_like,uncensored_only,9,projected_js,0.07961830822750926,128
aim_on_breadcrumbs__calib_uncensored_refusal_like,candidate,uncensored_refusal_like,uncensored_only,10,mmd_rbf,0.026613211259245872,128
aim_on_breadcrumbs__calib_uncensored_refusal_like,candidate,uncensored_refusal_like,uncensored_only,10,projected_js,0.07594519772101194,128
aim_on_breadcrumbs__calib_uncensored_refusal_like,candidate,uncensored_refusal_like,uncensored_only,11,mmd_rbf,0.022196760401129723,128
aim_on_breadcrumbs__calib_uncensored_refusal_like,candidate,uncensored_refusal_like,uncensored_only,11,projected_js,0.07076336879981682,128
aim_on_breadcrumbs__calib_uncensored_refusal_like,candidate,uncensored_refusal_like,uncensored_only,12,mmd_rbf,0.022725678980350494,128
aim_on_breadcrumbs__calib_uncensored_refusal_like,candidate,uncensored_refusal_like,uncensored_only,12,projected_js,0.0716542741865851,128
aim_on_breadcrumbs__calib_uncensored_refusal_like,candidate,uncensored_refusal_like,uncensored_only,13,mmd_rbf,0.0238575991243124,128
aim_on_breadcrumbs__calib_uncensored_refusal_like,candidate,uncensored_refusal_like,uncensored_only,13,projected_js,0.07868477638112381,128
aim_on_breadcrumbs__calib_uncensored_refusal_like,candidate,uncensored_refusal_like,uncensored_only,14,mmd_rbf,0.02547106146812439,128
aim_on_breadcrumbs__calib_uncensored_refusal_like,candidate,uncensored_refusal_like,uncensored_only,14,projected_js,0.07761640119133517,128
aim_on_breadcrumbs__calib_uncensored_refusal_like,candidate,uncensored_refusal_like,uncensored_only,15,mmd_rbf,0.031431909650564194,128
aim_on_breadcrumbs__calib_uncensored_refusal_like,candidate,uncensored_refusal_like,uncensored_only,15,projected_js,0.08516763482475653,128
aim_on_breadcrumbs__calib_uncensored_refusal_like,candidate,uncensored_refusal_like,uncensored_only,16,mmd_rbf,0.03397142142057419,128
aim_on_breadcrumbs__calib_uncensored_refusal_like,candidate,uncensored_refusal_like,uncensored_only,16,projected_js,0.07542445798753761,128
aim_on_breadcrumbs__calib_uncensored_refusal_like,candidate,uncensored_refusal_like,uncensored_only,17,mmd_rbf,0.034142572432756424,128
aim_on_breadcrumbs__calib_uncensored_refusal_like,candidate,uncensored_refusal_like,uncensored_only,17,projected_js,0.0826315933954902,128
aim_on_breadcrumbs__calib_uncensored_refusal_like,candidate,uncensored_refusal_like,uncensored_only,18,mmd_rbf,0.03639773651957512,128
aim_on_breadcrumbs__calib_uncensored_refusal_like,candidate,uncensored_refusal_like,uncensored_only,18,projected_js,0.08347313298145309,128
aim_on_breadcrumbs__calib_uncensored_refusal_like,candidate,uncensored_refusal_like,uncensored_only,19,mmd_rbf,0.03469444066286087,128
aim_on_breadcrumbs__calib_uncensored_refusal_like,candidate,uncensored_refusal_like,uncensored_only,19,projected_js,0.0889790581422858,128
aim_on_breadcrumbs__calib_uncensored_refusal_like,candidate,uncensored_refusal_like,uncensored_only,20,mmd_rbf,0.036797355860471725,128
aim_on_breadcrumbs__calib_uncensored_refusal_like,candidate,uncensored_refusal_like,uncensored_only,20,projected_js,0.081233601027634,128
aim_on_breadcrumbs__calib_uncensored_refusal_like,candidate,uncensored_refusal_like,uncensored_only,21,mmd_rbf,0.04175516590476036,128
aim_on_breadcrumbs__calib_uncensored_refusal_like,candidate,uncensored_refusal_like,uncensored_only,21,projected_js,0.08977394294925034,128
aim_on_breadcrumbs__calib_uncensored_refusal_like,candidate,uncensored_refusal_like,uncensored_only,22,mmd_rbf,0.04367684945464134,128
aim_on_breadcrumbs__calib_uncensored_refusal_like,candidate,uncensored_refusal_like,uncensored_only,22,projected_js,0.0925163299543783,128
aim_on_breadcrumbs__calib_uncensored_refusal_like,candidate,uncensored_refusal_like,uncensored_only,23,mmd_rbf,0.04438704997301102,128
aim_on_breadcrumbs__calib_uncensored_refusal_like,candidate,uncensored_refusal_like,uncensored_only,23,projected_js,0.09681694104801863,128
aim_on_breadcrumbs__calib_uncensored_refusal_like,candidate,uncensored_refusal_like,uncensored_only,24,mmd_rbf,0.04918573424220085,128
aim_on_breadcrumbs__calib_uncensored_refusal_like,candidate,uncensored_refusal_like,uncensored_only,24,projected_js,0.09810301440302283,128
aim_on_breadcrumbs__calib_uncensored_refusal_like,candidate,uncensored_refusal_like,uncensored_only,25,mmd_rbf,0.053060125559568405,128
aim_on_breadcrumbs__calib_uncensored_refusal_like,candidate,uncensored_refusal_like,uncensored_only,25,projected_js,0.09769540454726666,128
aim_on_breadcrumbs__calib_uncensored_refusal_like,candidate,uncensored_refusal_like,uncensored_only,26,mmd_rbf,0.05414208397269249,128
aim_on_breadcrumbs__calib_uncensored_refusal_like,candidate,uncensored_refusal_like,uncensored_only,26,projected_js,0.09615481906803325,128
aim_on_breadcrumbs__calib_uncensored_refusal_like,candidate,uncensored_refusal_like,uncensored_only,27,mmd_rbf,0.05557265505194664,128
aim_on_breadcrumbs__calib_uncensored_refusal_like,candidate,uncensored_refusal_like,uncensored_only,27,projected_js,0.09781205502804369,128
aim_on_breadcrumbs__calib_uncensored_refusal_like,candidate,uncensored_refusal_like,uncensored_only,28,mmd_rbf,0.053108688443899155,128
aim_on_breadcrumbs__calib_uncensored_refusal_like,candidate,uncensored_refusal_like,uncensored_only,28,projected_js,0.10308778082253411,128
aim_on_breadcrumbs__calib_uncensored_refusal_like,candidate,uncensored_refusal_like,uncensored_only,29,mmd_rbf,0.05062372609972954,128
aim_on_breadcrumbs__calib_uncensored_refusal_like,candidate,uncensored_refusal_like,uncensored_only,29,projected_js,0.10016248282045126,128
aim_on_breadcrumbs__calib_uncensored_refusal_like,candidate,uncensored_refusal_like,uncensored_only,30,mmd_rbf,0.05321686342358589,128
aim_on_breadcrumbs__calib_uncensored_refusal_like,candidate,uncensored_refusal_like,uncensored_only,30,projected_js,0.10366756370058283,128
aim_on_breadcrumbs__calib_uncensored_refusal_like,candidate,uncensored_refusal_like,uncensored_only,31,mmd_rbf,0.05129755288362503,128
aim_on_breadcrumbs__calib_uncensored_refusal_like,candidate,uncensored_refusal_like,uncensored_only,31,projected_js,0.0951923904940486,128
aim_on_breadcrumbs__calib_uncensored_refusal_like,candidate,uncensored_refusal_like,uncensored_only,32,mmd_rbf,0.051355838775634766,128
aim_on_breadcrumbs__calib_uncensored_refusal_like,candidate,uncensored_refusal_like,uncensored_only,32,projected_js,0.09511151566402987,128
aim_on_breadcrumbs__calib_uncensored_refusal_like,candidate,uncensored_refusal_like,uncensored_only,33,mmd_rbf,0.050875481218099594,128
aim_on_breadcrumbs__calib_uncensored_refusal_like,candidate,uncensored_refusal_like,uncensored_only,33,projected_js,0.09931404626695439,128
aim_on_breadcrumbs__calib_uncensored_refusal_like,candidate,uncensored_refusal_like,uncensored_only,34,mmd_rbf,0.05623966082930565,128
aim_on_breadcrumbs__calib_uncensored_refusal_like,candidate,uncensored_refusal_like,uncensored_only,34,projected_js,0.10829481779364869,128
aim_on_breadcrumbs__calib_uncensored_refusal_like,candidate,uncensored_refusal_like,uncensored_only,35,mmd_rbf,0.13211575150489807,128
aim_on_breadcrumbs__calib_uncensored_refusal_like,candidate,uncensored_refusal_like,uncensored_only,35,projected_js,0.1590217261109501,128
