model_id,model_kind,calib_subset,target_id,layer,metric,value,n_prompts
aim_on_task_arithmetic,candidate,general,base,0,mmd_rbf,0.004647886846214533,128
aim_on_task_arithmetic,candidate,general,base,0,projected_js,0.038946634871535935,128
aim_on_task_arithmetic,candidate,general,base,1,mmd_rbf,0.00896008312702179,128
aim_on_task_arithmetic,candidate,general,base,1,projected_js,0.04640709396335296,128
aim_on_task_arithmetic,candidate,general,base,2,mmd_rbf,0.008006364107131958,128
aim_on_task_arithmetic,candidate,general,base,2,projected_js,0.04918107553385198,128
aim_on_task_arithmetic,candidate,general,base,3,mmd_rbf,0.010425182990729809,128
aim_on_task_arithmetic,candidate,general,base,3,projected_js,0.05600369576131925,128
aim_on_task_arithmetic,candidate,general,base,4,mmd_rbf,0.009568179957568645,128
aim_on_task_arithmetic,candidate,general,base,4,projected_js,0.05292817548615858,128
aim_on_task_arithmetic,candidate,general,base,5,mmd_rbf,0.00892168004065752,128
aim_on_task_arithmetic,candidate,general,base,5,projected_js,0.05417048718663864,128
aim_on_task_arithmetic,candidate,general,base,6,mmd_rbf,0.0067826248705387115,128
aim_on_task_arithmetic,candidate,general,base,6,projected_js,0.051974326925119385,128
aim_on_task_arithmetic,candidate,general,base,7,mmd_rbf,0.006101165432482958,128
aim_on_task_arithmetic,candidate,general,base,7,projected_js,0.054720183252356946,128
aim_on_task_arithmetic,candidate,general,base,8,mmd_rbf,0.004919986706227064,128
aim_on_task_arithmetic,candidate,general,base,8,projected_js,0.05256820181966759,128
aim_on_task_arithmetic,candidate,general,base,9,mmd_rbf,0.004850750323385,128
aim_on_task_arithmetic,candidate,general,base,9,projected_js,0.05370286124525592,128
aim_on_task_arithmetic,candidate,general,base,10,mmd_rbf,0.004910574760288,128
aim_on_task_arithmetic,candidate,general,base,10,projected_js,0.053766499942867085,128
aim_on_task_arithmetic,candidate,general,base,11,mmd_rbf,0.004882365930825472,128
aim_on_task_arithmetic,candidate,general,base,11,projected_js,0.0570518362801522,128
aim_on_task_arithmetic,candidate,general,base,12,mmd_rbf,0.004956801887601614,128
aim_on_task_arithmetic,candidate,general,base,12,projected_js,0.05792176345130429,128
aim_on_task_arithmetic,candidate,general,base,13,mmd_rbf,0.0052605257369577885,128
aim_on_task_arithmetic,candidate,general,base,13,projected_js,0.057099532161373645,128
aim_on_task_arithmetic,candidate,general,base,14,mmd_rbf,0.0054654269479215145,128
aim_on_task_arithmetic,candidate,general,base,14,projected_js,0.05534184063435532,128
aim_on_task_arithmetic,candidate,general,base,15,mmd_rbf,0.006057012360543013,128
aim_on_task_arithmetic,candidate,general,base,15,projected_js,0.05470179859548807,128
aim_on_task_arithmetic,candidate,general,base,16,mmd_rbf,0.007073584478348494,128
aim_on_task_arithmetic,candidate,general,base,16,projected_js,0.05773093056632206,128
aim_on_task_arithmetic,candidate,general,base,17,mmd_rbf,0.00686964625492692,128
aim_on_task_arithmetic,candidate,general,base,17,projected_js,0.05747305223485455,128
aim_on_task_arithmetic,candidate,general,base,18,mmd_rbf,0.007494332734495401,128
aim_on_task_arithmetic,candidate,general,base,18,projected_js,0.0612584613263607,128
aim_on_task_arithmetic,candidate,general,base,19,mmd_rbf,0.007710285484790802,128
aim_on_task_arithmetic,candidate,general,base,19,projected_js,0.061861559690441936,128
aim_on_task_arithmetic,candidate,general,base,20,mmd_rbf,0.007470432203263044,128
aim_on_task_arithmetic,candidate,general,base,20,projected_js,0.059001770860049874,128
aim_on_task_arithmetic,candidate,general,base,21,mmd_rbf,0.007721632719039917,128
aim_on_task_arithmetic,candidate,general,base,21,projected_js,0.060396220709662884,128
aim_on_task_arithmetic,candidate,general,base,22,mmd_rbf,0.0070928470231592655,128
aim_on_task_arithmetic,candidate,general,base,22,projected_js,0.06156656565144658,128
aim_on_task_arithmetic,candidate,general,base,23,mmd_rbf,0.006538376212120056,128
aim_on_task_arithmetic,candidate,general,base,23,projected_js,0.05955000649555586,128
aim_on_task_arithmetic,candidate,general,base,24,mmd_rbf,0.0058319759555161,128
aim_on_task_arithmetic,candidate,general,base,24,projected_js,0.0605318054149393,128
aim_on_task_arithmetic,candidate,general,base,25,mmd_rbf,0.005382153205573559,128
aim_on_task_arithmetic,candidate,general,base,25,projected_js,0.05751433497061953,128
aim_on_task_arithmetic,candidate,general,base,26,mmd_rbf,0.005272214766591787,128
aim_on_task_arithmetic,candidate,general,base,26,projected_js,0.05282705582794733,128
aim_on_task_arithmetic,candidate,general,base,27,mmd_rbf,0.005195482634007931,128
aim_on_task_arithmetic,candidate,general,base,27,projected_js,0.056745588197372854,128
aim_on_task_arithmetic,candidate,general,base,28,mmd_rbf,0.004905616864562035,128
aim_on_task_arithmetic,candidate,general,base,28,projected_js,0.056695029605180025,128
aim_on_task_arithmetic,candidate,general,base,29,mmd_rbf,0.004713983274996281,128
aim_on_task_arithmetic,candidate,general,base,29,projected_js,0.05690262094140053,128
aim_on_task_arithmetic,candidate,general,base,30,mmd_rbf,0.004520864225924015,128
aim_on_task_arithmetic,candidate,general,base,30,projected_js,0.058056687499629334,128
aim_on_task_arithmetic,candidate,general,base,31,mmd_rbf,0.004332698415964842,128
aim_on_task_arithmetic,candidate,general,base,31,projected_js,0.054637612018268555,128
aim_on_task_arithmetic,candidate,general,base,32,mmd_rbf,0.004691077396273613,128
aim_on_task_arithmetic,candidate,general,base,32,projected_js,0.05498098165844567,128
aim_on_task_arithmetic,candidate,general,base,33,mmd_rbf,0.005042769946157932,128
aim_on_task_arithmetic,candidate,general,base,33,projected_js,0.05737775610759854,128
aim_on_task_arithmetic,candidate,general,base,34,mmd_rbf,0.009816606529057026,128
aim_on_task_arithmetic,candidate,general,base,34,projected_js,0.060612699715420604,128
aim_on_task_arithmetic,candidate,general,base,35,mmd_rbf,0.0615416057407856,128
aim_on_task_arithmetic,candidate,general,base,35,projected_js,0.10500774707179517,128
aim_on_task_arithmetic,candidate,general,instr_only,0,mmd_rbf,0.0024650634732097387,128
aim_on_task_arithmetic,candidate,general,instr_only,0,projected_js,0.030481466063065454,128
aim_on_task_arithmetic,candidate,general,instr_only,1,mmd_rbf,0.004442417528480291,128
aim_on_task_arithmetic,candidate,general,instr_only,1,projected_js,0.0373287360125687,128
aim_on_task_arithmetic,candidate,general,instr_only,2,mmd_rbf,0.005076526198536158,128
aim_on_task_arithmetic,candidate,general,instr_only,2,projected_js,0.0414687218144536,128
aim_on_task_arithmetic,candidate,general,instr_only,3,mmd_rbf,0.006623928435146809,128
aim_on_task_arithmetic,candidate,general,instr_only,3,projected_js,0.045653432491235435,128
aim_on_task_arithmetic,candidate,general,instr_only,4,mmd_rbf,0.0069637480191886425,128
aim_on_task_arithmetic,candidate,general,instr_only,4,projected_js,0.046044215123401955,128
aim_on_task_arithmetic,candidate,general,instr_only,5,mmd_rbf,0.006643521133810282,128
aim_on_task_arithmetic,candidate,general,instr_only,5,projected_js,0.04848189337644726,128
aim_on_task_arithmetic,candidate,general,instr_only,6,mmd_rbf,0.004624803550541401,128
aim_on_task_arithmetic,candidate,general,instr_only,6,projected_js,0.04528373520588502,128
aim_on_task_arithmetic,candidate,general,instr_only,7,mmd_rbf,0.0037068750243633986,128
aim_on_task_arithmetic,candidate,general,instr_only,7,projected_js,0.04350887771579437,128
aim_on_task_arithmetic,candidate,general,instr_only,8,mmd_rbf,0.002874884055927396,128
aim_on_task_arithmetic,candidate,general,instr_only,8,projected_js,0.04597446450497955,128
aim_on_task_arithmetic,candidate,general,instr_only,9,mmd_rbf,0.002829937031492591,128
aim_on_task_arithmetic,candidate,general,instr_only,9,projected_js,0.048423118132632226,128
aim_on_task_arithmetic,candidate,general,instr_only,10,mmd_rbf,0.002929405076429248,128
aim_on_task_arithmetic,candidate,general,instr_only,10,projected_js,0.048946180613711476,128
aim_on_task_arithmetic,candidate,general,instr_only,11,mmd_rbf,0.0030042894650250673,128
aim_on_task_arithmetic,candidate,general,instr_only,11,projected_js,0.04884075585869141,128
aim_on_task_arithmetic,candidate,general,instr_only,12,mmd_rbf,0.003215737408027053,128
aim_on_task_arithmetic,candidate,general,instr_only,12,projected_js,0.05036178504815325,128
aim_on_task_arithmetic,candidate,general,instr_only,13,mmd_rbf,0.0036983974277973175,128
aim_on_task_arithmetic,candidate,general,instr_only,13,projected_js,0.05288457204005681,128
aim_on_task_arithmetic,candidate,general,instr_only,14,mmd_rbf,0.0038725025951862335,128
aim_on_task_arithmetic,candidate,general,instr_only,14,projected_js,0.05327961524017155,128
aim_on_task_arithmetic,candidate,general,instr_only,15,mmd_rbf,0.004193000495433807,128
aim_on_task_arithmetic,candidate,general,instr_only,15,projected_js,0.05647370227961801,128
aim_on_task_arithmetic,candidate,general,instr_only,16,mmd_rbf,0.0046399435959756374,128
aim_on_task_arithmetic,candidate,general,instr_only,16,projected_js,0.05775639461353421,128
aim_on_task_arithmetic,candidate,general,instr_only,17,mmd_rbf,0.004975802730768919,128
aim_on_task_arithmetic,candidate,general,instr_only,17,projected_js,0.05831091609434225,128
aim_on_task_arithmetic,candidate,general,instr_only,18,mmd_rbf,0.005219378508627415,128
aim_on_task_arithmetic,candidate,general,instr_only,18,projected_js,0.05633476376533508,128
aim_on_task_arithmetic,candidate,general,instr_only,19,mmd_rbf,0.005485271569341421,128
aim_on_task_arithmetic,candidate,general,instr_only,19,projected_js,0.05952245305525139,128
aim_on_task_arithmetic,candidate,general,instr_only,20,mmd_rbf,0.0055527049116790295,128
aim_on_task_arithmetic,candidate,general,instr_only,20,projected_js,0.0583467933756765,128
aim_on_task_arithmetic,candidate,general,instr_only,21,mmd_rbf,0.005702822934836149,128
aim_on_task_arithmetic,candidate,general,instr_only,21,projected_js,0.05578385200351477,128
aim_on_task_arithmetic,candidate,general,instr_only,22,mmd_rbf,0.006005004979670048,128
aim_on_task_arithmetic,candidate,general,instr_only,22,projected_js,0.05991196277318522,128
aim_on_task_arithmetic,candidate,general,instr_only,23,mmd_rbf,0.005950847174972296,128
aim_on_task_arithmetic,candidate,general,instr_only,23,projected_js,0.057998321135528386,128
aim_on_task_arithmetic,candidate,general,instr_only,24,mmd_rbf,0.0061610690318048,128
aim_on_task_arithmetic,candidate,general,instr_only,24,projected_js,0.057118236989481375,128
aim_on_task_arithmetic,candidate,general,instr_only,25,mmd_rbf,0.006220794282853603,128
aim_on_task_arithmetic,candidate,general,instr_only,25,projected_js,0.06021141610108316,128
aim_on_task_arithmetic,candidate,general,instr_only,26,mmd_rbf,0.006370281334966421,128
aim_on_task_arithmetic,candidate,general,instr_only,26,projected_js,0.05727073710295372,128
aim_on_task_arithmetic,candidate,general,instr_only,27,mmd_rbf,0.006387046072632074,128
aim_on_task_arithmetic,candidate,general,instr_only,27,projected_js,0.05829870965681039,128
aim_on_task_arithmetic,candidate,general,instr_only,28,mmd_rbf,0.006162566598504782,128
aim_on_task_arithmetic,candidate,general,instr_only,28,projected_js,0.05753854141221382,128
aim_on_task_arithmetic,candidate,general,instr_only,29,mmd_rbf,0.005846611689776182,128
aim_on_task_arithmetic,candidate,general,instr_only,29,projected_js,0.05420586752006784,128
aim_on_task_arithmetic,candidate,general,instr_only,30,mmd_rbf,0.005552676506340504,128
aim_on_task_arithmetic,candidate,general,instr_only,30,projected_js,0.05959498739684932,128
aim_on_task_arithmetic,candidate,general,instr_only,31,mmd_rbf,0.005494414363056421,128
aim_on_task_arithmetic,candidate,general,instr_only,31,projected_js,0.05534818198066205,128
aim_on_task_arithmetic,candidate,general,instr_only,32,mmd_rbf,0.005620183888822794,128
aim_on_task_arithmetic,candidate,general,instr_only,32,projected_js,0.05840853130212054,128
aim_on_task_arithmetic,candidate,general,instr_only,33,mmd_rbf,0.005590296816080809,128
aim_on_task_arithmetic,candidate,general,instr_only,33,projected_js,0.055987863073823974,128
aim_on_task_arithmetic,candidate,general,instr_only,34,mmd_rbf,0.0070027634501457214,128
aim_on_task_arithmetic,candidate,general,instr_only,34,projected_js,0.05808829647139646,128
aim_on_task_arithmetic,candidate,general,instr_only,35,mmd_rbf,0.038299668580293655,128
aim_on_task_arithmetic,candidate,general,instr_only,35,projected_js,0.0817120949504897,128
aim_on_task_arithmetic,candidate,general,reasoning_only,0,mmd_rbf,0.01588481105864048,128
aim_on_task_arithmetic,candidate,general,reasoning_only,0,projected_js,0.06195943066268228,128
aim_on_task_arithmetic,candidate,general,reasoning_only,1,mmd_rbf,0.017555786296725273,128
aim_on_task_arithmetic,candidate,general,reasoning_only,1,projected_js,0.06469980889232829,128
aim_on_task_arithmetic,candidate,general,reasoning_only,2,mmd_rbf,0.02412237785756588,128
aim_on_task_arithmetic,candidate,general,reasoning_only,2,projected_js,0.06902879558037966,128
aim_on_task_arithmetic,candidate,general,reasoning_only,3,mmd_rbf,0.0258304625749588,128
aim_on_task_arithmetic,candidate,general,reasoning_only,3,projected_js,0.08208600268699229,128
aim_on_task_arithmetic,candidate,general,reasoning_only,4,mmd_rbf,0.025185180827975273,128
aim_on_task_arithmetic,candidate,general,reasoning_only,4,projected_js,0.07695883631822653,128
aim_on_task_arithmetic,candidate,general,reasoning_only,5,mmd_rbf,0.024999499320983887,128
aim_on_task_arithmetic,candidate,general,reasoning_only,5,projected_js,0.07726971132797189,128
aim_on_task_arithmetic,candidate,general,reasoning_only,6,mmd_rbf,0.017321277409791946,128
aim_on_task_arithmetic,candidate,general,reasoning_only,6,projected_js,0.0704881377168931,128
aim_on_task_arithmetic,candidate,general,reasoning_only,7,mmd_rbf,0.015948491171002388,128
aim_on_task_arithmetic,candidate,general,reasoning_only,7,projected_js,0.06885354511905462,128
aim_on_task_arithmetic,candidate,general,reasoning_only,8,mmd_rbf,0.012247408740222454,128
aim_on_task_arithmetic,candidate,general,reasoning_only,8,projected_js,0.0667998663848266,128
aim_on_task_arithmetic,candidate,general,reasoning_only,9,mmd_rbf,0.011606010608375072,128
aim_on_task_arithmetic,candidate,general,reasoning_only,9,projected_js,0.06417823024094105,128
aim_on_task_arithmetic,candidate,general,reasoning_only,10,mmd_rbf,0.012278862297534943,128
aim_on_task_arithmetic,candidate,general,reasoning_only,10,projected_js,0.06321130707510747,128
aim_on_task_arithmetic,candidate,general,reasoning_only,11,mmd_rbf,0.011038371361792088,128
aim_on_task_arithmetic,candidate,general,reasoning_only,11,projected_js,0.06052880219067447,128
aim_on_task_arithmetic,candidate,general,reasoning_only,12,mmd_rbf,0.011149494908750057,128
aim_on_task_arithmetic,candidate,general,reasoning_only,12,projected_js,0.06554278993280604,128
aim_on_task_arithmetic,candidate,general,reasoning_only,13,mmd_rbf,0.011495709419250488,128
aim_on_task_arithmetic,candidate,general,reasoning_only,13,projected_js,0.06527513242326677,128
aim_on_task_arithmetic,candidate,general,reasoning_only,14,mmd_rbf,0.011321300640702248,128
aim_on_task_arithmetic,candidate,general,reasoning_only,14,projected_js,0.06256570326513611,128
aim_on_task_arithmetic,candidate,general,reasoning_only,15,mmd_rbf,0.012020801194012165,128
aim_on_task_arithmetic,candidate,general,reasoning_only,15,projected_js,0.06396236488944851,128
aim_on_task_arithmetic,candidate,general,reasoning_only,16,mmd_rbf,0.012279040180146694,128
aim_on_task_arithmetic,candidate,general,reasoning_only,16,projected_js,0.06332337652565911,128
aim_on_task_arithmetic,candidate,general,reasoning_only,17,mmd_rbf,0.0118844173848629,128
aim_on_task_arithmetic,candidate,general,reasoning_only,17,projected_js,0.06485263374634087,128
aim_on_task_arithmetic,candidate,general,reasoning_only,18,mmd_rbf,0.013557309284806252,128
aim_on_task_arithmetic,candidate,general,reasoning_only,18,projected_js,0.06400579662295058,128
aim_on_task_arithmetic,candidate,general,reasoning_only,19,mmd_rbf,0.012491889297962189,128
aim_on_task_arithmetic,candidate,general,reasoning_only,19,projected_js,0.06515604766900651,128
aim_on_task_arithmetic,candidate,general,reasoning_only,20,mmd_rbf,0.012269539758563042,128
aim_on_task_arithmetic,candidate,general,reasoning_only,20,projected_js,0.06340048863785341,128
aim_on_task_arithmetic,candidate,general,reasoning_only,21,mmd_rbf,0.012900451198220253,128
aim_on_task_arithmetic,candidate,general,reasoning_only,21,projected_js,0.06524754699785262,128
aim_on_task_arithmetic,candidate,general,reasoning_only,22,mmd_rbf,0.010886741802096367,128
aim_on_task_arithmetic,candidate,general,reasoning_only,22,projected_js,0.06378171543474309,128
aim_on_task_arithmetic,candidate,general,reasoning_only,23,mmd_rbf,0.008760589174926281,128
aim_on_task_arithmetic,candidate,general,reasoning_only,23,projected_js,0.06491276598535478,128
aim_on_task_arithmetic,candidate,general,reasoning_only,24,mmd_rbf,0.008830509148538113,128
aim_on_task_arithmetic,candidate,general,reasoning_only,24,projected_js,0.06050402845721692,128
aim_on_task_arithmetic,candidate,general,reasoning_only,25,mmd_rbf,0.008051417768001556,128
aim_on_task_arithmetic,candidate,general,reasoning_only,25,projected_js,0.06100253033218905,128
aim_on_task_arithmetic,candidate,general,reasoning_only,26,mmd_rbf,0.007988800294697285,128
aim_on_task_arithmetic,candidate,general,reasoning_only,26,projected_js,0.05887461002566852,128
aim_on_task_arithmetic,candidate,general,reasoning_only,27,mmd_rbf,0.007601756136864424,128
aim_on_task_arithmetic,candidate,general,reasoning_only,27,projected_js,0.05992856540251523,128
aim_on_task_arithmetic,candidate,general,reasoning_only,28,mmd_rbf,0.007766552269458771,128
aim_on_task_arithmetic,candidate,general,reasoning_only,28,projected_js,0.05956884758779779,128
aim_on_task_arithmetic,candidate,general,reasoning_only,29,mmd_rbf,0.007637590169906616,128
aim_on_task_arithmetic,candidate,general,reasoning_only,29,projected_js,0.05908371304394677,128
aim_on_task_arithmetic,candidate,general,reasoning_only,30,mmd_rbf,0.007463450077921152,128
aim_on_task_arithmetic,candidate,general,reasoning_only,30,projected_js,0.06059338804334402,128
aim_on_task_arithmetic,candidate,general,reasoning_only,31,mmd_rbf,0.0074089872650802135,128
aim_on_task_arithmetic,candidate,general,reasoning_only,31,projected_js,0.058757771854288876,128
aim_on_task_arithmetic,candidate,general,reasoning_only,32,mmd_rbf,0.007316813804209232,128
aim_on_task_arithmetic,candidate,general,reasoning_only,32,projected_js,0.05951362516498193,128
aim_on_task_arithmetic,candidate,general,reasoning_only,33,mmd_rbf,0.007251204457134008,128
aim_on_task_arithmetic,candidate,general,reasoning_only,33,projected_js,0.060505488771013916,128
aim_on_task_arithmetic,candidate,general,reasoning_only,34,mmd_rbf,0.007542445790022612,128
aim_on_task_arithmetic,candidate,general,reasoning_only,34,projected_js,0.06091743422439322,128
aim_on_task_arithmetic,candidate,general,reasoning_only,35,mmd_rbf,0.028971729800105095,128
aim_on_task_arithmetic,candidate,general,reasoning_only,35,projected_js,0.0733003003988415,128
aim_on_task_arithmetic,candidate,general,uncensored_only,0,mmd_rbf,0.007187193725258112,128
aim_on_task_arithmetic,candidate,general,uncensored_only,0,projected_js,0.039032448607031256,128
aim_on_task_arithmetic,candidate,general,uncensored_only,1,mmd_rbf,0.16076475381851196,128
aim_on_task_arithmetic,candidate,general,uncensored_only,1,projected_js,0.16957633357378654,128
aim_on_task_arithmetic,candidate,general,uncensored_only,2,mmd_rbf,0.1321878284215927,128
aim_on_task_arithmetic,candidate,general,uncensored_only,2,projected_js,0.13347334775608033,128
aim_on_task_arithmetic,candidate,general,uncensored_only,3,mmd_rbf,0.10076384991407394,128
aim_on_task_arithmetic,candidate,general,uncensored_only,3,projected_js,0.12229123164433986,128
aim_on_task_arithmetic,candidate,general,uncensored_only,4,mmd_rbf,0.073429636657238,128
aim_on_task_arithmetic,candidate,general,uncensored_only,4,projected_js,0.11045825033215806,128
aim_on_task_arithmetic,candidate,general,uncensored_only,5,mmd_rbf,0.051109906286001205,128
aim_on_task_arithmetic,candidate,general,uncensored_only,5,projected_js,0.10388051893096417,128
aim_on_task_arithmetic,candidate,general,uncensored_only,6,mmd_rbf,0.02892790175974369,128
aim_on_task_arithmetic,candidate,general,uncensored_only,6,projected_js,0.07891495976946317,128
aim_on_task_arithmetic,candidate,general,uncensored_only,7,mmd_rbf,0.022181782871484756,128
aim_on_task_arithmetic,candidate,general,uncensored_only,7,projected_js,0.0722552354563959,128
aim_on_task_arithmetic,candidate,general,uncensored_only,8,mmd_rbf,0.01469352375715971,128
aim_on_task_arithmetic,candidate,general,uncensored_only,8,projected_js,0.06486207744455896,128
aim_on_task_arithmetic,candidate,general,uncensored_only,9,mmd_rbf,0.012399894185364246,128
aim_on_task_arithmetic,candidate,general,uncensored_only,9,projected_js,0.06296221591765061,128
aim_on_task_arithmetic,candidate,general,uncensored_only,10,mmd_rbf,0.010902556590735912,128
aim_on_task_arithmetic,candidate,general,uncensored_only,10,projected_js,0.06540115911047906,128
aim_on_task_arithmetic,candidate,general,uncensored_only,11,mmd_rbf,0.009506165981292725,128
aim_on_task_arithmetic,candidate,general,uncensored_only,11,projected_js,0.06258984160376713,128
aim_on_task_arithmetic,candidate,general,uncensored_only,12,mmd_rbf,0.00918183010071516,128
aim_on_task_arithmetic,candidate,general,uncensored_only,12,projected_js,0.06123807921539992,128
aim_on_task_arithmetic,candidate,general,uncensored_only,13,mmd_rbf,0.009833693504333496,128
aim_on_task_arithmetic,candidate,general,uncensored_only,13,projected_js,0.060723706148564816,128
aim_on_task_arithmetic,candidate,general,uncensored_only,14,mmd_rbf,0.009742620401084423,128
aim_on_task_arithmetic,candidate,general,uncensored_only,14,projected_js,0.0643350706086494,128
aim_on_task_arithmetic,candidate,general,uncensored_only,15,mmd_rbf,0.01217971183359623,128
aim_on_task_arithmetic,candidate,general,uncensored_only,15,projected_js,0.0661919245030731,128
aim_on_task_arithmetic,candidate,general,uncensored_only,16,mmd_rbf,0.013345152139663696,128
aim_on_task_arithmetic,candidate,general,uncensored_only,16,projected_js,0.06410465485532768,128
aim_on_task_arithmetic,candidate,general,uncensored_only,17,mmd_rbf,0.012436340562999249,128
aim_on_task_arithmetic,candidate,general,uncensored_only,17,projected_js,0.06706082605523989,128
aim_on_task_arithmetic,candidate,general,uncensored_only,18,mmd_rbf,0.012615039944648743,128
aim_on_task_arithmetic,candidate,general,uncensored_only,18,projected_js,0.06784756947308779,128
aim_on_task_arithmetic,candidate,general,uncensored_only,19,mmd_rbf,0.011625852435827255,128
aim_on_task_arithmetic,candidate,general,uncensored_only,19,projected_js,0.06722437567077577,128
aim_on_task_arithmetic,candidate,general,uncensored_only,20,mmd_rbf,0.011514614336192608,128
aim_on_task_arithmetic,candidate,general,uncensored_only,20,projected_js,0.06507290888112038,128
aim_on_task_arithmetic,candidate,general,uncensored_only,21,mmd_rbf,0.012361206114292145,128
aim_on_task_arithmetic,candidate,general,uncensored_only,21,projected_js,0.06725586048560217,128
aim_on_task_arithmetic,candidate,general,uncensored_only,22,mmd_rbf,0.012854247353971004,128
aim_on_task_arithmetic,candidate,general,uncensored_only,22,projected_js,0.06630221608793363,128
aim_on_task_arithmetic,candidate,general,uncensored_only,23,mmd_rbf,0.01230272650718689,128
aim_on_task_arithmetic,candidate,general,uncensored_only,23,projected_js,0.06579246174078435,128
aim_on_task_arithmetic,candidate,general,uncensored_only,24,mmd_rbf,0.012738051824271679,128
aim_on_task_arithmetic,candidate,general,uncensored_only,24,projected_js,0.06424557309946977,128
aim_on_task_arithmetic,candidate,general,uncensored_only,25,mmd_rbf,0.01300723571330309,128
aim_on_task_arithmetic,candidate,general,uncensored_only,25,projected_js,0.06780824629822746,128
aim_on_task_arithmetic,candidate,general,uncensored_only,26,mmd_rbf,0.013385596685111523,128
aim_on_task_arithmetic,candidate,general,uncensored_only,26,projected_js,0.06512286805082113,128
aim_on_task_arithmetic,candidate,general,uncensored_only,27,mmd_rbf,0.013441010378301144,128
aim_on_task_arithmetic,candidate,general,uncensored_only,27,projected_js,0.06837817790801637,128
aim_on_task_arithmetic,candidate,general,uncensored_only,28,mmd_rbf,0.012498125433921814,128
aim_on_task_arithmetic,candidate,general,uncensored_only,28,projected_js,0.06702809734269977,128
aim_on_task_arithmetic,candidate,general,uncensored_only,29,mmd_rbf,0.0121109364554286,128
aim_on_task_arithmetic,candidate,general,uncensored_only,29,projected_js,0.06201106053777039,128
aim_on_task_arithmetic,candidate,general,uncensored_only,30,mmd_rbf,0.01212282758206129,128
aim_on_task_arithmetic,candidate,general,uncensored_only,30,projected_js,0.0636788482661359,128
aim_on_task_arithmetic,candidate,general,uncensored_only,31,mmd_rbf,0.01153626199811697,128
aim_on_task_arithmetic,candidate,general,uncensored_only,31,projected_js,0.06341346452245489,128
aim_on_task_arithmetic,candidate,general,uncensored_only,32,mmd_rbf,0.011351296678185463,128
aim_on_task_arithmetic,candidate,general,uncensored_only,32,projected_js,0.05959465861087665,128
aim_on_task_arithmetic,candidate,general,uncensored_only,33,mmd_rbf,0.011433824896812439,128
aim_on_task_arithmetic,candidate,general,uncensored_only,33,projected_js,0.06386045104591176,128
aim_on_task_arithmetic,candidate,general,uncensored_only,34,mmd_rbf,0.012615290470421314,128
aim_on_task_arithmetic,candidate,general,uncensored_only,34,projected_js,0.060787309950683266,128
aim_on_task_arithmetic,candidate,general,uncensored_only,35,mmd_rbf,0.052241481840610504,128
aim_on_task_arithmetic,candidate,general,uncensored_only,35,projected_js,0.09245235373964533,128
aim_on_task_arithmetic,candidate,instruction,base,0,mmd_rbf,0.002879646373912692,128
aim_on_task_arithmetic,candidate,instruction,base,0,projected_js,0.039351461120531894,128
aim_on_task_arithmetic,candidate,instruction,base,1,mmd_rbf,0.005775836296379566,128
aim_on_task_arithmetic,candidate,instruction,base,1,projected_js,0.04661234325612895,128
aim_on_task_arithmetic,candidate,instruction,base,2,mmd_rbf,0.006742001976817846,128
aim_on_task_arithmetic,candidate,instruction,base,2,projected_js,0.05461440989165567,128
aim_on_task_arithmetic,candidate,instruction,base,3,mmd_rbf,0.009241499938070774,128
aim_on_task_arithmetic,candidate,instruction,base,3,projected_js,0.06007573372335173,128
aim_on_task_arithmetic,candidate,instruction,base,4,mmd_rbf,0.008769153617322445,128
aim_on_task_arithmetic,candidate,instruction,base,4,projected_js,0.06037455456680618,128
aim_on_task_arithmetic,candidate,instruction,base,5,mmd_rbf,0.009232752956449986,128
aim_on_task_arithmetic,candidate,instruction,base,5,projected_js,0.05481366082676686,128
aim_on_task_arithmetic,candidate,instruction,base,6,mmd_rbf,0.008028184995055199,128
aim_on_task_arithmetic,candidate,instruction,base,6,projected_js,0.057761508418479934,128
aim_on_task_arithmetic,candidate,instruction,base,7,mmd_rbf,0.007651289459317923,128
aim_on_task_arithmetic,candidate,instruction,base,7,projected_js,0.059476880356669426,128
aim_on_task_arithmetic,candidate,instruction,base,8,mmd_rbf,0.006989210844039917,128
aim_on_task_arithmetic,candidate,instruction,base,8,projected_js,0.05964011463220231,128
aim_on_task_arithmetic,candidate,instruction,base,9,mmd_rbf,0.0076919361017644405,128
aim_on_task_arithmetic,candidate,instruction,base,9,projected_js,0.06226869631791487,128
aim_on_task_arithmetic,candidate,instruction,base,10,mmd_rbf,0.008481915108859539,128
aim_on_task_arithmetic,candidate,instruction,base,10,projected_js,0.06262056203559041,128
aim_on_task_arithmetic,candidate,instruction,base,11,mmd_rbf,0.00847875326871872,128
aim_on_task_arithmetic,candidate,instruction,base,11,projected_js,0.06359112967038527,128
aim_on_task_arithmetic,candidate,instruction,base,12,mmd_rbf,0.008394971489906311,128
aim_on_task_arithmetic,candidate,instruction,base,12,projected_js,0.0702232593903318,128
aim_on_task_arithmetic,candidate,instruction,base,13,mmd_rbf,0.009039762429893017,128
aim_on_task_arithmetic,candidate,instruction,base,13,projected_js,0.06551635844516568,128
aim_on_task_arithmetic,candidate,instruction,base,14,mmd_rbf,0.00972901564091444,128
aim_on_task_arithmetic,candidate,instruction,base,14,projected_js,0.06468117528129369,128
aim_on_task_arithmetic,candidate,instruction,base,15,mmd_rbf,0.010850116610527039,128
aim_on_task_arithmetic,candidate,instruction,base,15,projected_js,0.06850333145121112,128
aim_on_task_arithmetic,candidate,instruction,base,16,mmd_rbf,0.011688437312841415,128
aim_on_task_arithmetic,candidate,instruction,base,16,projected_js,0.06662381114438176,128
aim_on_task_arithmetic,candidate,instruction,base,17,mmd_rbf,0.011538833379745483,128
aim_on_task_arithmetic,candidate,instruction,base,17,projected_js,0.07006030844058841,128
aim_on_task_arithmetic,candidate,instruction,base,18,mmd_rbf,0.012624466791749,128
aim_on_task_arithmetic,candidate,instruction,base,18,projected_js,0.07055809086887166,128
aim_on_task_arithmetic,candidate,instruction,base,19,mmd_rbf,0.013960483483970165,128
aim_on_task_arithmetic,candidate,instruction,base,19,projected_js,0.06654301553498954,128
aim_on_task_arithmetic,candidate,instruction,base,20,mmd_rbf,0.013940513134002686,128
aim_on_task_arithmetic,candidate,instruction,base,20,projected_js,0.06842630985192955,128
aim_on_task_arithmetic,candidate,instruction,base,21,mmd_rbf,0.014901098795235157,128
aim_on_task_arithmetic,candidate,instruction,base,21,projected_js,0.07375052524730563,128
aim_on_task_arithmetic,candidate,instruction,base,22,mmd_rbf,0.014420643448829651,128
aim_on_task_arithmetic,candidate,instruction,base,22,projected_js,0.07005636300891638,128
aim_on_task_arithmetic,candidate,instruction,base,23,mmd_rbf,0.01339211780577898,128
aim_on_task_arithmetic,candidate,instruction,base,23,projected_js,0.07202543725725263,128
aim_on_task_arithmetic,candidate,instruction,base,24,mmd_rbf,0.012389092706143856,128
aim_on_task_arithmetic,candidate,instruction,base,24,projected_js,0.06937820935854688,128
aim_on_task_arithmetic,candidate,instruction,base,25,mmd_rbf,0.011575327254831791,128
aim_on_task_arithmetic,candidate,instruction,base,25,projected_js,0.06460266147041693,128
aim_on_task_arithmetic,candidate,instruction,base,26,mmd_rbf,0.011142170988023281,128
aim_on_task_arithmetic,candidate,instruction,base,26,projected_js,0.06550259893992916,128
aim_on_task_arithmetic,candidate,instruction,base,27,mmd_rbf,0.010796569287776947,128
aim_on_task_arithmetic,candidate,instruction,base,27,projected_js,0.06638963700970635,128
aim_on_task_arithmetic,candidate,instruction,base,28,mmd_rbf,0.010043494403362274,128
aim_on_task_arithmetic,candidate,instruction,base,28,projected_js,0.06540338951162994,128
aim_on_task_arithmetic,candidate,instruction,base,29,mmd_rbf,0.009513147175312042,128
aim_on_task_arithmetic,candidate,instruction,base,29,projected_js,0.062165821553207934,128
aim_on_task_arithmetic,candidate,instruction,base,30,mmd_rbf,0.009304486215114594,128
aim_on_task_arithmetic,candidate,instruction,base,30,projected_js,0.06448094267398119,128
aim_on_task_arithmetic,candidate,instruction,base,31,mmd_rbf,0.009038345888257027,128
aim_on_task_arithmetic,candidate,instruction,base,31,projected_js,0.06784234556835145,128
aim_on_task_arithmetic,candidate,instruction,base,32,mmd_rbf,0.009449461475014687,128
aim_on_task_arithmetic,candidate,instruction,base,32,projected_js,0.0674121999181807,128
aim_on_task_arithmetic,candidate,instruction,base,33,mmd_rbf,0.009721998125314713,128
aim_on_task_arithmetic,candidate,instruction,base,33,projected_js,0.06708339304896072,128
aim_on_task_arithmetic,candidate,instruction,base,34,mmd_rbf,0.015140147879719734,128
aim_on_task_arithmetic,candidate,instruction,base,34,projected_js,0.07469386426964775,128
aim_on_task_arithmetic,candidate,instruction,base,35,mmd_rbf,0.053465452045202255,128
aim_on_task_arithmetic,candidate,instruction,base,35,projected_js,0.11418842570856214,128
aim_on_task_arithmetic,candidate,instruction,instr_only,0,mmd_rbf,0.0016439259052276611,128
aim_on_task_arithmetic,candidate,instruction,instr_only,0,projected_js,0.03317388182040304,128
aim_on_task_arithmetic,candidate,instruction,instr_only,1,mmd_rbf,0.0034517482854425907,128
aim_on_task_arithmetic,candidate,instruction,instr_only,1,projected_js,0.03905937851232011,128
aim_on_task_arithmetic,candidate,instruction,instr_only,2,mmd_rbf,0.004461587872356176,128
aim_on_task_arithmetic,candidate,instruction,instr_only,2,projected_js,0.04741872739396058,128
aim_on_task_arithmetic,candidate,instruction,instr_only,3,mmd_rbf,0.004864548332989216,128
aim_on_task_arithmetic,candidate,instruction,instr_only,3,projected_js,0.04491565437638201,128
aim_on_task_arithmetic,candidate,instruction,instr_only,4,mmd_rbf,0.005120083689689636,128
aim_on_task_arithmetic,candidate,instruction,instr_only,4,projected_js,0.04855317625333555,128
aim_on_task_arithmetic,candidate,instruction,instr_only,5,mmd_rbf,0.005417195614427328,128
aim_on_task_arithmetic,candidate,instruction,instr_only,5,projected_js,0.04626039516006131,128
aim_on_task_arithmetic,candidate,instruction,instr_only,6,mmd_rbf,0.00402410700917244,128
aim_on_task_arithmetic,candidate,instruction,instr_only,6,projected_js,0.04736085739568807,128
aim_on_task_arithmetic,candidate,instruction,instr_only,7,mmd_rbf,0.0034700066316872835,128
aim_on_task_arithmetic,candidate,instruction,instr_only,7,projected_js,0.04984478570986539,128
aim_on_task_arithmetic,candidate,instruction,instr_only,8,mmd_rbf,0.0030576162971556187,128
aim_on_task_arithmetic,candidate,instruction,instr_only,8,projected_js,0.04999548176419921,128
aim_on_task_arithmetic,candidate,instruction,instr_only,9,mmd_rbf,0.003011070191860199,128
aim_on_task_arithmetic,candidate,instruction,instr_only,9,projected_js,0.052051354898139834,128
aim_on_task_arithmetic,candidate,instruction,instr_only,10,mmd_rbf,0.0032900329679250717,128
aim_on_task_arithmetic,candidate,instruction,instr_only,10,projected_js,0.05295519670471549,128
aim_on_task_arithmetic,candidate,instruction,instr_only,11,mmd_rbf,0.003072187304496765,128
aim_on_task_arithmetic,candidate,instruction,instr_only,11,projected_js,0.056650442944373935,128
aim_on_task_arithmetic,candidate,instruction,instr_only,12,mmd_rbf,0.003029335755854845,128
aim_on_task_arithmetic,candidate,instruction,instr_only,12,projected_js,0.059297057858202606,128
aim_on_task_arithmetic,candidate,instruction,instr_only,13,mmd_rbf,0.003118001390248537,128
aim_on_task_arithmetic,candidate,instruction,instr_only,13,projected_js,0.05919309094315395,128
aim_on_task_arithmetic,candidate,instruction,instr_only,14,mmd_rbf,0.0031409957446157932,128
aim_on_task_arithmetic,candidate,instruction,instr_only,14,projected_js,0.05613954219734296,128
aim_on_task_arithmetic,candidate,instruction,instr_only,15,mmd_rbf,0.0032871232833713293,128
aim_on_task_arithmetic,candidate,instruction,instr_only,15,projected_js,0.060092953382991254,128
aim_on_task_arithmetic,candidate,instruction,instr_only,16,mmd_rbf,0.0034199990332126617,128
aim_on_task_arithmetic,candidate,instruction,instr_only,16,projected_js,0.061172027519205585,128
aim_on_task_arithmetic,candidate,instruction,instr_only,17,mmd_rbf,0.003642889903858304,128
aim_on_task_arithmetic,candidate,instruction,instr_only,17,projected_js,0.05766925375792198,128
aim_on_task_arithmetic,candidate,instruction,instr_only,18,mmd_rbf,0.003955973777920008,128
aim_on_task_arithmetic,candidate,instruction,instr_only,18,projected_js,0.0601888193632476,128
aim_on_task_arithmetic,candidate,instruction,instr_only,19,mmd_rbf,0.004506763070821762,128
aim_on_task_arithmetic,candidate,instruction,instr_only,19,projected_js,0.058058887836523354,128
aim_on_task_arithmetic,candidate,instruction,instr_only,20,mmd_rbf,0.004850961267948151,128
aim_on_task_arithmetic,candidate,instruction,instr_only,20,projected_js,0.060287804109975696,128
aim_on_task_arithmetic,candidate,instruction,instr_only,21,mmd_rbf,0.0056886798702180386,128
aim_on_task_arithmetic,candidate,instruction,instr_only,21,projected_js,0.0642092686612159,128
aim_on_task_arithmetic,candidate,instruction,instr_only,22,mmd_rbf,0.006117948330938816,128
aim_on_task_arithmetic,candidate,instruction,instr_only,22,projected_js,0.06689798174193129,128
aim_on_task_arithmetic,candidate,instruction,instr_only,23,mmd_rbf,0.006345546338707209,128
aim_on_task_arithmetic,candidate,instruction,instr_only,23,projected_js,0.06433752871816978,128
aim_on_task_arithmetic,candidate,instruction,instr_only,24,mmd_rbf,0.0064094411209225655,128
aim_on_task_arithmetic,candidate,instruction,instr_only,24,projected_js,0.06443458935245872,128
aim_on_task_arithmetic,candidate,instruction,instr_only,25,mmd_rbf,0.0066330707632005215,128
aim_on_task_arithmetic,candidate,instruction,instr_only,25,projected_js,0.0672513660392724,128
aim_on_task_arithmetic,candidate,instruction,instr_only,26,mmd_rbf,0.006860902067273855,128
aim_on_task_arithmetic,candidate,instruction,instr_only,26,projected_js,0.06454102246789262,128
aim_on_task_arithmetic,candidate,instruction,instr_only,27,mmd_rbf,0.006826215423643589,128
aim_on_task_arithmetic,candidate,instruction,instr_only,27,projected_js,0.06251152150798589,128
aim_on_task_arithmetic,candidate,instruction,instr_only,28,mmd_rbf,0.006583525333553553,128
aim_on_task_arithmetic,candidate,instruction,instr_only,28,projected_js,0.06036774948006496,128
aim_on_task_arithmetic,candidate,instruction,instr_only,29,mmd_rbf,0.00622612563893199,128
aim_on_task_arithmetic,candidate,instruction,instr_only,29,projected_js,0.06185739766806364,128
aim_on_task_arithmetic,candidate,instruction,instr_only,30,mmd_rbf,0.00613551028072834,128
aim_on_task_arithmetic,candidate,instruction,instr_only,30,projected_js,0.06466487067518756,128
aim_on_task_arithmetic,candidate,instruction,instr_only,31,mmd_rbf,0.0060979328118264675,128
aim_on_task_arithmetic,candidate,instruction,instr_only,31,projected_js,0.06428371305810288,128
aim_on_task_arithmetic,candidate,instruction,instr_only,32,mmd_rbf,0.006094103679060936,128
aim_on_task_arithmetic,candidate,instruction,instr_only,32,projected_js,0.06259010458597913,128
aim_on_task_arithmetic,candidate,instruction,instr_only,33,mmd_rbf,0.006138891912996769,128
aim_on_task_arithmetic,candidate,instruction,instr_only,33,projected_js,0.064212913333904,128
aim_on_task_arithmetic,candidate,instruction,instr_only,34,mmd_rbf,0.0076006329618394375,128
aim_on_task_arithmetic,candidate,instruction,instr_only,34,projected_js,0.06481155820074491,128
aim_on_task_arithmetic,candidate,instruction,instr_only,35,mmd_rbf,0.034113600850105286,128
aim_on_task_arithmetic,candidate,instruction,instr_only,35,projected_js,0.09161156002664939,128
aim_on_task_arithmetic,candidate,instruction,reasoning_only,0,mmd_rbf,0.007435986306518316,128
aim_on_task_arithmetic,candidate,instruction,reasoning_only,0,projected_js,0.05743725853972137,128
aim_on_task_arithmetic,candidate,instruction,reasoning_only,1,mmd_rbf,0.011820691637694836,128
aim_on_task_arithmetic,candidate,instruction,reasoning_only,1,projected_js,0.05925631403806619,128
aim_on_task_arithmetic,candidate,instruction,reasoning_only,2,mmd_rbf,0.01809283159673214,128
aim_on_task_arithmetic,candidate,instruction,reasoning_only,2,projected_js,0.069377304345835,128
aim_on_task_arithmetic,candidate,instruction,reasoning_only,3,mmd_rbf,0.0195488091558218,128
aim_on_task_arithmetic,candidate,instruction,reasoning_only,3,projected_js,0.07096411142265424,128
aim_on_task_arithmetic,candidate,instruction,reasoning_only,4,mmd_rbf,0.02070148102939129,128
aim_on_task_arithmetic,candidate,instruction,reasoning_only,4,projected_js,0.0778364377329126,128
aim_on_task_arithmetic,candidate,instruction,reasoning_only,5,mmd_rbf,0.02260235883295536,128
aim_on_task_arithmetic,candidate,instruction,reasoning_only,5,projected_js,0.0779287084005773,128
aim_on_task_arithmetic,candidate,instruction,reasoning_only,6,mmd_rbf,0.01723155938088894,128
aim_on_task_arithmetic,candidate,instruction,reasoning_only,6,projected_js,0.07559141074307263,128
aim_on_task_arithmetic,candidate,instruction,reasoning_only,7,mmd_rbf,0.017050327733159065,128
aim_on_task_arithmetic,candidate,instruction,reasoning_only,7,projected_js,0.07419531236519106,128
aim_on_task_arithmetic,candidate,instruction,reasoning_only,8,mmd_rbf,0.013421080075204372,128
aim_on_task_arithmetic,candidate,instruction,reasoning_only,8,projected_js,0.07447801606031135,128
aim_on_task_arithmetic,candidate,instruction,reasoning_only,9,mmd_rbf,0.013040566816926003,128
aim_on_task_arithmetic,candidate,instruction,reasoning_only,9,projected_js,0.07261048507643864,128
aim_on_task_arithmetic,candidate,instruction,reasoning_only,10,mmd_rbf,0.014561155810952187,128
aim_on_task_arithmetic,candidate,instruction,reasoning_only,10,projected_js,0.07338493468705565,128
aim_on_task_arithmetic,candidate,instruction,reasoning_only,11,mmd_rbf,0.013903873041272163,128
aim_on_task_arithmetic,candidate,instruction,reasoning_only,11,projected_js,0.06927821761928499,128
aim_on_task_arithmetic,candidate,instruction,reasoning_only,12,mmd_rbf,0.014647121541202068,128
aim_on_task_arithmetic,candidate,instruction,reasoning_only,12,projected_js,0.07579124724725261,128
aim_on_task_arithmetic,candidate,instruction,reasoning_only,13,mmd_rbf,0.01522345282137394,128
aim_on_task_arithmetic,candidate,instruction,reasoning_only,13,projected_js,0.07616667432012036,128
aim_on_task_arithmetic,candidate,instruction,reasoning_only,14,mmd_rbf,0.015075462870299816,128
aim_on_task_arithmetic,candidate,instruction,reasoning_only,14,projected_js,0.07209730159956962,128
aim_on_task_arithmetic,candidate,instruction,reasoning_only,15,mmd_rbf,0.015990903601050377,128
aim_on_task_arithmetic,candidate,instruction,reasoning_only,15,projected_js,0.07315718941390514,128
aim_on_task_arithmetic,candidate,instruction,reasoning_only,16,mmd_rbf,0.016357481479644775,128
aim_on_task_arithmetic,candidate,instruction,reasoning_only,16,projected_js,0.07630154013168067,128
aim_on_task_arithmetic,candidate,instruction,reasoning_only,17,mmd_rbf,0.0160692036151886,128
aim_on_task_arithmetic,candidate,instruction,reasoning_only,17,projected_js,0.06721030315384269,128
aim_on_task_arithmetic,candidate,instruction,reasoning_only,18,mmd_rbf,0.018583735451102257,128
aim_on_task_arithmetic,candidate,instruction,reasoning_only,18,projected_js,0.0695096054696478,128
aim_on_task_arithmetic,candidate,instruction,reasoning_only,19,mmd_rbf,0.01888580434024334,128
aim_on_task_arithmetic,candidate,instruction,reasoning_only,19,projected_js,0.073800825397484,128
aim_on_task_arithmetic,candidate,instruction,reasoning_only,20,mmd_rbf,0.018631748855113983,128
aim_on_task_arithmetic,candidate,instruction,reasoning_only,20,projected_js,0.07224239842616953,128
aim_on_task_arithmetic,candidate,instruction,reasoning_only,21,mmd_rbf,0.019425546750426292,128
aim_on_task_arithmetic,candidate,instruction,reasoning_only,21,projected_js,0.07527860294794664,128
aim_on_task_arithmetic,candidate,instruction,reasoning_only,22,mmd_rbf,0.018064087256789207,128
aim_on_task_arithmetic,candidate,instruction,reasoning_only,22,projected_js,0.07867405045544729,128
aim_on_task_arithmetic,candidate,instruction,reasoning_only,23,mmd_rbf,0.015507963486015797,128
aim_on_task_arithmetic,candidate,instruction,reasoning_only,23,projected_js,0.0759462202549912,128
aim_on_task_arithmetic,candidate,instruction,reasoning_only,24,mmd_rbf,0.016019174829125404,128
aim_on_task_arithmetic,candidate,instruction,reasoning_only,24,projected_js,0.0763868989306502,128
aim_on_task_arithmetic,candidate,instruction,reasoning_only,25,mmd_rbf,0.015137815847992897,128
aim_on_task_arithmetic,candidate,instruction,reasoning_only,25,projected_js,0.0721380117465742,128
aim_on_task_arithmetic,candidate,instruction,reasoning_only,26,mmd_rbf,0.01531808078289032,128
aim_on_task_arithmetic,candidate,instruction,reasoning_only,26,projected_js,0.07197148923296481,128
aim_on_task_arithmetic,candidate,instruction,reasoning_only,27,mmd_rbf,0.015045958571135998,128
aim_on_task_arithmetic,candidate,instruction,reasoning_only,27,projected_js,0.07271579088410363,128
aim_on_task_arithmetic,candidate,instruction,reasoning_only,28,mmd_rbf,0.015195888467133045,128
aim_on_task_arithmetic,candidate,instruction,reasoning_only,28,projected_js,0.07475208496907726,128
aim_on_task_arithmetic,candidate,instruction,reasoning_only,29,mmd_rbf,0.014688843861222267,128
aim_on_task_arithmetic,candidate,instruction,reasoning_only,29,projected_js,0.07319555972935632,128
aim_on_task_arithmetic,candidate,instruction,reasoning_only,30,mmd_rbf,0.015025781467556953,128
aim_on_task_arithmetic,candidate,instruction,reasoning_only,30,projected_js,0.07126714510377496,128
aim_on_task_arithmetic,candidate,instruction,reasoning_only,31,mmd_rbf,0.014869901351630688,128
aim_on_task_arithmetic,candidate,instruction,reasoning_only,31,projected_js,0.07201193494256586,128
aim_on_task_arithmetic,candidate,instruction,reasoning_only,32,mmd_rbf,0.014564037322998047,128
aim_on_task_arithmetic,candidate,instruction,reasoning_only,32,projected_js,0.06910535990027711,128
aim_on_task_arithmetic,candidate,instruction,reasoning_only,33,mmd_rbf,0.013744959607720375,128
aim_on_task_arithmetic,candidate,instruction,reasoning_only,33,projected_js,0.0727521272492595,128
aim_on_task_arithmetic,candidate,instruction,reasoning_only,34,mmd_rbf,0.01409937720745802,128
aim_on_task_arithmetic,candidate,instruction,reasoning_only,34,projected_js,0.07037416024832055,128
aim_on_task_arithmetic,candidate,instruction,reasoning_only,35,mmd_rbf,0.02208123169839382,128
aim_on_task_arithmetic,candidate,instruction,reasoning_only,35,projected_js,0.07593070936854929,128
aim_on_task_arithmetic,candidate,instruction,uncensored_only,0,mmd_rbf,0.005035066511482,128
aim_on_task_arithmetic,candidate,instruction,uncensored_only,0,projected_js,0.04647180292522535,128
aim_on_task_arithmetic,candidate,instruction,uncensored_only,1,mmd_rbf,0.1276722103357315,128
aim_on_task_arithmetic,candidate,instruction,uncensored_only,1,projected_js,0.15270245709689334,128
aim_on_task_arithmetic,candidate,instruction,uncensored_only,2,mmd_rbf,0.11293552070856094,128
aim_on_task_arithmetic,candidate,instruction,uncensored_only,2,projected_js,0.13458444323623553,128
aim_on_task_arithmetic,candidate,instruction,uncensored_only,3,mmd_rbf,0.08454915136098862,128
aim_on_task_arithmetic,candidate,instruction,uncensored_only,3,projected_js,0.11519769881851971,128
aim_on_task_arithmetic,candidate,instruction,uncensored_only,4,mmd_rbf,0.06168444827198982,128
aim_on_task_arithmetic,candidate,instruction,uncensored_only,4,projected_js,0.10917531896848232,128
aim_on_task_arithmetic,candidate,instruction,uncensored_only,5,mmd_rbf,0.045635875314474106,128
aim_on_task_arithmetic,candidate,instruction,uncensored_only,5,projected_js,0.09526774898404256,128
aim_on_task_arithmetic,candidate,instruction,uncensored_only,6,mmd_rbf,0.027638433501124382,128
aim_on_task_arithmetic,candidate,instruction,uncensored_only,6,projected_js,0.08303057408193126,128
aim_on_task_arithmetic,candidate,instruction,uncensored_only,7,mmd_rbf,0.022265776991844177,128
aim_on_task_arithmetic,candidate,instruction,uncensored_only,7,projected_js,0.07813069579424337,128
aim_on_task_arithmetic,candidate,instruction,uncensored_only,8,mmd_rbf,0.015392049215734005,128
aim_on_task_arithmetic,candidate,instruction,uncensored_only,8,projected_js,0.0723998456960544,128
aim_on_task_arithmetic,candidate,instruction,uncensored_only,9,mmd_rbf,0.012865724042057991,128
aim_on_task_arithmetic,candidate,instruction,uncensored_only,9,projected_js,0.06323727447306737,128
aim_on_task_arithmetic,candidate,instruction,uncensored_only,10,mmd_rbf,0.011584795080125332,128
aim_on_task_arithmetic,candidate,instruction,uncensored_only,10,projected_js,0.06420389082632028,128
aim_on_task_arithmetic,candidate,instruction,uncensored_only,11,mmd_rbf,0.009702869690954685,128
aim_on_task_arithmetic,candidate,instruction,uncensored_only,11,projected_js,0.06425743678119034,128
aim_on_task_arithmetic,candidate,instruction,uncensored_only,12,mmd_rbf,0.009536496363580227,128
aim_on_task_arithmetic,candidate,instruction,uncensored_only,12,projected_js,0.06850140320602804,128
aim_on_task_arithmetic,candidate,instruction,uncensored_only,13,mmd_rbf,0.009953858330845833,128
aim_on_task_arithmetic,candidate,instruction,uncensored_only,13,projected_js,0.07256487541599199,128
aim_on_task_arithmetic,candidate,instruction,uncensored_only,14,mmd_rbf,0.010505526326596737,128
aim_on_task_arithmetic,candidate,instruction,uncensored_only,14,projected_js,0.0649656395544298,128
aim_on_task_arithmetic,candidate,instruction,uncensored_only,15,mmd_rbf,0.012631043791770935,128
aim_on_task_arithmetic,candidate,instruction,uncensored_only,15,projected_js,0.06998455917346291,128
aim_on_task_arithmetic,candidate,instruction,uncensored_only,16,mmd_rbf,0.013280930928885937,128
aim_on_task_arithmetic,candidate,instruction,uncensored_only,16,projected_js,0.07177323853829876,128
aim_on_task_arithmetic,candidate,instruction,uncensored_only,17,mmd_rbf,0.012835188768804073,128
aim_on_task_arithmetic,candidate,instruction,uncensored_only,17,projected_js,0.06812837766483426,128
aim_on_task_arithmetic,candidate,instruction,uncensored_only,18,mmd_rbf,0.012846571393311024,128
aim_on_task_arithmetic,candidate,instruction,uncensored_only,18,projected_js,0.07121888227993622,128
aim_on_task_arithmetic,candidate,instruction,uncensored_only,19,mmd_rbf,0.012754353694617748,128
aim_on_task_arithmetic,candidate,instruction,uncensored_only,19,projected_js,0.07102651603054255,128
aim_on_task_arithmetic,candidate,instruction,uncensored_only,20,mmd_rbf,0.01320683117955923,128
aim_on_task_arithmetic,candidate,instruction,uncensored_only,20,projected_js,0.07119644101476297,128
aim_on_task_arithmetic,candidate,instruction,uncensored_only,21,mmd_rbf,0.014409284107387066,128
aim_on_task_arithmetic,candidate,instruction,uncensored_only,21,projected_js,0.07068506511859596,128
aim_on_task_arithmetic,candidate,instruction,uncensored_only,22,mmd_rbf,0.01571764051914215,128
aim_on_task_arithmetic,candidate,instruction,uncensored_only,22,projected_js,0.07078049099072814,128
aim_on_task_arithmetic,candidate,instruction,uncensored_only,23,mmd_rbf,0.01580256037414074,128
aim_on_task_arithmetic,candidate,instruction,uncensored_only,23,projected_js,0.07130997738568112,128
aim_on_task_arithmetic,candidate,instruction,uncensored_only,24,mmd_rbf,0.017199648544192314,128
aim_on_task_arithmetic,candidate,instruction,uncensored_only,24,projected_js,0.07621674716938287,128
aim_on_task_arithmetic,candidate,instruction,uncensored_only,25,mmd_rbf,0.01792672835290432,128
aim_on_task_arithmetic,candidate,instruction,uncensored_only,25,projected_js,0.07859729434130713,128
aim_on_task_arithmetic,candidate,instruction,uncensored_only,26,mmd_rbf,0.018364353105425835,128
aim_on_task_arithmetic,candidate,instruction,uncensored_only,26,projected_js,0.07766809640452266,128
aim_on_task_arithmetic,candidate,instruction,uncensored_only,27,mmd_rbf,0.018272537738084793,128
aim_on_task_arithmetic,candidate,instruction,uncensored_only,27,projected_js,0.0785036965389736,128
aim_on_task_arithmetic,candidate,instruction,uncensored_only,28,mmd_rbf,0.016401953995227814,128
aim_on_task_arithmetic,candidate,instruction,uncensored_only,28,projected_js,0.07509275939082727,128
aim_on_task_arithmetic,candidate,instruction,uncensored_only,29,mmd_rbf,0.015493834391236305,128
aim_on_task_arithmetic,candidate,instruction,uncensored_only,29,projected_js,0.07240927801467478,128
aim_on_task_arithmetic,candidate,instruction,uncensored_only,30,mmd_rbf,0.015621433965861797,128
aim_on_task_arithmetic,candidate,instruction,uncensored_only,30,projected_js,0.07186135757365264,128
aim_on_task_arithmetic,candidate,instruction,uncensored_only,31,mmd_rbf,0.015068763867020607,128
aim_on_task_arithmetic,candidate,instruction,uncensored_only,31,projected_js,0.06944414740428329,128
aim_on_task_arithmetic,candidate,instruction,uncensored_only,32,mmd_rbf,0.014892262406647205,128
aim_on_task_arithmetic,candidate,instruction,uncensored_only,32,projected_js,0.07133609399897978,128
aim_on_task_arithmetic,candidate,instruction,uncensored_only,33,mmd_rbf,0.01486469991505146,128
aim_on_task_arithmetic,candidate,instruction,uncensored_only,33,projected_js,0.07198728009825572,128
aim_on_task_arithmetic,candidate,instruction,uncensored_only,34,mmd_rbf,0.01634249836206436,128
aim_on_task_arithmetic,candidate,instruction,uncensored_only,34,projected_js,0.07406948786228895,128
aim_on_task_arithmetic,candidate,instruction,uncensored_only,35,mmd_rbf,0.044001199305057526,128
aim_on_task_arithmetic,candidate,instruction,uncensored_only,35,projected_js,0.09356491244398057,128
aim_on_task_arithmetic,candidate,reasoning,base,0,mmd_rbf,0.0019117578631266952,128
aim_on_task_arithmetic,candidate,reasoning,base,0,projected_js,0.03976164705818519,128
aim_on_task_arithmetic,candidate,reasoning,base,1,mmd_rbf,0.004119131248444319,128
aim_on_task_arithmetic,candidate,reasoning,base,1,projected_js,0.04222061554901302,128
aim_on_task_arithmetic,candidate,reasoning,base,2,mmd_rbf,0.004716120660305023,128
aim_on_task_arithmetic,candidate,reasoning,base,2,projected_js,0.045383573888102546,128
aim_on_task_arithmetic,candidate,reasoning,base,3,mmd_rbf,0.0058592939749360085,128
aim_on_task_arithmetic,candidate,reasoning,base,3,projected_js,0.05104781087720767,128
aim_on_task_arithmetic,candidate,reasoning,base,4,mmd_rbf,0.006060719024389982,128
aim_on_task_arithmetic,candidate,reasoning,base,4,projected_js,0.051966957427794114,128
aim_on_task_arithmetic,candidate,reasoning,base,5,mmd_rbf,0.005458180792629719,128
aim_on_task_arithmetic,candidate,reasoning,base,5,projected_js,0.04855717724421993,128
aim_on_task_arithmetic,candidate,reasoning,base,6,mmd_rbf,0.004314566496759653,128
aim_on_task_arithmetic,candidate,reasoning,base,6,projected_js,0.05073494772659615,128
aim_on_task_arithmetic,candidate,reasoning,base,7,mmd_rbf,0.004190944135189056,128
aim_on_task_arithmetic,candidate,reasoning,base,7,projected_js,0.054535764444153756,128
aim_on_task_arithmetic,candidate,reasoning,base,8,mmd_rbf,0.003944269847124815,128
aim_on_task_arithmetic,candidate,reasoning,base,8,projected_js,0.05664824790437706,128
aim_on_task_arithmetic,candidate,reasoning,base,9,mmd_rbf,0.004166394006460905,128
aim_on_task_arithmetic,candidate,reasoning,base,9,projected_js,0.05767766566714272,128
aim_on_task_arithmetic,candidate,reasoning,base,10,mmd_rbf,0.00448582274839282,128
aim_on_task_arithmetic,candidate,reasoning,base,10,projected_js,0.05087271795491688,128
aim_on_task_arithmetic,candidate,reasoning,base,11,mmd_rbf,0.004334751050919294,128
aim_on_task_arithmetic,candidate,reasoning,base,11,projected_js,0.054852024477440864,128
aim_on_task_arithmetic,candidate,reasoning,base,12,mmd_rbf,0.004551989026367664,128
aim_on_task_arithmetic,candidate,reasoning,base,12,projected_js,0.05317911569727585,128
aim_on_task_arithmetic,candidate,reasoning,base,13,mmd_rbf,0.004625530447810888,128
aim_on_task_arithmetic,candidate,reasoning,base,13,projected_js,0.06097632274031639,128
aim_on_task_arithmetic,candidate,reasoning,base,14,mmd_rbf,0.004848937038332224,128
aim_on_task_arithmetic,candidate,reasoning,base,14,projected_js,0.05805296165635809,128
aim_on_task_arithmetic,candidate,reasoning,base,15,mmd_rbf,0.005345671903342009,128
aim_on_task_arithmetic,candidate,reasoning,base,15,projected_js,0.056115156708983704,128
aim_on_task_arithmetic,candidate,reasoning,base,16,mmd_rbf,0.005983657669275999,128
aim_on_task_arithmetic,candidate,reasoning,base,16,projected_js,0.05893294623820111,128
aim_on_task_arithmetic,candidate,reasoning,base,17,mmd_rbf,0.0058770193718373775,128
aim_on_task_arithmetic,candidate,reasoning,base,17,projected_js,0.060167545947479084,128
aim_on_task_arithmetic,candidate,reasoning,base,18,mmd_rbf,0.0063078091479837894,128
aim_on_task_arithmetic,candidate,reasoning,base,18,projected_js,0.06091487070079893,128
aim_on_task_arithmetic,candidate,reasoning,base,19,mmd_rbf,0.006571418140083551,128
aim_on_task_arithmetic,candidate,reasoning,base,19,projected_js,0.06283623518538661,128
aim_on_task_arithmetic,candidate,reasoning,base,20,mmd_rbf,0.006314596626907587,128
aim_on_task_arithmetic,candidate,reasoning,base,20,projected_js,0.06028078688541427,128
aim_on_task_arithmetic,candidate,reasoning,base,21,mmd_rbf,0.0064786928705871105,128
aim_on_task_arithmetic,candidate,reasoning,base,21,projected_js,0.06036057701567188,128
aim_on_task_arithmetic,candidate,reasoning,base,22,mmd_rbf,0.0060877385549247265,128
aim_on_task_arithmetic,candidate,reasoning,base,22,projected_js,0.06115646142279729,128
aim_on_task_arithmetic,candidate,reasoning,base,23,mmd_rbf,0.005870734341442585,128
aim_on_task_arithmetic,candidate,reasoning,base,23,projected_js,0.055585256341146305,128
aim_on_task_arithmetic,candidate,reasoning,base,24,mmd_rbf,0.005346326157450676,128
aim_on_task_arithmetic,candidate,reasoning,base,24,projected_js,0.05535707954550162,128
aim_on_task_arithmetic,candidate,reasoning,base,25,mmd_rbf,0.005021989345550537,128
aim_on_task_arithmetic,candidate,reasoning,base,25,projected_js,0.057721625635167584,128
aim_on_task_arithmetic,candidate,reasoning,base,26,mmd_rbf,0.004853233229368925,128
aim_on_task_arithmetic,candidate,reasoning,base,26,projected_js,0.057979844394139946,128
aim_on_task_arithmetic,candidate,reasoning,base,27,mmd_rbf,0.004882083740085363,128
aim_on_task_arithmetic,candidate,reasoning,base,27,projected_js,0.0579657583439257,128
aim_on_task_arithmetic,candidate,reasoning,base,28,mmd_rbf,0.004956573247909546,128
aim_on_task_arithmetic,candidate,reasoning,base,28,projected_js,0.06344520999118686,128
aim_on_task_arithmetic,candidate,reasoning,base,29,mmd_rbf,0.005032373126596212,128
aim_on_task_arithmetic,candidate,reasoning,base,29,projected_js,0.06171130365692079,128
aim_on_task_arithmetic,candidate,reasoning,base,30,mmd_rbf,0.005068380385637283,128
aim_on_task_arithmetic,candidate,reasoning,base,30,projected_js,0.059821149916388094,128
aim_on_task_arithmetic,candidate,reasoning,base,31,mmd_rbf,0.0050948974676430225,128
aim_on_task_arithmetic,candidate,reasoning,base,31,projected_js,0.05862408730899915,128
aim_on_task_arithmetic,candidate,reasoning,base,32,mmd_rbf,0.005509629379957914,128
aim_on_task_arithmetic,candidate,reasoning,base,32,projected_js,0.058732566714752465,128
aim_on_task_arithmetic,candidate,reasoning,base,33,mmd_rbf,0.005849902518093586,128
aim_on_task_arithmetic,candidate,reasoning,base,33,projected_js,0.05931374354986474,128
aim_on_task_arithmetic,candidate,reasoning,base,34,mmd_rbf,0.00871181394904852,128
aim_on_task_arithmetic,candidate,reasoning,base,34,projected_js,0.06567545747384429,128
aim_on_task_arithmetic,candidate,reasoning,base,35,mmd_rbf,0.04290371015667915,128
aim_on_task_arithmetic,candidate,reasoning,base,35,projected_js,0.09014455019496381,128
aim_on_task_arithmetic,candidate,reasoning,instr_only,0,mmd_rbf,0.000971356057561934,128
aim_on_task_arithmetic,candidate,reasoning,instr_only,0,projected_js,0.030543298940756358,128
aim_on_task_arithmetic,candidate,reasoning,instr_only,1,mmd_rbf,0.0019281342392787337,128
aim_on_task_arithmetic,candidate,reasoning,instr_only,1,projected_js,0.034322186576901004,128
aim_on_task_arithmetic,candidate,reasoning,instr_only,2,mmd_rbf,0.0025960803031921387,128
aim_on_task_arithmetic,candidate,reasoning,instr_only,2,projected_js,0.0402644244604744,128
aim_on_task_arithmetic,candidate,reasoning,instr_only,3,mmd_rbf,0.002866021590307355,128
aim_on_task_arithmetic,candidate,reasoning,instr_only,3,projected_js,0.04143660262343474,128
aim_on_task_arithmetic,candidate,reasoning,instr_only,4,mmd_rbf,0.002640599850565195,128
aim_on_task_arithmetic,candidate,reasoning,instr_only,4,projected_js,0.04385415482101962,128
aim_on_task_arithmetic,candidate,reasoning,instr_only,5,mmd_rbf,0.002419298980385065,128
aim_on_task_arithmetic,candidate,reasoning,instr_only,5,projected_js,0.03948538945405744,128
aim_on_task_arithmetic,candidate,reasoning,instr_only,6,mmd_rbf,0.001775337033905089,128
aim_on_task_arithmetic,candidate,reasoning,instr_only,6,projected_js,0.04329903007601388,128
aim_on_task_arithmetic,candidate,reasoning,instr_only,7,mmd_rbf,0.0016410950338467956,128
aim_on_task_arithmetic,candidate,reasoning,instr_only,7,projected_js,0.043684744741767645,128
aim_on_task_arithmetic,candidate,reasoning,instr_only,8,mmd_rbf,0.001478426973335445,128
aim_on_task_arithmetic,candidate,reasoning,instr_only,8,projected_js,0.045471797333448194,128
aim_on_task_arithmetic,candidate,reasoning,instr_only,9,mmd_rbf,0.0015047509223222733,128
aim_on_task_arithmetic,candidate,reasoning,instr_only,9,projected_js,0.04462346027139574,128
aim_on_task_arithmetic,candidate,reasoning,instr_only,10,mmd_rbf,0.0015281252562999725,128
aim_on_task_arithmetic,candidate,reasoning,instr_only,10,projected_js,0.0441971990512684,128
aim_on_task_arithmetic,candidate,reasoning,instr_only,11,mmd_rbf,0.0014550760388374329,128
aim_on_task_arithmetic,candidate,reasoning,instr_only,11,projected_js,0.045573628158308566,128
aim_on_task_arithmetic,candidate,reasoning,instr_only,12,mmd_rbf,0.0015417564427480102,128
aim_on_task_arithmetic,candidate,reasoning,instr_only,12,projected_js,0.04998314689146355,128
aim_on_task_arithmetic,candidate,reasoning,instr_only,13,mmd_rbf,0.0016558092320337892,128
aim_on_task_arithmetic,candidate,reasoning,instr_only,13,projected_js,0.0504772188141942,128
aim_on_task_arithmetic,candidate,reasoning,instr_only,14,mmd_rbf,0.0016805324703454971,128
aim_on_task_arithmetic,candidate,reasoning,instr_only,14,projected_js,0.045461269532097504,128
aim_on_task_arithmetic,candidate,reasoning,instr_only,15,mmd_rbf,0.001849304186180234,128
aim_on_task_arithmetic,candidate,reasoning,instr_only,15,projected_js,0.050617809320101514,128
aim_on_task_arithmetic,candidate,reasoning,instr_only,16,mmd_rbf,0.0019887143280357122,128
aim_on_task_arithmetic,candidate,reasoning,instr_only,16,projected_js,0.052838379226159304,128
aim_on_task_arithmetic,candidate,reasoning,instr_only,17,mmd_rbf,0.002137694973498583,128
aim_on_task_arithmetic,candidate,reasoning,instr_only,17,projected_js,0.05434890592005104,128
aim_on_task_arithmetic,candidate,reasoning,instr_only,18,mmd_rbf,0.0022312235087156296,128
aim_on_task_arithmetic,candidate,reasoning,instr_only,18,projected_js,0.05278749781427905,128
aim_on_task_arithmetic,candidate,reasoning,instr_only,19,mmd_rbf,0.0023867895361036062,128
aim_on_task_arithmetic,candidate,reasoning,instr_only,19,projected_js,0.05602891754824668,128
aim_on_task_arithmetic,candidate,reasoning,instr_only,20,mmd_rbf,0.0023995847441256046,128
aim_on_task_arithmetic,candidate,reasoning,instr_only,20,projected_js,0.051894045536755584,128
aim_on_task_arithmetic,candidate,reasoning,instr_only,21,mmd_rbf,0.002444659126922488,128
aim_on_task_arithmetic,candidate,reasoning,instr_only,21,projected_js,0.05239321733824909,128
aim_on_task_arithmetic,candidate,reasoning,instr_only,22,mmd_rbf,0.002511101309210062,128
aim_on_task_arithmetic,candidate,reasoning,instr_only,22,projected_js,0.050394476944347844,128
aim_on_task_arithmetic,candidate,reasoning,instr_only,23,mmd_rbf,0.0025505467783659697,128
aim_on_task_arithmetic,candidate,reasoning,instr_only,23,projected_js,0.049299586651613936,128
aim_on_task_arithmetic,candidate,reasoning,instr_only,24,mmd_rbf,0.0026321099139750004,128
aim_on_task_arithmetic,candidate,reasoning,instr_only,24,projected_js,0.050852412852691486,128
aim_on_task_arithmetic,candidate,reasoning,instr_only,25,mmd_rbf,0.0026353716384619474,128
aim_on_task_arithmetic,candidate,reasoning,instr_only,25,projected_js,0.048928250442259014,128
aim_on_task_arithmetic,candidate,reasoning,instr_only,26,mmd_rbf,0.0026916537899523973,128
aim_on_task_arithmetic,candidate,reasoning,instr_only,26,projected_js,0.05214360955869779,128
aim_on_task_arithmetic,candidate,reasoning,instr_only,27,mmd_rbf,0.002746146870777011,128
aim_on_task_arithmetic,candidate,reasoning,instr_only,27,projected_js,0.05247290470288135,128
aim_on_task_arithmetic,candidate,reasoning,instr_only,28,mmd_rbf,0.002832989441230893,128
aim_on_task_arithmetic,candidate,reasoning,instr_only,28,projected_js,0.05136104565463029,128
aim_on_task_arithmetic,candidate,reasoning,instr_only,29,mmd_rbf,0.0028286033775657415,128
aim_on_task_arithmetic,candidate,reasoning,instr_only,29,projected_js,0.05248900820151903,128
aim_on_task_arithmetic,candidate,reasoning,instr_only,30,mmd_rbf,0.002906862646341324,128
aim_on_task_arithmetic,candidate,reasoning,instr_only,30,projected_js,0.051539468608098105,128
aim_on_task_arithmetic,candidate,reasoning,instr_only,31,mmd_rbf,0.0030948936473578215,128
aim_on_task_arithmetic,candidate,reasoning,instr_only,31,projected_js,0.05304920591879636,128
aim_on_task_arithmetic,candidate,reasoning,instr_only,32,mmd_rbf,0.0032065396662801504,128
aim_on_task_arithmetic,candidate,reasoning,instr_only,32,projected_js,0.05387175228679553,128
aim_on_task_arithmetic,candidate,reasoning,instr_only,33,mmd_rbf,0.003314414294436574,128
aim_on_task_arithmetic,candidate,reasoning,instr_only,33,projected_js,0.05424119011149742,128
aim_on_task_arithmetic,candidate,reasoning,instr_only,34,mmd_rbf,0.0042091975919902325,128
aim_on_task_arithmetic,candidate,reasoning,instr_only,34,projected_js,0.05615826608845964,128
aim_on_task_arithmetic,candidate,reasoning,instr_only,35,mmd_rbf,0.02300252392888069,128
aim_on_task_arithmetic,candidate,reasoning,instr_only,35,projected_js,0.07116170215886086,128
aim_on_task_arithmetic,candidate,reasoning,reasoning_only,0,mmd_rbf,0.004436215851455927,128
aim_on_task_arithmetic,candidate,reasoning,reasoning_only,0,projected_js,0.04739947545749601,128
aim_on_task_arithmetic,candidate,reasoning,reasoning_only,1,mmd_rbf,0.0071039809845387936,128
aim_on_task_arithmetic,candidate,reasoning,reasoning_only,1,projected_js,0.05431480903644115,128
aim_on_task_arithmetic,candidate,reasoning,reasoning_only,2,mmd_rbf,0.013248533010482788,128
aim_on_task_arithmetic,candidate,reasoning,reasoning_only,2,projected_js,0.061985156673472375,128
aim_on_task_arithmetic,candidate,reasoning,reasoning_only,3,mmd_rbf,0.015928052365779877,128
aim_on_task_arithmetic,candidate,reasoning,reasoning_only,3,projected_js,0.06684562261216342,128
aim_on_task_arithmetic,candidate,reasoning,reasoning_only,4,mmd_rbf,0.015107015147805214,128
aim_on_task_arithmetic,candidate,reasoning,reasoning_only,4,projected_js,0.06881937821162865,128
aim_on_task_arithmetic,candidate,reasoning,reasoning_only,5,mmd_rbf,0.014170612208545208,128
aim_on_task_arithmetic,candidate,reasoning,reasoning_only,5,projected_js,0.06495001949951984,128
aim_on_task_arithmetic,candidate,reasoning,reasoning_only,6,mmd_rbf,0.010776307433843613,128
aim_on_task_arithmetic,candidate,reasoning,reasoning_only,6,projected_js,0.06129610267817043,128
aim_on_task_arithmetic,candidate,reasoning,reasoning_only,7,mmd_rbf,0.011265313252806664,128
aim_on_task_arithmetic,candidate,reasoning,reasoning_only,7,projected_js,0.06602908653439954,128
aim_on_task_arithmetic,candidate,reasoning,reasoning_only,8,mmd_rbf,0.009924649260938168,128
aim_on_task_arithmetic,candidate,reasoning,reasoning_only,8,projected_js,0.0635037012398243,128
aim_on_task_arithmetic,candidate,reasoning,reasoning_only,9,mmd_rbf,0.010067838244140148,128
aim_on_task_arithmetic,candidate,reasoning,reasoning_only,9,projected_js,0.06451225938508287,128
aim_on_task_arithmetic,candidate,reasoning,reasoning_only,10,mmd_rbf,0.01094327587634325,128
aim_on_task_arithmetic,candidate,reasoning,reasoning_only,10,projected_js,0.06522875587688759,128
aim_on_task_arithmetic,candidate,reasoning,reasoning_only,11,mmd_rbf,0.010278266854584217,128
aim_on_task_arithmetic,candidate,reasoning,reasoning_only,11,projected_js,0.06617317185737193,128
aim_on_task_arithmetic,candidate,reasoning,reasoning_only,12,mmd_rbf,0.01029920019209385,128
aim_on_task_arithmetic,candidate,reasoning,reasoning_only,12,projected_js,0.06456795812118798,128
aim_on_task_arithmetic,candidate,reasoning,reasoning_only,13,mmd_rbf,0.010559916496276855,128
aim_on_task_arithmetic,candidate,reasoning,reasoning_only,13,projected_js,0.06741481798235327,128
aim_on_task_arithmetic,candidate,reasoning,reasoning_only,14,mmd_rbf,0.010391893796622753,128
aim_on_task_arithmetic,candidate,reasoning,reasoning_only,14,projected_js,0.061765189573634416,128
aim_on_task_arithmetic,candidate,reasoning,reasoning_only,15,mmd_rbf,0.011198851279914379,128
aim_on_task_arithmetic,candidate,reasoning,reasoning_only,15,projected_js,0.06357788186869584,128
aim_on_task_arithmetic,candidate,reasoning,reasoning_only,16,mmd_rbf,0.011576302349567413,128
aim_on_task_arithmetic,candidate,reasoning,reasoning_only,16,projected_js,0.0659963579964824,128
aim_on_task_arithmetic,candidate,reasoning,reasoning_only,17,mmd_rbf,0.011215322650969028,128
aim_on_task_arithmetic,candidate,reasoning,reasoning_only,17,projected_js,0.06348670343868434,128
aim_on_task_arithmetic,candidate,reasoning,reasoning_only,18,mmd_rbf,0.01270508486777544,128
aim_on_task_arithmetic,candidate,reasoning,reasoning_only,18,projected_js,0.0653089276747778,128
aim_on_task_arithmetic,candidate,reasoning,reasoning_only,19,mmd_rbf,0.011883808299899101,128
aim_on_task_arithmetic,candidate,reasoning,reasoning_only,19,projected_js,0.06460896017961204,128
aim_on_task_arithmetic,candidate,reasoning,reasoning_only,20,mmd_rbf,0.011359606869518757,128
aim_on_task_arithmetic,candidate,reasoning,reasoning_only,20,projected_js,0.06556928210193291,128
aim_on_task_arithmetic,candidate,reasoning,reasoning_only,21,mmd_rbf,0.011719092726707458,128
aim_on_task_arithmetic,candidate,reasoning,reasoning_only,21,projected_js,0.06632856634678319,128
aim_on_task_arithmetic,candidate,reasoning,reasoning_only,22,mmd_rbf,0.010084887035191059,128
aim_on_task_arithmetic,candidate,reasoning,reasoning_only,22,projected_js,0.06559787964215502,128
aim_on_task_arithmetic,candidate,reasoning,reasoning_only,23,mmd_rbf,0.008218764327466488,128
aim_on_task_arithmetic,candidate,reasoning,reasoning_only,23,projected_js,0.059261265269014984,128
aim_on_task_arithmetic,candidate,reasoning,reasoning_only,24,mmd_rbf,0.007827984169125557,128
aim_on_task_arithmetic,candidate,reasoning,reasoning_only,24,projected_js,0.060413878585677594,128
aim_on_task_arithmetic,candidate,reasoning,reasoning_only,25,mmd_rbf,0.006888122297823429,128
aim_on_task_arithmetic,candidate,reasoning,reasoning_only,25,projected_js,0.05982479569502175,128
aim_on_task_arithmetic,candidate,reasoning,reasoning_only,26,mmd_rbf,0.006449967622756958,128
aim_on_task_arithmetic,candidate,reasoning,reasoning_only,26,projected_js,0.06234984484035522,128
aim_on_task_arithmetic,candidate,reasoning,reasoning_only,27,mmd_rbf,0.006270267069339752,128
aim_on_task_arithmetic,candidate,reasoning,reasoning_only,27,projected_js,0.06025908648734912,128
aim_on_task_arithmetic,candidate,reasoning,reasoning_only,28,mmd_rbf,0.0064336517825722694,128
aim_on_task_arithmetic,candidate,reasoning,reasoning_only,28,projected_js,0.06214696360984817,128
aim_on_task_arithmetic,candidate,reasoning,reasoning_only,29,mmd_rbf,0.006351490505039692,128
aim_on_task_arithmetic,candidate,reasoning,reasoning_only,29,projected_js,0.0618454422801733,128
aim_on_task_arithmetic,candidate,reasoning,reasoning_only,30,mmd_rbf,0.0065569221042096615,128
aim_on_task_arithmetic,candidate,reasoning,reasoning_only,30,projected_js,0.06407784097245894,128
aim_on_task_arithmetic,candidate,reasoning,reasoning_only,31,mmd_rbf,0.006720858160406351,128
aim_on_task_arithmetic,candidate,reasoning,reasoning_only,31,projected_js,0.06046832847641781,128
aim_on_task_arithmetic,candidate,reasoning,reasoning_only,32,mmd_rbf,0.006762420292943716,128
aim_on_task_arithmetic,candidate,reasoning,reasoning_only,32,projected_js,0.06276694464031607,128
aim_on_task_arithmetic,candidate,reasoning,reasoning_only,33,mmd_rbf,0.007062855642288923,128
aim_on_task_arithmetic,candidate,reasoning,reasoning_only,33,projected_js,0.06195971998386085,128
aim_on_task_arithmetic,candidate,reasoning,reasoning_only,34,mmd_rbf,0.007836989127099514,128
aim_on_task_arithmetic,candidate,reasoning,reasoning_only,34,projected_js,0.05845921393483877,128
aim_on_task_arithmetic,candidate,reasoning,reasoning_only,35,mmd_rbf,0.031308334320783615,128
aim_on_task_arithmetic,candidate,reasoning,reasoning_only,35,projected_js,0.08244243351509795,128
aim_on_task_arithmetic,candidate,reasoning,uncensored_only,0,mmd_rbf,0.002784332726150751,128
aim_on_task_arithmetic,candidate,reasoning,uncensored_only,0,projected_js,0.0359575811016839,128
aim_on_task_arithmetic,candidate,reasoning,uncensored_only,1,mmd_rbf,0.07976966351270676,128
aim_on_task_arithmetic,candidate,reasoning,uncensored_only,1,projected_js,0.11791637018905021,128
aim_on_task_arithmetic,candidate,reasoning,uncensored_only,2,mmd_rbf,0.07439110428094864,128
aim_on_task_arithmetic,candidate,reasoning,uncensored_only,2,projected_js,0.10436792677501217,128
aim_on_task_arithmetic,candidate,reasoning,uncensored_only,3,mmd_rbf,0.05660402774810791,128
aim_on_task_arithmetic,candidate,reasoning,uncensored_only,3,projected_js,0.09561296954052523,128
aim_on_task_arithmetic,candidate,reasoning,uncensored_only,4,mmd_rbf,0.03836999088525772,128
aim_on_task_arithmetic,candidate,reasoning,uncensored_only,4,projected_js,0.09056850586785004,128
aim_on_task_arithmetic,candidate,reasoning,uncensored_only,5,mmd_rbf,0.024953043088316917,128
aim_on_task_arithmetic,candidate,reasoning,uncensored_only,5,projected_js,0.07973871228750795,128
aim_on_task_arithmetic,candidate,reasoning,uncensored_only,6,mmd_rbf,0.015112185850739479,128
aim_on_task_arithmetic,candidate,reasoning,uncensored_only,6,projected_js,0.06910641712602228,128
aim_on_task_arithmetic,candidate,reasoning,uncensored_only,7,mmd_rbf,0.01334395445883274,128
aim_on_task_arithmetic,candidate,reasoning,uncensored_only,7,projected_js,0.06760640628635883,128
aim_on_task_arithmetic,candidate,reasoning,uncensored_only,8,mmd_rbf,0.01030261255800724,128
aim_on_task_arithmetic,candidate,reasoning,uncensored_only,8,projected_js,0.06065507634775713,128
aim_on_task_arithmetic,candidate,reasoning,uncensored_only,9,mmd_rbf,0.008880190551280975,128
aim_on_task_arithmetic,candidate,reasoning,uncensored_only,9,projected_js,0.06317169655812904,128
aim_on_task_arithmetic,candidate,reasoning,uncensored_only,10,mmd_rbf,0.007972377352416515,128
aim_on_task_arithmetic,candidate,reasoning,uncensored_only,10,projected_js,0.0580301420413889,128
aim_on_task_arithmetic,candidate,reasoning,uncensored_only,11,mmd_rbf,0.006894536316394806,128
aim_on_task_arithmetic,candidate,reasoning,uncensored_only,11,projected_js,0.05857702239882201,128
aim_on_task_arithmetic,candidate,reasoning,uncensored_only,12,mmd_rbf,0.006828655954450369,128
aim_on_task_arithmetic,candidate,reasoning,uncensored_only,12,projected_js,0.05897182074841112,128
aim_on_task_arithmetic,candidate,reasoning,uncensored_only,13,mmd_rbf,0.007091507315635681,128
aim_on_task_arithmetic,candidate,reasoning,uncensored_only,13,projected_js,0.06572287675226107,128
aim_on_task_arithmetic,candidate,reasoning,uncensored_only,14,mmd_rbf,0.007440350484102964,128
aim_on_task_arithmetic,candidate,reasoning,uncensored_only,14,projected_js,0.05948735884157941,128
aim_on_task_arithmetic,candidate,reasoning,uncensored_only,15,mmd_rbf,0.009085803292691708,128
aim_on_task_arithmetic,candidate,reasoning,uncensored_only,15,projected_js,0.0635290844948031,128
aim_on_task_arithmetic,candidate,reasoning,uncensored_only,16,mmd_rbf,0.009785211645066738,128
aim_on_task_arithmetic,candidate,reasoning,uncensored_only,16,projected_js,0.06038380868267268,128
aim_on_task_arithmetic,candidate,reasoning,uncensored_only,17,mmd_rbf,0.00957204308360815,128
aim_on_task_arithmetic,candidate,reasoning,uncensored_only,17,projected_js,0.06124649103730917,128
aim_on_task_arithmetic,candidate,reasoning,uncensored_only,18,mmd_rbf,0.009511974640190601,128
aim_on_task_arithmetic,candidate,reasoning,uncensored_only,18,projected_js,0.06280427303863689,128
aim_on_task_arithmetic,candidate,reasoning,uncensored_only,19,mmd_rbf,0.009418846108019352,128
aim_on_task_arithmetic,candidate,reasoning,uncensored_only,19,projected_js,0.06119709677295759,128
aim_on_task_arithmetic,candidate,reasoning,uncensored_only,20,mmd_rbf,0.009597251191735268,128
aim_on_task_arithmetic,candidate,reasoning,uncensored_only,20,projected_js,0.06559135572751984,128
aim_on_task_arithmetic,candidate,reasoning,uncensored_only,21,mmd_rbf,0.010179400444030762,128
aim_on_task_arithmetic,candidate,reasoning,uncensored_only,21,projected_js,0.06144941184902564,128
aim_on_task_arithmetic,candidate,reasoning,uncensored_only,22,mmd_rbf,0.010350142605602741,128
aim_on_task_arithmetic,candidate,reasoning,uncensored_only,22,projected_js,0.0613150869612582,128
aim_on_task_arithmetic,candidate,reasoning,uncensored_only,23,mmd_rbf,0.010110984556376934,128
aim_on_task_arithmetic,candidate,reasoning,uncensored_only,23,projected_js,0.06484547501895577,128
aim_on_task_arithmetic,candidate,reasoning,uncensored_only,24,mmd_rbf,0.0100906603038311,128
aim_on_task_arithmetic,candidate,reasoning,uncensored_only,24,projected_js,0.06732332136016339,128
aim_on_task_arithmetic,candidate,reasoning,uncensored_only,25,mmd_rbf,0.01020821463316679,128
aim_on_task_arithmetic,candidate,reasoning,uncensored_only,25,projected_js,0.06625085120322183,128
aim_on_task_arithmetic,candidate,reasoning,uncensored_only,26,mmd_rbf,0.010217772796750069,128
aim_on_task_arithmetic,candidate,reasoning,uncensored_only,26,projected_js,0.06600668129976839,128
aim_on_task_arithmetic,candidate,reasoning,uncensored_only,27,mmd_rbf,0.010352089069783688,128
aim_on_task_arithmetic,candidate,reasoning,uncensored_only,27,projected_js,0.06626655563013628,128
aim_on_task_arithmetic,candidate,reasoning,uncensored_only,28,mmd_rbf,0.009965453296899796,128
aim_on_task_arithmetic,candidate,reasoning,uncensored_only,28,projected_js,0.06377593977958895,128
aim_on_task_arithmetic,candidate,reasoning,uncensored_only,29,mmd_rbf,0.010098392143845558,128
aim_on_task_arithmetic,candidate,reasoning,uncensored_only,29,projected_js,0.06535652402089909,128
aim_on_task_arithmetic,candidate,reasoning,uncensored_only,30,mmd_rbf,0.010396407917141914,128
aim_on_task_arithmetic,candidate,reasoning,uncensored_only,30,projected_js,0.0671952448610682,128
aim_on_task_arithmetic,candidate,reasoning,uncensored_only,31,mmd_rbf,0.01034621149301529,128
aim_on_task_arithmetic,candidate,reasoning,uncensored_only,31,projected_js,0.06266182975377887,128
aim_on_task_arithmetic,candidate,reasoning,uncensored_only,32,mmd_rbf,0.010502846911549568,128
aim_on_task_arithmetic,candidate,reasoning,uncensored_only,32,projected_js,0.06510124186752364,128
aim_on_task_arithmetic,candidate,reasoning,uncensored_only,33,mmd_rbf,0.010687517933547497,128
aim_on_task_arithmetic,candidate,reasoning,uncensored_only,33,projected_js,0.06436853139894083,128
aim_on_task_arithmetic,candidate,reasoning,uncensored_only,34,mmd_rbf,0.011392975226044655,128
aim_on_task_arithmetic,candidate,reasoning,uncensored_only,34,projected_js,0.06616357492748648,128
aim_on_task_arithmetic,candidate,reasoning,uncensored_only,35,mmd_rbf,0.029919490218162537,128
aim_on_task_arithmetic,candidate,reasoning,uncensored_only,35,projected_js,0.07686825806740671,128
aim_on_task_arithmetic,candidate,uncensored_refusal_like,base,0,mmd_rbf,0.008047157898545265,128
aim_on_task_arithmetic,candidate,uncensored_refusal_like,base,0,projected_js,0.050056182211847045,128
aim_on_task_arithmetic,candidate,uncensored_refusal_like,base,1,mmd_rbf,0.01361518818885088,128
aim_on_task_arithmetic,candidate,uncensored_refusal_like,base,1,projected_js,0.06547540306928568,128
aim_on_task_arithmetic,candidate,uncensored_refusal_like,base,2,mmd_rbf,0.01507630106061697,128
aim_on_task_arithmetic,candidate,uncensored_refusal_like,base,2,projected_js,0.062089279846986756,128
aim_on_task_arithmetic,candidate,uncensored_refusal_like,base,3,mmd_rbf,0.025175917893648148,128
aim_on_task_arithmetic,candidate,uncensored_refusal_like,base,3,projected_js,0.0819370123790577,128
aim_on_task_arithmetic,candidate,uncensored_refusal_like,base,4,mmd_rbf,0.02421840839087963,128
aim_on_task_arithmetic,candidate,uncensored_refusal_like,base,4,projected_js,0.07781880252878182,128
aim_on_task_arithmetic,candidate,uncensored_refusal_like,base,5,mmd_rbf,0.02533676102757454,128
aim_on_task_arithmetic,candidate,uncensored_refusal_like,base,5,projected_js,0.07593054237077013,128
aim_on_task_arithmetic,candidate,uncensored_refusal_like,base,6,mmd_rbf,0.022074846550822258,128
aim_on_task_arithmetic,candidate,uncensored_refusal_like,base,6,projected_js,0.07420161156915128,128
aim_on_task_arithmetic,candidate,uncensored_refusal_like,base,7,mmd_rbf,0.02000652253627777,128
aim_on_task_arithmetic,candidate,uncensored_refusal_like,base,7,projected_js,0.0683036411064677,128
aim_on_task_arithmetic,candidate,uncensored_refusal_like,base,8,mmd_rbf,0.018089300021529198,128
aim_on_task_arithmetic,candidate,uncensored_refusal_like,base,8,projected_js,0.07237103988882154,128
aim_on_task_arithmetic,candidate,uncensored_refusal_like,base,9,mmd_rbf,0.020726686343550682,128
aim_on_task_arithmetic,candidate,uncensored_refusal_like,base,9,projected_js,0.07233182041090913,128
aim_on_task_arithmetic,candidate,uncensored_refusal_like,base,10,mmd_rbf,0.02256256528198719,128
aim_on_task_arithmetic,candidate,uncensored_refusal_like,base,10,projected_js,0.07637149223592132,128
aim_on_task_arithmetic,candidate,uncensored_refusal_like,base,11,mmd_rbf,0.024855298921465874,128
aim_on_task_arithmetic,candidate,uncensored_refusal_like,base,11,projected_js,0.0804479390499182,128
aim_on_task_arithmetic,candidate,uncensored_refusal_like,base,12,mmd_rbf,0.028179466724395752,128
aim_on_task_arithmetic,candidate,uncensored_refusal_like,base,12,projected_js,0.07801260089036077,128
aim_on_task_arithmetic,candidate,uncensored_refusal_like,base,13,mmd_rbf,0.03194841369986534,128
aim_on_task_arithmetic,candidate,uncensored_refusal_like,base,13,projected_js,0.08700682362541556,128
aim_on_task_arithmetic,candidate,uncensored_refusal_like,base,14,mmd_rbf,0.03417276218533516,128
aim_on_task_arithmetic,candidate,uncensored_refusal_like,base,14,projected_js,0.08257662027608603,128
aim_on_task_arithmetic,candidate,uncensored_refusal_like,base,15,mmd_rbf,0.03632714971899986,128
aim_on_task_arithmetic,candidate,uncensored_refusal_like,base,15,projected_js,0.07804011588450521,128
aim_on_task_arithmetic,candidate,uncensored_refusal_like,base,16,mmd_rbf,0.03693009540438652,128
aim_on_task_arithmetic,candidate,uncensored_refusal_like,base,16,projected_js,0.080720444326289,128
aim_on_task_arithmetic,candidate,uncensored_refusal_like,base,17,mmd_rbf,0.037432778626680374,128
aim_on_task_arithmetic,candidate,uncensored_refusal_like,base,17,projected_js,0.08453551697311923,128
aim_on_task_arithmetic,candidate,uncensored_refusal_like,base,18,mmd_rbf,0.038928043097257614,128
aim_on_task_arithmetic,candidate,uncensored_refusal_like,base,18,projected_js,0.08563730103196576,128
aim_on_task_arithmetic,candidate,uncensored_refusal_like,base,19,mmd_rbf,0.03887980431318283,128
aim_on_task_arithmetic,candidate,uncensored_refusal_like,base,19,projected_js,0.08451647200854495,128
aim_on_task_arithmetic,candidate,uncensored_refusal_like,base,20,mmd_rbf,0.044799380004405975,128
aim_on_task_arithmetic,candidate,uncensored_refusal_like,base,20,projected_js,0.08754145409329794,128
aim_on_task_arithmetic,candidate,uncensored_refusal_like,base,21,mmd_rbf,0.04765589162707329,128
aim_on_task_arithmetic,candidate,uncensored_refusal_like,base,21,projected_js,0.0899293795810081,128
aim_on_task_arithmetic,candidate,uncensored_refusal_like,base,22,mmd_rbf,0.04947664961218834,128
aim_on_task_arithmetic,candidate,uncensored_refusal_like,base,22,projected_js,0.0939990952028893,128
aim_on_task_arithmetic,candidate,uncensored_refusal_like,base,23,mmd_rbf,0.048561643809080124,128
aim_on_task_arithmetic,candidate,uncensored_refusal_like,base,23,projected_js,0.09332688647555187,128
aim_on_task_arithmetic,candidate,uncensored_refusal_like,base,24,mmd_rbf,0.04696778953075409,128
aim_on_task_arithmetic,candidate,uncensored_refusal_like,base,24,projected_js,0.09847444982733577,128
aim_on_task_arithmetic,candidate,uncensored_refusal_like,base,25,mmd_rbf,0.045818496495485306,128
aim_on_task_arithmetic,candidate,uncensored_refusal_like,base,25,projected_js,0.09160247055115178,128
aim_on_task_arithmetic,candidate,uncensored_refusal_like,base,26,mmd_rbf,0.045848648995161057,128
aim_on_task_arithmetic,candidate,uncensored_refusal_like,base,26,projected_js,0.09589941165177152,128
aim_on_task_arithmetic,candidate,uncensored_refusal_like,base,27,mmd_rbf,0.046221762895584106,128
aim_on_task_arithmetic,candidate,uncensored_refusal_like,base,27,projected_js,0.1010122366133146,128
aim_on_task_arithmetic,candidate,uncensored_refusal_like,base,28,mmd_rbf,0.04480457305908203,128
aim_on_task_arithmetic,candidate,uncensored_refusal_like,base,28,projected_js,0.10061180725460872,128
aim_on_task_arithmetic,candidate,uncensored_refusal_like,base,29,mmd_rbf,0.04202086851000786,128
aim_on_task_arithmetic,candidate,uncensored_refusal_like,base,29,projected_js,0.0966713588568382,128
aim_on_task_arithmetic,candidate,uncensored_refusal_like,base,30,mmd_rbf,0.042457107454538345,128
aim_on_task_arithmetic,candidate,uncensored_refusal_like,base,30,projected_js,0.09836944518610835,128
aim_on_task_arithmetic,candidate,uncensored_refusal_like,base,31,mmd_rbf,0.04179161414504051,128
aim_on_task_arithmetic,candidate,uncensored_refusal_like,base,31,projected_js,0.09284254716476426,128
aim_on_task_arithmetic,candidate,uncensored_refusal_like,base,32,mmd_rbf,0.04206879064440727,128
aim_on_task_arithmetic,candidate,uncensored_refusal_like,base,32,projected_js,0.09104106284212321,128
aim_on_task_arithmetic,candidate,uncensored_refusal_like,base,33,mmd_rbf,0.04028735309839249,128
aim_on_task_arithmetic,candidate,uncensored_refusal_like,base,33,projected_js,0.09179020224837586,128
aim_on_task_arithmetic,candidate,uncensored_refusal_like,base,34,mmd_rbf,0.05316554382443428,128
aim_on_task_arithmetic,candidate,uncensored_refusal_like,base,34,projected_js,0.10151740070432425,128
aim_on_task_arithmetic,candidate,uncensored_refusal_like,base,35,mmd_rbf,0.12711873650550842,128
aim_on_task_arithmetic,candidate,uncensored_refusal_like,base,35,projected_js,0.16833695292007178,128
aim_on_task_arithmetic,candidate,uncensored_refusal_like,instr_only,0,mmd_rbf,0.004816883709281683,128
aim_on_task_arithmetic,candidate,uncensored_refusal_like,instr_only,0,projected_js,0.04613321361830458,128
aim_on_task_arithmetic,candidate,uncensored_refusal_like,instr_only,1,mmd_rbf,0.008121508173644543,128
aim_on_task_arithmetic,candidate,uncensored_refusal_like,instr_only,1,projected_js,0.052431854215683416,128
aim_on_task_arithmetic,candidate,uncensored_refusal_like,instr_only,2,mmd_rbf,0.009730062447488308,128
aim_on_task_arithmetic,candidate,uncensored_refusal_like,instr_only,2,projected_js,0.05697882969980128,128
aim_on_task_arithmetic,candidate,uncensored_refusal_like,instr_only,3,mmd_rbf,0.01230726670473814,128
aim_on_task_arithmetic,candidate,uncensored_refusal_like,instr_only,3,projected_js,0.06056348662241362,128
aim_on_task_arithmetic,candidate,uncensored_refusal_like,instr_only,4,mmd_rbf,0.01342877745628357,128
aim_on_task_arithmetic,candidate,uncensored_refusal_like,instr_only,4,projected_js,0.06381315033650026,128
aim_on_task_arithmetic,candidate,uncensored_refusal_like,instr_only,5,mmd_rbf,0.013590620830655098,128
aim_on_task_arithmetic,candidate,uncensored_refusal_like,instr_only,5,projected_js,0.05953910847892985,128
aim_on_task_arithmetic,candidate,uncensored_refusal_like,instr_only,6,mmd_rbf,0.010582240298390388,128
aim_on_task_arithmetic,candidate,uncensored_refusal_like,instr_only,6,projected_js,0.05783921934198588,128
aim_on_task_arithmetic,candidate,uncensored_refusal_like,instr_only,7,mmd_rbf,0.008671536110341549,128
aim_on_task_arithmetic,candidate,uncensored_refusal_like,instr_only,7,projected_js,0.05850189202465117,128
aim_on_task_arithmetic,candidate,uncensored_refusal_like,instr_only,8,mmd_rbf,0.007117492146790028,128
aim_on_task_arithmetic,candidate,uncensored_refusal_like,instr_only,8,projected_js,0.0589916555036325,128
aim_on_task_arithmetic,candidate,uncensored_refusal_like,instr_only,9,mmd_rbf,0.007110461127012968,128
aim_on_task_arithmetic,candidate,uncensored_refusal_like,instr_only,9,projected_js,0.05997424962697551,128
aim_on_task_arithmetic,candidate,uncensored_refusal_like,instr_only,10,mmd_rbf,0.007453660946339369,128
aim_on_task_arithmetic,candidate,uncensored_refusal_like,instr_only,10,projected_js,0.06332313257735223,128
aim_on_task_arithmetic,candidate,uncensored_refusal_like,instr_only,11,mmd_rbf,0.007123615127056837,128
aim_on_task_arithmetic,candidate,uncensored_refusal_like,instr_only,11,projected_js,0.05920351349050179,128
aim_on_task_arithmetic,candidate,uncensored_refusal_like,instr_only,12,mmd_rbf,0.007509253919124603,128
aim_on_task_arithmetic,candidate,uncensored_refusal_like,instr_only,12,projected_js,0.06192889917292632,128
aim_on_task_arithmetic,candidate,uncensored_refusal_like,instr_only,13,mmd_rbf,0.0077180685475468636,128
aim_on_task_arithmetic,candidate,uncensored_refusal_like,instr_only,13,projected_js,0.06062469625612721,128
aim_on_task_arithmetic,candidate,uncensored_refusal_like,instr_only,14,mmd_rbf,0.007562817074358463,128
aim_on_task_arithmetic,candidate,uncensored_refusal_like,instr_only,14,projected_js,0.06206808681599796,128
aim_on_task_arithmetic,candidate,uncensored_refusal_like,instr_only,15,mmd_rbf,0.007876124233007431,128
aim_on_task_arithmetic,candidate,uncensored_refusal_like,instr_only,15,projected_js,0.06661540968343616,128
aim_on_task_arithmetic,candidate,uncensored_refusal_like,instr_only,16,mmd_rbf,0.008360340259969234,128
aim_on_task_arithmetic,candidate,uncensored_refusal_like,instr_only,16,projected_js,0.06486195232719183,128
aim_on_task_arithmetic,candidate,uncensored_refusal_like,instr_only,17,mmd_rbf,0.009299354627728462,128
aim_on_task_arithmetic,candidate,uncensored_refusal_like,instr_only,17,projected_js,0.06214532657759264,128
aim_on_task_arithmetic,candidate,uncensored_refusal_like,instr_only,18,mmd_rbf,0.010394572280347347,128
aim_on_task_arithmetic,candidate,uncensored_refusal_like,instr_only,18,projected_js,0.06411319726612419,128
aim_on_task_arithmetic,candidate,uncensored_refusal_like,instr_only,19,mmd_rbf,0.011410622857511044,128
aim_on_task_arithmetic,candidate,uncensored_refusal_like,instr_only,19,projected_js,0.06618736853124574,128
aim_on_task_arithmetic,candidate,uncensored_refusal_like,instr_only,20,mmd_rbf,0.012809124775230885,128
aim_on_task_arithmetic,candidate,uncensored_refusal_like,instr_only,20,projected_js,0.06786262488458306,128
aim_on_task_arithmetic,candidate,uncensored_refusal_like,instr_only,21,mmd_rbf,0.015168038196861744,128
aim_on_task_arithmetic,candidate,uncensored_refusal_like,instr_only,21,projected_js,0.07093994319438934,128
aim_on_task_arithmetic,candidate,uncensored_refusal_like,instr_only,22,mmd_rbf,0.016544634476304054,128
aim_on_task_arithmetic,candidate,uncensored_refusal_like,instr_only,22,projected_js,0.07033257116563618,128
aim_on_task_arithmetic,candidate,uncensored_refusal_like,instr_only,23,mmd_rbf,0.017022019252181053,128
aim_on_task_arithmetic,candidate,uncensored_refusal_like,instr_only,23,projected_js,0.07072369148954749,128
aim_on_task_arithmetic,candidate,uncensored_refusal_like,instr_only,24,mmd_rbf,0.018039485439658165,128
aim_on_task_arithmetic,candidate,uncensored_refusal_like,instr_only,24,projected_js,0.0741026615141891,128
aim_on_task_arithmetic,candidate,uncensored_refusal_like,instr_only,25,mmd_rbf,0.01973177306354046,128
aim_on_task_arithmetic,candidate,uncensored_refusal_like,instr_only,25,projected_js,0.07550310407532379,128
aim_on_task_arithmetic,candidate,uncensored_refusal_like,instr_only,26,mmd_rbf,0.020679673179984093,128
aim_on_task_arithmetic,candidate,uncensored_refusal_like,instr_only,26,projected_js,0.07841998874209821,128
aim_on_task_arithmetic,candidate,uncensored_refusal_like,instr_only,27,mmd_rbf,0.020709263160824776,128
aim_on_task_arithmetic,candidate,uncensored_refusal_like,instr_only,27,projected_js,0.07380469585768878,128
aim_on_task_arithmetic,candidate,uncensored_refusal_like,instr_only,28,mmd_rbf,0.0206065122038126,128
aim_on_task_arithmetic,candidate,uncensored_refusal_like,instr_only,28,projected_js,0.07701190828811377,128
aim_on_task_arithmetic,candidate,uncensored_refusal_like,instr_only,29,mmd_rbf,0.019696621224284172,128
aim_on_task_arithmetic,candidate,uncensored_refusal_like,instr_only,29,projected_js,0.07623494655126706,128
aim_on_task_arithmetic,candidate,uncensored_refusal_like,instr_only,30,mmd_rbf,0.01982896402478218,128
aim_on_task_arithmetic,candidate,uncensored_refusal_like,instr_only,30,projected_js,0.07887288928031921,128
aim_on_task_arithmetic,candidate,uncensored_refusal_like,instr_only,31,mmd_rbf,0.01955639198422432,128
aim_on_task_arithmetic,candidate,uncensored_refusal_like,instr_only,31,projected_js,0.07535142917186022,128
aim_on_task_arithmetic,candidate,uncensored_refusal_like,instr_only,32,mmd_rbf,0.01995558850467205,128
aim_on_task_arithmetic,candidate,uncensored_refusal_like,instr_only,32,projected_js,0.07926545152440667,128
aim_on_task_arithmetic,candidate,uncensored_refusal_like,instr_only,33,mmd_rbf,0.019590724259614944,128
aim_on_task_arithmetic,candidate,uncensored_refusal_like,instr_only,33,projected_js,0.07706600130768493,128
aim_on_task_arithmetic,candidate,uncensored_refusal_like,instr_only,34,mmd_rbf,0.022507233545184135,128
aim_on_task_arithmetic,candidate,uncensored_refusal_like,instr_only,34,projected_js,0.081169038254302,128
aim_on_task_arithmetic,candidate,uncensored_refusal_like,instr_only,35,mmd_rbf,0.07889475673437119,128
aim_on_task_arithmetic,candidate,uncensored_refusal_like,instr_only,35,projected_js,0.1279649094794877,128
aim_on_task_arithmetic,candidate,uncensored_refusal_like,reasoning_only,0,mmd_rbf,0.02293337695300579,128
aim_on_task_arithmetic,candidate,uncensored_refusal_like,reasoning_only,0,projected_js,0.0907958421157673,128
aim_on_task_arithmetic,candidate,uncensored_refusal_like,reasoning_only,1,mmd_rbf,0.0284223984926939,128
aim_on_task_arithmetic,candidate,uncensored_refusal_like,reasoning_only,1,projected_js,0.08218831091653556,128
aim_on_task_arithmetic,candidate,uncensored_refusal_like,reasoning_only,2,mmd_rbf,0.04009230062365532,128
aim_on_task_arithmetic,candidate,uncensored_refusal_like,reasoning_only,2,projected_js,0.09264203568454832,128
aim_on_task_arithmetic,candidate,uncensored_refusal_like,reasoning_only,3,mmd_rbf,0.04745037853717804,128
aim_on_task_arithmetic,candidate,uncensored_refusal_like,reasoning_only,3,projected_js,0.10625556789455004,128
aim_on_task_arithmetic,candidate,uncensored_refusal_like,reasoning_only,4,mmd_rbf,0.050677575170993805,128
aim_on_task_arithmetic,candidate,uncensored_refusal_like,reasoning_only,4,projected_js,0.11664191776071675,128
aim_on_task_arithmetic,candidate,uncensored_refusal_like,reasoning_only,5,mmd_rbf,0.05628161504864693,128
aim_on_task_arithmetic,candidate,uncensored_refusal_like,reasoning_only,5,projected_js,0.1310515723307617,128
aim_on_task_arithmetic,candidate,uncensored_refusal_like,reasoning_only,6,mmd_rbf,0.04346099868416786,128
aim_on_task_arithmetic,candidate,uncensored_refusal_like,reasoning_only,6,projected_js,0.10429243685211986,128
aim_on_task_arithmetic,candidate,uncensored_refusal_like,reasoning_only,7,mmd_rbf,0.03945232182741165,128
aim_on_task_arithmetic,candidate,uncensored_refusal_like,reasoning_only,7,projected_js,0.10214454046217725,128
aim_on_task_arithmetic,candidate,uncensored_refusal_like,reasoning_only,8,mmd_rbf,0.03087037242949009,128
aim_on_task_arithmetic,candidate,uncensored_refusal_like,reasoning_only,8,projected_js,0.09266530303284526,128
aim_on_task_arithmetic,candidate,uncensored_refusal_like,reasoning_only,9,mmd_rbf,0.0298514012247324,128
aim_on_task_arithmetic,candidate,uncensored_refusal_like,reasoning_only,9,projected_js,0.09159893315518275,128
aim_on_task_arithmetic,candidate,uncensored_refusal_like,reasoning_only,10,mmd_rbf,0.03123978152871132,128
aim_on_task_arithmetic,candidate,uncensored_refusal_like,reasoning_only,10,projected_js,0.09589532413519919,128
aim_on_task_arithmetic,candidate,uncensored_refusal_like,reasoning_only,11,mmd_rbf,0.0304088294506073,128
aim_on_task_arithmetic,candidate,uncensored_refusal_like,reasoning_only,11,projected_js,0.08917657798156142,128
aim_on_task_arithmetic,candidate,uncensored_refusal_like,reasoning_only,12,mmd_rbf,0.03372614458203316,128
aim_on_task_arithmetic,candidate,uncensored_refusal_like,reasoning_only,12,projected_js,0.0910158739425242,128
aim_on_task_arithmetic,candidate,uncensored_refusal_like,reasoning_only,13,mmd_rbf,0.036007899791002274,128
aim_on_task_arithmetic,candidate,uncensored_refusal_like,reasoning_only,13,projected_js,0.09266511461464688,128
aim_on_task_arithmetic,candidate,uncensored_refusal_like,reasoning_only,14,mmd_rbf,0.0350298248231411,128
aim_on_task_arithmetic,candidate,uncensored_refusal_like,reasoning_only,14,projected_js,0.08812681626295671,128
aim_on_task_arithmetic,candidate,uncensored_refusal_like,reasoning_only,15,mmd_rbf,0.036066021770238876,128
aim_on_task_arithmetic,candidate,uncensored_refusal_like,reasoning_only,15,projected_js,0.08789333695312962,128
aim_on_task_arithmetic,candidate,uncensored_refusal_like,reasoning_only,16,mmd_rbf,0.03580871969461441,128
aim_on_task_arithmetic,candidate,uncensored_refusal_like,reasoning_only,16,projected_js,0.08777654950972646,128
aim_on_task_arithmetic,candidate,uncensored_refusal_like,reasoning_only,17,mmd_rbf,0.03585859760642052,128
aim_on_task_arithmetic,candidate,uncensored_refusal_like,reasoning_only,17,projected_js,0.08281274230103008,128
aim_on_task_arithmetic,candidate,uncensored_refusal_like,reasoning_only,18,mmd_rbf,0.042780641466379166,128
aim_on_task_arithmetic,candidate,uncensored_refusal_like,reasoning_only,18,projected_js,0.0868762503087055,128
aim_on_task_arithmetic,candidate,uncensored_refusal_like,reasoning_only,19,mmd_rbf,0.04148394986987114,128
aim_on_task_arithmetic,candidate,uncensored_refusal_like,reasoning_only,19,projected_js,0.08849416562588885,128
aim_on_task_arithmetic,candidate,uncensored_refusal_like,reasoning_only,20,mmd_rbf,0.04184802994132042,128
aim_on_task_arithmetic,candidate,uncensored_refusal_like,reasoning_only,20,projected_js,0.0853559136739932,128
aim_on_task_arithmetic,candidate,uncensored_refusal_like,reasoning_only,21,mmd_rbf,0.04293690621852875,128
aim_on_task_arithmetic,candidate,uncensored_refusal_like,reasoning_only,21,projected_js,0.08816038037184626,128
aim_on_task_arithmetic,candidate,uncensored_refusal_like,reasoning_only,22,mmd_rbf,0.04244561493396759,128
aim_on_task_arithmetic,candidate,uncensored_refusal_like,reasoning_only,22,projected_js,0.09134481032378972,128
aim_on_task_arithmetic,candidate,uncensored_refusal_like,reasoning_only,23,mmd_rbf,0.03707381710410118,128
aim_on_task_arithmetic,candidate,uncensored_refusal_like,reasoning_only,23,projected_js,0.08779124793363735,128
aim_on_task_arithmetic,candidate,uncensored_refusal_like,reasoning_only,24,mmd_rbf,0.04170595854520798,128
aim_on_task_arithmetic,candidate,uncensored_refusal_like,reasoning_only,24,projected_js,0.08987753069959581,128
aim_on_task_arithmetic,candidate,uncensored_refusal_like,reasoning_only,25,mmd_rbf,0.03982550650835037,128
aim_on_task_arithmetic,candidate,uncensored_refusal_like,reasoning_only,25,projected_js,0.08631171280285344,128
aim_on_task_arithmetic,candidate,uncensored_refusal_like,reasoning_only,26,mmd_rbf,0.04155058413743973,128
aim_on_task_arithmetic,candidate,uncensored_refusal_like,reasoning_only,26,projected_js,0.08966386507381685,128
aim_on_task_arithmetic,candidate,uncensored_refusal_like,reasoning_only,27,mmd_rbf,0.04355018213391304,128
aim_on_task_arithmetic,candidate,uncensored_refusal_like,reasoning_only,27,projected_js,0.08866928407223895,128
aim_on_task_arithmetic,candidate,uncensored_refusal_like,reasoning_only,28,mmd_rbf,0.04518663510680199,128
aim_on_task_arithmetic,candidate,uncensored_refusal_like,reasoning_only,28,projected_js,0.09726329415570945,128
aim_on_task_arithmetic,candidate,uncensored_refusal_like,reasoning_only,29,mmd_rbf,0.043768107891082764,128
aim_on_task_arithmetic,candidate,uncensored_refusal_like,reasoning_only,29,projected_js,0.1009780231397599,128
aim_on_task_arithmetic,candidate,uncensored_refusal_like,reasoning_only,30,mmd_rbf,0.04639160633087158,128
aim_on_task_arithmetic,candidate,uncensored_refusal_like,reasoning_only,30,projected_js,0.10777993686497211,128
aim_on_task_arithmetic,candidate,uncensored_refusal_like,reasoning_only,31,mmd_rbf,0.046199556440114975,128
aim_on_task_arithmetic,candidate,uncensored_refusal_like,reasoning_only,31,projected_js,0.09844326885649934,128
aim_on_task_arithmetic,candidate,uncensored_refusal_like,reasoning_only,32,mmd_rbf,0.04640473797917366,128
aim_on_task_arithmetic,candidate,uncensored_refusal_like,reasoning_only,32,projected_js,0.10099394572898746,128
aim_on_task_arithmetic,candidate,uncensored_refusal_like,reasoning_only,33,mmd_rbf,0.04421881586313248,128
aim_on_task_arithmetic,candidate,uncensored_refusal_like,reasoning_only,33,projected_js,0.0934113108087331,128
aim_on_task_arithmetic,candidate,uncensored_refusal_like,reasoning_only,34,mmd_rbf,0.0475023090839386,128
aim_on_task_arithmetic,candidate,uncensored_refusal_like,reasoning_only,34,projected_js,0.0925243700039573,128
aim_on_task_arithmetic,candidate,uncensored_refusal_like,reasoning_only,35,mmd_rbf,0.058661069720983505,128
aim_on_task_arithmetic,candidate,uncensored_refusal_like,reasoning_only,35,projected_js,0.10745931958081201,128
aim_on_task_arithmetic,candidate,uncensored_refusal_like,uncensored_only,0,mmd_rbf,0.013188826851546764,128
aim_on_task_arithmetic,candidate,uncensored_refusal_like,uncensored_only,0,projected_js,0.058864148159045726,128
aim_on_task_arithmetic,candidate,uncensored_refusal_like,uncensored_only,1,mmd_rbf,0.22816602885723114,128
aim_on_task_arithmetic,candidate,uncensored_refusal_like,uncensored_only,1,projected_js,0.25062958407215774,128
aim_on_task_arithmetic,candidate,uncensored_refusal_like,uncensored_only,2,mmd_rbf,0.20289631187915802,128
aim_on_task_arithmetic,candidate,uncensored_refusal_like,uncensored_only,2,projected_js,0.2102878304431215,128
aim_on_task_arithmetic,candidate,uncensored_refusal_like,uncensored_only,3,mmd_rbf,0.16330717504024506,128
aim_on_task_arithmetic,candidate,uncensored_refusal_like,uncensored_only,3,projected_js,0.16857095173327252,128
aim_on_task_arithmetic,candidate,uncensored_refusal_like,uncensored_only,4,mmd_rbf,0.13161872327327728,128
aim_on_task_arithmetic,candidate,uncensored_refusal_like,uncensored_only,4,projected_js,0.16919572744518518,128
aim_on_task_arithmetic,candidate,uncensored_refusal_like,uncensored_only,5,mmd_rbf,0.10065263509750366,128
aim_on_task_arithmetic,candidate,uncensored_refusal_like,uncensored_only,5,projected_js,0.1562777177314274,128
aim_on_task_arithmetic,candidate,uncensored_refusal_like,uncensored_only,6,mmd_rbf,0.06385911256074905,128
aim_on_task_arithmetic,candidate,uncensored_refusal_like,uncensored_only,6,projected_js,0.11754653177922592,128
aim_on_task_arithmetic,candidate,uncensored_refusal_like,uncensored_only,7,mmd_rbf,0.04817666485905647,128
aim_on_task_arithmetic,candidate,uncensored_refusal_like,uncensored_only,7,projected_js,0.09843121306039393,128
aim_on_task_arithmetic,candidate,uncensored_refusal_like,uncensored_only,8,mmd_rbf,0.034450262784957886,128
aim_on_task_arithmetic,candidate,uncensored_refusal_like,uncensored_only,8,projected_js,0.08355914085404947,128
aim_on_task_arithmetic,candidate,uncensored_refusal_like,uncensored_only,9,mmd_rbf,0.029969805851578712,128
aim_on_task_arithmetic,candidate,uncensored_refusal_like,uncensored_only,9,projected_js,0.07636474660830572,128
aim_on_task_arithmetic,candidate,uncensored_refusal_like,uncensored_only,10,mmd_rbf,0.025159185752272606,128
aim_on_task_arithmetic,candidate,uncensored_refusal_like,uncensored_only,10,projected_js,0.0782349964720197,128
aim_on_task_arithmetic,candidate,uncensored_refusal_like,uncensored_only,11,mmd_rbf,0.021438000723719597,128
aim_on_task_arithmetic,candidate,uncensored_refusal_like,uncensored_only,11,projected_js,0.06815179658588022,128
aim_on_task_arithmetic,candidate,uncensored_refusal_like,uncensored_only,12,mmd_rbf,0.021728916093707085,128
aim_on_task_arithmetic,candidate,uncensored_refusal_like,uncensored_only,12,projected_js,0.07363934384193271,128
aim_on_task_arithmetic,candidate,uncensored_refusal_like,uncensored_only,13,mmd_rbf,0.023055478930473328,128
aim_on_task_arithmetic,candidate,uncensored_refusal_like,uncensored_only,13,projected_js,0.07312936073867604,128
aim_on_task_arithmetic,candidate,uncensored_refusal_like,uncensored_only,14,mmd_rbf,0.023662295192480087,128
aim_on_task_arithmetic,candidate,uncensored_refusal_like,uncensored_only,14,projected_js,0.07393143174704164,128
aim_on_task_arithmetic,candidate,uncensored_refusal_like,uncensored_only,15,mmd_rbf,0.029071522876620293,128
aim_on_task_arithmetic,candidate,uncensored_refusal_like,uncensored_only,15,projected_js,0.0847616401151754,128
aim_on_task_arithmetic,candidate,uncensored_refusal_like,uncensored_only,16,mmd_rbf,0.030614569783210754,128
aim_on_task_arithmetic,candidate,uncensored_refusal_like,uncensored_only,16,projected_js,0.07908193732146174,128
aim_on_task_arithmetic,candidate,uncensored_refusal_like,uncensored_only,17,mmd_rbf,0.031525228172540665,128
aim_on_task_arithmetic,candidate,uncensored_refusal_like,uncensored_only,17,projected_js,0.08207009336911142,128
aim_on_task_arithmetic,candidate,uncensored_refusal_like,uncensored_only,18,mmd_rbf,0.0328025184571743,128
aim_on_task_arithmetic,candidate,uncensored_refusal_like,uncensored_only,18,projected_js,0.08002480151480995,128
aim_on_task_arithmetic,candidate,uncensored_refusal_like,uncensored_only,19,mmd_rbf,0.03155064955353737,128
aim_on_task_arithmetic,candidate,uncensored_refusal_like,uncensored_only,19,projected_js,0.08195274346508086,128
aim_on_task_arithmetic,candidate,uncensored_refusal_like,uncensored_only,20,mmd_rbf,0.03376934677362442,128
aim_on_task_arithmetic,candidate,uncensored_refusal_like,uncensored_only,20,projected_js,0.07920357506372966,128
aim_on_task_arithmetic,candidate,uncensored_refusal_like,uncensored_only,21,mmd_rbf,0.037963174283504486,128
aim_on_task_arithmetic,candidate,uncensored_refusal_like,uncensored_only,21,projected_js,0.08681378688197583,128
aim_on_task_arithmetic,candidate,uncensored_refusal_like,uncensored_only,22,mmd_rbf,0.04004587605595589,128
aim_on_task_arithmetic,candidate,uncensored_refusal_like,uncensored_only,22,projected_js,0.08782172430073842,128
aim_on_task_arithmetic,candidate,uncensored_refusal_like,uncensored_only,23,mmd_rbf,0.04059603437781334,128
aim_on_task_arithmetic,candidate,uncensored_refusal_like,uncensored_only,23,projected_js,0.08833753259386867,128
aim_on_task_arithmetic,candidate,uncensored_refusal_like,uncensored_only,24,mmd_rbf,0.045760829001665115,128
aim_on_task_arithmetic,candidate,uncensored_refusal_like,uncensored_only,24,projected_js,0.09030718152644113,128
aim_on_task_arithmetic,candidate,uncensored_refusal_like,uncensored_only,25,mmd_rbf,0.04983628913760185,128
aim_on_task_arithmetic,candidate,uncensored_refusal_like,uncensored_only,25,projected_js,0.09398914949269965,128
aim_on_task_arithmetic,candidate,uncensored_refusal_like,uncensored_only,26,mmd_rbf,0.0513620488345623,128
aim_on_task_arithmetic,candidate,uncensored_refusal_like,uncensored_only,26,projected_js,0.09253091248683631,128
aim_on_task_arithmetic,candidate,uncensored_refusal_like,uncensored_only,27,mmd_rbf,0.05284982919692993,128
aim_on_task_arithmetic,candidate,uncensored_refusal_like,uncensored_only,27,projected_js,0.09770979441236705,128
aim_on_task_arithmetic,candidate,uncensored_refusal_like,uncensored_only,28,mmd_rbf,0.05107659101486206,128
aim_on_task_arithmetic,candidate,uncensored_refusal_like,uncensored_only,28,projected_js,0.10482838936150074,128
aim_on_task_arithmetic,candidate,uncensored_refusal_like,uncensored_only,29,mmd_rbf,0.048942454159259796,128
aim_on_task_arithmetic,candidate,uncensored_refusal_like,uncensored_only,29,projected_js,0.10176571551710367,128
aim_on_task_arithmetic,candidate,uncensored_refusal_like,uncensored_only,30,mmd_rbf,0.05200578644871712,128
aim_on_task_arithmetic,candidate,uncensored_refusal_like,uncensored_only,30,projected_js,0.10366348165553063,128
aim_on_task_arithmetic,candidate,uncensored_refusal_like,uncensored_only,31,mmd_rbf,0.05056827887892723,128
aim_on_task_arithmetic,candidate,uncensored_refusal_like,uncensored_only,31,projected_js,0.09644645353546366,128
aim_on_task_arithmetic,candidate,uncensored_refusal_like,uncensored_only,32,mmd_rbf,0.05033675953745842,128
aim_on_task_arithmetic,candidate,uncensored_refusal_like,uncensored_only,32,projected_js,0.0981019859900698,128
aim_on_task_arithmetic,candidate,uncensored_refusal_like,uncensored_only,33,mmd_rbf,0.049618881195783615,128
aim_on_task_arithmetic,candidate,uncensored_refusal_like,uncensored_only,33,projected_js,0.09910246747313067,128
aim_on_task_arithmetic,candidate,uncensored_refusal_like,uncensored_only,34,mmd_rbf,0.05355418473482132,128
aim_on_task_arithmetic,candidate,uncensored_refusal_like,uncensored_only,34,projected_js,0.105411768599879,128
aim_on_task_arithmetic,candidate,uncensored_refusal_like,uncensored_only,35,mmd_rbf,0.10127504169940948,128
aim_on_task_arithmetic,candidate,uncensored_refusal_like,uncensored_only,35,projected_js,0.12974189833039418,128
