model_id,model_kind,calib_subset,target_id,layer,metric,value,n_prompts
breadcrumbs_best,candidate,general,base,0,mmd_rbf,0.008182406425476074,128
breadcrumbs_best,candidate,general,base,0,projected_js,0.04934497359499801,128
breadcrumbs_best,candidate,general,base,1,mmd_rbf,0.012505777180194855,128
breadcrumbs_best,candidate,general,base,1,projected_js,0.05828485210076906,128
breadcrumbs_best,candidate,general,base,2,mmd_rbf,0.01370691042393446,128
breadcrumbs_best,candidate,general,base,2,projected_js,0.06147076369961724,128
breadcrumbs_best,candidate,general,base,3,mmd_rbf,0.01627562940120697,128
breadcrumbs_best,candidate,general,base,3,projected_js,0.06684965651948005,128
breadcrumbs_best,candidate,general,base,4,mmd_rbf,0.01541147567331791,128
breadcrumbs_best,candidate,general,base,4,projected_js,0.06374865252291784,128
breadcrumbs_best,candidate,general,base,5,mmd_rbf,0.014023651368916035,128
breadcrumbs_best,candidate,general,base,5,projected_js,0.06240638479357585,128
breadcrumbs_best,candidate,general,base,6,mmd_rbf,0.010649471543729305,128
breadcrumbs_best,candidate,general,base,6,projected_js,0.05753181909676641,128
breadcrumbs_best,candidate,general,base,7,mmd_rbf,0.009424934163689613,128
breadcrumbs_best,candidate,general,base,7,projected_js,0.05837538299965672,128
breadcrumbs_best,candidate,general,base,8,mmd_rbf,0.007636250462383032,128
breadcrumbs_best,candidate,general,base,8,projected_js,0.05840483645442873,128
breadcrumbs_best,candidate,general,base,9,mmd_rbf,0.007689235266298056,128
breadcrumbs_best,candidate,general,base,9,projected_js,0.06035509513458237,128
breadcrumbs_best,candidate,general,base,10,mmd_rbf,0.007626403123140335,128
breadcrumbs_best,candidate,general,base,10,projected_js,0.06010121532017365,128
breadcrumbs_best,candidate,general,base,11,mmd_rbf,0.007350231986492872,128
breadcrumbs_best,candidate,general,base,11,projected_js,0.06053624453488737,128
breadcrumbs_best,candidate,general,base,12,mmd_rbf,0.007448531221598387,128
breadcrumbs_best,candidate,general,base,12,projected_js,0.0619910549139604,128
breadcrumbs_best,candidate,general,base,13,mmd_rbf,0.007769839372485876,128
breadcrumbs_best,candidate,general,base,13,projected_js,0.061304739327169955,128
breadcrumbs_best,candidate,general,base,14,mmd_rbf,0.007906731218099594,128
breadcrumbs_best,candidate,general,base,14,projected_js,0.06236406008247286,128
breadcrumbs_best,candidate,general,base,15,mmd_rbf,0.008374310098588467,128
breadcrumbs_best,candidate,general,base,15,projected_js,0.059222853800747544,128
breadcrumbs_best,candidate,general,base,16,mmd_rbf,0.009550610557198524,128
breadcrumbs_best,candidate,general,base,16,projected_js,0.06232962824287824,128
breadcrumbs_best,candidate,general,base,17,mmd_rbf,0.009416415356099606,128
breadcrumbs_best,candidate,general,base,17,projected_js,0.06202432501595467,128
breadcrumbs_best,candidate,general,base,18,mmd_rbf,0.009934871457517147,128
breadcrumbs_best,candidate,general,base,18,projected_js,0.06384541635634378,128
breadcrumbs_best,candidate,general,base,19,mmd_rbf,0.010191541165113449,128
breadcrumbs_best,candidate,general,base,19,projected_js,0.06677905726246536,128
breadcrumbs_best,candidate,general,base,20,mmd_rbf,0.009911109693348408,128
breadcrumbs_best,candidate,general,base,20,projected_js,0.06535627631819807,128
breadcrumbs_best,candidate,general,base,21,mmd_rbf,0.009993121027946472,128
breadcrumbs_best,candidate,general,base,21,projected_js,0.06623700482305139,128
breadcrumbs_best,candidate,general,base,22,mmd_rbf,0.009445557370781898,128
breadcrumbs_best,candidate,general,base,22,projected_js,0.0639332482824102,128
breadcrumbs_best,candidate,general,base,23,mmd_rbf,0.008950646035373211,128
breadcrumbs_best,candidate,general,base,23,projected_js,0.06618265371071175,128
breadcrumbs_best,candidate,general,base,24,mmd_rbf,0.008371172472834587,128
breadcrumbs_best,candidate,general,base,24,projected_js,0.06095373956486583,128
breadcrumbs_best,candidate,general,base,25,mmd_rbf,0.007961097173392773,128
breadcrumbs_best,candidate,general,base,25,projected_js,0.05992098688147962,128
breadcrumbs_best,candidate,general,base,26,mmd_rbf,0.007985763251781464,128
breadcrumbs_best,candidate,general,base,26,projected_js,0.05674396004178561,128
breadcrumbs_best,candidate,general,base,27,mmd_rbf,0.007937655784189701,128
breadcrumbs_best,candidate,general,base,27,projected_js,0.060623040568316355,128
breadcrumbs_best,candidate,general,base,28,mmd_rbf,0.007493951823562384,128
breadcrumbs_best,candidate,general,base,28,projected_js,0.0648100673861336,128
breadcrumbs_best,candidate,general,base,29,mmd_rbf,0.007266000844538212,128
breadcrumbs_best,candidate,general,base,29,projected_js,0.05963066333788447,128
breadcrumbs_best,candidate,general,base,30,mmd_rbf,0.006853084545582533,128
breadcrumbs_best,candidate,general,base,30,projected_js,0.060949207516387105,128
breadcrumbs_best,candidate,general,base,31,mmd_rbf,0.006524278316646814,128
breadcrumbs_best,candidate,general,base,31,projected_js,0.060897134186234325,128
breadcrumbs_best,candidate,general,base,32,mmd_rbf,0.006838890258222818,128
breadcrumbs_best,candidate,general,base,32,projected_js,0.05814082035794854,128
breadcrumbs_best,candidate,general,base,33,mmd_rbf,0.0070395702496171,128
breadcrumbs_best,candidate,general,base,33,projected_js,0.059384874592069536,128
breadcrumbs_best,candidate,general,base,34,mmd_rbf,0.011504416354000568,128
breadcrumbs_best,candidate,general,base,34,projected_js,0.06246900957194157,128
breadcrumbs_best,candidate,general,base,35,mmd_rbf,0.053993094712495804,128
breadcrumbs_best,candidate,general,base,35,projected_js,0.0968725336715579,128
breadcrumbs_best,candidate,general,instr_only,0,mmd_rbf,0.004258472006767988,128
breadcrumbs_best,candidate,general,instr_only,0,projected_js,0.03298172705399338,128
breadcrumbs_best,candidate,general,instr_only,1,mmd_rbf,0.004913762211799622,128
breadcrumbs_best,candidate,general,instr_only,1,projected_js,0.03773918983642943,128
breadcrumbs_best,candidate,general,instr_only,2,mmd_rbf,0.0055486648343503475,128
breadcrumbs_best,candidate,general,instr_only,2,projected_js,0.04076994437491521,128
breadcrumbs_best,candidate,general,instr_only,3,mmd_rbf,0.006696560885757208,128
breadcrumbs_best,candidate,general,instr_only,3,projected_js,0.04948268586304039,128
breadcrumbs_best,candidate,general,instr_only,4,mmd_rbf,0.007005717139691114,128
breadcrumbs_best,candidate,general,instr_only,4,projected_js,0.044730096647981554,128
breadcrumbs_best,candidate,general,instr_only,5,mmd_rbf,0.0070123933255672455,128
breadcrumbs_best,candidate,general,instr_only,5,projected_js,0.04799558492959477,128
breadcrumbs_best,candidate,general,instr_only,6,mmd_rbf,0.004841666668653488,128
breadcrumbs_best,candidate,general,instr_only,6,projected_js,0.04408751378650777,128
breadcrumbs_best,candidate,general,instr_only,7,mmd_rbf,0.004179314244538546,128
breadcrumbs_best,candidate,general,instr_only,7,projected_js,0.044630358839640394,128
breadcrumbs_best,candidate,general,instr_only,8,mmd_rbf,0.0031636455096304417,128
breadcrumbs_best,candidate,general,instr_only,8,projected_js,0.047472920414293185,128
breadcrumbs_best,candidate,general,instr_only,9,mmd_rbf,0.0031146069522947073,128
breadcrumbs_best,candidate,general,instr_only,9,projected_js,0.050921393936732784,128
breadcrumbs_best,candidate,general,instr_only,10,mmd_rbf,0.0030763454269617796,128
breadcrumbs_best,candidate,general,instr_only,10,projected_js,0.04845609303447418,128
breadcrumbs_best,candidate,general,instr_only,11,mmd_rbf,0.002936565550044179,128
breadcrumbs_best,candidate,general,instr_only,11,projected_js,0.049626551946857944,128
breadcrumbs_best,candidate,general,instr_only,12,mmd_rbf,0.003076371503993869,128
breadcrumbs_best,candidate,general,instr_only,12,projected_js,0.053012303746072575,128
breadcrumbs_best,candidate,general,instr_only,13,mmd_rbf,0.0035677950363606215,128
breadcrumbs_best,candidate,general,instr_only,13,projected_js,0.05340584597433917,128
breadcrumbs_best,candidate,general,instr_only,14,mmd_rbf,0.003421226516366005,128
breadcrumbs_best,candidate,general,instr_only,14,projected_js,0.054049350903369486,128
breadcrumbs_best,candidate,general,instr_only,15,mmd_rbf,0.0036580737214535475,128
breadcrumbs_best,candidate,general,instr_only,15,projected_js,0.05388621814199723,128
breadcrumbs_best,candidate,general,instr_only,16,mmd_rbf,0.003973633050918579,128
breadcrumbs_best,candidate,general,instr_only,16,projected_js,0.054572041844949126,128
breadcrumbs_best,candidate,general,instr_only,17,mmd_rbf,0.004172267857939005,128
breadcrumbs_best,candidate,general,instr_only,17,projected_js,0.05571822478668764,128
breadcrumbs_best,candidate,general,instr_only,18,mmd_rbf,0.00449006725102663,128
breadcrumbs_best,candidate,general,instr_only,18,projected_js,0.05692234370508231,128
breadcrumbs_best,candidate,general,instr_only,19,mmd_rbf,0.004520772490650415,128
breadcrumbs_best,candidate,general,instr_only,19,projected_js,0.056289936415851116,128
breadcrumbs_best,candidate,general,instr_only,20,mmd_rbf,0.004549060016870499,128
breadcrumbs_best,candidate,general,instr_only,20,projected_js,0.05515060733887367,128
breadcrumbs_best,candidate,general,instr_only,21,mmd_rbf,0.004882301669567823,128
breadcrumbs_best,candidate,general,instr_only,21,projected_js,0.05955929990159348,128
breadcrumbs_best,candidate,general,instr_only,22,mmd_rbf,0.004934167023748159,128
breadcrumbs_best,candidate,general,instr_only,22,projected_js,0.05440547311445698,128
breadcrumbs_best,candidate,general,instr_only,23,mmd_rbf,0.0046563479118049145,128
breadcrumbs_best,candidate,general,instr_only,23,projected_js,0.05408848010119982,128
breadcrumbs_best,candidate,general,instr_only,24,mmd_rbf,0.004606600385159254,128
breadcrumbs_best,candidate,general,instr_only,24,projected_js,0.05488476244499907,128
breadcrumbs_best,candidate,general,instr_only,25,mmd_rbf,0.004546788986772299,128
breadcrumbs_best,candidate,general,instr_only,25,projected_js,0.05678286647889763,128
breadcrumbs_best,candidate,general,instr_only,26,mmd_rbf,0.004568040836602449,128
breadcrumbs_best,candidate,general,instr_only,26,projected_js,0.05411169875878841,128
breadcrumbs_best,candidate,general,instr_only,27,mmd_rbf,0.004581007175147533,128
breadcrumbs_best,candidate,general,instr_only,27,projected_js,0.05553273993427865,128
breadcrumbs_best,candidate,general,instr_only,28,mmd_rbf,0.004417821299284697,128
breadcrumbs_best,candidate,general,instr_only,28,projected_js,0.054360474401619285,128
breadcrumbs_best,candidate,general,instr_only,29,mmd_rbf,0.004174943547695875,128
breadcrumbs_best,candidate,general,instr_only,29,projected_js,0.05119900478166528,128
breadcrumbs_best,candidate,general,instr_only,30,mmd_rbf,0.004020688124001026,128
breadcrumbs_best,candidate,general,instr_only,30,projected_js,0.057579655782319605,128
breadcrumbs_best,candidate,general,instr_only,31,mmd_rbf,0.003983724862337112,128
breadcrumbs_best,candidate,general,instr_only,31,projected_js,0.05293589812936261,128
breadcrumbs_best,candidate,general,instr_only,32,mmd_rbf,0.004229902755469084,128
breadcrumbs_best,candidate,general,instr_only,32,projected_js,0.056963823444675654,128
breadcrumbs_best,candidate,general,instr_only,33,mmd_rbf,0.004507892299443483,128
breadcrumbs_best,candidate,general,instr_only,33,projected_js,0.056229747482575476,128
breadcrumbs_best,candidate,general,instr_only,34,mmd_rbf,0.006580408196896315,128
breadcrumbs_best,candidate,general,instr_only,34,projected_js,0.0579252672905568,128
breadcrumbs_best,candidate,general,instr_only,35,mmd_rbf,0.0478035993874073,128
breadcrumbs_best,candidate,general,instr_only,35,projected_js,0.09301036375109106,128
breadcrumbs_best,candidate,general,reasoning_only,0,mmd_rbf,0.01159719843417406,128
breadcrumbs_best,candidate,general,reasoning_only,0,projected_js,0.057551206555217505,128
breadcrumbs_best,candidate,general,reasoning_only,1,mmd_rbf,0.01402728259563446,128
breadcrumbs_best,candidate,general,reasoning_only,1,projected_js,0.05730766401393339,128
breadcrumbs_best,candidate,general,reasoning_only,2,mmd_rbf,0.020727230235934258,128
breadcrumbs_best,candidate,general,reasoning_only,2,projected_js,0.06572112964931875,128
breadcrumbs_best,candidate,general,reasoning_only,3,mmd_rbf,0.02314107120037079,128
breadcrumbs_best,candidate,general,reasoning_only,3,projected_js,0.07461930019780993,128
breadcrumbs_best,candidate,general,reasoning_only,4,mmd_rbf,0.023479200899600983,128
breadcrumbs_best,candidate,general,reasoning_only,4,projected_js,0.07204936404014006,128
breadcrumbs_best,candidate,general,reasoning_only,5,mmd_rbf,0.023565951734781265,128
breadcrumbs_best,candidate,general,reasoning_only,5,projected_js,0.07532334577990696,128
breadcrumbs_best,candidate,general,reasoning_only,6,mmd_rbf,0.016553571447730064,128
breadcrumbs_best,candidate,general,reasoning_only,6,projected_js,0.06576995417708531,128
breadcrumbs_best,candidate,general,reasoning_only,7,mmd_rbf,0.015029864385724068,128
breadcrumbs_best,candidate,general,reasoning_only,7,projected_js,0.06482177381985821,128
breadcrumbs_best,candidate,general,reasoning_only,8,mmd_rbf,0.011328856460750103,128
breadcrumbs_best,candidate,general,reasoning_only,8,projected_js,0.06656370710697956,128
breadcrumbs_best,candidate,general,reasoning_only,9,mmd_rbf,0.010759333148598671,128
breadcrumbs_best,candidate,general,reasoning_only,9,projected_js,0.06256716110510752,128
breadcrumbs_best,candidate,general,reasoning_only,10,mmd_rbf,0.01135921198874712,128
breadcrumbs_best,candidate,general,reasoning_only,10,projected_js,0.062161336158169433,128
breadcrumbs_best,candidate,general,reasoning_only,11,mmd_rbf,0.010446162894368172,128
breadcrumbs_best,candidate,general,reasoning_only,11,projected_js,0.062374950357479975,128
breadcrumbs_best,candidate,general,reasoning_only,12,mmd_rbf,0.010715986602008343,128
breadcrumbs_best,candidate,general,reasoning_only,12,projected_js,0.06407107735867612,128
breadcrumbs_best,candidate,general,reasoning_only,13,mmd_rbf,0.011332444846630096,128
breadcrumbs_best,candidate,general,reasoning_only,13,projected_js,0.06405467685544863,128
breadcrumbs_best,candidate,general,reasoning_only,14,mmd_rbf,0.011389565654098988,128
breadcrumbs_best,candidate,general,reasoning_only,14,projected_js,0.0658593374537304,128
breadcrumbs_best,candidate,general,reasoning_only,15,mmd_rbf,0.012151110917329788,128
breadcrumbs_best,candidate,general,reasoning_only,15,projected_js,0.06702550634508952,128
breadcrumbs_best,candidate,general,reasoning_only,16,mmd_rbf,0.012379293330013752,128
breadcrumbs_best,candidate,general,reasoning_only,16,projected_js,0.06886967766331509,128
breadcrumbs_best,candidate,general,reasoning_only,17,mmd_rbf,0.01236596517264843,128
breadcrumbs_best,candidate,general,reasoning_only,17,projected_js,0.06483892284450121,128
breadcrumbs_best,candidate,general,reasoning_only,18,mmd_rbf,0.013779977336525917,128
breadcrumbs_best,candidate,general,reasoning_only,18,projected_js,0.06732931136502884,128
breadcrumbs_best,candidate,general,reasoning_only,19,mmd_rbf,0.012954115867614746,128
breadcrumbs_best,candidate,general,reasoning_only,19,projected_js,0.06643813336268067,128
breadcrumbs_best,candidate,general,reasoning_only,20,mmd_rbf,0.012960090301930904,128
breadcrumbs_best,candidate,general,reasoning_only,20,projected_js,0.0654327847296372,128
breadcrumbs_best,candidate,general,reasoning_only,21,mmd_rbf,0.013425881043076515,128
breadcrumbs_best,candidate,general,reasoning_only,21,projected_js,0.06642123305937275,128
breadcrumbs_best,candidate,general,reasoning_only,22,mmd_rbf,0.011673538945615292,128
breadcrumbs_best,candidate,general,reasoning_only,22,projected_js,0.06712315959157422,128
breadcrumbs_best,candidate,general,reasoning_only,23,mmd_rbf,0.009875326417386532,128
breadcrumbs_best,candidate,general,reasoning_only,23,projected_js,0.06404608840239234,128
breadcrumbs_best,candidate,general,reasoning_only,24,mmd_rbf,0.010502983815968037,128
breadcrumbs_best,candidate,general,reasoning_only,24,projected_js,0.061172806133981794,128
breadcrumbs_best,candidate,general,reasoning_only,25,mmd_rbf,0.010068482719361782,128
breadcrumbs_best,candidate,general,reasoning_only,25,projected_js,0.06320535426493734,128
breadcrumbs_best,candidate,general,reasoning_only,26,mmd_rbf,0.01048837136477232,128
breadcrumbs_best,candidate,general,reasoning_only,26,projected_js,0.06519791064783931,128
breadcrumbs_best,candidate,general,reasoning_only,27,mmd_rbf,0.010119069367647171,128
breadcrumbs_best,candidate,general,reasoning_only,27,projected_js,0.0649459632113576,128
breadcrumbs_best,candidate,general,reasoning_only,28,mmd_rbf,0.010439214296638966,128
breadcrumbs_best,candidate,general,reasoning_only,28,projected_js,0.06380116677610204,128
breadcrumbs_best,candidate,general,reasoning_only,29,mmd_rbf,0.0104402219876647,128
breadcrumbs_best,candidate,general,reasoning_only,29,projected_js,0.06384237913880497,128
breadcrumbs_best,candidate,general,reasoning_only,30,mmd_rbf,0.010331499390304089,128
breadcrumbs_best,candidate,general,reasoning_only,30,projected_js,0.06234158930601552,128
breadcrumbs_best,candidate,general,reasoning_only,31,mmd_rbf,0.010376650840044022,128
breadcrumbs_best,candidate,general,reasoning_only,31,projected_js,0.0652135381824337,128
breadcrumbs_best,candidate,general,reasoning_only,32,mmd_rbf,0.010158863849937916,128
breadcrumbs_best,candidate,general,reasoning_only,32,projected_js,0.0645559968543239,128
breadcrumbs_best,candidate,general,reasoning_only,33,mmd_rbf,0.009610689245164394,128
breadcrumbs_best,candidate,general,reasoning_only,33,projected_js,0.06028500557295047,128
breadcrumbs_best,candidate,general,reasoning_only,34,mmd_rbf,0.00936098676174879,128
breadcrumbs_best,candidate,general,reasoning_only,34,projected_js,0.06053010019240901,128
breadcrumbs_best,candidate,general,reasoning_only,35,mmd_rbf,0.02454535663127899,128
breadcrumbs_best,candidate,general,reasoning_only,35,projected_js,0.07068342823185958,128
breadcrumbs_best,candidate,general,uncensored_only,0,mmd_rbf,0.009772861376404762,128
breadcrumbs_best,candidate,general,uncensored_only,0,projected_js,0.04597719029698055,128
breadcrumbs_best,candidate,general,uncensored_only,1,mmd_rbf,0.1710708886384964,128
breadcrumbs_best,candidate,general,uncensored_only,1,projected_js,0.17962348568835296,128
breadcrumbs_best,candidate,general,uncensored_only,2,mmd_rbf,0.14273057878017426,128
breadcrumbs_best,candidate,general,uncensored_only,2,projected_js,0.13875728996936232,128
breadcrumbs_best,candidate,general,uncensored_only,3,mmd_rbf,0.1082378551363945,128
breadcrumbs_best,candidate,general,uncensored_only,3,projected_js,0.1253173379227519,128
breadcrumbs_best,candidate,general,uncensored_only,4,mmd_rbf,0.07969703525304794,128
breadcrumbs_best,candidate,general,uncensored_only,4,projected_js,0.11336566583486274,128
breadcrumbs_best,candidate,general,uncensored_only,5,mmd_rbf,0.05592396855354309,128
breadcrumbs_best,candidate,general,uncensored_only,5,projected_js,0.10482194175710902,128
breadcrumbs_best,candidate,general,uncensored_only,6,mmd_rbf,0.031131042167544365,128
breadcrumbs_best,candidate,general,uncensored_only,6,projected_js,0.08102369197877124,128
breadcrumbs_best,candidate,general,uncensored_only,7,mmd_rbf,0.02326243370771408,128
breadcrumbs_best,candidate,general,uncensored_only,7,projected_js,0.0741385230794549,128
breadcrumbs_best,candidate,general,uncensored_only,8,mmd_rbf,0.015146193094551563,128
breadcrumbs_best,candidate,general,uncensored_only,8,projected_js,0.06866467418149114,128
breadcrumbs_best,candidate,general,uncensored_only,9,mmd_rbf,0.012311458587646484,128
breadcrumbs_best,candidate,general,uncensored_only,9,projected_js,0.06424165546195582,128
breadcrumbs_best,candidate,general,uncensored_only,10,mmd_rbf,0.010970336385071278,128
breadcrumbs_best,candidate,general,uncensored_only,10,projected_js,0.06324427772779018,128
breadcrumbs_best,candidate,general,uncensored_only,11,mmd_rbf,0.009419542737305164,128
breadcrumbs_best,candidate,general,uncensored_only,11,projected_js,0.059924951230641454,128
breadcrumbs_best,candidate,general,uncensored_only,12,mmd_rbf,0.009230135940015316,128
breadcrumbs_best,candidate,general,uncensored_only,12,projected_js,0.06332972171367146,128
breadcrumbs_best,candidate,general,uncensored_only,13,mmd_rbf,0.009711392223834991,128
breadcrumbs_best,candidate,general,uncensored_only,13,projected_js,0.06383011798607185,128
breadcrumbs_best,candidate,general,uncensored_only,14,mmd_rbf,0.010101641528308392,128
breadcrumbs_best,candidate,general,uncensored_only,14,projected_js,0.06299083080375567,128
breadcrumbs_best,candidate,general,uncensored_only,15,mmd_rbf,0.012637577950954437,128
breadcrumbs_best,candidate,general,uncensored_only,15,projected_js,0.06535952020203695,128
breadcrumbs_best,candidate,general,uncensored_only,16,mmd_rbf,0.013890023343265057,128
breadcrumbs_best,candidate,general,uncensored_only,16,projected_js,0.06736076419474557,128
breadcrumbs_best,candidate,general,uncensored_only,17,mmd_rbf,0.012664496898651123,128
breadcrumbs_best,candidate,general,uncensored_only,17,projected_js,0.06543624264304526,128
breadcrumbs_best,candidate,general,uncensored_only,18,mmd_rbf,0.013206729665398598,128
breadcrumbs_best,candidate,general,uncensored_only,18,projected_js,0.06794994318624958,128
breadcrumbs_best,candidate,general,uncensored_only,19,mmd_rbf,0.012109488248825073,128
breadcrumbs_best,candidate,general,uncensored_only,19,projected_js,0.06725018611177802,128
breadcrumbs_best,candidate,general,uncensored_only,20,mmd_rbf,0.011834681034088135,128
breadcrumbs_best,candidate,general,uncensored_only,20,projected_js,0.06527079761144705,128
breadcrumbs_best,candidate,general,uncensored_only,21,mmd_rbf,0.012934977188706398,128
breadcrumbs_best,candidate,general,uncensored_only,21,projected_js,0.0702489058021456,128
breadcrumbs_best,candidate,general,uncensored_only,22,mmd_rbf,0.013559211976826191,128
breadcrumbs_best,candidate,general,uncensored_only,22,projected_js,0.06839318637503311,128
breadcrumbs_best,candidate,general,uncensored_only,23,mmd_rbf,0.012741121463477612,128
breadcrumbs_best,candidate,general,uncensored_only,23,projected_js,0.06705085246358067,128
breadcrumbs_best,candidate,general,uncensored_only,24,mmd_rbf,0.012814829126000404,128
breadcrumbs_best,candidate,general,uncensored_only,24,projected_js,0.06578821799485013,128
breadcrumbs_best,candidate,general,uncensored_only,25,mmd_rbf,0.013026708737015724,128
breadcrumbs_best,candidate,general,uncensored_only,25,projected_js,0.06623351061716676,128
breadcrumbs_best,candidate,general,uncensored_only,26,mmd_rbf,0.013139861635863781,128
breadcrumbs_best,candidate,general,uncensored_only,26,projected_js,0.06837000971427187,128
breadcrumbs_best,candidate,general,uncensored_only,27,mmd_rbf,0.013055846095085144,128
breadcrumbs_best,candidate,general,uncensored_only,27,projected_js,0.06721698312321678,128
breadcrumbs_best,candidate,general,uncensored_only,28,mmd_rbf,0.011839278042316437,128
breadcrumbs_best,candidate,general,uncensored_only,28,projected_js,0.06711194693343714,128
breadcrumbs_best,candidate,general,uncensored_only,29,mmd_rbf,0.011273421347141266,128
breadcrumbs_best,candidate,general,uncensored_only,29,projected_js,0.06076248854515143,128
breadcrumbs_best,candidate,general,uncensored_only,30,mmd_rbf,0.01114270742982626,128
breadcrumbs_best,candidate,general,uncensored_only,30,projected_js,0.06150797865120694,128
breadcrumbs_best,candidate,general,uncensored_only,31,mmd_rbf,0.010516176000237465,128
breadcrumbs_best,candidate,general,uncensored_only,31,projected_js,0.061704277992248535,128
breadcrumbs_best,candidate,general,uncensored_only,32,mmd_rbf,0.01037850882858038,128
breadcrumbs_best,candidate,general,uncensored_only,32,projected_js,0.06409505271585658,128
breadcrumbs_best,candidate,general,uncensored_only,33,mmd_rbf,0.010580821894109249,128
breadcrumbs_best,candidate,general,uncensored_only,33,projected_js,0.06064864294603467,128
breadcrumbs_best,candidate,general,uncensored_only,34,mmd_rbf,0.012294183485209942,128
breadcrumbs_best,candidate,general,uncensored_only,34,projected_js,0.06428778101690114,128
breadcrumbs_best,candidate,general,uncensored_only,35,mmd_rbf,0.06275024265050888,128
breadcrumbs_best,candidate,general,uncensored_only,35,projected_js,0.1040893152821809,128
breadcrumbs_best,candidate,instruction,base,0,mmd_rbf,0.004872265737503767,128
breadcrumbs_best,candidate,instruction,base,0,projected_js,0.04979863506741822,128
breadcrumbs_best,candidate,instruction,base,1,mmd_rbf,0.007945355959236622,128
breadcrumbs_best,candidate,instruction,base,1,projected_js,0.056171772710513324,128
breadcrumbs_best,candidate,instruction,base,2,mmd_rbf,0.011111527681350708,128
breadcrumbs_best,candidate,instruction,base,2,projected_js,0.061959918442880735,128
breadcrumbs_best,candidate,instruction,base,3,mmd_rbf,0.01508003193885088,128
breadcrumbs_best,candidate,instruction,base,3,projected_js,0.0715747227659449,128
breadcrumbs_best,candidate,instruction,base,4,mmd_rbf,0.013931474648416042,128
breadcrumbs_best,candidate,instruction,base,4,projected_js,0.07003623197670095,128
breadcrumbs_best,candidate,instruction,base,5,mmd_rbf,0.014071280136704445,128
breadcrumbs_best,candidate,instruction,base,5,projected_js,0.06238315993687138,128
breadcrumbs_best,candidate,instruction,base,6,mmd_rbf,0.011866167187690735,128
breadcrumbs_best,candidate,instruction,base,6,projected_js,0.06445827515562996,128
breadcrumbs_best,candidate,instruction,base,7,mmd_rbf,0.011184087023139,128
breadcrumbs_best,candidate,instruction,base,7,projected_js,0.066670726693701,128
breadcrumbs_best,candidate,instruction,base,8,mmd_rbf,0.010269343852996826,128
breadcrumbs_best,candidate,instruction,base,8,projected_js,0.06694400392007083,128
breadcrumbs_best,candidate,instruction,base,9,mmd_rbf,0.011169795878231525,128
breadcrumbs_best,candidate,instruction,base,9,projected_js,0.06480193237075582,128
breadcrumbs_best,candidate,instruction,base,10,mmd_rbf,0.011903355829417706,128
breadcrumbs_best,candidate,instruction,base,10,projected_js,0.06803980597760528,128
breadcrumbs_best,candidate,instruction,base,11,mmd_rbf,0.011589369736611843,128
breadcrumbs_best,candidate,instruction,base,11,projected_js,0.0688684094347991,128
breadcrumbs_best,candidate,instruction,base,12,mmd_rbf,0.011461871676146984,128
breadcrumbs_best,candidate,instruction,base,12,projected_js,0.07203177362680435,128
breadcrumbs_best,candidate,instruction,base,13,mmd_rbf,0.012188388966023922,128
breadcrumbs_best,candidate,instruction,base,13,projected_js,0.06682080699829385,128
breadcrumbs_best,candidate,instruction,base,14,mmd_rbf,0.012394546531140804,128
breadcrumbs_best,candidate,instruction,base,14,projected_js,0.06943800218869,128
breadcrumbs_best,candidate,instruction,base,15,mmd_rbf,0.013170406222343445,128
breadcrumbs_best,candidate,instruction,base,15,projected_js,0.07243083126377314,128
breadcrumbs_best,candidate,instruction,base,16,mmd_rbf,0.013981369324028492,128
breadcrumbs_best,candidate,instruction,base,16,projected_js,0.06457165870233439,128
breadcrumbs_best,candidate,instruction,base,17,mmd_rbf,0.014034337364137173,128
breadcrumbs_best,candidate,instruction,base,17,projected_js,0.06899284542305395,128
breadcrumbs_best,candidate,instruction,base,18,mmd_rbf,0.015182852745056152,128
breadcrumbs_best,candidate,instruction,base,18,projected_js,0.07390632899478078,128
breadcrumbs_best,candidate,instruction,base,19,mmd_rbf,0.0169892106205225,128
breadcrumbs_best,candidate,instruction,base,19,projected_js,0.07453032984631136,128
breadcrumbs_best,candidate,instruction,base,20,mmd_rbf,0.017162827774882317,128
breadcrumbs_best,candidate,instruction,base,20,projected_js,0.07401288711116649,128
breadcrumbs_best,candidate,instruction,base,21,mmd_rbf,0.01797093078494072,128
breadcrumbs_best,candidate,instruction,base,21,projected_js,0.07689340115757659,128
breadcrumbs_best,candidate,instruction,base,22,mmd_rbf,0.017607929185032845,128
breadcrumbs_best,candidate,instruction,base,22,projected_js,0.07280678173992783,128
breadcrumbs_best,candidate,instruction,base,23,mmd_rbf,0.016439473256468773,128
breadcrumbs_best,candidate,instruction,base,23,projected_js,0.07329182338435203,128
breadcrumbs_best,candidate,instruction,base,24,mmd_rbf,0.015558892861008644,128
breadcrumbs_best,candidate,instruction,base,24,projected_js,0.07418971793958917,128
breadcrumbs_best,candidate,instruction,base,25,mmd_rbf,0.014645825140178204,128
breadcrumbs_best,candidate,instruction,base,25,projected_js,0.07364649558439851,128
breadcrumbs_best,candidate,instruction,base,26,mmd_rbf,0.014269337058067322,128
breadcrumbs_best,candidate,instruction,base,26,projected_js,0.07062078482704237,128
breadcrumbs_best,candidate,instruction,base,27,mmd_rbf,0.013823739252984524,128
breadcrumbs_best,candidate,instruction,base,27,projected_js,0.06937511125579476,128
breadcrumbs_best,candidate,instruction,base,28,mmd_rbf,0.0127838971093297,128
breadcrumbs_best,candidate,instruction,base,28,projected_js,0.06927057800930925,128
breadcrumbs_best,candidate,instruction,base,29,mmd_rbf,0.012116793543100357,128
breadcrumbs_best,candidate,instruction,base,29,projected_js,0.06549788982374594,128
breadcrumbs_best,candidate,instruction,base,30,mmd_rbf,0.011786351911723614,128
breadcrumbs_best,candidate,instruction,base,30,projected_js,0.07036811858415604,128
breadcrumbs_best,candidate,instruction,base,31,mmd_rbf,0.01142644602805376,128
breadcrumbs_best,candidate,instruction,base,31,projected_js,0.0695294407196343,128
breadcrumbs_best,candidate,instruction,base,32,mmd_rbf,0.011729310266673565,128
breadcrumbs_best,candidate,instruction,base,32,projected_js,0.06873422191711143,128
breadcrumbs_best,candidate,instruction,base,33,mmd_rbf,0.012045769020915031,128
breadcrumbs_best,candidate,instruction,base,33,projected_js,0.0722337092156522,128
breadcrumbs_best,candidate,instruction,base,34,mmd_rbf,0.01706911437213421,128
breadcrumbs_best,candidate,instruction,base,34,projected_js,0.07617114135064185,128
breadcrumbs_best,candidate,instruction,base,35,mmd_rbf,0.04835323616862297,128
breadcrumbs_best,candidate,instruction,base,35,projected_js,0.10592714621452615,128
breadcrumbs_best,candidate,instruction,instr_only,0,mmd_rbf,0.0024415075313299894,128
breadcrumbs_best,candidate,instruction,instr_only,0,projected_js,0.035284955374663696,128
breadcrumbs_best,candidate,instruction,instr_only,1,mmd_rbf,0.003673546016216278,128
breadcrumbs_best,candidate,instruction,instr_only,1,projected_js,0.03993775972048752,128
breadcrumbs_best,candidate,instruction,instr_only,2,mmd_rbf,0.004844676237553358,128
breadcrumbs_best,candidate,instruction,instr_only,2,projected_js,0.04431687231408432,128
breadcrumbs_best,candidate,instruction,instr_only,3,mmd_rbf,0.005266319960355759,128
breadcrumbs_best,candidate,instruction,instr_only,3,projected_js,0.047476875566644594,128
breadcrumbs_best,candidate,instruction,instr_only,4,mmd_rbf,0.005471955519169569,128
breadcrumbs_best,candidate,instruction,instr_only,4,projected_js,0.04801100728218444,128
breadcrumbs_best,candidate,instruction,instr_only,5,mmd_rbf,0.0060391598381102085,128
breadcrumbs_best,candidate,instruction,instr_only,5,projected_js,0.049057373631512746,128
breadcrumbs_best,candidate,instruction,instr_only,6,mmd_rbf,0.004399375524371862,128
breadcrumbs_best,candidate,instruction,instr_only,6,projected_js,0.04983429753337987,128
breadcrumbs_best,candidate,instruction,instr_only,7,mmd_rbf,0.003925598692148924,128
breadcrumbs_best,candidate,instruction,instr_only,7,projected_js,0.053851922537432984,128
breadcrumbs_best,candidate,instruction,instr_only,8,mmd_rbf,0.0031518281903117895,128
breadcrumbs_best,candidate,instruction,instr_only,8,projected_js,0.04974095750367269,128
breadcrumbs_best,candidate,instruction,instr_only,9,mmd_rbf,0.003222129540517926,128
breadcrumbs_best,candidate,instruction,instr_only,9,projected_js,0.052043004863662645,128
breadcrumbs_best,candidate,instruction,instr_only,10,mmd_rbf,0.0032702763564884663,128
breadcrumbs_best,candidate,instruction,instr_only,10,projected_js,0.052789491615840234,128
breadcrumbs_best,candidate,instruction,instr_only,11,mmd_rbf,0.0029549875762313604,128
breadcrumbs_best,candidate,instruction,instr_only,11,projected_js,0.057439831900410354,128
breadcrumbs_best,candidate,instruction,instr_only,12,mmd_rbf,0.002953357296064496,128
breadcrumbs_best,candidate,instruction,instr_only,12,projected_js,0.05435949974344112,128
breadcrumbs_best,candidate,instruction,instr_only,13,mmd_rbf,0.0031006098724901676,128
breadcrumbs_best,candidate,instruction,instr_only,13,projected_js,0.055072886316338554,128
breadcrumbs_best,candidate,instruction,instr_only,14,mmd_rbf,0.0029971953481435776,128
breadcrumbs_best,candidate,instruction,instr_only,14,projected_js,0.05576761701377109,128
breadcrumbs_best,candidate,instruction,instr_only,15,mmd_rbf,0.003094896674156189,128
breadcrumbs_best,candidate,instruction,instr_only,15,projected_js,0.058010068751173094,128
breadcrumbs_best,candidate,instruction,instr_only,16,mmd_rbf,0.003263705177232623,128
breadcrumbs_best,candidate,instruction,instr_only,16,projected_js,0.057519619760569185,128
breadcrumbs_best,candidate,instruction,instr_only,17,mmd_rbf,0.003372199833393097,128
breadcrumbs_best,candidate,instruction,instr_only,17,projected_js,0.0558720959816128,128
breadcrumbs_best,candidate,instruction,instr_only,18,mmd_rbf,0.003670431673526764,128
breadcrumbs_best,candidate,instruction,instr_only,18,projected_js,0.06006430386332795,128
breadcrumbs_best,candidate,instruction,instr_only,19,mmd_rbf,0.0038804584182798862,128
breadcrumbs_best,candidate,instruction,instr_only,19,projected_js,0.05855452548712492,128
breadcrumbs_best,candidate,instruction,instr_only,20,mmd_rbf,0.004053353797644377,128
breadcrumbs_best,candidate,instruction,instr_only,20,projected_js,0.05755820882041007,128
breadcrumbs_best,candidate,instruction,instr_only,21,mmd_rbf,0.004943232052028179,128
breadcrumbs_best,candidate,instruction,instr_only,21,projected_js,0.06336402799934149,128
breadcrumbs_best,candidate,instruction,instr_only,22,mmd_rbf,0.005119791720062494,128
breadcrumbs_best,candidate,instruction,instr_only,22,projected_js,0.05787294270703569,128
breadcrumbs_best,candidate,instruction,instr_only,23,mmd_rbf,0.00518658896908164,128
breadcrumbs_best,candidate,instruction,instr_only,23,projected_js,0.06344731588615105,128
breadcrumbs_best,candidate,instruction,instr_only,24,mmd_rbf,0.005190060939639807,128
breadcrumbs_best,candidate,instruction,instr_only,24,projected_js,0.05924255368881859,128
breadcrumbs_best,candidate,instruction,instr_only,25,mmd_rbf,0.005352006759494543,128
breadcrumbs_best,candidate,instruction,instr_only,25,projected_js,0.06260875333100557,128
breadcrumbs_best,candidate,instruction,instr_only,26,mmd_rbf,0.005506694316864014,128
breadcrumbs_best,candidate,instruction,instr_only,26,projected_js,0.06501016620313749,128
breadcrumbs_best,candidate,instruction,instr_only,27,mmd_rbf,0.005624677985906601,128
breadcrumbs_best,candidate,instruction,instr_only,27,projected_js,0.06330327485920861,128
breadcrumbs_best,candidate,instruction,instr_only,28,mmd_rbf,0.005356088746339083,128
breadcrumbs_best,candidate,instruction,instr_only,28,projected_js,0.06110461609205231,128
breadcrumbs_best,candidate,instruction,instr_only,29,mmd_rbf,0.005101013462990522,128
breadcrumbs_best,candidate,instruction,instr_only,29,projected_js,0.05904741873382591,128
breadcrumbs_best,candidate,instruction,instr_only,30,mmd_rbf,0.005070280283689499,128
breadcrumbs_best,candidate,instruction,instr_only,30,projected_js,0.06176177453016862,128
breadcrumbs_best,candidate,instruction,instr_only,31,mmd_rbf,0.004988288041204214,128
breadcrumbs_best,candidate,instruction,instr_only,31,projected_js,0.06110041181091219,128
breadcrumbs_best,candidate,instruction,instr_only,32,mmd_rbf,0.005117811728268862,128
breadcrumbs_best,candidate,instruction,instr_only,32,projected_js,0.05863915619556792,128
breadcrumbs_best,candidate,instruction,instr_only,33,mmd_rbf,0.005458076484501362,128
breadcrumbs_best,candidate,instruction,instr_only,33,projected_js,0.060798097925726324,128
breadcrumbs_best,candidate,instruction,instr_only,34,mmd_rbf,0.007862296886742115,128
breadcrumbs_best,candidate,instruction,instr_only,34,projected_js,0.06469659935100935,128
breadcrumbs_best,candidate,instruction,instr_only,35,mmd_rbf,0.044176358729600906,128
breadcrumbs_best,candidate,instruction,instr_only,35,projected_js,0.10358085652114823,128
breadcrumbs_best,candidate,instruction,reasoning_only,0,mmd_rbf,0.00569884805008769,128
breadcrumbs_best,candidate,instruction,reasoning_only,0,projected_js,0.05548358225496486,128
breadcrumbs_best,candidate,instruction,reasoning_only,1,mmd_rbf,0.009607073850929737,128
breadcrumbs_best,candidate,instruction,reasoning_only,1,projected_js,0.05480939941480756,128
breadcrumbs_best,candidate,instruction,reasoning_only,2,mmd_rbf,0.016086455434560776,128
breadcrumbs_best,candidate,instruction,reasoning_only,2,projected_js,0.06716217374196276,128
breadcrumbs_best,candidate,instruction,reasoning_only,3,mmd_rbf,0.017890775576233864,128
breadcrumbs_best,candidate,instruction,reasoning_only,3,projected_js,0.07026361033786088,128
breadcrumbs_best,candidate,instruction,reasoning_only,4,mmd_rbf,0.019521884620189667,128
breadcrumbs_best,candidate,instruction,reasoning_only,4,projected_js,0.07353277946822345,128
breadcrumbs_best,candidate,instruction,reasoning_only,5,mmd_rbf,0.0216843131929636,128
breadcrumbs_best,candidate,instruction,reasoning_only,5,projected_js,0.07562320955912583,128
breadcrumbs_best,candidate,instruction,reasoning_only,6,mmd_rbf,0.016670117154717445,128
breadcrumbs_best,candidate,instruction,reasoning_only,6,projected_js,0.07269776094472036,128
breadcrumbs_best,candidate,instruction,reasoning_only,7,mmd_rbf,0.0163597222417593,128
breadcrumbs_best,candidate,instruction,reasoning_only,7,projected_js,0.07618644612375647,128
breadcrumbs_best,candidate,instruction,reasoning_only,8,mmd_rbf,0.012757454998791218,128
breadcrumbs_best,candidate,instruction,reasoning_only,8,projected_js,0.07000815932406113,128
breadcrumbs_best,candidate,instruction,reasoning_only,9,mmd_rbf,0.012461301870644093,128
breadcrumbs_best,candidate,instruction,reasoning_only,9,projected_js,0.07024508091853932,128
breadcrumbs_best,candidate,instruction,reasoning_only,10,mmd_rbf,0.01409418135881424,128
breadcrumbs_best,candidate,instruction,reasoning_only,10,projected_js,0.07041853875853121,128
breadcrumbs_best,candidate,instruction,reasoning_only,11,mmd_rbf,0.013564417138695717,128
breadcrumbs_best,candidate,instruction,reasoning_only,11,projected_js,0.07323140910011716,128
breadcrumbs_best,candidate,instruction,reasoning_only,12,mmd_rbf,0.014396334066987038,128
breadcrumbs_best,candidate,instruction,reasoning_only,12,projected_js,0.0756585686467588,128
breadcrumbs_best,candidate,instruction,reasoning_only,13,mmd_rbf,0.015332785435020924,128
breadcrumbs_best,candidate,instruction,reasoning_only,13,projected_js,0.074792129045818,128
breadcrumbs_best,candidate,instruction,reasoning_only,14,mmd_rbf,0.01520017720758915,128
breadcrumbs_best,candidate,instruction,reasoning_only,14,projected_js,0.07363900513155386,128
breadcrumbs_best,candidate,instruction,reasoning_only,15,mmd_rbf,0.016279203817248344,128
breadcrumbs_best,candidate,instruction,reasoning_only,15,projected_js,0.07220141444122419,128
breadcrumbs_best,candidate,instruction,reasoning_only,16,mmd_rbf,0.016499439254403114,128
breadcrumbs_best,candidate,instruction,reasoning_only,16,projected_js,0.07189971121260896,128
breadcrumbs_best,candidate,instruction,reasoning_only,17,mmd_rbf,0.0165864210575819,128
breadcrumbs_best,candidate,instruction,reasoning_only,17,projected_js,0.07155414106091484,128
breadcrumbs_best,candidate,instruction,reasoning_only,18,mmd_rbf,0.01877867616713047,128
breadcrumbs_best,candidate,instruction,reasoning_only,18,projected_js,0.07159922781283967,128
breadcrumbs_best,candidate,instruction,reasoning_only,19,mmd_rbf,0.019571760669350624,128
breadcrumbs_best,candidate,instruction,reasoning_only,19,projected_js,0.07651156676001847,128
breadcrumbs_best,candidate,instruction,reasoning_only,20,mmd_rbf,0.019581517204642296,128
breadcrumbs_best,candidate,instruction,reasoning_only,20,projected_js,0.07643600122537464,128
breadcrumbs_best,candidate,instruction,reasoning_only,21,mmd_rbf,0.02009543403983116,128
breadcrumbs_best,candidate,instruction,reasoning_only,21,projected_js,0.07783813227433711,128
breadcrumbs_best,candidate,instruction,reasoning_only,22,mmd_rbf,0.019214175641536713,128
breadcrumbs_best,candidate,instruction,reasoning_only,22,projected_js,0.08074188261525705,128
breadcrumbs_best,candidate,instruction,reasoning_only,23,mmd_rbf,0.016680696979165077,128
breadcrumbs_best,candidate,instruction,reasoning_only,23,projected_js,0.0771504211879801,128
breadcrumbs_best,candidate,instruction,reasoning_only,24,mmd_rbf,0.017674671486020088,128
breadcrumbs_best,candidate,instruction,reasoning_only,24,projected_js,0.07488665508572012,128
breadcrumbs_best,candidate,instruction,reasoning_only,25,mmd_rbf,0.017097273841500282,128
breadcrumbs_best,candidate,instruction,reasoning_only,25,projected_js,0.07678128656698391,128
breadcrumbs_best,candidate,instruction,reasoning_only,26,mmd_rbf,0.017967691645026207,128
breadcrumbs_best,candidate,instruction,reasoning_only,26,projected_js,0.07490846252767369,128
breadcrumbs_best,candidate,instruction,reasoning_only,27,mmd_rbf,0.01775413192808628,128
breadcrumbs_best,candidate,instruction,reasoning_only,27,projected_js,0.07675529090920463,128
breadcrumbs_best,candidate,instruction,reasoning_only,28,mmd_rbf,0.018239688128232956,128
breadcrumbs_best,candidate,instruction,reasoning_only,28,projected_js,0.07765413785818964,128
breadcrumbs_best,candidate,instruction,reasoning_only,29,mmd_rbf,0.017853692173957825,128
breadcrumbs_best,candidate,instruction,reasoning_only,29,projected_js,0.07372402859618887,128
breadcrumbs_best,candidate,instruction,reasoning_only,30,mmd_rbf,0.018617233261466026,128
breadcrumbs_best,candidate,instruction,reasoning_only,30,projected_js,0.07974871719488874,128
breadcrumbs_best,candidate,instruction,reasoning_only,31,mmd_rbf,0.018591037020087242,128
breadcrumbs_best,candidate,instruction,reasoning_only,31,projected_js,0.07423989725066349,128
breadcrumbs_best,candidate,instruction,reasoning_only,32,mmd_rbf,0.01813008263707161,128
breadcrumbs_best,candidate,instruction,reasoning_only,32,projected_js,0.07320815342245623,128
breadcrumbs_best,candidate,instruction,reasoning_only,33,mmd_rbf,0.016735324636101723,128
breadcrumbs_best,candidate,instruction,reasoning_only,33,projected_js,0.07440584764117375,128
breadcrumbs_best,candidate,instruction,reasoning_only,34,mmd_rbf,0.016432244330644608,128
breadcrumbs_best,candidate,instruction,reasoning_only,34,projected_js,0.0733978723292239,128
breadcrumbs_best,candidate,instruction,reasoning_only,35,mmd_rbf,0.018390819430351257,128
breadcrumbs_best,candidate,instruction,reasoning_only,35,projected_js,0.06721641539479606,128
breadcrumbs_best,candidate,instruction,uncensored_only,0,mmd_rbf,0.006428176071494818,128
breadcrumbs_best,candidate,instruction,uncensored_only,0,projected_js,0.051112667220877483,128
breadcrumbs_best,candidate,instruction,uncensored_only,1,mmd_rbf,0.13614152371883392,128
breadcrumbs_best,candidate,instruction,uncensored_only,1,projected_js,0.16222432465292513,128
breadcrumbs_best,candidate,instruction,uncensored_only,2,mmd_rbf,0.1207786425948143,128
breadcrumbs_best,candidate,instruction,uncensored_only,2,projected_js,0.14183915173634887,128
breadcrumbs_best,candidate,instruction,uncensored_only,3,mmd_rbf,0.09048496931791306,128
breadcrumbs_best,candidate,instruction,uncensored_only,3,projected_js,0.1193977048387751,128
breadcrumbs_best,candidate,instruction,uncensored_only,4,mmd_rbf,0.06661802530288696,128
breadcrumbs_best,candidate,instruction,uncensored_only,4,projected_js,0.11467291042208672,128
breadcrumbs_best,candidate,instruction,uncensored_only,5,mmd_rbf,0.04981803148984909,128
breadcrumbs_best,candidate,instruction,uncensored_only,5,projected_js,0.09772410133155063,128
breadcrumbs_best,candidate,instruction,uncensored_only,6,mmd_rbf,0.029659057036042213,128
breadcrumbs_best,candidate,instruction,uncensored_only,6,projected_js,0.08625206904252991,128
breadcrumbs_best,candidate,instruction,uncensored_only,7,mmd_rbf,0.023470161482691765,128
breadcrumbs_best,candidate,instruction,uncensored_only,7,projected_js,0.08021391584770754,128
breadcrumbs_best,candidate,instruction,uncensored_only,8,mmd_rbf,0.016110748052597046,128
breadcrumbs_best,candidate,instruction,uncensored_only,8,projected_js,0.07376630691578612,128
breadcrumbs_best,candidate,instruction,uncensored_only,9,mmd_rbf,0.013291904702782631,128
breadcrumbs_best,candidate,instruction,uncensored_only,9,projected_js,0.0663040102517698,128
breadcrumbs_best,candidate,instruction,uncensored_only,10,mmd_rbf,0.01208925899118185,128
breadcrumbs_best,candidate,instruction,uncensored_only,10,projected_js,0.06981930186157115,128
breadcrumbs_best,candidate,instruction,uncensored_only,11,mmd_rbf,0.009992643259465694,128
breadcrumbs_best,candidate,instruction,uncensored_only,11,projected_js,0.06811416114214808,128
breadcrumbs_best,candidate,instruction,uncensored_only,12,mmd_rbf,0.00982989463955164,128
breadcrumbs_best,candidate,instruction,uncensored_only,12,projected_js,0.06668475060723722,128
breadcrumbs_best,candidate,instruction,uncensored_only,13,mmd_rbf,0.009949295781552792,128
breadcrumbs_best,candidate,instruction,uncensored_only,13,projected_js,0.06559609886608087,128
breadcrumbs_best,candidate,instruction,uncensored_only,14,mmd_rbf,0.010913143865764141,128
breadcrumbs_best,candidate,instruction,uncensored_only,14,projected_js,0.0667773884779308,128
breadcrumbs_best,candidate,instruction,uncensored_only,15,mmd_rbf,0.01294177956879139,128
breadcrumbs_best,candidate,instruction,uncensored_only,15,projected_js,0.07197756104869768,128
breadcrumbs_best,candidate,instruction,uncensored_only,16,mmd_rbf,0.013736081309616566,128
breadcrumbs_best,candidate,instruction,uncensored_only,16,projected_js,0.07188672345364466,128
breadcrumbs_best,candidate,instruction,uncensored_only,17,mmd_rbf,0.013149857521057129,128
breadcrumbs_best,candidate,instruction,uncensored_only,17,projected_js,0.06679325021104887,128
breadcrumbs_best,candidate,instruction,uncensored_only,18,mmd_rbf,0.013448583893477917,128
breadcrumbs_best,candidate,instruction,uncensored_only,18,projected_js,0.07114998379256576,128
breadcrumbs_best,candidate,instruction,uncensored_only,19,mmd_rbf,0.013107344508171082,128
breadcrumbs_best,candidate,instruction,uncensored_only,19,projected_js,0.07446990191238001,128
breadcrumbs_best,candidate,instruction,uncensored_only,20,mmd_rbf,0.013617041520774364,128
breadcrumbs_best,candidate,instruction,uncensored_only,20,projected_js,0.0744583859341219,128
breadcrumbs_best,candidate,instruction,uncensored_only,21,mmd_rbf,0.015004565007984638,128
breadcrumbs_best,candidate,instruction,uncensored_only,21,projected_js,0.07494007179047912,128
breadcrumbs_best,candidate,instruction,uncensored_only,22,mmd_rbf,0.016428126022219658,128
breadcrumbs_best,candidate,instruction,uncensored_only,22,projected_js,0.07183953374624252,128
breadcrumbs_best,candidate,instruction,uncensored_only,23,mmd_rbf,0.01662256382405758,128
breadcrumbs_best,candidate,instruction,uncensored_only,23,projected_js,0.07254826978896745,128
breadcrumbs_best,candidate,instruction,uncensored_only,24,mmd_rbf,0.017698859795928,128
breadcrumbs_best,candidate,instruction,uncensored_only,24,projected_js,0.0749318886664696,128
breadcrumbs_best,candidate,instruction,uncensored_only,25,mmd_rbf,0.018282590433955193,128
breadcrumbs_best,candidate,instruction,uncensored_only,25,projected_js,0.07803181966301054,128
breadcrumbs_best,candidate,instruction,uncensored_only,26,mmd_rbf,0.01841951347887516,128
breadcrumbs_best,candidate,instruction,uncensored_only,26,projected_js,0.07897833298193291,128
breadcrumbs_best,candidate,instruction,uncensored_only,27,mmd_rbf,0.01824314147233963,128
breadcrumbs_best,candidate,instruction,uncensored_only,27,projected_js,0.07664764736546203,128
breadcrumbs_best,candidate,instruction,uncensored_only,28,mmd_rbf,0.0162307471036911,128
breadcrumbs_best,candidate,instruction,uncensored_only,28,projected_js,0.07541794935241342,128
breadcrumbs_best,candidate,instruction,uncensored_only,29,mmd_rbf,0.015283802524209023,128
breadcrumbs_best,candidate,instruction,uncensored_only,29,projected_js,0.07529974594945088,128
breadcrumbs_best,candidate,instruction,uncensored_only,30,mmd_rbf,0.015200229361653328,128
breadcrumbs_best,candidate,instruction,uncensored_only,30,projected_js,0.07055197807494551,128
breadcrumbs_best,candidate,instruction,uncensored_only,31,mmd_rbf,0.014571460895240307,128
breadcrumbs_best,candidate,instruction,uncensored_only,31,projected_js,0.06957598443841562,128
breadcrumbs_best,candidate,instruction,uncensored_only,32,mmd_rbf,0.014404783956706524,128
breadcrumbs_best,candidate,instruction,uncensored_only,32,projected_js,0.06797050451859832,128
breadcrumbs_best,candidate,instruction,uncensored_only,33,mmd_rbf,0.014393031597137451,128
breadcrumbs_best,candidate,instruction,uncensored_only,33,projected_js,0.07180669344961643,128
breadcrumbs_best,candidate,instruction,uncensored_only,34,mmd_rbf,0.01637265458703041,128
breadcrumbs_best,candidate,instruction,uncensored_only,34,projected_js,0.077934137894772,128
breadcrumbs_best,candidate,instruction,uncensored_only,35,mmd_rbf,0.05297781154513359,128
breadcrumbs_best,candidate,instruction,uncensored_only,35,projected_js,0.10379730717977509,128
breadcrumbs_best,candidate,reasoning,base,0,mmd_rbf,0.0030275091994553804,128
breadcrumbs_best,candidate,reasoning,base,0,projected_js,0.045515002275351435,128
breadcrumbs_best,candidate,reasoning,base,1,mmd_rbf,0.005829195026308298,128
breadcrumbs_best,candidate,reasoning,base,1,projected_js,0.048903602990321815,128
breadcrumbs_best,candidate,reasoning,base,2,mmd_rbf,0.00809803418815136,128
breadcrumbs_best,candidate,reasoning,base,2,projected_js,0.05556769380928017,128
breadcrumbs_best,candidate,reasoning,base,3,mmd_rbf,0.009789583273231983,128
breadcrumbs_best,candidate,reasoning,base,3,projected_js,0.06217188105802052,128
breadcrumbs_best,candidate,reasoning,base,4,mmd_rbf,0.00998589675873518,128
breadcrumbs_best,candidate,reasoning,base,4,projected_js,0.05849006416974589,128
breadcrumbs_best,candidate,reasoning,base,5,mmd_rbf,0.0087439538910985,128
breadcrumbs_best,candidate,reasoning,base,5,projected_js,0.05690907669486478,128
breadcrumbs_best,candidate,reasoning,base,6,mmd_rbf,0.006808555219322443,128
breadcrumbs_best,candidate,reasoning,base,6,projected_js,0.05495392787270248,128
breadcrumbs_best,candidate,reasoning,base,7,mmd_rbf,0.006454645190387964,128
breadcrumbs_best,candidate,reasoning,base,7,projected_js,0.0617737325374037,128
breadcrumbs_best,candidate,reasoning,base,8,mmd_rbf,0.0058999559842050076,128
breadcrumbs_best,candidate,reasoning,base,8,projected_js,0.06015792750986293,128
breadcrumbs_best,candidate,reasoning,base,9,mmd_rbf,0.0063069346360862255,128
breadcrumbs_best,candidate,reasoning,base,9,projected_js,0.05851285351673141,128
breadcrumbs_best,candidate,reasoning,base,10,mmd_rbf,0.006633266806602478,128
breadcrumbs_best,candidate,reasoning,base,10,projected_js,0.05659057490993291,128
breadcrumbs_best,candidate,reasoning,base,11,mmd_rbf,0.006223644595593214,128
breadcrumbs_best,candidate,reasoning,base,11,projected_js,0.058320292038843036,128
breadcrumbs_best,candidate,reasoning,base,12,mmd_rbf,0.006483737379312515,128
breadcrumbs_best,candidate,reasoning,base,12,projected_js,0.05737906164722517,128
breadcrumbs_best,candidate,reasoning,base,13,mmd_rbf,0.006603031884878874,128
breadcrumbs_best,candidate,reasoning,base,13,projected_js,0.06178922008257359,128
breadcrumbs_best,candidate,reasoning,base,14,mmd_rbf,0.006624944508075714,128
breadcrumbs_best,candidate,reasoning,base,14,projected_js,0.059471110231243074,128
breadcrumbs_best,candidate,reasoning,base,15,mmd_rbf,0.006953885313123465,128
breadcrumbs_best,candidate,reasoning,base,15,projected_js,0.060945730248931795,128
breadcrumbs_best,candidate,reasoning,base,16,mmd_rbf,0.007580370642244816,128
breadcrumbs_best,candidate,reasoning,base,16,projected_js,0.05989809101447463,128
breadcrumbs_best,candidate,reasoning,base,17,mmd_rbf,0.00744633236899972,128
breadcrumbs_best,candidate,reasoning,base,17,projected_js,0.061984839965589345,128
breadcrumbs_best,candidate,reasoning,base,18,mmd_rbf,0.007766443770378828,128
breadcrumbs_best,candidate,reasoning,base,18,projected_js,0.06195641966769472,128
breadcrumbs_best,candidate,reasoning,base,19,mmd_rbf,0.008043152280151844,128
breadcrumbs_best,candidate,reasoning,base,19,projected_js,0.06320426287129521,128
breadcrumbs_best,candidate,reasoning,base,20,mmd_rbf,0.007839065976440907,128
breadcrumbs_best,candidate,reasoning,base,20,projected_js,0.059932315489277244,128
breadcrumbs_best,candidate,reasoning,base,21,mmd_rbf,0.007877497002482414,128
breadcrumbs_best,candidate,reasoning,base,21,projected_js,0.06338614807464182,128
breadcrumbs_best,candidate,reasoning,base,22,mmd_rbf,0.007523280568420887,128
breadcrumbs_best,candidate,reasoning,base,22,projected_js,0.061233894841279835,128
breadcrumbs_best,candidate,reasoning,base,23,mmd_rbf,0.007481209933757782,128
breadcrumbs_best,candidate,reasoning,base,23,projected_js,0.059025841823313385,128
breadcrumbs_best,candidate,reasoning,base,24,mmd_rbf,0.007053449749946594,128
breadcrumbs_best,candidate,reasoning,base,24,projected_js,0.058307011175202206,128
breadcrumbs_best,candidate,reasoning,base,25,mmd_rbf,0.006794694811105728,128
breadcrumbs_best,candidate,reasoning,base,25,projected_js,0.059877403458813205,128
breadcrumbs_best,candidate,reasoning,base,26,mmd_rbf,0.0068024867214262486,128
breadcrumbs_best,candidate,reasoning,base,26,projected_js,0.05972676578676328,128
breadcrumbs_best,candidate,reasoning,base,27,mmd_rbf,0.006901690270751715,128
breadcrumbs_best,candidate,reasoning,base,27,projected_js,0.0653807884955313,128
breadcrumbs_best,candidate,reasoning,base,28,mmd_rbf,0.006961293518543243,128
breadcrumbs_best,candidate,reasoning,base,28,projected_js,0.06169134806259535,128
breadcrumbs_best,candidate,reasoning,base,29,mmd_rbf,0.007152772042900324,128
breadcrumbs_best,candidate,reasoning,base,29,projected_js,0.0622323602437973,128
breadcrumbs_best,candidate,reasoning,base,30,mmd_rbf,0.007209794130176306,128
breadcrumbs_best,candidate,reasoning,base,30,projected_js,0.058905715588480234,128
breadcrumbs_best,candidate,reasoning,base,31,mmd_rbf,0.007272659335285425,128
breadcrumbs_best,candidate,reasoning,base,31,projected_js,0.06222307914867997,128
breadcrumbs_best,candidate,reasoning,base,32,mmd_rbf,0.007682900410145521,128
breadcrumbs_best,candidate,reasoning,base,32,projected_js,0.05968620826024562,128
breadcrumbs_best,candidate,reasoning,base,33,mmd_rbf,0.007728905882686377,128
breadcrumbs_best,candidate,reasoning,base,33,projected_js,0.061445959261618555,128
breadcrumbs_best,candidate,reasoning,base,34,mmd_rbf,0.009902508929371834,128
breadcrumbs_best,candidate,reasoning,base,34,projected_js,0.06752126209903508,128
breadcrumbs_best,candidate,reasoning,base,35,mmd_rbf,0.03135932609438896,128
breadcrumbs_best,candidate,reasoning,base,35,projected_js,0.07723248651018366,128
breadcrumbs_best,candidate,reasoning,instr_only,0,mmd_rbf,0.0014221608871594071,128
breadcrumbs_best,candidate,reasoning,instr_only,0,projected_js,0.03363274763978552,128
breadcrumbs_best,candidate,reasoning,instr_only,1,mmd_rbf,0.0022078752517700195,128
breadcrumbs_best,candidate,reasoning,instr_only,1,projected_js,0.03653425611264538,128
breadcrumbs_best,candidate,reasoning,instr_only,2,mmd_rbf,0.003059586975723505,128
breadcrumbs_best,candidate,reasoning,instr_only,2,projected_js,0.041482495405944064,128
breadcrumbs_best,candidate,reasoning,instr_only,3,mmd_rbf,0.0033856474328786135,128
breadcrumbs_best,candidate,reasoning,instr_only,3,projected_js,0.04156358810723759,128
breadcrumbs_best,candidate,reasoning,instr_only,4,mmd_rbf,0.00320419087074697,128
breadcrumbs_best,candidate,reasoning,instr_only,4,projected_js,0.04257115363725461,128
breadcrumbs_best,candidate,reasoning,instr_only,5,mmd_rbf,0.003130777273327112,128
breadcrumbs_best,candidate,reasoning,instr_only,5,projected_js,0.040738589683314785,128
breadcrumbs_best,candidate,reasoning,instr_only,6,mmd_rbf,0.002368463668972254,128
breadcrumbs_best,candidate,reasoning,instr_only,6,projected_js,0.045493013836676255,128
breadcrumbs_best,candidate,reasoning,instr_only,7,mmd_rbf,0.0023457705974578857,128
breadcrumbs_best,candidate,reasoning,instr_only,7,projected_js,0.048075134807731956,128
breadcrumbs_best,candidate,reasoning,instr_only,8,mmd_rbf,0.0020790533162653446,128
breadcrumbs_best,candidate,reasoning,instr_only,8,projected_js,0.04763029023888521,128
breadcrumbs_best,candidate,reasoning,instr_only,9,mmd_rbf,0.0021634281147271395,128
breadcrumbs_best,candidate,reasoning,instr_only,9,projected_js,0.05031927608069964,128
breadcrumbs_best,candidate,reasoning,instr_only,10,mmd_rbf,0.0020683512557297945,128
breadcrumbs_best,candidate,reasoning,instr_only,10,projected_js,0.04527143988525495,128
breadcrumbs_best,candidate,reasoning,instr_only,11,mmd_rbf,0.0018402390414848924,128
breadcrumbs_best,candidate,reasoning,instr_only,11,projected_js,0.04615439451299608,128
breadcrumbs_best,candidate,reasoning,instr_only,12,mmd_rbf,0.0018879882991313934,128
breadcrumbs_best,candidate,reasoning,instr_only,12,projected_js,0.05066042600083165,128
breadcrumbs_best,candidate,reasoning,instr_only,13,mmd_rbf,0.0020541020203381777,128
breadcrumbs_best,candidate,reasoning,instr_only,13,projected_js,0.05178341976716183,128
breadcrumbs_best,candidate,reasoning,instr_only,14,mmd_rbf,0.0019200415117666125,128
breadcrumbs_best,candidate,reasoning,instr_only,14,projected_js,0.049204423470655456,128
breadcrumbs_best,candidate,reasoning,instr_only,15,mmd_rbf,0.0020213641691952944,128
breadcrumbs_best,candidate,reasoning,instr_only,15,projected_js,0.05041896823968273,128
breadcrumbs_best,candidate,reasoning,instr_only,16,mmd_rbf,0.00212707812897861,128
breadcrumbs_best,candidate,reasoning,instr_only,16,projected_js,0.05301112221786752,128
breadcrumbs_best,candidate,reasoning,instr_only,17,mmd_rbf,0.0022137791384011507,128
breadcrumbs_best,candidate,reasoning,instr_only,17,projected_js,0.05297513457480818,128
breadcrumbs_best,candidate,reasoning,instr_only,18,mmd_rbf,0.002356094541028142,128
breadcrumbs_best,candidate,reasoning,instr_only,18,projected_js,0.051709959807340056,128
breadcrumbs_best,candidate,reasoning,instr_only,19,mmd_rbf,0.0023684194311499596,128
breadcrumbs_best,candidate,reasoning,instr_only,19,projected_js,0.05140142817981541,128
breadcrumbs_best,candidate,reasoning,instr_only,20,mmd_rbf,0.0023814821615815163,128
breadcrumbs_best,candidate,reasoning,instr_only,20,projected_js,0.052598489593947306,128
breadcrumbs_best,candidate,reasoning,instr_only,21,mmd_rbf,0.0025243114214390516,128
breadcrumbs_best,candidate,reasoning,instr_only,21,projected_js,0.05407416369416751,128
breadcrumbs_best,candidate,reasoning,instr_only,22,mmd_rbf,0.0024307339917868376,128
breadcrumbs_best,candidate,reasoning,instr_only,22,projected_js,0.05270391967496835,128
breadcrumbs_best,candidate,reasoning,instr_only,23,mmd_rbf,0.0022720608394593,128
breadcrumbs_best,candidate,reasoning,instr_only,23,projected_js,0.05139285064069554,128
breadcrumbs_best,candidate,reasoning,instr_only,24,mmd_rbf,0.002237120643258095,128
breadcrumbs_best,candidate,reasoning,instr_only,24,projected_js,0.05191258547711186,128
breadcrumbs_best,candidate,reasoning,instr_only,25,mmd_rbf,0.002194709377363324,128
breadcrumbs_best,candidate,reasoning,instr_only,25,projected_js,0.049960893898969516,128
breadcrumbs_best,candidate,reasoning,instr_only,26,mmd_rbf,0.002180081559345126,128
breadcrumbs_best,candidate,reasoning,instr_only,26,projected_js,0.050718160084215924,128
breadcrumbs_best,candidate,reasoning,instr_only,27,mmd_rbf,0.0022528015542775393,128
breadcrumbs_best,candidate,reasoning,instr_only,27,projected_js,0.056643866759259254,128
breadcrumbs_best,candidate,reasoning,instr_only,28,mmd_rbf,0.0023262673057615757,128
breadcrumbs_best,candidate,reasoning,instr_only,28,projected_js,0.052104261121712625,128
breadcrumbs_best,candidate,reasoning,instr_only,29,mmd_rbf,0.0023241506423801184,128
breadcrumbs_best,candidate,reasoning,instr_only,29,projected_js,0.05446026680874638,128
breadcrumbs_best,candidate,reasoning,instr_only,30,mmd_rbf,0.0024274084717035294,128
breadcrumbs_best,candidate,reasoning,instr_only,30,projected_js,0.051113992114551365,128
breadcrumbs_best,candidate,reasoning,instr_only,31,mmd_rbf,0.002534725936129689,128
breadcrumbs_best,candidate,reasoning,instr_only,31,projected_js,0.05375856795581058,128
breadcrumbs_best,candidate,reasoning,instr_only,32,mmd_rbf,0.002743540331721306,128
breadcrumbs_best,candidate,reasoning,instr_only,32,projected_js,0.051498918124707416,128
breadcrumbs_best,candidate,reasoning,instr_only,33,mmd_rbf,0.0031160160433501005,128
breadcrumbs_best,candidate,reasoning,instr_only,33,projected_js,0.05630554477102123,128
breadcrumbs_best,candidate,reasoning,instr_only,34,mmd_rbf,0.004796453285962343,128
breadcrumbs_best,candidate,reasoning,instr_only,34,projected_js,0.05621387215796858,128
breadcrumbs_best,candidate,reasoning,instr_only,35,mmd_rbf,0.036236267536878586,128
breadcrumbs_best,candidate,reasoning,instr_only,35,projected_js,0.08548079442698509,128
breadcrumbs_best,candidate,reasoning,reasoning_only,0,mmd_rbf,0.0034411640372127295,128
breadcrumbs_best,candidate,reasoning,reasoning_only,0,projected_js,0.046088105416856706,128
breadcrumbs_best,candidate,reasoning,reasoning_only,1,mmd_rbf,0.005777694284915924,128
breadcrumbs_best,candidate,reasoning,reasoning_only,1,projected_js,0.05051429686136544,128
breadcrumbs_best,candidate,reasoning,reasoning_only,2,mmd_rbf,0.011306012980639935,128
breadcrumbs_best,candidate,reasoning,reasoning_only,2,projected_js,0.06007246352965012,128
breadcrumbs_best,candidate,reasoning,reasoning_only,3,mmd_rbf,0.013474120758473873,128
breadcrumbs_best,candidate,reasoning,reasoning_only,3,projected_js,0.0645444187684916,128
breadcrumbs_best,candidate,reasoning,reasoning_only,4,mmd_rbf,0.013177627697587013,128
breadcrumbs_best,candidate,reasoning,reasoning_only,4,projected_js,0.06187065623817034,128
breadcrumbs_best,candidate,reasoning,reasoning_only,5,mmd_rbf,0.012765574268996716,128
breadcrumbs_best,candidate,reasoning,reasoning_only,5,projected_js,0.06416393621475436,128
breadcrumbs_best,candidate,reasoning,reasoning_only,6,mmd_rbf,0.009788899682462215,128
breadcrumbs_best,candidate,reasoning,reasoning_only,6,projected_js,0.06315241719130427,128
breadcrumbs_best,candidate,reasoning,reasoning_only,7,mmd_rbf,0.010221636854112148,128
breadcrumbs_best,candidate,reasoning,reasoning_only,7,projected_js,0.06450865173246711,128
breadcrumbs_best,candidate,reasoning,reasoning_only,8,mmd_rbf,0.008840910159051418,128
breadcrumbs_best,candidate,reasoning,reasoning_only,8,projected_js,0.06297876831376925,128
breadcrumbs_best,candidate,reasoning,reasoning_only,9,mmd_rbf,0.008925065398216248,128
breadcrumbs_best,candidate,reasoning,reasoning_only,9,projected_js,0.06102599477162585,128
breadcrumbs_best,candidate,reasoning,reasoning_only,10,mmd_rbf,0.009730137884616852,128
breadcrumbs_best,candidate,reasoning,reasoning_only,10,projected_js,0.06262491300003603,128
breadcrumbs_best,candidate,reasoning,reasoning_only,11,mmd_rbf,0.009264378808438778,128
breadcrumbs_best,candidate,reasoning,reasoning_only,11,projected_js,0.05997271306114271,128
breadcrumbs_best,candidate,reasoning,reasoning_only,12,mmd_rbf,0.009421352297067642,128
breadcrumbs_best,candidate,reasoning,reasoning_only,12,projected_js,0.0637391273630783,128
breadcrumbs_best,candidate,reasoning,reasoning_only,13,mmd_rbf,0.009827598929405212,128
breadcrumbs_best,candidate,reasoning,reasoning_only,13,projected_js,0.06569334049709141,128
breadcrumbs_best,candidate,reasoning,reasoning_only,14,mmd_rbf,0.009758098050951958,128
breadcrumbs_best,candidate,reasoning,reasoning_only,14,projected_js,0.06352857657475397,128
breadcrumbs_best,candidate,reasoning,reasoning_only,15,mmd_rbf,0.010691329836845398,128
breadcrumbs_best,candidate,reasoning,reasoning_only,15,projected_js,0.06578066002111882,128
breadcrumbs_best,candidate,reasoning,reasoning_only,16,mmd_rbf,0.011021051555871964,128
breadcrumbs_best,candidate,reasoning,reasoning_only,16,projected_js,0.06511817302089185,128
breadcrumbs_best,candidate,reasoning,reasoning_only,17,mmd_rbf,0.010951196774840355,128
breadcrumbs_best,candidate,reasoning,reasoning_only,17,projected_js,0.06189770333003253,128
breadcrumbs_best,candidate,reasoning,reasoning_only,18,mmd_rbf,0.012303468771278858,128
breadcrumbs_best,candidate,reasoning,reasoning_only,18,projected_js,0.06416636309586465,128
breadcrumbs_best,candidate,reasoning,reasoning_only,19,mmd_rbf,0.011755908839404583,128
breadcrumbs_best,candidate,reasoning,reasoning_only,19,projected_js,0.06909681973047554,128
breadcrumbs_best,candidate,reasoning,reasoning_only,20,mmd_rbf,0.01137255784124136,128
breadcrumbs_best,candidate,reasoning,reasoning_only,20,projected_js,0.06970629532588646,128
breadcrumbs_best,candidate,reasoning,reasoning_only,21,mmd_rbf,0.011566312983632088,128
breadcrumbs_best,candidate,reasoning,reasoning_only,21,projected_js,0.06327893870184198,128
breadcrumbs_best,candidate,reasoning,reasoning_only,22,mmd_rbf,0.009943300858139992,128
breadcrumbs_best,candidate,reasoning,reasoning_only,22,projected_js,0.06076956811011769,128
breadcrumbs_best,candidate,reasoning,reasoning_only,23,mmd_rbf,0.008214399218559265,128
breadcrumbs_best,candidate,reasoning,reasoning_only,23,projected_js,0.06178129103500396,128
breadcrumbs_best,candidate,reasoning,reasoning_only,24,mmd_rbf,0.008009429089725018,128
breadcrumbs_best,candidate,reasoning,reasoning_only,24,projected_js,0.057947699300711975,128
breadcrumbs_best,candidate,reasoning,reasoning_only,25,mmd_rbf,0.007144186180084944,128
breadcrumbs_best,candidate,reasoning,reasoning_only,25,projected_js,0.05923919987981208,128
breadcrumbs_best,candidate,reasoning,reasoning_only,26,mmd_rbf,0.00688918074592948,128
breadcrumbs_best,candidate,reasoning,reasoning_only,26,projected_js,0.0607431490207091,128
breadcrumbs_best,candidate,reasoning,reasoning_only,27,mmd_rbf,0.006790694780647755,128
breadcrumbs_best,candidate,reasoning,reasoning_only,27,projected_js,0.05884400216746144,128
breadcrumbs_best,candidate,reasoning,reasoning_only,28,mmd_rbf,0.007121202535927296,128
breadcrumbs_best,candidate,reasoning,reasoning_only,28,projected_js,0.06108986947219819,128
breadcrumbs_best,candidate,reasoning,reasoning_only,29,mmd_rbf,0.007222107145935297,128
breadcrumbs_best,candidate,reasoning,reasoning_only,29,projected_js,0.06003385747317225,128
breadcrumbs_best,candidate,reasoning,reasoning_only,30,mmd_rbf,0.007740616798400879,128
breadcrumbs_best,candidate,reasoning,reasoning_only,30,projected_js,0.06422556849429384,128
breadcrumbs_best,candidate,reasoning,reasoning_only,31,mmd_rbf,0.00816691666841507,128
breadcrumbs_best,candidate,reasoning,reasoning_only,31,projected_js,0.0647928420221433,128
breadcrumbs_best,candidate,reasoning,reasoning_only,32,mmd_rbf,0.008166494779288769,128
breadcrumbs_best,candidate,reasoning,reasoning_only,32,projected_js,0.06272375624394044,128
breadcrumbs_best,candidate,reasoning,reasoning_only,33,mmd_rbf,0.008180627599358559,128
breadcrumbs_best,candidate,reasoning,reasoning_only,33,projected_js,0.06264068279415369,128
breadcrumbs_best,candidate,reasoning,reasoning_only,34,mmd_rbf,0.008475259877741337,128
breadcrumbs_best,candidate,reasoning,reasoning_only,34,projected_js,0.06181714165722951,128
breadcrumbs_best,candidate,reasoning,reasoning_only,35,mmd_rbf,0.02187086082994938,128
breadcrumbs_best,candidate,reasoning,reasoning_only,35,projected_js,0.068501005647704,128
breadcrumbs_best,candidate,reasoning,uncensored_only,0,mmd_rbf,0.0035186409950256348,128
breadcrumbs_best,candidate,reasoning,uncensored_only,0,projected_js,0.03996701698633842,128
breadcrumbs_best,candidate,reasoning,uncensored_only,1,mmd_rbf,0.08547704666852951,128
breadcrumbs_best,candidate,reasoning,uncensored_only,1,projected_js,0.12085238890722394,128
breadcrumbs_best,candidate,reasoning,uncensored_only,2,mmd_rbf,0.08092381805181503,128
breadcrumbs_best,candidate,reasoning,uncensored_only,2,projected_js,0.11172749887919053,128
breadcrumbs_best,candidate,reasoning,uncensored_only,3,mmd_rbf,0.06173206493258476,128
breadcrumbs_best,candidate,reasoning,uncensored_only,3,projected_js,0.0975822783075273,128
breadcrumbs_best,candidate,reasoning,uncensored_only,4,mmd_rbf,0.04179486632347107,128
breadcrumbs_best,candidate,reasoning,uncensored_only,4,projected_js,0.09207690338371322,128
breadcrumbs_best,candidate,reasoning,uncensored_only,5,mmd_rbf,0.027445122599601746,128
breadcrumbs_best,candidate,reasoning,uncensored_only,5,projected_js,0.08206796960439533,128
breadcrumbs_best,candidate,reasoning,uncensored_only,6,mmd_rbf,0.016065780073404312,128
breadcrumbs_best,candidate,reasoning,uncensored_only,6,projected_js,0.07167074177414179,128
breadcrumbs_best,candidate,reasoning,uncensored_only,7,mmd_rbf,0.013969640247523785,128
breadcrumbs_best,candidate,reasoning,uncensored_only,7,projected_js,0.06768783525330946,128
breadcrumbs_best,candidate,reasoning,uncensored_only,8,mmd_rbf,0.010767245665192604,128
breadcrumbs_best,candidate,reasoning,uncensored_only,8,projected_js,0.06343564915005118,128
breadcrumbs_best,candidate,reasoning,uncensored_only,9,mmd_rbf,0.00912302266806364,128
breadcrumbs_best,candidate,reasoning,uncensored_only,9,projected_js,0.06342876932467334,128
breadcrumbs_best,candidate,reasoning,uncensored_only,10,mmd_rbf,0.008202124387025833,128
breadcrumbs_best,candidate,reasoning,uncensored_only,10,projected_js,0.059359427948947996,128
breadcrumbs_best,candidate,reasoning,uncensored_only,11,mmd_rbf,0.006948314607143402,128
breadcrumbs_best,candidate,reasoning,uncensored_only,11,projected_js,0.060584722144994885,128
breadcrumbs_best,candidate,reasoning,uncensored_only,12,mmd_rbf,0.006865655072033405,128
breadcrumbs_best,candidate,reasoning,uncensored_only,12,projected_js,0.059282853500917554,128
breadcrumbs_best,candidate,reasoning,uncensored_only,13,mmd_rbf,0.0070045641623437405,128
breadcrumbs_best,candidate,reasoning,uncensored_only,13,projected_js,0.06287870119558647,128
breadcrumbs_best,candidate,reasoning,uncensored_only,14,mmd_rbf,0.007694527506828308,128
breadcrumbs_best,candidate,reasoning,uncensored_only,14,projected_js,0.058716398576507345,128
breadcrumbs_best,candidate,reasoning,uncensored_only,15,mmd_rbf,0.009402068331837654,128
breadcrumbs_best,candidate,reasoning,uncensored_only,15,projected_js,0.06348060525488108,128
breadcrumbs_best,candidate,reasoning,uncensored_only,16,mmd_rbf,0.010126843117177486,128
breadcrumbs_best,candidate,reasoning,uncensored_only,16,projected_js,0.0631049782386981,128
breadcrumbs_best,candidate,reasoning,uncensored_only,17,mmd_rbf,0.00971766747534275,128
breadcrumbs_best,candidate,reasoning,uncensored_only,17,projected_js,0.060345897218212485,128
breadcrumbs_best,candidate,reasoning,uncensored_only,18,mmd_rbf,0.009869557805359364,128
breadcrumbs_best,candidate,reasoning,uncensored_only,18,projected_js,0.06374399922788143,128
breadcrumbs_best,candidate,reasoning,uncensored_only,19,mmd_rbf,0.009627003222703934,128
breadcrumbs_best,candidate,reasoning,uncensored_only,19,projected_js,0.06236593920039013,128
breadcrumbs_best,candidate,reasoning,uncensored_only,20,mmd_rbf,0.009752842597663403,128
breadcrumbs_best,candidate,reasoning,uncensored_only,20,projected_js,0.06949107313994318,128
breadcrumbs_best,candidate,reasoning,uncensored_only,21,mmd_rbf,0.010511175729334354,128
breadcrumbs_best,candidate,reasoning,uncensored_only,21,projected_js,0.06329116981942207,128
breadcrumbs_best,candidate,reasoning,uncensored_only,22,mmd_rbf,0.01090129092335701,128
breadcrumbs_best,candidate,reasoning,uncensored_only,22,projected_js,0.06235746940365061,128
breadcrumbs_best,candidate,reasoning,uncensored_only,23,mmd_rbf,0.010418210178613663,128
breadcrumbs_best,candidate,reasoning,uncensored_only,23,projected_js,0.06495597164030187,128
breadcrumbs_best,candidate,reasoning,uncensored_only,24,mmd_rbf,0.01003746222704649,128
breadcrumbs_best,candidate,reasoning,uncensored_only,24,projected_js,0.06469202955486253,128
breadcrumbs_best,candidate,reasoning,uncensored_only,25,mmd_rbf,0.010046626441180706,128
breadcrumbs_best,candidate,reasoning,uncensored_only,25,projected_js,0.06749383098213002,128
breadcrumbs_best,candidate,reasoning,uncensored_only,26,mmd_rbf,0.009769567288458347,128
breadcrumbs_best,candidate,reasoning,uncensored_only,26,projected_js,0.06471112757571973,128
breadcrumbs_best,candidate,reasoning,uncensored_only,27,mmd_rbf,0.009769468568265438,128
breadcrumbs_best,candidate,reasoning,uncensored_only,27,projected_js,0.06866117950994521,128
breadcrumbs_best,candidate,reasoning,uncensored_only,28,mmd_rbf,0.009281761944293976,128
breadcrumbs_best,candidate,reasoning,uncensored_only,28,projected_js,0.06400617118924856,128
breadcrumbs_best,candidate,reasoning,uncensored_only,29,mmd_rbf,0.009252621792256832,128
breadcrumbs_best,candidate,reasoning,uncensored_only,29,projected_js,0.0633947093738243,128
breadcrumbs_best,candidate,reasoning,uncensored_only,30,mmd_rbf,0.009444770403206348,128
breadcrumbs_best,candidate,reasoning,uncensored_only,30,projected_js,0.06499965337570757,128
breadcrumbs_best,candidate,reasoning,uncensored_only,31,mmd_rbf,0.009299203753471375,128
breadcrumbs_best,candidate,reasoning,uncensored_only,31,projected_js,0.06629415025236085,128
breadcrumbs_best,candidate,reasoning,uncensored_only,32,mmd_rbf,0.009534151293337345,128
breadcrumbs_best,candidate,reasoning,uncensored_only,32,projected_js,0.06644265004433692,128
breadcrumbs_best,candidate,reasoning,uncensored_only,33,mmd_rbf,0.009930725209414959,128
breadcrumbs_best,candidate,reasoning,uncensored_only,33,projected_js,0.06492625657119788,128
breadcrumbs_best,candidate,reasoning,uncensored_only,34,mmd_rbf,0.011384904384613037,128
breadcrumbs_best,candidate,reasoning,uncensored_only,34,projected_js,0.06549319654004648,128
breadcrumbs_best,candidate,reasoning,uncensored_only,35,mmd_rbf,0.043050479143857956,128
breadcrumbs_best,candidate,reasoning,uncensored_only,35,projected_js,0.09288557735271752,128
breadcrumbs_best,candidate,uncensored_refusal_like,base,0,mmd_rbf,0.013826096430420876,128
breadcrumbs_best,candidate,uncensored_refusal_like,base,0,projected_js,0.06368804484372959,128
breadcrumbs_best,candidate,uncensored_refusal_like,base,1,mmd_rbf,0.01846151612699032,128
breadcrumbs_best,candidate,uncensored_refusal_like,base,1,projected_js,0.07278562014107592,128
breadcrumbs_best,candidate,uncensored_refusal_like,base,2,mmd_rbf,0.02429654262959957,128
breadcrumbs_best,candidate,uncensored_refusal_like,base,2,projected_js,0.07518646289827302,128
breadcrumbs_best,candidate,uncensored_refusal_like,base,3,mmd_rbf,0.0425538644194603,128
breadcrumbs_best,candidate,uncensored_refusal_like,base,3,projected_js,0.1068136592512019,128
breadcrumbs_best,candidate,uncensored_refusal_like,base,4,mmd_rbf,0.0393553227186203,128
breadcrumbs_best,candidate,uncensored_refusal_like,base,4,projected_js,0.09719539352227002,128
breadcrumbs_best,candidate,uncensored_refusal_like,base,5,mmd_rbf,0.039274852722883224,128
breadcrumbs_best,candidate,uncensored_refusal_like,base,5,projected_js,0.09047799999825656,128
breadcrumbs_best,candidate,uncensored_refusal_like,base,6,mmd_rbf,0.033560674637556076,128
breadcrumbs_best,candidate,uncensored_refusal_like,base,6,projected_js,0.08155464142328128,128
breadcrumbs_best,candidate,uncensored_refusal_like,base,7,mmd_rbf,0.030092019587755203,128
breadcrumbs_best,candidate,uncensored_refusal_like,base,7,projected_js,0.07722573669161648,128
breadcrumbs_best,candidate,uncensored_refusal_like,base,8,mmd_rbf,0.02687886916100979,128
breadcrumbs_best,candidate,uncensored_refusal_like,base,8,projected_js,0.08000573690515012,128
breadcrumbs_best,candidate,uncensored_refusal_like,base,9,mmd_rbf,0.030087023973464966,128
breadcrumbs_best,candidate,uncensored_refusal_like,base,9,projected_js,0.08103456458775327,128
breadcrumbs_best,candidate,uncensored_refusal_like,base,10,mmd_rbf,0.03151437267661095,128
breadcrumbs_best,candidate,uncensored_refusal_like,base,10,projected_js,0.08229645679239184,128
breadcrumbs_best,candidate,uncensored_refusal_like,base,11,mmd_rbf,0.033662110567092896,128
breadcrumbs_best,candidate,uncensored_refusal_like,base,11,projected_js,0.08703732508001849,128
breadcrumbs_best,candidate,uncensored_refusal_like,base,12,mmd_rbf,0.037715502083301544,128
breadcrumbs_best,candidate,uncensored_refusal_like,base,12,projected_js,0.08991959487320855,128
breadcrumbs_best,candidate,uncensored_refusal_like,base,13,mmd_rbf,0.04176642745733261,128
breadcrumbs_best,candidate,uncensored_refusal_like,base,13,projected_js,0.09566542669199407,128
breadcrumbs_best,candidate,uncensored_refusal_like,base,14,mmd_rbf,0.042447034269571304,128
breadcrumbs_best,candidate,uncensored_refusal_like,base,14,projected_js,0.08951670629903674,128
breadcrumbs_best,candidate,uncensored_refusal_like,base,15,mmd_rbf,0.04340428113937378,128
breadcrumbs_best,candidate,uncensored_refusal_like,base,15,projected_js,0.08132381830364466,128
breadcrumbs_best,candidate,uncensored_refusal_like,base,16,mmd_rbf,0.04372648522257805,128
breadcrumbs_best,candidate,uncensored_refusal_like,base,16,projected_js,0.09001906187040731,128
breadcrumbs_best,candidate,uncensored_refusal_like,base,17,mmd_rbf,0.04490244761109352,128
breadcrumbs_best,candidate,uncensored_refusal_like,base,17,projected_js,0.08874456575722434,128
breadcrumbs_best,candidate,uncensored_refusal_like,base,18,mmd_rbf,0.046404458582401276,128
breadcrumbs_best,candidate,uncensored_refusal_like,base,18,projected_js,0.09275642677675933,128
breadcrumbs_best,candidate,uncensored_refusal_like,base,19,mmd_rbf,0.04658656194806099,128
breadcrumbs_best,candidate,uncensored_refusal_like,base,19,projected_js,0.09114193340064958,128
breadcrumbs_best,candidate,uncensored_refusal_like,base,20,mmd_rbf,0.05373203754425049,128
breadcrumbs_best,candidate,uncensored_refusal_like,base,20,projected_js,0.09614138025790453,128
breadcrumbs_best,candidate,uncensored_refusal_like,base,21,mmd_rbf,0.05674070119857788,128
breadcrumbs_best,candidate,uncensored_refusal_like,base,21,projected_js,0.09405710198916495,128
breadcrumbs_best,candidate,uncensored_refusal_like,base,22,mmd_rbf,0.05952545627951622,128
breadcrumbs_best,candidate,uncensored_refusal_like,base,22,projected_js,0.09883305855328217,128
breadcrumbs_best,candidate,uncensored_refusal_like,base,23,mmd_rbf,0.05895568057894707,128
breadcrumbs_best,candidate,uncensored_refusal_like,base,23,projected_js,0.1005349465413019,128
breadcrumbs_best,candidate,uncensored_refusal_like,base,24,mmd_rbf,0.05801493674516678,128
breadcrumbs_best,candidate,uncensored_refusal_like,base,24,projected_js,0.10640119999879971,128
breadcrumbs_best,candidate,uncensored_refusal_like,base,25,mmd_rbf,0.05666712671518326,128
breadcrumbs_best,candidate,uncensored_refusal_like,base,25,projected_js,0.10014156106626615,128
breadcrumbs_best,candidate,uncensored_refusal_like,base,26,mmd_rbf,0.05699316784739494,128
breadcrumbs_best,candidate,uncensored_refusal_like,base,26,projected_js,0.10172436584252864,128
breadcrumbs_best,candidate,uncensored_refusal_like,base,27,mmd_rbf,0.057376325130462646,128
breadcrumbs_best,candidate,uncensored_refusal_like,base,27,projected_js,0.11009865836240351,128
breadcrumbs_best,candidate,uncensored_refusal_like,base,28,mmd_rbf,0.05566905811429024,128
breadcrumbs_best,candidate,uncensored_refusal_like,base,28,projected_js,0.10087240528082475,128
breadcrumbs_best,candidate,uncensored_refusal_like,base,29,mmd_rbf,0.052660346031188965,128
breadcrumbs_best,candidate,uncensored_refusal_like,base,29,projected_js,0.09978407830931246,128
breadcrumbs_best,candidate,uncensored_refusal_like,base,30,mmd_rbf,0.052964936941862106,128
breadcrumbs_best,candidate,uncensored_refusal_like,base,30,projected_js,0.09790623420849442,128
breadcrumbs_best,candidate,uncensored_refusal_like,base,31,mmd_rbf,0.05201638862490654,128
breadcrumbs_best,candidate,uncensored_refusal_like,base,31,projected_js,0.09856625786051154,128
breadcrumbs_best,candidate,uncensored_refusal_like,base,32,mmd_rbf,0.051534295082092285,128
breadcrumbs_best,candidate,uncensored_refusal_like,base,32,projected_js,0.10004410217516124,128
breadcrumbs_best,candidate,uncensored_refusal_like,base,33,mmd_rbf,0.04996320232748985,128
breadcrumbs_best,candidate,uncensored_refusal_like,base,33,projected_js,0.09553224069532007,128
breadcrumbs_best,candidate,uncensored_refusal_like,base,34,mmd_rbf,0.06309971958398819,128
breadcrumbs_best,candidate,uncensored_refusal_like,base,34,projected_js,0.10545835286029615,128
breadcrumbs_best,candidate,uncensored_refusal_like,base,35,mmd_rbf,0.1337794065475464,128
breadcrumbs_best,candidate,uncensored_refusal_like,base,35,projected_js,0.17644787020981312,128
breadcrumbs_best,candidate,uncensored_refusal_like,instr_only,0,mmd_rbf,0.007301461882889271,128
breadcrumbs_best,candidate,uncensored_refusal_like,instr_only,0,projected_js,0.051327742025023326,128
breadcrumbs_best,candidate,uncensored_refusal_like,instr_only,1,mmd_rbf,0.008529710583388805,128
breadcrumbs_best,candidate,uncensored_refusal_like,instr_only,1,projected_js,0.049148285877890885,128
breadcrumbs_best,candidate,uncensored_refusal_like,instr_only,2,mmd_rbf,0.010066988877952099,128
breadcrumbs_best,candidate,uncensored_refusal_like,instr_only,2,projected_js,0.05756326898699626,128
breadcrumbs_best,candidate,uncensored_refusal_like,instr_only,3,mmd_rbf,0.013226868584752083,128
breadcrumbs_best,candidate,uncensored_refusal_like,instr_only,3,projected_js,0.06545035456656478,128
breadcrumbs_best,candidate,uncensored_refusal_like,instr_only,4,mmd_rbf,0.013349517248570919,128
breadcrumbs_best,candidate,uncensored_refusal_like,instr_only,4,projected_js,0.06606138998176903,128
breadcrumbs_best,candidate,uncensored_refusal_like,instr_only,5,mmd_rbf,0.013916430063545704,128
breadcrumbs_best,candidate,uncensored_refusal_like,instr_only,5,projected_js,0.06485158624127507,128
breadcrumbs_best,candidate,uncensored_refusal_like,instr_only,6,mmd_rbf,0.010180365294218063,128
breadcrumbs_best,candidate,uncensored_refusal_like,instr_only,6,projected_js,0.058784693625057116,128
breadcrumbs_best,candidate,uncensored_refusal_like,instr_only,7,mmd_rbf,0.008683476597070694,128
breadcrumbs_best,candidate,uncensored_refusal_like,instr_only,7,projected_js,0.06133887707255781,128
breadcrumbs_best,candidate,uncensored_refusal_like,instr_only,8,mmd_rbf,0.006676210556179285,128
breadcrumbs_best,candidate,uncensored_refusal_like,instr_only,8,projected_js,0.06091858953004703,128
breadcrumbs_best,candidate,uncensored_refusal_like,instr_only,9,mmd_rbf,0.006670050323009491,128
breadcrumbs_best,candidate,uncensored_refusal_like,instr_only,9,projected_js,0.06370604853145778,128
breadcrumbs_best,candidate,uncensored_refusal_like,instr_only,10,mmd_rbf,0.0068951859138906,128
breadcrumbs_best,candidate,uncensored_refusal_like,instr_only,10,projected_js,0.06123937072698027,128
breadcrumbs_best,candidate,uncensored_refusal_like,instr_only,11,mmd_rbf,0.006228978279978037,128
breadcrumbs_best,candidate,uncensored_refusal_like,instr_only,11,projected_js,0.060712311504175887,128
breadcrumbs_best,candidate,uncensored_refusal_like,instr_only,12,mmd_rbf,0.006623694207519293,128
breadcrumbs_best,candidate,uncensored_refusal_like,instr_only,12,projected_js,0.06272066940437071,128
breadcrumbs_best,candidate,uncensored_refusal_like,instr_only,13,mmd_rbf,0.006940385792404413,128
breadcrumbs_best,candidate,uncensored_refusal_like,instr_only,13,projected_js,0.06143021385651082,128
breadcrumbs_best,candidate,uncensored_refusal_like,instr_only,14,mmd_rbf,0.006632363889366388,128
breadcrumbs_best,candidate,uncensored_refusal_like,instr_only,14,projected_js,0.0601980701321736,128
breadcrumbs_best,candidate,uncensored_refusal_like,instr_only,15,mmd_rbf,0.006827811244875193,128
breadcrumbs_best,candidate,uncensored_refusal_like,instr_only,15,projected_js,0.0610573340090923,128
breadcrumbs_best,candidate,uncensored_refusal_like,instr_only,16,mmd_rbf,0.007283810060471296,128
breadcrumbs_best,candidate,uncensored_refusal_like,instr_only,16,projected_js,0.06282922823447734,128
breadcrumbs_best,candidate,uncensored_refusal_like,instr_only,17,mmd_rbf,0.00789148174226284,128
breadcrumbs_best,candidate,uncensored_refusal_like,instr_only,17,projected_js,0.059651545889209956,128
breadcrumbs_best,candidate,uncensored_refusal_like,instr_only,18,mmd_rbf,0.008835102431476116,128
breadcrumbs_best,candidate,uncensored_refusal_like,instr_only,18,projected_js,0.0653159306384623,128
breadcrumbs_best,candidate,uncensored_refusal_like,instr_only,19,mmd_rbf,0.009279683232307434,128
breadcrumbs_best,candidate,uncensored_refusal_like,instr_only,19,projected_js,0.06227691407548264,128
breadcrumbs_best,candidate,uncensored_refusal_like,instr_only,20,mmd_rbf,0.009981922805309296,128
breadcrumbs_best,candidate,uncensored_refusal_like,instr_only,20,projected_js,0.062492775614373386,128
breadcrumbs_best,candidate,uncensored_refusal_like,instr_only,21,mmd_rbf,0.012189231812953949,128
breadcrumbs_best,candidate,uncensored_refusal_like,instr_only,21,projected_js,0.06482734851306304,128
breadcrumbs_best,candidate,uncensored_refusal_like,instr_only,22,mmd_rbf,0.013240816071629524,128
breadcrumbs_best,candidate,uncensored_refusal_like,instr_only,22,projected_js,0.06509749480756,128
breadcrumbs_best,candidate,uncensored_refusal_like,instr_only,23,mmd_rbf,0.013279017992317677,128
breadcrumbs_best,candidate,uncensored_refusal_like,instr_only,23,projected_js,0.0653910978580825,128
breadcrumbs_best,candidate,uncensored_refusal_like,instr_only,24,mmd_rbf,0.014408140443265438,128
breadcrumbs_best,candidate,uncensored_refusal_like,instr_only,24,projected_js,0.06572498887544498,128
breadcrumbs_best,candidate,uncensored_refusal_like,instr_only,25,mmd_rbf,0.015816202387213707,128
breadcrumbs_best,candidate,uncensored_refusal_like,instr_only,25,projected_js,0.06789803758147173,128
breadcrumbs_best,candidate,uncensored_refusal_like,instr_only,26,mmd_rbf,0.01652131974697113,128
breadcrumbs_best,candidate,uncensored_refusal_like,instr_only,26,projected_js,0.0728427977883257,128
breadcrumbs_best,candidate,uncensored_refusal_like,instr_only,27,mmd_rbf,0.01705574057996273,128
breadcrumbs_best,candidate,uncensored_refusal_like,instr_only,27,projected_js,0.07179587270366028,128
breadcrumbs_best,candidate,uncensored_refusal_like,instr_only,28,mmd_rbf,0.016879837960004807,128
breadcrumbs_best,candidate,uncensored_refusal_like,instr_only,28,projected_js,0.0731539741391316,128
breadcrumbs_best,candidate,uncensored_refusal_like,instr_only,29,mmd_rbf,0.01613592728972435,128
breadcrumbs_best,candidate,uncensored_refusal_like,instr_only,29,projected_js,0.0725848845904693,128
breadcrumbs_best,candidate,uncensored_refusal_like,instr_only,30,mmd_rbf,0.01638861559331417,128
breadcrumbs_best,candidate,uncensored_refusal_like,instr_only,30,projected_js,0.07422216486884281,128
breadcrumbs_best,candidate,uncensored_refusal_like,instr_only,31,mmd_rbf,0.015878021717071533,128
breadcrumbs_best,candidate,uncensored_refusal_like,instr_only,31,projected_js,0.07337578455917537,128
breadcrumbs_best,candidate,uncensored_refusal_like,instr_only,32,mmd_rbf,0.016585970297455788,128
breadcrumbs_best,candidate,uncensored_refusal_like,instr_only,32,projected_js,0.0764707854250446,128
breadcrumbs_best,candidate,uncensored_refusal_like,instr_only,33,mmd_rbf,0.01701483130455017,128
breadcrumbs_best,candidate,uncensored_refusal_like,instr_only,33,projected_js,0.07729537415434606,128
breadcrumbs_best,candidate,uncensored_refusal_like,instr_only,34,mmd_rbf,0.021950174123048782,128
breadcrumbs_best,candidate,uncensored_refusal_like,instr_only,34,projected_js,0.0820487683522515,128
breadcrumbs_best,candidate,uncensored_refusal_like,instr_only,35,mmd_rbf,0.10732491314411163,128
breadcrumbs_best,candidate,uncensored_refusal_like,instr_only,35,projected_js,0.15524894034024328,128
breadcrumbs_best,candidate,uncensored_refusal_like,reasoning_only,0,mmd_rbf,0.017674440518021584,128
breadcrumbs_best,candidate,uncensored_refusal_like,reasoning_only,0,projected_js,0.08471133123384789,128
breadcrumbs_best,candidate,uncensored_refusal_like,reasoning_only,1,mmd_rbf,0.023027369752526283,128
breadcrumbs_best,candidate,uncensored_refusal_like,reasoning_only,1,projected_js,0.07431717502186075,128
breadcrumbs_best,candidate,uncensored_refusal_like,reasoning_only,2,mmd_rbf,0.03610004112124443,128
breadcrumbs_best,candidate,uncensored_refusal_like,reasoning_only,2,projected_js,0.0860454602225218,128
breadcrumbs_best,candidate,uncensored_refusal_like,reasoning_only,3,mmd_rbf,0.043912261724472046,128
breadcrumbs_best,candidate,uncensored_refusal_like,reasoning_only,3,projected_js,0.09759245254099369,128
breadcrumbs_best,candidate,uncensored_refusal_like,reasoning_only,4,mmd_rbf,0.048382606357336044,128
breadcrumbs_best,candidate,uncensored_refusal_like,reasoning_only,4,projected_js,0.1088174632168375,128
breadcrumbs_best,candidate,uncensored_refusal_like,reasoning_only,5,mmd_rbf,0.053931545466184616,128
breadcrumbs_best,candidate,uncensored_refusal_like,reasoning_only,5,projected_js,0.11951876035891473,128
breadcrumbs_best,candidate,uncensored_refusal_like,reasoning_only,6,mmd_rbf,0.04178360104560852,128
breadcrumbs_best,candidate,uncensored_refusal_like,reasoning_only,6,projected_js,0.0991019539651461,128
breadcrumbs_best,candidate,uncensored_refusal_like,reasoning_only,7,mmd_rbf,0.03757592663168907,128
breadcrumbs_best,candidate,uncensored_refusal_like,reasoning_only,7,projected_js,0.10087666712934151,128
breadcrumbs_best,candidate,uncensored_refusal_like,reasoning_only,8,mmd_rbf,0.029010353609919548,128
breadcrumbs_best,candidate,uncensored_refusal_like,reasoning_only,8,projected_js,0.09025742975063622,128
breadcrumbs_best,candidate,uncensored_refusal_like,reasoning_only,9,mmd_rbf,0.028211062774062157,128
breadcrumbs_best,candidate,uncensored_refusal_like,reasoning_only,9,projected_js,0.08657129917992279,128
breadcrumbs_best,candidate,uncensored_refusal_like,reasoning_only,10,mmd_rbf,0.029330391436815262,128
breadcrumbs_best,candidate,uncensored_refusal_like,reasoning_only,10,projected_js,0.08680028654634953,128
breadcrumbs_best,candidate,uncensored_refusal_like,reasoning_only,11,mmd_rbf,0.028729815036058426,128
breadcrumbs_best,candidate,uncensored_refusal_like,reasoning_only,11,projected_js,0.08483354415511712,128
breadcrumbs_best,candidate,uncensored_refusal_like,reasoning_only,12,mmd_rbf,0.032240599393844604,128
breadcrumbs_best,candidate,uncensored_refusal_like,reasoning_only,12,projected_js,0.0845136973366607,128
breadcrumbs_best,candidate,uncensored_refusal_like,reasoning_only,13,mmd_rbf,0.03544798120856285,128
breadcrumbs_best,candidate,uncensored_refusal_like,reasoning_only,13,projected_js,0.08917713823029771,128
breadcrumbs_best,candidate,uncensored_refusal_like,reasoning_only,14,mmd_rbf,0.03444080799818039,128
breadcrumbs_best,candidate,uncensored_refusal_like,reasoning_only,14,projected_js,0.08521530474536121,128
breadcrumbs_best,candidate,uncensored_refusal_like,reasoning_only,15,mmd_rbf,0.035651955753564835,128
breadcrumbs_best,candidate,uncensored_refusal_like,reasoning_only,15,projected_js,0.0860025366418995,128
breadcrumbs_best,candidate,uncensored_refusal_like,reasoning_only,16,mmd_rbf,0.03504025563597679,128
breadcrumbs_best,candidate,uncensored_refusal_like,reasoning_only,16,projected_js,0.08520059834700078,128
breadcrumbs_best,candidate,uncensored_refusal_like,reasoning_only,17,mmd_rbf,0.03598074987530708,128
breadcrumbs_best,candidate,uncensored_refusal_like,reasoning_only,17,projected_js,0.08327878569252789,128
breadcrumbs_best,candidate,uncensored_refusal_like,reasoning_only,18,mmd_rbf,0.04172355681657791,128
breadcrumbs_best,candidate,uncensored_refusal_like,reasoning_only,18,projected_js,0.08845143020153046,128
breadcrumbs_best,candidate,uncensored_refusal_like,reasoning_only,19,mmd_rbf,0.04097924754023552,128
breadcrumbs_best,candidate,uncensored_refusal_like,reasoning_only,19,projected_js,0.08958714210893959,128
breadcrumbs_best,candidate,uncensored_refusal_like,reasoning_only,20,mmd_rbf,0.0415349118411541,128
breadcrumbs_best,candidate,uncensored_refusal_like,reasoning_only,20,projected_js,0.08695761422859505,128
breadcrumbs_best,candidate,uncensored_refusal_like,reasoning_only,21,mmd_rbf,0.04197664186358452,128
breadcrumbs_best,candidate,uncensored_refusal_like,reasoning_only,21,projected_js,0.0883303091977723,128
breadcrumbs_best,candidate,uncensored_refusal_like,reasoning_only,22,mmd_rbf,0.04227135330438614,128
breadcrumbs_best,candidate,uncensored_refusal_like,reasoning_only,22,projected_js,0.09467951802071184,128
breadcrumbs_best,candidate,uncensored_refusal_like,reasoning_only,23,mmd_rbf,0.03733668848872185,128
breadcrumbs_best,candidate,uncensored_refusal_like,reasoning_only,23,projected_js,0.09277961507905275,128
breadcrumbs_best,candidate,uncensored_refusal_like,reasoning_only,24,mmd_rbf,0.04302728548645973,128
breadcrumbs_best,candidate,uncensored_refusal_like,reasoning_only,24,projected_js,0.09298633254365996,128
breadcrumbs_best,candidate,uncensored_refusal_like,reasoning_only,25,mmd_rbf,0.04217458516359329,128
breadcrumbs_best,candidate,uncensored_refusal_like,reasoning_only,25,projected_js,0.09096708137076348,128
breadcrumbs_best,candidate,uncensored_refusal_like,reasoning_only,26,mmd_rbf,0.04557809233665466,128
breadcrumbs_best,candidate,uncensored_refusal_like,reasoning_only,26,projected_js,0.09197493846295401,128
breadcrumbs_best,candidate,uncensored_refusal_like,reasoning_only,27,mmd_rbf,0.04752097278833389,128
breadcrumbs_best,candidate,uncensored_refusal_like,reasoning_only,27,projected_js,0.09448578616138548,128
breadcrumbs_best,candidate,uncensored_refusal_like,reasoning_only,28,mmd_rbf,0.050313323736190796,128
breadcrumbs_best,candidate,uncensored_refusal_like,reasoning_only,28,projected_js,0.10501798480981961,128
breadcrumbs_best,candidate,uncensored_refusal_like,reasoning_only,29,mmd_rbf,0.04940207302570343,128
breadcrumbs_best,candidate,uncensored_refusal_like,reasoning_only,29,projected_js,0.10747652634745464,128
breadcrumbs_best,candidate,uncensored_refusal_like,reasoning_only,30,mmd_rbf,0.05337951332330704,128
breadcrumbs_best,candidate,uncensored_refusal_like,reasoning_only,30,projected_js,0.11364008270902559,128
breadcrumbs_best,candidate,uncensored_refusal_like,reasoning_only,31,mmd_rbf,0.053838539868593216,128
breadcrumbs_best,candidate,uncensored_refusal_like,reasoning_only,31,projected_js,0.1068336358293891,128
breadcrumbs_best,candidate,uncensored_refusal_like,reasoning_only,32,mmd_rbf,0.05374310165643692,128
breadcrumbs_best,candidate,uncensored_refusal_like,reasoning_only,32,projected_js,0.10670106805628166,128
breadcrumbs_best,candidate,uncensored_refusal_like,reasoning_only,33,mmd_rbf,0.049942370504140854,128
breadcrumbs_best,candidate,uncensored_refusal_like,reasoning_only,33,projected_js,0.09914862614823505,128
breadcrumbs_best,candidate,uncensored_refusal_like,reasoning_only,34,mmd_rbf,0.0522342212498188,128
breadcrumbs_best,candidate,uncensored_refusal_like,reasoning_only,34,projected_js,0.09895214723655954,128
breadcrumbs_best,candidate,uncensored_refusal_like,reasoning_only,35,mmd_rbf,0.046567123383283615,128
breadcrumbs_best,candidate,uncensored_refusal_like,reasoning_only,35,projected_js,0.09894524922128767,128
breadcrumbs_best,candidate,uncensored_refusal_like,uncensored_only,0,mmd_rbf,0.01685516908764839,128
breadcrumbs_best,candidate,uncensored_refusal_like,uncensored_only,0,projected_js,0.06964585219975561,128
breadcrumbs_best,candidate,uncensored_refusal_like,uncensored_only,1,mmd_rbf,0.24169199168682098,128
breadcrumbs_best,candidate,uncensored_refusal_like,uncensored_only,1,projected_js,0.2616758388467133,128
breadcrumbs_best,candidate,uncensored_refusal_like,uncensored_only,2,mmd_rbf,0.21547995507717133,128
breadcrumbs_best,candidate,uncensored_refusal_like,uncensored_only,2,projected_js,0.21645270788576454,128
breadcrumbs_best,candidate,uncensored_refusal_like,uncensored_only,3,mmd_rbf,0.17274127900600433,128
breadcrumbs_best,candidate,uncensored_refusal_like,uncensored_only,3,projected_js,0.17315974459052086,128
breadcrumbs_best,candidate,uncensored_refusal_like,uncensored_only,4,mmd_rbf,0.13934539258480072,128
breadcrumbs_best,candidate,uncensored_refusal_like,uncensored_only,4,projected_js,0.16970920329913497,128
breadcrumbs_best,candidate,uncensored_refusal_like,uncensored_only,5,mmd_rbf,0.10716133564710617,128
breadcrumbs_best,candidate,uncensored_refusal_like,uncensored_only,5,projected_js,0.1557009924435988,128
breadcrumbs_best,candidate,uncensored_refusal_like,uncensored_only,6,mmd_rbf,0.06710932403802872,128
breadcrumbs_best,candidate,uncensored_refusal_like,uncensored_only,6,projected_js,0.11738505639368668,128
breadcrumbs_best,candidate,uncensored_refusal_like,uncensored_only,7,mmd_rbf,0.049751944839954376,128
breadcrumbs_best,candidate,uncensored_refusal_like,uncensored_only,7,projected_js,0.09979991853469983,128
breadcrumbs_best,candidate,uncensored_refusal_like,uncensored_only,8,mmd_rbf,0.035079509019851685,128
breadcrumbs_best,candidate,uncensored_refusal_like,uncensored_only,8,projected_js,0.0828614893835038,128
breadcrumbs_best,candidate,uncensored_refusal_like,uncensored_only,9,mmd_rbf,0.03002472035586834,128
breadcrumbs_best,candidate,uncensored_refusal_like,uncensored_only,9,projected_js,0.08199798129498959,128
breadcrumbs_best,candidate,uncensored_refusal_like,uncensored_only,10,mmd_rbf,0.02548304572701454,128
breadcrumbs_best,candidate,uncensored_refusal_like,uncensored_only,10,projected_js,0.07366585405543447,128
breadcrumbs_best,candidate,uncensored_refusal_like,uncensored_only,11,mmd_rbf,0.021469421684741974,128
breadcrumbs_best,candidate,uncensored_refusal_like,uncensored_only,11,projected_js,0.06933984655188397,128
breadcrumbs_best,candidate,uncensored_refusal_like,uncensored_only,12,mmd_rbf,0.02201797440648079,128
breadcrumbs_best,candidate,uncensored_refusal_like,uncensored_only,12,projected_js,0.07398187357466668,128
breadcrumbs_best,candidate,uncensored_refusal_like,uncensored_only,13,mmd_rbf,0.022953292354941368,128
breadcrumbs_best,candidate,uncensored_refusal_like,uncensored_only,13,projected_js,0.07550254155648872,128
breadcrumbs_best,candidate,uncensored_refusal_like,uncensored_only,14,mmd_rbf,0.024657323956489563,128
breadcrumbs_best,candidate,uncensored_refusal_like,uncensored_only,14,projected_js,0.07631516084074974,128
breadcrumbs_best,candidate,uncensored_refusal_like,uncensored_only,15,mmd_rbf,0.030476970598101616,128
breadcrumbs_best,candidate,uncensored_refusal_like,uncensored_only,15,projected_js,0.08236007319646887,128
breadcrumbs_best,candidate,uncensored_refusal_like,uncensored_only,16,mmd_rbf,0.032828815281391144,128
breadcrumbs_best,candidate,uncensored_refusal_like,uncensored_only,16,projected_js,0.0775095444987528,128
breadcrumbs_best,candidate,uncensored_refusal_like,uncensored_only,17,mmd_rbf,0.03313242644071579,128
breadcrumbs_best,candidate,uncensored_refusal_like,uncensored_only,17,projected_js,0.07907596620498225,128
breadcrumbs_best,candidate,uncensored_refusal_like,uncensored_only,18,mmd_rbf,0.0353526808321476,128
breadcrumbs_best,candidate,uncensored_refusal_like,uncensored_only,18,projected_js,0.08480520098237321,128
breadcrumbs_best,candidate,uncensored_refusal_like,uncensored_only,19,mmd_rbf,0.03306341916322708,128
breadcrumbs_best,candidate,uncensored_refusal_like,uncensored_only,19,projected_js,0.08397754194447771,128
breadcrumbs_best,candidate,uncensored_refusal_like,uncensored_only,20,mmd_rbf,0.03494460508227348,128
breadcrumbs_best,candidate,uncensored_refusal_like,uncensored_only,20,projected_js,0.08065182453719899,128
breadcrumbs_best,candidate,uncensored_refusal_like,uncensored_only,21,mmd_rbf,0.03946865722537041,128
breadcrumbs_best,candidate,uncensored_refusal_like,uncensored_only,21,projected_js,0.08602230518590659,128
breadcrumbs_best,candidate,uncensored_refusal_like,uncensored_only,22,mmd_rbf,0.0408613346517086,128
breadcrumbs_best,candidate,uncensored_refusal_like,uncensored_only,22,projected_js,0.08958159788744524,128
breadcrumbs_best,candidate,uncensored_refusal_like,uncensored_only,23,mmd_rbf,0.04146295040845871,128
breadcrumbs_best,candidate,uncensored_refusal_like,uncensored_only,23,projected_js,0.09424034116091207,128
breadcrumbs_best,candidate,uncensored_refusal_like,uncensored_only,24,mmd_rbf,0.04574687406420708,128
breadcrumbs_best,candidate,uncensored_refusal_like,uncensored_only,24,projected_js,0.09516036079730839,128
breadcrumbs_best,candidate,uncensored_refusal_like,uncensored_only,25,mmd_rbf,0.04916930943727493,128
breadcrumbs_best,candidate,uncensored_refusal_like,uncensored_only,25,projected_js,0.09717362525407225,128
breadcrumbs_best,candidate,uncensored_refusal_like,uncensored_only,26,mmd_rbf,0.050000108778476715,128
breadcrumbs_best,candidate,uncensored_refusal_like,uncensored_only,26,projected_js,0.09334228903753683,128
breadcrumbs_best,candidate,uncensored_refusal_like,uncensored_only,27,mmd_rbf,0.05137791857123375,128
breadcrumbs_best,candidate,uncensored_refusal_like,uncensored_only,27,projected_js,0.0952047798782587,128
breadcrumbs_best,candidate,uncensored_refusal_like,uncensored_only,28,mmd_rbf,0.04938725382089615,128
breadcrumbs_best,candidate,uncensored_refusal_like,uncensored_only,28,projected_js,0.1006847121170722,128
breadcrumbs_best,candidate,uncensored_refusal_like,uncensored_only,29,mmd_rbf,0.047026973217725754,128
breadcrumbs_best,candidate,uncensored_refusal_like,uncensored_only,29,projected_js,0.09678960620658472,128
breadcrumbs_best,candidate,uncensored_refusal_like,uncensored_only,30,mmd_rbf,0.04959845915436745,128
breadcrumbs_best,candidate,uncensored_refusal_like,uncensored_only,30,projected_js,0.09834315744228661,128
breadcrumbs_best,candidate,uncensored_refusal_like,uncensored_only,31,mmd_rbf,0.047939933836460114,128
breadcrumbs_best,candidate,uncensored_refusal_like,uncensored_only,31,projected_js,0.09483573591569439,128
breadcrumbs_best,candidate,uncensored_refusal_like,uncensored_only,32,mmd_rbf,0.047888100147247314,128
breadcrumbs_best,candidate,uncensored_refusal_like,uncensored_only,32,projected_js,0.09602229722077027,128
breadcrumbs_best,candidate,uncensored_refusal_like,uncensored_only,33,mmd_rbf,0.04744845628738403,128
breadcrumbs_best,candidate,uncensored_refusal_like,uncensored_only,33,projected_js,0.09749879059381783,128
breadcrumbs_best,candidate,uncensored_refusal_like,uncensored_only,34,mmd_rbf,0.05218667909502983,128
breadcrumbs_best,candidate,uncensored_refusal_like,uncensored_only,34,projected_js,0.1067334920517169,128
breadcrumbs_best,candidate,uncensored_refusal_like,uncensored_only,35,mmd_rbf,0.12032917886972427,128
breadcrumbs_best,candidate,uncensored_refusal_like,uncensored_only,35,projected_js,0.14976960036437958,128
