model_id,model_kind,calib_subset,target_id,layer,metric,value,n_prompts
lot_paper_uncensored_refusal_like__v1,candidate,general,base,0,mmd_rbf,0.007533532567322254,128
lot_paper_uncensored_refusal_like__v1,candidate,general,base,0,projected_js,0.04519351186900167,128
lot_paper_uncensored_refusal_like__v1,candidate,general,base,1,mmd_rbf,0.018708767369389534,128
lot_paper_uncensored_refusal_like__v1,candidate,general,base,1,projected_js,0.05379534570965916,128
lot_paper_uncensored_refusal_like__v1,candidate,general,base,2,mmd_rbf,0.016301820054650307,128
lot_paper_uncensored_refusal_like__v1,candidate,general,base,2,projected_js,0.059797082940349355,128
lot_paper_uncensored_refusal_like__v1,candidate,general,base,3,mmd_rbf,0.01586015522480011,128
lot_paper_uncensored_refusal_like__v1,candidate,general,base,3,projected_js,0.06450256716925651,128
lot_paper_uncensored_refusal_like__v1,candidate,general,base,4,mmd_rbf,0.013712408021092415,128
lot_paper_uncensored_refusal_like__v1,candidate,general,base,4,projected_js,0.05993597680935636,128
lot_paper_uncensored_refusal_like__v1,candidate,general,base,5,mmd_rbf,0.012514603324234486,128
lot_paper_uncensored_refusal_like__v1,candidate,general,base,5,projected_js,0.06031436499324627,128
lot_paper_uncensored_refusal_like__v1,candidate,general,base,6,mmd_rbf,0.008617833256721497,128
lot_paper_uncensored_refusal_like__v1,candidate,general,base,6,projected_js,0.05743006360717118,128
lot_paper_uncensored_refusal_like__v1,candidate,general,base,7,mmd_rbf,0.007759375032037497,128
lot_paper_uncensored_refusal_like__v1,candidate,general,base,7,projected_js,0.05698899395065382,128
lot_paper_uncensored_refusal_like__v1,candidate,general,base,8,mmd_rbf,0.006218328606337309,128
lot_paper_uncensored_refusal_like__v1,candidate,general,base,8,projected_js,0.054056553373811767,128
lot_paper_uncensored_refusal_like__v1,candidate,general,base,9,mmd_rbf,0.006268785800784826,128
lot_paper_uncensored_refusal_like__v1,candidate,general,base,9,projected_js,0.056790312024531886,128
lot_paper_uncensored_refusal_like__v1,candidate,general,base,10,mmd_rbf,0.0065267980098724365,128
lot_paper_uncensored_refusal_like__v1,candidate,general,base,10,projected_js,0.05729884572792798,128
lot_paper_uncensored_refusal_like__v1,candidate,general,base,11,mmd_rbf,0.006384674459695816,128
lot_paper_uncensored_refusal_like__v1,candidate,general,base,11,projected_js,0.0553509013261646,128
lot_paper_uncensored_refusal_like__v1,candidate,general,base,12,mmd_rbf,0.0068328664638102055,128
lot_paper_uncensored_refusal_like__v1,candidate,general,base,12,projected_js,0.05623185649164952,128
lot_paper_uncensored_refusal_like__v1,candidate,general,base,13,mmd_rbf,0.007210429757833481,128
lot_paper_uncensored_refusal_like__v1,candidate,general,base,13,projected_js,0.054872660199180245,128
lot_paper_uncensored_refusal_like__v1,candidate,general,base,14,mmd_rbf,0.0076129259541630745,128
lot_paper_uncensored_refusal_like__v1,candidate,general,base,14,projected_js,0.058361030591186136,128
lot_paper_uncensored_refusal_like__v1,candidate,general,base,15,mmd_rbf,0.008590773679316044,128
lot_paper_uncensored_refusal_like__v1,candidate,general,base,15,projected_js,0.06220491393469274,128
lot_paper_uncensored_refusal_like__v1,candidate,general,base,16,mmd_rbf,0.00965386163443327,128
lot_paper_uncensored_refusal_like__v1,candidate,general,base,16,projected_js,0.06186210602754727,128
lot_paper_uncensored_refusal_like__v1,candidate,general,base,17,mmd_rbf,0.009350225329399109,128
lot_paper_uncensored_refusal_like__v1,candidate,general,base,17,projected_js,0.06171780239674263,128
lot_paper_uncensored_refusal_like__v1,candidate,general,base,18,mmd_rbf,0.010432185605168343,128
lot_paper_uncensored_refusal_like__v1,candidate,general,base,18,projected_js,0.06271711242152378,128
lot_paper_uncensored_refusal_like__v1,candidate,general,base,19,mmd_rbf,0.010835324414074421,128
lot_paper_uncensored_refusal_like__v1,candidate,general,base,19,projected_js,0.06956471654120833,128
lot_paper_uncensored_refusal_like__v1,candidate,general,base,20,mmd_rbf,0.01047568954527378,128
lot_paper_uncensored_refusal_like__v1,candidate,general,base,20,projected_js,0.059513339947443455,128
lot_paper_uncensored_refusal_like__v1,candidate,general,base,21,mmd_rbf,0.011132328771054745,128
lot_paper_uncensored_refusal_like__v1,candidate,general,base,21,projected_js,0.06443319382378832,128
lot_paper_uncensored_refusal_like__v1,candidate,general,base,22,mmd_rbf,0.00995647069066763,128
lot_paper_uncensored_refusal_like__v1,candidate,general,base,22,projected_js,0.06151419275556691,128
lot_paper_uncensored_refusal_like__v1,candidate,general,base,23,mmd_rbf,0.008686116896569729,128
lot_paper_uncensored_refusal_like__v1,candidate,general,base,23,projected_js,0.059469046915182844,128
lot_paper_uncensored_refusal_like__v1,candidate,general,base,24,mmd_rbf,0.0075098625384271145,128
lot_paper_uncensored_refusal_like__v1,candidate,general,base,24,projected_js,0.06056744902161881,128
lot_paper_uncensored_refusal_like__v1,candidate,general,base,25,mmd_rbf,0.006648694630712271,128
lot_paper_uncensored_refusal_like__v1,candidate,general,base,25,projected_js,0.059014075028244406,128
lot_paper_uncensored_refusal_like__v1,candidate,general,base,26,mmd_rbf,0.006382201798260212,128
lot_paper_uncensored_refusal_like__v1,candidate,general,base,26,projected_js,0.05816259564016946,128
lot_paper_uncensored_refusal_like__v1,candidate,general,base,27,mmd_rbf,0.006156113930046558,128
lot_paper_uncensored_refusal_like__v1,candidate,general,base,27,projected_js,0.05788999091600999,128
lot_paper_uncensored_refusal_like__v1,candidate,general,base,28,mmd_rbf,0.0057999626733362675,128
lot_paper_uncensored_refusal_like__v1,candidate,general,base,28,projected_js,0.05469426547642797,128
lot_paper_uncensored_refusal_like__v1,candidate,general,base,29,mmd_rbf,0.0054684351198375225,128
lot_paper_uncensored_refusal_like__v1,candidate,general,base,29,projected_js,0.058555795811116695,128
lot_paper_uncensored_refusal_like__v1,candidate,general,base,30,mmd_rbf,0.005265315994620323,128
lot_paper_uncensored_refusal_like__v1,candidate,general,base,30,projected_js,0.05387867643730715,128
lot_paper_uncensored_refusal_like__v1,candidate,general,base,31,mmd_rbf,0.005069294478744268,128
lot_paper_uncensored_refusal_like__v1,candidate,general,base,31,projected_js,0.05544983866275288,128
lot_paper_uncensored_refusal_like__v1,candidate,general,base,32,mmd_rbf,0.005547701846808195,128
lot_paper_uncensored_refusal_like__v1,candidate,general,base,32,projected_js,0.05540183559060097,128
lot_paper_uncensored_refusal_like__v1,candidate,general,base,33,mmd_rbf,0.0060005574487149715,128
lot_paper_uncensored_refusal_like__v1,candidate,general,base,33,projected_js,0.05906750919530168,128
lot_paper_uncensored_refusal_like__v1,candidate,general,base,34,mmd_rbf,0.012649737298488617,128
lot_paper_uncensored_refusal_like__v1,candidate,general,base,34,projected_js,0.06462155590998009,128
lot_paper_uncensored_refusal_like__v1,candidate,general,base,35,mmd_rbf,0.1018151268362999,128
lot_paper_uncensored_refusal_like__v1,candidate,general,base,35,projected_js,0.13951582048321143,128
lot_paper_uncensored_refusal_like__v1,candidate,general,instr_only,0,mmd_rbf,0.003238379955291748,128
lot_paper_uncensored_refusal_like__v1,candidate,general,instr_only,0,projected_js,0.03529078704013955,128
lot_paper_uncensored_refusal_like__v1,candidate,general,instr_only,1,mmd_rbf,0.0137734804302454,128
lot_paper_uncensored_refusal_like__v1,candidate,general,instr_only,1,projected_js,0.05308018339565024,128
lot_paper_uncensored_refusal_like__v1,candidate,general,instr_only,2,mmd_rbf,0.01117032766342163,128
lot_paper_uncensored_refusal_like__v1,candidate,general,instr_only,2,projected_js,0.0560617390437983,128
lot_paper_uncensored_refusal_like__v1,candidate,general,instr_only,3,mmd_rbf,0.010161487385630608,128
lot_paper_uncensored_refusal_like__v1,candidate,general,instr_only,3,projected_js,0.05707338437787257,128
lot_paper_uncensored_refusal_like__v1,candidate,general,instr_only,4,mmd_rbf,0.009570925496518612,128
lot_paper_uncensored_refusal_like__v1,candidate,general,instr_only,4,projected_js,0.05372454386088066,128
lot_paper_uncensored_refusal_like__v1,candidate,general,instr_only,5,mmd_rbf,0.00877651572227478,128
lot_paper_uncensored_refusal_like__v1,candidate,general,instr_only,5,projected_js,0.055629476555623114,128
lot_paper_uncensored_refusal_like__v1,candidate,general,instr_only,6,mmd_rbf,0.006351546850055456,128
lot_paper_uncensored_refusal_like__v1,candidate,general,instr_only,6,projected_js,0.04966443663579412,128
lot_paper_uncensored_refusal_like__v1,candidate,general,instr_only,7,mmd_rbf,0.005844223313033581,128
lot_paper_uncensored_refusal_like__v1,candidate,general,instr_only,7,projected_js,0.05237765985657461,128
lot_paper_uncensored_refusal_like__v1,candidate,general,instr_only,8,mmd_rbf,0.004540943540632725,128
lot_paper_uncensored_refusal_like__v1,candidate,general,instr_only,8,projected_js,0.05169062886852771,128
lot_paper_uncensored_refusal_like__v1,candidate,general,instr_only,9,mmd_rbf,0.004576460458338261,128
lot_paper_uncensored_refusal_like__v1,candidate,general,instr_only,9,projected_js,0.055505971307866275,128
lot_paper_uncensored_refusal_like__v1,candidate,general,instr_only,10,mmd_rbf,0.005087464582175016,128
lot_paper_uncensored_refusal_like__v1,candidate,general,instr_only,10,projected_js,0.05596558583783917,128
lot_paper_uncensored_refusal_like__v1,candidate,general,instr_only,11,mmd_rbf,0.005196141544729471,128
lot_paper_uncensored_refusal_like__v1,candidate,general,instr_only,11,projected_js,0.056599348346935585,128
lot_paper_uncensored_refusal_like__v1,candidate,general,instr_only,12,mmd_rbf,0.005689944606274366,128
lot_paper_uncensored_refusal_like__v1,candidate,general,instr_only,12,projected_js,0.057248679804615676,128
lot_paper_uncensored_refusal_like__v1,candidate,general,instr_only,13,mmd_rbf,0.006398104131221771,128
lot_paper_uncensored_refusal_like__v1,candidate,general,instr_only,13,projected_js,0.059022982022725046,128
lot_paper_uncensored_refusal_like__v1,candidate,general,instr_only,14,mmd_rbf,0.006784636061638594,128
lot_paper_uncensored_refusal_like__v1,candidate,general,instr_only,14,projected_js,0.061653744080103934,128
lot_paper_uncensored_refusal_like__v1,candidate,general,instr_only,15,mmd_rbf,0.007247051689773798,128
lot_paper_uncensored_refusal_like__v1,candidate,general,instr_only,15,projected_js,0.05704053631052375,128
lot_paper_uncensored_refusal_like__v1,candidate,general,instr_only,16,mmd_rbf,0.007801735308021307,128
lot_paper_uncensored_refusal_like__v1,candidate,general,instr_only,16,projected_js,0.0628486240748316,128
lot_paper_uncensored_refusal_like__v1,candidate,general,instr_only,17,mmd_rbf,0.008184748701751232,128
lot_paper_uncensored_refusal_like__v1,candidate,general,instr_only,17,projected_js,0.06292794831097126,128
lot_paper_uncensored_refusal_like__v1,candidate,general,instr_only,18,mmd_rbf,0.00853638630360365,128
lot_paper_uncensored_refusal_like__v1,candidate,general,instr_only,18,projected_js,0.060482699249405414,128
lot_paper_uncensored_refusal_like__v1,candidate,general,instr_only,19,mmd_rbf,0.008702954277396202,128
lot_paper_uncensored_refusal_like__v1,candidate,general,instr_only,19,projected_js,0.06199018098413944,128
lot_paper_uncensored_refusal_like__v1,candidate,general,instr_only,20,mmd_rbf,0.008570356294512749,128
lot_paper_uncensored_refusal_like__v1,candidate,general,instr_only,20,projected_js,0.06257706915494055,128
lot_paper_uncensored_refusal_like__v1,candidate,general,instr_only,21,mmd_rbf,0.008741303347051144,128
lot_paper_uncensored_refusal_like__v1,candidate,general,instr_only,21,projected_js,0.06543513631913811,128
lot_paper_uncensored_refusal_like__v1,candidate,general,instr_only,22,mmd_rbf,0.008693925105035305,128
lot_paper_uncensored_refusal_like__v1,candidate,general,instr_only,22,projected_js,0.061986847897060215,128
lot_paper_uncensored_refusal_like__v1,candidate,general,instr_only,23,mmd_rbf,0.008531629107892513,128
lot_paper_uncensored_refusal_like__v1,candidate,general,instr_only,23,projected_js,0.060127250326331705,128
lot_paper_uncensored_refusal_like__v1,candidate,general,instr_only,24,mmd_rbf,0.00901696179062128,128
lot_paper_uncensored_refusal_like__v1,candidate,general,instr_only,24,projected_js,0.061766065045958385,128
lot_paper_uncensored_refusal_like__v1,candidate,general,instr_only,25,mmd_rbf,0.009184079244732857,128
lot_paper_uncensored_refusal_like__v1,candidate,general,instr_only,25,projected_js,0.062489467847626656,128
lot_paper_uncensored_refusal_like__v1,candidate,general,instr_only,26,mmd_rbf,0.009456823579967022,128
lot_paper_uncensored_refusal_like__v1,candidate,general,instr_only,26,projected_js,0.06552335486048833,128
lot_paper_uncensored_refusal_like__v1,candidate,general,instr_only,27,mmd_rbf,0.009426991455256939,128
lot_paper_uncensored_refusal_like__v1,candidate,general,instr_only,27,projected_js,0.06351659877691418,128
lot_paper_uncensored_refusal_like__v1,candidate,general,instr_only,28,mmd_rbf,0.008992170915007591,128
lot_paper_uncensored_refusal_like__v1,candidate,general,instr_only,28,projected_js,0.0655246038804762,128
lot_paper_uncensored_refusal_like__v1,candidate,general,instr_only,29,mmd_rbf,0.00864957831799984,128
lot_paper_uncensored_refusal_like__v1,candidate,general,instr_only,29,projected_js,0.060339516785461456,128
lot_paper_uncensored_refusal_like__v1,candidate,general,instr_only,30,mmd_rbf,0.008141147904098034,128
lot_paper_uncensored_refusal_like__v1,candidate,general,instr_only,30,projected_js,0.05889830132946372,128
lot_paper_uncensored_refusal_like__v1,candidate,general,instr_only,31,mmd_rbf,0.007956585846841335,128
lot_paper_uncensored_refusal_like__v1,candidate,general,instr_only,31,projected_js,0.060500552179291844,128
lot_paper_uncensored_refusal_like__v1,candidate,general,instr_only,32,mmd_rbf,0.007843038998544216,128
lot_paper_uncensored_refusal_like__v1,candidate,general,instr_only,32,projected_js,0.06348092970438302,128
lot_paper_uncensored_refusal_like__v1,candidate,general,instr_only,33,mmd_rbf,0.00752293923869729,128
lot_paper_uncensored_refusal_like__v1,candidate,general,instr_only,33,projected_js,0.061308234522584826,128
lot_paper_uncensored_refusal_like__v1,candidate,general,instr_only,34,mmd_rbf,0.00811085756868124,128
lot_paper_uncensored_refusal_like__v1,candidate,general,instr_only,34,projected_js,0.058653217216487974,128
lot_paper_uncensored_refusal_like__v1,candidate,general,instr_only,35,mmd_rbf,0.014784208498895168,128
lot_paper_uncensored_refusal_like__v1,candidate,general,instr_only,35,projected_js,0.05936135892989114,128
lot_paper_uncensored_refusal_like__v1,candidate,general,reasoning_only,0,mmd_rbf,0.014832419343292713,128
lot_paper_uncensored_refusal_like__v1,candidate,general,reasoning_only,0,projected_js,0.061052062636008486,128
lot_paper_uncensored_refusal_like__v1,candidate,general,reasoning_only,1,mmd_rbf,0.024365253746509552,128
lot_paper_uncensored_refusal_like__v1,candidate,general,reasoning_only,1,projected_js,0.07215726989670657,128
lot_paper_uncensored_refusal_like__v1,candidate,general,reasoning_only,2,mmd_rbf,0.01893671229481697,128
lot_paper_uncensored_refusal_like__v1,candidate,general,reasoning_only,2,projected_js,0.06399143076851033,128
lot_paper_uncensored_refusal_like__v1,candidate,general,reasoning_only,3,mmd_rbf,0.01955014280974865,128
lot_paper_uncensored_refusal_like__v1,candidate,general,reasoning_only,3,projected_js,0.06716463546035811,128
lot_paper_uncensored_refusal_like__v1,candidate,general,reasoning_only,4,mmd_rbf,0.018147917464375496,128
lot_paper_uncensored_refusal_like__v1,candidate,general,reasoning_only,4,projected_js,0.07370319520123303,128
lot_paper_uncensored_refusal_like__v1,candidate,general,reasoning_only,5,mmd_rbf,0.016908032819628716,128
lot_paper_uncensored_refusal_like__v1,candidate,general,reasoning_only,5,projected_js,0.06786925971391611,128
lot_paper_uncensored_refusal_like__v1,candidate,general,reasoning_only,6,mmd_rbf,0.011990398168563843,128
lot_paper_uncensored_refusal_like__v1,candidate,general,reasoning_only,6,projected_js,0.061757689400110394,128
lot_paper_uncensored_refusal_like__v1,candidate,general,reasoning_only,7,mmd_rbf,0.011017397046089172,128
lot_paper_uncensored_refusal_like__v1,candidate,general,reasoning_only,7,projected_js,0.06259729812154546,128
lot_paper_uncensored_refusal_like__v1,candidate,general,reasoning_only,8,mmd_rbf,0.00875760242342949,128
lot_paper_uncensored_refusal_like__v1,candidate,general,reasoning_only,8,projected_js,0.06232631113380194,128
lot_paper_uncensored_refusal_like__v1,candidate,general,reasoning_only,9,mmd_rbf,0.008297617547214031,128
lot_paper_uncensored_refusal_like__v1,candidate,general,reasoning_only,9,projected_js,0.06270557089010254,128
lot_paper_uncensored_refusal_like__v1,candidate,general,reasoning_only,10,mmd_rbf,0.008533514104783535,128
lot_paper_uncensored_refusal_like__v1,candidate,general,reasoning_only,10,projected_js,0.05769319226965308,128
lot_paper_uncensored_refusal_like__v1,candidate,general,reasoning_only,11,mmd_rbf,0.00767907639965415,128
lot_paper_uncensored_refusal_like__v1,candidate,general,reasoning_only,11,projected_js,0.06357753690099344,128
lot_paper_uncensored_refusal_like__v1,candidate,general,reasoning_only,12,mmd_rbf,0.007735622115433216,128
lot_paper_uncensored_refusal_like__v1,candidate,general,reasoning_only,12,projected_js,0.06266121059888974,128
lot_paper_uncensored_refusal_like__v1,candidate,general,reasoning_only,13,mmd_rbf,0.0081753209233284,128
lot_paper_uncensored_refusal_like__v1,candidate,general,reasoning_only,13,projected_js,0.06133307219715789,128
lot_paper_uncensored_refusal_like__v1,candidate,general,reasoning_only,14,mmd_rbf,0.008186372928321362,128
lot_paper_uncensored_refusal_like__v1,candidate,general,reasoning_only,14,projected_js,0.06409914558753371,128
lot_paper_uncensored_refusal_like__v1,candidate,general,reasoning_only,15,mmd_rbf,0.009288900531828403,128
lot_paper_uncensored_refusal_like__v1,candidate,general,reasoning_only,15,projected_js,0.0634430707723368,128
lot_paper_uncensored_refusal_like__v1,candidate,general,reasoning_only,16,mmd_rbf,0.009420973248779774,128
lot_paper_uncensored_refusal_like__v1,candidate,general,reasoning_only,16,projected_js,0.06496352481190115,128
lot_paper_uncensored_refusal_like__v1,candidate,general,reasoning_only,17,mmd_rbf,0.008985633961856365,128
lot_paper_uncensored_refusal_like__v1,candidate,general,reasoning_only,17,projected_js,0.06228148826630786,128
lot_paper_uncensored_refusal_like__v1,candidate,general,reasoning_only,18,mmd_rbf,0.010158799588680267,128
lot_paper_uncensored_refusal_like__v1,candidate,general,reasoning_only,18,projected_js,0.06540003936970606,128
lot_paper_uncensored_refusal_like__v1,candidate,general,reasoning_only,19,mmd_rbf,0.009614079259335995,128
lot_paper_uncensored_refusal_like__v1,candidate,general,reasoning_only,19,projected_js,0.06187187338946387,128
lot_paper_uncensored_refusal_like__v1,candidate,general,reasoning_only,20,mmd_rbf,0.009474696591496468,128
lot_paper_uncensored_refusal_like__v1,candidate,general,reasoning_only,20,projected_js,0.061150929832365364,128
lot_paper_uncensored_refusal_like__v1,candidate,general,reasoning_only,21,mmd_rbf,0.00986394565552473,128
lot_paper_uncensored_refusal_like__v1,candidate,general,reasoning_only,21,projected_js,0.06798667833209038,128
lot_paper_uncensored_refusal_like__v1,candidate,general,reasoning_only,22,mmd_rbf,0.008737503550946712,128
lot_paper_uncensored_refusal_like__v1,candidate,general,reasoning_only,22,projected_js,0.06507144257193431,128
lot_paper_uncensored_refusal_like__v1,candidate,general,reasoning_only,23,mmd_rbf,0.007205101195722818,128
lot_paper_uncensored_refusal_like__v1,candidate,general,reasoning_only,23,projected_js,0.06053979354328476,128
lot_paper_uncensored_refusal_like__v1,candidate,general,reasoning_only,24,mmd_rbf,0.007304076105356216,128
lot_paper_uncensored_refusal_like__v1,candidate,general,reasoning_only,24,projected_js,0.0635842023184523,128
lot_paper_uncensored_refusal_like__v1,candidate,general,reasoning_only,25,mmd_rbf,0.006784721743315458,128
lot_paper_uncensored_refusal_like__v1,candidate,general,reasoning_only,25,projected_js,0.06162691488862038,128
lot_paper_uncensored_refusal_like__v1,candidate,general,reasoning_only,26,mmd_rbf,0.006859119515866041,128
lot_paper_uncensored_refusal_like__v1,candidate,general,reasoning_only,26,projected_js,0.06087334675248712,128
lot_paper_uncensored_refusal_like__v1,candidate,general,reasoning_only,27,mmd_rbf,0.006777247879654169,128
lot_paper_uncensored_refusal_like__v1,candidate,general,reasoning_only,27,projected_js,0.06046549108577892,128
lot_paper_uncensored_refusal_like__v1,candidate,general,reasoning_only,28,mmd_rbf,0.006912663578987122,128
lot_paper_uncensored_refusal_like__v1,candidate,general,reasoning_only,28,projected_js,0.06082017591688782,128
lot_paper_uncensored_refusal_like__v1,candidate,general,reasoning_only,29,mmd_rbf,0.006812989711761475,128
lot_paper_uncensored_refusal_like__v1,candidate,general,reasoning_only,29,projected_js,0.06302471191156656,128
lot_paper_uncensored_refusal_like__v1,candidate,general,reasoning_only,30,mmd_rbf,0.006812547333538532,128
lot_paper_uncensored_refusal_like__v1,candidate,general,reasoning_only,30,projected_js,0.056925115059129894,128
lot_paper_uncensored_refusal_like__v1,candidate,general,reasoning_only,31,mmd_rbf,0.0068258182145655155,128
lot_paper_uncensored_refusal_like__v1,candidate,general,reasoning_only,31,projected_js,0.05913840717403218,128
lot_paper_uncensored_refusal_like__v1,candidate,general,reasoning_only,32,mmd_rbf,0.006922309286892414,128
lot_paper_uncensored_refusal_like__v1,candidate,general,reasoning_only,32,projected_js,0.05910754296928644,128
lot_paper_uncensored_refusal_like__v1,candidate,general,reasoning_only,33,mmd_rbf,0.007270121015608311,128
lot_paper_uncensored_refusal_like__v1,candidate,general,reasoning_only,33,projected_js,0.06178586187888868,128
lot_paper_uncensored_refusal_like__v1,candidate,general,reasoning_only,34,mmd_rbf,0.009029677137732506,128
lot_paper_uncensored_refusal_like__v1,candidate,general,reasoning_only,34,projected_js,0.05718654772499576,128
lot_paper_uncensored_refusal_like__v1,candidate,general,reasoning_only,35,mmd_rbf,0.06087539345026016,128
lot_paper_uncensored_refusal_like__v1,candidate,general,reasoning_only,35,projected_js,0.09979335690150037,128
lot_paper_uncensored_refusal_like__v1,candidate,general,uncensored_only,0,mmd_rbf,0.006263572257012129,128
lot_paper_uncensored_refusal_like__v1,candidate,general,uncensored_only,0,projected_js,0.0420098249160219,128
lot_paper_uncensored_refusal_like__v1,candidate,general,uncensored_only,1,mmd_rbf,0.1388738751411438,128
lot_paper_uncensored_refusal_like__v1,candidate,general,uncensored_only,1,projected_js,0.15453886473551393,128
lot_paper_uncensored_refusal_like__v1,candidate,general,uncensored_only,2,mmd_rbf,0.12707339227199554,128
lot_paper_uncensored_refusal_like__v1,candidate,general,uncensored_only,2,projected_js,0.13237299444153905,128
lot_paper_uncensored_refusal_like__v1,candidate,general,uncensored_only,3,mmd_rbf,0.09529629349708557,128
lot_paper_uncensored_refusal_like__v1,candidate,general,uncensored_only,3,projected_js,0.11552310374099761,128
lot_paper_uncensored_refusal_like__v1,candidate,general,uncensored_only,4,mmd_rbf,0.07044848799705505,128
lot_paper_uncensored_refusal_like__v1,candidate,general,uncensored_only,4,projected_js,0.11122029897524044,128
lot_paper_uncensored_refusal_like__v1,candidate,general,uncensored_only,5,mmd_rbf,0.051450688391923904,128
lot_paper_uncensored_refusal_like__v1,candidate,general,uncensored_only,5,projected_js,0.10541393532184884,128
lot_paper_uncensored_refusal_like__v1,candidate,general,uncensored_only,6,mmd_rbf,0.029508812353014946,128
lot_paper_uncensored_refusal_like__v1,candidate,general,uncensored_only,6,projected_js,0.08152789622545242,128
lot_paper_uncensored_refusal_like__v1,candidate,general,uncensored_only,7,mmd_rbf,0.021996090188622475,128
lot_paper_uncensored_refusal_like__v1,candidate,general,uncensored_only,7,projected_js,0.07513676083181053,128
lot_paper_uncensored_refusal_like__v1,candidate,general,uncensored_only,8,mmd_rbf,0.014897063374519348,128
lot_paper_uncensored_refusal_like__v1,candidate,general,uncensored_only,8,projected_js,0.06651956483256072,128
lot_paper_uncensored_refusal_like__v1,candidate,general,uncensored_only,9,mmd_rbf,0.012694820761680603,128
lot_paper_uncensored_refusal_like__v1,candidate,general,uncensored_only,9,projected_js,0.06531411077594385,128
lot_paper_uncensored_refusal_like__v1,candidate,general,uncensored_only,10,mmd_rbf,0.011396495625376701,128
lot_paper_uncensored_refusal_like__v1,candidate,general,uncensored_only,10,projected_js,0.06325672817183658,128
lot_paper_uncensored_refusal_like__v1,candidate,general,uncensored_only,11,mmd_rbf,0.009989127516746521,128
lot_paper_uncensored_refusal_like__v1,candidate,general,uncensored_only,11,projected_js,0.06040407926775515,128
lot_paper_uncensored_refusal_like__v1,candidate,general,uncensored_only,12,mmd_rbf,0.009488825686275959,128
lot_paper_uncensored_refusal_like__v1,candidate,general,uncensored_only,12,projected_js,0.0647074704465922,128
lot_paper_uncensored_refusal_like__v1,candidate,general,uncensored_only,13,mmd_rbf,0.009981480427086353,128
lot_paper_uncensored_refusal_like__v1,candidate,general,uncensored_only,13,projected_js,0.06394975475268438,128
lot_paper_uncensored_refusal_like__v1,candidate,general,uncensored_only,14,mmd_rbf,0.009862511418759823,128
lot_paper_uncensored_refusal_like__v1,candidate,general,uncensored_only,14,projected_js,0.06497941119596362,128
lot_paper_uncensored_refusal_like__v1,candidate,general,uncensored_only,15,mmd_rbf,0.01188238151371479,128
lot_paper_uncensored_refusal_like__v1,candidate,general,uncensored_only,15,projected_js,0.06529708014568314,128
lot_paper_uncensored_refusal_like__v1,candidate,general,uncensored_only,16,mmd_rbf,0.013565920293331146,128
lot_paper_uncensored_refusal_like__v1,candidate,general,uncensored_only,16,projected_js,0.07012744742678478,128
lot_paper_uncensored_refusal_like__v1,candidate,general,uncensored_only,17,mmd_rbf,0.012832256965339184,128
lot_paper_uncensored_refusal_like__v1,candidate,general,uncensored_only,17,projected_js,0.06730805663391948,128
lot_paper_uncensored_refusal_like__v1,candidate,general,uncensored_only,18,mmd_rbf,0.01328264456242323,128
lot_paper_uncensored_refusal_like__v1,candidate,general,uncensored_only,18,projected_js,0.06724541925359517,128
lot_paper_uncensored_refusal_like__v1,candidate,general,uncensored_only,19,mmd_rbf,0.011782648041844368,128
lot_paper_uncensored_refusal_like__v1,candidate,general,uncensored_only,19,projected_js,0.06484575959620997,128
lot_paper_uncensored_refusal_like__v1,candidate,general,uncensored_only,20,mmd_rbf,0.011633852496743202,128
lot_paper_uncensored_refusal_like__v1,candidate,general,uncensored_only,20,projected_js,0.06649069002014585,128
lot_paper_uncensored_refusal_like__v1,candidate,general,uncensored_only,21,mmd_rbf,0.012450828216969967,128
lot_paper_uncensored_refusal_like__v1,candidate,general,uncensored_only,21,projected_js,0.06853713357122615,128
lot_paper_uncensored_refusal_like__v1,candidate,general,uncensored_only,22,mmd_rbf,0.012354887090623379,128
lot_paper_uncensored_refusal_like__v1,candidate,general,uncensored_only,22,projected_js,0.06932496308581904,128
lot_paper_uncensored_refusal_like__v1,candidate,general,uncensored_only,23,mmd_rbf,0.011796682141721249,128
lot_paper_uncensored_refusal_like__v1,candidate,general,uncensored_only,23,projected_js,0.06415049737552181,128
lot_paper_uncensored_refusal_like__v1,candidate,general,uncensored_only,24,mmd_rbf,0.012364955618977547,128
lot_paper_uncensored_refusal_like__v1,candidate,general,uncensored_only,24,projected_js,0.06765910639660433,128
lot_paper_uncensored_refusal_like__v1,candidate,general,uncensored_only,25,mmd_rbf,0.012827885337173939,128
lot_paper_uncensored_refusal_like__v1,candidate,general,uncensored_only,25,projected_js,0.06546874332707375,128
lot_paper_uncensored_refusal_like__v1,candidate,general,uncensored_only,26,mmd_rbf,0.01313842087984085,128
lot_paper_uncensored_refusal_like__v1,candidate,general,uncensored_only,26,projected_js,0.06858623621519655,128
lot_paper_uncensored_refusal_like__v1,candidate,general,uncensored_only,27,mmd_rbf,0.013111117295920849,128
lot_paper_uncensored_refusal_like__v1,candidate,general,uncensored_only,27,projected_js,0.06519974465481937,128
lot_paper_uncensored_refusal_like__v1,candidate,general,uncensored_only,28,mmd_rbf,0.01252009253948927,128
lot_paper_uncensored_refusal_like__v1,candidate,general,uncensored_only,28,projected_js,0.06677258550189435,128
lot_paper_uncensored_refusal_like__v1,candidate,general,uncensored_only,29,mmd_rbf,0.012363601475954056,128
lot_paper_uncensored_refusal_like__v1,candidate,general,uncensored_only,29,projected_js,0.06262748278095387,128
lot_paper_uncensored_refusal_like__v1,candidate,general,uncensored_only,30,mmd_rbf,0.012357658706605434,128
lot_paper_uncensored_refusal_like__v1,candidate,general,uncensored_only,30,projected_js,0.06316752330167219,128
lot_paper_uncensored_refusal_like__v1,candidate,general,uncensored_only,31,mmd_rbf,0.011801205575466156,128
lot_paper_uncensored_refusal_like__v1,candidate,general,uncensored_only,31,projected_js,0.06888793903635815,128
lot_paper_uncensored_refusal_like__v1,candidate,general,uncensored_only,32,mmd_rbf,0.011317075230181217,128
lot_paper_uncensored_refusal_like__v1,candidate,general,uncensored_only,32,projected_js,0.06322095956420526,128
lot_paper_uncensored_refusal_like__v1,candidate,general,uncensored_only,33,mmd_rbf,0.01121886633336544,128
lot_paper_uncensored_refusal_like__v1,candidate,general,uncensored_only,33,projected_js,0.06291795562719926,128
lot_paper_uncensored_refusal_like__v1,candidate,general,uncensored_only,34,mmd_rbf,0.01143317949026823,128
lot_paper_uncensored_refusal_like__v1,candidate,general,uncensored_only,34,projected_js,0.06042624020483345,128
lot_paper_uncensored_refusal_like__v1,candidate,general,uncensored_only,35,mmd_rbf,0.022844502702355385,128
lot_paper_uncensored_refusal_like__v1,candidate,general,uncensored_only,35,projected_js,0.06703792948974296,128
lot_paper_uncensored_refusal_like__v1,candidate,instruction,base,0,mmd_rbf,0.004261726047843695,128
lot_paper_uncensored_refusal_like__v1,candidate,instruction,base,0,projected_js,0.04469411425816361,128
lot_paper_uncensored_refusal_like__v1,candidate,instruction,base,1,mmd_rbf,0.010866792872548103,128
lot_paper_uncensored_refusal_like__v1,candidate,instruction,base,1,projected_js,0.05438704291009344,128
lot_paper_uncensored_refusal_like__v1,candidate,instruction,base,2,mmd_rbf,0.012075506150722504,128
lot_paper_uncensored_refusal_like__v1,candidate,instruction,base,2,projected_js,0.06404916982864961,128
lot_paper_uncensored_refusal_like__v1,candidate,instruction,base,3,mmd_rbf,0.014553511515259743,128
lot_paper_uncensored_refusal_like__v1,candidate,instruction,base,3,projected_js,0.06616582948481664,128
lot_paper_uncensored_refusal_like__v1,candidate,instruction,base,4,mmd_rbf,0.013397091999650002,128
lot_paper_uncensored_refusal_like__v1,candidate,instruction,base,4,projected_js,0.06606500211637467,128
lot_paper_uncensored_refusal_like__v1,candidate,instruction,base,5,mmd_rbf,0.013889014720916748,128
lot_paper_uncensored_refusal_like__v1,candidate,instruction,base,5,projected_js,0.06115641666110605,128
lot_paper_uncensored_refusal_like__v1,candidate,instruction,base,6,mmd_rbf,0.010563981719315052,128
lot_paper_uncensored_refusal_like__v1,candidate,instruction,base,6,projected_js,0.0611025138059631,128
lot_paper_uncensored_refusal_like__v1,candidate,instruction,base,7,mmd_rbf,0.00993888359516859,128
lot_paper_uncensored_refusal_like__v1,candidate,instruction,base,7,projected_js,0.06458757334621623,128
lot_paper_uncensored_refusal_like__v1,candidate,instruction,base,8,mmd_rbf,0.00881557073444128,128
lot_paper_uncensored_refusal_like__v1,candidate,instruction,base,8,projected_js,0.0640705059922766,128
lot_paper_uncensored_refusal_like__v1,candidate,instruction,base,9,mmd_rbf,0.0095975948497653,128
lot_paper_uncensored_refusal_like__v1,candidate,instruction,base,9,projected_js,0.06607300596078858,128
lot_paper_uncensored_refusal_like__v1,candidate,instruction,base,10,mmd_rbf,0.010611310601234436,128
lot_paper_uncensored_refusal_like__v1,candidate,instruction,base,10,projected_js,0.06372033941443078,128
lot_paper_uncensored_refusal_like__v1,candidate,instruction,base,11,mmd_rbf,0.01054504793137312,128
lot_paper_uncensored_refusal_like__v1,candidate,instruction,base,11,projected_js,0.06608283991226926,128
lot_paper_uncensored_refusal_like__v1,candidate,instruction,base,12,mmd_rbf,0.010658539831638336,128
lot_paper_uncensored_refusal_like__v1,candidate,instruction,base,12,projected_js,0.06611310172593221,128
lot_paper_uncensored_refusal_like__v1,candidate,instruction,base,13,mmd_rbf,0.011406289413571358,128
lot_paper_uncensored_refusal_like__v1,candidate,instruction,base,13,projected_js,0.06465842382749543,128
lot_paper_uncensored_refusal_like__v1,candidate,instruction,base,14,mmd_rbf,0.012284381315112114,128
lot_paper_uncensored_refusal_like__v1,candidate,instruction,base,14,projected_js,0.06744762905873358,128
lot_paper_uncensored_refusal_like__v1,candidate,instruction,base,15,mmd_rbf,0.013813775964081287,128
lot_paper_uncensored_refusal_like__v1,candidate,instruction,base,15,projected_js,0.07099859981099144,128
lot_paper_uncensored_refusal_like__v1,candidate,instruction,base,16,mmd_rbf,0.014703785069286823,128
lot_paper_uncensored_refusal_like__v1,candidate,instruction,base,16,projected_js,0.068901062826626,128
lot_paper_uncensored_refusal_like__v1,candidate,instruction,base,17,mmd_rbf,0.014272093772888184,128
lot_paper_uncensored_refusal_like__v1,candidate,instruction,base,17,projected_js,0.07086779462406412,128
lot_paper_uncensored_refusal_like__v1,candidate,instruction,base,18,mmd_rbf,0.015805596485733986,128
lot_paper_uncensored_refusal_like__v1,candidate,instruction,base,18,projected_js,0.07296675757970661,128
lot_paper_uncensored_refusal_like__v1,candidate,instruction,base,19,mmd_rbf,0.017478762194514275,128
lot_paper_uncensored_refusal_like__v1,candidate,instruction,base,19,projected_js,0.06932800641516224,128
lot_paper_uncensored_refusal_like__v1,candidate,instruction,base,20,mmd_rbf,0.017572559416294098,128
lot_paper_uncensored_refusal_like__v1,candidate,instruction,base,20,projected_js,0.07085980073316023,128
lot_paper_uncensored_refusal_like__v1,candidate,instruction,base,21,mmd_rbf,0.019060960039496422,128
lot_paper_uncensored_refusal_like__v1,candidate,instruction,base,21,projected_js,0.07296167506137863,128
lot_paper_uncensored_refusal_like__v1,candidate,instruction,base,22,mmd_rbf,0.01850794441998005,128
lot_paper_uncensored_refusal_like__v1,candidate,instruction,base,22,projected_js,0.07412273925729096,128
lot_paper_uncensored_refusal_like__v1,candidate,instruction,base,23,mmd_rbf,0.01702026277780533,128
lot_paper_uncensored_refusal_like__v1,candidate,instruction,base,23,projected_js,0.07239468273473904,128
lot_paper_uncensored_refusal_like__v1,candidate,instruction,base,24,mmd_rbf,0.01584208756685257,128
lot_paper_uncensored_refusal_like__v1,candidate,instruction,base,24,projected_js,0.0724447361426428,128
lot_paper_uncensored_refusal_like__v1,candidate,instruction,base,25,mmd_rbf,0.01454026997089386,128
lot_paper_uncensored_refusal_like__v1,candidate,instruction,base,25,projected_js,0.06895603210432455,128
lot_paper_uncensored_refusal_like__v1,candidate,instruction,base,26,mmd_rbf,0.013845965266227722,128
lot_paper_uncensored_refusal_like__v1,candidate,instruction,base,26,projected_js,0.06696506350999698,128
lot_paper_uncensored_refusal_like__v1,candidate,instruction,base,27,mmd_rbf,0.013319437392055988,128
lot_paper_uncensored_refusal_like__v1,candidate,instruction,base,27,projected_js,0.06593586166854948,128
lot_paper_uncensored_refusal_like__v1,candidate,instruction,base,28,mmd_rbf,0.012454447336494923,128
lot_paper_uncensored_refusal_like__v1,candidate,instruction,base,28,projected_js,0.06731743924319744,128
lot_paper_uncensored_refusal_like__v1,candidate,instruction,base,29,mmd_rbf,0.011700103059411049,128
lot_paper_uncensored_refusal_like__v1,candidate,instruction,base,29,projected_js,0.06745722971390933,128
lot_paper_uncensored_refusal_like__v1,candidate,instruction,base,30,mmd_rbf,0.011376000940799713,128
lot_paper_uncensored_refusal_like__v1,candidate,instruction,base,30,projected_js,0.06725050666136667,128
lot_paper_uncensored_refusal_like__v1,candidate,instruction,base,31,mmd_rbf,0.011014003306627274,128
lot_paper_uncensored_refusal_like__v1,candidate,instruction,base,31,projected_js,0.06966191122774035,128
lot_paper_uncensored_refusal_like__v1,candidate,instruction,base,32,mmd_rbf,0.011450128629803658,128
lot_paper_uncensored_refusal_like__v1,candidate,instruction,base,32,projected_js,0.0693035698204767,128
lot_paper_uncensored_refusal_like__v1,candidate,instruction,base,33,mmd_rbf,0.011434228159487247,128
lot_paper_uncensored_refusal_like__v1,candidate,instruction,base,33,projected_js,0.06767050956841558,128
lot_paper_uncensored_refusal_like__v1,candidate,instruction,base,34,mmd_rbf,0.017801081761717796,128
lot_paper_uncensored_refusal_like__v1,candidate,instruction,base,34,projected_js,0.07620438223239034,128
lot_paper_uncensored_refusal_like__v1,candidate,instruction,base,35,mmd_rbf,0.06465692073106766,128
lot_paper_uncensored_refusal_like__v1,candidate,instruction,base,35,projected_js,0.11960343533428386,128
lot_paper_uncensored_refusal_like__v1,candidate,instruction,instr_only,0,mmd_rbf,0.0020524084102362394,128
lot_paper_uncensored_refusal_like__v1,candidate,instruction,instr_only,0,projected_js,0.040836407482856885,128
lot_paper_uncensored_refusal_like__v1,candidate,instruction,instr_only,1,mmd_rbf,0.007966036908328533,128
lot_paper_uncensored_refusal_like__v1,candidate,instruction,instr_only,1,projected_js,0.05103765890817158,128
lot_paper_uncensored_refusal_like__v1,candidate,instruction,instr_only,2,mmd_rbf,0.00856090895831585,128
lot_paper_uncensored_refusal_like__v1,candidate,instruction,instr_only,2,projected_js,0.056555556977400556,128
lot_paper_uncensored_refusal_like__v1,candidate,instruction,instr_only,3,mmd_rbf,0.008197255432605743,128
lot_paper_uncensored_refusal_like__v1,candidate,instruction,instr_only,3,projected_js,0.05485858133761212,128
lot_paper_uncensored_refusal_like__v1,candidate,instruction,instr_only,4,mmd_rbf,0.008298704400658607,128
lot_paper_uncensored_refusal_like__v1,candidate,instruction,instr_only,4,projected_js,0.05405216963845305,128
lot_paper_uncensored_refusal_like__v1,candidate,instruction,instr_only,5,mmd_rbf,0.008634204044938087,128
lot_paper_uncensored_refusal_like__v1,candidate,instruction,instr_only,5,projected_js,0.05674055858980864,128
lot_paper_uncensored_refusal_like__v1,candidate,instruction,instr_only,6,mmd_rbf,0.00664270156994462,128
lot_paper_uncensored_refusal_like__v1,candidate,instruction,instr_only,6,projected_js,0.0570283527194988,128
lot_paper_uncensored_refusal_like__v1,candidate,instruction,instr_only,7,mmd_rbf,0.006111329887062311,128
lot_paper_uncensored_refusal_like__v1,candidate,instruction,instr_only,7,projected_js,0.0626537321950309,128
lot_paper_uncensored_refusal_like__v1,candidate,instruction,instr_only,8,mmd_rbf,0.005230585113167763,128
lot_paper_uncensored_refusal_like__v1,candidate,instruction,instr_only,8,projected_js,0.056222055543912575,128
lot_paper_uncensored_refusal_like__v1,candidate,instruction,instr_only,9,mmd_rbf,0.00508808484300971,128
lot_paper_uncensored_refusal_like__v1,candidate,instruction,instr_only,9,projected_js,0.060217779624508694,128
lot_paper_uncensored_refusal_like__v1,candidate,instruction,instr_only,10,mmd_rbf,0.005736892577260733,128
lot_paper_uncensored_refusal_like__v1,candidate,instruction,instr_only,10,projected_js,0.05811970791546628,128
lot_paper_uncensored_refusal_like__v1,candidate,instruction,instr_only,11,mmd_rbf,0.005409910809248686,128
lot_paper_uncensored_refusal_like__v1,candidate,instruction,instr_only,11,projected_js,0.06282889470458031,128
lot_paper_uncensored_refusal_like__v1,candidate,instruction,instr_only,12,mmd_rbf,0.005478818900883198,128
lot_paper_uncensored_refusal_like__v1,candidate,instruction,instr_only,12,projected_js,0.06081956307752989,128
lot_paper_uncensored_refusal_like__v1,candidate,instruction,instr_only,13,mmd_rbf,0.005486746784299612,128
lot_paper_uncensored_refusal_like__v1,candidate,instruction,instr_only,13,projected_js,0.059464619553182274,128
lot_paper_uncensored_refusal_like__v1,candidate,instruction,instr_only,14,mmd_rbf,0.005470325239002705,128
lot_paper_uncensored_refusal_like__v1,candidate,instruction,instr_only,14,projected_js,0.059454304340761155,128
lot_paper_uncensored_refusal_like__v1,candidate,instruction,instr_only,15,mmd_rbf,0.0056720334105193615,128
lot_paper_uncensored_refusal_like__v1,candidate,instruction,instr_only,15,projected_js,0.06236099946545437,128
lot_paper_uncensored_refusal_like__v1,candidate,instruction,instr_only,16,mmd_rbf,0.005973773077130318,128
lot_paper_uncensored_refusal_like__v1,candidate,instruction,instr_only,16,projected_js,0.06359949975740165,128
lot_paper_uncensored_refusal_like__v1,candidate,instruction,instr_only,17,mmd_rbf,0.006257358938455582,128
lot_paper_uncensored_refusal_like__v1,candidate,instruction,instr_only,17,projected_js,0.0645578486728482,128
lot_paper_uncensored_refusal_like__v1,candidate,instruction,instr_only,18,mmd_rbf,0.006934210658073425,128
lot_paper_uncensored_refusal_like__v1,candidate,instruction,instr_only,18,projected_js,0.06379821238806471,128
lot_paper_uncensored_refusal_like__v1,candidate,instruction,instr_only,19,mmd_rbf,0.007707301527261734,128
lot_paper_uncensored_refusal_like__v1,candidate,instruction,instr_only,19,projected_js,0.06611932988744229,128
lot_paper_uncensored_refusal_like__v1,candidate,instruction,instr_only,20,mmd_rbf,0.007878263480961323,128
lot_paper_uncensored_refusal_like__v1,candidate,instruction,instr_only,20,projected_js,0.0662852338864468,128
lot_paper_uncensored_refusal_like__v1,candidate,instruction,instr_only,21,mmd_rbf,0.00879721250385046,128
lot_paper_uncensored_refusal_like__v1,candidate,instruction,instr_only,21,projected_js,0.06681271799607202,128
lot_paper_uncensored_refusal_like__v1,candidate,instruction,instr_only,22,mmd_rbf,0.008946388028562069,128
lot_paper_uncensored_refusal_like__v1,candidate,instruction,instr_only,22,projected_js,0.06650724075734615,128
lot_paper_uncensored_refusal_like__v1,candidate,instruction,instr_only,23,mmd_rbf,0.00890052504837513,128
lot_paper_uncensored_refusal_like__v1,candidate,instruction,instr_only,23,projected_js,0.06809744564816356,128
lot_paper_uncensored_refusal_like__v1,candidate,instruction,instr_only,24,mmd_rbf,0.009352229535579681,128
lot_paper_uncensored_refusal_like__v1,candidate,instruction,instr_only,24,projected_js,0.07099524955265224,128
lot_paper_uncensored_refusal_like__v1,candidate,instruction,instr_only,25,mmd_rbf,0.009720894508063793,128
lot_paper_uncensored_refusal_like__v1,candidate,instruction,instr_only,25,projected_js,0.07248970941873267,128
lot_paper_uncensored_refusal_like__v1,candidate,instruction,instr_only,26,mmd_rbf,0.010199966840445995,128
lot_paper_uncensored_refusal_like__v1,candidate,instruction,instr_only,26,projected_js,0.06732716487022117,128
lot_paper_uncensored_refusal_like__v1,candidate,instruction,instr_only,27,mmd_rbf,0.010165417566895485,128
lot_paper_uncensored_refusal_like__v1,candidate,instruction,instr_only,27,projected_js,0.06573229795321822,128
lot_paper_uncensored_refusal_like__v1,candidate,instruction,instr_only,28,mmd_rbf,0.010068802163004875,128
lot_paper_uncensored_refusal_like__v1,candidate,instruction,instr_only,28,projected_js,0.06749492732342333,128
lot_paper_uncensored_refusal_like__v1,candidate,instruction,instr_only,29,mmd_rbf,0.009591594338417053,128
lot_paper_uncensored_refusal_like__v1,candidate,instruction,instr_only,29,projected_js,0.06388310439069755,128
lot_paper_uncensored_refusal_like__v1,candidate,instruction,instr_only,30,mmd_rbf,0.009471932426095009,128
lot_paper_uncensored_refusal_like__v1,candidate,instruction,instr_only,30,projected_js,0.066037067968864,128
lot_paper_uncensored_refusal_like__v1,candidate,instruction,instr_only,31,mmd_rbf,0.009424899704754353,128
lot_paper_uncensored_refusal_like__v1,candidate,instruction,instr_only,31,projected_js,0.06769114261260256,128
lot_paper_uncensored_refusal_like__v1,candidate,instruction,instr_only,32,mmd_rbf,0.009250989183783531,128
lot_paper_uncensored_refusal_like__v1,candidate,instruction,instr_only,32,projected_js,0.06758977845311165,128
lot_paper_uncensored_refusal_like__v1,candidate,instruction,instr_only,33,mmd_rbf,0.008972211740911007,128
lot_paper_uncensored_refusal_like__v1,candidate,instruction,instr_only,33,projected_js,0.06532718561356887,128
lot_paper_uncensored_refusal_like__v1,candidate,instruction,instr_only,34,mmd_rbf,0.009763556532561779,128
lot_paper_uncensored_refusal_like__v1,candidate,instruction,instr_only,34,projected_js,0.07048180093988776,128
lot_paper_uncensored_refusal_like__v1,candidate,instruction,instr_only,35,mmd_rbf,0.026736563071608543,128
lot_paper_uncensored_refusal_like__v1,candidate,instruction,instr_only,35,projected_js,0.0803485358483158,128
lot_paper_uncensored_refusal_like__v1,candidate,instruction,reasoning_only,0,mmd_rbf,0.006085872650146484,128
lot_paper_uncensored_refusal_like__v1,candidate,instruction,reasoning_only,0,projected_js,0.05722430194146,128
lot_paper_uncensored_refusal_like__v1,candidate,instruction,reasoning_only,1,mmd_rbf,0.012337575666606426,128
lot_paper_uncensored_refusal_like__v1,candidate,instruction,reasoning_only,1,projected_js,0.06357496185228229,128
lot_paper_uncensored_refusal_like__v1,candidate,instruction,reasoning_only,2,mmd_rbf,0.010972612537443638,128
lot_paper_uncensored_refusal_like__v1,candidate,instruction,reasoning_only,2,projected_js,0.06405215209815651,128
lot_paper_uncensored_refusal_like__v1,candidate,instruction,reasoning_only,3,mmd_rbf,0.011765195988118649,128
lot_paper_uncensored_refusal_like__v1,candidate,instruction,reasoning_only,3,projected_js,0.06452542741317302,128
lot_paper_uncensored_refusal_like__v1,candidate,instruction,reasoning_only,4,mmd_rbf,0.01241672970354557,128
lot_paper_uncensored_refusal_like__v1,candidate,instruction,reasoning_only,4,projected_js,0.06906563363736495,128
lot_paper_uncensored_refusal_like__v1,candidate,instruction,reasoning_only,5,mmd_rbf,0.012845288030803204,128
lot_paper_uncensored_refusal_like__v1,candidate,instruction,reasoning_only,5,projected_js,0.06397943859337829,128
lot_paper_uncensored_refusal_like__v1,candidate,instruction,reasoning_only,6,mmd_rbf,0.010238338261842728,128
lot_paper_uncensored_refusal_like__v1,candidate,instruction,reasoning_only,6,projected_js,0.06464461860014126,128
lot_paper_uncensored_refusal_like__v1,candidate,instruction,reasoning_only,7,mmd_rbf,0.010551742278039455,128
lot_paper_uncensored_refusal_like__v1,candidate,instruction,reasoning_only,7,projected_js,0.06775617058156058,128
lot_paper_uncensored_refusal_like__v1,candidate,instruction,reasoning_only,8,mmd_rbf,0.008716276846826077,128
lot_paper_uncensored_refusal_like__v1,candidate,instruction,reasoning_only,8,projected_js,0.06913290184456855,128
lot_paper_uncensored_refusal_like__v1,candidate,instruction,reasoning_only,9,mmd_rbf,0.008759577758610249,128
lot_paper_uncensored_refusal_like__v1,candidate,instruction,reasoning_only,9,projected_js,0.06607561162672937,128
lot_paper_uncensored_refusal_like__v1,candidate,instruction,reasoning_only,10,mmd_rbf,0.009827437810599804,128
lot_paper_uncensored_refusal_like__v1,candidate,instruction,reasoning_only,10,projected_js,0.06934999593067914,128
lot_paper_uncensored_refusal_like__v1,candidate,instruction,reasoning_only,11,mmd_rbf,0.009525611996650696,128
lot_paper_uncensored_refusal_like__v1,candidate,instruction,reasoning_only,11,projected_js,0.06827241205610335,128
lot_paper_uncensored_refusal_like__v1,candidate,instruction,reasoning_only,12,mmd_rbf,0.010100185871124268,128
lot_paper_uncensored_refusal_like__v1,candidate,instruction,reasoning_only,12,projected_js,0.07028261059895158,128
lot_paper_uncensored_refusal_like__v1,candidate,instruction,reasoning_only,13,mmd_rbf,0.010749970562756062,128
lot_paper_uncensored_refusal_like__v1,candidate,instruction,reasoning_only,13,projected_js,0.07121985463891178,128
lot_paper_uncensored_refusal_like__v1,candidate,instruction,reasoning_only,14,mmd_rbf,0.010799640789628029,128
lot_paper_uncensored_refusal_like__v1,candidate,instruction,reasoning_only,14,projected_js,0.06819548970088363,128
lot_paper_uncensored_refusal_like__v1,candidate,instruction,reasoning_only,15,mmd_rbf,0.011869693174958229,128
lot_paper_uncensored_refusal_like__v1,candidate,instruction,reasoning_only,15,projected_js,0.07008208986371756,128
lot_paper_uncensored_refusal_like__v1,candidate,instruction,reasoning_only,16,mmd_rbf,0.012211798690259457,128
lot_paper_uncensored_refusal_like__v1,candidate,instruction,reasoning_only,16,projected_js,0.07413723150966689,128
lot_paper_uncensored_refusal_like__v1,candidate,instruction,reasoning_only,17,mmd_rbf,0.011612786911427975,128
lot_paper_uncensored_refusal_like__v1,candidate,instruction,reasoning_only,17,projected_js,0.06658694834914058,128
lot_paper_uncensored_refusal_like__v1,candidate,instruction,reasoning_only,18,mmd_rbf,0.013051626272499561,128
lot_paper_uncensored_refusal_like__v1,candidate,instruction,reasoning_only,18,projected_js,0.0714514086721465,128
lot_paper_uncensored_refusal_like__v1,candidate,instruction,reasoning_only,19,mmd_rbf,0.012987688183784485,128
lot_paper_uncensored_refusal_like__v1,candidate,instruction,reasoning_only,19,projected_js,0.06901619676500559,128
lot_paper_uncensored_refusal_like__v1,candidate,instruction,reasoning_only,20,mmd_rbf,0.012679298408329487,128
lot_paper_uncensored_refusal_like__v1,candidate,instruction,reasoning_only,20,projected_js,0.0691289997776039,128
lot_paper_uncensored_refusal_like__v1,candidate,instruction,reasoning_only,21,mmd_rbf,0.013317428529262543,128
lot_paper_uncensored_refusal_like__v1,candidate,instruction,reasoning_only,21,projected_js,0.07233689678832889,128
lot_paper_uncensored_refusal_like__v1,candidate,instruction,reasoning_only,22,mmd_rbf,0.012309513054788113,128
lot_paper_uncensored_refusal_like__v1,candidate,instruction,reasoning_only,22,projected_js,0.07424811326200143,128
lot_paper_uncensored_refusal_like__v1,candidate,instruction,reasoning_only,23,mmd_rbf,0.010686995461583138,128
lot_paper_uncensored_refusal_like__v1,candidate,instruction,reasoning_only,23,projected_js,0.07086974015692249,128
lot_paper_uncensored_refusal_like__v1,candidate,instruction,reasoning_only,24,mmd_rbf,0.010748603381216526,128
lot_paper_uncensored_refusal_like__v1,candidate,instruction,reasoning_only,24,projected_js,0.07148456282448024,128
lot_paper_uncensored_refusal_like__v1,candidate,instruction,reasoning_only,25,mmd_rbf,0.01032344251871109,128
lot_paper_uncensored_refusal_like__v1,candidate,instruction,reasoning_only,25,projected_js,0.07119648618390784,128
lot_paper_uncensored_refusal_like__v1,candidate,instruction,reasoning_only,26,mmd_rbf,0.010528448037803173,128
lot_paper_uncensored_refusal_like__v1,candidate,instruction,reasoning_only,26,projected_js,0.06714989733882248,128
lot_paper_uncensored_refusal_like__v1,candidate,instruction,reasoning_only,27,mmd_rbf,0.010487033054232597,128
lot_paper_uncensored_refusal_like__v1,candidate,instruction,reasoning_only,27,projected_js,0.06482403166592121,128
lot_paper_uncensored_refusal_like__v1,candidate,instruction,reasoning_only,28,mmd_rbf,0.010485018603503704,128
lot_paper_uncensored_refusal_like__v1,candidate,instruction,reasoning_only,28,projected_js,0.0652088004280813,128
lot_paper_uncensored_refusal_like__v1,candidate,instruction,reasoning_only,29,mmd_rbf,0.010252832435071468,128
lot_paper_uncensored_refusal_like__v1,candidate,instruction,reasoning_only,29,projected_js,0.06644348276313394,128
lot_paper_uncensored_refusal_like__v1,candidate,instruction,reasoning_only,30,mmd_rbf,0.010626042261719704,128
lot_paper_uncensored_refusal_like__v1,candidate,instruction,reasoning_only,30,projected_js,0.06664054794237018,128
lot_paper_uncensored_refusal_like__v1,candidate,instruction,reasoning_only,31,mmd_rbf,0.010648167692124844,128
lot_paper_uncensored_refusal_like__v1,candidate,instruction,reasoning_only,31,projected_js,0.06719585033715703,128
lot_paper_uncensored_refusal_like__v1,candidate,instruction,reasoning_only,32,mmd_rbf,0.010569742880761623,128
lot_paper_uncensored_refusal_like__v1,candidate,instruction,reasoning_only,32,projected_js,0.06849268637597561,128
lot_paper_uncensored_refusal_like__v1,candidate,instruction,reasoning_only,33,mmd_rbf,0.010422575287520885,128
lot_paper_uncensored_refusal_like__v1,candidate,instruction,reasoning_only,33,projected_js,0.06607592263026163,128
lot_paper_uncensored_refusal_like__v1,candidate,instruction,reasoning_only,34,mmd_rbf,0.011437096633017063,128
lot_paper_uncensored_refusal_like__v1,candidate,instruction,reasoning_only,34,projected_js,0.06647547398461029,128
lot_paper_uncensored_refusal_like__v1,candidate,instruction,reasoning_only,35,mmd_rbf,0.024925684556365013,128
lot_paper_uncensored_refusal_like__v1,candidate,instruction,reasoning_only,35,projected_js,0.07439727080054581,128
lot_paper_uncensored_refusal_like__v1,candidate,instruction,uncensored_only,0,mmd_rbf,0.005510047078132629,128
lot_paper_uncensored_refusal_like__v1,candidate,instruction,uncensored_only,0,projected_js,0.04986354860011488,128
lot_paper_uncensored_refusal_like__v1,candidate,instruction,uncensored_only,1,mmd_rbf,0.11805260181427002,128
lot_paper_uncensored_refusal_like__v1,candidate,instruction,uncensored_only,1,projected_js,0.1496935628238134,128
lot_paper_uncensored_refusal_like__v1,candidate,instruction,uncensored_only,2,mmd_rbf,0.11407365649938583,128
lot_paper_uncensored_refusal_like__v1,candidate,instruction,uncensored_only,2,projected_js,0.13638077094219625,128
lot_paper_uncensored_refusal_like__v1,candidate,instruction,uncensored_only,3,mmd_rbf,0.08595992624759674,128
lot_paper_uncensored_refusal_like__v1,candidate,instruction,uncensored_only,3,projected_js,0.11020582899800502,128
lot_paper_uncensored_refusal_like__v1,candidate,instruction,uncensored_only,4,mmd_rbf,0.0634441003203392,128
lot_paper_uncensored_refusal_like__v1,candidate,instruction,uncensored_only,4,projected_js,0.11416222079424188,128
lot_paper_uncensored_refusal_like__v1,candidate,instruction,uncensored_only,5,mmd_rbf,0.049869783222675323,128
lot_paper_uncensored_refusal_like__v1,candidate,instruction,uncensored_only,5,projected_js,0.10098863224266097,128
lot_paper_uncensored_refusal_like__v1,candidate,instruction,uncensored_only,6,mmd_rbf,0.030693281441926956,128
lot_paper_uncensored_refusal_like__v1,candidate,instruction,uncensored_only,6,projected_js,0.08465298631926998,128
lot_paper_uncensored_refusal_like__v1,candidate,instruction,uncensored_only,7,mmd_rbf,0.024515878409147263,128
lot_paper_uncensored_refusal_like__v1,candidate,instruction,uncensored_only,7,projected_js,0.08286617294652387,128
lot_paper_uncensored_refusal_like__v1,candidate,instruction,uncensored_only,8,mmd_rbf,0.017178749665617943,128
lot_paper_uncensored_refusal_like__v1,candidate,instruction,uncensored_only,8,projected_js,0.076222352538025,128
lot_paper_uncensored_refusal_like__v1,candidate,instruction,uncensored_only,9,mmd_rbf,0.014412392862141132,128
lot_paper_uncensored_refusal_like__v1,candidate,instruction,uncensored_only,9,projected_js,0.06445090699708089,128
lot_paper_uncensored_refusal_like__v1,candidate,instruction,uncensored_only,10,mmd_rbf,0.013261171989142895,128
lot_paper_uncensored_refusal_like__v1,candidate,instruction,uncensored_only,10,projected_js,0.0681243094149977,128
lot_paper_uncensored_refusal_like__v1,candidate,instruction,uncensored_only,11,mmd_rbf,0.011275011114776134,128
lot_paper_uncensored_refusal_like__v1,candidate,instruction,uncensored_only,11,projected_js,0.0690256412490271,128
lot_paper_uncensored_refusal_like__v1,candidate,instruction,uncensored_only,12,mmd_rbf,0.011051837354898453,128
lot_paper_uncensored_refusal_like__v1,candidate,instruction,uncensored_only,12,projected_js,0.0690906208474189,128
lot_paper_uncensored_refusal_like__v1,candidate,instruction,uncensored_only,13,mmd_rbf,0.011546238325536251,128
lot_paper_uncensored_refusal_like__v1,candidate,instruction,uncensored_only,13,projected_js,0.0701473675435409,128
lot_paper_uncensored_refusal_like__v1,candidate,instruction,uncensored_only,14,mmd_rbf,0.012110471725463867,128
lot_paper_uncensored_refusal_like__v1,candidate,instruction,uncensored_only,14,projected_js,0.06846842810045928,128
lot_paper_uncensored_refusal_like__v1,candidate,instruction,uncensored_only,15,mmd_rbf,0.01406949944794178,128
lot_paper_uncensored_refusal_like__v1,candidate,instruction,uncensored_only,15,projected_js,0.07019547908566892,128
lot_paper_uncensored_refusal_like__v1,candidate,instruction,uncensored_only,16,mmd_rbf,0.014903252013027668,128
lot_paper_uncensored_refusal_like__v1,candidate,instruction,uncensored_only,16,projected_js,0.07207246159669012,128
lot_paper_uncensored_refusal_like__v1,candidate,instruction,uncensored_only,17,mmd_rbf,0.01476520299911499,128
lot_paper_uncensored_refusal_like__v1,candidate,instruction,uncensored_only,17,projected_js,0.07357317919377238,128
lot_paper_uncensored_refusal_like__v1,candidate,instruction,uncensored_only,18,mmd_rbf,0.01527022011578083,128
lot_paper_uncensored_refusal_like__v1,candidate,instruction,uncensored_only,18,projected_js,0.07528622221434489,128
lot_paper_uncensored_refusal_like__v1,candidate,instruction,uncensored_only,19,mmd_rbf,0.014735397882759571,128
lot_paper_uncensored_refusal_like__v1,candidate,instruction,uncensored_only,19,projected_js,0.07483233226230368,128
lot_paper_uncensored_refusal_like__v1,candidate,instruction,uncensored_only,20,mmd_rbf,0.014869916252791882,128
lot_paper_uncensored_refusal_like__v1,candidate,instruction,uncensored_only,20,projected_js,0.07332783128367737,128
lot_paper_uncensored_refusal_like__v1,candidate,instruction,uncensored_only,21,mmd_rbf,0.015940258279442787,128
lot_paper_uncensored_refusal_like__v1,candidate,instruction,uncensored_only,21,projected_js,0.07467052445281297,128
lot_paper_uncensored_refusal_like__v1,candidate,instruction,uncensored_only,22,mmd_rbf,0.016616091132164,128
lot_paper_uncensored_refusal_like__v1,candidate,instruction,uncensored_only,22,projected_js,0.07440132455667481,128
lot_paper_uncensored_refusal_like__v1,candidate,instruction,uncensored_only,23,mmd_rbf,0.01623915508389473,128
lot_paper_uncensored_refusal_like__v1,candidate,instruction,uncensored_only,23,projected_js,0.07836143556050956,128
lot_paper_uncensored_refusal_like__v1,candidate,instruction,uncensored_only,24,mmd_rbf,0.017636723816394806,128
lot_paper_uncensored_refusal_like__v1,candidate,instruction,uncensored_only,24,projected_js,0.07697076565818861,128
lot_paper_uncensored_refusal_like__v1,candidate,instruction,uncensored_only,25,mmd_rbf,0.01848202757537365,128
lot_paper_uncensored_refusal_like__v1,candidate,instruction,uncensored_only,25,projected_js,0.07656477019190788,128
lot_paper_uncensored_refusal_like__v1,candidate,instruction,uncensored_only,26,mmd_rbf,0.01892036385834217,128
lot_paper_uncensored_refusal_like__v1,candidate,instruction,uncensored_only,26,projected_js,0.07753929996397346,128
lot_paper_uncensored_refusal_like__v1,candidate,instruction,uncensored_only,27,mmd_rbf,0.01874672807753086,128
lot_paper_uncensored_refusal_like__v1,candidate,instruction,uncensored_only,27,projected_js,0.07244629628257826,128
lot_paper_uncensored_refusal_like__v1,candidate,instruction,uncensored_only,28,mmd_rbf,0.017428813502192497,128
lot_paper_uncensored_refusal_like__v1,candidate,instruction,uncensored_only,28,projected_js,0.07456616190029308,128
lot_paper_uncensored_refusal_like__v1,candidate,instruction,uncensored_only,29,mmd_rbf,0.016556767746806145,128
lot_paper_uncensored_refusal_like__v1,candidate,instruction,uncensored_only,29,projected_js,0.07484452257631347,128
lot_paper_uncensored_refusal_like__v1,candidate,instruction,uncensored_only,30,mmd_rbf,0.016869693994522095,128
lot_paper_uncensored_refusal_like__v1,candidate,instruction,uncensored_only,30,projected_js,0.07009721075883135,128
lot_paper_uncensored_refusal_like__v1,candidate,instruction,uncensored_only,31,mmd_rbf,0.0163605697453022,128
lot_paper_uncensored_refusal_like__v1,candidate,instruction,uncensored_only,31,projected_js,0.07323924580123276,128
lot_paper_uncensored_refusal_like__v1,candidate,instruction,uncensored_only,32,mmd_rbf,0.01606413908302784,128
lot_paper_uncensored_refusal_like__v1,candidate,instruction,uncensored_only,32,projected_js,0.07356909761438146,128
lot_paper_uncensored_refusal_like__v1,candidate,instruction,uncensored_only,33,mmd_rbf,0.01581740193068981,128
lot_paper_uncensored_refusal_like__v1,candidate,instruction,uncensored_only,33,projected_js,0.07388214219827205,128
lot_paper_uncensored_refusal_like__v1,candidate,instruction,uncensored_only,34,mmd_rbf,0.016380686312913895,128
lot_paper_uncensored_refusal_like__v1,candidate,instruction,uncensored_only,34,projected_js,0.0728319855988957,128
lot_paper_uncensored_refusal_like__v1,candidate,instruction,uncensored_only,35,mmd_rbf,0.03497913479804993,128
lot_paper_uncensored_refusal_like__v1,candidate,instruction,uncensored_only,35,projected_js,0.07984775432851166,128
lot_paper_uncensored_refusal_like__v1,candidate,reasoning,base,0,mmd_rbf,0.0025913536082953215,128
lot_paper_uncensored_refusal_like__v1,candidate,reasoning,base,0,projected_js,0.04235302847519051,128
lot_paper_uncensored_refusal_like__v1,candidate,reasoning,base,1,mmd_rbf,0.006930632051080465,128
lot_paper_uncensored_refusal_like__v1,candidate,reasoning,base,1,projected_js,0.04449103228398599,128
lot_paper_uncensored_refusal_like__v1,candidate,reasoning,base,2,mmd_rbf,0.008024835959076881,128
lot_paper_uncensored_refusal_like__v1,candidate,reasoning,base,2,projected_js,0.05307026900118217,128
lot_paper_uncensored_refusal_like__v1,candidate,reasoning,base,3,mmd_rbf,0.009226514957845211,128
lot_paper_uncensored_refusal_like__v1,candidate,reasoning,base,3,projected_js,0.05732929575606249,128
lot_paper_uncensored_refusal_like__v1,candidate,reasoning,base,4,mmd_rbf,0.009236777201294899,128
lot_paper_uncensored_refusal_like__v1,candidate,reasoning,base,4,projected_js,0.05699750120402314,128
lot_paper_uncensored_refusal_like__v1,candidate,reasoning,base,5,mmd_rbf,0.008169419132173061,128
lot_paper_uncensored_refusal_like__v1,candidate,reasoning,base,5,projected_js,0.05466908714151941,128
lot_paper_uncensored_refusal_like__v1,candidate,reasoning,base,6,mmd_rbf,0.0059368000365793705,128
lot_paper_uncensored_refusal_like__v1,candidate,reasoning,base,6,projected_js,0.055046801193384454,128
lot_paper_uncensored_refusal_like__v1,candidate,reasoning,base,7,mmd_rbf,0.0057262275367975235,128
lot_paper_uncensored_refusal_like__v1,candidate,reasoning,base,7,projected_js,0.05726671539014205,128
lot_paper_uncensored_refusal_like__v1,candidate,reasoning,base,8,mmd_rbf,0.005181016866117716,128
lot_paper_uncensored_refusal_like__v1,candidate,reasoning,base,8,projected_js,0.056494902877602726,128
lot_paper_uncensored_refusal_like__v1,candidate,reasoning,base,9,mmd_rbf,0.005289783701300621,128
lot_paper_uncensored_refusal_like__v1,candidate,reasoning,base,9,projected_js,0.05672064275131561,128
lot_paper_uncensored_refusal_like__v1,candidate,reasoning,base,10,mmd_rbf,0.005647753365337849,128
lot_paper_uncensored_refusal_like__v1,candidate,reasoning,base,10,projected_js,0.0541984477895312,128
lot_paper_uncensored_refusal_like__v1,candidate,reasoning,base,11,mmd_rbf,0.005386739503592253,128
lot_paper_uncensored_refusal_like__v1,candidate,reasoning,base,11,projected_js,0.05508855922380462,128
lot_paper_uncensored_refusal_like__v1,candidate,reasoning,base,12,mmd_rbf,0.005758055951446295,128
lot_paper_uncensored_refusal_like__v1,candidate,reasoning,base,12,projected_js,0.05328069534152746,128
lot_paper_uncensored_refusal_like__v1,candidate,reasoning,base,13,mmd_rbf,0.005839863326400518,128
lot_paper_uncensored_refusal_like__v1,candidate,reasoning,base,13,projected_js,0.05897657581954263,128
lot_paper_uncensored_refusal_like__v1,candidate,reasoning,base,14,mmd_rbf,0.006207016296684742,128
lot_paper_uncensored_refusal_like__v1,candidate,reasoning,base,14,projected_js,0.05815771932248026,128
lot_paper_uncensored_refusal_like__v1,candidate,reasoning,base,15,mmd_rbf,0.007015374954789877,128
lot_paper_uncensored_refusal_like__v1,candidate,reasoning,base,15,projected_js,0.058073560037883,128
lot_paper_uncensored_refusal_like__v1,candidate,reasoning,base,16,mmd_rbf,0.007579554803669453,128
lot_paper_uncensored_refusal_like__v1,candidate,reasoning,base,16,projected_js,0.05557634201250039,128
lot_paper_uncensored_refusal_like__v1,candidate,reasoning,base,17,mmd_rbf,0.007234926801174879,128
lot_paper_uncensored_refusal_like__v1,candidate,reasoning,base,17,projected_js,0.06105901280534454,128
lot_paper_uncensored_refusal_like__v1,candidate,reasoning,base,18,mmd_rbf,0.00785383116453886,128
lot_paper_uncensored_refusal_like__v1,candidate,reasoning,base,18,projected_js,0.05531287522171624,128
lot_paper_uncensored_refusal_like__v1,candidate,reasoning,base,19,mmd_rbf,0.008209760300815105,128
lot_paper_uncensored_refusal_like__v1,candidate,reasoning,base,19,projected_js,0.05986128727090545,128
lot_paper_uncensored_refusal_like__v1,candidate,reasoning,base,20,mmd_rbf,0.00786447525024414,128
lot_paper_uncensored_refusal_like__v1,candidate,reasoning,base,20,projected_js,0.05802929660421796,128
lot_paper_uncensored_refusal_like__v1,candidate,reasoning,base,21,mmd_rbf,0.008246177807450294,128
lot_paper_uncensored_refusal_like__v1,candidate,reasoning,base,21,projected_js,0.057778312417212874,128
lot_paper_uncensored_refusal_like__v1,candidate,reasoning,base,22,mmd_rbf,0.007268916349858046,128
lot_paper_uncensored_refusal_like__v1,candidate,reasoning,base,22,projected_js,0.05820211593527347,128
lot_paper_uncensored_refusal_like__v1,candidate,reasoning,base,23,mmd_rbf,0.006496767979115248,128
lot_paper_uncensored_refusal_like__v1,candidate,reasoning,base,23,projected_js,0.05584923137212172,128
lot_paper_uncensored_refusal_like__v1,candidate,reasoning,base,24,mmd_rbf,0.0054446118883788586,128
lot_paper_uncensored_refusal_like__v1,candidate,reasoning,base,24,projected_js,0.054091335070552304,128
lot_paper_uncensored_refusal_like__v1,candidate,reasoning,base,25,mmd_rbf,0.004787026438862085,128
lot_paper_uncensored_refusal_like__v1,candidate,reasoning,base,25,projected_js,0.05918476262013428,128
lot_paper_uncensored_refusal_like__v1,candidate,reasoning,base,26,mmd_rbf,0.004418930038809776,128
lot_paper_uncensored_refusal_like__v1,candidate,reasoning,base,26,projected_js,0.054584828758379444,128
lot_paper_uncensored_refusal_like__v1,candidate,reasoning,base,27,mmd_rbf,0.004374279174953699,128
lot_paper_uncensored_refusal_like__v1,candidate,reasoning,base,27,projected_js,0.05679692717967555,128
lot_paper_uncensored_refusal_like__v1,candidate,reasoning,base,28,mmd_rbf,0.004328192211687565,128
lot_paper_uncensored_refusal_like__v1,candidate,reasoning,base,28,projected_js,0.05934743912075646,128
lot_paper_uncensored_refusal_like__v1,candidate,reasoning,base,29,mmd_rbf,0.004225616808980703,128
lot_paper_uncensored_refusal_like__v1,candidate,reasoning,base,29,projected_js,0.05710688844555989,128
lot_paper_uncensored_refusal_like__v1,candidate,reasoning,base,30,mmd_rbf,0.004258650355041027,128
lot_paper_uncensored_refusal_like__v1,candidate,reasoning,base,30,projected_js,0.056697740918025374,128
lot_paper_uncensored_refusal_like__v1,candidate,reasoning,base,31,mmd_rbf,0.004314198158681393,128
lot_paper_uncensored_refusal_like__v1,candidate,reasoning,base,31,projected_js,0.05487484188051894,128
lot_paper_uncensored_refusal_like__v1,candidate,reasoning,base,32,mmd_rbf,0.004871187265962362,128
lot_paper_uncensored_refusal_like__v1,candidate,reasoning,base,32,projected_js,0.05842069356003776,128
lot_paper_uncensored_refusal_like__v1,candidate,reasoning,base,33,mmd_rbf,0.005323830060660839,128
lot_paper_uncensored_refusal_like__v1,candidate,reasoning,base,33,projected_js,0.05706726014614105,128
lot_paper_uncensored_refusal_like__v1,candidate,reasoning,base,34,mmd_rbf,0.010089232586324215,128
lot_paper_uncensored_refusal_like__v1,candidate,reasoning,base,34,projected_js,0.06563470989931375,128
lot_paper_uncensored_refusal_like__v1,candidate,reasoning,base,35,mmd_rbf,0.08602669090032578,128
lot_paper_uncensored_refusal_like__v1,candidate,reasoning,base,35,projected_js,0.1289073366788216,128
lot_paper_uncensored_refusal_like__v1,candidate,reasoning,instr_only,0,mmd_rbf,0.00125943124294281,128
lot_paper_uncensored_refusal_like__v1,candidate,reasoning,instr_only,0,projected_js,0.03726009637466632,128
lot_paper_uncensored_refusal_like__v1,candidate,reasoning,instr_only,1,mmd_rbf,0.0047749923542141914,128
lot_paper_uncensored_refusal_like__v1,candidate,reasoning,instr_only,1,projected_js,0.04305282869609073,128
lot_paper_uncensored_refusal_like__v1,candidate,reasoning,instr_only,2,mmd_rbf,0.005564926657825708,128
lot_paper_uncensored_refusal_like__v1,candidate,reasoning,instr_only,2,projected_js,0.052239070588257164,128
lot_paper_uncensored_refusal_like__v1,candidate,reasoning,instr_only,3,mmd_rbf,0.005782378371804953,128
lot_paper_uncensored_refusal_like__v1,candidate,reasoning,instr_only,3,projected_js,0.05220355381607078,128
lot_paper_uncensored_refusal_like__v1,candidate,reasoning,instr_only,4,mmd_rbf,0.005553331226110458,128
lot_paper_uncensored_refusal_like__v1,candidate,reasoning,instr_only,4,projected_js,0.05258091233554296,128
lot_paper_uncensored_refusal_like__v1,candidate,reasoning,instr_only,5,mmd_rbf,0.0050852312706410885,128
lot_paper_uncensored_refusal_like__v1,candidate,reasoning,instr_only,5,projected_js,0.05100989592028782,128
lot_paper_uncensored_refusal_like__v1,candidate,reasoning,instr_only,6,mmd_rbf,0.003927002195268869,128
lot_paper_uncensored_refusal_like__v1,candidate,reasoning,instr_only,6,projected_js,0.05151617541559972,128
lot_paper_uncensored_refusal_like__v1,candidate,reasoning,instr_only,7,mmd_rbf,0.003994391765445471,128
lot_paper_uncensored_refusal_like__v1,candidate,reasoning,instr_only,7,projected_js,0.05442231806227937,128
lot_paper_uncensored_refusal_like__v1,candidate,reasoning,instr_only,8,mmd_rbf,0.00355890323407948,128
lot_paper_uncensored_refusal_like__v1,candidate,reasoning,instr_only,8,projected_js,0.053359628160251305,128
lot_paper_uncensored_refusal_like__v1,candidate,reasoning,instr_only,9,mmd_rbf,0.0036291040014475584,128
lot_paper_uncensored_refusal_like__v1,candidate,reasoning,instr_only,9,projected_js,0.05194454232696444,128
lot_paper_uncensored_refusal_like__v1,candidate,reasoning,instr_only,10,mmd_rbf,0.003919549286365509,128
lot_paper_uncensored_refusal_like__v1,candidate,reasoning,instr_only,10,projected_js,0.051698838477022946,128
lot_paper_uncensored_refusal_like__v1,candidate,reasoning,instr_only,11,mmd_rbf,0.0037136345636099577,128
lot_paper_uncensored_refusal_like__v1,candidate,reasoning,instr_only,11,projected_js,0.05284696750459261,128
lot_paper_uncensored_refusal_like__v1,candidate,reasoning,instr_only,12,mmd_rbf,0.004018375650048256,128
lot_paper_uncensored_refusal_like__v1,candidate,reasoning,instr_only,12,projected_js,0.055663506616838276,128
lot_paper_uncensored_refusal_like__v1,candidate,reasoning,instr_only,13,mmd_rbf,0.004190315492451191,128
lot_paper_uncensored_refusal_like__v1,candidate,reasoning,instr_only,13,projected_js,0.054620737268123776,128
lot_paper_uncensored_refusal_like__v1,candidate,reasoning,instr_only,14,mmd_rbf,0.00437697721645236,128
lot_paper_uncensored_refusal_like__v1,candidate,reasoning,instr_only,14,projected_js,0.053993307548807934,128
lot_paper_uncensored_refusal_like__v1,candidate,reasoning,instr_only,15,mmd_rbf,0.004848578479140997,128
lot_paper_uncensored_refusal_like__v1,candidate,reasoning,instr_only,15,projected_js,0.05684638014645316,128
lot_paper_uncensored_refusal_like__v1,candidate,reasoning,instr_only,16,mmd_rbf,0.005036212969571352,128
lot_paper_uncensored_refusal_like__v1,candidate,reasoning,instr_only,16,projected_js,0.05880130620789714,128
lot_paper_uncensored_refusal_like__v1,candidate,reasoning,instr_only,17,mmd_rbf,0.005253371316939592,128
lot_paper_uncensored_refusal_like__v1,candidate,reasoning,instr_only,17,projected_js,0.05750220938352868,128
lot_paper_uncensored_refusal_like__v1,candidate,reasoning,instr_only,18,mmd_rbf,0.005376889836043119,128
lot_paper_uncensored_refusal_like__v1,candidate,reasoning,instr_only,18,projected_js,0.05852047691587359,128
lot_paper_uncensored_refusal_like__v1,candidate,reasoning,instr_only,19,mmd_rbf,0.005730826873332262,128
lot_paper_uncensored_refusal_like__v1,candidate,reasoning,instr_only,19,projected_js,0.059341456566471606,128
lot_paper_uncensored_refusal_like__v1,candidate,reasoning,instr_only,20,mmd_rbf,0.005682418122887611,128
lot_paper_uncensored_refusal_like__v1,candidate,reasoning,instr_only,20,projected_js,0.05720834102248773,128
lot_paper_uncensored_refusal_like__v1,candidate,reasoning,instr_only,21,mmd_rbf,0.005665667355060577,128
lot_paper_uncensored_refusal_like__v1,candidate,reasoning,instr_only,21,projected_js,0.060391933540813625,128
lot_paper_uncensored_refusal_like__v1,candidate,reasoning,instr_only,22,mmd_rbf,0.0056872679851949215,128
lot_paper_uncensored_refusal_like__v1,candidate,reasoning,instr_only,22,projected_js,0.05755935481283814,128
lot_paper_uncensored_refusal_like__v1,candidate,reasoning,instr_only,23,mmd_rbf,0.00575357535853982,128
lot_paper_uncensored_refusal_like__v1,candidate,reasoning,instr_only,23,projected_js,0.056650223617907614,128
lot_paper_uncensored_refusal_like__v1,candidate,reasoning,instr_only,24,mmd_rbf,0.006118485238403082,128
lot_paper_uncensored_refusal_like__v1,candidate,reasoning,instr_only,24,projected_js,0.05724264035234228,128
lot_paper_uncensored_refusal_like__v1,candidate,reasoning,instr_only,25,mmd_rbf,0.006276733707636595,128
lot_paper_uncensored_refusal_like__v1,candidate,reasoning,instr_only,25,projected_js,0.05886228522285819,128
lot_paper_uncensored_refusal_like__v1,candidate,reasoning,instr_only,26,mmd_rbf,0.006353564560413361,128
lot_paper_uncensored_refusal_like__v1,candidate,reasoning,instr_only,26,projected_js,0.059380782244261354,128
lot_paper_uncensored_refusal_like__v1,candidate,reasoning,instr_only,27,mmd_rbf,0.006472397595643997,128
lot_paper_uncensored_refusal_like__v1,candidate,reasoning,instr_only,27,projected_js,0.06099089639610611,128
lot_paper_uncensored_refusal_like__v1,candidate,reasoning,instr_only,28,mmd_rbf,0.0065850429236888885,128
lot_paper_uncensored_refusal_like__v1,candidate,reasoning,instr_only,28,projected_js,0.06061257119290531,128
lot_paper_uncensored_refusal_like__v1,candidate,reasoning,instr_only,29,mmd_rbf,0.0067190187983214855,128
lot_paper_uncensored_refusal_like__v1,candidate,reasoning,instr_only,29,projected_js,0.06235839211149141,128
lot_paper_uncensored_refusal_like__v1,candidate,reasoning,instr_only,30,mmd_rbf,0.006843323353677988,128
lot_paper_uncensored_refusal_like__v1,candidate,reasoning,instr_only,30,projected_js,0.05917913746088743,128
lot_paper_uncensored_refusal_like__v1,candidate,reasoning,instr_only,31,mmd_rbf,0.007110851351171732,128
lot_paper_uncensored_refusal_like__v1,candidate,reasoning,instr_only,31,projected_js,0.059551490703597665,128
lot_paper_uncensored_refusal_like__v1,candidate,reasoning,instr_only,32,mmd_rbf,0.007134003099054098,128
lot_paper_uncensored_refusal_like__v1,candidate,reasoning,instr_only,32,projected_js,0.06049071080633439,128
lot_paper_uncensored_refusal_like__v1,candidate,reasoning,instr_only,33,mmd_rbf,0.006962341722100973,128
lot_paper_uncensored_refusal_like__v1,candidate,reasoning,instr_only,33,projected_js,0.05972142514656298,128
lot_paper_uncensored_refusal_like__v1,candidate,reasoning,instr_only,34,mmd_rbf,0.006908297538757324,128
lot_paper_uncensored_refusal_like__v1,candidate,reasoning,instr_only,34,projected_js,0.06300999267841689,128
lot_paper_uncensored_refusal_like__v1,candidate,reasoning,instr_only,35,mmd_rbf,0.008025925606489182,128
lot_paper_uncensored_refusal_like__v1,candidate,reasoning,instr_only,35,projected_js,0.05673243562341668,128
lot_paper_uncensored_refusal_like__v1,candidate,reasoning,reasoning_only,0,mmd_rbf,0.004168510437011719,128
lot_paper_uncensored_refusal_like__v1,candidate,reasoning,reasoning_only,0,projected_js,0.04956415729247965,128
lot_paper_uncensored_refusal_like__v1,candidate,reasoning,reasoning_only,1,mmd_rbf,0.008123420178890228,128
lot_paper_uncensored_refusal_like__v1,candidate,reasoning,reasoning_only,1,projected_js,0.057686882675625384,128
lot_paper_uncensored_refusal_like__v1,candidate,reasoning,reasoning_only,2,mmd_rbf,0.00972956232726574,128
lot_paper_uncensored_refusal_like__v1,candidate,reasoning,reasoning_only,2,projected_js,0.058378380577778444,128
lot_paper_uncensored_refusal_like__v1,candidate,reasoning,reasoning_only,3,mmd_rbf,0.01127433218061924,128
lot_paper_uncensored_refusal_like__v1,candidate,reasoning,reasoning_only,3,projected_js,0.0592625318095088,128
lot_paper_uncensored_refusal_like__v1,candidate,reasoning,reasoning_only,4,mmd_rbf,0.009491301141679287,128
lot_paper_uncensored_refusal_like__v1,candidate,reasoning,reasoning_only,4,projected_js,0.05990810284856707,128
lot_paper_uncensored_refusal_like__v1,candidate,reasoning,reasoning_only,5,mmd_rbf,0.008127646520733833,128
lot_paper_uncensored_refusal_like__v1,candidate,reasoning,reasoning_only,5,projected_js,0.05875827628187835,128
lot_paper_uncensored_refusal_like__v1,candidate,reasoning,reasoning_only,6,mmd_rbf,0.00656847981736064,128
lot_paper_uncensored_refusal_like__v1,candidate,reasoning,reasoning_only,6,projected_js,0.06320702357334085,128
lot_paper_uncensored_refusal_like__v1,candidate,reasoning,reasoning_only,7,mmd_rbf,0.007120444905012846,128
lot_paper_uncensored_refusal_like__v1,candidate,reasoning,reasoning_only,7,projected_js,0.06512591609498486,128
lot_paper_uncensored_refusal_like__v1,candidate,reasoning,reasoning_only,8,mmd_rbf,0.006552708800882101,128
lot_paper_uncensored_refusal_like__v1,candidate,reasoning,reasoning_only,8,projected_js,0.05955412256298587,128
lot_paper_uncensored_refusal_like__v1,candidate,reasoning,reasoning_only,9,mmd_rbf,0.006955166347324848,128
lot_paper_uncensored_refusal_like__v1,candidate,reasoning,reasoning_only,9,projected_js,0.062060120864771307,128
lot_paper_uncensored_refusal_like__v1,candidate,reasoning,reasoning_only,10,mmd_rbf,0.007704614195972681,128
lot_paper_uncensored_refusal_like__v1,candidate,reasoning,reasoning_only,10,projected_js,0.061435999639797956,128
lot_paper_uncensored_refusal_like__v1,candidate,reasoning,reasoning_only,11,mmd_rbf,0.0073927948251366615,128
lot_paper_uncensored_refusal_like__v1,candidate,reasoning,reasoning_only,11,projected_js,0.05957618320826441,128
lot_paper_uncensored_refusal_like__v1,candidate,reasoning,reasoning_only,12,mmd_rbf,0.007619183510541916,128
lot_paper_uncensored_refusal_like__v1,candidate,reasoning,reasoning_only,12,projected_js,0.06143774272641167,128
lot_paper_uncensored_refusal_like__v1,candidate,reasoning,reasoning_only,13,mmd_rbf,0.008299353532493114,128
lot_paper_uncensored_refusal_like__v1,candidate,reasoning,reasoning_only,13,projected_js,0.06384743412490934,128
lot_paper_uncensored_refusal_like__v1,candidate,reasoning,reasoning_only,14,mmd_rbf,0.008380554616451263,128
lot_paper_uncensored_refusal_like__v1,candidate,reasoning,reasoning_only,14,projected_js,0.06137778493575752,128
lot_paper_uncensored_refusal_like__v1,candidate,reasoning,reasoning_only,15,mmd_rbf,0.009545670822262764,128
lot_paper_uncensored_refusal_like__v1,candidate,reasoning,reasoning_only,15,projected_js,0.06473844789434224,128
lot_paper_uncensored_refusal_like__v1,candidate,reasoning,reasoning_only,16,mmd_rbf,0.009958556853234768,128
lot_paper_uncensored_refusal_like__v1,candidate,reasoning,reasoning_only,16,projected_js,0.06298096070531756,128
lot_paper_uncensored_refusal_like__v1,candidate,reasoning,reasoning_only,17,mmd_rbf,0.009707795456051826,128
lot_paper_uncensored_refusal_like__v1,candidate,reasoning,reasoning_only,17,projected_js,0.0640968099469319,128
lot_paper_uncensored_refusal_like__v1,candidate,reasoning,reasoning_only,18,mmd_rbf,0.010957124643027782,128
lot_paper_uncensored_refusal_like__v1,candidate,reasoning,reasoning_only,18,projected_js,0.06796606080024503,128
lot_paper_uncensored_refusal_like__v1,candidate,reasoning,reasoning_only,19,mmd_rbf,0.010737639851868153,128
lot_paper_uncensored_refusal_like__v1,candidate,reasoning,reasoning_only,19,projected_js,0.06817648670403287,128
lot_paper_uncensored_refusal_like__v1,candidate,reasoning,reasoning_only,20,mmd_rbf,0.010415317490696907,128
lot_paper_uncensored_refusal_like__v1,candidate,reasoning,reasoning_only,20,projected_js,0.06523191634914838,128
lot_paper_uncensored_refusal_like__v1,candidate,reasoning,reasoning_only,21,mmd_rbf,0.010624059475958347,128
lot_paper_uncensored_refusal_like__v1,candidate,reasoning,reasoning_only,21,projected_js,0.06565993168624118,128
lot_paper_uncensored_refusal_like__v1,candidate,reasoning,reasoning_only,22,mmd_rbf,0.00985655840486288,128
lot_paper_uncensored_refusal_like__v1,candidate,reasoning,reasoning_only,22,projected_js,0.06656626373296604,128
lot_paper_uncensored_refusal_like__v1,candidate,reasoning,reasoning_only,23,mmd_rbf,0.008621033281087875,128
lot_paper_uncensored_refusal_like__v1,candidate,reasoning,reasoning_only,23,projected_js,0.06361914548324421,128
lot_paper_uncensored_refusal_like__v1,candidate,reasoning,reasoning_only,24,mmd_rbf,0.008639159612357616,128
lot_paper_uncensored_refusal_like__v1,candidate,reasoning,reasoning_only,24,projected_js,0.06194521946599707,128
lot_paper_uncensored_refusal_like__v1,candidate,reasoning,reasoning_only,25,mmd_rbf,0.008018692955374718,128
lot_paper_uncensored_refusal_like__v1,candidate,reasoning,reasoning_only,25,projected_js,0.06213736208155751,128
lot_paper_uncensored_refusal_like__v1,candidate,reasoning,reasoning_only,26,mmd_rbf,0.007737947162240744,128
lot_paper_uncensored_refusal_like__v1,candidate,reasoning,reasoning_only,26,projected_js,0.062114681175444275,128
lot_paper_uncensored_refusal_like__v1,candidate,reasoning,reasoning_only,27,mmd_rbf,0.007678197231143713,128
lot_paper_uncensored_refusal_like__v1,candidate,reasoning,reasoning_only,27,projected_js,0.0600334212067537,128
lot_paper_uncensored_refusal_like__v1,candidate,reasoning,reasoning_only,28,mmd_rbf,0.0076972306706011295,128
lot_paper_uncensored_refusal_like__v1,candidate,reasoning,reasoning_only,28,projected_js,0.06117012840695679,128
lot_paper_uncensored_refusal_like__v1,candidate,reasoning,reasoning_only,29,mmd_rbf,0.007598844822496176,128
lot_paper_uncensored_refusal_like__v1,candidate,reasoning,reasoning_only,29,projected_js,0.06442123360466212,128
lot_paper_uncensored_refusal_like__v1,candidate,reasoning,reasoning_only,30,mmd_rbf,0.007652841508388519,128
lot_paper_uncensored_refusal_like__v1,candidate,reasoning,reasoning_only,30,projected_js,0.05962491512764245,128
lot_paper_uncensored_refusal_like__v1,candidate,reasoning,reasoning_only,31,mmd_rbf,0.007711156737059355,128
lot_paper_uncensored_refusal_like__v1,candidate,reasoning,reasoning_only,31,projected_js,0.06424775999039412,128
lot_paper_uncensored_refusal_like__v1,candidate,reasoning,reasoning_only,32,mmd_rbf,0.007908537052571774,128
lot_paper_uncensored_refusal_like__v1,candidate,reasoning,reasoning_only,32,projected_js,0.064327527070418,128
lot_paper_uncensored_refusal_like__v1,candidate,reasoning,reasoning_only,33,mmd_rbf,0.008496648631989956,128
lot_paper_uncensored_refusal_like__v1,candidate,reasoning,reasoning_only,33,projected_js,0.06281428865622729,128
lot_paper_uncensored_refusal_like__v1,candidate,reasoning,reasoning_only,34,mmd_rbf,0.011002577841281891,128
lot_paper_uncensored_refusal_like__v1,candidate,reasoning,reasoning_only,34,projected_js,0.06703230424318463,128
lot_paper_uncensored_refusal_like__v1,candidate,reasoning,reasoning_only,35,mmd_rbf,0.07158683240413666,128
lot_paper_uncensored_refusal_like__v1,candidate,reasoning,reasoning_only,35,projected_js,0.11690917995292693,128
lot_paper_uncensored_refusal_like__v1,candidate,reasoning,uncensored_only,0,mmd_rbf,0.00264911656267941,128
lot_paper_uncensored_refusal_like__v1,candidate,reasoning,uncensored_only,0,projected_js,0.03811344166751951,128
lot_paper_uncensored_refusal_like__v1,candidate,reasoning,uncensored_only,1,mmd_rbf,0.07138194888830185,128
lot_paper_uncensored_refusal_like__v1,candidate,reasoning,uncensored_only,1,projected_js,0.11008089227834716,128
lot_paper_uncensored_refusal_like__v1,candidate,reasoning,uncensored_only,2,mmd_rbf,0.07126704603433609,128
lot_paper_uncensored_refusal_like__v1,candidate,reasoning,uncensored_only,2,projected_js,0.10417350271018222,128
lot_paper_uncensored_refusal_like__v1,candidate,reasoning,uncensored_only,3,mmd_rbf,0.054481592029333115,128
lot_paper_uncensored_refusal_like__v1,candidate,reasoning,uncensored_only,3,projected_js,0.09238042851211503,128
lot_paper_uncensored_refusal_like__v1,candidate,reasoning,uncensored_only,4,mmd_rbf,0.038381751626729965,128
lot_paper_uncensored_refusal_like__v1,candidate,reasoning,uncensored_only,4,projected_js,0.09025539504364133,128
lot_paper_uncensored_refusal_like__v1,candidate,reasoning,uncensored_only,5,mmd_rbf,0.02725732885301113,128
lot_paper_uncensored_refusal_like__v1,candidate,reasoning,uncensored_only,5,projected_js,0.0847201487631537,128
lot_paper_uncensored_refusal_like__v1,candidate,reasoning,uncensored_only,6,mmd_rbf,0.01725747436285019,128
lot_paper_uncensored_refusal_like__v1,candidate,reasoning,uncensored_only,6,projected_js,0.07608896406600252,128
lot_paper_uncensored_refusal_like__v1,candidate,reasoning,uncensored_only,7,mmd_rbf,0.015126340091228485,128
lot_paper_uncensored_refusal_like__v1,candidate,reasoning,uncensored_only,7,projected_js,0.0729211115394719,128
lot_paper_uncensored_refusal_like__v1,candidate,reasoning,uncensored_only,8,mmd_rbf,0.011951885186135769,128
lot_paper_uncensored_refusal_like__v1,candidate,reasoning,uncensored_only,8,projected_js,0.06436385685810819,128
lot_paper_uncensored_refusal_like__v1,candidate,reasoning,uncensored_only,9,mmd_rbf,0.01034968625754118,128
lot_paper_uncensored_refusal_like__v1,candidate,reasoning,uncensored_only,9,projected_js,0.06258410235750489,128
lot_paper_uncensored_refusal_like__v1,candidate,reasoning,uncensored_only,10,mmd_rbf,0.009446741081774235,128
lot_paper_uncensored_refusal_like__v1,candidate,reasoning,uncensored_only,10,projected_js,0.061270432779565454,128
lot_paper_uncensored_refusal_like__v1,candidate,reasoning,uncensored_only,11,mmd_rbf,0.008271324448287487,128
lot_paper_uncensored_refusal_like__v1,candidate,reasoning,uncensored_only,11,projected_js,0.06243715831078589,128
lot_paper_uncensored_refusal_like__v1,candidate,reasoning,uncensored_only,12,mmd_rbf,0.008024303242564201,128
lot_paper_uncensored_refusal_like__v1,candidate,reasoning,uncensored_only,12,projected_js,0.05810523440595716,128
lot_paper_uncensored_refusal_like__v1,candidate,reasoning,uncensored_only,13,mmd_rbf,0.008054500445723534,128
lot_paper_uncensored_refusal_like__v1,candidate,reasoning,uncensored_only,13,projected_js,0.060546161024831235,128
lot_paper_uncensored_refusal_like__v1,candidate,reasoning,uncensored_only,14,mmd_rbf,0.008215868845582008,128
lot_paper_uncensored_refusal_like__v1,candidate,reasoning,uncensored_only,14,projected_js,0.0602483952534385,128
lot_paper_uncensored_refusal_like__v1,candidate,reasoning,uncensored_only,15,mmd_rbf,0.009409609250724316,128
lot_paper_uncensored_refusal_like__v1,candidate,reasoning,uncensored_only,15,projected_js,0.06441437546163797,128
lot_paper_uncensored_refusal_like__v1,candidate,reasoning,uncensored_only,16,mmd_rbf,0.010505964048206806,128
lot_paper_uncensored_refusal_like__v1,candidate,reasoning,uncensored_only,16,projected_js,0.06041325005935505,128
lot_paper_uncensored_refusal_like__v1,candidate,reasoning,uncensored_only,17,mmd_rbf,0.010410367511212826,128
lot_paper_uncensored_refusal_like__v1,candidate,reasoning,uncensored_only,17,projected_js,0.06066906300839037,128
lot_paper_uncensored_refusal_like__v1,candidate,reasoning,uncensored_only,18,mmd_rbf,0.010445891879498959,128
lot_paper_uncensored_refusal_like__v1,candidate,reasoning,uncensored_only,18,projected_js,0.0658490692730993,128
lot_paper_uncensored_refusal_like__v1,candidate,reasoning,uncensored_only,19,mmd_rbf,0.009993121027946472,128
lot_paper_uncensored_refusal_like__v1,candidate,reasoning,uncensored_only,19,projected_js,0.06428442941978574,128
lot_paper_uncensored_refusal_like__v1,candidate,reasoning,uncensored_only,20,mmd_rbf,0.010063327848911285,128
lot_paper_uncensored_refusal_like__v1,candidate,reasoning,uncensored_only,20,projected_js,0.06395986262941733,128
lot_paper_uncensored_refusal_like__v1,candidate,reasoning,uncensored_only,21,mmd_rbf,0.010545734316110611,128
lot_paper_uncensored_refusal_like__v1,candidate,reasoning,uncensored_only,21,projected_js,0.0653791757649742,128
lot_paper_uncensored_refusal_like__v1,candidate,reasoning,uncensored_only,22,mmd_rbf,0.010336095467209816,128
lot_paper_uncensored_refusal_like__v1,candidate,reasoning,uncensored_only,22,projected_js,0.06635466916486621,128
lot_paper_uncensored_refusal_like__v1,candidate,reasoning,uncensored_only,23,mmd_rbf,0.010208112187683582,128
lot_paper_uncensored_refusal_like__v1,candidate,reasoning,uncensored_only,23,projected_js,0.06518433033488691,128
lot_paper_uncensored_refusal_like__v1,candidate,reasoning,uncensored_only,24,mmd_rbf,0.010478274896740913,128
lot_paper_uncensored_refusal_like__v1,candidate,reasoning,uncensored_only,24,projected_js,0.06600684789009392,128
lot_paper_uncensored_refusal_like__v1,candidate,reasoning,uncensored_only,25,mmd_rbf,0.010991835966706276,128
lot_paper_uncensored_refusal_like__v1,candidate,reasoning,uncensored_only,25,projected_js,0.06609467760426924,128
lot_paper_uncensored_refusal_like__v1,candidate,reasoning,uncensored_only,26,mmd_rbf,0.011234751902520657,128
lot_paper_uncensored_refusal_like__v1,candidate,reasoning,uncensored_only,26,projected_js,0.06682040164014325,128
lot_paper_uncensored_refusal_like__v1,candidate,reasoning,uncensored_only,27,mmd_rbf,0.011502592824399471,128
lot_paper_uncensored_refusal_like__v1,candidate,reasoning,uncensored_only,27,projected_js,0.06743748410372064,128
lot_paper_uncensored_refusal_like__v1,candidate,reasoning,uncensored_only,28,mmd_rbf,0.011486674658954144,128
lot_paper_uncensored_refusal_like__v1,candidate,reasoning,uncensored_only,28,projected_js,0.06337165625882335,128
lot_paper_uncensored_refusal_like__v1,candidate,reasoning,uncensored_only,29,mmd_rbf,0.012079480104148388,128
lot_paper_uncensored_refusal_like__v1,candidate,reasoning,uncensored_only,29,projected_js,0.06595773238223046,128
lot_paper_uncensored_refusal_like__v1,candidate,reasoning,uncensored_only,30,mmd_rbf,0.012571235187351704,128
lot_paper_uncensored_refusal_like__v1,candidate,reasoning,uncensored_only,30,projected_js,0.06605748366564512,128
lot_paper_uncensored_refusal_like__v1,candidate,reasoning,uncensored_only,31,mmd_rbf,0.012612687423825264,128
lot_paper_uncensored_refusal_like__v1,candidate,reasoning,uncensored_only,31,projected_js,0.06943923875223845,128
lot_paper_uncensored_refusal_like__v1,candidate,reasoning,uncensored_only,32,mmd_rbf,0.012500728480517864,128
lot_paper_uncensored_refusal_like__v1,candidate,reasoning,uncensored_only,32,projected_js,0.06801814079517499,128
lot_paper_uncensored_refusal_like__v1,candidate,reasoning,uncensored_only,33,mmd_rbf,0.012386378832161427,128
lot_paper_uncensored_refusal_like__v1,candidate,reasoning,uncensored_only,33,projected_js,0.06377085478743538,128
lot_paper_uncensored_refusal_like__v1,candidate,reasoning,uncensored_only,34,mmd_rbf,0.012047160416841507,128
lot_paper_uncensored_refusal_like__v1,candidate,reasoning,uncensored_only,34,projected_js,0.06427328928839415,128
lot_paper_uncensored_refusal_like__v1,candidate,reasoning,uncensored_only,35,mmd_rbf,0.011131028644740582,128
lot_paper_uncensored_refusal_like__v1,candidate,reasoning,uncensored_only,35,projected_js,0.05976566660683602,128
lot_paper_uncensored_refusal_like__v1,candidate,uncensored_refusal_like,base,0,mmd_rbf,0.013010203838348389,128
lot_paper_uncensored_refusal_like__v1,candidate,uncensored_refusal_like,base,0,projected_js,0.062034916278207675,128
lot_paper_uncensored_refusal_like__v1,candidate,uncensored_refusal_like,base,1,mmd_rbf,0.0258665569126606,128
lot_paper_uncensored_refusal_like__v1,candidate,uncensored_refusal_like,base,1,projected_js,0.07671117992140353,128
lot_paper_uncensored_refusal_like__v1,candidate,uncensored_refusal_like,base,2,mmd_rbf,0.027429822832345963,128
lot_paper_uncensored_refusal_like__v1,candidate,uncensored_refusal_like,base,2,projected_js,0.07725103638949804,128
lot_paper_uncensored_refusal_like__v1,candidate,uncensored_refusal_like,base,3,mmd_rbf,0.04031083732843399,128
lot_paper_uncensored_refusal_like__v1,candidate,uncensored_refusal_like,base,3,projected_js,0.10417013516416773,128
lot_paper_uncensored_refusal_like__v1,candidate,uncensored_refusal_like,base,4,mmd_rbf,0.038504332304000854,128
lot_paper_uncensored_refusal_like__v1,candidate,uncensored_refusal_like,base,4,projected_js,0.09721804835135117,128
lot_paper_uncensored_refusal_like__v1,candidate,uncensored_refusal_like,base,5,mmd_rbf,0.04102126881480217,128
lot_paper_uncensored_refusal_like__v1,candidate,uncensored_refusal_like,base,5,projected_js,0.09609451703727245,128
lot_paper_uncensored_refusal_like__v1,candidate,uncensored_refusal_like,base,6,mmd_rbf,0.0337100587785244,128
lot_paper_uncensored_refusal_like__v1,candidate,uncensored_refusal_like,base,6,projected_js,0.08870870497776195,128
lot_paper_uncensored_refusal_like__v1,candidate,uncensored_refusal_like,base,7,mmd_rbf,0.030537927523255348,128
lot_paper_uncensored_refusal_like__v1,candidate,uncensored_refusal_like,base,7,projected_js,0.07885559074929915,128
lot_paper_uncensored_refusal_like__v1,candidate,uncensored_refusal_like,base,8,mmd_rbf,0.026692021638154984,128
lot_paper_uncensored_refusal_like__v1,candidate,uncensored_refusal_like,base,8,projected_js,0.08232816506642848,128
lot_paper_uncensored_refusal_like__v1,candidate,uncensored_refusal_like,base,9,mmd_rbf,0.029582560062408447,128
lot_paper_uncensored_refusal_like__v1,candidate,uncensored_refusal_like,base,9,projected_js,0.08407117694150656,128
lot_paper_uncensored_refusal_like__v1,candidate,uncensored_refusal_like,base,10,mmd_rbf,0.031553272157907486,128
lot_paper_uncensored_refusal_like__v1,candidate,uncensored_refusal_like,base,10,projected_js,0.08519495779182762,128
lot_paper_uncensored_refusal_like__v1,candidate,uncensored_refusal_like,base,11,mmd_rbf,0.03410787135362625,128
lot_paper_uncensored_refusal_like__v1,candidate,uncensored_refusal_like,base,11,projected_js,0.08649265911662951,128
lot_paper_uncensored_refusal_like__v1,candidate,uncensored_refusal_like,base,12,mmd_rbf,0.03801938518881798,128
lot_paper_uncensored_refusal_like__v1,candidate,uncensored_refusal_like,base,12,projected_js,0.08700714685255662,128
lot_paper_uncensored_refusal_like__v1,candidate,uncensored_refusal_like,base,13,mmd_rbf,0.04189500957727432,128
lot_paper_uncensored_refusal_like__v1,candidate,uncensored_refusal_like,base,13,projected_js,0.09578866348601878,128
lot_paper_uncensored_refusal_like__v1,candidate,uncensored_refusal_like,base,14,mmd_rbf,0.04415315389633179,128
lot_paper_uncensored_refusal_like__v1,candidate,uncensored_refusal_like,base,14,projected_js,0.09027804137440398,128
lot_paper_uncensored_refusal_like__v1,candidate,uncensored_refusal_like,base,15,mmd_rbf,0.046786125749349594,128
lot_paper_uncensored_refusal_like__v1,candidate,uncensored_refusal_like,base,15,projected_js,0.08652479236479849,128
lot_paper_uncensored_refusal_like__v1,candidate,uncensored_refusal_like,base,16,mmd_rbf,0.04815080016851425,128
lot_paper_uncensored_refusal_like__v1,candidate,uncensored_refusal_like,base,16,projected_js,0.08711008925456554,128
lot_paper_uncensored_refusal_like__v1,candidate,uncensored_refusal_like,base,17,mmd_rbf,0.04886249825358391,128
lot_paper_uncensored_refusal_like__v1,candidate,uncensored_refusal_like,base,17,projected_js,0.09273597691208124,128
lot_paper_uncensored_refusal_like__v1,candidate,uncensored_refusal_like,base,18,mmd_rbf,0.05150894075632095,128
lot_paper_uncensored_refusal_like__v1,candidate,uncensored_refusal_like,base,18,projected_js,0.0968134663417004,128
lot_paper_uncensored_refusal_like__v1,candidate,uncensored_refusal_like,base,19,mmd_rbf,0.05251587554812431,128
lot_paper_uncensored_refusal_like__v1,candidate,uncensored_refusal_like,base,19,projected_js,0.09614348399918526,128
lot_paper_uncensored_refusal_like__v1,candidate,uncensored_refusal_like,base,20,mmd_rbf,0.05849924311041832,128
lot_paper_uncensored_refusal_like__v1,candidate,uncensored_refusal_like,base,20,projected_js,0.09669153566937894,128
lot_paper_uncensored_refusal_like__v1,candidate,uncensored_refusal_like,base,21,mmd_rbf,0.06264281272888184,128
lot_paper_uncensored_refusal_like__v1,candidate,uncensored_refusal_like,base,21,projected_js,0.09575137961655855,128
lot_paper_uncensored_refusal_like__v1,candidate,uncensored_refusal_like,base,22,mmd_rbf,0.06461731344461441,128
lot_paper_uncensored_refusal_like__v1,candidate,uncensored_refusal_like,base,22,projected_js,0.10575174953555688,128
lot_paper_uncensored_refusal_like__v1,candidate,uncensored_refusal_like,base,23,mmd_rbf,0.06305350363254547,128
lot_paper_uncensored_refusal_like__v1,candidate,uncensored_refusal_like,base,23,projected_js,0.09908794483635575,128
lot_paper_uncensored_refusal_like__v1,candidate,uncensored_refusal_like,base,24,mmd_rbf,0.06159425526857376,128
lot_paper_uncensored_refusal_like__v1,candidate,uncensored_refusal_like,base,24,projected_js,0.10785359394503757,128
lot_paper_uncensored_refusal_like__v1,candidate,uncensored_refusal_like,base,25,mmd_rbf,0.059278249740600586,128
lot_paper_uncensored_refusal_like__v1,candidate,uncensored_refusal_like,base,25,projected_js,0.1006099134683609,128
lot_paper_uncensored_refusal_like__v1,candidate,uncensored_refusal_like,base,26,mmd_rbf,0.05886204168200493,128
lot_paper_uncensored_refusal_like__v1,candidate,uncensored_refusal_like,base,26,projected_js,0.10103280656039715,128
lot_paper_uncensored_refusal_like__v1,candidate,uncensored_refusal_like,base,27,mmd_rbf,0.059577763080596924,128
lot_paper_uncensored_refusal_like__v1,candidate,uncensored_refusal_like,base,27,projected_js,0.108441507385578,128
lot_paper_uncensored_refusal_like__v1,candidate,uncensored_refusal_like,base,28,mmd_rbf,0.058441516011953354,128
lot_paper_uncensored_refusal_like__v1,candidate,uncensored_refusal_like,base,28,projected_js,0.10792096779914573,128
lot_paper_uncensored_refusal_like__v1,candidate,uncensored_refusal_like,base,29,mmd_rbf,0.05529319867491722,128
lot_paper_uncensored_refusal_like__v1,candidate,uncensored_refusal_like,base,29,projected_js,0.10502345598069951,128
lot_paper_uncensored_refusal_like__v1,candidate,uncensored_refusal_like,base,30,mmd_rbf,0.056462716311216354,128
lot_paper_uncensored_refusal_like__v1,candidate,uncensored_refusal_like,base,30,projected_js,0.10520245158113539,128
lot_paper_uncensored_refusal_like__v1,candidate,uncensored_refusal_like,base,31,mmd_rbf,0.05541535094380379,128
lot_paper_uncensored_refusal_like__v1,candidate,uncensored_refusal_like,base,31,projected_js,0.10114552598679438,128
lot_paper_uncensored_refusal_like__v1,candidate,uncensored_refusal_like,base,32,mmd_rbf,0.05534645542502403,128
lot_paper_uncensored_refusal_like__v1,candidate,uncensored_refusal_like,base,32,projected_js,0.09929021954303607,128
lot_paper_uncensored_refusal_like__v1,candidate,uncensored_refusal_like,base,33,mmd_rbf,0.05211666226387024,128
lot_paper_uncensored_refusal_like__v1,candidate,uncensored_refusal_like,base,33,projected_js,0.10301106894621626,128
lot_paper_uncensored_refusal_like__v1,candidate,uncensored_refusal_like,base,34,mmd_rbf,0.06695620715618134,128
lot_paper_uncensored_refusal_like__v1,candidate,uncensored_refusal_like,base,34,projected_js,0.11426527646835893,128
lot_paper_uncensored_refusal_like__v1,candidate,uncensored_refusal_like,base,35,mmd_rbf,0.16225457191467285,128
lot_paper_uncensored_refusal_like__v1,candidate,uncensored_refusal_like,base,35,projected_js,0.19366422295570374,128
lot_paper_uncensored_refusal_like__v1,candidate,uncensored_refusal_like,instr_only,0,mmd_rbf,0.005933141801506281,128
lot_paper_uncensored_refusal_like__v1,candidate,uncensored_refusal_like,instr_only,0,projected_js,0.04753099258232396,128
lot_paper_uncensored_refusal_like__v1,candidate,uncensored_refusal_like,instr_only,1,mmd_rbf,0.018058914691209793,128
lot_paper_uncensored_refusal_like__v1,candidate,uncensored_refusal_like,instr_only,1,projected_js,0.06559402390848845,128
lot_paper_uncensored_refusal_like__v1,candidate,uncensored_refusal_like,instr_only,2,mmd_rbf,0.017375415191054344,128
lot_paper_uncensored_refusal_like__v1,candidate,uncensored_refusal_like,instr_only,2,projected_js,0.06632681834162213,128
lot_paper_uncensored_refusal_like__v1,candidate,uncensored_refusal_like,instr_only,3,mmd_rbf,0.018022192642092705,128
lot_paper_uncensored_refusal_like__v1,candidate,uncensored_refusal_like,instr_only,3,projected_js,0.07255252241156995,128
lot_paper_uncensored_refusal_like__v1,candidate,uncensored_refusal_like,instr_only,4,mmd_rbf,0.018799914047122,128
lot_paper_uncensored_refusal_like__v1,candidate,uncensored_refusal_like,instr_only,4,projected_js,0.07396441203309223,128
lot_paper_uncensored_refusal_like__v1,candidate,uncensored_refusal_like,instr_only,5,mmd_rbf,0.019762316718697548,128
lot_paper_uncensored_refusal_like__v1,candidate,uncensored_refusal_like,instr_only,5,projected_js,0.07249365706229582,128
lot_paper_uncensored_refusal_like__v1,candidate,uncensored_refusal_like,instr_only,6,mmd_rbf,0.01483039278537035,128
lot_paper_uncensored_refusal_like__v1,candidate,uncensored_refusal_like,instr_only,6,projected_js,0.06590223783859983,128
lot_paper_uncensored_refusal_like__v1,candidate,uncensored_refusal_like,instr_only,7,mmd_rbf,0.01251116394996643,128
lot_paper_uncensored_refusal_like__v1,candidate,uncensored_refusal_like,instr_only,7,projected_js,0.06924932537367567,128
lot_paper_uncensored_refusal_like__v1,candidate,uncensored_refusal_like,instr_only,8,mmd_rbf,0.00997309759259224,128
lot_paper_uncensored_refusal_like__v1,candidate,uncensored_refusal_like,instr_only,8,projected_js,0.06498534115962684,128
lot_paper_uncensored_refusal_like__v1,candidate,uncensored_refusal_like,instr_only,9,mmd_rbf,0.010013043880462646,128
lot_paper_uncensored_refusal_like__v1,candidate,uncensored_refusal_like,instr_only,9,projected_js,0.06844147498486564,128
lot_paper_uncensored_refusal_like__v1,candidate,uncensored_refusal_like,instr_only,10,mmd_rbf,0.010789289139211178,128
lot_paper_uncensored_refusal_like__v1,candidate,uncensored_refusal_like,instr_only,10,projected_js,0.06914687497192062,128
lot_paper_uncensored_refusal_like__v1,candidate,uncensored_refusal_like,instr_only,11,mmd_rbf,0.010379095561802387,128
lot_paper_uncensored_refusal_like__v1,candidate,uncensored_refusal_like,instr_only,11,projected_js,0.06972250362741761,128
lot_paper_uncensored_refusal_like__v1,candidate,uncensored_refusal_like,instr_only,12,mmd_rbf,0.01105501875281334,128
lot_paper_uncensored_refusal_like__v1,candidate,uncensored_refusal_like,instr_only,12,projected_js,0.06352067124680616,128
lot_paper_uncensored_refusal_like__v1,candidate,uncensored_refusal_like,instr_only,13,mmd_rbf,0.011220828630030155,128
lot_paper_uncensored_refusal_like__v1,candidate,uncensored_refusal_like,instr_only,13,projected_js,0.06511763558955863,128
lot_paper_uncensored_refusal_like__v1,candidate,uncensored_refusal_like,instr_only,14,mmd_rbf,0.01113643404096365,128
lot_paper_uncensored_refusal_like__v1,candidate,uncensored_refusal_like,instr_only,14,projected_js,0.06609594746259972,128
lot_paper_uncensored_refusal_like__v1,candidate,uncensored_refusal_like,instr_only,15,mmd_rbf,0.011296418495476246,128
lot_paper_uncensored_refusal_like__v1,candidate,uncensored_refusal_like,instr_only,15,projected_js,0.06753378780558705,128
lot_paper_uncensored_refusal_like__v1,candidate,uncensored_refusal_like,instr_only,16,mmd_rbf,0.011763977818191051,128
lot_paper_uncensored_refusal_like__v1,candidate,uncensored_refusal_like,instr_only,16,projected_js,0.06761615572031587,128
lot_paper_uncensored_refusal_like__v1,candidate,uncensored_refusal_like,instr_only,17,mmd_rbf,0.012347827665507793,128
lot_paper_uncensored_refusal_like__v1,candidate,uncensored_refusal_like,instr_only,17,projected_js,0.0658021648414433,128
lot_paper_uncensored_refusal_like__v1,candidate,uncensored_refusal_like,instr_only,18,mmd_rbf,0.014062315225601196,128
lot_paper_uncensored_refusal_like__v1,candidate,uncensored_refusal_like,instr_only,18,projected_js,0.0684128919383511,128
lot_paper_uncensored_refusal_like__v1,candidate,uncensored_refusal_like,instr_only,19,mmd_rbf,0.01429489441215992,128
lot_paper_uncensored_refusal_like__v1,candidate,uncensored_refusal_like,instr_only,19,projected_js,0.06551825531641953,128
lot_paper_uncensored_refusal_like__v1,candidate,uncensored_refusal_like,instr_only,20,mmd_rbf,0.01510116457939148,128
lot_paper_uncensored_refusal_like__v1,candidate,uncensored_refusal_like,instr_only,20,projected_js,0.06694969220552593,128
lot_paper_uncensored_refusal_like__v1,candidate,uncensored_refusal_like,instr_only,21,mmd_rbf,0.01690533570945263,128
lot_paper_uncensored_refusal_like__v1,candidate,uncensored_refusal_like,instr_only,21,projected_js,0.06750609065056778,128
lot_paper_uncensored_refusal_like__v1,candidate,uncensored_refusal_like,instr_only,22,mmd_rbf,0.01749795861542225,128
lot_paper_uncensored_refusal_like__v1,candidate,uncensored_refusal_like,instr_only,22,projected_js,0.07044701208360493,128
lot_paper_uncensored_refusal_like__v1,candidate,uncensored_refusal_like,instr_only,23,mmd_rbf,0.016981355845928192,128
lot_paper_uncensored_refusal_like__v1,candidate,uncensored_refusal_like,instr_only,23,projected_js,0.0702998578781262,128
lot_paper_uncensored_refusal_like__v1,candidate,uncensored_refusal_like,instr_only,24,mmd_rbf,0.018916776403784752,128
lot_paper_uncensored_refusal_like__v1,candidate,uncensored_refusal_like,instr_only,24,projected_js,0.07293790607945994,128
lot_paper_uncensored_refusal_like__v1,candidate,uncensored_refusal_like,instr_only,25,mmd_rbf,0.02078041434288025,128
lot_paper_uncensored_refusal_like__v1,candidate,uncensored_refusal_like,instr_only,25,projected_js,0.07605242874706164,128
lot_paper_uncensored_refusal_like__v1,candidate,uncensored_refusal_like,instr_only,26,mmd_rbf,0.022965917363762856,128
lot_paper_uncensored_refusal_like__v1,candidate,uncensored_refusal_like,instr_only,26,projected_js,0.07820216147229075,128
lot_paper_uncensored_refusal_like__v1,candidate,uncensored_refusal_like,instr_only,27,mmd_rbf,0.02372254617512226,128
lot_paper_uncensored_refusal_like__v1,candidate,uncensored_refusal_like,instr_only,27,projected_js,0.07487752166343853,128
lot_paper_uncensored_refusal_like__v1,candidate,uncensored_refusal_like,instr_only,28,mmd_rbf,0.024772802367806435,128
lot_paper_uncensored_refusal_like__v1,candidate,uncensored_refusal_like,instr_only,28,projected_js,0.08102697972208261,128
lot_paper_uncensored_refusal_like__v1,candidate,uncensored_refusal_like,instr_only,29,mmd_rbf,0.024008724838495255,128
lot_paper_uncensored_refusal_like__v1,candidate,uncensored_refusal_like,instr_only,29,projected_js,0.0798985052970238,128
lot_paper_uncensored_refusal_like__v1,candidate,uncensored_refusal_like,instr_only,30,mmd_rbf,0.025232423096895218,128
lot_paper_uncensored_refusal_like__v1,candidate,uncensored_refusal_like,instr_only,30,projected_js,0.08167607389623299,128
lot_paper_uncensored_refusal_like__v1,candidate,uncensored_refusal_like,instr_only,31,mmd_rbf,0.025212014093995094,128
lot_paper_uncensored_refusal_like__v1,candidate,uncensored_refusal_like,instr_only,31,projected_js,0.08279752472299151,128
lot_paper_uncensored_refusal_like__v1,candidate,uncensored_refusal_like,instr_only,32,mmd_rbf,0.025101521983742714,128
lot_paper_uncensored_refusal_like__v1,candidate,uncensored_refusal_like,instr_only,32,projected_js,0.07976574049098417,128
lot_paper_uncensored_refusal_like__v1,candidate,uncensored_refusal_like,instr_only,33,mmd_rbf,0.02414594404399395,128
lot_paper_uncensored_refusal_like__v1,candidate,uncensored_refusal_like,instr_only,33,projected_js,0.08272297022631392,128
lot_paper_uncensored_refusal_like__v1,candidate,uncensored_refusal_like,instr_only,34,mmd_rbf,0.026230862364172935,128
lot_paper_uncensored_refusal_like__v1,candidate,uncensored_refusal_like,instr_only,34,projected_js,0.08249469567090273,128
lot_paper_uncensored_refusal_like__v1,candidate,uncensored_refusal_like,instr_only,35,mmd_rbf,0.059839483350515366,128
lot_paper_uncensored_refusal_like__v1,candidate,uncensored_refusal_like,instr_only,35,projected_js,0.11108899826649576,128
lot_paper_uncensored_refusal_like__v1,candidate,uncensored_refusal_like,reasoning_only,0,mmd_rbf,0.021203989163041115,128
lot_paper_uncensored_refusal_like__v1,candidate,uncensored_refusal_like,reasoning_only,0,projected_js,0.08523306602728553,128
lot_paper_uncensored_refusal_like__v1,candidate,uncensored_refusal_like,reasoning_only,1,mmd_rbf,0.03328065201640129,128
lot_paper_uncensored_refusal_like__v1,candidate,uncensored_refusal_like,reasoning_only,1,projected_js,0.08955622935900465,128
lot_paper_uncensored_refusal_like__v1,candidate,uncensored_refusal_like,reasoning_only,2,mmd_rbf,0.02837851084768772,128
lot_paper_uncensored_refusal_like__v1,candidate,uncensored_refusal_like,reasoning_only,2,projected_js,0.08168421784648672,128
lot_paper_uncensored_refusal_like__v1,candidate,uncensored_refusal_like,reasoning_only,3,mmd_rbf,0.032095130532979965,128
lot_paper_uncensored_refusal_like__v1,candidate,uncensored_refusal_like,reasoning_only,3,projected_js,0.08455187198705971,128
lot_paper_uncensored_refusal_like__v1,candidate,uncensored_refusal_like,reasoning_only,4,mmd_rbf,0.032116204500198364,128
lot_paper_uncensored_refusal_like__v1,candidate,uncensored_refusal_like,reasoning_only,4,projected_js,0.09532660699915141,128
lot_paper_uncensored_refusal_like__v1,candidate,uncensored_refusal_like,reasoning_only,5,mmd_rbf,0.032930146902799606,128
lot_paper_uncensored_refusal_like__v1,candidate,uncensored_refusal_like,reasoning_only,5,projected_js,0.09717038774397224,128
lot_paper_uncensored_refusal_like__v1,candidate,uncensored_refusal_like,reasoning_only,6,mmd_rbf,0.02561025694012642,128
lot_paper_uncensored_refusal_like__v1,candidate,uncensored_refusal_like,reasoning_only,6,projected_js,0.082974951073993,128
lot_paper_uncensored_refusal_like__v1,candidate,uncensored_refusal_like,reasoning_only,7,mmd_rbf,0.023228362202644348,128
lot_paper_uncensored_refusal_like__v1,candidate,uncensored_refusal_like,reasoning_only,7,projected_js,0.08403870894107968,128
lot_paper_uncensored_refusal_like__v1,candidate,uncensored_refusal_like,reasoning_only,8,mmd_rbf,0.018545249477028847,128
lot_paper_uncensored_refusal_like__v1,candidate,uncensored_refusal_like,reasoning_only,8,projected_js,0.07959851386840455,128
lot_paper_uncensored_refusal_like__v1,candidate,uncensored_refusal_like,reasoning_only,9,mmd_rbf,0.018219374120235443,128
lot_paper_uncensored_refusal_like__v1,candidate,uncensored_refusal_like,reasoning_only,9,projected_js,0.07749776457785629,128
lot_paper_uncensored_refusal_like__v1,candidate,uncensored_refusal_like,reasoning_only,10,mmd_rbf,0.01944446936249733,128
lot_paper_uncensored_refusal_like__v1,candidate,uncensored_refusal_like,reasoning_only,10,projected_js,0.08009938499890268,128
lot_paper_uncensored_refusal_like__v1,candidate,uncensored_refusal_like,reasoning_only,11,mmd_rbf,0.01880856417119503,128
lot_paper_uncensored_refusal_like__v1,candidate,uncensored_refusal_like,reasoning_only,11,projected_js,0.07714589731767774,128
lot_paper_uncensored_refusal_like__v1,candidate,uncensored_refusal_like,reasoning_only,12,mmd_rbf,0.020817216485738754,128
lot_paper_uncensored_refusal_like__v1,candidate,uncensored_refusal_like,reasoning_only,12,projected_js,0.07564153522253036,128
lot_paper_uncensored_refusal_like__v1,candidate,uncensored_refusal_like,reasoning_only,13,mmd_rbf,0.02240760438144207,128
lot_paper_uncensored_refusal_like__v1,candidate,uncensored_refusal_like,reasoning_only,13,projected_js,0.07900288788368925,128
lot_paper_uncensored_refusal_like__v1,candidate,uncensored_refusal_like,reasoning_only,14,mmd_rbf,0.021910695359110832,128
lot_paper_uncensored_refusal_like__v1,candidate,uncensored_refusal_like,reasoning_only,14,projected_js,0.0755857945769094,128
lot_paper_uncensored_refusal_like__v1,candidate,uncensored_refusal_like,reasoning_only,15,mmd_rbf,0.022880399599671364,128
lot_paper_uncensored_refusal_like__v1,candidate,uncensored_refusal_like,reasoning_only,15,projected_js,0.08008502708980814,128
lot_paper_uncensored_refusal_like__v1,candidate,uncensored_refusal_like,reasoning_only,16,mmd_rbf,0.02308601140975952,128
lot_paper_uncensored_refusal_like__v1,candidate,uncensored_refusal_like,reasoning_only,16,projected_js,0.07714920939179137,128
lot_paper_uncensored_refusal_like__v1,candidate,uncensored_refusal_like,reasoning_only,17,mmd_rbf,0.022459160536527634,128
lot_paper_uncensored_refusal_like__v1,candidate,uncensored_refusal_like,reasoning_only,17,projected_js,0.0777121193241328,128
lot_paper_uncensored_refusal_like__v1,candidate,uncensored_refusal_like,reasoning_only,18,mmd_rbf,0.02587234415113926,128
lot_paper_uncensored_refusal_like__v1,candidate,uncensored_refusal_like,reasoning_only,18,projected_js,0.07725937201757915,128
lot_paper_uncensored_refusal_like__v1,candidate,uncensored_refusal_like,reasoning_only,19,mmd_rbf,0.024844443425536156,128
lot_paper_uncensored_refusal_like__v1,candidate,uncensored_refusal_like,reasoning_only,19,projected_js,0.07310558570316061,128
lot_paper_uncensored_refusal_like__v1,candidate,uncensored_refusal_like,reasoning_only,20,mmd_rbf,0.024364938959479332,128
lot_paper_uncensored_refusal_like__v1,candidate,uncensored_refusal_like,reasoning_only,20,projected_js,0.07322726561687887,128
lot_paper_uncensored_refusal_like__v1,candidate,uncensored_refusal_like,reasoning_only,21,mmd_rbf,0.025171006098389626,128
lot_paper_uncensored_refusal_like__v1,candidate,uncensored_refusal_like,reasoning_only,21,projected_js,0.07367663644254208,128
lot_paper_uncensored_refusal_like__v1,candidate,uncensored_refusal_like,reasoning_only,22,mmd_rbf,0.024572215974330902,128
lot_paper_uncensored_refusal_like__v1,candidate,uncensored_refusal_like,reasoning_only,22,projected_js,0.08071506931446493,128
lot_paper_uncensored_refusal_like__v1,candidate,uncensored_refusal_like,reasoning_only,23,mmd_rbf,0.021631723269820213,128
lot_paper_uncensored_refusal_like__v1,candidate,uncensored_refusal_like,reasoning_only,23,projected_js,0.07884173496859148,128
lot_paper_uncensored_refusal_like__v1,candidate,uncensored_refusal_like,reasoning_only,24,mmd_rbf,0.024190513417124748,128
lot_paper_uncensored_refusal_like__v1,candidate,uncensored_refusal_like,reasoning_only,24,projected_js,0.08110569411655888,128
lot_paper_uncensored_refusal_like__v1,candidate,uncensored_refusal_like,reasoning_only,25,mmd_rbf,0.023654034361243248,128
lot_paper_uncensored_refusal_like__v1,candidate,uncensored_refusal_like,reasoning_only,25,projected_js,0.07626451953547075,128
lot_paper_uncensored_refusal_like__v1,candidate,uncensored_refusal_like,reasoning_only,26,mmd_rbf,0.024924932047724724,128
lot_paper_uncensored_refusal_like__v1,candidate,uncensored_refusal_like,reasoning_only,26,projected_js,0.07547329773660749,128
lot_paper_uncensored_refusal_like__v1,candidate,uncensored_refusal_like,reasoning_only,27,mmd_rbf,0.02592349424958229,128
lot_paper_uncensored_refusal_like__v1,candidate,uncensored_refusal_like,reasoning_only,27,projected_js,0.07619173504645005,128
lot_paper_uncensored_refusal_like__v1,candidate,uncensored_refusal_like,reasoning_only,28,mmd_rbf,0.026611769571900368,128
lot_paper_uncensored_refusal_like__v1,candidate,uncensored_refusal_like,reasoning_only,28,projected_js,0.08196046913508326,128
lot_paper_uncensored_refusal_like__v1,candidate,uncensored_refusal_like,reasoning_only,29,mmd_rbf,0.025801032781600952,128
lot_paper_uncensored_refusal_like__v1,candidate,uncensored_refusal_like,reasoning_only,29,projected_js,0.08025141869438812,128
lot_paper_uncensored_refusal_like__v1,candidate,uncensored_refusal_like,reasoning_only,30,mmd_rbf,0.027231106534600258,128
lot_paper_uncensored_refusal_like__v1,candidate,uncensored_refusal_like,reasoning_only,30,projected_js,0.087053878873121,128
lot_paper_uncensored_refusal_like__v1,candidate,uncensored_refusal_like,reasoning_only,31,mmd_rbf,0.027494926005601883,128
lot_paper_uncensored_refusal_like__v1,candidate,uncensored_refusal_like,reasoning_only,31,projected_js,0.08468137856107205,128
lot_paper_uncensored_refusal_like__v1,candidate,uncensored_refusal_like,reasoning_only,32,mmd_rbf,0.02810746245086193,128
lot_paper_uncensored_refusal_like__v1,candidate,uncensored_refusal_like,reasoning_only,32,projected_js,0.08276035456219688,128
lot_paper_uncensored_refusal_like__v1,candidate,uncensored_refusal_like,reasoning_only,33,mmd_rbf,0.028140246868133545,128
lot_paper_uncensored_refusal_like__v1,candidate,uncensored_refusal_like,reasoning_only,33,projected_js,0.0816332854446955,128
lot_paper_uncensored_refusal_like__v1,candidate,uncensored_refusal_like,reasoning_only,34,mmd_rbf,0.032687075436115265,128
lot_paper_uncensored_refusal_like__v1,candidate,uncensored_refusal_like,reasoning_only,34,projected_js,0.08186622185166925,128
lot_paper_uncensored_refusal_like__v1,candidate,uncensored_refusal_like,reasoning_only,35,mmd_rbf,0.061738014221191406,128
lot_paper_uncensored_refusal_like__v1,candidate,uncensored_refusal_like,reasoning_only,35,projected_js,0.11101575510110706,128
lot_paper_uncensored_refusal_like__v1,candidate,uncensored_refusal_like,uncensored_only,0,mmd_rbf,0.0118651632219553,128
lot_paper_uncensored_refusal_like__v1,candidate,uncensored_refusal_like,uncensored_only,0,projected_js,0.06061807504738681,128
lot_paper_uncensored_refusal_like__v1,candidate,uncensored_refusal_like,uncensored_only,1,mmd_rbf,0.20804600417613983,128
lot_paper_uncensored_refusal_like__v1,candidate,uncensored_refusal_like,uncensored_only,1,projected_js,0.2400848717079498,128
lot_paper_uncensored_refusal_like__v1,candidate,uncensored_refusal_like,uncensored_only,2,mmd_rbf,0.20139740407466888,128
lot_paper_uncensored_refusal_like__v1,candidate,uncensored_refusal_like,uncensored_only,2,projected_js,0.2092350127059035,128
lot_paper_uncensored_refusal_like__v1,candidate,uncensored_refusal_like,uncensored_only,3,mmd_rbf,0.16368578374385834,128
lot_paper_uncensored_refusal_like__v1,candidate,uncensored_refusal_like,uncensored_only,3,projected_js,0.16373075736919418,128
lot_paper_uncensored_refusal_like__v1,candidate,uncensored_refusal_like,uncensored_only,4,mmd_rbf,0.13314373791217804,128
lot_paper_uncensored_refusal_like__v1,candidate,uncensored_refusal_like,uncensored_only,4,projected_js,0.16336067824158818,128
lot_paper_uncensored_refusal_like__v1,candidate,uncensored_refusal_like,uncensored_only,5,mmd_rbf,0.10728082805871964,128
lot_paper_uncensored_refusal_like__v1,candidate,uncensored_refusal_like,uncensored_only,5,projected_js,0.1605177854653448,128
lot_paper_uncensored_refusal_like__v1,candidate,uncensored_refusal_like,uncensored_only,6,mmd_rbf,0.06769560277462006,128
lot_paper_uncensored_refusal_like__v1,candidate,uncensored_refusal_like,uncensored_only,6,projected_js,0.12001580226933584,128
lot_paper_uncensored_refusal_like__v1,candidate,uncensored_refusal_like,uncensored_only,7,mmd_rbf,0.05125534534454346,128
lot_paper_uncensored_refusal_like__v1,candidate,uncensored_refusal_like,uncensored_only,7,projected_js,0.10460773226805031,128
lot_paper_uncensored_refusal_like__v1,candidate,uncensored_refusal_like,uncensored_only,8,mmd_rbf,0.03642905130982399,128
lot_paper_uncensored_refusal_like__v1,candidate,uncensored_refusal_like,uncensored_only,8,projected_js,0.08749510365305468,128
lot_paper_uncensored_refusal_like__v1,candidate,uncensored_refusal_like,uncensored_only,9,mmd_rbf,0.03180483728647232,128
lot_paper_uncensored_refusal_like__v1,candidate,uncensored_refusal_like,uncensored_only,9,projected_js,0.07856841379543766,128
lot_paper_uncensored_refusal_like__v1,candidate,uncensored_refusal_like,uncensored_only,10,mmd_rbf,0.027508152648806572,128
lot_paper_uncensored_refusal_like__v1,candidate,uncensored_refusal_like,uncensored_only,10,projected_js,0.07738120824797079,128
lot_paper_uncensored_refusal_like__v1,candidate,uncensored_refusal_like,uncensored_only,11,mmd_rbf,0.02386210486292839,128
lot_paper_uncensored_refusal_like__v1,candidate,uncensored_refusal_like,uncensored_only,11,projected_js,0.07115018571494147,128
lot_paper_uncensored_refusal_like__v1,candidate,uncensored_refusal_like,uncensored_only,12,mmd_rbf,0.02485688216984272,128
lot_paper_uncensored_refusal_like__v1,candidate,uncensored_refusal_like,uncensored_only,12,projected_js,0.07548042928101495,128
lot_paper_uncensored_refusal_like__v1,candidate,uncensored_refusal_like,uncensored_only,13,mmd_rbf,0.02726258710026741,128
lot_paper_uncensored_refusal_like__v1,candidate,uncensored_refusal_like,uncensored_only,13,projected_js,0.07709730335045606,128
lot_paper_uncensored_refusal_like__v1,candidate,uncensored_refusal_like,uncensored_only,14,mmd_rbf,0.027806146070361137,128
lot_paper_uncensored_refusal_like__v1,candidate,uncensored_refusal_like,uncensored_only,14,projected_js,0.07972579845227301,128
lot_paper_uncensored_refusal_like__v1,candidate,uncensored_refusal_like,uncensored_only,15,mmd_rbf,0.03402092680335045,128
lot_paper_uncensored_refusal_like__v1,candidate,uncensored_refusal_like,uncensored_only,15,projected_js,0.0836415984085761,128
lot_paper_uncensored_refusal_like__v1,candidate,uncensored_refusal_like,uncensored_only,16,mmd_rbf,0.03613370284438133,128
lot_paper_uncensored_refusal_like__v1,candidate,uncensored_refusal_like,uncensored_only,16,projected_js,0.08155882160644978,128
lot_paper_uncensored_refusal_like__v1,candidate,uncensored_refusal_like,uncensored_only,17,mmd_rbf,0.03813209757208824,128
lot_paper_uncensored_refusal_like__v1,candidate,uncensored_refusal_like,uncensored_only,17,projected_js,0.08608457812806591,128
lot_paper_uncensored_refusal_like__v1,candidate,uncensored_refusal_like,uncensored_only,18,mmd_rbf,0.04126674681901932,128
lot_paper_uncensored_refusal_like__v1,candidate,uncensored_refusal_like,uncensored_only,18,projected_js,0.08694325684336945,128
lot_paper_uncensored_refusal_like__v1,candidate,uncensored_refusal_like,uncensored_only,19,mmd_rbf,0.03867366909980774,128
lot_paper_uncensored_refusal_like__v1,candidate,uncensored_refusal_like,uncensored_only,19,projected_js,0.08851172868162394,128
lot_paper_uncensored_refusal_like__v1,candidate,uncensored_refusal_like,uncensored_only,20,mmd_rbf,0.040493082255125046,128
lot_paper_uncensored_refusal_like__v1,candidate,uncensored_refusal_like,uncensored_only,20,projected_js,0.08479948772583157,128
lot_paper_uncensored_refusal_like__v1,candidate,uncensored_refusal_like,uncensored_only,21,mmd_rbf,0.04408992454409599,128
lot_paper_uncensored_refusal_like__v1,candidate,uncensored_refusal_like,uncensored_only,21,projected_js,0.08930407580919564,128
lot_paper_uncensored_refusal_like__v1,candidate,uncensored_refusal_like,uncensored_only,22,mmd_rbf,0.044158656150102615,128
lot_paper_uncensored_refusal_like__v1,candidate,uncensored_refusal_like,uncensored_only,22,projected_js,0.09704238141421229,128
lot_paper_uncensored_refusal_like__v1,candidate,uncensored_refusal_like,uncensored_only,23,mmd_rbf,0.04275676608085632,128
lot_paper_uncensored_refusal_like__v1,candidate,uncensored_refusal_like,uncensored_only,23,projected_js,0.09840064769377932,128
lot_paper_uncensored_refusal_like__v1,candidate,uncensored_refusal_like,uncensored_only,24,mmd_rbf,0.0476682074368,128
lot_paper_uncensored_refusal_like__v1,candidate,uncensored_refusal_like,uncensored_only,24,projected_js,0.09954056586138904,128
lot_paper_uncensored_refusal_like__v1,candidate,uncensored_refusal_like,uncensored_only,25,mmd_rbf,0.051733363419771194,128
lot_paper_uncensored_refusal_like__v1,candidate,uncensored_refusal_like,uncensored_only,25,projected_js,0.10165899817366153,128
lot_paper_uncensored_refusal_like__v1,candidate,uncensored_refusal_like,uncensored_only,26,mmd_rbf,0.05362141132354736,128
lot_paper_uncensored_refusal_like__v1,candidate,uncensored_refusal_like,uncensored_only,26,projected_js,0.09628705424256623,128
lot_paper_uncensored_refusal_like__v1,candidate,uncensored_refusal_like,uncensored_only,27,mmd_rbf,0.05595913156867027,128
lot_paper_uncensored_refusal_like__v1,candidate,uncensored_refusal_like,uncensored_only,27,projected_js,0.10180389287415892,128
lot_paper_uncensored_refusal_like__v1,candidate,uncensored_refusal_like,uncensored_only,28,mmd_rbf,0.05568535253405571,128
lot_paper_uncensored_refusal_like__v1,candidate,uncensored_refusal_like,uncensored_only,28,projected_js,0.10978065809467807,128
lot_paper_uncensored_refusal_like__v1,candidate,uncensored_refusal_like,uncensored_only,29,mmd_rbf,0.05330299958586693,128
lot_paper_uncensored_refusal_like__v1,candidate,uncensored_refusal_like,uncensored_only,29,projected_js,0.10655990947270766,128
lot_paper_uncensored_refusal_like__v1,candidate,uncensored_refusal_like,uncensored_only,30,mmd_rbf,0.057587750256061554,128
lot_paper_uncensored_refusal_like__v1,candidate,uncensored_refusal_like,uncensored_only,30,projected_js,0.10780204739421606,128
lot_paper_uncensored_refusal_like__v1,candidate,uncensored_refusal_like,uncensored_only,31,mmd_rbf,0.05647774413228035,128
lot_paper_uncensored_refusal_like__v1,candidate,uncensored_refusal_like,uncensored_only,31,projected_js,0.10517233773134649,128
lot_paper_uncensored_refusal_like__v1,candidate,uncensored_refusal_like,uncensored_only,32,mmd_rbf,0.055401045829057693,128
lot_paper_uncensored_refusal_like__v1,candidate,uncensored_refusal_like,uncensored_only,32,projected_js,0.1016968431067653,128
lot_paper_uncensored_refusal_like__v1,candidate,uncensored_refusal_like,uncensored_only,33,mmd_rbf,0.053783126175403595,128
lot_paper_uncensored_refusal_like__v1,candidate,uncensored_refusal_like,uncensored_only,33,projected_js,0.10109612601809204,128
lot_paper_uncensored_refusal_like__v1,candidate,uncensored_refusal_like,uncensored_only,34,mmd_rbf,0.055885087698698044,128
lot_paper_uncensored_refusal_like__v1,candidate,uncensored_refusal_like,uncensored_only,34,projected_js,0.10523549866047688,128
lot_paper_uncensored_refusal_like__v1,candidate,uncensored_refusal_like,uncensored_only,35,mmd_rbf,0.07844408601522446,128
lot_paper_uncensored_refusal_like__v1,candidate,uncensored_refusal_like,uncensored_only,35,projected_js,0.1104073595488444,128
