model_id,model_kind,calib_subset,target_id,layer,metric,value,n_prompts
lot_paper_domain_matched,candidate,general,base,0,mmd_rbf,0.007495230529457331,128
lot_paper_domain_matched,candidate,general,base,0,projected_js,0.046588753641117364,128
lot_paper_domain_matched,candidate,general,base,1,mmd_rbf,0.01564490608870983,128
lot_paper_domain_matched,candidate,general,base,1,projected_js,0.057479942246573046,128
lot_paper_domain_matched,candidate,general,base,2,mmd_rbf,0.014181727543473244,128
lot_paper_domain_matched,candidate,general,base,2,projected_js,0.061306861840421334,128
lot_paper_domain_matched,candidate,general,base,3,mmd_rbf,0.015293145552277565,128
lot_paper_domain_matched,candidate,general,base,3,projected_js,0.061948879854753613,128
lot_paper_domain_matched,candidate,general,base,4,mmd_rbf,0.013776945881545544,128
lot_paper_domain_matched,candidate,general,base,4,projected_js,0.06410368549404666,128
lot_paper_domain_matched,candidate,general,base,5,mmd_rbf,0.01255680900067091,128
lot_paper_domain_matched,candidate,general,base,5,projected_js,0.05919140711193904,128
lot_paper_domain_matched,candidate,general,base,6,mmd_rbf,0.009520679712295532,128
lot_paper_domain_matched,candidate,general,base,6,projected_js,0.056840893637854606,128
lot_paper_domain_matched,candidate,general,base,7,mmd_rbf,0.008598453365266323,128
lot_paper_domain_matched,candidate,general,base,7,projected_js,0.05662828992353752,128
lot_paper_domain_matched,candidate,general,base,8,mmd_rbf,0.007428543176501989,128
lot_paper_domain_matched,candidate,general,base,8,projected_js,0.05641686700982973,128
lot_paper_domain_matched,candidate,general,base,9,mmd_rbf,0.0077360556460917,128
lot_paper_domain_matched,candidate,general,base,9,projected_js,0.0580106420093216,128
lot_paper_domain_matched,candidate,general,base,10,mmd_rbf,0.00949915125966072,128
lot_paper_domain_matched,candidate,general,base,10,projected_js,0.06260704924352467,128
lot_paper_domain_matched,candidate,general,base,11,mmd_rbf,0.008930940181016922,128
lot_paper_domain_matched,candidate,general,base,11,projected_js,0.061696011980529875,128
lot_paper_domain_matched,candidate,general,base,12,mmd_rbf,0.008830598555505276,128
lot_paper_domain_matched,candidate,general,base,12,projected_js,0.060308634012471884,128
lot_paper_domain_matched,candidate,general,base,13,mmd_rbf,0.009278967045247555,128
lot_paper_domain_matched,candidate,general,base,13,projected_js,0.060416558699216694,128
lot_paper_domain_matched,candidate,general,base,14,mmd_rbf,0.009575309231877327,128
lot_paper_domain_matched,candidate,general,base,14,projected_js,0.061554732150398195,128
lot_paper_domain_matched,candidate,general,base,15,mmd_rbf,0.009821123443543911,128
lot_paper_domain_matched,candidate,general,base,15,projected_js,0.06264841282973066,128
lot_paper_domain_matched,candidate,general,base,16,mmd_rbf,0.011208200827240944,128
lot_paper_domain_matched,candidate,general,base,16,projected_js,0.06345401291036978,128
lot_paper_domain_matched,candidate,general,base,17,mmd_rbf,0.01069480087608099,128
lot_paper_domain_matched,candidate,general,base,17,projected_js,0.0646469404164236,128
lot_paper_domain_matched,candidate,general,base,18,mmd_rbf,0.01137593388557434,128
lot_paper_domain_matched,candidate,general,base,18,projected_js,0.06543288109241985,128
lot_paper_domain_matched,candidate,general,base,19,mmd_rbf,0.011564030312001705,128
lot_paper_domain_matched,candidate,general,base,19,projected_js,0.06589830256416462,128
lot_paper_domain_matched,candidate,general,base,20,mmd_rbf,0.011204949580132961,128
lot_paper_domain_matched,candidate,general,base,20,projected_js,0.060865637846291065,128
lot_paper_domain_matched,candidate,general,base,21,mmd_rbf,0.011455276980996132,128
lot_paper_domain_matched,candidate,general,base,21,projected_js,0.065766375802923,128
lot_paper_domain_matched,candidate,general,base,22,mmd_rbf,0.010791903361678123,128
lot_paper_domain_matched,candidate,general,base,22,projected_js,0.06676539592444897,128
lot_paper_domain_matched,candidate,general,base,23,mmd_rbf,0.009700401686131954,128
lot_paper_domain_matched,candidate,general,base,23,projected_js,0.06400207424303517,128
lot_paper_domain_matched,candidate,general,base,24,mmd_rbf,0.008579573594033718,128
lot_paper_domain_matched,candidate,general,base,24,projected_js,0.06209721596678719,128
lot_paper_domain_matched,candidate,general,base,25,mmd_rbf,0.007670608349144459,128
lot_paper_domain_matched,candidate,general,base,25,projected_js,0.06140817160485312,128
lot_paper_domain_matched,candidate,general,base,26,mmd_rbf,0.00732668349519372,128
lot_paper_domain_matched,candidate,general,base,26,projected_js,0.05819686176255345,128
lot_paper_domain_matched,candidate,general,base,27,mmd_rbf,0.007175828795880079,128
lot_paper_domain_matched,candidate,general,base,27,projected_js,0.06309967528795823,128
lot_paper_domain_matched,candidate,general,base,28,mmd_rbf,0.0069140540435910225,128
lot_paper_domain_matched,candidate,general,base,28,projected_js,0.060353824228513986,128
lot_paper_domain_matched,candidate,general,base,29,mmd_rbf,0.006428734865039587,128
lot_paper_domain_matched,candidate,general,base,29,projected_js,0.06107722839806229,128
lot_paper_domain_matched,candidate,general,base,30,mmd_rbf,0.0061062597669661045,128
lot_paper_domain_matched,candidate,general,base,30,projected_js,0.05948809641995467,128
lot_paper_domain_matched,candidate,general,base,31,mmd_rbf,0.005854192189872265,128
lot_paper_domain_matched,candidate,general,base,31,projected_js,0.05931492999661714,128
lot_paper_domain_matched,candidate,general,base,32,mmd_rbf,0.00634524691849947,128
lot_paper_domain_matched,candidate,general,base,32,projected_js,0.05961607495555654,128
lot_paper_domain_matched,candidate,general,base,33,mmd_rbf,0.0066285873763263226,128
lot_paper_domain_matched,candidate,general,base,33,projected_js,0.06081874878145754,128
lot_paper_domain_matched,candidate,general,base,34,mmd_rbf,0.012368387542665005,128
lot_paper_domain_matched,candidate,general,base,34,projected_js,0.06841376173542812,128
lot_paper_domain_matched,candidate,general,base,35,mmd_rbf,0.07664992660284042,128
lot_paper_domain_matched,candidate,general,base,35,projected_js,0.11863561969948933,128
lot_paper_domain_matched,candidate,general,instr_only,0,mmd_rbf,0.0024902464356273413,128
lot_paper_domain_matched,candidate,general,instr_only,0,projected_js,0.03126632029307075,128
lot_paper_domain_matched,candidate,general,instr_only,1,mmd_rbf,0.008725625462830067,128
lot_paper_domain_matched,candidate,general,instr_only,1,projected_js,0.04543694417225197,128
lot_paper_domain_matched,candidate,general,instr_only,2,mmd_rbf,0.007105040829628706,128
lot_paper_domain_matched,candidate,general,instr_only,2,projected_js,0.05003507510991767,128
lot_paper_domain_matched,candidate,general,instr_only,3,mmd_rbf,0.00666410056874156,128
lot_paper_domain_matched,candidate,general,instr_only,3,projected_js,0.05073323324904777,128
lot_paper_domain_matched,candidate,general,instr_only,4,mmd_rbf,0.006357777398079634,128
lot_paper_domain_matched,candidate,general,instr_only,4,projected_js,0.050022507668472826,128
lot_paper_domain_matched,candidate,general,instr_only,5,mmd_rbf,0.00562647869810462,128
lot_paper_domain_matched,candidate,general,instr_only,5,projected_js,0.04952421961934306,128
lot_paper_domain_matched,candidate,general,instr_only,6,mmd_rbf,0.003944899886846542,128
lot_paper_domain_matched,candidate,general,instr_only,6,projected_js,0.04493526654550806,128
lot_paper_domain_matched,candidate,general,instr_only,7,mmd_rbf,0.0034852419048547745,128
lot_paper_domain_matched,candidate,general,instr_only,7,projected_js,0.05052281703683548,128
lot_paper_domain_matched,candidate,general,instr_only,8,mmd_rbf,0.0033196888398379087,128
lot_paper_domain_matched,candidate,general,instr_only,8,projected_js,0.05035848985426128,128
lot_paper_domain_matched,candidate,general,instr_only,9,mmd_rbf,0.0033997909631580114,128
lot_paper_domain_matched,candidate,general,instr_only,9,projected_js,0.053611978655681014,128
lot_paper_domain_matched,candidate,general,instr_only,10,mmd_rbf,0.005139429587870836,128
lot_paper_domain_matched,candidate,general,instr_only,10,projected_js,0.05570956692099571,128
lot_paper_domain_matched,candidate,general,instr_only,11,mmd_rbf,0.005394757259637117,128
lot_paper_domain_matched,candidate,general,instr_only,11,projected_js,0.055241804831894115,128
lot_paper_domain_matched,candidate,general,instr_only,12,mmd_rbf,0.00517149968072772,128
lot_paper_domain_matched,candidate,general,instr_only,12,projected_js,0.055115952069172636,128
lot_paper_domain_matched,candidate,general,instr_only,13,mmd_rbf,0.00531303696334362,128
lot_paper_domain_matched,candidate,general,instr_only,13,projected_js,0.05903588933870196,128
lot_paper_domain_matched,candidate,general,instr_only,14,mmd_rbf,0.005333360750228167,128
lot_paper_domain_matched,candidate,general,instr_only,14,projected_js,0.059578088868875057,128
lot_paper_domain_matched,candidate,general,instr_only,15,mmd_rbf,0.00531381880864501,128
lot_paper_domain_matched,candidate,general,instr_only,15,projected_js,0.05961663302150555,128
lot_paper_domain_matched,candidate,general,instr_only,16,mmd_rbf,0.00551424128934741,128
lot_paper_domain_matched,candidate,general,instr_only,16,projected_js,0.060732980200555176,128
lot_paper_domain_matched,candidate,general,instr_only,17,mmd_rbf,0.005435677245259285,128
lot_paper_domain_matched,candidate,general,instr_only,17,projected_js,0.06041105242911726,128
lot_paper_domain_matched,candidate,general,instr_only,18,mmd_rbf,0.005579786840826273,128
lot_paper_domain_matched,candidate,general,instr_only,18,projected_js,0.05776217352831736,128
lot_paper_domain_matched,candidate,general,instr_only,19,mmd_rbf,0.005604632664471865,128
lot_paper_domain_matched,candidate,general,instr_only,19,projected_js,0.06166580965509638,128
lot_paper_domain_matched,candidate,general,instr_only,20,mmd_rbf,0.005532563664019108,128
lot_paper_domain_matched,candidate,general,instr_only,20,projected_js,0.06101503694662824,128
lot_paper_domain_matched,candidate,general,instr_only,21,mmd_rbf,0.005772528238594532,128
lot_paper_domain_matched,candidate,general,instr_only,21,projected_js,0.0603550206287764,128
lot_paper_domain_matched,candidate,general,instr_only,22,mmd_rbf,0.005569677334278822,128
lot_paper_domain_matched,candidate,general,instr_only,22,projected_js,0.058913782122544944,128
lot_paper_domain_matched,candidate,general,instr_only,23,mmd_rbf,0.005319844000041485,128
lot_paper_domain_matched,candidate,general,instr_only,23,projected_js,0.056064048840198666,128
lot_paper_domain_matched,candidate,general,instr_only,24,mmd_rbf,0.005482223350554705,128
lot_paper_domain_matched,candidate,general,instr_only,24,projected_js,0.0581074085785076,128
lot_paper_domain_matched,candidate,general,instr_only,25,mmd_rbf,0.005634482949972153,128
lot_paper_domain_matched,candidate,general,instr_only,25,projected_js,0.061734337941743433,128
lot_paper_domain_matched,candidate,general,instr_only,26,mmd_rbf,0.0059049236588180065,128
lot_paper_domain_matched,candidate,general,instr_only,26,projected_js,0.058234847005223855,128
lot_paper_domain_matched,candidate,general,instr_only,27,mmd_rbf,0.005895312875509262,128
lot_paper_domain_matched,candidate,general,instr_only,27,projected_js,0.06071746308589354,128
lot_paper_domain_matched,candidate,general,instr_only,28,mmd_rbf,0.0062186927534639835,128
lot_paper_domain_matched,candidate,general,instr_only,28,projected_js,0.05584682052722201,128
lot_paper_domain_matched,candidate,general,instr_only,29,mmd_rbf,0.006322005297988653,128
lot_paper_domain_matched,candidate,general,instr_only,29,projected_js,0.05744417128153145,128
lot_paper_domain_matched,candidate,general,instr_only,30,mmd_rbf,0.006181572563946247,128
lot_paper_domain_matched,candidate,general,instr_only,30,projected_js,0.05685834138421342,128
lot_paper_domain_matched,candidate,general,instr_only,31,mmd_rbf,0.006282295566052198,128
lot_paper_domain_matched,candidate,general,instr_only,31,projected_js,0.05924892413895577,128
lot_paper_domain_matched,candidate,general,instr_only,32,mmd_rbf,0.006411282811313868,128
lot_paper_domain_matched,candidate,general,instr_only,32,projected_js,0.059283336508087814,128
lot_paper_domain_matched,candidate,general,instr_only,33,mmd_rbf,0.006555208470672369,128
lot_paper_domain_matched,candidate,general,instr_only,33,projected_js,0.059904010500758886,128
lot_paper_domain_matched,candidate,general,instr_only,34,mmd_rbf,0.007190530654042959,128
lot_paper_domain_matched,candidate,general,instr_only,34,projected_js,0.06067440286278725,128
lot_paper_domain_matched,candidate,general,instr_only,35,mmd_rbf,0.029524540528655052,128
lot_paper_domain_matched,candidate,general,instr_only,35,projected_js,0.0755543198029045,128
lot_paper_domain_matched,candidate,general,reasoning_only,0,mmd_rbf,0.013536852784454823,128
lot_paper_domain_matched,candidate,general,reasoning_only,0,projected_js,0.060923093667952344,128
lot_paper_domain_matched,candidate,general,reasoning_only,1,mmd_rbf,0.019540848210453987,128
lot_paper_domain_matched,candidate,general,reasoning_only,1,projected_js,0.06359250607783906,128
lot_paper_domain_matched,candidate,general,reasoning_only,2,mmd_rbf,0.019085055217146873,128
lot_paper_domain_matched,candidate,general,reasoning_only,2,projected_js,0.06253181977081113,128
lot_paper_domain_matched,candidate,general,reasoning_only,3,mmd_rbf,0.02069788984954357,128
lot_paper_domain_matched,candidate,general,reasoning_only,3,projected_js,0.07051414978923276,128
lot_paper_domain_matched,candidate,general,reasoning_only,4,mmd_rbf,0.020475028082728386,128
lot_paper_domain_matched,candidate,general,reasoning_only,4,projected_js,0.06872127042151988,128
lot_paper_domain_matched,candidate,general,reasoning_only,5,mmd_rbf,0.01959950290620327,128
lot_paper_domain_matched,candidate,general,reasoning_only,5,projected_js,0.07128675270359963,128
lot_paper_domain_matched,candidate,general,reasoning_only,6,mmd_rbf,0.01373331993818283,128
lot_paper_domain_matched,candidate,general,reasoning_only,6,projected_js,0.06456083210650831,128
lot_paper_domain_matched,candidate,general,reasoning_only,7,mmd_rbf,0.01253241952508688,128
lot_paper_domain_matched,candidate,general,reasoning_only,7,projected_js,0.061516367190051824,128
lot_paper_domain_matched,candidate,general,reasoning_only,8,mmd_rbf,0.009713307023048401,128
lot_paper_domain_matched,candidate,general,reasoning_only,8,projected_js,0.06247636751504615,128
lot_paper_domain_matched,candidate,general,reasoning_only,9,mmd_rbf,0.00942764338105917,128
lot_paper_domain_matched,candidate,general,reasoning_only,9,projected_js,0.06913607465685345,128
lot_paper_domain_matched,candidate,general,reasoning_only,10,mmd_rbf,0.011305193416774273,128
lot_paper_domain_matched,candidate,general,reasoning_only,10,projected_js,0.06239742483012378,128
lot_paper_domain_matched,candidate,general,reasoning_only,11,mmd_rbf,0.011231550946831703,128
lot_paper_domain_matched,candidate,general,reasoning_only,11,projected_js,0.06521752447588369,128
lot_paper_domain_matched,candidate,general,reasoning_only,12,mmd_rbf,0.011148758232593536,128
lot_paper_domain_matched,candidate,general,reasoning_only,12,projected_js,0.06293082659249194,128
lot_paper_domain_matched,candidate,general,reasoning_only,13,mmd_rbf,0.011229930445551872,128
lot_paper_domain_matched,candidate,general,reasoning_only,13,projected_js,0.0663248979835771,128
lot_paper_domain_matched,candidate,general,reasoning_only,14,mmd_rbf,0.011695915833115578,128
lot_paper_domain_matched,candidate,general,reasoning_only,14,projected_js,0.06545873015420511,128
lot_paper_domain_matched,candidate,general,reasoning_only,15,mmd_rbf,0.011698412708938122,128
lot_paper_domain_matched,candidate,general,reasoning_only,15,projected_js,0.0662149753770791,128
lot_paper_domain_matched,candidate,general,reasoning_only,16,mmd_rbf,0.012024926953017712,128
lot_paper_domain_matched,candidate,general,reasoning_only,16,projected_js,0.06312276088283397,128
lot_paper_domain_matched,candidate,general,reasoning_only,17,mmd_rbf,0.011482029221951962,128
lot_paper_domain_matched,candidate,general,reasoning_only,17,projected_js,0.06588114704936743,128
lot_paper_domain_matched,candidate,general,reasoning_only,18,mmd_rbf,0.012562903575599194,128
lot_paper_domain_matched,candidate,general,reasoning_only,18,projected_js,0.0661551550438162,128
lot_paper_domain_matched,candidate,general,reasoning_only,19,mmd_rbf,0.01116226427257061,128
lot_paper_domain_matched,candidate,general,reasoning_only,19,projected_js,0.06733012467157096,128
lot_paper_domain_matched,candidate,general,reasoning_only,20,mmd_rbf,0.010847783647477627,128
lot_paper_domain_matched,candidate,general,reasoning_only,20,projected_js,0.06382772285724059,128
lot_paper_domain_matched,candidate,general,reasoning_only,21,mmd_rbf,0.011409655213356018,128
lot_paper_domain_matched,candidate,general,reasoning_only,21,projected_js,0.06320536189014092,128
lot_paper_domain_matched,candidate,general,reasoning_only,22,mmd_rbf,0.009469179436564445,128
lot_paper_domain_matched,candidate,general,reasoning_only,22,projected_js,0.06430371006717905,128
lot_paper_domain_matched,candidate,general,reasoning_only,23,mmd_rbf,0.007757655810564756,128
lot_paper_domain_matched,candidate,general,reasoning_only,23,projected_js,0.061828881793189794,128
lot_paper_domain_matched,candidate,general,reasoning_only,24,mmd_rbf,0.007784777786582708,128
lot_paper_domain_matched,candidate,general,reasoning_only,24,projected_js,0.0627862878027372,128
lot_paper_domain_matched,candidate,general,reasoning_only,25,mmd_rbf,0.0070746648125350475,128
lot_paper_domain_matched,candidate,general,reasoning_only,25,projected_js,0.059823269431944937,128
lot_paper_domain_matched,candidate,general,reasoning_only,26,mmd_rbf,0.0069902450777590275,128
lot_paper_domain_matched,candidate,general,reasoning_only,26,projected_js,0.05854447660385631,128
lot_paper_domain_matched,candidate,general,reasoning_only,27,mmd_rbf,0.006729927845299244,128
lot_paper_domain_matched,candidate,general,reasoning_only,27,projected_js,0.05896543993731029,128
lot_paper_domain_matched,candidate,general,reasoning_only,28,mmd_rbf,0.006677553988993168,128
lot_paper_domain_matched,candidate,general,reasoning_only,28,projected_js,0.057929047354264185,128
lot_paper_domain_matched,candidate,general,reasoning_only,29,mmd_rbf,0.006409097462892532,128
lot_paper_domain_matched,candidate,general,reasoning_only,29,projected_js,0.06121112435357645,128
lot_paper_domain_matched,candidate,general,reasoning_only,30,mmd_rbf,0.006267446558922529,128
lot_paper_domain_matched,candidate,general,reasoning_only,30,projected_js,0.05782535517937504,128
lot_paper_domain_matched,candidate,general,reasoning_only,31,mmd_rbf,0.006198860704898834,128
lot_paper_domain_matched,candidate,general,reasoning_only,31,projected_js,0.05668727483134717,128
lot_paper_domain_matched,candidate,general,reasoning_only,32,mmd_rbf,0.006211020052433014,128
lot_paper_domain_matched,candidate,general,reasoning_only,32,projected_js,0.05829043814446777,128
lot_paper_domain_matched,candidate,general,reasoning_only,33,mmd_rbf,0.006145487539470196,128
lot_paper_domain_matched,candidate,general,reasoning_only,33,projected_js,0.05811857359367423,128
lot_paper_domain_matched,candidate,general,reasoning_only,34,mmd_rbf,0.007223685272037983,128
lot_paper_domain_matched,candidate,general,reasoning_only,34,projected_js,0.05727891001151875,128
lot_paper_domain_matched,candidate,general,reasoning_only,35,mmd_rbf,0.0392070971429348,128
lot_paper_domain_matched,candidate,general,reasoning_only,35,projected_js,0.0863049571053125,128
lot_paper_domain_matched,candidate,general,uncensored_only,0,mmd_rbf,0.00820158701390028,128
lot_paper_domain_matched,candidate,general,uncensored_only,0,projected_js,0.044241949886782095,128
lot_paper_domain_matched,candidate,general,uncensored_only,1,mmd_rbf,0.14678634703159332,128
lot_paper_domain_matched,candidate,general,uncensored_only,1,projected_js,0.16610047657741234,128
lot_paper_domain_matched,candidate,general,uncensored_only,2,mmd_rbf,0.13188610970973969,128
lot_paper_domain_matched,candidate,general,uncensored_only,2,projected_js,0.13337794970721006,128
lot_paper_domain_matched,candidate,general,uncensored_only,3,mmd_rbf,0.09944965690374374,128
lot_paper_domain_matched,candidate,general,uncensored_only,3,projected_js,0.1196373077109456,128
lot_paper_domain_matched,candidate,general,uncensored_only,4,mmd_rbf,0.07187286019325256,128
lot_paper_domain_matched,candidate,general,uncensored_only,4,projected_js,0.11264306912198663,128
lot_paper_domain_matched,candidate,general,uncensored_only,5,mmd_rbf,0.05226428434252739,128
lot_paper_domain_matched,candidate,general,uncensored_only,5,projected_js,0.10521120904013515,128
lot_paper_domain_matched,candidate,general,uncensored_only,6,mmd_rbf,0.02957986295223236,128
lot_paper_domain_matched,candidate,general,uncensored_only,6,projected_js,0.08102230302756652,128
lot_paper_domain_matched,candidate,general,uncensored_only,7,mmd_rbf,0.02305678091943264,128
lot_paper_domain_matched,candidate,general,uncensored_only,7,projected_js,0.07487550511723384,128
lot_paper_domain_matched,candidate,general,uncensored_only,8,mmd_rbf,0.01606757380068302,128
lot_paper_domain_matched,candidate,general,uncensored_only,8,projected_js,0.06535692297620699,128
lot_paper_domain_matched,candidate,general,uncensored_only,9,mmd_rbf,0.013810358010232449,128
lot_paper_domain_matched,candidate,general,uncensored_only,9,projected_js,0.06798559328308329,128
lot_paper_domain_matched,candidate,general,uncensored_only,10,mmd_rbf,0.013644224964082241,128
lot_paper_domain_matched,candidate,general,uncensored_only,10,projected_js,0.06778992776526138,128
lot_paper_domain_matched,candidate,general,uncensored_only,11,mmd_rbf,0.011217026971280575,128
lot_paper_domain_matched,candidate,general,uncensored_only,11,projected_js,0.06338878883980215,128
lot_paper_domain_matched,candidate,general,uncensored_only,12,mmd_rbf,0.01158555131405592,128
lot_paper_domain_matched,candidate,general,uncensored_only,12,projected_js,0.06508202059194446,128
lot_paper_domain_matched,candidate,general,uncensored_only,13,mmd_rbf,0.012686321511864662,128
lot_paper_domain_matched,candidate,general,uncensored_only,13,projected_js,0.06692885188385844,128
lot_paper_domain_matched,candidate,general,uncensored_only,14,mmd_rbf,0.012247405014932156,128
lot_paper_domain_matched,candidate,general,uncensored_only,14,projected_js,0.06616111431503668,128
lot_paper_domain_matched,candidate,general,uncensored_only,15,mmd_rbf,0.01489213015884161,128
lot_paper_domain_matched,candidate,general,uncensored_only,15,projected_js,0.06845032668206841,128
lot_paper_domain_matched,candidate,general,uncensored_only,16,mmd_rbf,0.015510328114032745,128
lot_paper_domain_matched,candidate,general,uncensored_only,16,projected_js,0.07105895841959864,128
lot_paper_domain_matched,candidate,general,uncensored_only,17,mmd_rbf,0.014259605668485165,128
lot_paper_domain_matched,candidate,general,uncensored_only,17,projected_js,0.06537444028072059,128
lot_paper_domain_matched,candidate,general,uncensored_only,18,mmd_rbf,0.014592497609555721,128
lot_paper_domain_matched,candidate,general,uncensored_only,18,projected_js,0.06936306925490499,128
lot_paper_domain_matched,candidate,general,uncensored_only,19,mmd_rbf,0.01377975195646286,128
lot_paper_domain_matched,candidate,general,uncensored_only,19,projected_js,0.06906771491048858,128
lot_paper_domain_matched,candidate,general,uncensored_only,20,mmd_rbf,0.014004888944327831,128
lot_paper_domain_matched,candidate,general,uncensored_only,20,projected_js,0.06636476761195809,128
lot_paper_domain_matched,candidate,general,uncensored_only,21,mmd_rbf,0.01500269677489996,128
lot_paper_domain_matched,candidate,general,uncensored_only,21,projected_js,0.06808330380590633,128
lot_paper_domain_matched,candidate,general,uncensored_only,22,mmd_rbf,0.01547615509480238,128
lot_paper_domain_matched,candidate,general,uncensored_only,22,projected_js,0.07088791788555682,128
lot_paper_domain_matched,candidate,general,uncensored_only,23,mmd_rbf,0.014854172244668007,128
lot_paper_domain_matched,candidate,general,uncensored_only,23,projected_js,0.070548310643062,128
lot_paper_domain_matched,candidate,general,uncensored_only,24,mmd_rbf,0.015875784680247307,128
lot_paper_domain_matched,candidate,general,uncensored_only,24,projected_js,0.07158132561016828,128
lot_paper_domain_matched,candidate,general,uncensored_only,25,mmd_rbf,0.01666540466248989,128
lot_paper_domain_matched,candidate,general,uncensored_only,25,projected_js,0.07465961470734328,128
lot_paper_domain_matched,candidate,general,uncensored_only,26,mmd_rbf,0.017346307635307312,128
lot_paper_domain_matched,candidate,general,uncensored_only,26,projected_js,0.07308581069810316,128
lot_paper_domain_matched,candidate,general,uncensored_only,27,mmd_rbf,0.01753966324031353,128
lot_paper_domain_matched,candidate,general,uncensored_only,27,projected_js,0.07221319840755314,128
lot_paper_domain_matched,candidate,general,uncensored_only,28,mmd_rbf,0.016322826966643333,128
lot_paper_domain_matched,candidate,general,uncensored_only,28,projected_js,0.06943158549256623,128
lot_paper_domain_matched,candidate,general,uncensored_only,29,mmd_rbf,0.015787530690431595,128
lot_paper_domain_matched,candidate,general,uncensored_only,29,projected_js,0.06619312713155523,128
lot_paper_domain_matched,candidate,general,uncensored_only,30,mmd_rbf,0.01564907096326351,128
lot_paper_domain_matched,candidate,general,uncensored_only,30,projected_js,0.06561975166550837,128
lot_paper_domain_matched,candidate,general,uncensored_only,31,mmd_rbf,0.014847176149487495,128
lot_paper_domain_matched,candidate,general,uncensored_only,31,projected_js,0.06626431352924556,128
lot_paper_domain_matched,candidate,general,uncensored_only,32,mmd_rbf,0.014348971657454967,128
lot_paper_domain_matched,candidate,general,uncensored_only,32,projected_js,0.06523830123478547,128
lot_paper_domain_matched,candidate,general,uncensored_only,33,mmd_rbf,0.01448428351432085,128
lot_paper_domain_matched,candidate,general,uncensored_only,33,projected_js,0.0636615218827501,128
lot_paper_domain_matched,candidate,general,uncensored_only,34,mmd_rbf,0.015281121246516705,128
lot_paper_domain_matched,candidate,general,uncensored_only,34,projected_js,0.06657492002705112,128
lot_paper_domain_matched,candidate,general,uncensored_only,35,mmd_rbf,0.043258070945739746,128
lot_paper_domain_matched,candidate,general,uncensored_only,35,projected_js,0.08518295566318557,128
lot_paper_domain_matched,candidate,instruction,base,0,mmd_rbf,0.004390099551528692,128
lot_paper_domain_matched,candidate,instruction,base,0,projected_js,0.04887845920166001,128
lot_paper_domain_matched,candidate,instruction,base,1,mmd_rbf,0.009080412797629833,128
lot_paper_domain_matched,candidate,instruction,base,1,projected_js,0.054293366556521505,128
lot_paper_domain_matched,candidate,instruction,base,2,mmd_rbf,0.009952369146049023,128
lot_paper_domain_matched,candidate,instruction,base,2,projected_js,0.0605461677769199,128
lot_paper_domain_matched,candidate,instruction,base,3,mmd_rbf,0.013258779421448708,128
lot_paper_domain_matched,candidate,instruction,base,3,projected_js,0.06799492822028697,128
lot_paper_domain_matched,candidate,instruction,base,4,mmd_rbf,0.012544919736683369,128
lot_paper_domain_matched,candidate,instruction,base,4,projected_js,0.06805907483794726,128
lot_paper_domain_matched,candidate,instruction,base,5,mmd_rbf,0.012638986110687256,128
lot_paper_domain_matched,candidate,instruction,base,5,projected_js,0.06102932838257402,128
lot_paper_domain_matched,candidate,instruction,base,6,mmd_rbf,0.011127322912216187,128
lot_paper_domain_matched,candidate,instruction,base,6,projected_js,0.06207248161081225,128
lot_paper_domain_matched,candidate,instruction,base,7,mmd_rbf,0.010696549899876118,128
lot_paper_domain_matched,candidate,instruction,base,7,projected_js,0.06360290944576263,128
lot_paper_domain_matched,candidate,instruction,base,8,mmd_rbf,0.010570663027465343,128
lot_paper_domain_matched,candidate,instruction,base,8,projected_js,0.06530519895022735,128
lot_paper_domain_matched,candidate,instruction,base,9,mmd_rbf,0.011490324512124062,128
lot_paper_domain_matched,candidate,instruction,base,9,projected_js,0.07009969919454306,128
lot_paper_domain_matched,candidate,instruction,base,10,mmd_rbf,0.014897187240421772,128
lot_paper_domain_matched,candidate,instruction,base,10,projected_js,0.07279021403519437,128
lot_paper_domain_matched,candidate,instruction,base,11,mmd_rbf,0.014572030864655972,128
lot_paper_domain_matched,candidate,instruction,base,11,projected_js,0.06908318831119686,128
lot_paper_domain_matched,candidate,instruction,base,12,mmd_rbf,0.013685732148587704,128
lot_paper_domain_matched,candidate,instruction,base,12,projected_js,0.0703653150703758,128
lot_paper_domain_matched,candidate,instruction,base,13,mmd_rbf,0.014090009033679962,128
lot_paper_domain_matched,candidate,instruction,base,13,projected_js,0.07003363320836797,128
lot_paper_domain_matched,candidate,instruction,base,14,mmd_rbf,0.014782247133553028,128
lot_paper_domain_matched,candidate,instruction,base,14,projected_js,0.06980673235375434,128
lot_paper_domain_matched,candidate,instruction,base,15,mmd_rbf,0.015658004209399223,128
lot_paper_domain_matched,candidate,instruction,base,15,projected_js,0.07800141797633842,128
lot_paper_domain_matched,candidate,instruction,base,16,mmd_rbf,0.016330622136592865,128
lot_paper_domain_matched,candidate,instruction,base,16,projected_js,0.06836567545542493,128
lot_paper_domain_matched,candidate,instruction,base,17,mmd_rbf,0.01614021137356758,128
lot_paper_domain_matched,candidate,instruction,base,17,projected_js,0.07182958628982306,128
lot_paper_domain_matched,candidate,instruction,base,18,mmd_rbf,0.017364278435707092,128
lot_paper_domain_matched,candidate,instruction,base,18,projected_js,0.07599749258952215,128
lot_paper_domain_matched,candidate,instruction,base,19,mmd_rbf,0.019685951992869377,128
lot_paper_domain_matched,candidate,instruction,base,19,projected_js,0.07352330425055698,128
lot_paper_domain_matched,candidate,instruction,base,20,mmd_rbf,0.019848477095365524,128
lot_paper_domain_matched,candidate,instruction,base,20,projected_js,0.07731731730746105,128
lot_paper_domain_matched,candidate,instruction,base,21,mmd_rbf,0.021607231348752975,128
lot_paper_domain_matched,candidate,instruction,base,21,projected_js,0.0804252756643109,128
lot_paper_domain_matched,candidate,instruction,base,22,mmd_rbf,0.02186339721083641,128
lot_paper_domain_matched,candidate,instruction,base,22,projected_js,0.07731243001762778,128
lot_paper_domain_matched,candidate,instruction,base,23,mmd_rbf,0.020755639299750328,128
lot_paper_domain_matched,candidate,instruction,base,23,projected_js,0.07519273227080703,128
lot_paper_domain_matched,candidate,instruction,base,24,mmd_rbf,0.01946835033595562,128
lot_paper_domain_matched,candidate,instruction,base,24,projected_js,0.07943198806606233,128
lot_paper_domain_matched,candidate,instruction,base,25,mmd_rbf,0.018321426585316658,128
lot_paper_domain_matched,candidate,instruction,base,25,projected_js,0.07314824208151549,128
lot_paper_domain_matched,candidate,instruction,base,26,mmd_rbf,0.017697619274258614,128
lot_paper_domain_matched,candidate,instruction,base,26,projected_js,0.07513377215946093,128
lot_paper_domain_matched,candidate,instruction,base,27,mmd_rbf,0.01687834970653057,128
lot_paper_domain_matched,candidate,instruction,base,27,projected_js,0.07281676691491157,128
lot_paper_domain_matched,candidate,instruction,base,28,mmd_rbf,0.01607082225382328,128
lot_paper_domain_matched,candidate,instruction,base,28,projected_js,0.07334188837558031,128
lot_paper_domain_matched,candidate,instruction,base,29,mmd_rbf,0.014766995795071125,128
lot_paper_domain_matched,candidate,instruction,base,29,projected_js,0.07030737912282348,128
lot_paper_domain_matched,candidate,instruction,base,30,mmd_rbf,0.014181764796376228,128
lot_paper_domain_matched,candidate,instruction,base,30,projected_js,0.07073194527765736,128
lot_paper_domain_matched,candidate,instruction,base,31,mmd_rbf,0.013633291237056255,128
lot_paper_domain_matched,candidate,instruction,base,31,projected_js,0.07286727445898578,128
lot_paper_domain_matched,candidate,instruction,base,32,mmd_rbf,0.014290669932961464,128
lot_paper_domain_matched,candidate,instruction,base,32,projected_js,0.06899955769767985,128
lot_paper_domain_matched,candidate,instruction,base,33,mmd_rbf,0.015123617835342884,128
lot_paper_domain_matched,candidate,instruction,base,33,projected_js,0.07129199604969472,128
lot_paper_domain_matched,candidate,instruction,base,34,mmd_rbf,0.025423312559723854,128
lot_paper_domain_matched,candidate,instruction,base,34,projected_js,0.08529806655133143,128
lot_paper_domain_matched,candidate,instruction,base,35,mmd_rbf,0.10563047230243683,128
lot_paper_domain_matched,candidate,instruction,base,35,projected_js,0.15715603926219046,128
lot_paper_domain_matched,candidate,instruction,instr_only,0,mmd_rbf,0.0013211697805672884,128
lot_paper_domain_matched,candidate,instruction,instr_only,0,projected_js,0.02644749984028749,128
lot_paper_domain_matched,candidate,instruction,instr_only,1,mmd_rbf,0.004619823303073645,128
lot_paper_domain_matched,candidate,instruction,instr_only,1,projected_js,0.03928908266243525,128
lot_paper_domain_matched,candidate,instruction,instr_only,2,mmd_rbf,0.004295546095818281,128
lot_paper_domain_matched,candidate,instruction,instr_only,2,projected_js,0.04692212599911727,128
lot_paper_domain_matched,candidate,instruction,instr_only,3,mmd_rbf,0.0037492902483791113,128
lot_paper_domain_matched,candidate,instruction,instr_only,3,projected_js,0.04322396236239001,128
lot_paper_domain_matched,candidate,instruction,instr_only,4,mmd_rbf,0.0034656263887882233,128
lot_paper_domain_matched,candidate,instruction,instr_only,4,projected_js,0.04364288636134006,128
lot_paper_domain_matched,candidate,instruction,instr_only,5,mmd_rbf,0.003185056848451495,128
lot_paper_domain_matched,candidate,instruction,instr_only,5,projected_js,0.04248319592443295,128
lot_paper_domain_matched,candidate,instruction,instr_only,6,mmd_rbf,0.0022627494763582945,128
lot_paper_domain_matched,candidate,instruction,instr_only,6,projected_js,0.04364870264544152,128
lot_paper_domain_matched,candidate,instruction,instr_only,7,mmd_rbf,0.001961536007001996,128
lot_paper_domain_matched,candidate,instruction,instr_only,7,projected_js,0.047472985010244884,128
lot_paper_domain_matched,candidate,instruction,instr_only,8,mmd_rbf,0.0020996280945837498,128
lot_paper_domain_matched,candidate,instruction,instr_only,8,projected_js,0.04772385215619579,128
lot_paper_domain_matched,candidate,instruction,instr_only,9,mmd_rbf,0.0021615438163280487,128
lot_paper_domain_matched,candidate,instruction,instr_only,9,projected_js,0.049426418117946014,128
lot_paper_domain_matched,candidate,instruction,instr_only,10,mmd_rbf,0.0034794658422470093,128
lot_paper_domain_matched,candidate,instruction,instr_only,10,projected_js,0.05719366337871179,128
lot_paper_domain_matched,candidate,instruction,instr_only,11,mmd_rbf,0.0038779829628765583,128
lot_paper_domain_matched,candidate,instruction,instr_only,11,projected_js,0.05822497673216276,128
lot_paper_domain_matched,candidate,instruction,instr_only,12,mmd_rbf,0.0034023397602140903,128
lot_paper_domain_matched,candidate,instruction,instr_only,12,projected_js,0.05796450169873424,128
lot_paper_domain_matched,candidate,instruction,instr_only,13,mmd_rbf,0.0032054451294243336,128
lot_paper_domain_matched,candidate,instruction,instr_only,13,projected_js,0.05550016515189782,128
lot_paper_domain_matched,candidate,instruction,instr_only,14,mmd_rbf,0.0031860179733484983,128
lot_paper_domain_matched,candidate,instruction,instr_only,14,projected_js,0.05592093849554658,128
lot_paper_domain_matched,candidate,instruction,instr_only,15,mmd_rbf,0.002890257630497217,128
lot_paper_domain_matched,candidate,instruction,instr_only,15,projected_js,0.05723657307680696,128
lot_paper_domain_matched,candidate,instruction,instr_only,16,mmd_rbf,0.0028502573259174824,128
lot_paper_domain_matched,candidate,instruction,instr_only,16,projected_js,0.0544549593469128,128
lot_paper_domain_matched,candidate,instruction,instr_only,17,mmd_rbf,0.002572420286014676,128
lot_paper_domain_matched,candidate,instruction,instr_only,17,projected_js,0.054070118407253176,128
lot_paper_domain_matched,candidate,instruction,instr_only,18,mmd_rbf,0.0025114230811595917,128
lot_paper_domain_matched,candidate,instruction,instr_only,18,projected_js,0.05450120090972632,128
lot_paper_domain_matched,candidate,instruction,instr_only,19,mmd_rbf,0.0023029425647109747,128
lot_paper_domain_matched,candidate,instruction,instr_only,19,projected_js,0.059849327721167356,128
lot_paper_domain_matched,candidate,instruction,instr_only,20,mmd_rbf,0.0022566586267203093,128
lot_paper_domain_matched,candidate,instruction,instr_only,20,projected_js,0.05305289931129664,128
lot_paper_domain_matched,candidate,instruction,instr_only,21,mmd_rbf,0.002409184817224741,128
lot_paper_domain_matched,candidate,instruction,instr_only,21,projected_js,0.056667872762773186,128
lot_paper_domain_matched,candidate,instruction,instr_only,22,mmd_rbf,0.0022330344654619694,128
lot_paper_domain_matched,candidate,instruction,instr_only,22,projected_js,0.05459719723148737,128
lot_paper_domain_matched,candidate,instruction,instr_only,23,mmd_rbf,0.0020570417400449514,128
lot_paper_domain_matched,candidate,instruction,instr_only,23,projected_js,0.05614982353290543,128
lot_paper_domain_matched,candidate,instruction,instr_only,24,mmd_rbf,0.001896520028822124,128
lot_paper_domain_matched,candidate,instruction,instr_only,24,projected_js,0.056087347387801856,128
lot_paper_domain_matched,candidate,instruction,instr_only,25,mmd_rbf,0.0018543284386396408,128
lot_paper_domain_matched,candidate,instruction,instr_only,25,projected_js,0.05347310149227269,128
lot_paper_domain_matched,candidate,instruction,instr_only,26,mmd_rbf,0.0018412255449220538,128
lot_paper_domain_matched,candidate,instruction,instr_only,26,projected_js,0.05337191201397218,128
lot_paper_domain_matched,candidate,instruction,instr_only,27,mmd_rbf,0.0018437758553773165,128
lot_paper_domain_matched,candidate,instruction,instr_only,27,projected_js,0.0542655938770622,128
lot_paper_domain_matched,candidate,instruction,instr_only,28,mmd_rbf,0.0018735256744548678,128
lot_paper_domain_matched,candidate,instruction,instr_only,28,projected_js,0.05337332288036123,128
lot_paper_domain_matched,candidate,instruction,instr_only,29,mmd_rbf,0.0018899582792073488,128
lot_paper_domain_matched,candidate,instruction,instr_only,29,projected_js,0.05115088258753531,128
lot_paper_domain_matched,candidate,instruction,instr_only,30,mmd_rbf,0.0019098978955298662,128
lot_paper_domain_matched,candidate,instruction,instr_only,30,projected_js,0.05268070779857226,128
lot_paper_domain_matched,candidate,instruction,instr_only,31,mmd_rbf,0.0019125103717669845,128
lot_paper_domain_matched,candidate,instruction,instr_only,31,projected_js,0.053146900987485424,128
lot_paper_domain_matched,candidate,instruction,instr_only,32,mmd_rbf,0.0019399538869038224,128
lot_paper_domain_matched,candidate,instruction,instr_only,32,projected_js,0.050159768463345245,128
lot_paper_domain_matched,candidate,instruction,instr_only,33,mmd_rbf,0.0019521802896633744,128
lot_paper_domain_matched,candidate,instruction,instr_only,33,projected_js,0.05142453717417084,128
lot_paper_domain_matched,candidate,instruction,instr_only,34,mmd_rbf,0.0019140407675877213,128
lot_paper_domain_matched,candidate,instruction,instr_only,34,projected_js,0.051046832057181746,128
lot_paper_domain_matched,candidate,instruction,instr_only,35,mmd_rbf,0.004097529221326113,128
lot_paper_domain_matched,candidate,instruction,instr_only,35,projected_js,0.04968495189677924,128
lot_paper_domain_matched,candidate,instruction,reasoning_only,0,mmd_rbf,0.006147873587906361,128
lot_paper_domain_matched,candidate,instruction,reasoning_only,0,projected_js,0.05827800155384466,128
lot_paper_domain_matched,candidate,instruction,reasoning_only,1,mmd_rbf,0.012126997113227844,128
lot_paper_domain_matched,candidate,instruction,reasoning_only,1,projected_js,0.06334087927825749,128
lot_paper_domain_matched,candidate,instruction,reasoning_only,2,mmd_rbf,0.015530235134065151,128
lot_paper_domain_matched,candidate,instruction,reasoning_only,2,projected_js,0.06575362710282207,128
lot_paper_domain_matched,candidate,instruction,reasoning_only,3,mmd_rbf,0.0182051882147789,128
lot_paper_domain_matched,candidate,instruction,reasoning_only,3,projected_js,0.0737915729987435,128
lot_paper_domain_matched,candidate,instruction,reasoning_only,4,mmd_rbf,0.020007524639368057,128
lot_paper_domain_matched,candidate,instruction,reasoning_only,4,projected_js,0.07402135239681229,128
lot_paper_domain_matched,candidate,instruction,reasoning_only,5,mmd_rbf,0.02139671891927719,128
lot_paper_domain_matched,candidate,instruction,reasoning_only,5,projected_js,0.07373873781762086,128
lot_paper_domain_matched,candidate,instruction,reasoning_only,6,mmd_rbf,0.016723016276955605,128
lot_paper_domain_matched,candidate,instruction,reasoning_only,6,projected_js,0.07330485654529184,128
lot_paper_domain_matched,candidate,instruction,reasoning_only,7,mmd_rbf,0.01681024208664894,128
lot_paper_domain_matched,candidate,instruction,reasoning_only,7,projected_js,0.07612653897376731,128
lot_paper_domain_matched,candidate,instruction,reasoning_only,8,mmd_rbf,0.014310470782220364,128
lot_paper_domain_matched,candidate,instruction,reasoning_only,8,projected_js,0.07131611841032282,128
lot_paper_domain_matched,candidate,instruction,reasoning_only,9,mmd_rbf,0.014286997728049755,128
lot_paper_domain_matched,candidate,instruction,reasoning_only,9,projected_js,0.07147072651423514,128
lot_paper_domain_matched,candidate,instruction,reasoning_only,10,mmd_rbf,0.01891413889825344,128
lot_paper_domain_matched,candidate,instruction,reasoning_only,10,projected_js,0.07544290268560871,128
lot_paper_domain_matched,candidate,instruction,reasoning_only,11,mmd_rbf,0.019157079979777336,128
lot_paper_domain_matched,candidate,instruction,reasoning_only,11,projected_js,0.08044325408991426,128
lot_paper_domain_matched,candidate,instruction,reasoning_only,12,mmd_rbf,0.01953105814754963,128
lot_paper_domain_matched,candidate,instruction,reasoning_only,12,projected_js,0.07641824203892611,128
lot_paper_domain_matched,candidate,instruction,reasoning_only,13,mmd_rbf,0.019701510667800903,128
lot_paper_domain_matched,candidate,instruction,reasoning_only,13,projected_js,0.08076521218754351,128
lot_paper_domain_matched,candidate,instruction,reasoning_only,14,mmd_rbf,0.020225562155246735,128
lot_paper_domain_matched,candidate,instruction,reasoning_only,14,projected_js,0.0800214511109516,128
lot_paper_domain_matched,candidate,instruction,reasoning_only,15,mmd_rbf,0.02113387919962406,128
lot_paper_domain_matched,candidate,instruction,reasoning_only,15,projected_js,0.07765260204905644,128
lot_paper_domain_matched,candidate,instruction,reasoning_only,16,mmd_rbf,0.02155863307416439,128
lot_paper_domain_matched,candidate,instruction,reasoning_only,16,projected_js,0.07520933728665113,128
lot_paper_domain_matched,candidate,instruction,reasoning_only,17,mmd_rbf,0.021327415481209755,128
lot_paper_domain_matched,candidate,instruction,reasoning_only,17,projected_js,0.07479108282132074,128
lot_paper_domain_matched,candidate,instruction,reasoning_only,18,mmd_rbf,0.02419482357800007,128
lot_paper_domain_matched,candidate,instruction,reasoning_only,18,projected_js,0.073994935315568,128
lot_paper_domain_matched,candidate,instruction,reasoning_only,19,mmd_rbf,0.024966618046164513,128
lot_paper_domain_matched,candidate,instruction,reasoning_only,19,projected_js,0.07980147941270843,128
lot_paper_domain_matched,candidate,instruction,reasoning_only,20,mmd_rbf,0.024646250531077385,128
lot_paper_domain_matched,candidate,instruction,reasoning_only,20,projected_js,0.08150128624401987,128
lot_paper_domain_matched,candidate,instruction,reasoning_only,21,mmd_rbf,0.026007194072008133,128
lot_paper_domain_matched,candidate,instruction,reasoning_only,21,projected_js,0.0821680870722048,128
lot_paper_domain_matched,candidate,instruction,reasoning_only,22,mmd_rbf,0.024474751204252243,128
lot_paper_domain_matched,candidate,instruction,reasoning_only,22,projected_js,0.08126134530175477,128
lot_paper_domain_matched,candidate,instruction,reasoning_only,23,mmd_rbf,0.021753594279289246,128
lot_paper_domain_matched,candidate,instruction,reasoning_only,23,projected_js,0.0811669576796703,128
lot_paper_domain_matched,candidate,instruction,reasoning_only,24,mmd_rbf,0.02285033091902733,128
lot_paper_domain_matched,candidate,instruction,reasoning_only,24,projected_js,0.08304961258545518,128
lot_paper_domain_matched,candidate,instruction,reasoning_only,25,mmd_rbf,0.022287553176283836,128
lot_paper_domain_matched,candidate,instruction,reasoning_only,25,projected_js,0.08108338317833841,128
lot_paper_domain_matched,candidate,instruction,reasoning_only,26,mmd_rbf,0.023215819150209427,128
lot_paper_domain_matched,candidate,instruction,reasoning_only,26,projected_js,0.08114765753271058,128
lot_paper_domain_matched,candidate,instruction,reasoning_only,27,mmd_rbf,0.022961003705859184,128
lot_paper_domain_matched,candidate,instruction,reasoning_only,27,projected_js,0.08129477896727622,128
lot_paper_domain_matched,candidate,instruction,reasoning_only,28,mmd_rbf,0.023322639986872673,128
lot_paper_domain_matched,candidate,instruction,reasoning_only,28,projected_js,0.08040852809790522,128
lot_paper_domain_matched,candidate,instruction,reasoning_only,29,mmd_rbf,0.02223881147801876,128
lot_paper_domain_matched,candidate,instruction,reasoning_only,29,projected_js,0.07918158918619156,128
lot_paper_domain_matched,candidate,instruction,reasoning_only,30,mmd_rbf,0.02245071530342102,128
lot_paper_domain_matched,candidate,instruction,reasoning_only,30,projected_js,0.08081194758415222,128
lot_paper_domain_matched,candidate,instruction,reasoning_only,31,mmd_rbf,0.022371938452124596,128
lot_paper_domain_matched,candidate,instruction,reasoning_only,31,projected_js,0.07605096878251061,128
lot_paper_domain_matched,candidate,instruction,reasoning_only,32,mmd_rbf,0.021749824285507202,128
lot_paper_domain_matched,candidate,instruction,reasoning_only,32,projected_js,0.07659747143043205,128
lot_paper_domain_matched,candidate,instruction,reasoning_only,33,mmd_rbf,0.0210917629301548,128
lot_paper_domain_matched,candidate,instruction,reasoning_only,33,projected_js,0.0764557255897671,128
lot_paper_domain_matched,candidate,instruction,reasoning_only,34,mmd_rbf,0.024097047746181488,128
lot_paper_domain_matched,candidate,instruction,reasoning_only,34,projected_js,0.07822295482037589,128
lot_paper_domain_matched,candidate,instruction,reasoning_only,35,mmd_rbf,0.060851145535707474,128
lot_paper_domain_matched,candidate,instruction,reasoning_only,35,projected_js,0.11477334570372477,128
lot_paper_domain_matched,candidate,instruction,uncensored_only,0,mmd_rbf,0.006421450059860945,128
lot_paper_domain_matched,candidate,instruction,uncensored_only,0,projected_js,0.04857085240655579,128
lot_paper_domain_matched,candidate,instruction,uncensored_only,1,mmd_rbf,0.12051540613174438,128
lot_paper_domain_matched,candidate,instruction,uncensored_only,1,projected_js,0.15154947096016258,128
lot_paper_domain_matched,candidate,instruction,uncensored_only,2,mmd_rbf,0.11269952356815338,128
lot_paper_domain_matched,candidate,instruction,uncensored_only,2,projected_js,0.13966323173372075,128
lot_paper_domain_matched,candidate,instruction,uncensored_only,3,mmd_rbf,0.0841856524348259,128
lot_paper_domain_matched,candidate,instruction,uncensored_only,3,projected_js,0.11677406175294891,128
lot_paper_domain_matched,candidate,instruction,uncensored_only,4,mmd_rbf,0.06039987877011299,128
lot_paper_domain_matched,candidate,instruction,uncensored_only,4,projected_js,0.10816850193077698,128
lot_paper_domain_matched,candidate,instruction,uncensored_only,5,mmd_rbf,0.04635209962725639,128
lot_paper_domain_matched,candidate,instruction,uncensored_only,5,projected_js,0.09633560839574784,128
lot_paper_domain_matched,candidate,instruction,uncensored_only,6,mmd_rbf,0.02872328832745552,128
lot_paper_domain_matched,candidate,instruction,uncensored_only,6,projected_js,0.08255413215374574,128
lot_paper_domain_matched,candidate,instruction,uncensored_only,7,mmd_rbf,0.02327393740415573,128
lot_paper_domain_matched,candidate,instruction,uncensored_only,7,projected_js,0.07979032263392583,128
lot_paper_domain_matched,candidate,instruction,uncensored_only,8,mmd_rbf,0.017055334523320198,128
lot_paper_domain_matched,candidate,instruction,uncensored_only,8,projected_js,0.0719961405848153,128
lot_paper_domain_matched,candidate,instruction,uncensored_only,9,mmd_rbf,0.01407886203378439,128
lot_paper_domain_matched,candidate,instruction,uncensored_only,9,projected_js,0.06896735879126936,128
lot_paper_domain_matched,candidate,instruction,uncensored_only,10,mmd_rbf,0.014424390159547329,128
lot_paper_domain_matched,candidate,instruction,uncensored_only,10,projected_js,0.07374145206995308,128
lot_paper_domain_matched,candidate,instruction,uncensored_only,11,mmd_rbf,0.011634918861091137,128
lot_paper_domain_matched,candidate,instruction,uncensored_only,11,projected_js,0.06870592481573112,128
lot_paper_domain_matched,candidate,instruction,uncensored_only,12,mmd_rbf,0.011641931720077991,128
lot_paper_domain_matched,candidate,instruction,uncensored_only,12,projected_js,0.06701135053299367,128
lot_paper_domain_matched,candidate,instruction,uncensored_only,13,mmd_rbf,0.011996216140687466,128
lot_paper_domain_matched,candidate,instruction,uncensored_only,13,projected_js,0.07385691202944145,128
lot_paper_domain_matched,candidate,instruction,uncensored_only,14,mmd_rbf,0.012625068426132202,128
lot_paper_domain_matched,candidate,instruction,uncensored_only,14,projected_js,0.07226185587933287,128
lot_paper_domain_matched,candidate,instruction,uncensored_only,15,mmd_rbf,0.014310774393379688,128
lot_paper_domain_matched,candidate,instruction,uncensored_only,15,projected_js,0.07099649187875912,128
lot_paper_domain_matched,candidate,instruction,uncensored_only,16,mmd_rbf,0.014699033461511135,128
lot_paper_domain_matched,candidate,instruction,uncensored_only,16,projected_js,0.07184194156434387,128
lot_paper_domain_matched,candidate,instruction,uncensored_only,17,mmd_rbf,0.013918270356953144,128
lot_paper_domain_matched,candidate,instruction,uncensored_only,17,projected_js,0.06963547569466755,128
lot_paper_domain_matched,candidate,instruction,uncensored_only,18,mmd_rbf,0.0138034513220191,128
lot_paper_domain_matched,candidate,instruction,uncensored_only,18,projected_js,0.07313849841011688,128
lot_paper_domain_matched,candidate,instruction,uncensored_only,19,mmd_rbf,0.014462652616202831,128
lot_paper_domain_matched,candidate,instruction,uncensored_only,19,projected_js,0.07600719737820327,128
lot_paper_domain_matched,candidate,instruction,uncensored_only,20,mmd_rbf,0.015446940436959267,128
lot_paper_domain_matched,candidate,instruction,uncensored_only,20,projected_js,0.07739708363078535,128
lot_paper_domain_matched,candidate,instruction,uncensored_only,21,mmd_rbf,0.01658901758491993,128
lot_paper_domain_matched,candidate,instruction,uncensored_only,21,projected_js,0.07335338997654617,128
lot_paper_domain_matched,candidate,instruction,uncensored_only,22,mmd_rbf,0.01793249510228634,128
lot_paper_domain_matched,candidate,instruction,uncensored_only,22,projected_js,0.07359886303311214,128
lot_paper_domain_matched,candidate,instruction,uncensored_only,23,mmd_rbf,0.018700558692216873,128
lot_paper_domain_matched,candidate,instruction,uncensored_only,23,projected_js,0.07967673131497577,128
lot_paper_domain_matched,candidate,instruction,uncensored_only,24,mmd_rbf,0.02082175947725773,128
lot_paper_domain_matched,candidate,instruction,uncensored_only,24,projected_js,0.08048953820252791,128
lot_paper_domain_matched,candidate,instruction,uncensored_only,25,mmd_rbf,0.021976133808493614,128
lot_paper_domain_matched,candidate,instruction,uncensored_only,25,projected_js,0.08316520234802738,128
lot_paper_domain_matched,candidate,instruction,uncensored_only,26,mmd_rbf,0.023059019818902016,128
lot_paper_domain_matched,candidate,instruction,uncensored_only,26,projected_js,0.08406059205299243,128
lot_paper_domain_matched,candidate,instruction,uncensored_only,27,mmd_rbf,0.023380329832434654,128
lot_paper_domain_matched,candidate,instruction,uncensored_only,27,projected_js,0.08375795639585704,128
lot_paper_domain_matched,candidate,instruction,uncensored_only,28,mmd_rbf,0.02053515613079071,128
lot_paper_domain_matched,candidate,instruction,uncensored_only,28,projected_js,0.07798690599156544,128
lot_paper_domain_matched,candidate,instruction,uncensored_only,29,mmd_rbf,0.019037967547774315,128
lot_paper_domain_matched,candidate,instruction,uncensored_only,29,projected_js,0.07429146114736795,128
lot_paper_domain_matched,candidate,instruction,uncensored_only,30,mmd_rbf,0.018468210473656654,128
lot_paper_domain_matched,candidate,instruction,uncensored_only,30,projected_js,0.07604214816819876,128
lot_paper_domain_matched,candidate,instruction,uncensored_only,31,mmd_rbf,0.01757996343076229,128
lot_paper_domain_matched,candidate,instruction,uncensored_only,31,projected_js,0.0734230192610994,128
lot_paper_domain_matched,candidate,instruction,uncensored_only,32,mmd_rbf,0.01706266775727272,128
lot_paper_domain_matched,candidate,instruction,uncensored_only,32,projected_js,0.07075635780347511,128
lot_paper_domain_matched,candidate,instruction,uncensored_only,33,mmd_rbf,0.016635609790682793,128
lot_paper_domain_matched,candidate,instruction,uncensored_only,33,projected_js,0.07342022377997637,128
lot_paper_domain_matched,candidate,instruction,uncensored_only,34,mmd_rbf,0.017633451148867607,128
lot_paper_domain_matched,candidate,instruction,uncensored_only,34,projected_js,0.077943547104951,128
lot_paper_domain_matched,candidate,instruction,uncensored_only,35,mmd_rbf,0.018379928544163704,128
lot_paper_domain_matched,candidate,instruction,uncensored_only,35,projected_js,0.07124554843176156,128
lot_paper_domain_matched,candidate,reasoning,base,0,mmd_rbf,0.0031437159050256014,128
lot_paper_domain_matched,candidate,reasoning,base,0,projected_js,0.04561894939979538,128
lot_paper_domain_matched,candidate,reasoning,base,1,mmd_rbf,0.006867203861474991,128
lot_paper_domain_matched,candidate,reasoning,base,1,projected_js,0.05468335247132927,128
lot_paper_domain_matched,candidate,reasoning,base,2,mmd_rbf,0.010525994934141636,128
lot_paper_domain_matched,candidate,reasoning,base,2,projected_js,0.05705138362827711,128
lot_paper_domain_matched,candidate,reasoning,base,3,mmd_rbf,0.013957798480987549,128
lot_paper_domain_matched,candidate,reasoning,base,3,projected_js,0.0655803672852926,128
lot_paper_domain_matched,candidate,reasoning,base,4,mmd_rbf,0.01368010975420475,128
lot_paper_domain_matched,candidate,reasoning,base,4,projected_js,0.06169682941981591,128
lot_paper_domain_matched,candidate,reasoning,base,5,mmd_rbf,0.01194474846124649,128
lot_paper_domain_matched,candidate,reasoning,base,5,projected_js,0.061117442208342254,128
lot_paper_domain_matched,candidate,reasoning,base,6,mmd_rbf,0.009076090529561043,128
lot_paper_domain_matched,candidate,reasoning,base,6,projected_js,0.060070076753618196,128
lot_paper_domain_matched,candidate,reasoning,base,7,mmd_rbf,0.009014622308313847,128
lot_paper_domain_matched,candidate,reasoning,base,7,projected_js,0.061389095935737714,128
lot_paper_domain_matched,candidate,reasoning,base,8,mmd_rbf,0.008563658222556114,128
lot_paper_domain_matched,candidate,reasoning,base,8,projected_js,0.06287483440246433,128
lot_paper_domain_matched,candidate,reasoning,base,9,mmd_rbf,0.009522571228444576,128
lot_paper_domain_matched,candidate,reasoning,base,9,projected_js,0.06052628968609497,128
lot_paper_domain_matched,candidate,reasoning,base,10,mmd_rbf,0.011865432374179363,128
lot_paper_domain_matched,candidate,reasoning,base,10,projected_js,0.06163455575006083,128
lot_paper_domain_matched,candidate,reasoning,base,11,mmd_rbf,0.011176535859704018,128
lot_paper_domain_matched,candidate,reasoning,base,11,projected_js,0.06480747531168163,128
lot_paper_domain_matched,candidate,reasoning,base,12,mmd_rbf,0.011372431181371212,128
lot_paper_domain_matched,candidate,reasoning,base,12,projected_js,0.06096659245667979,128
lot_paper_domain_matched,candidate,reasoning,base,13,mmd_rbf,0.01152156200259924,128
lot_paper_domain_matched,candidate,reasoning,base,13,projected_js,0.06978848989820108,128
lot_paper_domain_matched,candidate,reasoning,base,14,mmd_rbf,0.011714078485965729,128
lot_paper_domain_matched,candidate,reasoning,base,14,projected_js,0.0665010298253037,128
lot_paper_domain_matched,candidate,reasoning,base,15,mmd_rbf,0.011969612911343575,128
lot_paper_domain_matched,candidate,reasoning,base,15,projected_js,0.06584943440975621,128
lot_paper_domain_matched,candidate,reasoning,base,16,mmd_rbf,0.012815089896321297,128
lot_paper_domain_matched,candidate,reasoning,base,16,projected_js,0.06535933242412284,128
lot_paper_domain_matched,candidate,reasoning,base,17,mmd_rbf,0.012354022823274136,128
lot_paper_domain_matched,candidate,reasoning,base,17,projected_js,0.06725523908971809,128
lot_paper_domain_matched,candidate,reasoning,base,18,mmd_rbf,0.013131481595337391,128
lot_paper_domain_matched,candidate,reasoning,base,18,projected_js,0.0672807214432396,128
lot_paper_domain_matched,candidate,reasoning,base,19,mmd_rbf,0.012909181416034698,128
lot_paper_domain_matched,candidate,reasoning,base,19,projected_js,0.06836350110825151,128
lot_paper_domain_matched,candidate,reasoning,base,20,mmd_rbf,0.01227542944252491,128
lot_paper_domain_matched,candidate,reasoning,base,20,projected_js,0.06674669578205794,128
lot_paper_domain_matched,candidate,reasoning,base,21,mmd_rbf,0.012521808035671711,128
lot_paper_domain_matched,candidate,reasoning,base,21,projected_js,0.0655115048866719,128
lot_paper_domain_matched,candidate,reasoning,base,22,mmd_rbf,0.011483524926006794,128
lot_paper_domain_matched,candidate,reasoning,base,22,projected_js,0.0674207232077606,128
lot_paper_domain_matched,candidate,reasoning,base,23,mmd_rbf,0.010458462871611118,128
lot_paper_domain_matched,candidate,reasoning,base,23,projected_js,0.059161779819987714,128
lot_paper_domain_matched,candidate,reasoning,base,24,mmd_rbf,0.009384166449308395,128
lot_paper_domain_matched,candidate,reasoning,base,24,projected_js,0.0632242487045005,128
lot_paper_domain_matched,candidate,reasoning,base,25,mmd_rbf,0.008354940451681614,128
lot_paper_domain_matched,candidate,reasoning,base,25,projected_js,0.06284912052797154,128
lot_paper_domain_matched,candidate,reasoning,base,26,mmd_rbf,0.00791618786752224,128
lot_paper_domain_matched,candidate,reasoning,base,26,projected_js,0.06298793107271194,128
lot_paper_domain_matched,candidate,reasoning,base,27,mmd_rbf,0.007802652660757303,128
lot_paper_domain_matched,candidate,reasoning,base,27,projected_js,0.06394432601518929,128
lot_paper_domain_matched,candidate,reasoning,base,28,mmd_rbf,0.00781345833092928,128
lot_paper_domain_matched,candidate,reasoning,base,28,projected_js,0.06603449897374958,128
lot_paper_domain_matched,candidate,reasoning,base,29,mmd_rbf,0.007658811751753092,128
lot_paper_domain_matched,candidate,reasoning,base,29,projected_js,0.061767371895257384,128
lot_paper_domain_matched,candidate,reasoning,base,30,mmd_rbf,0.007520647253841162,128
lot_paper_domain_matched,candidate,reasoning,base,30,projected_js,0.06144191458588466,128
lot_paper_domain_matched,candidate,reasoning,base,31,mmd_rbf,0.007555114571005106,128
lot_paper_domain_matched,candidate,reasoning,base,31,projected_js,0.0599655308178626,128
lot_paper_domain_matched,candidate,reasoning,base,32,mmd_rbf,0.008013824000954628,128
lot_paper_domain_matched,candidate,reasoning,base,32,projected_js,0.05841684970073402,128
lot_paper_domain_matched,candidate,reasoning,base,33,mmd_rbf,0.008255102671682835,128
lot_paper_domain_matched,candidate,reasoning,base,33,projected_js,0.06362650205846876,128
lot_paper_domain_matched,candidate,reasoning,base,34,mmd_rbf,0.01073552668094635,128
lot_paper_domain_matched,candidate,reasoning,base,34,projected_js,0.06452950305538252,128
lot_paper_domain_matched,candidate,reasoning,base,35,mmd_rbf,0.030463019385933876,128
lot_paper_domain_matched,candidate,reasoning,base,35,projected_js,0.078896141378209,128
lot_paper_domain_matched,candidate,reasoning,instr_only,0,mmd_rbf,0.0015047341585159302,128
lot_paper_domain_matched,candidate,reasoning,instr_only,0,projected_js,0.03953851779806428,128
lot_paper_domain_matched,candidate,reasoning,instr_only,1,mmd_rbf,0.0033647387754172087,128
lot_paper_domain_matched,candidate,reasoning,instr_only,1,projected_js,0.044546378165250644,128
lot_paper_domain_matched,candidate,reasoning,instr_only,2,mmd_rbf,0.006021772511303425,128
lot_paper_domain_matched,candidate,reasoning,instr_only,2,projected_js,0.05109745234949514,128
lot_paper_domain_matched,candidate,reasoning,instr_only,3,mmd_rbf,0.007862607948482037,128
lot_paper_domain_matched,candidate,reasoning,instr_only,3,projected_js,0.05518481426406652,128
lot_paper_domain_matched,candidate,reasoning,instr_only,4,mmd_rbf,0.008076764643192291,128
lot_paper_domain_matched,candidate,reasoning,instr_only,4,projected_js,0.05374201922677457,128
lot_paper_domain_matched,candidate,reasoning,instr_only,5,mmd_rbf,0.007510121446102858,128
lot_paper_domain_matched,candidate,reasoning,instr_only,5,projected_js,0.05487079088925384,128
lot_paper_domain_matched,candidate,reasoning,instr_only,6,mmd_rbf,0.0059075974859297276,128
lot_paper_domain_matched,candidate,reasoning,instr_only,6,projected_js,0.05563127060304396,128
lot_paper_domain_matched,candidate,reasoning,instr_only,7,mmd_rbf,0.005896083544939756,128
lot_paper_domain_matched,candidate,reasoning,instr_only,7,projected_js,0.05550283592310734,128
lot_paper_domain_matched,candidate,reasoning,instr_only,8,mmd_rbf,0.005768689792603254,128
lot_paper_domain_matched,candidate,reasoning,instr_only,8,projected_js,0.057930521958041936,128
lot_paper_domain_matched,candidate,reasoning,instr_only,9,mmd_rbf,0.0063010575249791145,128
lot_paper_domain_matched,candidate,reasoning,instr_only,9,projected_js,0.05536427677725442,128
lot_paper_domain_matched,candidate,reasoning,instr_only,10,mmd_rbf,0.007930228486657143,128
lot_paper_domain_matched,candidate,reasoning,instr_only,10,projected_js,0.060014949878677726,128
lot_paper_domain_matched,candidate,reasoning,instr_only,11,mmd_rbf,0.007555928081274033,128
lot_paper_domain_matched,candidate,reasoning,instr_only,11,projected_js,0.06016312201973051,128
lot_paper_domain_matched,candidate,reasoning,instr_only,12,mmd_rbf,0.007466866169124842,128
lot_paper_domain_matched,candidate,reasoning,instr_only,12,projected_js,0.06615677021909505,128
lot_paper_domain_matched,candidate,reasoning,instr_only,13,mmd_rbf,0.0075811902061104774,128
lot_paper_domain_matched,candidate,reasoning,instr_only,13,projected_js,0.06375114567345008,128
lot_paper_domain_matched,candidate,reasoning,instr_only,14,mmd_rbf,0.007347767241299152,128
lot_paper_domain_matched,candidate,reasoning,instr_only,14,projected_js,0.06289941765135154,128
lot_paper_domain_matched,candidate,reasoning,instr_only,15,mmd_rbf,0.0072283633053302765,128
lot_paper_domain_matched,candidate,reasoning,instr_only,15,projected_js,0.06190790858818218,128
lot_paper_domain_matched,candidate,reasoning,instr_only,16,mmd_rbf,0.007141083013266325,128
lot_paper_domain_matched,candidate,reasoning,instr_only,16,projected_js,0.06712513527600095,128
lot_paper_domain_matched,candidate,reasoning,instr_only,17,mmd_rbf,0.006900697480887175,128
lot_paper_domain_matched,candidate,reasoning,instr_only,17,projected_js,0.06316266057547182,128
lot_paper_domain_matched,candidate,reasoning,instr_only,18,mmd_rbf,0.007109665311872959,128
lot_paper_domain_matched,candidate,reasoning,instr_only,18,projected_js,0.06565998966107145,128
lot_paper_domain_matched,candidate,reasoning,instr_only,19,mmd_rbf,0.006765082478523254,128
lot_paper_domain_matched,candidate,reasoning,instr_only,19,projected_js,0.05965375393861905,128
lot_paper_domain_matched,candidate,reasoning,instr_only,20,mmd_rbf,0.00659316498786211,128
lot_paper_domain_matched,candidate,reasoning,instr_only,20,projected_js,0.06006094295298681,128
lot_paper_domain_matched,candidate,reasoning,instr_only,21,mmd_rbf,0.006788148079067469,128
lot_paper_domain_matched,candidate,reasoning,instr_only,21,projected_js,0.0640199375920929,128
lot_paper_domain_matched,candidate,reasoning,instr_only,22,mmd_rbf,0.006277980748564005,128
lot_paper_domain_matched,candidate,reasoning,instr_only,22,projected_js,0.06037031044252217,128
lot_paper_domain_matched,candidate,reasoning,instr_only,23,mmd_rbf,0.005587104242295027,128
lot_paper_domain_matched,candidate,reasoning,instr_only,23,projected_js,0.056978838139912114,128
lot_paper_domain_matched,candidate,reasoning,instr_only,24,mmd_rbf,0.005471162032335997,128
lot_paper_domain_matched,candidate,reasoning,instr_only,24,projected_js,0.05822989181615412,128
lot_paper_domain_matched,candidate,reasoning,instr_only,25,mmd_rbf,0.005325883626937866,128
lot_paper_domain_matched,candidate,reasoning,instr_only,25,projected_js,0.057286834431579337,128
lot_paper_domain_matched,candidate,reasoning,instr_only,26,mmd_rbf,0.005394243635237217,128
lot_paper_domain_matched,candidate,reasoning,instr_only,26,projected_js,0.06000925513217226,128
lot_paper_domain_matched,candidate,reasoning,instr_only,27,mmd_rbf,0.005576315801590681,128
lot_paper_domain_matched,candidate,reasoning,instr_only,27,projected_js,0.06011545436922461,128
lot_paper_domain_matched,candidate,reasoning,instr_only,28,mmd_rbf,0.006175344344228506,128
lot_paper_domain_matched,candidate,reasoning,instr_only,28,projected_js,0.061835856933612376,128
lot_paper_domain_matched,candidate,reasoning,instr_only,29,mmd_rbf,0.006470142398029566,128
lot_paper_domain_matched,candidate,reasoning,instr_only,29,projected_js,0.059924195578787476,128
lot_paper_domain_matched,candidate,reasoning,instr_only,30,mmd_rbf,0.007007650565356016,128
lot_paper_domain_matched,candidate,reasoning,instr_only,30,projected_js,0.061607115494553,128
lot_paper_domain_matched,candidate,reasoning,instr_only,31,mmd_rbf,0.007677807006984949,128
lot_paper_domain_matched,candidate,reasoning,instr_only,31,projected_js,0.059694775205571204,128
lot_paper_domain_matched,candidate,reasoning,instr_only,32,mmd_rbf,0.007879695855081081,128
lot_paper_domain_matched,candidate,reasoning,instr_only,32,projected_js,0.059498986578546464,128
lot_paper_domain_matched,candidate,reasoning,instr_only,33,mmd_rbf,0.00841750018298626,128
lot_paper_domain_matched,candidate,reasoning,instr_only,33,projected_js,0.06433626695070416,128
lot_paper_domain_matched,candidate,reasoning,instr_only,34,mmd_rbf,0.009814019314944744,128
lot_paper_domain_matched,candidate,reasoning,instr_only,34,projected_js,0.0651491025055293,128
lot_paper_domain_matched,candidate,reasoning,instr_only,35,mmd_rbf,0.04548764228820801,128
lot_paper_domain_matched,candidate,reasoning,instr_only,35,projected_js,0.09330776717979461,128
lot_paper_domain_matched,candidate,reasoning,reasoning_only,0,mmd_rbf,0.002452310873195529,128
lot_paper_domain_matched,candidate,reasoning,reasoning_only,0,projected_js,0.039276058465475217,128
lot_paper_domain_matched,candidate,reasoning,reasoning_only,1,mmd_rbf,0.0028968544211238623,128
lot_paper_domain_matched,candidate,reasoning,reasoning_only,1,projected_js,0.042645297027775086,128
lot_paper_domain_matched,candidate,reasoning,reasoning_only,2,mmd_rbf,0.0041473121382296085,128
lot_paper_domain_matched,candidate,reasoning,reasoning_only,2,projected_js,0.04766203503822908,128
lot_paper_domain_matched,candidate,reasoning,reasoning_only,3,mmd_rbf,0.004641835577785969,128
lot_paper_domain_matched,candidate,reasoning,reasoning_only,3,projected_js,0.049042730970541015,128
lot_paper_domain_matched,candidate,reasoning,reasoning_only,4,mmd_rbf,0.004444877151399851,128
lot_paper_domain_matched,candidate,reasoning,reasoning_only,4,projected_js,0.05185880637145601,128
lot_paper_domain_matched,candidate,reasoning,reasoning_only,5,mmd_rbf,0.00410885363817215,128
lot_paper_domain_matched,candidate,reasoning,reasoning_only,5,projected_js,0.04836291100946255,128
lot_paper_domain_matched,candidate,reasoning,reasoning_only,6,mmd_rbf,0.0032338127493858337,128
lot_paper_domain_matched,candidate,reasoning,reasoning_only,6,projected_js,0.04893549327971414,128
lot_paper_domain_matched,candidate,reasoning,reasoning_only,7,mmd_rbf,0.003640786511823535,128
lot_paper_domain_matched,candidate,reasoning,reasoning_only,7,projected_js,0.05110816453816369,128
lot_paper_domain_matched,candidate,reasoning,reasoning_only,8,mmd_rbf,0.0034614582546055317,128
lot_paper_domain_matched,candidate,reasoning,reasoning_only,8,projected_js,0.05166063315118663,128
lot_paper_domain_matched,candidate,reasoning,reasoning_only,9,mmd_rbf,0.003511948511004448,128
lot_paper_domain_matched,candidate,reasoning,reasoning_only,9,projected_js,0.05216045421548188,128
lot_paper_domain_matched,candidate,reasoning,reasoning_only,10,mmd_rbf,0.0051009939052164555,128
lot_paper_domain_matched,candidate,reasoning,reasoning_only,10,projected_js,0.0554253903683275,128
lot_paper_domain_matched,candidate,reasoning,reasoning_only,11,mmd_rbf,0.005456919316202402,128
lot_paper_domain_matched,candidate,reasoning,reasoning_only,11,projected_js,0.054364365234505385,128
lot_paper_domain_matched,candidate,reasoning,reasoning_only,12,mmd_rbf,0.005106368102133274,128
lot_paper_domain_matched,candidate,reasoning,reasoning_only,12,projected_js,0.056109657511115074,128
lot_paper_domain_matched,candidate,reasoning,reasoning_only,13,mmd_rbf,0.0048852949403226376,128
lot_paper_domain_matched,candidate,reasoning,reasoning_only,13,projected_js,0.05763936007861048,128
lot_paper_domain_matched,candidate,reasoning,reasoning_only,14,mmd_rbf,0.005185109097510576,128
lot_paper_domain_matched,candidate,reasoning,reasoning_only,14,projected_js,0.05436485871905461,128
lot_paper_domain_matched,candidate,reasoning,reasoning_only,15,mmd_rbf,0.005379534792155027,128
lot_paper_domain_matched,candidate,reasoning,reasoning_only,15,projected_js,0.0574254568782635,128
lot_paper_domain_matched,candidate,reasoning,reasoning_only,16,mmd_rbf,0.005910712759941816,128
lot_paper_domain_matched,candidate,reasoning,reasoning_only,16,projected_js,0.05876664648531005,128
lot_paper_domain_matched,candidate,reasoning,reasoning_only,17,mmd_rbf,0.005622487980872393,128
lot_paper_domain_matched,candidate,reasoning,reasoning_only,17,projected_js,0.05698304416728206,128
lot_paper_domain_matched,candidate,reasoning,reasoning_only,18,mmd_rbf,0.006248708348721266,128
lot_paper_domain_matched,candidate,reasoning,reasoning_only,18,projected_js,0.061433210532413796,128
lot_paper_domain_matched,candidate,reasoning,reasoning_only,19,mmd_rbf,0.005736499559134245,128
lot_paper_domain_matched,candidate,reasoning,reasoning_only,19,projected_js,0.05785969030694105,128
lot_paper_domain_matched,candidate,reasoning,reasoning_only,20,mmd_rbf,0.005431365221738815,128
lot_paper_domain_matched,candidate,reasoning,reasoning_only,20,projected_js,0.05907656947965734,128
lot_paper_domain_matched,candidate,reasoning,reasoning_only,21,mmd_rbf,0.005829189904034138,128
lot_paper_domain_matched,candidate,reasoning,reasoning_only,21,projected_js,0.05613291010376997,128
lot_paper_domain_matched,candidate,reasoning,reasoning_only,22,mmd_rbf,0.0048131332732737064,128
lot_paper_domain_matched,candidate,reasoning,reasoning_only,22,projected_js,0.05687354438123293,128
lot_paper_domain_matched,candidate,reasoning,reasoning_only,23,mmd_rbf,0.0038748530205339193,128
lot_paper_domain_matched,candidate,reasoning,reasoning_only,23,projected_js,0.052561082906322554,128
lot_paper_domain_matched,candidate,reasoning,reasoning_only,24,mmd_rbf,0.0035639542620629072,128
lot_paper_domain_matched,candidate,reasoning,reasoning_only,24,projected_js,0.055091849964810535,128
lot_paper_domain_matched,candidate,reasoning,reasoning_only,25,mmd_rbf,0.0030575089622288942,128
lot_paper_domain_matched,candidate,reasoning,reasoning_only,25,projected_js,0.05399411867256276,128
lot_paper_domain_matched,candidate,reasoning,reasoning_only,26,mmd_rbf,0.0028357808478176594,128
lot_paper_domain_matched,candidate,reasoning,reasoning_only,26,projected_js,0.05511903896695003,128
lot_paper_domain_matched,candidate,reasoning,reasoning_only,27,mmd_rbf,0.00270761433057487,128
lot_paper_domain_matched,candidate,reasoning,reasoning_only,27,projected_js,0.054307642829371616,128
lot_paper_domain_matched,candidate,reasoning,reasoning_only,28,mmd_rbf,0.0027795450296252966,128
lot_paper_domain_matched,candidate,reasoning,reasoning_only,28,projected_js,0.053216125641483814,128
lot_paper_domain_matched,candidate,reasoning,reasoning_only,29,mmd_rbf,0.0027248207479715347,128
lot_paper_domain_matched,candidate,reasoning,reasoning_only,29,projected_js,0.055364723899401724,128
lot_paper_domain_matched,candidate,reasoning,reasoning_only,30,mmd_rbf,0.002752548549324274,128
lot_paper_domain_matched,candidate,reasoning,reasoning_only,30,projected_js,0.05371088004903868,128
lot_paper_domain_matched,candidate,reasoning,reasoning_only,31,mmd_rbf,0.002759152790531516,128
lot_paper_domain_matched,candidate,reasoning,reasoning_only,31,projected_js,0.0548662863438949,128
lot_paper_domain_matched,candidate,reasoning,reasoning_only,32,mmd_rbf,0.0028647237922996283,128
lot_paper_domain_matched,candidate,reasoning,reasoning_only,32,projected_js,0.054607420053798705,128
lot_paper_domain_matched,candidate,reasoning,reasoning_only,33,mmd_rbf,0.0029636863619089127,128
lot_paper_domain_matched,candidate,reasoning,reasoning_only,33,projected_js,0.05471562303137034,128
lot_paper_domain_matched,candidate,reasoning,reasoning_only,34,mmd_rbf,0.003315076231956482,128
lot_paper_domain_matched,candidate,reasoning,reasoning_only,34,projected_js,0.056677020009374246,128
lot_paper_domain_matched,candidate,reasoning,reasoning_only,35,mmd_rbf,0.013879770413041115,128
lot_paper_domain_matched,candidate,reasoning,reasoning_only,35,projected_js,0.06330181082012132,128
lot_paper_domain_matched,candidate,reasoning,uncensored_only,0,mmd_rbf,0.005036992020905018,128
lot_paper_domain_matched,candidate,reasoning,uncensored_only,0,projected_js,0.049503763497341424,128
lot_paper_domain_matched,candidate,reasoning,uncensored_only,1,mmd_rbf,0.08775994926691055,128
lot_paper_domain_matched,candidate,reasoning,uncensored_only,1,projected_js,0.12865552079165354,128
lot_paper_domain_matched,candidate,reasoning,uncensored_only,2,mmd_rbf,0.08817316591739655,128
lot_paper_domain_matched,candidate,reasoning,uncensored_only,2,projected_js,0.11799040174810216,128
lot_paper_domain_matched,candidate,reasoning,uncensored_only,3,mmd_rbf,0.06985677033662796,128
lot_paper_domain_matched,candidate,reasoning,uncensored_only,3,projected_js,0.10908592795021832,128
lot_paper_domain_matched,candidate,reasoning,uncensored_only,4,mmd_rbf,0.04690837115049362,128
lot_paper_domain_matched,candidate,reasoning,uncensored_only,4,projected_js,0.09836663957685232,128
lot_paper_domain_matched,candidate,reasoning,uncensored_only,5,mmd_rbf,0.03316174075007439,128
lot_paper_domain_matched,candidate,reasoning,uncensored_only,5,projected_js,0.08768780302489176,128
lot_paper_domain_matched,candidate,reasoning,uncensored_only,6,mmd_rbf,0.02071153186261654,128
lot_paper_domain_matched,candidate,reasoning,uncensored_only,6,projected_js,0.07671089400537312,128
lot_paper_domain_matched,candidate,reasoning,uncensored_only,7,mmd_rbf,0.01884736493229866,128
lot_paper_domain_matched,candidate,reasoning,uncensored_only,7,projected_js,0.07713996525853872,128
lot_paper_domain_matched,candidate,reasoning,uncensored_only,8,mmd_rbf,0.01572365127503872,128
lot_paper_domain_matched,candidate,reasoning,uncensored_only,8,projected_js,0.07183399592759088,128
lot_paper_domain_matched,candidate,reasoning,uncensored_only,9,mmd_rbf,0.013993138447403908,128
lot_paper_domain_matched,candidate,reasoning,uncensored_only,9,projected_js,0.06477920600445941,128
lot_paper_domain_matched,candidate,reasoning,uncensored_only,10,mmd_rbf,0.014485776424407959,128
lot_paper_domain_matched,candidate,reasoning,uncensored_only,10,projected_js,0.0683630395506043,128
lot_paper_domain_matched,candidate,reasoning,uncensored_only,11,mmd_rbf,0.012224650010466576,128
lot_paper_domain_matched,candidate,reasoning,uncensored_only,11,projected_js,0.06845476297894493,128
lot_paper_domain_matched,candidate,reasoning,uncensored_only,12,mmd_rbf,0.012388334609568119,128
lot_paper_domain_matched,candidate,reasoning,uncensored_only,12,projected_js,0.06754950276808813,128
lot_paper_domain_matched,candidate,reasoning,uncensored_only,13,mmd_rbf,0.01294966321438551,128
lot_paper_domain_matched,candidate,reasoning,uncensored_only,13,projected_js,0.07064265990629792,128
lot_paper_domain_matched,candidate,reasoning,uncensored_only,14,mmd_rbf,0.013068708591163158,128
lot_paper_domain_matched,candidate,reasoning,uncensored_only,14,projected_js,0.06664411508245394,128
lot_paper_domain_matched,candidate,reasoning,uncensored_only,15,mmd_rbf,0.015075680799782276,128
lot_paper_domain_matched,candidate,reasoning,uncensored_only,15,projected_js,0.06612695087096654,128
lot_paper_domain_matched,candidate,reasoning,uncensored_only,16,mmd_rbf,0.015259230509400368,128
lot_paper_domain_matched,candidate,reasoning,uncensored_only,16,projected_js,0.06790289777563885,128
lot_paper_domain_matched,candidate,reasoning,uncensored_only,17,mmd_rbf,0.014335078187286854,128
lot_paper_domain_matched,candidate,reasoning,uncensored_only,17,projected_js,0.06805833245743997,128
lot_paper_domain_matched,candidate,reasoning,uncensored_only,18,mmd_rbf,0.01460820622742176,128
lot_paper_domain_matched,candidate,reasoning,uncensored_only,18,projected_js,0.06707834452390671,128
lot_paper_domain_matched,candidate,reasoning,uncensored_only,19,mmd_rbf,0.014251326210796833,128
lot_paper_domain_matched,candidate,reasoning,uncensored_only,19,projected_js,0.06571850506588817,128
lot_paper_domain_matched,candidate,reasoning,uncensored_only,20,mmd_rbf,0.014461119659245014,128
lot_paper_domain_matched,candidate,reasoning,uncensored_only,20,projected_js,0.06824530736776069,128
lot_paper_domain_matched,candidate,reasoning,uncensored_only,21,mmd_rbf,0.015121576376259327,128
lot_paper_domain_matched,candidate,reasoning,uncensored_only,21,projected_js,0.06937349095824175,128
lot_paper_domain_matched,candidate,reasoning,uncensored_only,22,mmd_rbf,0.014723001979291439,128
lot_paper_domain_matched,candidate,reasoning,uncensored_only,22,projected_js,0.0686701747472398,128
lot_paper_domain_matched,candidate,reasoning,uncensored_only,23,mmd_rbf,0.014023314230144024,128
lot_paper_domain_matched,candidate,reasoning,uncensored_only,23,projected_js,0.06675673666177318,128
lot_paper_domain_matched,candidate,reasoning,uncensored_only,24,mmd_rbf,0.01421066839247942,128
lot_paper_domain_matched,candidate,reasoning,uncensored_only,24,projected_js,0.0707126761553809,128
lot_paper_domain_matched,candidate,reasoning,uncensored_only,25,mmd_rbf,0.014543197117745876,128
lot_paper_domain_matched,candidate,reasoning,uncensored_only,25,projected_js,0.06991653837030753,128
lot_paper_domain_matched,candidate,reasoning,uncensored_only,26,mmd_rbf,0.014606173150241375,128
lot_paper_domain_matched,candidate,reasoning,uncensored_only,26,projected_js,0.07246909668901935,128
lot_paper_domain_matched,candidate,reasoning,uncensored_only,27,mmd_rbf,0.014727895148098469,128
lot_paper_domain_matched,candidate,reasoning,uncensored_only,27,projected_js,0.07144621602492407,128
lot_paper_domain_matched,candidate,reasoning,uncensored_only,28,mmd_rbf,0.014493129216134548,128
lot_paper_domain_matched,candidate,reasoning,uncensored_only,28,projected_js,0.07171596254920587,128
lot_paper_domain_matched,candidate,reasoning,uncensored_only,29,mmd_rbf,0.014865337871015072,128
lot_paper_domain_matched,candidate,reasoning,uncensored_only,29,projected_js,0.07069606095319614,128
lot_paper_domain_matched,candidate,reasoning,uncensored_only,30,mmd_rbf,0.01561861950904131,128
lot_paper_domain_matched,candidate,reasoning,uncensored_only,30,projected_js,0.07069382996996865,128
lot_paper_domain_matched,candidate,reasoning,uncensored_only,31,mmd_rbf,0.01593298278748989,128
lot_paper_domain_matched,candidate,reasoning,uncensored_only,31,projected_js,0.0701296107727103,128
lot_paper_domain_matched,candidate,reasoning,uncensored_only,32,mmd_rbf,0.01586625538766384,128
lot_paper_domain_matched,candidate,reasoning,uncensored_only,32,projected_js,0.06783200424979441,128
lot_paper_domain_matched,candidate,reasoning,uncensored_only,33,mmd_rbf,0.016463609412312508,128
lot_paper_domain_matched,candidate,reasoning,uncensored_only,33,projected_js,0.06972844782285392,128
lot_paper_domain_matched,candidate,reasoning,uncensored_only,34,mmd_rbf,0.017634211108088493,128
lot_paper_domain_matched,candidate,reasoning,uncensored_only,34,projected_js,0.06498669338179752,128
lot_paper_domain_matched,candidate,reasoning,uncensored_only,35,mmd_rbf,0.05274501442909241,128
lot_paper_domain_matched,candidate,reasoning,uncensored_only,35,projected_js,0.09822112659458071,128
lot_paper_domain_matched,candidate,uncensored_refusal_like,base,0,mmd_rbf,0.018383050337433815,128
lot_paper_domain_matched,candidate,uncensored_refusal_like,base,0,projected_js,0.0674235334736295,128
lot_paper_domain_matched,candidate,uncensored_refusal_like,base,1,mmd_rbf,0.1226436123251915,128
lot_paper_domain_matched,candidate,uncensored_refusal_like,base,1,projected_js,0.16039893025299534,128
lot_paper_domain_matched,candidate,uncensored_refusal_like,base,2,mmd_rbf,0.10246240347623825,128
lot_paper_domain_matched,candidate,uncensored_refusal_like,base,2,projected_js,0.1352868671528995,128
lot_paper_domain_matched,candidate,uncensored_refusal_like,base,3,mmd_rbf,0.09226633608341217,128
lot_paper_domain_matched,candidate,uncensored_refusal_like,base,3,projected_js,0.13978700514417142,128
lot_paper_domain_matched,candidate,uncensored_refusal_like,base,4,mmd_rbf,0.07310906797647476,128
lot_paper_domain_matched,candidate,uncensored_refusal_like,base,4,projected_js,0.11643402389017865,128
lot_paper_domain_matched,candidate,uncensored_refusal_like,base,5,mmd_rbf,0.05842568352818489,128
lot_paper_domain_matched,candidate,uncensored_refusal_like,base,5,projected_js,0.10395207162946463,128
lot_paper_domain_matched,candidate,uncensored_refusal_like,base,6,mmd_rbf,0.04297550395131111,128
lot_paper_domain_matched,candidate,uncensored_refusal_like,base,6,projected_js,0.09542202617740259,128
lot_paper_domain_matched,candidate,uncensored_refusal_like,base,7,mmd_rbf,0.03637120872735977,128
lot_paper_domain_matched,candidate,uncensored_refusal_like,base,7,projected_js,0.08193287657923065,128
lot_paper_domain_matched,candidate,uncensored_refusal_like,base,8,mmd_rbf,0.031153574585914612,128
lot_paper_domain_matched,candidate,uncensored_refusal_like,base,8,projected_js,0.0871890441630967,128
lot_paper_domain_matched,candidate,uncensored_refusal_like,base,9,mmd_rbf,0.03363538905978203,128
lot_paper_domain_matched,candidate,uncensored_refusal_like,base,9,projected_js,0.08596248173853382,128
lot_paper_domain_matched,candidate,uncensored_refusal_like,base,10,mmd_rbf,0.03876839950680733,128
lot_paper_domain_matched,candidate,uncensored_refusal_like,base,10,projected_js,0.0884270645910874,128
lot_paper_domain_matched,candidate,uncensored_refusal_like,base,11,mmd_rbf,0.041728463023900986,128
lot_paper_domain_matched,candidate,uncensored_refusal_like,base,11,projected_js,0.09106851188698784,128
lot_paper_domain_matched,candidate,uncensored_refusal_like,base,12,mmd_rbf,0.04526215419173241,128
lot_paper_domain_matched,candidate,uncensored_refusal_like,base,12,projected_js,0.09798794914968312,128
lot_paper_domain_matched,candidate,uncensored_refusal_like,base,13,mmd_rbf,0.049929045140743256,128
lot_paper_domain_matched,candidate,uncensored_refusal_like,base,13,projected_js,0.10108797060092911,128
lot_paper_domain_matched,candidate,uncensored_refusal_like,base,14,mmd_rbf,0.052485931664705276,128
lot_paper_domain_matched,candidate,uncensored_refusal_like,base,14,projected_js,0.09809065150329843,128
lot_paper_domain_matched,candidate,uncensored_refusal_like,base,15,mmd_rbf,0.05535009130835533,128
lot_paper_domain_matched,candidate,uncensored_refusal_like,base,15,projected_js,0.09094921825453639,128
lot_paper_domain_matched,candidate,uncensored_refusal_like,base,16,mmd_rbf,0.05414675548672676,128
lot_paper_domain_matched,candidate,uncensored_refusal_like,base,16,projected_js,0.09001595849986188,128
lot_paper_domain_matched,candidate,uncensored_refusal_like,base,17,mmd_rbf,0.05379045754671097,128
lot_paper_domain_matched,candidate,uncensored_refusal_like,base,17,projected_js,0.09869034378789365,128
lot_paper_domain_matched,candidate,uncensored_refusal_like,base,18,mmd_rbf,0.05469093471765518,128
lot_paper_domain_matched,candidate,uncensored_refusal_like,base,18,projected_js,0.09846549876965582,128
lot_paper_domain_matched,candidate,uncensored_refusal_like,base,19,mmd_rbf,0.05465391278266907,128
lot_paper_domain_matched,candidate,uncensored_refusal_like,base,19,projected_js,0.09480768395587802,128
lot_paper_domain_matched,candidate,uncensored_refusal_like,base,20,mmd_rbf,0.059927549213171005,128
lot_paper_domain_matched,candidate,uncensored_refusal_like,base,20,projected_js,0.09620280616218224,128
lot_paper_domain_matched,candidate,uncensored_refusal_like,base,21,mmd_rbf,0.06358088552951813,128
lot_paper_domain_matched,candidate,uncensored_refusal_like,base,21,projected_js,0.09600337193114683,128
lot_paper_domain_matched,candidate,uncensored_refusal_like,base,22,mmd_rbf,0.06743133068084717,128
lot_paper_domain_matched,candidate,uncensored_refusal_like,base,22,projected_js,0.10752610699273646,128
lot_paper_domain_matched,candidate,uncensored_refusal_like,base,23,mmd_rbf,0.06728467345237732,128
lot_paper_domain_matched,candidate,uncensored_refusal_like,base,23,projected_js,0.10209789243526757,128
lot_paper_domain_matched,candidate,uncensored_refusal_like,base,24,mmd_rbf,0.06464017927646637,128
lot_paper_domain_matched,candidate,uncensored_refusal_like,base,24,projected_js,0.11167027411283925,128
lot_paper_domain_matched,candidate,uncensored_refusal_like,base,25,mmd_rbf,0.06430093199014664,128
lot_paper_domain_matched,candidate,uncensored_refusal_like,base,25,projected_js,0.10465492564253509,128
lot_paper_domain_matched,candidate,uncensored_refusal_like,base,26,mmd_rbf,0.06503009051084518,128
lot_paper_domain_matched,candidate,uncensored_refusal_like,base,26,projected_js,0.1109078103909269,128
lot_paper_domain_matched,candidate,uncensored_refusal_like,base,27,mmd_rbf,0.06538447737693787,128
lot_paper_domain_matched,candidate,uncensored_refusal_like,base,27,projected_js,0.11379873246187344,128
lot_paper_domain_matched,candidate,uncensored_refusal_like,base,28,mmd_rbf,0.06415104866027832,128
lot_paper_domain_matched,candidate,uncensored_refusal_like,base,28,projected_js,0.1137219428201206,128
lot_paper_domain_matched,candidate,uncensored_refusal_like,base,29,mmd_rbf,0.05998123809695244,128
lot_paper_domain_matched,candidate,uncensored_refusal_like,base,29,projected_js,0.10703465063124895,128
lot_paper_domain_matched,candidate,uncensored_refusal_like,base,30,mmd_rbf,0.059720974415540695,128
lot_paper_domain_matched,candidate,uncensored_refusal_like,base,30,projected_js,0.11138921580277383,128
lot_paper_domain_matched,candidate,uncensored_refusal_like,base,31,mmd_rbf,0.058369603008031845,128
lot_paper_domain_matched,candidate,uncensored_refusal_like,base,31,projected_js,0.10356029105605558,128
lot_paper_domain_matched,candidate,uncensored_refusal_like,base,32,mmd_rbf,0.059153784066438675,128
lot_paper_domain_matched,candidate,uncensored_refusal_like,base,32,projected_js,0.09850887360516936,128
lot_paper_domain_matched,candidate,uncensored_refusal_like,base,33,mmd_rbf,0.05842582508921623,128
lot_paper_domain_matched,candidate,uncensored_refusal_like,base,33,projected_js,0.10630493576172739,128
lot_paper_domain_matched,candidate,uncensored_refusal_like,base,34,mmd_rbf,0.08061232417821884,128
lot_paper_domain_matched,candidate,uncensored_refusal_like,base,34,projected_js,0.11939856951357797,128
lot_paper_domain_matched,candidate,uncensored_refusal_like,base,35,mmd_rbf,0.22895076870918274,128
lot_paper_domain_matched,candidate,uncensored_refusal_like,base,35,projected_js,0.2564742488320917,128
lot_paper_domain_matched,candidate,uncensored_refusal_like,instr_only,0,mmd_rbf,0.011739403009414673,128
lot_paper_domain_matched,candidate,uncensored_refusal_like,instr_only,0,projected_js,0.059342867927625775,128
lot_paper_domain_matched,candidate,uncensored_refusal_like,instr_only,1,mmd_rbf,0.123768150806427,128
lot_paper_domain_matched,candidate,uncensored_refusal_like,instr_only,1,projected_js,0.16946159093640745,128
lot_paper_domain_matched,candidate,uncensored_refusal_like,instr_only,2,mmd_rbf,0.10415095090866089,128
lot_paper_domain_matched,candidate,uncensored_refusal_like,instr_only,2,projected_js,0.1450748389470391,128
lot_paper_domain_matched,candidate,uncensored_refusal_like,instr_only,3,mmd_rbf,0.07798954844474792,128
lot_paper_domain_matched,candidate,uncensored_refusal_like,instr_only,3,projected_js,0.12027939461404458,128
lot_paper_domain_matched,candidate,uncensored_refusal_like,instr_only,4,mmd_rbf,0.05463945493102074,128
lot_paper_domain_matched,candidate,uncensored_refusal_like,instr_only,4,projected_js,0.11436392751056701,128
lot_paper_domain_matched,candidate,uncensored_refusal_like,instr_only,5,mmd_rbf,0.03697056323289871,128
lot_paper_domain_matched,candidate,uncensored_refusal_like,instr_only,5,projected_js,0.0836102400207892,128
lot_paper_domain_matched,candidate,uncensored_refusal_like,instr_only,6,mmd_rbf,0.022330334410071373,128
lot_paper_domain_matched,candidate,uncensored_refusal_like,instr_only,6,projected_js,0.07282966386992484,128
lot_paper_domain_matched,candidate,uncensored_refusal_like,instr_only,7,mmd_rbf,0.015904907137155533,128
lot_paper_domain_matched,candidate,uncensored_refusal_like,instr_only,7,projected_js,0.06556507886853069,128
lot_paper_domain_matched,candidate,uncensored_refusal_like,instr_only,8,mmd_rbf,0.011793640442192554,128
lot_paper_domain_matched,candidate,uncensored_refusal_like,instr_only,8,projected_js,0.06598078936804086,128
lot_paper_domain_matched,candidate,uncensored_refusal_like,instr_only,9,mmd_rbf,0.010695742443203926,128
lot_paper_domain_matched,candidate,uncensored_refusal_like,instr_only,9,projected_js,0.06507641955977306,128
lot_paper_domain_matched,candidate,uncensored_refusal_like,instr_only,10,mmd_rbf,0.011106607504189014,128
lot_paper_domain_matched,candidate,uncensored_refusal_like,instr_only,10,projected_js,0.06400654785102233,128
lot_paper_domain_matched,candidate,uncensored_refusal_like,instr_only,11,mmd_rbf,0.011900059878826141,128
lot_paper_domain_matched,candidate,uncensored_refusal_like,instr_only,11,projected_js,0.06466790495323949,128
lot_paper_domain_matched,candidate,uncensored_refusal_like,instr_only,12,mmd_rbf,0.01211328711360693,128
lot_paper_domain_matched,candidate,uncensored_refusal_like,instr_only,12,projected_js,0.0671046928036958,128
lot_paper_domain_matched,candidate,uncensored_refusal_like,instr_only,13,mmd_rbf,0.012927657924592495,128
lot_paper_domain_matched,candidate,uncensored_refusal_like,instr_only,13,projected_js,0.06893108744407073,128
lot_paper_domain_matched,candidate,uncensored_refusal_like,instr_only,14,mmd_rbf,0.013821713626384735,128
lot_paper_domain_matched,candidate,uncensored_refusal_like,instr_only,14,projected_js,0.06654380855616182,128
lot_paper_domain_matched,candidate,uncensored_refusal_like,instr_only,15,mmd_rbf,0.014467558823525906,128
lot_paper_domain_matched,candidate,uncensored_refusal_like,instr_only,15,projected_js,0.0699016943690367,128
lot_paper_domain_matched,candidate,uncensored_refusal_like,instr_only,16,mmd_rbf,0.014003931544721127,128
lot_paper_domain_matched,candidate,uncensored_refusal_like,instr_only,16,projected_js,0.06979903700994328,128
lot_paper_domain_matched,candidate,uncensored_refusal_like,instr_only,17,mmd_rbf,0.01368984766304493,128
lot_paper_domain_matched,candidate,uncensored_refusal_like,instr_only,17,projected_js,0.06403713539475575,128
lot_paper_domain_matched,candidate,uncensored_refusal_like,instr_only,18,mmd_rbf,0.014122090302407742,128
lot_paper_domain_matched,candidate,uncensored_refusal_like,instr_only,18,projected_js,0.06708306714426726,128
lot_paper_domain_matched,candidate,uncensored_refusal_like,instr_only,19,mmd_rbf,0.01332654245197773,128
lot_paper_domain_matched,candidate,uncensored_refusal_like,instr_only,19,projected_js,0.06581888353684917,128
lot_paper_domain_matched,candidate,uncensored_refusal_like,instr_only,20,mmd_rbf,0.013705727644264698,128
lot_paper_domain_matched,candidate,uncensored_refusal_like,instr_only,20,projected_js,0.06760962965199724,128
lot_paper_domain_matched,candidate,uncensored_refusal_like,instr_only,21,mmd_rbf,0.01373619120568037,128
lot_paper_domain_matched,candidate,uncensored_refusal_like,instr_only,21,projected_js,0.06587324669817463,128
lot_paper_domain_matched,candidate,uncensored_refusal_like,instr_only,22,mmd_rbf,0.012973392382264137,128
lot_paper_domain_matched,candidate,uncensored_refusal_like,instr_only,22,projected_js,0.06857057916931808,128
lot_paper_domain_matched,candidate,uncensored_refusal_like,instr_only,23,mmd_rbf,0.011471393518149853,128
lot_paper_domain_matched,candidate,uncensored_refusal_like,instr_only,23,projected_js,0.06683727784547955,128
lot_paper_domain_matched,candidate,uncensored_refusal_like,instr_only,24,mmd_rbf,0.011648330837488174,128
lot_paper_domain_matched,candidate,uncensored_refusal_like,instr_only,24,projected_js,0.06688425282482058,128
lot_paper_domain_matched,candidate,uncensored_refusal_like,instr_only,25,mmd_rbf,0.012366527691483498,128
lot_paper_domain_matched,candidate,uncensored_refusal_like,instr_only,25,projected_js,0.06920189771335572,128
lot_paper_domain_matched,candidate,uncensored_refusal_like,instr_only,26,mmd_rbf,0.012722605839371681,128
lot_paper_domain_matched,candidate,uncensored_refusal_like,instr_only,26,projected_js,0.07030669145751745,128
lot_paper_domain_matched,candidate,uncensored_refusal_like,instr_only,27,mmd_rbf,0.012942167930305004,128
lot_paper_domain_matched,candidate,uncensored_refusal_like,instr_only,27,projected_js,0.06526168045820668,128
lot_paper_domain_matched,candidate,uncensored_refusal_like,instr_only,28,mmd_rbf,0.012304127216339111,128
lot_paper_domain_matched,candidate,uncensored_refusal_like,instr_only,28,projected_js,0.06738130009034649,128
lot_paper_domain_matched,candidate,uncensored_refusal_like,instr_only,29,mmd_rbf,0.011553497053682804,128
lot_paper_domain_matched,candidate,uncensored_refusal_like,instr_only,29,projected_js,0.07065662674722262,128
lot_paper_domain_matched,candidate,uncensored_refusal_like,instr_only,30,mmd_rbf,0.011765705421566963,128
lot_paper_domain_matched,candidate,uncensored_refusal_like,instr_only,30,projected_js,0.06845917948521674,128
lot_paper_domain_matched,candidate,uncensored_refusal_like,instr_only,31,mmd_rbf,0.011340473778545856,128
lot_paper_domain_matched,candidate,uncensored_refusal_like,instr_only,31,projected_js,0.06694137316662818,128
lot_paper_domain_matched,candidate,uncensored_refusal_like,instr_only,32,mmd_rbf,0.011077369563281536,128
lot_paper_domain_matched,candidate,uncensored_refusal_like,instr_only,32,projected_js,0.06897454778663814,128
lot_paper_domain_matched,candidate,uncensored_refusal_like,instr_only,33,mmd_rbf,0.010477579198777676,128
lot_paper_domain_matched,candidate,uncensored_refusal_like,instr_only,33,projected_js,0.0658505754545331,128
lot_paper_domain_matched,candidate,uncensored_refusal_like,instr_only,34,mmd_rbf,0.010438765399158001,128
lot_paper_domain_matched,candidate,uncensored_refusal_like,instr_only,34,projected_js,0.0657596742385067,128
lot_paper_domain_matched,candidate,uncensored_refusal_like,instr_only,35,mmd_rbf,0.010420292615890503,128
lot_paper_domain_matched,candidate,uncensored_refusal_like,instr_only,35,projected_js,0.06272557779448107,128
lot_paper_domain_matched,candidate,uncensored_refusal_like,reasoning_only,0,mmd_rbf,0.03282593563199043,128
lot_paper_domain_matched,candidate,uncensored_refusal_like,reasoning_only,0,projected_js,0.10984658609959297,128
lot_paper_domain_matched,candidate,uncensored_refusal_like,reasoning_only,1,mmd_rbf,0.1461966335773468,128
lot_paper_domain_matched,candidate,uncensored_refusal_like,reasoning_only,1,projected_js,0.19570741389179602,128
lot_paper_domain_matched,candidate,uncensored_refusal_like,reasoning_only,2,mmd_rbf,0.1322571337223053,128
lot_paper_domain_matched,candidate,uncensored_refusal_like,reasoning_only,2,projected_js,0.1804056700784713,128
lot_paper_domain_matched,candidate,uncensored_refusal_like,reasoning_only,3,mmd_rbf,0.1148417517542839,128
lot_paper_domain_matched,candidate,uncensored_refusal_like,reasoning_only,3,projected_js,0.15357591526117176,128
lot_paper_domain_matched,candidate,uncensored_refusal_like,reasoning_only,4,mmd_rbf,0.09452296048402786,128
lot_paper_domain_matched,candidate,uncensored_refusal_like,reasoning_only,4,projected_js,0.1487496045883745,128
lot_paper_domain_matched,candidate,uncensored_refusal_like,reasoning_only,5,mmd_rbf,0.08368811756372452,128
lot_paper_domain_matched,candidate,uncensored_refusal_like,reasoning_only,5,projected_js,0.14611234498443082,128
lot_paper_domain_matched,candidate,uncensored_refusal_like,reasoning_only,6,mmd_rbf,0.057202454656362534,128
lot_paper_domain_matched,candidate,uncensored_refusal_like,reasoning_only,6,projected_js,0.11640160530805588,128
lot_paper_domain_matched,candidate,uncensored_refusal_like,reasoning_only,7,mmd_rbf,0.049034614115953445,128
lot_paper_domain_matched,candidate,uncensored_refusal_like,reasoning_only,7,projected_js,0.113279590732418,128
lot_paper_domain_matched,candidate,uncensored_refusal_like,reasoning_only,8,mmd_rbf,0.03844108805060387,128
lot_paper_domain_matched,candidate,uncensored_refusal_like,reasoning_only,8,projected_js,0.1043774441932328,128
lot_paper_domain_matched,candidate,uncensored_refusal_like,reasoning_only,9,mmd_rbf,0.03697879612445831,128
lot_paper_domain_matched,candidate,uncensored_refusal_like,reasoning_only,9,projected_js,0.09881972978473641,128
lot_paper_domain_matched,candidate,uncensored_refusal_like,reasoning_only,10,mmd_rbf,0.04172440245747566,128
lot_paper_domain_matched,candidate,uncensored_refusal_like,reasoning_only,10,projected_js,0.09893913805717602,128
lot_paper_domain_matched,candidate,uncensored_refusal_like,reasoning_only,11,mmd_rbf,0.042534757405519485,128
lot_paper_domain_matched,candidate,uncensored_refusal_like,reasoning_only,11,projected_js,0.09741788951214403,128
lot_paper_domain_matched,candidate,uncensored_refusal_like,reasoning_only,12,mmd_rbf,0.04675102233886719,128
lot_paper_domain_matched,candidate,uncensored_refusal_like,reasoning_only,12,projected_js,0.10052353178616613,128
lot_paper_domain_matched,candidate,uncensored_refusal_like,reasoning_only,13,mmd_rbf,0.051272984594106674,128
lot_paper_domain_matched,candidate,uncensored_refusal_like,reasoning_only,13,projected_js,0.1048285718425177,128
lot_paper_domain_matched,candidate,uncensored_refusal_like,reasoning_only,14,mmd_rbf,0.05258150026202202,128
lot_paper_domain_matched,candidate,uncensored_refusal_like,reasoning_only,14,projected_js,0.10283846512902528,128
lot_paper_domain_matched,candidate,uncensored_refusal_like,reasoning_only,15,mmd_rbf,0.05577504634857178,128
lot_paper_domain_matched,candidate,uncensored_refusal_like,reasoning_only,15,projected_js,0.09971700835740194,128
lot_paper_domain_matched,candidate,uncensored_refusal_like,reasoning_only,16,mmd_rbf,0.05535999685525894,128
lot_paper_domain_matched,candidate,uncensored_refusal_like,reasoning_only,16,projected_js,0.09905900136800483,128
lot_paper_domain_matched,candidate,uncensored_refusal_like,reasoning_only,17,mmd_rbf,0.05601557716727257,128
lot_paper_domain_matched,candidate,uncensored_refusal_like,reasoning_only,17,projected_js,0.09755074529675767,128
lot_paper_domain_matched,candidate,uncensored_refusal_like,reasoning_only,18,mmd_rbf,0.06525731086730957,128
lot_paper_domain_matched,candidate,uncensored_refusal_like,reasoning_only,18,projected_js,0.10646954196272418,128
lot_paper_domain_matched,candidate,uncensored_refusal_like,reasoning_only,19,mmd_rbf,0.062222253531217575,128
lot_paper_domain_matched,candidate,uncensored_refusal_like,reasoning_only,19,projected_js,0.10516238876152784,128
lot_paper_domain_matched,candidate,uncensored_refusal_like,reasoning_only,20,mmd_rbf,0.06192624196410179,128
lot_paper_domain_matched,candidate,uncensored_refusal_like,reasoning_only,20,projected_js,0.10277013492304832,128
lot_paper_domain_matched,candidate,uncensored_refusal_like,reasoning_only,21,mmd_rbf,0.06308235973119736,128
lot_paper_domain_matched,candidate,uncensored_refusal_like,reasoning_only,21,projected_js,0.10670728160766885,128
lot_paper_domain_matched,candidate,uncensored_refusal_like,reasoning_only,22,mmd_rbf,0.061351120471954346,128
lot_paper_domain_matched,candidate,uncensored_refusal_like,reasoning_only,22,projected_js,0.11443610943388194,128
lot_paper_domain_matched,candidate,uncensored_refusal_like,reasoning_only,23,mmd_rbf,0.05364425107836723,128
lot_paper_domain_matched,candidate,uncensored_refusal_like,reasoning_only,23,projected_js,0.10578743077348918,128
lot_paper_domain_matched,candidate,uncensored_refusal_like,reasoning_only,24,mmd_rbf,0.06027921661734581,128
lot_paper_domain_matched,candidate,uncensored_refusal_like,reasoning_only,24,projected_js,0.11157156992703676,128
lot_paper_domain_matched,candidate,uncensored_refusal_like,reasoning_only,25,mmd_rbf,0.05885624513030052,128
lot_paper_domain_matched,candidate,uncensored_refusal_like,reasoning_only,25,projected_js,0.1055947036948055,128
lot_paper_domain_matched,candidate,uncensored_refusal_like,reasoning_only,26,mmd_rbf,0.06300381571054459,128
lot_paper_domain_matched,candidate,uncensored_refusal_like,reasoning_only,26,projected_js,0.11078364064451307,128
lot_paper_domain_matched,candidate,uncensored_refusal_like,reasoning_only,27,mmd_rbf,0.06618689000606537,128
lot_paper_domain_matched,candidate,uncensored_refusal_like,reasoning_only,27,projected_js,0.10799070494249463,128
lot_paper_domain_matched,candidate,uncensored_refusal_like,reasoning_only,28,mmd_rbf,0.06903170794248581,128
lot_paper_domain_matched,candidate,uncensored_refusal_like,reasoning_only,28,projected_js,0.1244034546543844,128
lot_paper_domain_matched,candidate,uncensored_refusal_like,reasoning_only,29,mmd_rbf,0.0664789006114006,128
lot_paper_domain_matched,candidate,uncensored_refusal_like,reasoning_only,29,projected_js,0.12645341735333204,128
lot_paper_domain_matched,candidate,uncensored_refusal_like,reasoning_only,30,mmd_rbf,0.06942130625247955,128
lot_paper_domain_matched,candidate,uncensored_refusal_like,reasoning_only,30,projected_js,0.13115178054431453,128
lot_paper_domain_matched,candidate,uncensored_refusal_like,reasoning_only,31,mmd_rbf,0.06981530040502548,128
lot_paper_domain_matched,candidate,uncensored_refusal_like,reasoning_only,31,projected_js,0.12692290428094566,128
lot_paper_domain_matched,candidate,uncensored_refusal_like,reasoning_only,32,mmd_rbf,0.07058637589216232,128
lot_paper_domain_matched,candidate,uncensored_refusal_like,reasoning_only,32,projected_js,0.12608490139245987,128
lot_paper_domain_matched,candidate,uncensored_refusal_like,reasoning_only,33,mmd_rbf,0.06936406344175339,128
lot_paper_domain_matched,candidate,uncensored_refusal_like,reasoning_only,33,projected_js,0.12125018564984202,128
lot_paper_domain_matched,candidate,uncensored_refusal_like,reasoning_only,34,mmd_rbf,0.08026862144470215,128
lot_paper_domain_matched,candidate,uncensored_refusal_like,reasoning_only,34,projected_js,0.12286353576928377,128
lot_paper_domain_matched,candidate,uncensored_refusal_like,reasoning_only,35,mmd_rbf,0.16158579289913177,128
lot_paper_domain_matched,candidate,uncensored_refusal_like,reasoning_only,35,projected_js,0.2006878488464281,128
lot_paper_domain_matched,candidate,uncensored_refusal_like,uncensored_only,0,mmd_rbf,0.004291761200875044,128
lot_paper_domain_matched,candidate,uncensored_refusal_like,uncensored_only,0,projected_js,0.0382749080308713,128
lot_paper_domain_matched,candidate,uncensored_refusal_like,uncensored_only,1,mmd_rbf,0.06772824376821518,128
lot_paper_domain_matched,candidate,uncensored_refusal_like,uncensored_only,1,projected_js,0.1087205246440135,128
lot_paper_domain_matched,candidate,uncensored_refusal_like,uncensored_only,2,mmd_rbf,0.07923612743616104,128
lot_paper_domain_matched,candidate,uncensored_refusal_like,uncensored_only,2,projected_js,0.11277578846784309,128
lot_paper_domain_matched,candidate,uncensored_refusal_like,uncensored_only,3,mmd_rbf,0.06862401217222214,128
lot_paper_domain_matched,candidate,uncensored_refusal_like,uncensored_only,3,projected_js,0.09637099649989977,128
lot_paper_domain_matched,candidate,uncensored_refusal_like,uncensored_only,4,mmd_rbf,0.06859403848648071,128
lot_paper_domain_matched,candidate,uncensored_refusal_like,uncensored_only,4,projected_js,0.110728034254862,128
lot_paper_domain_matched,candidate,uncensored_refusal_like,uncensored_only,5,mmd_rbf,0.05459028482437134,128
lot_paper_domain_matched,candidate,uncensored_refusal_like,uncensored_only,5,projected_js,0.10825649846810848,128
lot_paper_domain_matched,candidate,uncensored_refusal_like,uncensored_only,6,mmd_rbf,0.03263331577181816,128
lot_paper_domain_matched,candidate,uncensored_refusal_like,uncensored_only,6,projected_js,0.084988301852718,128
lot_paper_domain_matched,candidate,uncensored_refusal_like,uncensored_only,7,mmd_rbf,0.024757828563451767,128
lot_paper_domain_matched,candidate,uncensored_refusal_like,uncensored_only,7,projected_js,0.07962885336019099,128
lot_paper_domain_matched,candidate,uncensored_refusal_like,uncensored_only,8,mmd_rbf,0.019718637689948082,128
lot_paper_domain_matched,candidate,uncensored_refusal_like,uncensored_only,8,projected_js,0.0722821323433891,128
lot_paper_domain_matched,candidate,uncensored_refusal_like,uncensored_only,9,mmd_rbf,0.01753414236009121,128
lot_paper_domain_matched,candidate,uncensored_refusal_like,uncensored_only,9,projected_js,0.06813087704358622,128
lot_paper_domain_matched,candidate,uncensored_refusal_like,uncensored_only,10,mmd_rbf,0.019049780443310738,128
lot_paper_domain_matched,candidate,uncensored_refusal_like,uncensored_only,10,projected_js,0.07246868568472564,128
lot_paper_domain_matched,candidate,uncensored_refusal_like,uncensored_only,11,mmd_rbf,0.01580699346959591,128
lot_paper_domain_matched,candidate,uncensored_refusal_like,uncensored_only,11,projected_js,0.06869016564451158,128
lot_paper_domain_matched,candidate,uncensored_refusal_like,uncensored_only,12,mmd_rbf,0.016453567892313004,128
lot_paper_domain_matched,candidate,uncensored_refusal_like,uncensored_only,12,projected_js,0.06897433468839154,128
lot_paper_domain_matched,candidate,uncensored_refusal_like,uncensored_only,13,mmd_rbf,0.016245592385530472,128
lot_paper_domain_matched,candidate,uncensored_refusal_like,uncensored_only,13,projected_js,0.07425824366509914,128
lot_paper_domain_matched,candidate,uncensored_refusal_like,uncensored_only,14,mmd_rbf,0.015588476322591305,128
lot_paper_domain_matched,candidate,uncensored_refusal_like,uncensored_only,14,projected_js,0.07076570042409003,128
lot_paper_domain_matched,candidate,uncensored_refusal_like,uncensored_only,15,mmd_rbf,0.017024138942360878,128
lot_paper_domain_matched,candidate,uncensored_refusal_like,uncensored_only,15,projected_js,0.07792058610357344,128
lot_paper_domain_matched,candidate,uncensored_refusal_like,uncensored_only,16,mmd_rbf,0.01821964606642723,128
lot_paper_domain_matched,candidate,uncensored_refusal_like,uncensored_only,16,projected_js,0.0729211515863426,128
lot_paper_domain_matched,candidate,uncensored_refusal_like,uncensored_only,17,mmd_rbf,0.01866844855248928,128
lot_paper_domain_matched,candidate,uncensored_refusal_like,uncensored_only,17,projected_js,0.07633785484358668,128
lot_paper_domain_matched,candidate,uncensored_refusal_like,uncensored_only,18,mmd_rbf,0.019800594076514244,128
lot_paper_domain_matched,candidate,uncensored_refusal_like,uncensored_only,18,projected_js,0.07316199620254338,128
lot_paper_domain_matched,candidate,uncensored_refusal_like,uncensored_only,19,mmd_rbf,0.021794483065605164,128
lot_paper_domain_matched,candidate,uncensored_refusal_like,uncensored_only,19,projected_js,0.07828238507499918,128
lot_paper_domain_matched,candidate,uncensored_refusal_like,uncensored_only,20,mmd_rbf,0.02582518570125103,128
lot_paper_domain_matched,candidate,uncensored_refusal_like,uncensored_only,20,projected_js,0.07891078037209809,128
lot_paper_domain_matched,candidate,uncensored_refusal_like,uncensored_only,21,mmd_rbf,0.03005753830075264,128
lot_paper_domain_matched,candidate,uncensored_refusal_like,uncensored_only,21,projected_js,0.07970958290388808,128
lot_paper_domain_matched,candidate,uncensored_refusal_like,uncensored_only,22,mmd_rbf,0.03175362944602966,128
lot_paper_domain_matched,candidate,uncensored_refusal_like,uncensored_only,22,projected_js,0.08655527705559507,128
lot_paper_domain_matched,candidate,uncensored_refusal_like,uncensored_only,23,mmd_rbf,0.03329562395811081,128
lot_paper_domain_matched,candidate,uncensored_refusal_like,uncensored_only,23,projected_js,0.09058080951217562,128
lot_paper_domain_matched,candidate,uncensored_refusal_like,uncensored_only,24,mmd_rbf,0.038062285631895065,128
lot_paper_domain_matched,candidate,uncensored_refusal_like,uncensored_only,24,projected_js,0.09223024384118617,128
lot_paper_domain_matched,candidate,uncensored_refusal_like,uncensored_only,25,mmd_rbf,0.041814420372247696,128
lot_paper_domain_matched,candidate,uncensored_refusal_like,uncensored_only,25,projected_js,0.09286404179874808,128
lot_paper_domain_matched,candidate,uncensored_refusal_like,uncensored_only,26,mmd_rbf,0.04341403394937515,128
lot_paper_domain_matched,candidate,uncensored_refusal_like,uncensored_only,26,projected_js,0.09047617838950828,128
lot_paper_domain_matched,candidate,uncensored_refusal_like,uncensored_only,27,mmd_rbf,0.04383287951350212,128
lot_paper_domain_matched,candidate,uncensored_refusal_like,uncensored_only,27,projected_js,0.0943936127005145,128
lot_paper_domain_matched,candidate,uncensored_refusal_like,uncensored_only,28,mmd_rbf,0.041474927216768265,128
lot_paper_domain_matched,candidate,uncensored_refusal_like,uncensored_only,28,projected_js,0.09310528583591804,128
lot_paper_domain_matched,candidate,uncensored_refusal_like,uncensored_only,29,mmd_rbf,0.03933104872703552,128
lot_paper_domain_matched,candidate,uncensored_refusal_like,uncensored_only,29,projected_js,0.09186260786373168,128
lot_paper_domain_matched,candidate,uncensored_refusal_like,uncensored_only,30,mmd_rbf,0.041390806436538696,128
lot_paper_domain_matched,candidate,uncensored_refusal_like,uncensored_only,30,projected_js,0.09338221803773195,128
lot_paper_domain_matched,candidate,uncensored_refusal_like,uncensored_only,31,mmd_rbf,0.039851076900959015,128
lot_paper_domain_matched,candidate,uncensored_refusal_like,uncensored_only,31,projected_js,0.08877978631062433,128
lot_paper_domain_matched,candidate,uncensored_refusal_like,uncensored_only,32,mmd_rbf,0.03923782706260681,128
lot_paper_domain_matched,candidate,uncensored_refusal_like,uncensored_only,32,projected_js,0.08978764340281487,128
lot_paper_domain_matched,candidate,uncensored_refusal_like,uncensored_only,33,mmd_rbf,0.03806436061859131,128
lot_paper_domain_matched,candidate,uncensored_refusal_like,uncensored_only,33,projected_js,0.08992341795237735,128
lot_paper_domain_matched,candidate,uncensored_refusal_like,uncensored_only,34,mmd_rbf,0.04037318751215935,128
lot_paper_domain_matched,candidate,uncensored_refusal_like,uncensored_only,34,projected_js,0.08924520330037922,128
lot_paper_domain_matched,candidate,uncensored_refusal_like,uncensored_only,35,mmd_rbf,0.04405800253152847,128
lot_paper_domain_matched,candidate,uncensored_refusal_like,uncensored_only,35,projected_js,0.08596432284684852,128
