model_id,model_kind,calib_subset,target_id,layer,metric,value,n_prompts
lot_paper_domain_matched__v1,candidate,general,base,0,mmd_rbf,0.0085582435131073,128
lot_paper_domain_matched__v1,candidate,general,base,0,projected_js,0.04781864196411334,128
lot_paper_domain_matched__v1,candidate,general,base,1,mmd_rbf,0.020984923467040062,128
lot_paper_domain_matched__v1,candidate,general,base,1,projected_js,0.05499708466231823,128
lot_paper_domain_matched__v1,candidate,general,base,2,mmd_rbf,0.017341328784823418,128
lot_paper_domain_matched__v1,candidate,general,base,2,projected_js,0.05978109277202748,128
lot_paper_domain_matched__v1,candidate,general,base,3,mmd_rbf,0.016678771004080772,128
lot_paper_domain_matched__v1,candidate,general,base,3,projected_js,0.06273745218641125,128
lot_paper_domain_matched__v1,candidate,general,base,4,mmd_rbf,0.013932009227573872,128
lot_paper_domain_matched__v1,candidate,general,base,4,projected_js,0.0608704011538066,128
lot_paper_domain_matched__v1,candidate,general,base,5,mmd_rbf,0.012054139748215675,128
lot_paper_domain_matched__v1,candidate,general,base,5,projected_js,0.05941405158955604,128
lot_paper_domain_matched__v1,candidate,general,base,6,mmd_rbf,0.008490835316479206,128
lot_paper_domain_matched__v1,candidate,general,base,6,projected_js,0.055462922784499824,128
lot_paper_domain_matched__v1,candidate,general,base,7,mmd_rbf,0.0075784833170473576,128
lot_paper_domain_matched__v1,candidate,general,base,7,projected_js,0.054658240638673306,128
lot_paper_domain_matched__v1,candidate,general,base,8,mmd_rbf,0.0061219846829771996,128
lot_paper_domain_matched__v1,candidate,general,base,8,projected_js,0.05547298269812018,128
lot_paper_domain_matched__v1,candidate,general,base,9,mmd_rbf,0.006259527988731861,128
lot_paper_domain_matched__v1,candidate,general,base,9,projected_js,0.05665158011834137,128
lot_paper_domain_matched__v1,candidate,general,base,10,mmd_rbf,0.006405132357031107,128
lot_paper_domain_matched__v1,candidate,general,base,10,projected_js,0.05495126996538602,128
lot_paper_domain_matched__v1,candidate,general,base,11,mmd_rbf,0.006288602948188782,128
lot_paper_domain_matched__v1,candidate,general,base,11,projected_js,0.06138330660178326,128
lot_paper_domain_matched__v1,candidate,general,base,12,mmd_rbf,0.006543987896293402,128
lot_paper_domain_matched__v1,candidate,general,base,12,projected_js,0.056439233565470204,128
lot_paper_domain_matched__v1,candidate,general,base,13,mmd_rbf,0.006921268999576569,128
lot_paper_domain_matched__v1,candidate,general,base,13,projected_js,0.058206996094668284,128
lot_paper_domain_matched__v1,candidate,general,base,14,mmd_rbf,0.007169786375015974,128
lot_paper_domain_matched__v1,candidate,general,base,14,projected_js,0.0578192227112595,128
lot_paper_domain_matched__v1,candidate,general,base,15,mmd_rbf,0.0079500712454319,128
lot_paper_domain_matched__v1,candidate,general,base,15,projected_js,0.06070278864353895,128
lot_paper_domain_matched__v1,candidate,general,base,16,mmd_rbf,0.009131550788879395,128
lot_paper_domain_matched__v1,candidate,general,base,16,projected_js,0.05983586367801763,128
lot_paper_domain_matched__v1,candidate,general,base,17,mmd_rbf,0.008988860063254833,128
lot_paper_domain_matched__v1,candidate,general,base,17,projected_js,0.06032074452377856,128
lot_paper_domain_matched__v1,candidate,general,base,18,mmd_rbf,0.010037152096629143,128
lot_paper_domain_matched__v1,candidate,general,base,18,projected_js,0.06216973898699507,128
lot_paper_domain_matched__v1,candidate,general,base,19,mmd_rbf,0.010545434430241585,128
lot_paper_domain_matched__v1,candidate,general,base,19,projected_js,0.06742021421086974,128
lot_paper_domain_matched__v1,candidate,general,base,20,mmd_rbf,0.010323867201805115,128
lot_paper_domain_matched__v1,candidate,general,base,20,projected_js,0.062074441579170525,128
lot_paper_domain_matched__v1,candidate,general,base,21,mmd_rbf,0.010694142431020737,128
lot_paper_domain_matched__v1,candidate,general,base,21,projected_js,0.065169328590855,128
lot_paper_domain_matched__v1,candidate,general,base,22,mmd_rbf,0.00977181177586317,128
lot_paper_domain_matched__v1,candidate,general,base,22,projected_js,0.06116409960668534,128
lot_paper_domain_matched__v1,candidate,general,base,23,mmd_rbf,0.00857649277895689,128
lot_paper_domain_matched__v1,candidate,general,base,23,projected_js,0.06025799841154367,128
lot_paper_domain_matched__v1,candidate,general,base,24,mmd_rbf,0.007519444916397333,128
lot_paper_domain_matched__v1,candidate,general,base,24,projected_js,0.0635076540929731,128
lot_paper_domain_matched__v1,candidate,general,base,25,mmd_rbf,0.006640951614826918,128
lot_paper_domain_matched__v1,candidate,general,base,25,projected_js,0.0593345578527078,128
lot_paper_domain_matched__v1,candidate,general,base,26,mmd_rbf,0.006341186352074146,128
lot_paper_domain_matched__v1,candidate,general,base,26,projected_js,0.057801936607575044,128
lot_paper_domain_matched__v1,candidate,general,base,27,mmd_rbf,0.0061414833180606365,128
lot_paper_domain_matched__v1,candidate,general,base,27,projected_js,0.060833882133010775,128
lot_paper_domain_matched__v1,candidate,general,base,28,mmd_rbf,0.005872070323675871,128
lot_paper_domain_matched__v1,candidate,general,base,28,projected_js,0.056414542777929455,128
lot_paper_domain_matched__v1,candidate,general,base,29,mmd_rbf,0.005556952208280563,128
lot_paper_domain_matched__v1,candidate,general,base,29,projected_js,0.0557204550714232,128
lot_paper_domain_matched__v1,candidate,general,base,30,mmd_rbf,0.00531684560701251,128
lot_paper_domain_matched__v1,candidate,general,base,30,projected_js,0.05549073175643571,128
lot_paper_domain_matched__v1,candidate,general,base,31,mmd_rbf,0.005127219948917627,128
lot_paper_domain_matched__v1,candidate,general,base,31,projected_js,0.05857039356487803,128
lot_paper_domain_matched__v1,candidate,general,base,32,mmd_rbf,0.0055899531580507755,128
lot_paper_domain_matched__v1,candidate,general,base,32,projected_js,0.058450727054150775,128
lot_paper_domain_matched__v1,candidate,general,base,33,mmd_rbf,0.005875586066395044,128
lot_paper_domain_matched__v1,candidate,general,base,33,projected_js,0.05879889740026556,128
lot_paper_domain_matched__v1,candidate,general,base,34,mmd_rbf,0.011363998055458069,128
lot_paper_domain_matched__v1,candidate,general,base,34,projected_js,0.06484056415501982,128
lot_paper_domain_matched__v1,candidate,general,base,35,mmd_rbf,0.0781187042593956,128
lot_paper_domain_matched__v1,candidate,general,base,35,projected_js,0.1218596690450795,128
lot_paper_domain_matched__v1,candidate,general,instr_only,0,mmd_rbf,0.004520005080848932,128
lot_paper_domain_matched__v1,candidate,general,instr_only,0,projected_js,0.03768497506098356,128
lot_paper_domain_matched__v1,candidate,general,instr_only,1,mmd_rbf,0.016326788812875748,128
lot_paper_domain_matched__v1,candidate,general,instr_only,1,projected_js,0.054815679701277986,128
lot_paper_domain_matched__v1,candidate,general,instr_only,2,mmd_rbf,0.012401309795677662,128
lot_paper_domain_matched__v1,candidate,general,instr_only,2,projected_js,0.05684854192077182,128
lot_paper_domain_matched__v1,candidate,general,instr_only,3,mmd_rbf,0.010755613446235657,128
lot_paper_domain_matched__v1,candidate,general,instr_only,3,projected_js,0.05792455916525796,128
lot_paper_domain_matched__v1,candidate,general,instr_only,4,mmd_rbf,0.009241907857358456,128
lot_paper_domain_matched__v1,candidate,general,instr_only,4,projected_js,0.05263872374780476,128
lot_paper_domain_matched__v1,candidate,general,instr_only,5,mmd_rbf,0.007763327565044165,128
lot_paper_domain_matched__v1,candidate,general,instr_only,5,projected_js,0.05344641109695658,128
lot_paper_domain_matched__v1,candidate,general,instr_only,6,mmd_rbf,0.005940108094364405,128
lot_paper_domain_matched__v1,candidate,general,instr_only,6,projected_js,0.049521107372129336,128
lot_paper_domain_matched__v1,candidate,general,instr_only,7,mmd_rbf,0.005203855689615011,128
lot_paper_domain_matched__v1,candidate,general,instr_only,7,projected_js,0.05168837061501108,128
lot_paper_domain_matched__v1,candidate,general,instr_only,8,mmd_rbf,0.003950827289372683,128
lot_paper_domain_matched__v1,candidate,general,instr_only,8,projected_js,0.05136213239165954,128
lot_paper_domain_matched__v1,candidate,general,instr_only,9,mmd_rbf,0.003900757525116205,128
lot_paper_domain_matched__v1,candidate,general,instr_only,9,projected_js,0.052206596970791,128
lot_paper_domain_matched__v1,candidate,general,instr_only,10,mmd_rbf,0.004009412135928869,128
lot_paper_domain_matched__v1,candidate,general,instr_only,10,projected_js,0.05395337351365015,128
lot_paper_domain_matched__v1,candidate,general,instr_only,11,mmd_rbf,0.0040734619833528996,128
lot_paper_domain_matched__v1,candidate,general,instr_only,11,projected_js,0.056225966894999146,128
lot_paper_domain_matched__v1,candidate,general,instr_only,12,mmd_rbf,0.00427160132676363,128
lot_paper_domain_matched__v1,candidate,general,instr_only,12,projected_js,0.05417840520385653,128
lot_paper_domain_matched__v1,candidate,general,instr_only,13,mmd_rbf,0.004774505738168955,128
lot_paper_domain_matched__v1,candidate,general,instr_only,13,projected_js,0.05764191009802744,128
lot_paper_domain_matched__v1,candidate,general,instr_only,14,mmd_rbf,0.005027619656175375,128
lot_paper_domain_matched__v1,candidate,general,instr_only,14,projected_js,0.05713448399910703,128
lot_paper_domain_matched__v1,candidate,general,instr_only,15,mmd_rbf,0.005227671004831791,128
lot_paper_domain_matched__v1,candidate,general,instr_only,15,projected_js,0.05558378456044011,128
lot_paper_domain_matched__v1,candidate,general,instr_only,16,mmd_rbf,0.005678269546478987,128
lot_paper_domain_matched__v1,candidate,general,instr_only,16,projected_js,0.06080973046482541,128
lot_paper_domain_matched__v1,candidate,general,instr_only,17,mmd_rbf,0.006105802487581968,128
lot_paper_domain_matched__v1,candidate,general,instr_only,17,projected_js,0.06055656698299572,128
lot_paper_domain_matched__v1,candidate,general,instr_only,18,mmd_rbf,0.00656801788136363,128
lot_paper_domain_matched__v1,candidate,general,instr_only,18,projected_js,0.06058363785268739,128
lot_paper_domain_matched__v1,candidate,general,instr_only,19,mmd_rbf,0.0066535393707454205,128
lot_paper_domain_matched__v1,candidate,general,instr_only,19,projected_js,0.06170185608789325,128
lot_paper_domain_matched__v1,candidate,general,instr_only,20,mmd_rbf,0.006705784238874912,128
lot_paper_domain_matched__v1,candidate,general,instr_only,20,projected_js,0.06153892521979287,128
lot_paper_domain_matched__v1,candidate,general,instr_only,21,mmd_rbf,0.00691775931045413,128
lot_paper_domain_matched__v1,candidate,general,instr_only,21,projected_js,0.06030296359676868,128
lot_paper_domain_matched__v1,candidate,general,instr_only,22,mmd_rbf,0.006928801070898771,128
lot_paper_domain_matched__v1,candidate,general,instr_only,22,projected_js,0.057641737948870286,128
lot_paper_domain_matched__v1,candidate,general,instr_only,23,mmd_rbf,0.006781020667403936,128
lot_paper_domain_matched__v1,candidate,general,instr_only,23,projected_js,0.06045681209070608,128
lot_paper_domain_matched__v1,candidate,general,instr_only,24,mmd_rbf,0.007215578109025955,128
lot_paper_domain_matched__v1,candidate,general,instr_only,24,projected_js,0.05980626618838869,128
lot_paper_domain_matched__v1,candidate,general,instr_only,25,mmd_rbf,0.0074431574903428555,128
lot_paper_domain_matched__v1,candidate,general,instr_only,25,projected_js,0.05933215457480401,128
lot_paper_domain_matched__v1,candidate,general,instr_only,26,mmd_rbf,0.007778696250170469,128
lot_paper_domain_matched__v1,candidate,general,instr_only,26,projected_js,0.059338649589335546,128
lot_paper_domain_matched__v1,candidate,general,instr_only,27,mmd_rbf,0.007823667488992214,128
lot_paper_domain_matched__v1,candidate,general,instr_only,27,projected_js,0.0650095070595853,128
lot_paper_domain_matched__v1,candidate,general,instr_only,28,mmd_rbf,0.00798883568495512,128
lot_paper_domain_matched__v1,candidate,general,instr_only,28,projected_js,0.05976822832599282,128
lot_paper_domain_matched__v1,candidate,general,instr_only,29,mmd_rbf,0.007877257652580738,128
lot_paper_domain_matched__v1,candidate,general,instr_only,29,projected_js,0.05781396379461512,128
lot_paper_domain_matched__v1,candidate,general,instr_only,30,mmd_rbf,0.007574425544589758,128
lot_paper_domain_matched__v1,candidate,general,instr_only,30,projected_js,0.058817782904952765,128
lot_paper_domain_matched__v1,candidate,general,instr_only,31,mmd_rbf,0.007670839317142963,128
lot_paper_domain_matched__v1,candidate,general,instr_only,31,projected_js,0.06086556942318566,128
lot_paper_domain_matched__v1,candidate,general,instr_only,32,mmd_rbf,0.0076311188749969006,128
lot_paper_domain_matched__v1,candidate,general,instr_only,32,projected_js,0.06349557463545352,128
lot_paper_domain_matched__v1,candidate,general,instr_only,33,mmd_rbf,0.00748695433139801,128
lot_paper_domain_matched__v1,candidate,general,instr_only,33,projected_js,0.06006095258635469,128
lot_paper_domain_matched__v1,candidate,general,instr_only,34,mmd_rbf,0.008350217714905739,128
lot_paper_domain_matched__v1,candidate,general,instr_only,34,projected_js,0.058987779630115256,128
lot_paper_domain_matched__v1,candidate,general,instr_only,35,mmd_rbf,0.026313036680221558,128
lot_paper_domain_matched__v1,candidate,general,instr_only,35,projected_js,0.07171209549414925,128
lot_paper_domain_matched__v1,candidate,general,reasoning_only,0,mmd_rbf,0.017437582835555077,128
lot_paper_domain_matched__v1,candidate,general,reasoning_only,0,projected_js,0.06630534990108572,128
lot_paper_domain_matched__v1,candidate,general,reasoning_only,1,mmd_rbf,0.02878444455564022,128
lot_paper_domain_matched__v1,candidate,general,reasoning_only,1,projected_js,0.07440775315626524,128
lot_paper_domain_matched__v1,candidate,general,reasoning_only,2,mmd_rbf,0.02480311691761017,128
lot_paper_domain_matched__v1,candidate,general,reasoning_only,2,projected_js,0.07175912291859277,128
lot_paper_domain_matched__v1,candidate,general,reasoning_only,3,mmd_rbf,0.02466665394604206,128
lot_paper_domain_matched__v1,candidate,general,reasoning_only,3,projected_js,0.0747025006567128,128
lot_paper_domain_matched__v1,candidate,general,reasoning_only,4,mmd_rbf,0.021951837465167046,128
lot_paper_domain_matched__v1,candidate,general,reasoning_only,4,projected_js,0.07552859163843095,128
lot_paper_domain_matched__v1,candidate,general,reasoning_only,5,mmd_rbf,0.020110419020056725,128
lot_paper_domain_matched__v1,candidate,general,reasoning_only,5,projected_js,0.07038138579810038,128
lot_paper_domain_matched__v1,candidate,general,reasoning_only,6,mmd_rbf,0.013387548737227917,128
lot_paper_domain_matched__v1,candidate,general,reasoning_only,6,projected_js,0.06604786441312172,128
lot_paper_domain_matched__v1,candidate,general,reasoning_only,7,mmd_rbf,0.012174161151051521,128
lot_paper_domain_matched__v1,candidate,general,reasoning_only,7,projected_js,0.06360043337917887,128
lot_paper_domain_matched__v1,candidate,general,reasoning_only,8,mmd_rbf,0.009603157639503479,128
lot_paper_domain_matched__v1,candidate,general,reasoning_only,8,projected_js,0.06586317042820156,128
lot_paper_domain_matched__v1,candidate,general,reasoning_only,9,mmd_rbf,0.008997367694973946,128
lot_paper_domain_matched__v1,candidate,general,reasoning_only,9,projected_js,0.06248328660149127,128
lot_paper_domain_matched__v1,candidate,general,reasoning_only,10,mmd_rbf,0.009490891359746456,128
lot_paper_domain_matched__v1,candidate,general,reasoning_only,10,projected_js,0.062033631023950875,128
lot_paper_domain_matched__v1,candidate,general,reasoning_only,11,mmd_rbf,0.008478390984237194,128
lot_paper_domain_matched__v1,candidate,general,reasoning_only,11,projected_js,0.06209928775206208,128
lot_paper_domain_matched__v1,candidate,general,reasoning_only,12,mmd_rbf,0.008445272222161293,128
lot_paper_domain_matched__v1,candidate,general,reasoning_only,12,projected_js,0.060901030024979264,128
lot_paper_domain_matched__v1,candidate,general,reasoning_only,13,mmd_rbf,0.008640581741929054,128
lot_paper_domain_matched__v1,candidate,general,reasoning_only,13,projected_js,0.06184743146877736,128
lot_paper_domain_matched__v1,candidate,general,reasoning_only,14,mmd_rbf,0.008410974405705929,128
lot_paper_domain_matched__v1,candidate,general,reasoning_only,14,projected_js,0.061423165956512094,128
lot_paper_domain_matched__v1,candidate,general,reasoning_only,15,mmd_rbf,0.008804193697869778,128
lot_paper_domain_matched__v1,candidate,general,reasoning_only,15,projected_js,0.06217045529047027,128
lot_paper_domain_matched__v1,candidate,general,reasoning_only,16,mmd_rbf,0.009111280553042889,128
lot_paper_domain_matched__v1,candidate,general,reasoning_only,16,projected_js,0.0646939514845144,128
lot_paper_domain_matched__v1,candidate,general,reasoning_only,17,mmd_rbf,0.008601333014667034,128
lot_paper_domain_matched__v1,candidate,general,reasoning_only,17,projected_js,0.060858374257804826,128
lot_paper_domain_matched__v1,candidate,general,reasoning_only,18,mmd_rbf,0.009456128813326359,128
lot_paper_domain_matched__v1,candidate,general,reasoning_only,18,projected_js,0.06357332269544713,128
lot_paper_domain_matched__v1,candidate,general,reasoning_only,19,mmd_rbf,0.008597664535045624,128
lot_paper_domain_matched__v1,candidate,general,reasoning_only,19,projected_js,0.061604220245499164,128
lot_paper_domain_matched__v1,candidate,general,reasoning_only,20,mmd_rbf,0.00829796027392149,128
lot_paper_domain_matched__v1,candidate,general,reasoning_only,20,projected_js,0.06116179990931414,128
lot_paper_domain_matched__v1,candidate,general,reasoning_only,21,mmd_rbf,0.00884759146720171,128
lot_paper_domain_matched__v1,candidate,general,reasoning_only,21,projected_js,0.06421389122260734,128
lot_paper_domain_matched__v1,candidate,general,reasoning_only,22,mmd_rbf,0.007438583765178919,128
lot_paper_domain_matched__v1,candidate,general,reasoning_only,22,projected_js,0.06203664923668839,128
lot_paper_domain_matched__v1,candidate,general,reasoning_only,23,mmd_rbf,0.006053179502487183,128
lot_paper_domain_matched__v1,candidate,general,reasoning_only,23,projected_js,0.05825228366302326,128
lot_paper_domain_matched__v1,candidate,general,reasoning_only,24,mmd_rbf,0.005972913932055235,128
lot_paper_domain_matched__v1,candidate,general,reasoning_only,24,projected_js,0.0604830767842941,128
lot_paper_domain_matched__v1,candidate,general,reasoning_only,25,mmd_rbf,0.005385040771216154,128
lot_paper_domain_matched__v1,candidate,general,reasoning_only,25,projected_js,0.059292072895914316,128
lot_paper_domain_matched__v1,candidate,general,reasoning_only,26,mmd_rbf,0.00534402672201395,128
lot_paper_domain_matched__v1,candidate,general,reasoning_only,26,projected_js,0.05899422679794952,128
lot_paper_domain_matched__v1,candidate,general,reasoning_only,27,mmd_rbf,0.005131544079631567,128
lot_paper_domain_matched__v1,candidate,general,reasoning_only,27,projected_js,0.0591544039780274,128
lot_paper_domain_matched__v1,candidate,general,reasoning_only,28,mmd_rbf,0.0051647210493683815,128
lot_paper_domain_matched__v1,candidate,general,reasoning_only,28,projected_js,0.05661358346696943,128
lot_paper_domain_matched__v1,candidate,general,reasoning_only,29,mmd_rbf,0.005061089526861906,128
lot_paper_domain_matched__v1,candidate,general,reasoning_only,29,projected_js,0.057561219844501466,128
lot_paper_domain_matched__v1,candidate,general,reasoning_only,30,mmd_rbf,0.005039426032453775,128
lot_paper_domain_matched__v1,candidate,general,reasoning_only,30,projected_js,0.0559080723032821,128
lot_paper_domain_matched__v1,candidate,general,reasoning_only,31,mmd_rbf,0.004986430052667856,128
lot_paper_domain_matched__v1,candidate,general,reasoning_only,31,projected_js,0.05942429992137477,128
lot_paper_domain_matched__v1,candidate,general,reasoning_only,32,mmd_rbf,0.005040034651756287,128
lot_paper_domain_matched__v1,candidate,general,reasoning_only,32,projected_js,0.0556403377559036,128
lot_paper_domain_matched__v1,candidate,general,reasoning_only,33,mmd_rbf,0.0051764827221632,128
lot_paper_domain_matched__v1,candidate,general,reasoning_only,33,projected_js,0.058748794021084905,128
lot_paper_domain_matched__v1,candidate,general,reasoning_only,34,mmd_rbf,0.006068573798984289,128
lot_paper_domain_matched__v1,candidate,general,reasoning_only,34,projected_js,0.057209018152207136,128
lot_paper_domain_matched__v1,candidate,general,reasoning_only,35,mmd_rbf,0.04026934504508972,128
lot_paper_domain_matched__v1,candidate,general,reasoning_only,35,projected_js,0.08347996301017702,128
lot_paper_domain_matched__v1,candidate,general,uncensored_only,0,mmd_rbf,0.004347133915871382,128
lot_paper_domain_matched__v1,candidate,general,uncensored_only,0,projected_js,0.036806627715122886,128
lot_paper_domain_matched__v1,candidate,general,uncensored_only,1,mmd_rbf,0.13213510811328888,128
lot_paper_domain_matched__v1,candidate,general,uncensored_only,1,projected_js,0.15089960029581562,128
lot_paper_domain_matched__v1,candidate,general,uncensored_only,2,mmd_rbf,0.11867740005254745,128
lot_paper_domain_matched__v1,candidate,general,uncensored_only,2,projected_js,0.12633063065004535,128
lot_paper_domain_matched__v1,candidate,general,uncensored_only,3,mmd_rbf,0.08969663828611374,128
lot_paper_domain_matched__v1,candidate,general,uncensored_only,3,projected_js,0.1156982256215997,128
lot_paper_domain_matched__v1,candidate,general,uncensored_only,4,mmd_rbf,0.06657977402210236,128
lot_paper_domain_matched__v1,candidate,general,uncensored_only,4,projected_js,0.10563148424262181,128
lot_paper_domain_matched__v1,candidate,general,uncensored_only,5,mmd_rbf,0.04884738475084305,128
lot_paper_domain_matched__v1,candidate,general,uncensored_only,5,projected_js,0.09980067174183205,128
lot_paper_domain_matched__v1,candidate,general,uncensored_only,6,mmd_rbf,0.02782009355723858,128
lot_paper_domain_matched__v1,candidate,general,uncensored_only,6,projected_js,0.0817777750780806,128
lot_paper_domain_matched__v1,candidate,general,uncensored_only,7,mmd_rbf,0.021234752610325813,128
lot_paper_domain_matched__v1,candidate,general,uncensored_only,7,projected_js,0.07456114116939716,128
lot_paper_domain_matched__v1,candidate,general,uncensored_only,8,mmd_rbf,0.014431498013436794,128
lot_paper_domain_matched__v1,candidate,general,uncensored_only,8,projected_js,0.06462497505708598,128
lot_paper_domain_matched__v1,candidate,general,uncensored_only,9,mmd_rbf,0.012354783713817596,128
lot_paper_domain_matched__v1,candidate,general,uncensored_only,9,projected_js,0.06356599234277382,128
lot_paper_domain_matched__v1,candidate,general,uncensored_only,10,mmd_rbf,0.011090302839875221,128
lot_paper_domain_matched__v1,candidate,general,uncensored_only,10,projected_js,0.06359096337109804,128
lot_paper_domain_matched__v1,candidate,general,uncensored_only,11,mmd_rbf,0.009796102531254292,128
lot_paper_domain_matched__v1,candidate,general,uncensored_only,11,projected_js,0.06316292245173827,128
lot_paper_domain_matched__v1,candidate,general,uncensored_only,12,mmd_rbf,0.009663230739533901,128
lot_paper_domain_matched__v1,candidate,general,uncensored_only,12,projected_js,0.06195528726675548,128
lot_paper_domain_matched__v1,candidate,general,uncensored_only,13,mmd_rbf,0.010682928375899792,128
lot_paper_domain_matched__v1,candidate,general,uncensored_only,13,projected_js,0.06641923927236348,128
lot_paper_domain_matched__v1,candidate,general,uncensored_only,14,mmd_rbf,0.01079693902283907,128
lot_paper_domain_matched__v1,candidate,general,uncensored_only,14,projected_js,0.06462472077691928,128
lot_paper_domain_matched__v1,candidate,general,uncensored_only,15,mmd_rbf,0.013824631460011005,128
lot_paper_domain_matched__v1,candidate,general,uncensored_only,15,projected_js,0.06692312913946807,128
lot_paper_domain_matched__v1,candidate,general,uncensored_only,16,mmd_rbf,0.0150679936632514,128
lot_paper_domain_matched__v1,candidate,general,uncensored_only,16,projected_js,0.0668246621498838,128
lot_paper_domain_matched__v1,candidate,general,uncensored_only,17,mmd_rbf,0.014260790310800076,128
lot_paper_domain_matched__v1,candidate,general,uncensored_only,17,projected_js,0.06448872404871508,128
lot_paper_domain_matched__v1,candidate,general,uncensored_only,18,mmd_rbf,0.014957183972001076,128
lot_paper_domain_matched__v1,candidate,general,uncensored_only,18,projected_js,0.06804793060291559,128
lot_paper_domain_matched__v1,candidate,general,uncensored_only,19,mmd_rbf,0.013606625609099865,128
lot_paper_domain_matched__v1,candidate,general,uncensored_only,19,projected_js,0.0678950137225911,128
lot_paper_domain_matched__v1,candidate,general,uncensored_only,20,mmd_rbf,0.013631406240165234,128
lot_paper_domain_matched__v1,candidate,general,uncensored_only,20,projected_js,0.06729267031187192,128
lot_paper_domain_matched__v1,candidate,general,uncensored_only,21,mmd_rbf,0.014493224211037159,128
lot_paper_domain_matched__v1,candidate,general,uncensored_only,21,projected_js,0.07143811404239386,128
lot_paper_domain_matched__v1,candidate,general,uncensored_only,22,mmd_rbf,0.014553111977875233,128
lot_paper_domain_matched__v1,candidate,general,uncensored_only,22,projected_js,0.0706432979204692,128
lot_paper_domain_matched__v1,candidate,general,uncensored_only,23,mmd_rbf,0.013942601159214973,128
lot_paper_domain_matched__v1,candidate,general,uncensored_only,23,projected_js,0.06590181059436873,128
lot_paper_domain_matched__v1,candidate,general,uncensored_only,24,mmd_rbf,0.014862306416034698,128
lot_paper_domain_matched__v1,candidate,general,uncensored_only,24,projected_js,0.07365463930182159,128
lot_paper_domain_matched__v1,candidate,general,uncensored_only,25,mmd_rbf,0.015512937679886818,128
lot_paper_domain_matched__v1,candidate,general,uncensored_only,25,projected_js,0.07230447290930897,128
lot_paper_domain_matched__v1,candidate,general,uncensored_only,26,mmd_rbf,0.016074642539024353,128
lot_paper_domain_matched__v1,candidate,general,uncensored_only,26,projected_js,0.07260538428090513,128
lot_paper_domain_matched__v1,candidate,general,uncensored_only,27,mmd_rbf,0.016178607940673828,128
lot_paper_domain_matched__v1,candidate,general,uncensored_only,27,projected_js,0.07060194812947884,128
lot_paper_domain_matched__v1,candidate,general,uncensored_only,28,mmd_rbf,0.015358763746917248,128
lot_paper_domain_matched__v1,candidate,general,uncensored_only,28,projected_js,0.06693747185636312,128
lot_paper_domain_matched__v1,candidate,general,uncensored_only,29,mmd_rbf,0.01503397710621357,128
lot_paper_domain_matched__v1,candidate,general,uncensored_only,29,projected_js,0.06417479616357014,128
lot_paper_domain_matched__v1,candidate,general,uncensored_only,30,mmd_rbf,0.014970816671848297,128
lot_paper_domain_matched__v1,candidate,general,uncensored_only,30,projected_js,0.06656702191685326,128
lot_paper_domain_matched__v1,candidate,general,uncensored_only,31,mmd_rbf,0.014347279444336891,128
lot_paper_domain_matched__v1,candidate,general,uncensored_only,31,projected_js,0.06558796431636438,128
lot_paper_domain_matched__v1,candidate,general,uncensored_only,32,mmd_rbf,0.013815012760460377,128
lot_paper_domain_matched__v1,candidate,general,uncensored_only,32,projected_js,0.06344002496916801,128
lot_paper_domain_matched__v1,candidate,general,uncensored_only,33,mmd_rbf,0.01380825974047184,128
lot_paper_domain_matched__v1,candidate,general,uncensored_only,33,projected_js,0.06580977130215615,128
lot_paper_domain_matched__v1,candidate,general,uncensored_only,34,mmd_rbf,0.014538985677063465,128
lot_paper_domain_matched__v1,candidate,general,uncensored_only,34,projected_js,0.0675823868077714,128
lot_paper_domain_matched__v1,candidate,general,uncensored_only,35,mmd_rbf,0.038820650428533554,128
lot_paper_domain_matched__v1,candidate,general,uncensored_only,35,projected_js,0.0817673962446861,128
lot_paper_domain_matched__v1,candidate,instruction,base,0,mmd_rbf,0.004685640335083008,128
lot_paper_domain_matched__v1,candidate,instruction,base,0,projected_js,0.048060969478683546,128
lot_paper_domain_matched__v1,candidate,instruction,base,1,mmd_rbf,0.009996061213314533,128
lot_paper_domain_matched__v1,candidate,instruction,base,1,projected_js,0.05365678109228611,128
lot_paper_domain_matched__v1,candidate,instruction,base,2,mmd_rbf,0.010891575366258621,128
lot_paper_domain_matched__v1,candidate,instruction,base,2,projected_js,0.060091251449193805,128
lot_paper_domain_matched__v1,candidate,instruction,base,3,mmd_rbf,0.014141279272735119,128
lot_paper_domain_matched__v1,candidate,instruction,base,3,projected_js,0.06477671410539187,128
lot_paper_domain_matched__v1,candidate,instruction,base,4,mmd_rbf,0.012533240020275116,128
lot_paper_domain_matched__v1,candidate,instruction,base,4,projected_js,0.06397096550790593,128
lot_paper_domain_matched__v1,candidate,instruction,base,5,mmd_rbf,0.012343602254986763,128
lot_paper_domain_matched__v1,candidate,instruction,base,5,projected_js,0.06013129936764017,128
lot_paper_domain_matched__v1,candidate,instruction,base,6,mmd_rbf,0.009959380142390728,128
lot_paper_domain_matched__v1,candidate,instruction,base,6,projected_js,0.06225020351121202,128
lot_paper_domain_matched__v1,candidate,instruction,base,7,mmd_rbf,0.009379024617373943,128
lot_paper_domain_matched__v1,candidate,instruction,base,7,projected_js,0.06299255898920819,128
lot_paper_domain_matched__v1,candidate,instruction,base,8,mmd_rbf,0.008836254477500916,128
lot_paper_domain_matched__v1,candidate,instruction,base,8,projected_js,0.06260577152715996,128
lot_paper_domain_matched__v1,candidate,instruction,base,9,mmd_rbf,0.009784447960555553,128
lot_paper_domain_matched__v1,candidate,instruction,base,9,projected_js,0.06655084795784205,128
lot_paper_domain_matched__v1,candidate,instruction,base,10,mmd_rbf,0.011293617077171803,128
lot_paper_domain_matched__v1,candidate,instruction,base,10,projected_js,0.06761655409354717,128
lot_paper_domain_matched__v1,candidate,instruction,base,11,mmd_rbf,0.011239067651331425,128
lot_paper_domain_matched__v1,candidate,instruction,base,11,projected_js,0.06695937749464065,128
lot_paper_domain_matched__v1,candidate,instruction,base,12,mmd_rbf,0.01113616582006216,128
lot_paper_domain_matched__v1,candidate,instruction,base,12,projected_js,0.06664410489611328,128
lot_paper_domain_matched__v1,candidate,instruction,base,13,mmd_rbf,0.011923628859221935,128
lot_paper_domain_matched__v1,candidate,instruction,base,13,projected_js,0.06979063164908439,128
lot_paper_domain_matched__v1,candidate,instruction,base,14,mmd_rbf,0.012742849998176098,128
lot_paper_domain_matched__v1,candidate,instruction,base,14,projected_js,0.06788764375960454,128
lot_paper_domain_matched__v1,candidate,instruction,base,15,mmd_rbf,0.014186612330377102,128
lot_paper_domain_matched__v1,candidate,instruction,base,15,projected_js,0.0730357764987275,128
lot_paper_domain_matched__v1,candidate,instruction,base,16,mmd_rbf,0.01485885214060545,128
lot_paper_domain_matched__v1,candidate,instruction,base,16,projected_js,0.06771554760052823,128
lot_paper_domain_matched__v1,candidate,instruction,base,17,mmd_rbf,0.01481036376208067,128
lot_paper_domain_matched__v1,candidate,instruction,base,17,projected_js,0.07167744566686451,128
lot_paper_domain_matched__v1,candidate,instruction,base,18,mmd_rbf,0.016334079205989838,128
lot_paper_domain_matched__v1,candidate,instruction,base,18,projected_js,0.07488267502048984,128
lot_paper_domain_matched__v1,candidate,instruction,base,19,mmd_rbf,0.018572939559817314,128
lot_paper_domain_matched__v1,candidate,instruction,base,19,projected_js,0.0731781927170232,128
lot_paper_domain_matched__v1,candidate,instruction,base,20,mmd_rbf,0.018771065399050713,128
lot_paper_domain_matched__v1,candidate,instruction,base,20,projected_js,0.07534132484579459,128
lot_paper_domain_matched__v1,candidate,instruction,base,21,mmd_rbf,0.020429758355021477,128
lot_paper_domain_matched__v1,candidate,instruction,base,21,projected_js,0.07750934245996177,128
lot_paper_domain_matched__v1,candidate,instruction,base,22,mmd_rbf,0.0204321201890707,128
lot_paper_domain_matched__v1,candidate,instruction,base,22,projected_js,0.07748529402306303,128
lot_paper_domain_matched__v1,candidate,instruction,base,23,mmd_rbf,0.019178161397576332,128
lot_paper_domain_matched__v1,candidate,instruction,base,23,projected_js,0.07506028312491253,128
lot_paper_domain_matched__v1,candidate,instruction,base,24,mmd_rbf,0.017807921394705772,128
lot_paper_domain_matched__v1,candidate,instruction,base,24,projected_js,0.0748951364075765,128
lot_paper_domain_matched__v1,candidate,instruction,base,25,mmd_rbf,0.016603130847215652,128
lot_paper_domain_matched__v1,candidate,instruction,base,25,projected_js,0.07479337725089863,128
lot_paper_domain_matched__v1,candidate,instruction,base,26,mmd_rbf,0.015910662710666656,128
lot_paper_domain_matched__v1,candidate,instruction,base,26,projected_js,0.07117068872321397,128
lot_paper_domain_matched__v1,candidate,instruction,base,27,mmd_rbf,0.015200081281363964,128
lot_paper_domain_matched__v1,candidate,instruction,base,27,projected_js,0.06966757832560688,128
lot_paper_domain_matched__v1,candidate,instruction,base,28,mmd_rbf,0.014187239110469818,128
lot_paper_domain_matched__v1,candidate,instruction,base,28,projected_js,0.07034956640563905,128
lot_paper_domain_matched__v1,candidate,instruction,base,29,mmd_rbf,0.013240235857665539,128
lot_paper_domain_matched__v1,candidate,instruction,base,29,projected_js,0.06852774348226376,128
lot_paper_domain_matched__v1,candidate,instruction,base,30,mmd_rbf,0.012793394736945629,128
lot_paper_domain_matched__v1,candidate,instruction,base,30,projected_js,0.06961732381023467,128
lot_paper_domain_matched__v1,candidate,instruction,base,31,mmd_rbf,0.01235103514045477,128
lot_paper_domain_matched__v1,candidate,instruction,base,31,projected_js,0.06777091015828773,128
lot_paper_domain_matched__v1,candidate,instruction,base,32,mmd_rbf,0.01314923819154501,128
lot_paper_domain_matched__v1,candidate,instruction,base,32,projected_js,0.06827644084114581,128
lot_paper_domain_matched__v1,candidate,instruction,base,33,mmd_rbf,0.013955227099359035,128
lot_paper_domain_matched__v1,candidate,instruction,base,33,projected_js,0.07284135953523219,128
lot_paper_domain_matched__v1,candidate,instruction,base,34,mmd_rbf,0.0231891181319952,128
lot_paper_domain_matched__v1,candidate,instruction,base,34,projected_js,0.07891474652569741,128
lot_paper_domain_matched__v1,candidate,instruction,base,35,mmd_rbf,0.10003850609064102,128
lot_paper_domain_matched__v1,candidate,instruction,base,35,projected_js,0.156094430712983,128
lot_paper_domain_matched__v1,candidate,instruction,instr_only,0,mmd_rbf,0.002347436500713229,128
lot_paper_domain_matched__v1,candidate,instruction,instr_only,0,projected_js,0.03782139014219865,128
lot_paper_domain_matched__v1,candidate,instruction,instr_only,1,mmd_rbf,0.006698231678456068,128
lot_paper_domain_matched__v1,candidate,instruction,instr_only,1,projected_js,0.05062672705389559,128
lot_paper_domain_matched__v1,candidate,instruction,instr_only,2,mmd_rbf,0.006447968073189259,128
lot_paper_domain_matched__v1,candidate,instruction,instr_only,2,projected_js,0.05140966872568242,128
lot_paper_domain_matched__v1,candidate,instruction,instr_only,3,mmd_rbf,0.005638237576931715,128
lot_paper_domain_matched__v1,candidate,instruction,instr_only,3,projected_js,0.05091344073298387,128
lot_paper_domain_matched__v1,candidate,instruction,instr_only,4,mmd_rbf,0.0048494297079741955,128
lot_paper_domain_matched__v1,candidate,instruction,instr_only,4,projected_js,0.05328662059037015,128
lot_paper_domain_matched__v1,candidate,instruction,instr_only,5,mmd_rbf,0.004507982637733221,128
lot_paper_domain_matched__v1,candidate,instruction,instr_only,5,projected_js,0.051864825742086396,128
lot_paper_domain_matched__v1,candidate,instruction,instr_only,6,mmd_rbf,0.003882758319377899,128
lot_paper_domain_matched__v1,candidate,instruction,instr_only,6,projected_js,0.051018770929658785,128
lot_paper_domain_matched__v1,candidate,instruction,instr_only,7,mmd_rbf,0.003407120704650879,128
lot_paper_domain_matched__v1,candidate,instruction,instr_only,7,projected_js,0.05679406854324043,128
lot_paper_domain_matched__v1,candidate,instruction,instr_only,8,mmd_rbf,0.002774488879367709,128
lot_paper_domain_matched__v1,candidate,instruction,instr_only,8,projected_js,0.05068494824809022,128
lot_paper_domain_matched__v1,candidate,instruction,instr_only,9,mmd_rbf,0.0025460582692176104,128
lot_paper_domain_matched__v1,candidate,instruction,instr_only,9,projected_js,0.05281769440625794,128
lot_paper_domain_matched__v1,candidate,instruction,instr_only,10,mmd_rbf,0.0024848461616784334,128
lot_paper_domain_matched__v1,candidate,instruction,instr_only,10,projected_js,0.054137347266077995,128
lot_paper_domain_matched__v1,candidate,instruction,instr_only,11,mmd_rbf,0.002255034865811467,128
lot_paper_domain_matched__v1,candidate,instruction,instr_only,11,projected_js,0.05680343971471302,128
lot_paper_domain_matched__v1,candidate,instruction,instr_only,12,mmd_rbf,0.0021613126154989004,128
lot_paper_domain_matched__v1,candidate,instruction,instr_only,12,projected_js,0.0527140530757606,128
lot_paper_domain_matched__v1,candidate,instruction,instr_only,13,mmd_rbf,0.002095015486702323,128
lot_paper_domain_matched__v1,candidate,instruction,instr_only,13,projected_js,0.05485092126764357,128
lot_paper_domain_matched__v1,candidate,instruction,instr_only,14,mmd_rbf,0.002041846513748169,128
lot_paper_domain_matched__v1,candidate,instruction,instr_only,14,projected_js,0.050136181293055415,128
lot_paper_domain_matched__v1,candidate,instruction,instr_only,15,mmd_rbf,0.00203913077712059,128
lot_paper_domain_matched__v1,candidate,instruction,instr_only,15,projected_js,0.05456346564460546,128
lot_paper_domain_matched__v1,candidate,instruction,instr_only,16,mmd_rbf,0.00216143811121583,128
lot_paper_domain_matched__v1,candidate,instruction,instr_only,16,projected_js,0.05423133238218725,128
lot_paper_domain_matched__v1,candidate,instruction,instr_only,17,mmd_rbf,0.002164234174415469,128
lot_paper_domain_matched__v1,candidate,instruction,instr_only,17,projected_js,0.05482749329530634,128
lot_paper_domain_matched__v1,candidate,instruction,instr_only,18,mmd_rbf,0.00227893004193902,128
lot_paper_domain_matched__v1,candidate,instruction,instr_only,18,projected_js,0.057882570021320134,128
lot_paper_domain_matched__v1,candidate,instruction,instr_only,19,mmd_rbf,0.002239742549136281,128
lot_paper_domain_matched__v1,candidate,instruction,instr_only,19,projected_js,0.05495802575023845,128
lot_paper_domain_matched__v1,candidate,instruction,instr_only,20,mmd_rbf,0.002238210290670395,128
lot_paper_domain_matched__v1,candidate,instruction,instr_only,20,projected_js,0.05272682892973535,128
lot_paper_domain_matched__v1,candidate,instruction,instr_only,21,mmd_rbf,0.00248938100412488,128
lot_paper_domain_matched__v1,candidate,instruction,instr_only,21,projected_js,0.056584652920719236,128
lot_paper_domain_matched__v1,candidate,instruction,instr_only,22,mmd_rbf,0.0024229444097727537,128
lot_paper_domain_matched__v1,candidate,instruction,instr_only,22,projected_js,0.05725088412873447,128
lot_paper_domain_matched__v1,candidate,instruction,instr_only,23,mmd_rbf,0.0023521834518760443,128
lot_paper_domain_matched__v1,candidate,instruction,instr_only,23,projected_js,0.0542489000945352,128
lot_paper_domain_matched__v1,candidate,instruction,instr_only,24,mmd_rbf,0.0023540654219686985,128
lot_paper_domain_matched__v1,candidate,instruction,instr_only,24,projected_js,0.05550489999586716,128
lot_paper_domain_matched__v1,candidate,instruction,instr_only,25,mmd_rbf,0.002390490612015128,128
lot_paper_domain_matched__v1,candidate,instruction,instr_only,25,projected_js,0.05795559746911749,128
lot_paper_domain_matched__v1,candidate,instruction,instr_only,26,mmd_rbf,0.0024779848754405975,128
lot_paper_domain_matched__v1,candidate,instruction,instr_only,26,projected_js,0.05766744166612625,128
lot_paper_domain_matched__v1,candidate,instruction,instr_only,27,mmd_rbf,0.002459608018398285,128
lot_paper_domain_matched__v1,candidate,instruction,instr_only,27,projected_js,0.05322623727261089,128
lot_paper_domain_matched__v1,candidate,instruction,instr_only,28,mmd_rbf,0.0024623216595500708,128
lot_paper_domain_matched__v1,candidate,instruction,instr_only,28,projected_js,0.0540721231373027,128
lot_paper_domain_matched__v1,candidate,instruction,instr_only,29,mmd_rbf,0.002411298453807831,128
lot_paper_domain_matched__v1,candidate,instruction,instr_only,29,projected_js,0.053501994465477765,128
lot_paper_domain_matched__v1,candidate,instruction,instr_only,30,mmd_rbf,0.0024209790863096714,128
lot_paper_domain_matched__v1,candidate,instruction,instr_only,30,projected_js,0.05978426482761279,128
lot_paper_domain_matched__v1,candidate,instruction,instr_only,31,mmd_rbf,0.002440718235448003,128
lot_paper_domain_matched__v1,candidate,instruction,instr_only,31,projected_js,0.05380740234977566,128
lot_paper_domain_matched__v1,candidate,instruction,instr_only,32,mmd_rbf,0.002395231043919921,128
lot_paper_domain_matched__v1,candidate,instruction,instr_only,32,projected_js,0.05420000461162999,128
lot_paper_domain_matched__v1,candidate,instruction,instr_only,33,mmd_rbf,0.002326472895219922,128
lot_paper_domain_matched__v1,candidate,instruction,instr_only,33,projected_js,0.05614555111969821,128
lot_paper_domain_matched__v1,candidate,instruction,instr_only,34,mmd_rbf,0.0024633780121803284,128
lot_paper_domain_matched__v1,candidate,instruction,instr_only,34,projected_js,0.05744838496320881,128
lot_paper_domain_matched__v1,candidate,instruction,instr_only,35,mmd_rbf,0.005151550751179457,128
lot_paper_domain_matched__v1,candidate,instruction,instr_only,35,projected_js,0.0509581168735167,128
lot_paper_domain_matched__v1,candidate,instruction,reasoning_only,0,mmd_rbf,0.007756269071251154,128
lot_paper_domain_matched__v1,candidate,instruction,reasoning_only,0,projected_js,0.06199433217989281,128
lot_paper_domain_matched__v1,candidate,instruction,reasoning_only,1,mmd_rbf,0.014005276374518871,128
lot_paper_domain_matched__v1,candidate,instruction,reasoning_only,1,projected_js,0.06233779768808745,128
lot_paper_domain_matched__v1,candidate,instruction,reasoning_only,2,mmd_rbf,0.015749555081129074,128
lot_paper_domain_matched__v1,candidate,instruction,reasoning_only,2,projected_js,0.06424905662424862,128
lot_paper_domain_matched__v1,candidate,instruction,reasoning_only,3,mmd_rbf,0.017903227359056473,128
lot_paper_domain_matched__v1,candidate,instruction,reasoning_only,3,projected_js,0.07154348556650802,128
lot_paper_domain_matched__v1,candidate,instruction,reasoning_only,4,mmd_rbf,0.019263911992311478,128
lot_paper_domain_matched__v1,candidate,instruction,reasoning_only,4,projected_js,0.07598250469891354,128
lot_paper_domain_matched__v1,candidate,instruction,reasoning_only,5,mmd_rbf,0.019954388961195946,128
lot_paper_domain_matched__v1,candidate,instruction,reasoning_only,5,projected_js,0.0741212397115305,128
lot_paper_domain_matched__v1,candidate,instruction,reasoning_only,6,mmd_rbf,0.014916754327714443,128
lot_paper_domain_matched__v1,candidate,instruction,reasoning_only,6,projected_js,0.07121813512640074,128
lot_paper_domain_matched__v1,candidate,instruction,reasoning_only,7,mmd_rbf,0.015056046657264233,128
lot_paper_domain_matched__v1,candidate,instruction,reasoning_only,7,projected_js,0.07791471749078482,128
lot_paper_domain_matched__v1,candidate,instruction,reasoning_only,8,mmd_rbf,0.012500966899096966,128
lot_paper_domain_matched__v1,candidate,instruction,reasoning_only,8,projected_js,0.07204537180950865,128
lot_paper_domain_matched__v1,candidate,instruction,reasoning_only,9,mmd_rbf,0.01255472470074892,128
lot_paper_domain_matched__v1,candidate,instruction,reasoning_only,9,projected_js,0.07169575651641935,128
lot_paper_domain_matched__v1,candidate,instruction,reasoning_only,10,mmd_rbf,0.014589400961995125,128
lot_paper_domain_matched__v1,candidate,instruction,reasoning_only,10,projected_js,0.0763740073889494,128
lot_paper_domain_matched__v1,candidate,instruction,reasoning_only,11,mmd_rbf,0.014046785421669483,128
lot_paper_domain_matched__v1,candidate,instruction,reasoning_only,11,projected_js,0.07593189849285409,128
lot_paper_domain_matched__v1,candidate,instruction,reasoning_only,12,mmd_rbf,0.01502023171633482,128
lot_paper_domain_matched__v1,candidate,instruction,reasoning_only,12,projected_js,0.07453481951961294,128
lot_paper_domain_matched__v1,candidate,instruction,reasoning_only,13,mmd_rbf,0.01585031859576702,128
lot_paper_domain_matched__v1,candidate,instruction,reasoning_only,13,projected_js,0.0793038108968176,128
lot_paper_domain_matched__v1,candidate,instruction,reasoning_only,14,mmd_rbf,0.01584610901772976,128
lot_paper_domain_matched__v1,candidate,instruction,reasoning_only,14,projected_js,0.07618403836386278,128
lot_paper_domain_matched__v1,candidate,instruction,reasoning_only,15,mmd_rbf,0.016979821026325226,128
lot_paper_domain_matched__v1,candidate,instruction,reasoning_only,15,projected_js,0.07601827831240371,128
lot_paper_domain_matched__v1,candidate,instruction,reasoning_only,16,mmd_rbf,0.017579354345798492,128
lot_paper_domain_matched__v1,candidate,instruction,reasoning_only,16,projected_js,0.07373235415434465,128
lot_paper_domain_matched__v1,candidate,instruction,reasoning_only,17,mmd_rbf,0.017575478181242943,128
lot_paper_domain_matched__v1,candidate,instruction,reasoning_only,17,projected_js,0.07062084844801575,128
lot_paper_domain_matched__v1,candidate,instruction,reasoning_only,18,mmd_rbf,0.02020038478076458,128
lot_paper_domain_matched__v1,candidate,instruction,reasoning_only,18,projected_js,0.07501778128789738,128
lot_paper_domain_matched__v1,candidate,instruction,reasoning_only,19,mmd_rbf,0.021363375708460808,128
lot_paper_domain_matched__v1,candidate,instruction,reasoning_only,19,projected_js,0.07904440769925714,128
lot_paper_domain_matched__v1,candidate,instruction,reasoning_only,20,mmd_rbf,0.02111975848674774,128
lot_paper_domain_matched__v1,candidate,instruction,reasoning_only,20,projected_js,0.0772576158051379,128
lot_paper_domain_matched__v1,candidate,instruction,reasoning_only,21,mmd_rbf,0.022446146234869957,128
lot_paper_domain_matched__v1,candidate,instruction,reasoning_only,21,projected_js,0.0793792197946459,128
lot_paper_domain_matched__v1,candidate,instruction,reasoning_only,22,mmd_rbf,0.0212470181286335,128
lot_paper_domain_matched__v1,candidate,instruction,reasoning_only,22,projected_js,0.08040627208538353,128
lot_paper_domain_matched__v1,candidate,instruction,reasoning_only,23,mmd_rbf,0.018694164231419563,128
lot_paper_domain_matched__v1,candidate,instruction,reasoning_only,23,projected_js,0.07870741066290066,128
lot_paper_domain_matched__v1,candidate,instruction,reasoning_only,24,mmd_rbf,0.01929442398250103,128
lot_paper_domain_matched__v1,candidate,instruction,reasoning_only,24,projected_js,0.08107796113472432,128
lot_paper_domain_matched__v1,candidate,instruction,reasoning_only,25,mmd_rbf,0.018809838220477104,128
lot_paper_domain_matched__v1,candidate,instruction,reasoning_only,25,projected_js,0.0776762108434923,128
lot_paper_domain_matched__v1,candidate,instruction,reasoning_only,26,mmd_rbf,0.01946956478059292,128
lot_paper_domain_matched__v1,candidate,instruction,reasoning_only,26,projected_js,0.0738817197852768,128
lot_paper_domain_matched__v1,candidate,instruction,reasoning_only,27,mmd_rbf,0.01946190558373928,128
lot_paper_domain_matched__v1,candidate,instruction,reasoning_only,27,projected_js,0.073468544986099,128
lot_paper_domain_matched__v1,candidate,instruction,reasoning_only,28,mmd_rbf,0.019677314907312393,128
lot_paper_domain_matched__v1,candidate,instruction,reasoning_only,28,projected_js,0.07663507602410391,128
lot_paper_domain_matched__v1,candidate,instruction,reasoning_only,29,mmd_rbf,0.01892227679491043,128
lot_paper_domain_matched__v1,candidate,instruction,reasoning_only,29,projected_js,0.07532262528548017,128
lot_paper_domain_matched__v1,candidate,instruction,reasoning_only,30,mmd_rbf,0.01933167688548565,128
lot_paper_domain_matched__v1,candidate,instruction,reasoning_only,30,projected_js,0.08098465367220342,128
lot_paper_domain_matched__v1,candidate,instruction,reasoning_only,31,mmd_rbf,0.019290758296847343,128
lot_paper_domain_matched__v1,candidate,instruction,reasoning_only,31,projected_js,0.07682538352673873,128
lot_paper_domain_matched__v1,candidate,instruction,reasoning_only,32,mmd_rbf,0.018958156928420067,128
lot_paper_domain_matched__v1,candidate,instruction,reasoning_only,32,projected_js,0.07444670394761488,128
lot_paper_domain_matched__v1,candidate,instruction,reasoning_only,33,mmd_rbf,0.018614387139678,128
lot_paper_domain_matched__v1,candidate,instruction,reasoning_only,33,projected_js,0.07453274895669892,128
lot_paper_domain_matched__v1,candidate,instruction,reasoning_only,34,mmd_rbf,0.020618906244635582,128
lot_paper_domain_matched__v1,candidate,instruction,reasoning_only,34,projected_js,0.07287836854811758,128
lot_paper_domain_matched__v1,candidate,instruction,reasoning_only,35,mmd_rbf,0.05482472851872444,128
lot_paper_domain_matched__v1,candidate,instruction,reasoning_only,35,projected_js,0.10988395329331979,128
lot_paper_domain_matched__v1,candidate,instruction,uncensored_only,0,mmd_rbf,0.0038548677694052458,128
lot_paper_domain_matched__v1,candidate,instruction,uncensored_only,0,projected_js,0.043412359824287705,128
lot_paper_domain_matched__v1,candidate,instruction,uncensored_only,1,mmd_rbf,0.11698923259973526,128
lot_paper_domain_matched__v1,candidate,instruction,uncensored_only,1,projected_js,0.1459127920679748,128
lot_paper_domain_matched__v1,candidate,instruction,uncensored_only,2,mmd_rbf,0.10975842922925949,128
lot_paper_domain_matched__v1,candidate,instruction,uncensored_only,2,projected_js,0.13671943766530603,128
lot_paper_domain_matched__v1,candidate,instruction,uncensored_only,3,mmd_rbf,0.0823395773768425,128
lot_paper_domain_matched__v1,candidate,instruction,uncensored_only,3,projected_js,0.11248837027233094,128
lot_paper_domain_matched__v1,candidate,instruction,uncensored_only,4,mmd_rbf,0.05987433344125748,128
lot_paper_domain_matched__v1,candidate,instruction,uncensored_only,4,projected_js,0.10967807652195916,128
lot_paper_domain_matched__v1,candidate,instruction,uncensored_only,5,mmd_rbf,0.046264346688985825,128
lot_paper_domain_matched__v1,candidate,instruction,uncensored_only,5,projected_js,0.0972304010647349,128
lot_paper_domain_matched__v1,candidate,instruction,uncensored_only,6,mmd_rbf,0.02848629467189312,128
lot_paper_domain_matched__v1,candidate,instruction,uncensored_only,6,projected_js,0.08020321861840785,128
lot_paper_domain_matched__v1,candidate,instruction,uncensored_only,7,mmd_rbf,0.02297728694975376,128
lot_paper_domain_matched__v1,candidate,instruction,uncensored_only,7,projected_js,0.08238682488445193,128
lot_paper_domain_matched__v1,candidate,instruction,uncensored_only,8,mmd_rbf,0.01600334793329239,128
lot_paper_domain_matched__v1,candidate,instruction,uncensored_only,8,projected_js,0.07265606356668286,128
lot_paper_domain_matched__v1,candidate,instruction,uncensored_only,9,mmd_rbf,0.013275188393890858,128
lot_paper_domain_matched__v1,candidate,instruction,uncensored_only,9,projected_js,0.06523978075711057,128
lot_paper_domain_matched__v1,candidate,instruction,uncensored_only,10,mmd_rbf,0.012106688693165779,128
lot_paper_domain_matched__v1,candidate,instruction,uncensored_only,10,projected_js,0.06779651987017132,128
lot_paper_domain_matched__v1,candidate,instruction,uncensored_only,11,mmd_rbf,0.010265514254570007,128
lot_paper_domain_matched__v1,candidate,instruction,uncensored_only,11,projected_js,0.0650149421999231,128
lot_paper_domain_matched__v1,candidate,instruction,uncensored_only,12,mmd_rbf,0.010226496495306492,128
lot_paper_domain_matched__v1,candidate,instruction,uncensored_only,12,projected_js,0.0696824534679763,128
lot_paper_domain_matched__v1,candidate,instruction,uncensored_only,13,mmd_rbf,0.01069943793118,128
lot_paper_domain_matched__v1,candidate,instruction,uncensored_only,13,projected_js,0.06926324515370652,128
lot_paper_domain_matched__v1,candidate,instruction,uncensored_only,14,mmd_rbf,0.01145987119525671,128
lot_paper_domain_matched__v1,candidate,instruction,uncensored_only,14,projected_js,0.06900982180377468,128
lot_paper_domain_matched__v1,candidate,instruction,uncensored_only,15,mmd_rbf,0.013444279320538044,128
lot_paper_domain_matched__v1,candidate,instruction,uncensored_only,15,projected_js,0.07085639319848269,128
lot_paper_domain_matched__v1,candidate,instruction,uncensored_only,16,mmd_rbf,0.014090582728385925,128
lot_paper_domain_matched__v1,candidate,instruction,uncensored_only,16,projected_js,0.07163080750615336,128
lot_paper_domain_matched__v1,candidate,instruction,uncensored_only,17,mmd_rbf,0.01357358694076538,128
lot_paper_domain_matched__v1,candidate,instruction,uncensored_only,17,projected_js,0.06815417046891525,128
lot_paper_domain_matched__v1,candidate,instruction,uncensored_only,18,mmd_rbf,0.013463853858411312,128
lot_paper_domain_matched__v1,candidate,instruction,uncensored_only,18,projected_js,0.07367553870426491,128
lot_paper_domain_matched__v1,candidate,instruction,uncensored_only,19,mmd_rbf,0.013373143039643764,128
lot_paper_domain_matched__v1,candidate,instruction,uncensored_only,19,projected_js,0.07272013131296262,128
lot_paper_domain_matched__v1,candidate,instruction,uncensored_only,20,mmd_rbf,0.01399714220315218,128
lot_paper_domain_matched__v1,candidate,instruction,uncensored_only,20,projected_js,0.0733293016673997,128
lot_paper_domain_matched__v1,candidate,instruction,uncensored_only,21,mmd_rbf,0.014932334423065186,128
lot_paper_domain_matched__v1,candidate,instruction,uncensored_only,21,projected_js,0.07440914021572098,128
lot_paper_domain_matched__v1,candidate,instruction,uncensored_only,22,mmd_rbf,0.015802888199687004,128
lot_paper_domain_matched__v1,candidate,instruction,uncensored_only,22,projected_js,0.07649506779853255,128
lot_paper_domain_matched__v1,candidate,instruction,uncensored_only,23,mmd_rbf,0.01607225276529789,128
lot_paper_domain_matched__v1,candidate,instruction,uncensored_only,23,projected_js,0.07418241759296507,128
lot_paper_domain_matched__v1,candidate,instruction,uncensored_only,24,mmd_rbf,0.017896190285682678,128
lot_paper_domain_matched__v1,candidate,instruction,uncensored_only,24,projected_js,0.0780142419389449,128
lot_paper_domain_matched__v1,candidate,instruction,uncensored_only,25,mmd_rbf,0.018781593069434166,128
lot_paper_domain_matched__v1,candidate,instruction,uncensored_only,25,projected_js,0.0807501109666191,128
lot_paper_domain_matched__v1,candidate,instruction,uncensored_only,26,mmd_rbf,0.019643539562821388,128
lot_paper_domain_matched__v1,candidate,instruction,uncensored_only,26,projected_js,0.0772857865667902,128
lot_paper_domain_matched__v1,candidate,instruction,uncensored_only,27,mmd_rbf,0.019930878654122353,128
lot_paper_domain_matched__v1,candidate,instruction,uncensored_only,27,projected_js,0.07793024613056332,128
lot_paper_domain_matched__v1,candidate,instruction,uncensored_only,28,mmd_rbf,0.017561843618750572,128
lot_paper_domain_matched__v1,candidate,instruction,uncensored_only,28,projected_js,0.07712015806464478,128
lot_paper_domain_matched__v1,candidate,instruction,uncensored_only,29,mmd_rbf,0.016450999304652214,128
lot_paper_domain_matched__v1,candidate,instruction,uncensored_only,29,projected_js,0.07929968752432615,128
lot_paper_domain_matched__v1,candidate,instruction,uncensored_only,30,mmd_rbf,0.016182823106646538,128
lot_paper_domain_matched__v1,candidate,instruction,uncensored_only,30,projected_js,0.07266328949481249,128
lot_paper_domain_matched__v1,candidate,instruction,uncensored_only,31,mmd_rbf,0.015530052594840527,128
lot_paper_domain_matched__v1,candidate,instruction,uncensored_only,31,projected_js,0.07040542270988226,128
lot_paper_domain_matched__v1,candidate,instruction,uncensored_only,32,mmd_rbf,0.015141511335968971,128
lot_paper_domain_matched__v1,candidate,instruction,uncensored_only,32,projected_js,0.07366724667372182,128
lot_paper_domain_matched__v1,candidate,instruction,uncensored_only,33,mmd_rbf,0.01484721340239048,128
lot_paper_domain_matched__v1,candidate,instruction,uncensored_only,33,projected_js,0.07536244363291189,128
lot_paper_domain_matched__v1,candidate,instruction,uncensored_only,34,mmd_rbf,0.015623345971107483,128
lot_paper_domain_matched__v1,candidate,instruction,uncensored_only,34,projected_js,0.07519679912365973,128
lot_paper_domain_matched__v1,candidate,instruction,uncensored_only,35,mmd_rbf,0.017211461439728737,128
lot_paper_domain_matched__v1,candidate,instruction,uncensored_only,35,projected_js,0.06645473634125665,128
lot_paper_domain_matched__v1,candidate,reasoning,base,0,mmd_rbf,0.0031931877601891756,128
lot_paper_domain_matched__v1,candidate,reasoning,base,0,projected_js,0.044892105186590925,128
lot_paper_domain_matched__v1,candidate,reasoning,base,1,mmd_rbf,0.00685206800699234,128
lot_paper_domain_matched__v1,candidate,reasoning,base,1,projected_js,0.05044464336242527,128
lot_paper_domain_matched__v1,candidate,reasoning,base,2,mmd_rbf,0.010141618549823761,128
lot_paper_domain_matched__v1,candidate,reasoning,base,2,projected_js,0.05597713720635511,128
lot_paper_domain_matched__v1,candidate,reasoning,base,3,mmd_rbf,0.013804984278976917,128
lot_paper_domain_matched__v1,candidate,reasoning,base,3,projected_js,0.06546366348629817,128
lot_paper_domain_matched__v1,candidate,reasoning,base,4,mmd_rbf,0.014035239815711975,128
lot_paper_domain_matched__v1,candidate,reasoning,base,4,projected_js,0.062188538402551785,128
lot_paper_domain_matched__v1,candidate,reasoning,base,5,mmd_rbf,0.012643699534237385,128
lot_paper_domain_matched__v1,candidate,reasoning,base,5,projected_js,0.06486386054893956,128
lot_paper_domain_matched__v1,candidate,reasoning,base,6,mmd_rbf,0.009275517426431179,128
lot_paper_domain_matched__v1,candidate,reasoning,base,6,projected_js,0.05850216912222095,128
lot_paper_domain_matched__v1,candidate,reasoning,base,7,mmd_rbf,0.009158364497125149,128
lot_paper_domain_matched__v1,candidate,reasoning,base,7,projected_js,0.06406462209997699,128
lot_paper_domain_matched__v1,candidate,reasoning,base,8,mmd_rbf,0.00832426268607378,128
lot_paper_domain_matched__v1,candidate,reasoning,base,8,projected_js,0.06172497529769316,128
lot_paper_domain_matched__v1,candidate,reasoning,base,9,mmd_rbf,0.009065861813724041,128
lot_paper_domain_matched__v1,candidate,reasoning,base,9,projected_js,0.06402529071783647,128
lot_paper_domain_matched__v1,candidate,reasoning,base,10,mmd_rbf,0.009916000068187714,128
lot_paper_domain_matched__v1,candidate,reasoning,base,10,projected_js,0.060168803902342916,128
lot_paper_domain_matched__v1,candidate,reasoning,base,11,mmd_rbf,0.009347728453576565,128
lot_paper_domain_matched__v1,candidate,reasoning,base,11,projected_js,0.06142887944588438,128
lot_paper_domain_matched__v1,candidate,reasoning,base,12,mmd_rbf,0.009720086120069027,128
lot_paper_domain_matched__v1,candidate,reasoning,base,12,projected_js,0.059725452185375616,128
lot_paper_domain_matched__v1,candidate,reasoning,base,13,mmd_rbf,0.010044091381132603,128
lot_paper_domain_matched__v1,candidate,reasoning,base,13,projected_js,0.06547618546755984,128
lot_paper_domain_matched__v1,candidate,reasoning,base,14,mmd_rbf,0.010444092564284801,128
lot_paper_domain_matched__v1,candidate,reasoning,base,14,projected_js,0.0644867357914336,128
lot_paper_domain_matched__v1,candidate,reasoning,base,15,mmd_rbf,0.01141545083373785,128
lot_paper_domain_matched__v1,candidate,reasoning,base,15,projected_js,0.0621486006421037,128
lot_paper_domain_matched__v1,candidate,reasoning,base,16,mmd_rbf,0.012356980703771114,128
lot_paper_domain_matched__v1,candidate,reasoning,base,16,projected_js,0.06611284299287945,128
lot_paper_domain_matched__v1,candidate,reasoning,base,17,mmd_rbf,0.012036989443004131,128
lot_paper_domain_matched__v1,candidate,reasoning,base,17,projected_js,0.06418653734726831,128
lot_paper_domain_matched__v1,candidate,reasoning,base,18,mmd_rbf,0.013480757363140583,128
lot_paper_domain_matched__v1,candidate,reasoning,base,18,projected_js,0.06697127694496885,128
lot_paper_domain_matched__v1,candidate,reasoning,base,19,mmd_rbf,0.013491368852555752,128
lot_paper_domain_matched__v1,candidate,reasoning,base,19,projected_js,0.07015753345331177,128
lot_paper_domain_matched__v1,candidate,reasoning,base,20,mmd_rbf,0.012868908233940601,128
lot_paper_domain_matched__v1,candidate,reasoning,base,20,projected_js,0.06523652252508327,128
lot_paper_domain_matched__v1,candidate,reasoning,base,21,mmd_rbf,0.013299897313117981,128
lot_paper_domain_matched__v1,candidate,reasoning,base,21,projected_js,0.06770836017676629,128
lot_paper_domain_matched__v1,candidate,reasoning,base,22,mmd_rbf,0.011695348657667637,128
lot_paper_domain_matched__v1,candidate,reasoning,base,22,projected_js,0.0634246485424228,128
lot_paper_domain_matched__v1,candidate,reasoning,base,23,mmd_rbf,0.010336617939174175,128
lot_paper_domain_matched__v1,candidate,reasoning,base,23,projected_js,0.06050484822480939,128
lot_paper_domain_matched__v1,candidate,reasoning,base,24,mmd_rbf,0.009103188291192055,128
lot_paper_domain_matched__v1,candidate,reasoning,base,24,projected_js,0.06103469425579533,128
lot_paper_domain_matched__v1,candidate,reasoning,base,25,mmd_rbf,0.007954524829983711,128
lot_paper_domain_matched__v1,candidate,reasoning,base,25,projected_js,0.05880036158487201,128
lot_paper_domain_matched__v1,candidate,reasoning,base,26,mmd_rbf,0.007426563650369644,128
lot_paper_domain_matched__v1,candidate,reasoning,base,26,projected_js,0.0629066284163855,128
lot_paper_domain_matched__v1,candidate,reasoning,base,27,mmd_rbf,0.007255354430526495,128
lot_paper_domain_matched__v1,candidate,reasoning,base,27,projected_js,0.060036896844394505,128
lot_paper_domain_matched__v1,candidate,reasoning,base,28,mmd_rbf,0.007280108518898487,128
lot_paper_domain_matched__v1,candidate,reasoning,base,28,projected_js,0.06177649553865194,128
lot_paper_domain_matched__v1,candidate,reasoning,base,29,mmd_rbf,0.007143579423427582,128
lot_paper_domain_matched__v1,candidate,reasoning,base,29,projected_js,0.06227418957860209,128
lot_paper_domain_matched__v1,candidate,reasoning,base,30,mmd_rbf,0.007093866355717182,128
lot_paper_domain_matched__v1,candidate,reasoning,base,30,projected_js,0.0631251513841562,128
lot_paper_domain_matched__v1,candidate,reasoning,base,31,mmd_rbf,0.007139518857002258,128
lot_paper_domain_matched__v1,candidate,reasoning,base,31,projected_js,0.05978434829739854,128
lot_paper_domain_matched__v1,candidate,reasoning,base,32,mmd_rbf,0.007596010807901621,128
lot_paper_domain_matched__v1,candidate,reasoning,base,32,projected_js,0.059444811136927456,128
lot_paper_domain_matched__v1,candidate,reasoning,base,33,mmd_rbf,0.00774588156491518,128
lot_paper_domain_matched__v1,candidate,reasoning,base,33,projected_js,0.06333285116124898,128
lot_paper_domain_matched__v1,candidate,reasoning,base,34,mmd_rbf,0.010008607991039753,128
lot_paper_domain_matched__v1,candidate,reasoning,base,34,projected_js,0.06357005459722131,128
lot_paper_domain_matched__v1,candidate,reasoning,base,35,mmd_rbf,0.028636259958148003,128
lot_paper_domain_matched__v1,candidate,reasoning,base,35,projected_js,0.07847033248981461,128
lot_paper_domain_matched__v1,candidate,reasoning,instr_only,0,mmd_rbf,0.0016896724700927734,128
lot_paper_domain_matched__v1,candidate,reasoning,instr_only,0,projected_js,0.03811626569950022,128
lot_paper_domain_matched__v1,candidate,reasoning,instr_only,1,mmd_rbf,0.003844238817691803,128
lot_paper_domain_matched__v1,candidate,reasoning,instr_only,1,projected_js,0.04731792106758803,128
lot_paper_domain_matched__v1,candidate,reasoning,instr_only,2,mmd_rbf,0.006330354604870081,128
lot_paper_domain_matched__v1,candidate,reasoning,instr_only,2,projected_js,0.04979629730223678,128
lot_paper_domain_matched__v1,candidate,reasoning,instr_only,3,mmd_rbf,0.00822910014539957,128
lot_paper_domain_matched__v1,candidate,reasoning,instr_only,3,projected_js,0.05520141703891568,128
lot_paper_domain_matched__v1,candidate,reasoning,instr_only,4,mmd_rbf,0.008891086094081402,128
lot_paper_domain_matched__v1,candidate,reasoning,instr_only,4,projected_js,0.054254402086371556,128
lot_paper_domain_matched__v1,candidate,reasoning,instr_only,5,mmd_rbf,0.008454377762973309,128
lot_paper_domain_matched__v1,candidate,reasoning,instr_only,5,projected_js,0.05601540344650857,128
lot_paper_domain_matched__v1,candidate,reasoning,instr_only,6,mmd_rbf,0.006472989916801453,128
lot_paper_domain_matched__v1,candidate,reasoning,instr_only,6,projected_js,0.057118665223242715,128
lot_paper_domain_matched__v1,candidate,reasoning,instr_only,7,mmd_rbf,0.006511308252811432,128
lot_paper_domain_matched__v1,candidate,reasoning,instr_only,7,projected_js,0.057354154356289655,128
lot_paper_domain_matched__v1,candidate,reasoning,instr_only,8,mmd_rbf,0.005903481040149927,128
lot_paper_domain_matched__v1,candidate,reasoning,instr_only,8,projected_js,0.05975181597750634,128
lot_paper_domain_matched__v1,candidate,reasoning,instr_only,9,mmd_rbf,0.006356067955493927,128
lot_paper_domain_matched__v1,candidate,reasoning,instr_only,9,projected_js,0.05688763316720724,128
lot_paper_domain_matched__v1,candidate,reasoning,instr_only,10,mmd_rbf,0.0066248211078345776,128
lot_paper_domain_matched__v1,candidate,reasoning,instr_only,10,projected_js,0.05885443912120536,128
lot_paper_domain_matched__v1,candidate,reasoning,instr_only,11,mmd_rbf,0.00613583205267787,128
lot_paper_domain_matched__v1,candidate,reasoning,instr_only,11,projected_js,0.06044514995301142,128
lot_paper_domain_matched__v1,candidate,reasoning,instr_only,12,mmd_rbf,0.006185812875628471,128
lot_paper_domain_matched__v1,candidate,reasoning,instr_only,12,projected_js,0.05933969627949409,128
lot_paper_domain_matched__v1,candidate,reasoning,instr_only,13,mmd_rbf,0.0064443619921803474,128
lot_paper_domain_matched__v1,candidate,reasoning,instr_only,13,projected_js,0.06144213560037315,128
lot_paper_domain_matched__v1,candidate,reasoning,instr_only,14,mmd_rbf,0.006460405886173248,128
lot_paper_domain_matched__v1,candidate,reasoning,instr_only,14,projected_js,0.05796464468585327,128
lot_paper_domain_matched__v1,candidate,reasoning,instr_only,15,mmd_rbf,0.006837101187556982,128
lot_paper_domain_matched__v1,candidate,reasoning,instr_only,15,projected_js,0.058996587176807225,128
lot_paper_domain_matched__v1,candidate,reasoning,instr_only,16,mmd_rbf,0.0070096873678267,128
lot_paper_domain_matched__v1,candidate,reasoning,instr_only,16,projected_js,0.06265040143625811,128
lot_paper_domain_matched__v1,candidate,reasoning,instr_only,17,mmd_rbf,0.007139497436583042,128
lot_paper_domain_matched__v1,candidate,reasoning,instr_only,17,projected_js,0.06055748707149178,128
lot_paper_domain_matched__v1,candidate,reasoning,instr_only,18,mmd_rbf,0.007835241965949535,128
lot_paper_domain_matched__v1,candidate,reasoning,instr_only,18,projected_js,0.060672953142784536,128
lot_paper_domain_matched__v1,candidate,reasoning,instr_only,19,mmd_rbf,0.007535720709711313,128
lot_paper_domain_matched__v1,candidate,reasoning,instr_only,19,projected_js,0.05962872097734362,128
lot_paper_domain_matched__v1,candidate,reasoning,instr_only,20,mmd_rbf,0.007430946920067072,128
lot_paper_domain_matched__v1,candidate,reasoning,instr_only,20,projected_js,0.05836004871525802,128
lot_paper_domain_matched__v1,candidate,reasoning,instr_only,21,mmd_rbf,0.007677807006984949,128
lot_paper_domain_matched__v1,candidate,reasoning,instr_only,21,projected_js,0.06414069759193808,128
lot_paper_domain_matched__v1,candidate,reasoning,instr_only,22,mmd_rbf,0.007022571749985218,128
lot_paper_domain_matched__v1,candidate,reasoning,instr_only,22,projected_js,0.05832224400364794,128
lot_paper_domain_matched__v1,candidate,reasoning,instr_only,23,mmd_rbf,0.006314514670521021,128
lot_paper_domain_matched__v1,candidate,reasoning,instr_only,23,projected_js,0.05628061370225623,128
lot_paper_domain_matched__v1,candidate,reasoning,instr_only,24,mmd_rbf,0.006405481602996588,128
lot_paper_domain_matched__v1,candidate,reasoning,instr_only,24,projected_js,0.060846719599794596,128
lot_paper_domain_matched__v1,candidate,reasoning,instr_only,25,mmd_rbf,0.006217835936695337,128
lot_paper_domain_matched__v1,candidate,reasoning,instr_only,25,projected_js,0.059332121803890914,128
lot_paper_domain_matched__v1,candidate,reasoning,instr_only,26,mmd_rbf,0.00624789809808135,128
lot_paper_domain_matched__v1,candidate,reasoning,instr_only,26,projected_js,0.06480189663125202,128
lot_paper_domain_matched__v1,candidate,reasoning,instr_only,27,mmd_rbf,0.006372570525854826,128
lot_paper_domain_matched__v1,candidate,reasoning,instr_only,27,projected_js,0.06026622641365975,128
lot_paper_domain_matched__v1,candidate,reasoning,instr_only,28,mmd_rbf,0.0069911181926727295,128
lot_paper_domain_matched__v1,candidate,reasoning,instr_only,28,projected_js,0.05760347141767852,128
lot_paper_domain_matched__v1,candidate,reasoning,instr_only,29,mmd_rbf,0.007279419340193272,128
lot_paper_domain_matched__v1,candidate,reasoning,instr_only,29,projected_js,0.06061955279437825,128
lot_paper_domain_matched__v1,candidate,reasoning,instr_only,30,mmd_rbf,0.007792328484356403,128
lot_paper_domain_matched__v1,candidate,reasoning,instr_only,30,projected_js,0.06018699501873925,128
lot_paper_domain_matched__v1,candidate,reasoning,instr_only,31,mmd_rbf,0.00845341570675373,128
lot_paper_domain_matched__v1,candidate,reasoning,instr_only,31,projected_js,0.06315986614208668,128
lot_paper_domain_matched__v1,candidate,reasoning,instr_only,32,mmd_rbf,0.00851442664861679,128
lot_paper_domain_matched__v1,candidate,reasoning,instr_only,32,projected_js,0.06179933744715527,128
lot_paper_domain_matched__v1,candidate,reasoning,instr_only,33,mmd_rbf,0.008724506013095379,128
lot_paper_domain_matched__v1,candidate,reasoning,instr_only,33,projected_js,0.06164819188416004,128
lot_paper_domain_matched__v1,candidate,reasoning,instr_only,34,mmd_rbf,0.010473762638866901,128
lot_paper_domain_matched__v1,candidate,reasoning,instr_only,34,projected_js,0.06324362446321175,128
lot_paper_domain_matched__v1,candidate,reasoning,instr_only,35,mmd_rbf,0.045282211154699326,128
lot_paper_domain_matched__v1,candidate,reasoning,instr_only,35,projected_js,0.09039157791994512,128
lot_paper_domain_matched__v1,candidate,reasoning,reasoning_only,0,mmd_rbf,0.0028860389720648527,128
lot_paper_domain_matched__v1,candidate,reasoning,reasoning_only,0,projected_js,0.039923662538058124,128
lot_paper_domain_matched__v1,candidate,reasoning,reasoning_only,1,mmd_rbf,0.003691206919029355,128
lot_paper_domain_matched__v1,candidate,reasoning,reasoning_only,1,projected_js,0.04317103812354617,128
lot_paper_domain_matched__v1,candidate,reasoning,reasoning_only,2,mmd_rbf,0.004396351519972086,128
lot_paper_domain_matched__v1,candidate,reasoning,reasoning_only,2,projected_js,0.04621420064358972,128
lot_paper_domain_matched__v1,candidate,reasoning,reasoning_only,3,mmd_rbf,0.00467256223782897,128
lot_paper_domain_matched__v1,candidate,reasoning,reasoning_only,3,projected_js,0.05108517414191738,128
lot_paper_domain_matched__v1,candidate,reasoning,reasoning_only,4,mmd_rbf,0.004057168494910002,128
lot_paper_domain_matched__v1,candidate,reasoning,reasoning_only,4,projected_js,0.050287050631595775,128
lot_paper_domain_matched__v1,candidate,reasoning,reasoning_only,5,mmd_rbf,0.003546440741047263,128
lot_paper_domain_matched__v1,candidate,reasoning,reasoning_only,5,projected_js,0.04937712653190829,128
lot_paper_domain_matched__v1,candidate,reasoning,reasoning_only,6,mmd_rbf,0.003048876067623496,128
lot_paper_domain_matched__v1,candidate,reasoning,reasoning_only,6,projected_js,0.05211805354338139,128
lot_paper_domain_matched__v1,candidate,reasoning,reasoning_only,7,mmd_rbf,0.003393556922674179,128
lot_paper_domain_matched__v1,candidate,reasoning,reasoning_only,7,projected_js,0.052975972881540656,128
lot_paper_domain_matched__v1,candidate,reasoning,reasoning_only,8,mmd_rbf,0.0031174425967037678,128
lot_paper_domain_matched__v1,candidate,reasoning,reasoning_only,8,projected_js,0.053894093551207334,128
lot_paper_domain_matched__v1,candidate,reasoning,reasoning_only,9,mmd_rbf,0.0031563309021294117,128
lot_paper_domain_matched__v1,candidate,reasoning,reasoning_only,9,projected_js,0.053959652315825224,128
lot_paper_domain_matched__v1,candidate,reasoning,reasoning_only,10,mmd_rbf,0.003398106200620532,128
lot_paper_domain_matched__v1,candidate,reasoning,reasoning_only,10,projected_js,0.05299839924555272,128
lot_paper_domain_matched__v1,candidate,reasoning,reasoning_only,11,mmd_rbf,0.0032858781050890684,128
lot_paper_domain_matched__v1,candidate,reasoning,reasoning_only,11,projected_js,0.0512010183010716,128
lot_paper_domain_matched__v1,candidate,reasoning,reasoning_only,12,mmd_rbf,0.0032358267344534397,128
lot_paper_domain_matched__v1,candidate,reasoning,reasoning_only,12,projected_js,0.05526503242435865,128
lot_paper_domain_matched__v1,candidate,reasoning,reasoning_only,13,mmd_rbf,0.003214259399101138,128
lot_paper_domain_matched__v1,candidate,reasoning,reasoning_only,13,projected_js,0.05608763682539575,128
lot_paper_domain_matched__v1,candidate,reasoning,reasoning_only,14,mmd_rbf,0.0031565825920552015,128
lot_paper_domain_matched__v1,candidate,reasoning,reasoning_only,14,projected_js,0.05409778223838657,128
lot_paper_domain_matched__v1,candidate,reasoning,reasoning_only,15,mmd_rbf,0.003402580274268985,128
lot_paper_domain_matched__v1,candidate,reasoning,reasoning_only,15,projected_js,0.057087867928203195,128
lot_paper_domain_matched__v1,candidate,reasoning,reasoning_only,16,mmd_rbf,0.0037094485014677048,128
lot_paper_domain_matched__v1,candidate,reasoning,reasoning_only,16,projected_js,0.05666354994173162,128
lot_paper_domain_matched__v1,candidate,reasoning,reasoning_only,17,mmd_rbf,0.00358242797665298,128
lot_paper_domain_matched__v1,candidate,reasoning,reasoning_only,17,projected_js,0.0511638633615803,128
lot_paper_domain_matched__v1,candidate,reasoning,reasoning_only,18,mmd_rbf,0.003975861705839634,128
lot_paper_domain_matched__v1,candidate,reasoning,reasoning_only,18,projected_js,0.056263683014549315,128
lot_paper_domain_matched__v1,candidate,reasoning,reasoning_only,19,mmd_rbf,0.003771316260099411,128
lot_paper_domain_matched__v1,candidate,reasoning,reasoning_only,19,projected_js,0.05589660973055288,128
lot_paper_domain_matched__v1,candidate,reasoning,reasoning_only,20,mmd_rbf,0.003595098154619336,128
lot_paper_domain_matched__v1,candidate,reasoning,reasoning_only,20,projected_js,0.05840777716366574,128
lot_paper_domain_matched__v1,candidate,reasoning,reasoning_only,21,mmd_rbf,0.003929215017706156,128
lot_paper_domain_matched__v1,candidate,reasoning,reasoning_only,21,projected_js,0.05564576786127873,128
lot_paper_domain_matched__v1,candidate,reasoning,reasoning_only,22,mmd_rbf,0.003455330152064562,128
lot_paper_domain_matched__v1,candidate,reasoning,reasoning_only,22,projected_js,0.05617296730633825,128
lot_paper_domain_matched__v1,candidate,reasoning,reasoning_only,23,mmd_rbf,0.002885180525481701,128
lot_paper_domain_matched__v1,candidate,reasoning,reasoning_only,23,projected_js,0.05313388828653842,128
lot_paper_domain_matched__v1,candidate,reasoning,reasoning_only,24,mmd_rbf,0.002762923715636134,128
lot_paper_domain_matched__v1,candidate,reasoning,reasoning_only,24,projected_js,0.05666283951723017,128
lot_paper_domain_matched__v1,candidate,reasoning,reasoning_only,25,mmd_rbf,0.0025069755502045155,128
lot_paper_domain_matched__v1,candidate,reasoning,reasoning_only,25,projected_js,0.05362257667002268,128
lot_paper_domain_matched__v1,candidate,reasoning,reasoning_only,26,mmd_rbf,0.002403469057753682,128
lot_paper_domain_matched__v1,candidate,reasoning,reasoning_only,26,projected_js,0.05342966684838757,128
lot_paper_domain_matched__v1,candidate,reasoning,reasoning_only,27,mmd_rbf,0.0023880526423454285,128
lot_paper_domain_matched__v1,candidate,reasoning,reasoning_only,27,projected_js,0.05258377504651435,128
lot_paper_domain_matched__v1,candidate,reasoning,reasoning_only,28,mmd_rbf,0.0024493427481502295,128
lot_paper_domain_matched__v1,candidate,reasoning,reasoning_only,28,projected_js,0.04992470721481368,128
lot_paper_domain_matched__v1,candidate,reasoning,reasoning_only,29,mmd_rbf,0.0024549521040171385,128
lot_paper_domain_matched__v1,candidate,reasoning,reasoning_only,29,projected_js,0.057874203484971076,128
lot_paper_domain_matched__v1,candidate,reasoning,reasoning_only,30,mmd_rbf,0.0025108056142926216,128
lot_paper_domain_matched__v1,candidate,reasoning,reasoning_only,30,projected_js,0.05507971951738,128
lot_paper_domain_matched__v1,candidate,reasoning,reasoning_only,31,mmd_rbf,0.0025440070312470198,128
lot_paper_domain_matched__v1,candidate,reasoning,reasoning_only,31,projected_js,0.057008649717317894,128
lot_paper_domain_matched__v1,candidate,reasoning,reasoning_only,32,mmd_rbf,0.0026460611261427402,128
lot_paper_domain_matched__v1,candidate,reasoning,reasoning_only,32,projected_js,0.054881679243408144,128
lot_paper_domain_matched__v1,candidate,reasoning,reasoning_only,33,mmd_rbf,0.0027784816920757294,128
lot_paper_domain_matched__v1,candidate,reasoning,reasoning_only,33,projected_js,0.055649554677074775,128
lot_paper_domain_matched__v1,candidate,reasoning,reasoning_only,34,mmd_rbf,0.0031054250430315733,128
lot_paper_domain_matched__v1,candidate,reasoning,reasoning_only,34,projected_js,0.05437732028076425,128
lot_paper_domain_matched__v1,candidate,reasoning,reasoning_only,35,mmd_rbf,0.01247378345578909,128
lot_paper_domain_matched__v1,candidate,reasoning,reasoning_only,35,projected_js,0.06105270329862833,128
lot_paper_domain_matched__v1,candidate,reasoning,uncensored_only,0,mmd_rbf,0.004174578469246626,128
lot_paper_domain_matched__v1,candidate,reasoning,uncensored_only,0,projected_js,0.04570598647114821,128
lot_paper_domain_matched__v1,candidate,reasoning,uncensored_only,1,mmd_rbf,0.08367737382650375,128
lot_paper_domain_matched__v1,candidate,reasoning,uncensored_only,1,projected_js,0.1234028231119737,128
lot_paper_domain_matched__v1,candidate,reasoning,uncensored_only,2,mmd_rbf,0.08544297516345978,128
lot_paper_domain_matched__v1,candidate,reasoning,uncensored_only,2,projected_js,0.11812421574722975,128
lot_paper_domain_matched__v1,candidate,reasoning,uncensored_only,3,mmd_rbf,0.06876577436923981,128
lot_paper_domain_matched__v1,candidate,reasoning,uncensored_only,3,projected_js,0.10747799946693704,128
lot_paper_domain_matched__v1,candidate,reasoning,uncensored_only,4,mmd_rbf,0.04711529612541199,128
lot_paper_domain_matched__v1,candidate,reasoning,uncensored_only,4,projected_js,0.09895837248768657,128
lot_paper_domain_matched__v1,candidate,reasoning,uncensored_only,5,mmd_rbf,0.03405873849987984,128
lot_paper_domain_matched__v1,candidate,reasoning,uncensored_only,5,projected_js,0.08744038545410149,128
lot_paper_domain_matched__v1,candidate,reasoning,uncensored_only,6,mmd_rbf,0.02139296941459179,128
lot_paper_domain_matched__v1,candidate,reasoning,uncensored_only,6,projected_js,0.07694658171385527,128
lot_paper_domain_matched__v1,candidate,reasoning,uncensored_only,7,mmd_rbf,0.019497571513056755,128
lot_paper_domain_matched__v1,candidate,reasoning,uncensored_only,7,projected_js,0.0763703805860132,128
lot_paper_domain_matched__v1,candidate,reasoning,uncensored_only,8,mmd_rbf,0.01569688692688942,128
lot_paper_domain_matched__v1,candidate,reasoning,uncensored_only,8,projected_js,0.07077909592771903,128
lot_paper_domain_matched__v1,candidate,reasoning,uncensored_only,9,mmd_rbf,0.014037290588021278,128
lot_paper_domain_matched__v1,candidate,reasoning,uncensored_only,9,projected_js,0.06413551286095753,128
lot_paper_domain_matched__v1,candidate,reasoning,uncensored_only,10,mmd_rbf,0.01315488200634718,128
lot_paper_domain_matched__v1,candidate,reasoning,uncensored_only,10,projected_js,0.06439883369603194,128
lot_paper_domain_matched__v1,candidate,reasoning,uncensored_only,11,mmd_rbf,0.011483730748295784,128
lot_paper_domain_matched__v1,candidate,reasoning,uncensored_only,11,projected_js,0.06593927362700924,128
lot_paper_domain_matched__v1,candidate,reasoning,uncensored_only,12,mmd_rbf,0.011474396102130413,128
lot_paper_domain_matched__v1,candidate,reasoning,uncensored_only,12,projected_js,0.06733955413801596,128
lot_paper_domain_matched__v1,candidate,reasoning,uncensored_only,13,mmd_rbf,0.012290305458009243,128
lot_paper_domain_matched__v1,candidate,reasoning,uncensored_only,13,projected_js,0.0677933149272576,128
lot_paper_domain_matched__v1,candidate,reasoning,uncensored_only,14,mmd_rbf,0.012683051638305187,128
lot_paper_domain_matched__v1,candidate,reasoning,uncensored_only,14,projected_js,0.06529552064603195,128
lot_paper_domain_matched__v1,candidate,reasoning,uncensored_only,15,mmd_rbf,0.015303119085729122,128
lot_paper_domain_matched__v1,candidate,reasoning,uncensored_only,15,projected_js,0.0669228327460587,128
lot_paper_domain_matched__v1,candidate,reasoning,uncensored_only,16,mmd_rbf,0.015907051041722298,128
lot_paper_domain_matched__v1,candidate,reasoning,uncensored_only,16,projected_js,0.0675135581404902,128
lot_paper_domain_matched__v1,candidate,reasoning,uncensored_only,17,mmd_rbf,0.015366889536380768,128
lot_paper_domain_matched__v1,candidate,reasoning,uncensored_only,17,projected_js,0.0660141178232152,128
lot_paper_domain_matched__v1,candidate,reasoning,uncensored_only,18,mmd_rbf,0.016106892377138138,128
lot_paper_domain_matched__v1,candidate,reasoning,uncensored_only,18,projected_js,0.07267364498693496,128
lot_paper_domain_matched__v1,candidate,reasoning,uncensored_only,19,mmd_rbf,0.015115673653781414,128
lot_paper_domain_matched__v1,candidate,reasoning,uncensored_only,19,projected_js,0.06802898808382452,128
lot_paper_domain_matched__v1,candidate,reasoning,uncensored_only,20,mmd_rbf,0.015045776031911373,128
lot_paper_domain_matched__v1,candidate,reasoning,uncensored_only,20,projected_js,0.0698326206766069,128
lot_paper_domain_matched__v1,candidate,reasoning,uncensored_only,21,mmd_rbf,0.015572029165923595,128
lot_paper_domain_matched__v1,candidate,reasoning,uncensored_only,21,projected_js,0.07259309518849477,128
lot_paper_domain_matched__v1,candidate,reasoning,uncensored_only,22,mmd_rbf,0.014745980501174927,128
lot_paper_domain_matched__v1,candidate,reasoning,uncensored_only,22,projected_js,0.06724450527690351,128
lot_paper_domain_matched__v1,candidate,reasoning,uncensored_only,23,mmd_rbf,0.013872322626411915,128
lot_paper_domain_matched__v1,candidate,reasoning,uncensored_only,23,projected_js,0.06837487209122628,128
lot_paper_domain_matched__v1,candidate,reasoning,uncensored_only,24,mmd_rbf,0.014259439893066883,128
lot_paper_domain_matched__v1,candidate,reasoning,uncensored_only,24,projected_js,0.06967493251431733,128
lot_paper_domain_matched__v1,candidate,reasoning,uncensored_only,25,mmd_rbf,0.014494827948510647,128
lot_paper_domain_matched__v1,candidate,reasoning,uncensored_only,25,projected_js,0.071473473100923,128
lot_paper_domain_matched__v1,candidate,reasoning,uncensored_only,26,mmd_rbf,0.014570859260857105,128
lot_paper_domain_matched__v1,candidate,reasoning,uncensored_only,26,projected_js,0.07232054829364643,128
lot_paper_domain_matched__v1,candidate,reasoning,uncensored_only,27,mmd_rbf,0.014677434228360653,128
lot_paper_domain_matched__v1,candidate,reasoning,uncensored_only,27,projected_js,0.07173744554165751,128
lot_paper_domain_matched__v1,candidate,reasoning,uncensored_only,28,mmd_rbf,0.014657239429652691,128
lot_paper_domain_matched__v1,candidate,reasoning,uncensored_only,28,projected_js,0.06852044223342091,128
lot_paper_domain_matched__v1,candidate,reasoning,uncensored_only,29,mmd_rbf,0.015165075659751892,128
lot_paper_domain_matched__v1,candidate,reasoning,uncensored_only,29,projected_js,0.06976673594908789,128
lot_paper_domain_matched__v1,candidate,reasoning,uncensored_only,30,mmd_rbf,0.01591920480132103,128
lot_paper_domain_matched__v1,candidate,reasoning,uncensored_only,30,projected_js,0.06920747389085591,128
lot_paper_domain_matched__v1,candidate,reasoning,uncensored_only,31,mmd_rbf,0.016263751313090324,128
lot_paper_domain_matched__v1,candidate,reasoning,uncensored_only,31,projected_js,0.06947833311278373,128
lot_paper_domain_matched__v1,candidate,reasoning,uncensored_only,32,mmd_rbf,0.015989329665899277,128
lot_paper_domain_matched__v1,candidate,reasoning,uncensored_only,32,projected_js,0.06783325038850307,128
lot_paper_domain_matched__v1,candidate,reasoning,uncensored_only,33,mmd_rbf,0.016271010041236877,128
lot_paper_domain_matched__v1,candidate,reasoning,uncensored_only,33,projected_js,0.0713787853019312,128
lot_paper_domain_matched__v1,candidate,reasoning,uncensored_only,34,mmd_rbf,0.017659489065408707,128
lot_paper_domain_matched__v1,candidate,reasoning,uncensored_only,34,projected_js,0.06746325391577557,128
lot_paper_domain_matched__v1,candidate,reasoning,uncensored_only,35,mmd_rbf,0.0520491860806942,128
lot_paper_domain_matched__v1,candidate,reasoning,uncensored_only,35,projected_js,0.09734415332786739,128
lot_paper_domain_matched__v1,candidate,uncensored_refusal_like,base,0,mmd_rbf,0.016883045434951782,128
lot_paper_domain_matched__v1,candidate,uncensored_refusal_like,base,0,projected_js,0.06626626232173294,128
lot_paper_domain_matched__v1,candidate,uncensored_refusal_like,base,1,mmd_rbf,0.039739977568387985,128
lot_paper_domain_matched__v1,candidate,uncensored_refusal_like,base,1,projected_js,0.08579209010349587,128
lot_paper_domain_matched__v1,candidate,uncensored_refusal_like,base,2,mmd_rbf,0.040453508496284485,128
lot_paper_domain_matched__v1,candidate,uncensored_refusal_like,base,2,projected_js,0.08093043544795364,128
lot_paper_domain_matched__v1,candidate,uncensored_refusal_like,base,3,mmd_rbf,0.05281361564993858,128
lot_paper_domain_matched__v1,candidate,uncensored_refusal_like,base,3,projected_js,0.10929236694937572,128
lot_paper_domain_matched__v1,candidate,uncensored_refusal_like,base,4,mmd_rbf,0.046610403805971146,128
lot_paper_domain_matched__v1,candidate,uncensored_refusal_like,base,4,projected_js,0.10091786499833688,128
lot_paper_domain_matched__v1,candidate,uncensored_refusal_like,base,5,mmd_rbf,0.042074866592884064,128
lot_paper_domain_matched__v1,candidate,uncensored_refusal_like,base,5,projected_js,0.09113594907103106,128
lot_paper_domain_matched__v1,candidate,uncensored_refusal_like,base,6,mmd_rbf,0.03247072175145149,128
lot_paper_domain_matched__v1,candidate,uncensored_refusal_like,base,6,projected_js,0.08476290671387687,128
lot_paper_domain_matched__v1,candidate,uncensored_refusal_like,base,7,mmd_rbf,0.02887198142707348,128
lot_paper_domain_matched__v1,candidate,uncensored_refusal_like,base,7,projected_js,0.07885886274743825,128
lot_paper_domain_matched__v1,candidate,uncensored_refusal_like,base,8,mmd_rbf,0.025532349944114685,128
lot_paper_domain_matched__v1,candidate,uncensored_refusal_like,base,8,projected_js,0.07965347915887833,128
lot_paper_domain_matched__v1,candidate,uncensored_refusal_like,base,9,mmd_rbf,0.028622373938560486,128
lot_paper_domain_matched__v1,candidate,uncensored_refusal_like,base,9,projected_js,0.08029566373443231,128
lot_paper_domain_matched__v1,candidate,uncensored_refusal_like,base,10,mmd_rbf,0.030830496922135353,128
lot_paper_domain_matched__v1,candidate,uncensored_refusal_like,base,10,projected_js,0.07990062882890925,128
lot_paper_domain_matched__v1,candidate,uncensored_refusal_like,base,11,mmd_rbf,0.03396763280034065,128
lot_paper_domain_matched__v1,candidate,uncensored_refusal_like,base,11,projected_js,0.08797469100682065,128
lot_paper_domain_matched__v1,candidate,uncensored_refusal_like,base,12,mmd_rbf,0.039095427840948105,128
lot_paper_domain_matched__v1,candidate,uncensored_refusal_like,base,12,projected_js,0.0927195357508026,128
lot_paper_domain_matched__v1,candidate,uncensored_refusal_like,base,13,mmd_rbf,0.04535754397511482,128
lot_paper_domain_matched__v1,candidate,uncensored_refusal_like,base,13,projected_js,0.0981459331815131,128
lot_paper_domain_matched__v1,candidate,uncensored_refusal_like,base,14,mmd_rbf,0.048012733459472656,128
lot_paper_domain_matched__v1,candidate,uncensored_refusal_like,base,14,projected_js,0.09745504567399621,128
lot_paper_domain_matched__v1,candidate,uncensored_refusal_like,base,15,mmd_rbf,0.05370377376675606,128
lot_paper_domain_matched__v1,candidate,uncensored_refusal_like,base,15,projected_js,0.09219503606436774,128
lot_paper_domain_matched__v1,candidate,uncensored_refusal_like,base,16,mmd_rbf,0.05181204900145531,128
lot_paper_domain_matched__v1,candidate,uncensored_refusal_like,base,16,projected_js,0.08840483182575554,128
lot_paper_domain_matched__v1,candidate,uncensored_refusal_like,base,17,mmd_rbf,0.0511469841003418,128
lot_paper_domain_matched__v1,candidate,uncensored_refusal_like,base,17,projected_js,0.09266925131669268,128
lot_paper_domain_matched__v1,candidate,uncensored_refusal_like,base,18,mmd_rbf,0.05247538164258003,128
lot_paper_domain_matched__v1,candidate,uncensored_refusal_like,base,18,projected_js,0.0986796406796202,128
lot_paper_domain_matched__v1,candidate,uncensored_refusal_like,base,19,mmd_rbf,0.05246080085635185,128
lot_paper_domain_matched__v1,candidate,uncensored_refusal_like,base,19,projected_js,0.09258884415612556,128
lot_paper_domain_matched__v1,candidate,uncensored_refusal_like,base,20,mmd_rbf,0.05828719958662987,128
lot_paper_domain_matched__v1,candidate,uncensored_refusal_like,base,20,projected_js,0.09787828929256648,128
lot_paper_domain_matched__v1,candidate,uncensored_refusal_like,base,21,mmd_rbf,0.062017060816287994,128
lot_paper_domain_matched__v1,candidate,uncensored_refusal_like,base,21,projected_js,0.09379740932490677,128
lot_paper_domain_matched__v1,candidate,uncensored_refusal_like,base,22,mmd_rbf,0.06509799510240555,128
lot_paper_domain_matched__v1,candidate,uncensored_refusal_like,base,22,projected_js,0.10673910460900515,128
lot_paper_domain_matched__v1,candidate,uncensored_refusal_like,base,23,mmd_rbf,0.06457208096981049,128
lot_paper_domain_matched__v1,candidate,uncensored_refusal_like,base,23,projected_js,0.10433650045888498,128
lot_paper_domain_matched__v1,candidate,uncensored_refusal_like,base,24,mmd_rbf,0.062075432389974594,128
lot_paper_domain_matched__v1,candidate,uncensored_refusal_like,base,24,projected_js,0.10746021324303001,128
lot_paper_domain_matched__v1,candidate,uncensored_refusal_like,base,25,mmd_rbf,0.06243631988763809,128
lot_paper_domain_matched__v1,candidate,uncensored_refusal_like,base,25,projected_js,0.10134109092177823,128
lot_paper_domain_matched__v1,candidate,uncensored_refusal_like,base,26,mmd_rbf,0.06329429894685745,128
lot_paper_domain_matched__v1,candidate,uncensored_refusal_like,base,26,projected_js,0.10543950565624982,128
lot_paper_domain_matched__v1,candidate,uncensored_refusal_like,base,27,mmd_rbf,0.06416239589452744,128
lot_paper_domain_matched__v1,candidate,uncensored_refusal_like,base,27,projected_js,0.11193959118099883,128
lot_paper_domain_matched__v1,candidate,uncensored_refusal_like,base,28,mmd_rbf,0.062461476773023605,128
lot_paper_domain_matched__v1,candidate,uncensored_refusal_like,base,28,projected_js,0.11185550718801096,128
lot_paper_domain_matched__v1,candidate,uncensored_refusal_like,base,29,mmd_rbf,0.059033896774053574,128
lot_paper_domain_matched__v1,candidate,uncensored_refusal_like,base,29,projected_js,0.10740323940990493,128
lot_paper_domain_matched__v1,candidate,uncensored_refusal_like,base,30,mmd_rbf,0.059243686497211456,128
lot_paper_domain_matched__v1,candidate,uncensored_refusal_like,base,30,projected_js,0.10595839383313432,128
lot_paper_domain_matched__v1,candidate,uncensored_refusal_like,base,31,mmd_rbf,0.058431100100278854,128
lot_paper_domain_matched__v1,candidate,uncensored_refusal_like,base,31,projected_js,0.10168417153181508,128
lot_paper_domain_matched__v1,candidate,uncensored_refusal_like,base,32,mmd_rbf,0.059847068041563034,128
lot_paper_domain_matched__v1,candidate,uncensored_refusal_like,base,32,projected_js,0.10026792279677466,128
lot_paper_domain_matched__v1,candidate,uncensored_refusal_like,base,33,mmd_rbf,0.05889953300356865,128
lot_paper_domain_matched__v1,candidate,uncensored_refusal_like,base,33,projected_js,0.10010727087501436,128
lot_paper_domain_matched__v1,candidate,uncensored_refusal_like,base,34,mmd_rbf,0.08017291873693466,128
lot_paper_domain_matched__v1,candidate,uncensored_refusal_like,base,34,projected_js,0.12258684122934937,128
lot_paper_domain_matched__v1,candidate,uncensored_refusal_like,base,35,mmd_rbf,0.22509603202342987,128
lot_paper_domain_matched__v1,candidate,uncensored_refusal_like,base,35,projected_js,0.2524417482782155,128
lot_paper_domain_matched__v1,candidate,uncensored_refusal_like,instr_only,0,mmd_rbf,0.010365629568696022,128
lot_paper_domain_matched__v1,candidate,uncensored_refusal_like,instr_only,0,projected_js,0.05972659451072104,128
lot_paper_domain_matched__v1,candidate,uncensored_refusal_like,instr_only,1,mmd_rbf,0.034661196172237396,128
lot_paper_domain_matched__v1,candidate,uncensored_refusal_like,instr_only,1,projected_js,0.08712767105316743,128
lot_paper_domain_matched__v1,candidate,uncensored_refusal_like,instr_only,2,mmd_rbf,0.03447752445936203,128
lot_paper_domain_matched__v1,candidate,uncensored_refusal_like,instr_only,2,projected_js,0.08235878049163148,128
lot_paper_domain_matched__v1,candidate,uncensored_refusal_like,instr_only,3,mmd_rbf,0.03089296631515026,128
lot_paper_domain_matched__v1,candidate,uncensored_refusal_like,instr_only,3,projected_js,0.08516462036641315,128
lot_paper_domain_matched__v1,candidate,uncensored_refusal_like,instr_only,4,mmd_rbf,0.023375803604722023,128
lot_paper_domain_matched__v1,candidate,uncensored_refusal_like,instr_only,4,projected_js,0.08066725975368172,128
lot_paper_domain_matched__v1,candidate,uncensored_refusal_like,instr_only,5,mmd_rbf,0.0181819386780262,128
lot_paper_domain_matched__v1,candidate,uncensored_refusal_like,instr_only,5,projected_js,0.06614028228796087,128
lot_paper_domain_matched__v1,candidate,uncensored_refusal_like,instr_only,6,mmd_rbf,0.012861519120633602,128
lot_paper_domain_matched__v1,candidate,uncensored_refusal_like,instr_only,6,projected_js,0.0651725334173534,128
lot_paper_domain_matched__v1,candidate,uncensored_refusal_like,instr_only,7,mmd_rbf,0.010660827159881592,128
lot_paper_domain_matched__v1,candidate,uncensored_refusal_like,instr_only,7,projected_js,0.06325392966391519,128
lot_paper_domain_matched__v1,candidate,uncensored_refusal_like,instr_only,8,mmd_rbf,0.007804477121680975,128
lot_paper_domain_matched__v1,candidate,uncensored_refusal_like,instr_only,8,projected_js,0.06263282633153722,128
lot_paper_domain_matched__v1,candidate,uncensored_refusal_like,instr_only,9,mmd_rbf,0.00694211944937706,128
lot_paper_domain_matched__v1,candidate,uncensored_refusal_like,instr_only,9,projected_js,0.06379705009749159,128
lot_paper_domain_matched__v1,candidate,uncensored_refusal_like,instr_only,10,mmd_rbf,0.006622351706027985,128
lot_paper_domain_matched__v1,candidate,uncensored_refusal_like,instr_only,10,projected_js,0.06304599173017778,128
lot_paper_domain_matched__v1,candidate,uncensored_refusal_like,instr_only,11,mmd_rbf,0.006388126406818628,128
lot_paper_domain_matched__v1,candidate,uncensored_refusal_like,instr_only,11,projected_js,0.0603030389174819,128
lot_paper_domain_matched__v1,candidate,uncensored_refusal_like,instr_only,12,mmd_rbf,0.0071393996477127075,128
lot_paper_domain_matched__v1,candidate,uncensored_refusal_like,instr_only,12,projected_js,0.06307188863866031,128
lot_paper_domain_matched__v1,candidate,uncensored_refusal_like,instr_only,13,mmd_rbf,0.008199979551136494,128
lot_paper_domain_matched__v1,candidate,uncensored_refusal_like,instr_only,13,projected_js,0.06080976588418707,128
lot_paper_domain_matched__v1,candidate,uncensored_refusal_like,instr_only,14,mmd_rbf,0.00875834934413433,128
lot_paper_domain_matched__v1,candidate,uncensored_refusal_like,instr_only,14,projected_js,0.06089748896192759,128
lot_paper_domain_matched__v1,candidate,uncensored_refusal_like,instr_only,15,mmd_rbf,0.01116766408085823,128
lot_paper_domain_matched__v1,candidate,uncensored_refusal_like,instr_only,15,projected_js,0.06533998512895778,128
lot_paper_domain_matched__v1,candidate,uncensored_refusal_like,instr_only,16,mmd_rbf,0.011102323420345783,128
lot_paper_domain_matched__v1,candidate,uncensored_refusal_like,instr_only,16,projected_js,0.067912089638412,128
lot_paper_domain_matched__v1,candidate,uncensored_refusal_like,instr_only,17,mmd_rbf,0.011307170614600182,128
lot_paper_domain_matched__v1,candidate,uncensored_refusal_like,instr_only,17,projected_js,0.06274655280867592,128
lot_paper_domain_matched__v1,candidate,uncensored_refusal_like,instr_only,18,mmd_rbf,0.012088287621736526,128
lot_paper_domain_matched__v1,candidate,uncensored_refusal_like,instr_only,18,projected_js,0.06554611533647403,128
lot_paper_domain_matched__v1,candidate,uncensored_refusal_like,instr_only,19,mmd_rbf,0.0121159041300416,128
lot_paper_domain_matched__v1,candidate,uncensored_refusal_like,instr_only,19,projected_js,0.06175519124371931,128
lot_paper_domain_matched__v1,candidate,uncensored_refusal_like,instr_only,20,mmd_rbf,0.012588676996529102,128
lot_paper_domain_matched__v1,candidate,uncensored_refusal_like,instr_only,20,projected_js,0.06623006926383823,128
lot_paper_domain_matched__v1,candidate,uncensored_refusal_like,instr_only,21,mmd_rbf,0.013154185377061367,128
lot_paper_domain_matched__v1,candidate,uncensored_refusal_like,instr_only,21,projected_js,0.06171458726748824,128
lot_paper_domain_matched__v1,candidate,uncensored_refusal_like,instr_only,22,mmd_rbf,0.013230974785983562,128
lot_paper_domain_matched__v1,candidate,uncensored_refusal_like,instr_only,22,projected_js,0.06641227891668677,128
lot_paper_domain_matched__v1,candidate,uncensored_refusal_like,instr_only,23,mmd_rbf,0.01239524595439434,128
lot_paper_domain_matched__v1,candidate,uncensored_refusal_like,instr_only,23,projected_js,0.06848220736719668,128
lot_paper_domain_matched__v1,candidate,uncensored_refusal_like,instr_only,24,mmd_rbf,0.013388332910835743,128
lot_paper_domain_matched__v1,candidate,uncensored_refusal_like,instr_only,24,projected_js,0.0704220007173717,128
lot_paper_domain_matched__v1,candidate,uncensored_refusal_like,instr_only,25,mmd_rbf,0.01491622906178236,128
lot_paper_domain_matched__v1,candidate,uncensored_refusal_like,instr_only,25,projected_js,0.06859623402124271,128
lot_paper_domain_matched__v1,candidate,uncensored_refusal_like,instr_only,26,mmd_rbf,0.016139982268214226,128
lot_paper_domain_matched__v1,candidate,uncensored_refusal_like,instr_only,26,projected_js,0.06925765215419233,128
lot_paper_domain_matched__v1,candidate,uncensored_refusal_like,instr_only,27,mmd_rbf,0.016843995079398155,128
lot_paper_domain_matched__v1,candidate,uncensored_refusal_like,instr_only,27,projected_js,0.06997291161678731,128
lot_paper_domain_matched__v1,candidate,uncensored_refusal_like,instr_only,28,mmd_rbf,0.01605704054236412,128
lot_paper_domain_matched__v1,candidate,uncensored_refusal_like,instr_only,28,projected_js,0.07159492187201977,128
lot_paper_domain_matched__v1,candidate,uncensored_refusal_like,instr_only,29,mmd_rbf,0.01489302795380354,128
lot_paper_domain_matched__v1,candidate,uncensored_refusal_like,instr_only,29,projected_js,0.0704204342328012,128
lot_paper_domain_matched__v1,candidate,uncensored_refusal_like,instr_only,30,mmd_rbf,0.015024733729660511,128
lot_paper_domain_matched__v1,candidate,uncensored_refusal_like,instr_only,30,projected_js,0.06820736749796197,128
lot_paper_domain_matched__v1,candidate,uncensored_refusal_like,instr_only,31,mmd_rbf,0.01446855254471302,128
lot_paper_domain_matched__v1,candidate,uncensored_refusal_like,instr_only,31,projected_js,0.07003060728311539,128
lot_paper_domain_matched__v1,candidate,uncensored_refusal_like,instr_only,32,mmd_rbf,0.014055872336030006,128
lot_paper_domain_matched__v1,candidate,uncensored_refusal_like,instr_only,32,projected_js,0.06851468357490376,128
lot_paper_domain_matched__v1,candidate,uncensored_refusal_like,instr_only,33,mmd_rbf,0.013117915950715542,128
lot_paper_domain_matched__v1,candidate,uncensored_refusal_like,instr_only,33,projected_js,0.06641503068385646,128
lot_paper_domain_matched__v1,candidate,uncensored_refusal_like,instr_only,34,mmd_rbf,0.013215591199696064,128
lot_paper_domain_matched__v1,candidate,uncensored_refusal_like,instr_only,34,projected_js,0.06980432907585055,128
lot_paper_domain_matched__v1,candidate,uncensored_refusal_like,instr_only,35,mmd_rbf,0.0146036297082901,128
lot_paper_domain_matched__v1,candidate,uncensored_refusal_like,instr_only,35,projected_js,0.06927421916043386,128
lot_paper_domain_matched__v1,candidate,uncensored_refusal_like,reasoning_only,0,mmd_rbf,0.03167802095413208,128
lot_paper_domain_matched__v1,candidate,uncensored_refusal_like,reasoning_only,0,projected_js,0.10981734126107767,128
lot_paper_domain_matched__v1,candidate,uncensored_refusal_like,reasoning_only,1,mmd_rbf,0.059152185916900635,128
lot_paper_domain_matched__v1,candidate,uncensored_refusal_like,reasoning_only,1,projected_js,0.11406977730803192,128
lot_paper_domain_matched__v1,candidate,uncensored_refusal_like,reasoning_only,2,mmd_rbf,0.06440678983926773,128
lot_paper_domain_matched__v1,candidate,uncensored_refusal_like,reasoning_only,2,projected_js,0.11185690056299791,128
lot_paper_domain_matched__v1,candidate,uncensored_refusal_like,reasoning_only,3,mmd_rbf,0.07122337818145752,128
lot_paper_domain_matched__v1,candidate,uncensored_refusal_like,reasoning_only,3,projected_js,0.11744516843464226,128
lot_paper_domain_matched__v1,candidate,uncensored_refusal_like,reasoning_only,4,mmd_rbf,0.06694759428501129,128
lot_paper_domain_matched__v1,candidate,uncensored_refusal_like,reasoning_only,4,projected_js,0.1322058645891957,128
lot_paper_domain_matched__v1,candidate,uncensored_refusal_like,reasoning_only,5,mmd_rbf,0.0647534504532814,128
lot_paper_domain_matched__v1,candidate,uncensored_refusal_like,reasoning_only,5,projected_js,0.1343551011523232,128
lot_paper_domain_matched__v1,candidate,uncensored_refusal_like,reasoning_only,6,mmd_rbf,0.0466691255569458,128
lot_paper_domain_matched__v1,candidate,uncensored_refusal_like,reasoning_only,6,projected_js,0.10513979781535454,128
lot_paper_domain_matched__v1,candidate,uncensored_refusal_like,reasoning_only,7,mmd_rbf,0.04258056357502937,128
lot_paper_domain_matched__v1,candidate,uncensored_refusal_like,reasoning_only,7,projected_js,0.10607595258625224,128
lot_paper_domain_matched__v1,candidate,uncensored_refusal_like,reasoning_only,8,mmd_rbf,0.03341276943683624,128
lot_paper_domain_matched__v1,candidate,uncensored_refusal_like,reasoning_only,8,projected_js,0.09690989484079182,128
lot_paper_domain_matched__v1,candidate,uncensored_refusal_like,reasoning_only,9,mmd_rbf,0.03267846256494522,128
lot_paper_domain_matched__v1,candidate,uncensored_refusal_like,reasoning_only,9,projected_js,0.09164176578633487,128
lot_paper_domain_matched__v1,candidate,uncensored_refusal_like,reasoning_only,10,mmd_rbf,0.034957364201545715,128
lot_paper_domain_matched__v1,candidate,uncensored_refusal_like,reasoning_only,10,projected_js,0.09809170273365453,128
lot_paper_domain_matched__v1,candidate,uncensored_refusal_like,reasoning_only,11,mmd_rbf,0.03395012393593788,128
lot_paper_domain_matched__v1,candidate,uncensored_refusal_like,reasoning_only,11,projected_js,0.09316348662832752,128
lot_paper_domain_matched__v1,candidate,uncensored_refusal_like,reasoning_only,12,mmd_rbf,0.03893449902534485,128
lot_paper_domain_matched__v1,candidate,uncensored_refusal_like,reasoning_only,12,projected_js,0.09630221757106483,128
lot_paper_domain_matched__v1,candidate,uncensored_refusal_like,reasoning_only,13,mmd_rbf,0.0448155514895916,128
lot_paper_domain_matched__v1,candidate,uncensored_refusal_like,reasoning_only,13,projected_js,0.10115748649695888,128
lot_paper_domain_matched__v1,candidate,uncensored_refusal_like,reasoning_only,14,mmd_rbf,0.044579531997442245,128
lot_paper_domain_matched__v1,candidate,uncensored_refusal_like,reasoning_only,14,projected_js,0.09498613129835576,128
lot_paper_domain_matched__v1,candidate,uncensored_refusal_like,reasoning_only,15,mmd_rbf,0.04976106807589531,128
lot_paper_domain_matched__v1,candidate,uncensored_refusal_like,reasoning_only,15,projected_js,0.09940530406311154,128
lot_paper_domain_matched__v1,candidate,uncensored_refusal_like,reasoning_only,16,mmd_rbf,0.04901258274912834,128
lot_paper_domain_matched__v1,candidate,uncensored_refusal_like,reasoning_only,16,projected_js,0.09734494122676551,128
lot_paper_domain_matched__v1,candidate,uncensored_refusal_like,reasoning_only,17,mmd_rbf,0.049654535949230194,128
lot_paper_domain_matched__v1,candidate,uncensored_refusal_like,reasoning_only,17,projected_js,0.09677026415010914,128
lot_paper_domain_matched__v1,candidate,uncensored_refusal_like,reasoning_only,18,mmd_rbf,0.05843566730618477,128
lot_paper_domain_matched__v1,candidate,uncensored_refusal_like,reasoning_only,18,projected_js,0.1013316463213414,128
lot_paper_domain_matched__v1,candidate,uncensored_refusal_like,reasoning_only,19,mmd_rbf,0.057040031999349594,128
lot_paper_domain_matched__v1,candidate,uncensored_refusal_like,reasoning_only,19,projected_js,0.10048194188857451,128
lot_paper_domain_matched__v1,candidate,uncensored_refusal_like,reasoning_only,20,mmd_rbf,0.056767869740724564,128
lot_paper_domain_matched__v1,candidate,uncensored_refusal_like,reasoning_only,20,projected_js,0.09986938745714724,128
lot_paper_domain_matched__v1,candidate,uncensored_refusal_like,reasoning_only,21,mmd_rbf,0.05868544802069664,128
lot_paper_domain_matched__v1,candidate,uncensored_refusal_like,reasoning_only,21,projected_js,0.09883998276200145,128
lot_paper_domain_matched__v1,candidate,uncensored_refusal_like,reasoning_only,22,mmd_rbf,0.05722370371222496,128
lot_paper_domain_matched__v1,candidate,uncensored_refusal_like,reasoning_only,22,projected_js,0.10808748225099407,128
lot_paper_domain_matched__v1,candidate,uncensored_refusal_like,reasoning_only,23,mmd_rbf,0.050670187920331955,128
lot_paper_domain_matched__v1,candidate,uncensored_refusal_like,reasoning_only,23,projected_js,0.1035411250195466,128
lot_paper_domain_matched__v1,candidate,uncensored_refusal_like,reasoning_only,24,mmd_rbf,0.055288758128881454,128
lot_paper_domain_matched__v1,candidate,uncensored_refusal_like,reasoning_only,24,projected_js,0.10583246138412505,128
lot_paper_domain_matched__v1,candidate,uncensored_refusal_like,reasoning_only,25,mmd_rbf,0.05461324006319046,128
lot_paper_domain_matched__v1,candidate,uncensored_refusal_like,reasoning_only,25,projected_js,0.1015956451301463,128
lot_paper_domain_matched__v1,candidate,uncensored_refusal_like,reasoning_only,26,mmd_rbf,0.058167051523923874,128
lot_paper_domain_matched__v1,candidate,uncensored_refusal_like,reasoning_only,26,projected_js,0.10047649272019044,128
lot_paper_domain_matched__v1,candidate,uncensored_refusal_like,reasoning_only,27,mmd_rbf,0.06181918457150459,128
lot_paper_domain_matched__v1,candidate,uncensored_refusal_like,reasoning_only,27,projected_js,0.10189597506541759,128
lot_paper_domain_matched__v1,candidate,uncensored_refusal_like,reasoning_only,28,mmd_rbf,0.06433609873056412,128
lot_paper_domain_matched__v1,candidate,uncensored_refusal_like,reasoning_only,28,projected_js,0.11636357667157426,128
lot_paper_domain_matched__v1,candidate,uncensored_refusal_like,reasoning_only,29,mmd_rbf,0.06254007667303085,128
lot_paper_domain_matched__v1,candidate,uncensored_refusal_like,reasoning_only,29,projected_js,0.11159577130456455,128
lot_paper_domain_matched__v1,candidate,uncensored_refusal_like,reasoning_only,30,mmd_rbf,0.06591445207595825,128
lot_paper_domain_matched__v1,candidate,uncensored_refusal_like,reasoning_only,30,projected_js,0.12142749561462551,128
lot_paper_domain_matched__v1,candidate,uncensored_refusal_like,reasoning_only,31,mmd_rbf,0.06664612889289856,128
lot_paper_domain_matched__v1,candidate,uncensored_refusal_like,reasoning_only,31,projected_js,0.11663774953922257,128
lot_paper_domain_matched__v1,candidate,uncensored_refusal_like,reasoning_only,32,mmd_rbf,0.06781788915395737,128
lot_paper_domain_matched__v1,candidate,uncensored_refusal_like,reasoning_only,32,projected_js,0.12095169362146407,128
lot_paper_domain_matched__v1,candidate,uncensored_refusal_like,reasoning_only,33,mmd_rbf,0.06728553771972656,128
lot_paper_domain_matched__v1,candidate,uncensored_refusal_like,reasoning_only,33,projected_js,0.1133077759295702,128
lot_paper_domain_matched__v1,candidate,uncensored_refusal_like,reasoning_only,34,mmd_rbf,0.07602997124195099,128
lot_paper_domain_matched__v1,candidate,uncensored_refusal_like,reasoning_only,34,projected_js,0.11565282772062346,128
lot_paper_domain_matched__v1,candidate,uncensored_refusal_like,reasoning_only,35,mmd_rbf,0.14687000215053558,128
lot_paper_domain_matched__v1,candidate,uncensored_refusal_like,reasoning_only,35,projected_js,0.18267383141210303,128
lot_paper_domain_matched__v1,candidate,uncensored_refusal_like,uncensored_only,0,mmd_rbf,0.004817176144570112,128
lot_paper_domain_matched__v1,candidate,uncensored_refusal_like,uncensored_only,0,projected_js,0.044072500022593886,128
lot_paper_domain_matched__v1,candidate,uncensored_refusal_like,uncensored_only,1,mmd_rbf,0.17484870553016663,128
lot_paper_domain_matched__v1,candidate,uncensored_refusal_like,uncensored_only,1,projected_js,0.2115273193048779,128
lot_paper_domain_matched__v1,candidate,uncensored_refusal_like,uncensored_only,2,mmd_rbf,0.1582227200269699,128
lot_paper_domain_matched__v1,candidate,uncensored_refusal_like,uncensored_only,2,projected_js,0.17659989470848814,128
lot_paper_domain_matched__v1,candidate,uncensored_refusal_like,uncensored_only,3,mmd_rbf,0.12349516153335571,128
lot_paper_domain_matched__v1,candidate,uncensored_refusal_like,uncensored_only,3,projected_js,0.136857183475513,128
lot_paper_domain_matched__v1,candidate,uncensored_refusal_like,uncensored_only,4,mmd_rbf,0.10577883571386337,128
lot_paper_domain_matched__v1,candidate,uncensored_refusal_like,uncensored_only,4,projected_js,0.14162298027076758,128
lot_paper_domain_matched__v1,candidate,uncensored_refusal_like,uncensored_only,5,mmd_rbf,0.08175840228796005,128
lot_paper_domain_matched__v1,candidate,uncensored_refusal_like,uncensored_only,5,projected_js,0.13841402140678838,128
lot_paper_domain_matched__v1,candidate,uncensored_refusal_like,uncensored_only,6,mmd_rbf,0.05018366500735283,128
lot_paper_domain_matched__v1,candidate,uncensored_refusal_like,uncensored_only,6,projected_js,0.10354346531676129,128
lot_paper_domain_matched__v1,candidate,uncensored_refusal_like,uncensored_only,7,mmd_rbf,0.036046575754880905,128
lot_paper_domain_matched__v1,candidate,uncensored_refusal_like,uncensored_only,7,projected_js,0.08900120639009401,128
lot_paper_domain_matched__v1,candidate,uncensored_refusal_like,uncensored_only,8,mmd_rbf,0.02546740137040615,128
lot_paper_domain_matched__v1,candidate,uncensored_refusal_like,uncensored_only,8,projected_js,0.07464818068547174,128
lot_paper_domain_matched__v1,candidate,uncensored_refusal_like,uncensored_only,9,mmd_rbf,0.02172854356467724,128
lot_paper_domain_matched__v1,candidate,uncensored_refusal_like,uncensored_only,9,projected_js,0.07281638021231629,128
lot_paper_domain_matched__v1,candidate,uncensored_refusal_like,uncensored_only,10,mmd_rbf,0.018456727266311646,128
lot_paper_domain_matched__v1,candidate,uncensored_refusal_like,uncensored_only,10,projected_js,0.07030313921859488,128
lot_paper_domain_matched__v1,candidate,uncensored_refusal_like,uncensored_only,11,mmd_rbf,0.015909669920802116,128
lot_paper_domain_matched__v1,candidate,uncensored_refusal_like,uncensored_only,11,projected_js,0.06663884705631062,128
lot_paper_domain_matched__v1,candidate,uncensored_refusal_like,uncensored_only,12,mmd_rbf,0.015114880166947842,128
lot_paper_domain_matched__v1,candidate,uncensored_refusal_like,uncensored_only,12,projected_js,0.07079885638086125,128
lot_paper_domain_matched__v1,candidate,uncensored_refusal_like,uncensored_only,13,mmd_rbf,0.014822457917034626,128
lot_paper_domain_matched__v1,candidate,uncensored_refusal_like,uncensored_only,13,projected_js,0.06912267638836056,128
lot_paper_domain_matched__v1,candidate,uncensored_refusal_like,uncensored_only,14,mmd_rbf,0.014574316330254078,128
lot_paper_domain_matched__v1,candidate,uncensored_refusal_like,uncensored_only,14,projected_js,0.0666016360046342,128
lot_paper_domain_matched__v1,candidate,uncensored_refusal_like,uncensored_only,15,mmd_rbf,0.01579512096941471,128
lot_paper_domain_matched__v1,candidate,uncensored_refusal_like,uncensored_only,15,projected_js,0.07256831927224994,128
lot_paper_domain_matched__v1,candidate,uncensored_refusal_like,uncensored_only,16,mmd_rbf,0.017648985609412193,128
lot_paper_domain_matched__v1,candidate,uncensored_refusal_like,uncensored_only,16,projected_js,0.06784361344762146,128
lot_paper_domain_matched__v1,candidate,uncensored_refusal_like,uncensored_only,17,mmd_rbf,0.0183287113904953,128
lot_paper_domain_matched__v1,candidate,uncensored_refusal_like,uncensored_only,17,projected_js,0.07046868896577507,128
lot_paper_domain_matched__v1,candidate,uncensored_refusal_like,uncensored_only,18,mmd_rbf,0.01941484771668911,128
lot_paper_domain_matched__v1,candidate,uncensored_refusal_like,uncensored_only,18,projected_js,0.07306608569342643,128
lot_paper_domain_matched__v1,candidate,uncensored_refusal_like,uncensored_only,19,mmd_rbf,0.019537445157766342,128
lot_paper_domain_matched__v1,candidate,uncensored_refusal_like,uncensored_only,19,projected_js,0.07344266888685524,128
lot_paper_domain_matched__v1,candidate,uncensored_refusal_like,uncensored_only,20,mmd_rbf,0.02227999083697796,128
lot_paper_domain_matched__v1,candidate,uncensored_refusal_like,uncensored_only,20,projected_js,0.07323116465704516,128
lot_paper_domain_matched__v1,candidate,uncensored_refusal_like,uncensored_only,21,mmd_rbf,0.025395065546035767,128
lot_paper_domain_matched__v1,candidate,uncensored_refusal_like,uncensored_only,21,projected_js,0.07778320682700723,128
lot_paper_domain_matched__v1,candidate,uncensored_refusal_like,uncensored_only,22,mmd_rbf,0.026517001911997795,128
lot_paper_domain_matched__v1,candidate,uncensored_refusal_like,uncensored_only,22,projected_js,0.08030134899308905,128
lot_paper_domain_matched__v1,candidate,uncensored_refusal_like,uncensored_only,23,mmd_rbf,0.027054114267230034,128
lot_paper_domain_matched__v1,candidate,uncensored_refusal_like,uncensored_only,23,projected_js,0.08559679897734895,128
lot_paper_domain_matched__v1,candidate,uncensored_refusal_like,uncensored_only,24,mmd_rbf,0.03063858486711979,128
lot_paper_domain_matched__v1,candidate,uncensored_refusal_like,uncensored_only,24,projected_js,0.08325012843124568,128
lot_paper_domain_matched__v1,candidate,uncensored_refusal_like,uncensored_only,25,mmd_rbf,0.033319976180791855,128
lot_paper_domain_matched__v1,candidate,uncensored_refusal_like,uncensored_only,25,projected_js,0.08584678365150467,128
lot_paper_domain_matched__v1,candidate,uncensored_refusal_like,uncensored_only,26,mmd_rbf,0.034585945308208466,128
lot_paper_domain_matched__v1,candidate,uncensored_refusal_like,uncensored_only,26,projected_js,0.08137009741039947,128
lot_paper_domain_matched__v1,candidate,uncensored_refusal_like,uncensored_only,27,mmd_rbf,0.03526969999074936,128
lot_paper_domain_matched__v1,candidate,uncensored_refusal_like,uncensored_only,27,projected_js,0.08835681958589703,128
lot_paper_domain_matched__v1,candidate,uncensored_refusal_like,uncensored_only,28,mmd_rbf,0.03365721181035042,128
lot_paper_domain_matched__v1,candidate,uncensored_refusal_like,uncensored_only,28,projected_js,0.08767354587325826,128
lot_paper_domain_matched__v1,candidate,uncensored_refusal_like,uncensored_only,29,mmd_rbf,0.03240768983960152,128
lot_paper_domain_matched__v1,candidate,uncensored_refusal_like,uncensored_only,29,projected_js,0.08463827235391364,128
lot_paper_domain_matched__v1,candidate,uncensored_refusal_like,uncensored_only,30,mmd_rbf,0.03485164791345596,128
lot_paper_domain_matched__v1,candidate,uncensored_refusal_like,uncensored_only,30,projected_js,0.08963266829960048,128
lot_paper_domain_matched__v1,candidate,uncensored_refusal_like,uncensored_only,31,mmd_rbf,0.03376835212111473,128
lot_paper_domain_matched__v1,candidate,uncensored_refusal_like,uncensored_only,31,projected_js,0.08495229468098842,128
lot_paper_domain_matched__v1,candidate,uncensored_refusal_like,uncensored_only,32,mmd_rbf,0.03339378535747528,128
lot_paper_domain_matched__v1,candidate,uncensored_refusal_like,uncensored_only,32,projected_js,0.08563083451008424,128
lot_paper_domain_matched__v1,candidate,uncensored_refusal_like,uncensored_only,33,mmd_rbf,0.03234335407614708,128
lot_paper_domain_matched__v1,candidate,uncensored_refusal_like,uncensored_only,33,projected_js,0.08213729120325297,128
lot_paper_domain_matched__v1,candidate,uncensored_refusal_like,uncensored_only,34,mmd_rbf,0.03399258106946945,128
lot_paper_domain_matched__v1,candidate,uncensored_refusal_like,uncensored_only,34,projected_js,0.08441693690838292,128
lot_paper_domain_matched__v1,candidate,uncensored_refusal_like,uncensored_only,35,mmd_rbf,0.033154673874378204,128
lot_paper_domain_matched__v1,candidate,uncensored_refusal_like,uncensored_only,35,projected_js,0.07633181929122657,128
