model_id,model_kind,calib_subset,target_id,layer,metric,value,n_prompts
lot_paper_reasoning__v1,candidate,general,base,0,mmd_rbf,0.00786515511572361,128
lot_paper_reasoning__v1,candidate,general,base,0,projected_js,0.047522974404273555,128
lot_paper_reasoning__v1,candidate,general,base,1,mmd_rbf,0.013069415464997292,128
lot_paper_reasoning__v1,candidate,general,base,1,projected_js,0.05241300063789822,128
lot_paper_reasoning__v1,candidate,general,base,2,mmd_rbf,0.016526302322745323,128
lot_paper_reasoning__v1,candidate,general,base,2,projected_js,0.06108994112582877,128
lot_paper_reasoning__v1,candidate,general,base,3,mmd_rbf,0.017269713804125786,128
lot_paper_reasoning__v1,candidate,general,base,3,projected_js,0.06320053240051493,128
lot_paper_reasoning__v1,candidate,general,base,4,mmd_rbf,0.01521035935729742,128
lot_paper_reasoning__v1,candidate,general,base,4,projected_js,0.0622840799333062,128
lot_paper_reasoning__v1,candidate,general,base,5,mmd_rbf,0.013980102725327015,128
lot_paper_reasoning__v1,candidate,general,base,5,projected_js,0.06282895419280976,128
lot_paper_reasoning__v1,candidate,general,base,6,mmd_rbf,0.00967260543256998,128
lot_paper_reasoning__v1,candidate,general,base,6,projected_js,0.05687792075332254,128
lot_paper_reasoning__v1,candidate,general,base,7,mmd_rbf,0.008859760127961636,128
lot_paper_reasoning__v1,candidate,general,base,7,projected_js,0.059667451394489035,128
lot_paper_reasoning__v1,candidate,general,base,8,mmd_rbf,0.007161727640777826,128
lot_paper_reasoning__v1,candidate,general,base,8,projected_js,0.05485676813987084,128
lot_paper_reasoning__v1,candidate,general,base,9,mmd_rbf,0.00737015763297677,128
lot_paper_reasoning__v1,candidate,general,base,9,projected_js,0.059940271952655166,128
lot_paper_reasoning__v1,candidate,general,base,10,mmd_rbf,0.007716839667409658,128
lot_paper_reasoning__v1,candidate,general,base,10,projected_js,0.0591171660926193,128
lot_paper_reasoning__v1,candidate,general,base,11,mmd_rbf,0.007768828421831131,128
lot_paper_reasoning__v1,candidate,general,base,11,projected_js,0.0618668821407482,128
lot_paper_reasoning__v1,candidate,general,base,12,mmd_rbf,0.008211339823901653,128
lot_paper_reasoning__v1,candidate,general,base,12,projected_js,0.05940474441740662,128
lot_paper_reasoning__v1,candidate,general,base,13,mmd_rbf,0.00895292591303587,128
lot_paper_reasoning__v1,candidate,general,base,13,projected_js,0.06179427111055702,128
lot_paper_reasoning__v1,candidate,general,base,14,mmd_rbf,0.009370729327201843,128
lot_paper_reasoning__v1,candidate,general,base,14,projected_js,0.05860958233824931,128
lot_paper_reasoning__v1,candidate,general,base,15,mmd_rbf,0.010454365983605385,128
lot_paper_reasoning__v1,candidate,general,base,15,projected_js,0.062037603347562253,128
lot_paper_reasoning__v1,candidate,general,base,16,mmd_rbf,0.012189552187919617,128
lot_paper_reasoning__v1,candidate,general,base,16,projected_js,0.06241065479116514,128
lot_paper_reasoning__v1,candidate,general,base,17,mmd_rbf,0.012203824706375599,128
lot_paper_reasoning__v1,candidate,general,base,17,projected_js,0.06297194250510074,128
lot_paper_reasoning__v1,candidate,general,base,18,mmd_rbf,0.013811160810291767,128
lot_paper_reasoning__v1,candidate,general,base,18,projected_js,0.06835252657765523,128
lot_paper_reasoning__v1,candidate,general,base,19,mmd_rbf,0.014423975721001625,128
lot_paper_reasoning__v1,candidate,general,base,19,projected_js,0.06832413841038942,128
lot_paper_reasoning__v1,candidate,general,base,20,mmd_rbf,0.01404100563377142,128
lot_paper_reasoning__v1,candidate,general,base,20,projected_js,0.06610896880738437,128
lot_paper_reasoning__v1,candidate,general,base,21,mmd_rbf,0.014719009399414062,128
lot_paper_reasoning__v1,candidate,general,base,21,projected_js,0.06942410313058645,128
lot_paper_reasoning__v1,candidate,general,base,22,mmd_rbf,0.013491264544427395,128
lot_paper_reasoning__v1,candidate,general,base,22,projected_js,0.06346153951017186,128
lot_paper_reasoning__v1,candidate,general,base,23,mmd_rbf,0.01203638780862093,128
lot_paper_reasoning__v1,candidate,general,base,23,projected_js,0.06410782877355814,128
lot_paper_reasoning__v1,candidate,general,base,24,mmd_rbf,0.010723299346864223,128
lot_paper_reasoning__v1,candidate,general,base,24,projected_js,0.06120935775106773,128
lot_paper_reasoning__v1,candidate,general,base,25,mmd_rbf,0.00945158489048481,128
lot_paper_reasoning__v1,candidate,general,base,25,projected_js,0.063777765550185,128
lot_paper_reasoning__v1,candidate,general,base,26,mmd_rbf,0.009005038999021053,128
lot_paper_reasoning__v1,candidate,general,base,26,projected_js,0.05809394727111794,128
lot_paper_reasoning__v1,candidate,general,base,27,mmd_rbf,0.00865368451923132,128
lot_paper_reasoning__v1,candidate,general,base,27,projected_js,0.05935505486559123,128
lot_paper_reasoning__v1,candidate,general,base,28,mmd_rbf,0.008145018480718136,128
lot_paper_reasoning__v1,candidate,general,base,28,projected_js,0.058726148563437164,128
lot_paper_reasoning__v1,candidate,general,base,29,mmd_rbf,0.007586178369820118,128
lot_paper_reasoning__v1,candidate,general,base,29,projected_js,0.059334262856282294,128
lot_paper_reasoning__v1,candidate,general,base,30,mmd_rbf,0.007162399124354124,128
lot_paper_reasoning__v1,candidate,general,base,30,projected_js,0.05801417655311525,128
lot_paper_reasoning__v1,candidate,general,base,31,mmd_rbf,0.006777205504477024,128
lot_paper_reasoning__v1,candidate,general,base,31,projected_js,0.059403096907772124,128
lot_paper_reasoning__v1,candidate,general,base,32,mmd_rbf,0.007332615554332733,128
lot_paper_reasoning__v1,candidate,general,base,32,projected_js,0.05758736951975152,128
lot_paper_reasoning__v1,candidate,general,base,33,mmd_rbf,0.007504553999751806,128
lot_paper_reasoning__v1,candidate,general,base,33,projected_js,0.060950488870730624,128
lot_paper_reasoning__v1,candidate,general,base,34,mmd_rbf,0.012671120464801788,128
lot_paper_reasoning__v1,candidate,general,base,34,projected_js,0.06452081591123715,128
lot_paper_reasoning__v1,candidate,general,base,35,mmd_rbf,0.06576039642095566,128
lot_paper_reasoning__v1,candidate,general,base,35,projected_js,0.10713057609973475,128
lot_paper_reasoning__v1,candidate,general,instr_only,0,mmd_rbf,0.003572475863620639,128
lot_paper_reasoning__v1,candidate,general,instr_only,0,projected_js,0.03567590014426969,128
lot_paper_reasoning__v1,candidate,general,instr_only,1,mmd_rbf,0.00598482508212328,128
lot_paper_reasoning__v1,candidate,general,instr_only,1,projected_js,0.04486179936793633,128
lot_paper_reasoning__v1,candidate,general,instr_only,2,mmd_rbf,0.009397250600159168,128
lot_paper_reasoning__v1,candidate,general,instr_only,2,projected_js,0.05374521389603615,128
lot_paper_reasoning__v1,candidate,general,instr_only,3,mmd_rbf,0.009567937813699245,128
lot_paper_reasoning__v1,candidate,general,instr_only,3,projected_js,0.05467458826024085,128
lot_paper_reasoning__v1,candidate,general,instr_only,4,mmd_rbf,0.0096610551699996,128
lot_paper_reasoning__v1,candidate,general,instr_only,4,projected_js,0.05284877840313129,128
lot_paper_reasoning__v1,candidate,general,instr_only,5,mmd_rbf,0.009215363301336765,128
lot_paper_reasoning__v1,candidate,general,instr_only,5,projected_js,0.054449410119559616,128
lot_paper_reasoning__v1,candidate,general,instr_only,6,mmd_rbf,0.006785585079342127,128
lot_paper_reasoning__v1,candidate,general,instr_only,6,projected_js,0.0542873470694758,128
lot_paper_reasoning__v1,candidate,general,instr_only,7,mmd_rbf,0.005917648319154978,128
lot_paper_reasoning__v1,candidate,general,instr_only,7,projected_js,0.056492275005439296,128
lot_paper_reasoning__v1,candidate,general,instr_only,8,mmd_rbf,0.00469672866165638,128
lot_paper_reasoning__v1,candidate,general,instr_only,8,projected_js,0.05473342668847181,128
lot_paper_reasoning__v1,candidate,general,instr_only,9,mmd_rbf,0.004635966382920742,128
lot_paper_reasoning__v1,candidate,general,instr_only,9,projected_js,0.05538185976911336,128
lot_paper_reasoning__v1,candidate,general,instr_only,10,mmd_rbf,0.004940866958349943,128
lot_paper_reasoning__v1,candidate,general,instr_only,10,projected_js,0.05305364867672324,128
lot_paper_reasoning__v1,candidate,general,instr_only,11,mmd_rbf,0.0048748888075351715,128
lot_paper_reasoning__v1,candidate,general,instr_only,11,projected_js,0.05441813712241128,128
lot_paper_reasoning__v1,candidate,general,instr_only,12,mmd_rbf,0.005211628507822752,128
lot_paper_reasoning__v1,candidate,general,instr_only,12,projected_js,0.05695988505613059,128
lot_paper_reasoning__v1,candidate,general,instr_only,13,mmd_rbf,0.00555037334561348,128
lot_paper_reasoning__v1,candidate,general,instr_only,13,projected_js,0.060947032092371956,128
lot_paper_reasoning__v1,candidate,general,instr_only,14,mmd_rbf,0.005643175449222326,128
lot_paper_reasoning__v1,candidate,general,instr_only,14,projected_js,0.05644990369910374,128
lot_paper_reasoning__v1,candidate,general,instr_only,15,mmd_rbf,0.005754916928708553,128
lot_paper_reasoning__v1,candidate,general,instr_only,15,projected_js,0.056555974937509745,128
lot_paper_reasoning__v1,candidate,general,instr_only,16,mmd_rbf,0.006197310518473387,128
lot_paper_reasoning__v1,candidate,general,instr_only,16,projected_js,0.06144952093018219,128
lot_paper_reasoning__v1,candidate,general,instr_only,17,mmd_rbf,0.006598878186196089,128
lot_paper_reasoning__v1,candidate,general,instr_only,17,projected_js,0.06147370161488652,128
lot_paper_reasoning__v1,candidate,general,instr_only,18,mmd_rbf,0.007164187729358673,128
lot_paper_reasoning__v1,candidate,general,instr_only,18,projected_js,0.06279972393531352,128
lot_paper_reasoning__v1,candidate,general,instr_only,19,mmd_rbf,0.007050251122564077,128
lot_paper_reasoning__v1,candidate,general,instr_only,19,projected_js,0.06063346765586175,128
lot_paper_reasoning__v1,candidate,general,instr_only,20,mmd_rbf,0.0071012466214597225,128
lot_paper_reasoning__v1,candidate,general,instr_only,20,projected_js,0.05988110805628821,128
lot_paper_reasoning__v1,candidate,general,instr_only,21,mmd_rbf,0.007455139886587858,128
lot_paper_reasoning__v1,candidate,general,instr_only,21,projected_js,0.06339070230023935,128
lot_paper_reasoning__v1,candidate,general,instr_only,22,mmd_rbf,0.00738906254991889,128
lot_paper_reasoning__v1,candidate,general,instr_only,22,projected_js,0.0598568840068765,128
lot_paper_reasoning__v1,candidate,general,instr_only,23,mmd_rbf,0.007102715317159891,128
lot_paper_reasoning__v1,candidate,general,instr_only,23,projected_js,0.06297410116530955,128
lot_paper_reasoning__v1,candidate,general,instr_only,24,mmd_rbf,0.007640254683792591,128
lot_paper_reasoning__v1,candidate,general,instr_only,24,projected_js,0.06074848835123703,128
lot_paper_reasoning__v1,candidate,general,instr_only,25,mmd_rbf,0.0077530923299491405,128
lot_paper_reasoning__v1,candidate,general,instr_only,25,projected_js,0.060858469805680215,128
lot_paper_reasoning__v1,candidate,general,instr_only,26,mmd_rbf,0.00807590689510107,128
lot_paper_reasoning__v1,candidate,general,instr_only,26,projected_js,0.06089424714446068,128
lot_paper_reasoning__v1,candidate,general,instr_only,27,mmd_rbf,0.008018638007342815,128
lot_paper_reasoning__v1,candidate,general,instr_only,27,projected_js,0.06169074203353375,128
lot_paper_reasoning__v1,candidate,general,instr_only,28,mmd_rbf,0.007874561473727226,128
lot_paper_reasoning__v1,candidate,general,instr_only,28,projected_js,0.05912770435679704,128
lot_paper_reasoning__v1,candidate,general,instr_only,29,mmd_rbf,0.00751096336171031,128
lot_paper_reasoning__v1,candidate,general,instr_only,29,projected_js,0.0572312458534725,128
lot_paper_reasoning__v1,candidate,general,instr_only,30,mmd_rbf,0.007160774897783995,128
lot_paper_reasoning__v1,candidate,general,instr_only,30,projected_js,0.0588167482346762,128
lot_paper_reasoning__v1,candidate,general,instr_only,31,mmd_rbf,0.007220300380140543,128
lot_paper_reasoning__v1,candidate,general,instr_only,31,projected_js,0.06185553740942851,128
lot_paper_reasoning__v1,candidate,general,instr_only,32,mmd_rbf,0.007130700629204512,128
lot_paper_reasoning__v1,candidate,general,instr_only,32,projected_js,0.06097201514057815,128
lot_paper_reasoning__v1,candidate,general,instr_only,33,mmd_rbf,0.006888277363032103,128
lot_paper_reasoning__v1,candidate,general,instr_only,33,projected_js,0.0583434441650752,128
lot_paper_reasoning__v1,candidate,general,instr_only,34,mmd_rbf,0.007856698706746101,128
lot_paper_reasoning__v1,candidate,general,instr_only,34,projected_js,0.05988375365268439,128
lot_paper_reasoning__v1,candidate,general,instr_only,35,mmd_rbf,0.036300238221883774,128
lot_paper_reasoning__v1,candidate,general,instr_only,35,projected_js,0.07876965822651982,128
lot_paper_reasoning__v1,candidate,general,reasoning_only,0,mmd_rbf,0.014454352669417858,128
lot_paper_reasoning__v1,candidate,general,reasoning_only,0,projected_js,0.05945625517051667,128
lot_paper_reasoning__v1,candidate,general,reasoning_only,1,mmd_rbf,0.01398825366050005,128
lot_paper_reasoning__v1,candidate,general,reasoning_only,1,projected_js,0.060780613421229646,128
lot_paper_reasoning__v1,candidate,general,reasoning_only,2,mmd_rbf,0.013911074958741665,128
lot_paper_reasoning__v1,candidate,general,reasoning_only,2,projected_js,0.059768202889245,128
lot_paper_reasoning__v1,candidate,general,reasoning_only,3,mmd_rbf,0.015032256953418255,128
lot_paper_reasoning__v1,candidate,general,reasoning_only,3,projected_js,0.06404714300879277,128
lot_paper_reasoning__v1,candidate,general,reasoning_only,4,mmd_rbf,0.014649777673184872,128
lot_paper_reasoning__v1,candidate,general,reasoning_only,4,projected_js,0.06502047536196187,128
lot_paper_reasoning__v1,candidate,general,reasoning_only,5,mmd_rbf,0.013804753310978413,128
lot_paper_reasoning__v1,candidate,general,reasoning_only,5,projected_js,0.061705639120191336,128
lot_paper_reasoning__v1,candidate,general,reasoning_only,6,mmd_rbf,0.009798659943044186,128
lot_paper_reasoning__v1,candidate,general,reasoning_only,6,projected_js,0.05924417823553085,128
lot_paper_reasoning__v1,candidate,general,reasoning_only,7,mmd_rbf,0.009136845357716084,128
lot_paper_reasoning__v1,candidate,general,reasoning_only,7,projected_js,0.05975171804311685,128
lot_paper_reasoning__v1,candidate,general,reasoning_only,8,mmd_rbf,0.007404771633446217,128
lot_paper_reasoning__v1,candidate,general,reasoning_only,8,projected_js,0.05850158538669348,128
lot_paper_reasoning__v1,candidate,general,reasoning_only,9,mmd_rbf,0.007105133030563593,128
lot_paper_reasoning__v1,candidate,general,reasoning_only,9,projected_js,0.06074567310861312,128
lot_paper_reasoning__v1,candidate,general,reasoning_only,10,mmd_rbf,0.007523972075432539,128
lot_paper_reasoning__v1,candidate,general,reasoning_only,10,projected_js,0.055968281521927565,128
lot_paper_reasoning__v1,candidate,general,reasoning_only,11,mmd_rbf,0.0068168737925589085,128
lot_paper_reasoning__v1,candidate,general,reasoning_only,11,projected_js,0.05844773096032441,128
lot_paper_reasoning__v1,candidate,general,reasoning_only,12,mmd_rbf,0.006705255713313818,128
lot_paper_reasoning__v1,candidate,general,reasoning_only,12,projected_js,0.06254888419061899,128
lot_paper_reasoning__v1,candidate,general,reasoning_only,13,mmd_rbf,0.006974962539970875,128
lot_paper_reasoning__v1,candidate,general,reasoning_only,13,projected_js,0.061275143816601485,128
lot_paper_reasoning__v1,candidate,general,reasoning_only,14,mmd_rbf,0.006948675494641066,128
lot_paper_reasoning__v1,candidate,general,reasoning_only,14,projected_js,0.05931548055377789,128
lot_paper_reasoning__v1,candidate,general,reasoning_only,15,mmd_rbf,0.007556331809610128,128
lot_paper_reasoning__v1,candidate,general,reasoning_only,15,projected_js,0.06120015578926541,128
lot_paper_reasoning__v1,candidate,general,reasoning_only,16,mmd_rbf,0.007643116172403097,128
lot_paper_reasoning__v1,candidate,general,reasoning_only,16,projected_js,0.06386559485690668,128
lot_paper_reasoning__v1,candidate,general,reasoning_only,17,mmd_rbf,0.0072167678736150265,128
lot_paper_reasoning__v1,candidate,general,reasoning_only,17,projected_js,0.061902683111838996,128
lot_paper_reasoning__v1,candidate,general,reasoning_only,18,mmd_rbf,0.007827619090676308,128
lot_paper_reasoning__v1,candidate,general,reasoning_only,18,projected_js,0.0630645468190778,128
lot_paper_reasoning__v1,candidate,general,reasoning_only,19,mmd_rbf,0.007185652386397123,128
lot_paper_reasoning__v1,candidate,general,reasoning_only,19,projected_js,0.06308107846416533,128
lot_paper_reasoning__v1,candidate,general,reasoning_only,20,mmd_rbf,0.0070542036555707455,128
lot_paper_reasoning__v1,candidate,general,reasoning_only,20,projected_js,0.05862490975414403,128
lot_paper_reasoning__v1,candidate,general,reasoning_only,21,mmd_rbf,0.007467785384505987,128
lot_paper_reasoning__v1,candidate,general,reasoning_only,21,projected_js,0.06271987862419337,128
lot_paper_reasoning__v1,candidate,general,reasoning_only,22,mmd_rbf,0.006545971613377333,128
lot_paper_reasoning__v1,candidate,general,reasoning_only,22,projected_js,0.059975375479552895,128
lot_paper_reasoning__v1,candidate,general,reasoning_only,23,mmd_rbf,0.005522876977920532,128
lot_paper_reasoning__v1,candidate,general,reasoning_only,23,projected_js,0.05808114557294175,128
lot_paper_reasoning__v1,candidate,general,reasoning_only,24,mmd_rbf,0.0054884301498532295,128
lot_paper_reasoning__v1,candidate,general,reasoning_only,24,projected_js,0.05898086781962775,128
lot_paper_reasoning__v1,candidate,general,reasoning_only,25,mmd_rbf,0.005270589608699083,128
lot_paper_reasoning__v1,candidate,general,reasoning_only,25,projected_js,0.05667641502805054,128
lot_paper_reasoning__v1,candidate,general,reasoning_only,26,mmd_rbf,0.005328030791133642,128
lot_paper_reasoning__v1,candidate,general,reasoning_only,26,projected_js,0.05659945306251757,128
lot_paper_reasoning__v1,candidate,general,reasoning_only,27,mmd_rbf,0.00524103781208396,128
lot_paper_reasoning__v1,candidate,general,reasoning_only,27,projected_js,0.05761571667972021,128
lot_paper_reasoning__v1,candidate,general,reasoning_only,28,mmd_rbf,0.0053508044220507145,128
lot_paper_reasoning__v1,candidate,general,reasoning_only,28,projected_js,0.056247441039886326,128
lot_paper_reasoning__v1,candidate,general,reasoning_only,29,mmd_rbf,0.005418942775577307,128
lot_paper_reasoning__v1,candidate,general,reasoning_only,29,projected_js,0.059005669521866366,128
lot_paper_reasoning__v1,candidate,general,reasoning_only,30,mmd_rbf,0.005421020090579987,128
lot_paper_reasoning__v1,candidate,general,reasoning_only,30,projected_js,0.05592320003779605,128
lot_paper_reasoning__v1,candidate,general,reasoning_only,31,mmd_rbf,0.0053509436547756195,128
lot_paper_reasoning__v1,candidate,general,reasoning_only,31,projected_js,0.058682659931946546,128
lot_paper_reasoning__v1,candidate,general,reasoning_only,32,mmd_rbf,0.005373684223741293,128
lot_paper_reasoning__v1,candidate,general,reasoning_only,32,projected_js,0.0588142252236139,128
lot_paper_reasoning__v1,candidate,general,reasoning_only,33,mmd_rbf,0.005630739498883486,128
lot_paper_reasoning__v1,candidate,general,reasoning_only,33,projected_js,0.056834358838386834,128
lot_paper_reasoning__v1,candidate,general,reasoning_only,34,mmd_rbf,0.006316755898296833,128
lot_paper_reasoning__v1,candidate,general,reasoning_only,34,projected_js,0.05541454107151367,128
lot_paper_reasoning__v1,candidate,general,reasoning_only,35,mmd_rbf,0.028592122718691826,128
lot_paper_reasoning__v1,candidate,general,reasoning_only,35,projected_js,0.07276371464831755,128
lot_paper_reasoning__v1,candidate,general,uncensored_only,0,mmd_rbf,0.006535697262734175,128
lot_paper_reasoning__v1,candidate,general,uncensored_only,0,projected_js,0.04269673897942994,128
lot_paper_reasoning__v1,candidate,general,uncensored_only,1,mmd_rbf,0.1613234132528305,128
lot_paper_reasoning__v1,candidate,general,uncensored_only,1,projected_js,0.1736979735433124,128
lot_paper_reasoning__v1,candidate,general,uncensored_only,2,mmd_rbf,0.14344680309295654,128
lot_paper_reasoning__v1,candidate,general,uncensored_only,2,projected_js,0.1421387461014092,128
lot_paper_reasoning__v1,candidate,general,uncensored_only,3,mmd_rbf,0.10962367057800293,128
lot_paper_reasoning__v1,candidate,general,uncensored_only,3,projected_js,0.12463429156923667,128
lot_paper_reasoning__v1,candidate,general,uncensored_only,4,mmd_rbf,0.07947494834661484,128
lot_paper_reasoning__v1,candidate,general,uncensored_only,4,projected_js,0.11643716844264418,128
lot_paper_reasoning__v1,candidate,general,uncensored_only,5,mmd_rbf,0.05865461379289627,128
lot_paper_reasoning__v1,candidate,general,uncensored_only,5,projected_js,0.10960285144392401,128
lot_paper_reasoning__v1,candidate,general,uncensored_only,6,mmd_rbf,0.03377717733383179,128
lot_paper_reasoning__v1,candidate,general,uncensored_only,6,projected_js,0.08752621035091579,128
lot_paper_reasoning__v1,candidate,general,uncensored_only,7,mmd_rbf,0.02561984769999981,128
lot_paper_reasoning__v1,candidate,general,uncensored_only,7,projected_js,0.07769574539270252,128
lot_paper_reasoning__v1,candidate,general,uncensored_only,8,mmd_rbf,0.01720079593360424,128
lot_paper_reasoning__v1,candidate,general,uncensored_only,8,projected_js,0.07036471780156717,128
lot_paper_reasoning__v1,candidate,general,uncensored_only,9,mmd_rbf,0.014539177529513836,128
lot_paper_reasoning__v1,candidate,general,uncensored_only,9,projected_js,0.06487342272885144,128
lot_paper_reasoning__v1,candidate,general,uncensored_only,10,mmd_rbf,0.01297799963504076,128
lot_paper_reasoning__v1,candidate,general,uncensored_only,10,projected_js,0.06597577096545137,128
lot_paper_reasoning__v1,candidate,general,uncensored_only,11,mmd_rbf,0.011354208923876286,128
lot_paper_reasoning__v1,candidate,general,uncensored_only,11,projected_js,0.06248127744765952,128
lot_paper_reasoning__v1,candidate,general,uncensored_only,12,mmd_rbf,0.011049618013203144,128
lot_paper_reasoning__v1,candidate,general,uncensored_only,12,projected_js,0.06485872034681961,128
lot_paper_reasoning__v1,candidate,general,uncensored_only,13,mmd_rbf,0.012102042324841022,128
lot_paper_reasoning__v1,candidate,general,uncensored_only,13,projected_js,0.06363474280806258,128
lot_paper_reasoning__v1,candidate,general,uncensored_only,14,mmd_rbf,0.012015275657176971,128
lot_paper_reasoning__v1,candidate,general,uncensored_only,14,projected_js,0.06820299971150234,128
lot_paper_reasoning__v1,candidate,general,uncensored_only,15,mmd_rbf,0.014636668376624584,128
lot_paper_reasoning__v1,candidate,general,uncensored_only,15,projected_js,0.06845270149642602,128
lot_paper_reasoning__v1,candidate,general,uncensored_only,16,mmd_rbf,0.01611458882689476,128
lot_paper_reasoning__v1,candidate,general,uncensored_only,16,projected_js,0.06853108471841551,128
lot_paper_reasoning__v1,candidate,general,uncensored_only,17,mmd_rbf,0.015151460655033588,128
lot_paper_reasoning__v1,candidate,general,uncensored_only,17,projected_js,0.06504845747258514,128
lot_paper_reasoning__v1,candidate,general,uncensored_only,18,mmd_rbf,0.01594686135649681,128
lot_paper_reasoning__v1,candidate,general,uncensored_only,18,projected_js,0.0716861475375481,128
lot_paper_reasoning__v1,candidate,general,uncensored_only,19,mmd_rbf,0.014030111022293568,128
lot_paper_reasoning__v1,candidate,general,uncensored_only,19,projected_js,0.07056433823890984,128
lot_paper_reasoning__v1,candidate,general,uncensored_only,20,mmd_rbf,0.013551563024520874,128
lot_paper_reasoning__v1,candidate,general,uncensored_only,20,projected_js,0.06559171725530177,128
lot_paper_reasoning__v1,candidate,general,uncensored_only,21,mmd_rbf,0.014177379198372364,128
lot_paper_reasoning__v1,candidate,general,uncensored_only,21,projected_js,0.06907371617853642,128
lot_paper_reasoning__v1,candidate,general,uncensored_only,22,mmd_rbf,0.01362780760973692,128
lot_paper_reasoning__v1,candidate,general,uncensored_only,22,projected_js,0.06827302853344008,128
lot_paper_reasoning__v1,candidate,general,uncensored_only,23,mmd_rbf,0.012357385829091072,128
lot_paper_reasoning__v1,candidate,general,uncensored_only,23,projected_js,0.06733610035735182,128
lot_paper_reasoning__v1,candidate,general,uncensored_only,24,mmd_rbf,0.013009979389607906,128
lot_paper_reasoning__v1,candidate,general,uncensored_only,24,projected_js,0.06927570328116417,128
lot_paper_reasoning__v1,candidate,general,uncensored_only,25,mmd_rbf,0.0131088150665164,128
lot_paper_reasoning__v1,candidate,general,uncensored_only,25,projected_js,0.06653379567433149,128
lot_paper_reasoning__v1,candidate,general,uncensored_only,26,mmd_rbf,0.013452500104904175,128
lot_paper_reasoning__v1,candidate,general,uncensored_only,26,projected_js,0.06937785405898467,128
lot_paper_reasoning__v1,candidate,general,uncensored_only,27,mmd_rbf,0.013372770510613918,128
lot_paper_reasoning__v1,candidate,general,uncensored_only,27,projected_js,0.07162079447880387,128
lot_paper_reasoning__v1,candidate,general,uncensored_only,28,mmd_rbf,0.012753926217556,128
lot_paper_reasoning__v1,candidate,general,uncensored_only,28,projected_js,0.07022562593920156,128
lot_paper_reasoning__v1,candidate,general,uncensored_only,29,mmd_rbf,0.012455015443265438,128
lot_paper_reasoning__v1,candidate,general,uncensored_only,29,projected_js,0.0624476782977581,128
lot_paper_reasoning__v1,candidate,general,uncensored_only,30,mmd_rbf,0.012526297941803932,128
lot_paper_reasoning__v1,candidate,general,uncensored_only,30,projected_js,0.0629525623517111,128
lot_paper_reasoning__v1,candidate,general,uncensored_only,31,mmd_rbf,0.012090944685041904,128
lot_paper_reasoning__v1,candidate,general,uncensored_only,31,projected_js,0.06331979157403111,128
lot_paper_reasoning__v1,candidate,general,uncensored_only,32,mmd_rbf,0.011623202823102474,128
lot_paper_reasoning__v1,candidate,general,uncensored_only,32,projected_js,0.06121778016677126,128
lot_paper_reasoning__v1,candidate,general,uncensored_only,33,mmd_rbf,0.011496025137603283,128
lot_paper_reasoning__v1,candidate,general,uncensored_only,33,projected_js,0.06274362691328861,128
lot_paper_reasoning__v1,candidate,general,uncensored_only,34,mmd_rbf,0.012309635058045387,128
lot_paper_reasoning__v1,candidate,general,uncensored_only,34,projected_js,0.06060658523347229,128
lot_paper_reasoning__v1,candidate,general,uncensored_only,35,mmd_rbf,0.04952132701873779,128
lot_paper_reasoning__v1,candidate,general,uncensored_only,35,projected_js,0.08928821980953217,128
lot_paper_reasoning__v1,candidate,instruction,base,0,mmd_rbf,0.0045009939931333065,128
lot_paper_reasoning__v1,candidate,instruction,base,0,projected_js,0.04799592265044339,128
lot_paper_reasoning__v1,candidate,instruction,base,1,mmd_rbf,0.008981841616332531,128
lot_paper_reasoning__v1,candidate,instruction,base,1,projected_js,0.05192716114106588,128
lot_paper_reasoning__v1,candidate,instruction,base,2,mmd_rbf,0.013485605828464031,128
lot_paper_reasoning__v1,candidate,instruction,base,2,projected_js,0.06329231755807996,128
lot_paper_reasoning__v1,candidate,instruction,base,3,mmd_rbf,0.015129059553146362,128
lot_paper_reasoning__v1,candidate,instruction,base,3,projected_js,0.06745845873956569,128
lot_paper_reasoning__v1,candidate,instruction,base,4,mmd_rbf,0.01386991422623396,128
lot_paper_reasoning__v1,candidate,instruction,base,4,projected_js,0.06465143684181385,128
lot_paper_reasoning__v1,candidate,instruction,base,5,mmd_rbf,0.014630885794758797,128
lot_paper_reasoning__v1,candidate,instruction,base,5,projected_js,0.06198303360724822,128
lot_paper_reasoning__v1,candidate,instruction,base,6,mmd_rbf,0.011005738750100136,128
lot_paper_reasoning__v1,candidate,instruction,base,6,projected_js,0.06427475257078186,128
lot_paper_reasoning__v1,candidate,instruction,base,7,mmd_rbf,0.010571259073913097,128
lot_paper_reasoning__v1,candidate,instruction,base,7,projected_js,0.0639627986238338,128
lot_paper_reasoning__v1,candidate,instruction,base,8,mmd_rbf,0.009351962246000767,128
lot_paper_reasoning__v1,candidate,instruction,base,8,projected_js,0.06320523360045627,128
lot_paper_reasoning__v1,candidate,instruction,base,9,mmd_rbf,0.010368334129452705,128
lot_paper_reasoning__v1,candidate,instruction,base,9,projected_js,0.06381239858455956,128
lot_paper_reasoning__v1,candidate,instruction,base,10,mmd_rbf,0.011342753656208515,128
lot_paper_reasoning__v1,candidate,instruction,base,10,projected_js,0.06759143562521785,128
lot_paper_reasoning__v1,candidate,instruction,base,11,mmd_rbf,0.01129268016666174,128
lot_paper_reasoning__v1,candidate,instruction,base,11,projected_js,0.06576126790605485,128
lot_paper_reasoning__v1,candidate,instruction,base,12,mmd_rbf,0.011613975279033184,128
lot_paper_reasoning__v1,candidate,instruction,base,12,projected_js,0.06911590055096895,128
lot_paper_reasoning__v1,candidate,instruction,base,13,mmd_rbf,0.012364820577204227,128
lot_paper_reasoning__v1,candidate,instruction,base,13,projected_js,0.06641033571213484,128
lot_paper_reasoning__v1,candidate,instruction,base,14,mmd_rbf,0.01320315059274435,128
lot_paper_reasoning__v1,candidate,instruction,base,14,projected_js,0.06828383225365542,128
lot_paper_reasoning__v1,candidate,instruction,base,15,mmd_rbf,0.014718166552484035,128
lot_paper_reasoning__v1,candidate,instruction,base,15,projected_js,0.07179408043157309,128
lot_paper_reasoning__v1,candidate,instruction,base,16,mmd_rbf,0.015675006434321404,128
lot_paper_reasoning__v1,candidate,instruction,base,16,projected_js,0.06996948726009578,128
lot_paper_reasoning__v1,candidate,instruction,base,17,mmd_rbf,0.015479996800422668,128
lot_paper_reasoning__v1,candidate,instruction,base,17,projected_js,0.07373963546706364,128
lot_paper_reasoning__v1,candidate,instruction,base,18,mmd_rbf,0.017467999830842018,128
lot_paper_reasoning__v1,candidate,instruction,base,18,projected_js,0.076560087967664,128
lot_paper_reasoning__v1,candidate,instruction,base,19,mmd_rbf,0.018889060243964195,128
lot_paper_reasoning__v1,candidate,instruction,base,19,projected_js,0.07269347732653841,128
lot_paper_reasoning__v1,candidate,instruction,base,20,mmd_rbf,0.018972035497426987,128
lot_paper_reasoning__v1,candidate,instruction,base,20,projected_js,0.07160171575378627,128
lot_paper_reasoning__v1,candidate,instruction,base,21,mmd_rbf,0.020527847111225128,128
lot_paper_reasoning__v1,candidate,instruction,base,21,projected_js,0.07736784114968032,128
lot_paper_reasoning__v1,candidate,instruction,base,22,mmd_rbf,0.020036516711115837,128
lot_paper_reasoning__v1,candidate,instruction,base,22,projected_js,0.07315065170405433,128
lot_paper_reasoning__v1,candidate,instruction,base,23,mmd_rbf,0.018219878897070885,128
lot_paper_reasoning__v1,candidate,instruction,base,23,projected_js,0.07406228355830535,128
lot_paper_reasoning__v1,candidate,instruction,base,24,mmd_rbf,0.017268186435103416,128
lot_paper_reasoning__v1,candidate,instruction,base,24,projected_js,0.07803236332256347,128
lot_paper_reasoning__v1,candidate,instruction,base,25,mmd_rbf,0.015707125887274742,128
lot_paper_reasoning__v1,candidate,instruction,base,25,projected_js,0.0701580255990848,128
lot_paper_reasoning__v1,candidate,instruction,base,26,mmd_rbf,0.014943057671189308,128
lot_paper_reasoning__v1,candidate,instruction,base,26,projected_js,0.06593951128888875,128
lot_paper_reasoning__v1,candidate,instruction,base,27,mmd_rbf,0.014278416521847248,128
lot_paper_reasoning__v1,candidate,instruction,base,27,projected_js,0.07120211137225851,128
lot_paper_reasoning__v1,candidate,instruction,base,28,mmd_rbf,0.013420233502984047,128
lot_paper_reasoning__v1,candidate,instruction,base,28,projected_js,0.06859383877599612,128
lot_paper_reasoning__v1,candidate,instruction,base,29,mmd_rbf,0.01261893194168806,128
lot_paper_reasoning__v1,candidate,instruction,base,29,projected_js,0.06828995473915711,128
lot_paper_reasoning__v1,candidate,instruction,base,30,mmd_rbf,0.012264191173017025,128
lot_paper_reasoning__v1,candidate,instruction,base,30,projected_js,0.06997774034971371,128
lot_paper_reasoning__v1,candidate,instruction,base,31,mmd_rbf,0.01184877660125494,128
lot_paper_reasoning__v1,candidate,instruction,base,31,projected_js,0.06736017044750042,128
lot_paper_reasoning__v1,candidate,instruction,base,32,mmd_rbf,0.012432101182639599,128
lot_paper_reasoning__v1,candidate,instruction,base,32,projected_js,0.06624749337788671,128
lot_paper_reasoning__v1,candidate,instruction,base,33,mmd_rbf,0.012174404226243496,128
lot_paper_reasoning__v1,candidate,instruction,base,33,projected_js,0.0668592665460892,128
lot_paper_reasoning__v1,candidate,instruction,base,34,mmd_rbf,0.017412154003977776,128
lot_paper_reasoning__v1,candidate,instruction,base,34,projected_js,0.07705339585663751,128
lot_paper_reasoning__v1,candidate,instruction,base,35,mmd_rbf,0.05044323205947876,128
lot_paper_reasoning__v1,candidate,instruction,base,35,projected_js,0.10388809093274176,128
lot_paper_reasoning__v1,candidate,instruction,instr_only,0,mmd_rbf,0.002277478575706482,128
lot_paper_reasoning__v1,candidate,instruction,instr_only,0,projected_js,0.040994937502546236,128
lot_paper_reasoning__v1,candidate,instruction,instr_only,1,mmd_rbf,0.004962079226970673,128
lot_paper_reasoning__v1,candidate,instruction,instr_only,1,projected_js,0.04648225684650242,128
lot_paper_reasoning__v1,candidate,instruction,instr_only,2,mmd_rbf,0.00885030161589384,128
lot_paper_reasoning__v1,candidate,instruction,instr_only,2,projected_js,0.055078202654840425,128
lot_paper_reasoning__v1,candidate,instruction,instr_only,3,mmd_rbf,0.008547615259885788,128
lot_paper_reasoning__v1,candidate,instruction,instr_only,3,projected_js,0.05546220950782299,128
lot_paper_reasoning__v1,candidate,instruction,instr_only,4,mmd_rbf,0.008896417915821075,128
lot_paper_reasoning__v1,candidate,instruction,instr_only,4,projected_js,0.0557067494810326,128
lot_paper_reasoning__v1,candidate,instruction,instr_only,5,mmd_rbf,0.00987230148166418,128
lot_paper_reasoning__v1,candidate,instruction,instr_only,5,projected_js,0.06092008831910789,128
lot_paper_reasoning__v1,candidate,instruction,instr_only,6,mmd_rbf,0.007871515117585659,128
lot_paper_reasoning__v1,candidate,instruction,instr_only,6,projected_js,0.05738285242114216,128
lot_paper_reasoning__v1,candidate,instruction,instr_only,7,mmd_rbf,0.007185594644397497,128
lot_paper_reasoning__v1,candidate,instruction,instr_only,7,projected_js,0.06292333616875112,128
lot_paper_reasoning__v1,candidate,instruction,instr_only,8,mmd_rbf,0.006294094026088715,128
lot_paper_reasoning__v1,candidate,instruction,instr_only,8,projected_js,0.058605908998288214,128
lot_paper_reasoning__v1,candidate,instruction,instr_only,9,mmd_rbf,0.00630358187481761,128
lot_paper_reasoning__v1,candidate,instruction,instr_only,9,projected_js,0.06385983608197421,128
lot_paper_reasoning__v1,candidate,instruction,instr_only,10,mmd_rbf,0.00716019282117486,128
lot_paper_reasoning__v1,candidate,instruction,instr_only,10,projected_js,0.061548317346023396,128
lot_paper_reasoning__v1,candidate,instruction,instr_only,11,mmd_rbf,0.006900222040712833,128
lot_paper_reasoning__v1,candidate,instruction,instr_only,11,projected_js,0.06763927947031334,128
lot_paper_reasoning__v1,candidate,instruction,instr_only,12,mmd_rbf,0.00725710391998291,128
lot_paper_reasoning__v1,candidate,instruction,instr_only,12,projected_js,0.06574823471601121,128
lot_paper_reasoning__v1,candidate,instruction,instr_only,13,mmd_rbf,0.007557286415249109,128
lot_paper_reasoning__v1,candidate,instruction,instr_only,13,projected_js,0.06654219061601907,128
lot_paper_reasoning__v1,candidate,instruction,instr_only,14,mmd_rbf,0.007520506624132395,128
lot_paper_reasoning__v1,candidate,instruction,instr_only,14,projected_js,0.06644179456634447,128
lot_paper_reasoning__v1,candidate,instruction,instr_only,15,mmd_rbf,0.007815835066139698,128
lot_paper_reasoning__v1,candidate,instruction,instr_only,15,projected_js,0.06642211053986102,128
lot_paper_reasoning__v1,candidate,instruction,instr_only,16,mmd_rbf,0.008041786961257458,128
lot_paper_reasoning__v1,candidate,instruction,instr_only,16,projected_js,0.0666688071214594,128
lot_paper_reasoning__v1,candidate,instruction,instr_only,17,mmd_rbf,0.008392591029405594,128
lot_paper_reasoning__v1,candidate,instruction,instr_only,17,projected_js,0.06915620982181281,128
lot_paper_reasoning__v1,candidate,instruction,instr_only,18,mmd_rbf,0.009601115249097347,128
lot_paper_reasoning__v1,candidate,instruction,instr_only,18,projected_js,0.06804834632202983,128
lot_paper_reasoning__v1,candidate,instruction,instr_only,19,mmd_rbf,0.010192105546593666,128
lot_paper_reasoning__v1,candidate,instruction,instr_only,19,projected_js,0.06702139816479757,128
lot_paper_reasoning__v1,candidate,instruction,instr_only,20,mmd_rbf,0.010298225097358227,128
lot_paper_reasoning__v1,candidate,instruction,instr_only,20,projected_js,0.06953399092890322,128
lot_paper_reasoning__v1,candidate,instruction,instr_only,21,mmd_rbf,0.01131049357354641,128
lot_paper_reasoning__v1,candidate,instruction,instr_only,21,projected_js,0.0703462396049872,128
lot_paper_reasoning__v1,candidate,instruction,instr_only,22,mmd_rbf,0.011261931620538235,128
lot_paper_reasoning__v1,candidate,instruction,instr_only,22,projected_js,0.07195850287098438,128
lot_paper_reasoning__v1,candidate,instruction,instr_only,23,mmd_rbf,0.010678618215024471,128
lot_paper_reasoning__v1,candidate,instruction,instr_only,23,projected_js,0.06976152435527183,128
lot_paper_reasoning__v1,candidate,instruction,instr_only,24,mmd_rbf,0.011087332852184772,128
lot_paper_reasoning__v1,candidate,instruction,instr_only,24,projected_js,0.0715184363652952,128
lot_paper_reasoning__v1,candidate,instruction,instr_only,25,mmd_rbf,0.011226368136703968,128
lot_paper_reasoning__v1,candidate,instruction,instr_only,25,projected_js,0.06969137495616451,128
lot_paper_reasoning__v1,candidate,instruction,instr_only,26,mmd_rbf,0.011719736270606518,128
lot_paper_reasoning__v1,candidate,instruction,instr_only,26,projected_js,0.06983597273938358,128
lot_paper_reasoning__v1,candidate,instruction,instr_only,27,mmd_rbf,0.011634630151093006,128
lot_paper_reasoning__v1,candidate,instruction,instr_only,27,projected_js,0.06783575483132154,128
lot_paper_reasoning__v1,candidate,instruction,instr_only,28,mmd_rbf,0.011675259098410606,128
lot_paper_reasoning__v1,candidate,instruction,instr_only,28,projected_js,0.06812168189208023,128
lot_paper_reasoning__v1,candidate,instruction,instr_only,29,mmd_rbf,0.011063828133046627,128
lot_paper_reasoning__v1,candidate,instruction,instr_only,29,projected_js,0.0654073687037453,128
lot_paper_reasoning__v1,candidate,instruction,instr_only,30,mmd_rbf,0.011002597399055958,128
lot_paper_reasoning__v1,candidate,instruction,instr_only,30,projected_js,0.06738407144439407,128
lot_paper_reasoning__v1,candidate,instruction,instr_only,31,mmd_rbf,0.011110611259937286,128
lot_paper_reasoning__v1,candidate,instruction,instr_only,31,projected_js,0.06646093161543831,128
lot_paper_reasoning__v1,candidate,instruction,instr_only,32,mmd_rbf,0.010923457331955433,128
lot_paper_reasoning__v1,candidate,instruction,instr_only,32,projected_js,0.06761238351464272,128
lot_paper_reasoning__v1,candidate,instruction,instr_only,33,mmd_rbf,0.010761807672679424,128
lot_paper_reasoning__v1,candidate,instruction,instr_only,33,projected_js,0.06825565022882074,128
lot_paper_reasoning__v1,candidate,instruction,instr_only,34,mmd_rbf,0.012202002108097076,128
lot_paper_reasoning__v1,candidate,instruction,instr_only,34,projected_js,0.07256987493019551,128
lot_paper_reasoning__v1,candidate,instruction,instr_only,35,mmd_rbf,0.04129759594798088,128
lot_paper_reasoning__v1,candidate,instruction,instr_only,35,projected_js,0.09699160791933537,128
lot_paper_reasoning__v1,candidate,instruction,reasoning_only,0,mmd_rbf,0.006128987763077021,128
lot_paper_reasoning__v1,candidate,instruction,reasoning_only,0,projected_js,0.057066467677941546,128
lot_paper_reasoning__v1,candidate,instruction,reasoning_only,1,mmd_rbf,0.008167031221091747,128
lot_paper_reasoning__v1,candidate,instruction,reasoning_only,1,projected_js,0.05663204984739423,128
lot_paper_reasoning__v1,candidate,instruction,reasoning_only,2,mmd_rbf,0.010437415912747383,128
lot_paper_reasoning__v1,candidate,instruction,reasoning_only,2,projected_js,0.05996906929067336,128
lot_paper_reasoning__v1,candidate,instruction,reasoning_only,3,mmd_rbf,0.010793033055961132,128
lot_paper_reasoning__v1,candidate,instruction,reasoning_only,3,projected_js,0.06180159968789667,128
lot_paper_reasoning__v1,candidate,instruction,reasoning_only,4,mmd_rbf,0.011118310503661633,128
lot_paper_reasoning__v1,candidate,instruction,reasoning_only,4,projected_js,0.06633341312408447,128
lot_paper_reasoning__v1,candidate,instruction,reasoning_only,5,mmd_rbf,0.010932303965091705,128
lot_paper_reasoning__v1,candidate,instruction,reasoning_only,5,projected_js,0.06239953398471698,128
lot_paper_reasoning__v1,candidate,instruction,reasoning_only,6,mmd_rbf,0.008574211038649082,128
lot_paper_reasoning__v1,candidate,instruction,reasoning_only,6,projected_js,0.06161789409816265,128
lot_paper_reasoning__v1,candidate,instruction,reasoning_only,7,mmd_rbf,0.008907427079975605,128
lot_paper_reasoning__v1,candidate,instruction,reasoning_only,7,projected_js,0.0658676243328955,128
lot_paper_reasoning__v1,candidate,instruction,reasoning_only,8,mmd_rbf,0.0073638916946947575,128
lot_paper_reasoning__v1,candidate,instruction,reasoning_only,8,projected_js,0.06503689053351991,128
lot_paper_reasoning__v1,candidate,instruction,reasoning_only,9,mmd_rbf,0.0073280008509755135,128
lot_paper_reasoning__v1,candidate,instruction,reasoning_only,9,projected_js,0.06258435169002041,128
lot_paper_reasoning__v1,candidate,instruction,reasoning_only,10,mmd_rbf,0.008019967004656792,128
lot_paper_reasoning__v1,candidate,instruction,reasoning_only,10,projected_js,0.0662185002292972,128
lot_paper_reasoning__v1,candidate,instruction,reasoning_only,11,mmd_rbf,0.0076573132537305355,128
lot_paper_reasoning__v1,candidate,instruction,reasoning_only,11,projected_js,0.06277670175768435,128
lot_paper_reasoning__v1,candidate,instruction,reasoning_only,12,mmd_rbf,0.0077711897902190685,128
lot_paper_reasoning__v1,candidate,instruction,reasoning_only,12,projected_js,0.06537944110459648,128
lot_paper_reasoning__v1,candidate,instruction,reasoning_only,13,mmd_rbf,0.007865994237363338,128
lot_paper_reasoning__v1,candidate,instruction,reasoning_only,13,projected_js,0.06741221772972494,128
lot_paper_reasoning__v1,candidate,instruction,reasoning_only,14,mmd_rbf,0.007771073374897242,128
lot_paper_reasoning__v1,candidate,instruction,reasoning_only,14,projected_js,0.06443707516882569,128
lot_paper_reasoning__v1,candidate,instruction,reasoning_only,15,mmd_rbf,0.008266063407063484,128
lot_paper_reasoning__v1,candidate,instruction,reasoning_only,15,projected_js,0.06737332593183964,128
lot_paper_reasoning__v1,candidate,instruction,reasoning_only,16,mmd_rbf,0.008606448769569397,128
lot_paper_reasoning__v1,candidate,instruction,reasoning_only,16,projected_js,0.06525467353640124,128
lot_paper_reasoning__v1,candidate,instruction,reasoning_only,17,mmd_rbf,0.008219325914978981,128
lot_paper_reasoning__v1,candidate,instruction,reasoning_only,17,projected_js,0.06413099478231743,128
lot_paper_reasoning__v1,candidate,instruction,reasoning_only,18,mmd_rbf,0.009053545072674751,128
lot_paper_reasoning__v1,candidate,instruction,reasoning_only,18,projected_js,0.06357843201840296,128
lot_paper_reasoning__v1,candidate,instruction,reasoning_only,19,mmd_rbf,0.009144255891442299,128
lot_paper_reasoning__v1,candidate,instruction,reasoning_only,19,projected_js,0.06641429342562333,128
lot_paper_reasoning__v1,candidate,instruction,reasoning_only,20,mmd_rbf,0.00887337140738964,128
lot_paper_reasoning__v1,candidate,instruction,reasoning_only,20,projected_js,0.06487179949181154,128
lot_paper_reasoning__v1,candidate,instruction,reasoning_only,21,mmd_rbf,0.009531950578093529,128
lot_paper_reasoning__v1,candidate,instruction,reasoning_only,21,projected_js,0.06837325810920447,128
lot_paper_reasoning__v1,candidate,instruction,reasoning_only,22,mmd_rbf,0.008963136933743954,128
lot_paper_reasoning__v1,candidate,instruction,reasoning_only,22,projected_js,0.07007613408495672,128
lot_paper_reasoning__v1,candidate,instruction,reasoning_only,23,mmd_rbf,0.00796609278768301,128
lot_paper_reasoning__v1,candidate,instruction,reasoning_only,23,projected_js,0.06671610940247774,128
lot_paper_reasoning__v1,candidate,instruction,reasoning_only,24,mmd_rbf,0.00804658979177475,128
lot_paper_reasoning__v1,candidate,instruction,reasoning_only,24,projected_js,0.0683374346117489,128
lot_paper_reasoning__v1,candidate,instruction,reasoning_only,25,mmd_rbf,0.007933588698506355,128
lot_paper_reasoning__v1,candidate,instruction,reasoning_only,25,projected_js,0.07035698759136721,128
lot_paper_reasoning__v1,candidate,instruction,reasoning_only,26,mmd_rbf,0.008182822726666927,128
lot_paper_reasoning__v1,candidate,instruction,reasoning_only,26,projected_js,0.06520541844656691,128
lot_paper_reasoning__v1,candidate,instruction,reasoning_only,27,mmd_rbf,0.008215143345296383,128
lot_paper_reasoning__v1,candidate,instruction,reasoning_only,27,projected_js,0.06835780927212909,128
lot_paper_reasoning__v1,candidate,instruction,reasoning_only,28,mmd_rbf,0.008183993399143219,128
lot_paper_reasoning__v1,candidate,instruction,reasoning_only,28,projected_js,0.0647735548845958,128
lot_paper_reasoning__v1,candidate,instruction,reasoning_only,29,mmd_rbf,0.008129434660077095,128
lot_paper_reasoning__v1,candidate,instruction,reasoning_only,29,projected_js,0.06448963287402876,128
lot_paper_reasoning__v1,candidate,instruction,reasoning_only,30,mmd_rbf,0.008480783551931381,128
lot_paper_reasoning__v1,candidate,instruction,reasoning_only,30,projected_js,0.06707999127684161,128
lot_paper_reasoning__v1,candidate,instruction,reasoning_only,31,mmd_rbf,0.00843652244657278,128
lot_paper_reasoning__v1,candidate,instruction,reasoning_only,31,projected_js,0.06265446339966729,128
lot_paper_reasoning__v1,candidate,instruction,reasoning_only,32,mmd_rbf,0.008384077809751034,128
lot_paper_reasoning__v1,candidate,instruction,reasoning_only,32,projected_js,0.06660395703511313,128
lot_paper_reasoning__v1,candidate,instruction,reasoning_only,33,mmd_rbf,0.008137836121022701,128
lot_paper_reasoning__v1,candidate,instruction,reasoning_only,33,projected_js,0.06498739251401275,128
lot_paper_reasoning__v1,candidate,instruction,reasoning_only,34,mmd_rbf,0.008699890226125717,128
lot_paper_reasoning__v1,candidate,instruction,reasoning_only,34,projected_js,0.06881053076358512,128
lot_paper_reasoning__v1,candidate,instruction,reasoning_only,35,mmd_rbf,0.014734307304024696,128
lot_paper_reasoning__v1,candidate,instruction,reasoning_only,35,projected_js,0.06158000137656927,128
lot_paper_reasoning__v1,candidate,instruction,uncensored_only,0,mmd_rbf,0.005393338389694691,128
lot_paper_reasoning__v1,candidate,instruction,uncensored_only,0,projected_js,0.05234890754218213,128
lot_paper_reasoning__v1,candidate,instruction,uncensored_only,1,mmd_rbf,0.13267602026462555,128
lot_paper_reasoning__v1,candidate,instruction,uncensored_only,1,projected_js,0.15887098011444323,128
lot_paper_reasoning__v1,candidate,instruction,uncensored_only,2,mmd_rbf,0.12666502594947815,128
lot_paper_reasoning__v1,candidate,instruction,uncensored_only,2,projected_js,0.1439874189090915,128
lot_paper_reasoning__v1,candidate,instruction,uncensored_only,3,mmd_rbf,0.09706304222345352,128
lot_paper_reasoning__v1,candidate,instruction,uncensored_only,3,projected_js,0.11969909281469882,128
lot_paper_reasoning__v1,candidate,instruction,uncensored_only,4,mmd_rbf,0.07067380100488663,128
lot_paper_reasoning__v1,candidate,instruction,uncensored_only,4,projected_js,0.11999506398569793,128
lot_paper_reasoning__v1,candidate,instruction,uncensored_only,5,mmd_rbf,0.05597355589270592,128
lot_paper_reasoning__v1,candidate,instruction,uncensored_only,5,projected_js,0.10302651498932391,128
lot_paper_reasoning__v1,candidate,instruction,uncensored_only,6,mmd_rbf,0.0343119241297245,128
lot_paper_reasoning__v1,candidate,instruction,uncensored_only,6,projected_js,0.09054093359736726,128
lot_paper_reasoning__v1,candidate,instruction,uncensored_only,7,mmd_rbf,0.027691518887877464,128
lot_paper_reasoning__v1,candidate,instruction,uncensored_only,7,projected_js,0.08707118988968432,128
lot_paper_reasoning__v1,candidate,instruction,uncensored_only,8,mmd_rbf,0.01929546147584915,128
lot_paper_reasoning__v1,candidate,instruction,uncensored_only,8,projected_js,0.07660654428764246,128
lot_paper_reasoning__v1,candidate,instruction,uncensored_only,9,mmd_rbf,0.016259366646409035,128
lot_paper_reasoning__v1,candidate,instruction,uncensored_only,9,projected_js,0.07237210744642653,128
lot_paper_reasoning__v1,candidate,instruction,uncensored_only,10,mmd_rbf,0.015089212916791439,128
lot_paper_reasoning__v1,candidate,instruction,uncensored_only,10,projected_js,0.07032207062002271,128
lot_paper_reasoning__v1,candidate,instruction,uncensored_only,11,mmd_rbf,0.013041326776146889,128
lot_paper_reasoning__v1,candidate,instruction,uncensored_only,11,projected_js,0.06976874408428557,128
lot_paper_reasoning__v1,candidate,instruction,uncensored_only,12,mmd_rbf,0.013260371051728725,128
lot_paper_reasoning__v1,candidate,instruction,uncensored_only,12,projected_js,0.07125881509273313,128
lot_paper_reasoning__v1,candidate,instruction,uncensored_only,13,mmd_rbf,0.014301498420536518,128
lot_paper_reasoning__v1,candidate,instruction,uncensored_only,13,projected_js,0.07344411819940433,128
lot_paper_reasoning__v1,candidate,instruction,uncensored_only,14,mmd_rbf,0.015117162838578224,128
lot_paper_reasoning__v1,candidate,instruction,uncensored_only,14,projected_js,0.07220767613034695,128
lot_paper_reasoning__v1,candidate,instruction,uncensored_only,15,mmd_rbf,0.018043754622340202,128
lot_paper_reasoning__v1,candidate,instruction,uncensored_only,15,projected_js,0.07624374434817582,128
lot_paper_reasoning__v1,candidate,instruction,uncensored_only,16,mmd_rbf,0.018957829102873802,128
lot_paper_reasoning__v1,candidate,instruction,uncensored_only,16,projected_js,0.07495047390693799,128
lot_paper_reasoning__v1,candidate,instruction,uncensored_only,17,mmd_rbf,0.018543679267168045,128
lot_paper_reasoning__v1,candidate,instruction,uncensored_only,17,projected_js,0.07425320614129305,128
lot_paper_reasoning__v1,candidate,instruction,uncensored_only,18,mmd_rbf,0.019583826884627342,128
lot_paper_reasoning__v1,candidate,instruction,uncensored_only,18,projected_js,0.07775181566830724,128
lot_paper_reasoning__v1,candidate,instruction,uncensored_only,19,mmd_rbf,0.018860775977373123,128
lot_paper_reasoning__v1,candidate,instruction,uncensored_only,19,projected_js,0.0740513430791907,128
lot_paper_reasoning__v1,candidate,instruction,uncensored_only,20,mmd_rbf,0.018919413909316063,128
lot_paper_reasoning__v1,candidate,instruction,uncensored_only,20,projected_js,0.07378115621395409,128
lot_paper_reasoning__v1,candidate,instruction,uncensored_only,21,mmd_rbf,0.019884798675775528,128
lot_paper_reasoning__v1,candidate,instruction,uncensored_only,21,projected_js,0.07635799853596836,128
lot_paper_reasoning__v1,candidate,instruction,uncensored_only,22,mmd_rbf,0.020085906609892845,128
lot_paper_reasoning__v1,candidate,instruction,uncensored_only,22,projected_js,0.0802183689083904,128
lot_paper_reasoning__v1,candidate,instruction,uncensored_only,23,mmd_rbf,0.019127771258354187,128
lot_paper_reasoning__v1,candidate,instruction,uncensored_only,23,projected_js,0.07635257724905387,128
lot_paper_reasoning__v1,candidate,instruction,uncensored_only,24,mmd_rbf,0.020437244325876236,128
lot_paper_reasoning__v1,candidate,instruction,uncensored_only,24,projected_js,0.07645056839101017,128
lot_paper_reasoning__v1,candidate,instruction,uncensored_only,25,mmd_rbf,0.021022114902734756,128
lot_paper_reasoning__v1,candidate,instruction,uncensored_only,25,projected_js,0.08257852937094867,128
lot_paper_reasoning__v1,candidate,instruction,uncensored_only,26,mmd_rbf,0.021271292120218277,128
lot_paper_reasoning__v1,candidate,instruction,uncensored_only,26,projected_js,0.08004988793982193,128
lot_paper_reasoning__v1,candidate,instruction,uncensored_only,27,mmd_rbf,0.020991487428545952,128
lot_paper_reasoning__v1,candidate,instruction,uncensored_only,27,projected_js,0.08150281134294346,128
lot_paper_reasoning__v1,candidate,instruction,uncensored_only,28,mmd_rbf,0.01966947689652443,128
lot_paper_reasoning__v1,candidate,instruction,uncensored_only,28,projected_js,0.07493008964229375,128
lot_paper_reasoning__v1,candidate,instruction,uncensored_only,29,mmd_rbf,0.01861409842967987,128
lot_paper_reasoning__v1,candidate,instruction,uncensored_only,29,projected_js,0.07425658975262195,128
lot_paper_reasoning__v1,candidate,instruction,uncensored_only,30,mmd_rbf,0.018886612728238106,128
lot_paper_reasoning__v1,candidate,instruction,uncensored_only,30,projected_js,0.07203447935171425,128
lot_paper_reasoning__v1,candidate,instruction,uncensored_only,31,mmd_rbf,0.018504222854971886,128
lot_paper_reasoning__v1,candidate,instruction,uncensored_only,31,projected_js,0.07243767578620464,128
lot_paper_reasoning__v1,candidate,instruction,uncensored_only,32,mmd_rbf,0.018198587000370026,128
lot_paper_reasoning__v1,candidate,instruction,uncensored_only,32,projected_js,0.0727738103014417,128
lot_paper_reasoning__v1,candidate,instruction,uncensored_only,33,mmd_rbf,0.018082667142152786,128
lot_paper_reasoning__v1,candidate,instruction,uncensored_only,33,projected_js,0.07398323062807322,128
lot_paper_reasoning__v1,candidate,instruction,uncensored_only,34,mmd_rbf,0.01915830187499523,128
lot_paper_reasoning__v1,candidate,instruction,uncensored_only,34,projected_js,0.0776441860361956,128
lot_paper_reasoning__v1,candidate,instruction,uncensored_only,35,mmd_rbf,0.04987668618559837,128
lot_paper_reasoning__v1,candidate,instruction,uncensored_only,35,projected_js,0.09665616520214826,128
lot_paper_reasoning__v1,candidate,reasoning,base,0,mmd_rbf,0.0029270232189446688,128
lot_paper_reasoning__v1,candidate,reasoning,base,0,projected_js,0.04454225581139326,128
lot_paper_reasoning__v1,candidate,reasoning,base,1,mmd_rbf,0.006798990070819855,128
lot_paper_reasoning__v1,candidate,reasoning,base,1,projected_js,0.04929708183044568,128
lot_paper_reasoning__v1,candidate,reasoning,base,2,mmd_rbf,0.008887535892426968,128
lot_paper_reasoning__v1,candidate,reasoning,base,2,projected_js,0.05723871971713379,128
lot_paper_reasoning__v1,candidate,reasoning,base,3,mmd_rbf,0.00997846107929945,128
lot_paper_reasoning__v1,candidate,reasoning,base,3,projected_js,0.059684960811864585,128
lot_paper_reasoning__v1,candidate,reasoning,base,4,mmd_rbf,0.009841411374509335,128
lot_paper_reasoning__v1,candidate,reasoning,base,4,projected_js,0.05667929456103593,128
lot_paper_reasoning__v1,candidate,reasoning,base,5,mmd_rbf,0.008724423125386238,128
lot_paper_reasoning__v1,candidate,reasoning,base,5,projected_js,0.05988757393788546,128
lot_paper_reasoning__v1,candidate,reasoning,base,6,mmd_rbf,0.00647238502278924,128
lot_paper_reasoning__v1,candidate,reasoning,base,6,projected_js,0.055035532102920115,128
lot_paper_reasoning__v1,candidate,reasoning,base,7,mmd_rbf,0.006321479566395283,128
lot_paper_reasoning__v1,candidate,reasoning,base,7,projected_js,0.056458863837178797,128
lot_paper_reasoning__v1,candidate,reasoning,base,8,mmd_rbf,0.005898708011955023,128
lot_paper_reasoning__v1,candidate,reasoning,base,8,projected_js,0.05820589867653325,128
lot_paper_reasoning__v1,candidate,reasoning,base,9,mmd_rbf,0.006342217326164246,128
lot_paper_reasoning__v1,candidate,reasoning,base,9,projected_js,0.05884759628679603,128
lot_paper_reasoning__v1,candidate,reasoning,base,10,mmd_rbf,0.006970745511353016,128
lot_paper_reasoning__v1,candidate,reasoning,base,10,projected_js,0.05529008983285166,128
lot_paper_reasoning__v1,candidate,reasoning,base,11,mmd_rbf,0.006839674897491932,128
lot_paper_reasoning__v1,candidate,reasoning,base,11,projected_js,0.05884131451603025,128
lot_paper_reasoning__v1,candidate,reasoning,base,12,mmd_rbf,0.007314776070415974,128
lot_paper_reasoning__v1,candidate,reasoning,base,12,projected_js,0.059355466277338564,128
lot_paper_reasoning__v1,candidate,reasoning,base,13,mmd_rbf,0.007513321936130524,128
lot_paper_reasoning__v1,candidate,reasoning,base,13,projected_js,0.061959351878613234,128
lot_paper_reasoning__v1,candidate,reasoning,base,14,mmd_rbf,0.007891333661973476,128
lot_paper_reasoning__v1,candidate,reasoning,base,14,projected_js,0.06250567705137655,128
lot_paper_reasoning__v1,candidate,reasoning,base,15,mmd_rbf,0.008774449117481709,128
lot_paper_reasoning__v1,candidate,reasoning,base,15,projected_js,0.058391698490595445,128
lot_paper_reasoning__v1,candidate,reasoning,base,16,mmd_rbf,0.009806597605347633,128
lot_paper_reasoning__v1,candidate,reasoning,base,16,projected_js,0.06290139161865227,128
lot_paper_reasoning__v1,candidate,reasoning,base,17,mmd_rbf,0.009727741591632366,128
lot_paper_reasoning__v1,candidate,reasoning,base,17,projected_js,0.0612847195006907,128
lot_paper_reasoning__v1,candidate,reasoning,base,18,mmd_rbf,0.010852576233446598,128
lot_paper_reasoning__v1,candidate,reasoning,base,18,projected_js,0.06397209624992684,128
lot_paper_reasoning__v1,candidate,reasoning,base,19,mmd_rbf,0.01139203179627657,128
lot_paper_reasoning__v1,candidate,reasoning,base,19,projected_js,0.06535769740003161,128
lot_paper_reasoning__v1,candidate,reasoning,base,20,mmd_rbf,0.010927337221801281,128
lot_paper_reasoning__v1,candidate,reasoning,base,20,projected_js,0.06497897283406928,128
lot_paper_reasoning__v1,candidate,reasoning,base,21,mmd_rbf,0.011302460916340351,128
lot_paper_reasoning__v1,candidate,reasoning,base,21,projected_js,0.06527636834653094,128
lot_paper_reasoning__v1,candidate,reasoning,base,22,mmd_rbf,0.01032939925789833,128
lot_paper_reasoning__v1,candidate,reasoning,base,22,projected_js,0.06170662818476558,128
lot_paper_reasoning__v1,candidate,reasoning,base,23,mmd_rbf,0.009516200982034206,128
lot_paper_reasoning__v1,candidate,reasoning,base,23,projected_js,0.05913271493045613,128
lot_paper_reasoning__v1,candidate,reasoning,base,24,mmd_rbf,0.00843462161719799,128
lot_paper_reasoning__v1,candidate,reasoning,base,24,projected_js,0.059833532373886555,128
lot_paper_reasoning__v1,candidate,reasoning,base,25,mmd_rbf,0.007514521479606628,128
lot_paper_reasoning__v1,candidate,reasoning,base,25,projected_js,0.05993993626907468,128
lot_paper_reasoning__v1,candidate,reasoning,base,26,mmd_rbf,0.007054850459098816,128
lot_paper_reasoning__v1,candidate,reasoning,base,26,projected_js,0.06111172848613933,128
lot_paper_reasoning__v1,candidate,reasoning,base,27,mmd_rbf,0.006948284804821014,128
lot_paper_reasoning__v1,candidate,reasoning,base,27,projected_js,0.06298101009451784,128
lot_paper_reasoning__v1,candidate,reasoning,base,28,mmd_rbf,0.0069799101911485195,128
lot_paper_reasoning__v1,candidate,reasoning,base,28,projected_js,0.06271461650612764,128
lot_paper_reasoning__v1,candidate,reasoning,base,29,mmd_rbf,0.00686669209972024,128
lot_paper_reasoning__v1,candidate,reasoning,base,29,projected_js,0.06083056749776006,128
lot_paper_reasoning__v1,candidate,reasoning,base,30,mmd_rbf,0.006778267212212086,128
lot_paper_reasoning__v1,candidate,reasoning,base,30,projected_js,0.059238291752990335,128
lot_paper_reasoning__v1,candidate,reasoning,base,31,mmd_rbf,0.006692990195006132,128
lot_paper_reasoning__v1,candidate,reasoning,base,31,projected_js,0.060677930479869246,128
lot_paper_reasoning__v1,candidate,reasoning,base,32,mmd_rbf,0.007356094662100077,128
lot_paper_reasoning__v1,candidate,reasoning,base,32,projected_js,0.061508808023063466,128
lot_paper_reasoning__v1,candidate,reasoning,base,33,mmd_rbf,0.007645994424819946,128
lot_paper_reasoning__v1,candidate,reasoning,base,33,projected_js,0.06181170389754698,128
lot_paper_reasoning__v1,candidate,reasoning,base,34,mmd_rbf,0.011338707059621811,128
lot_paper_reasoning__v1,candidate,reasoning,base,34,projected_js,0.0678409559186548,128
lot_paper_reasoning__v1,candidate,reasoning,base,35,mmd_rbf,0.052977826446294785,128
lot_paper_reasoning__v1,candidate,reasoning,base,35,projected_js,0.10222348978277296,128
lot_paper_reasoning__v1,candidate,reasoning,instr_only,0,mmd_rbf,0.0012038917047902942,128
lot_paper_reasoning__v1,candidate,reasoning,instr_only,0,projected_js,0.032958682713797316,128
lot_paper_reasoning__v1,candidate,reasoning,instr_only,1,mmd_rbf,0.0036557780113071203,128
lot_paper_reasoning__v1,candidate,reasoning,instr_only,1,projected_js,0.04468040962819941,128
lot_paper_reasoning__v1,candidate,reasoning,instr_only,2,mmd_rbf,0.005237981677055359,128
lot_paper_reasoning__v1,candidate,reasoning,instr_only,2,projected_js,0.05011796543840319,128
lot_paper_reasoning__v1,candidate,reasoning,instr_only,3,mmd_rbf,0.004686206113547087,128
lot_paper_reasoning__v1,candidate,reasoning,instr_only,3,projected_js,0.04984502654406242,128
lot_paper_reasoning__v1,candidate,reasoning,instr_only,4,mmd_rbf,0.004236530512571335,128
lot_paper_reasoning__v1,candidate,reasoning,instr_only,4,projected_js,0.04730742680840194,128
lot_paper_reasoning__v1,candidate,reasoning,instr_only,5,mmd_rbf,0.003905766410753131,128
lot_paper_reasoning__v1,candidate,reasoning,instr_only,5,projected_js,0.04459811808192171,128
lot_paper_reasoning__v1,candidate,reasoning,instr_only,6,mmd_rbf,0.0030526511836797,128
lot_paper_reasoning__v1,candidate,reasoning,instr_only,6,projected_js,0.050046686024870723,128
lot_paper_reasoning__v1,candidate,reasoning,instr_only,7,mmd_rbf,0.0031120777130126953,128
lot_paper_reasoning__v1,candidate,reasoning,instr_only,7,projected_js,0.053150163555983454,128
lot_paper_reasoning__v1,candidate,reasoning,instr_only,8,mmd_rbf,0.0028480198234319687,128
lot_paper_reasoning__v1,candidate,reasoning,instr_only,8,projected_js,0.04937322498881258,128
lot_paper_reasoning__v1,candidate,reasoning,instr_only,9,mmd_rbf,0.002926249522715807,128
lot_paper_reasoning__v1,candidate,reasoning,instr_only,9,projected_js,0.05135595178580843,128
lot_paper_reasoning__v1,candidate,reasoning,instr_only,10,mmd_rbf,0.003143783425912261,128
lot_paper_reasoning__v1,candidate,reasoning,instr_only,10,projected_js,0.053143302648095414,128
lot_paper_reasoning__v1,candidate,reasoning,instr_only,11,mmd_rbf,0.0029934768099337816,128
lot_paper_reasoning__v1,candidate,reasoning,instr_only,11,projected_js,0.05238093965454027,128
lot_paper_reasoning__v1,candidate,reasoning,instr_only,12,mmd_rbf,0.003141288412734866,128
lot_paper_reasoning__v1,candidate,reasoning,instr_only,12,projected_js,0.05301697360118851,128
lot_paper_reasoning__v1,candidate,reasoning,instr_only,13,mmd_rbf,0.0032584313303232193,128
lot_paper_reasoning__v1,candidate,reasoning,instr_only,13,projected_js,0.05288293078774586,128
lot_paper_reasoning__v1,candidate,reasoning,instr_only,14,mmd_rbf,0.0032793765421956778,128
lot_paper_reasoning__v1,candidate,reasoning,instr_only,14,projected_js,0.053942178026773036,128
lot_paper_reasoning__v1,candidate,reasoning,instr_only,15,mmd_rbf,0.003532166825607419,128
lot_paper_reasoning__v1,candidate,reasoning,instr_only,15,projected_js,0.05523887072922662,128
lot_paper_reasoning__v1,candidate,reasoning,instr_only,16,mmd_rbf,0.003749796887859702,128
lot_paper_reasoning__v1,candidate,reasoning,instr_only,16,projected_js,0.055855971499113366,128
lot_paper_reasoning__v1,candidate,reasoning,instr_only,17,mmd_rbf,0.003914562985301018,128
lot_paper_reasoning__v1,candidate,reasoning,instr_only,17,projected_js,0.05657857417827472,128
lot_paper_reasoning__v1,candidate,reasoning,instr_only,18,mmd_rbf,0.004307209979742765,128
lot_paper_reasoning__v1,candidate,reasoning,instr_only,18,projected_js,0.058244435203960165,128
lot_paper_reasoning__v1,candidate,reasoning,instr_only,19,mmd_rbf,0.004290423821657896,128
lot_paper_reasoning__v1,candidate,reasoning,instr_only,19,projected_js,0.05155044799903408,128
lot_paper_reasoning__v1,candidate,reasoning,instr_only,20,mmd_rbf,0.004272689111530781,128
lot_paper_reasoning__v1,candidate,reasoning,instr_only,20,projected_js,0.05585187766700983,128
lot_paper_reasoning__v1,candidate,reasoning,instr_only,21,mmd_rbf,0.004409924615174532,128
lot_paper_reasoning__v1,candidate,reasoning,instr_only,21,projected_js,0.05651311870315112,128
lot_paper_reasoning__v1,candidate,reasoning,instr_only,22,mmd_rbf,0.004119188990443945,128
lot_paper_reasoning__v1,candidate,reasoning,instr_only,22,projected_js,0.054471075476612896,128
lot_paper_reasoning__v1,candidate,reasoning,instr_only,23,mmd_rbf,0.0037318316753953695,128
lot_paper_reasoning__v1,candidate,reasoning,instr_only,23,projected_js,0.05592079379130155,128
lot_paper_reasoning__v1,candidate,reasoning,instr_only,24,mmd_rbf,0.0038080911617726088,128
lot_paper_reasoning__v1,candidate,reasoning,instr_only,24,projected_js,0.054408802854595706,128
lot_paper_reasoning__v1,candidate,reasoning,instr_only,25,mmd_rbf,0.0037067190278321505,128
lot_paper_reasoning__v1,candidate,reasoning,instr_only,25,projected_js,0.05378586097504012,128
lot_paper_reasoning__v1,candidate,reasoning,instr_only,26,mmd_rbf,0.003766911569982767,128
lot_paper_reasoning__v1,candidate,reasoning,instr_only,26,projected_js,0.054545170336496085,128
lot_paper_reasoning__v1,candidate,reasoning,instr_only,27,mmd_rbf,0.003817829070612788,128
lot_paper_reasoning__v1,candidate,reasoning,instr_only,27,projected_js,0.057966590160503983,128
lot_paper_reasoning__v1,candidate,reasoning,instr_only,28,mmd_rbf,0.004005701746791601,128
lot_paper_reasoning__v1,candidate,reasoning,instr_only,28,projected_js,0.05465483199805021,128
lot_paper_reasoning__v1,candidate,reasoning,instr_only,29,mmd_rbf,0.0040318528190255165,128
lot_paper_reasoning__v1,candidate,reasoning,instr_only,29,projected_js,0.055285477777943015,128
lot_paper_reasoning__v1,candidate,reasoning,instr_only,30,mmd_rbf,0.0042022294364869595,128
lot_paper_reasoning__v1,candidate,reasoning,instr_only,30,projected_js,0.05511686296085827,128
lot_paper_reasoning__v1,candidate,reasoning,instr_only,31,mmd_rbf,0.004510699305683374,128
lot_paper_reasoning__v1,candidate,reasoning,instr_only,31,projected_js,0.05724786515929736,128
lot_paper_reasoning__v1,candidate,reasoning,instr_only,32,mmd_rbf,0.004486830439418554,128
lot_paper_reasoning__v1,candidate,reasoning,instr_only,32,projected_js,0.05435273458715528,128
lot_paper_reasoning__v1,candidate,reasoning,instr_only,33,mmd_rbf,0.004505987744778395,128
lot_paper_reasoning__v1,candidate,reasoning,instr_only,33,projected_js,0.05598123581148684,128
lot_paper_reasoning__v1,candidate,reasoning,instr_only,34,mmd_rbf,0.004880707245320082,128
lot_paper_reasoning__v1,candidate,reasoning,instr_only,34,projected_js,0.057663231156766415,128
lot_paper_reasoning__v1,candidate,reasoning,instr_only,35,mmd_rbf,0.016587167978286743,128
lot_paper_reasoning__v1,candidate,reasoning,instr_only,35,projected_js,0.06591978308279067,128
lot_paper_reasoning__v1,candidate,reasoning,reasoning_only,0,mmd_rbf,0.004014548845589161,128
lot_paper_reasoning__v1,candidate,reasoning,reasoning_only,0,projected_js,0.04812692082487047,128
lot_paper_reasoning__v1,candidate,reasoning,reasoning_only,1,mmd_rbf,0.007082292344421148,128
lot_paper_reasoning__v1,candidate,reasoning,reasoning_only,1,projected_js,0.05518464490887709,128
lot_paper_reasoning__v1,candidate,reasoning,reasoning_only,2,mmd_rbf,0.009074944071471691,128
lot_paper_reasoning__v1,candidate,reasoning,reasoning_only,2,projected_js,0.05696222517872229,128
lot_paper_reasoning__v1,candidate,reasoning,reasoning_only,3,mmd_rbf,0.010629887692630291,128
lot_paper_reasoning__v1,candidate,reasoning,reasoning_only,3,projected_js,0.06204736395739019,128
lot_paper_reasoning__v1,candidate,reasoning,reasoning_only,4,mmd_rbf,0.009518776088953018,128
lot_paper_reasoning__v1,candidate,reasoning,reasoning_only,4,projected_js,0.060700476460624486,128
lot_paper_reasoning__v1,candidate,reasoning,reasoning_only,5,mmd_rbf,0.008170436136424541,128
lot_paper_reasoning__v1,candidate,reasoning,reasoning_only,5,projected_js,0.06172609742498025,128
lot_paper_reasoning__v1,candidate,reasoning,reasoning_only,6,mmd_rbf,0.0064025460742414,128
lot_paper_reasoning__v1,candidate,reasoning,reasoning_only,6,projected_js,0.05614162518759258,128
lot_paper_reasoning__v1,candidate,reasoning,reasoning_only,7,mmd_rbf,0.006796825677156448,128
lot_paper_reasoning__v1,candidate,reasoning,reasoning_only,7,projected_js,0.062493995239492506,128
lot_paper_reasoning__v1,candidate,reasoning,reasoning_only,8,mmd_rbf,0.00610753521323204,128
lot_paper_reasoning__v1,candidate,reasoning,reasoning_only,8,projected_js,0.05793467885814607,128
lot_paper_reasoning__v1,candidate,reasoning,reasoning_only,9,mmd_rbf,0.006291406694799662,128
lot_paper_reasoning__v1,candidate,reasoning,reasoning_only,9,projected_js,0.0635541170486249,128
lot_paper_reasoning__v1,candidate,reasoning,reasoning_only,10,mmd_rbf,0.006801185198128223,128
lot_paper_reasoning__v1,candidate,reasoning,reasoning_only,10,projected_js,0.06091525260126218,128
lot_paper_reasoning__v1,candidate,reasoning,reasoning_only,11,mmd_rbf,0.0063856313936412334,128
lot_paper_reasoning__v1,candidate,reasoning,reasoning_only,11,projected_js,0.05861232729512267,128
lot_paper_reasoning__v1,candidate,reasoning,reasoning_only,12,mmd_rbf,0.0062414901331067085,128
lot_paper_reasoning__v1,candidate,reasoning,reasoning_only,12,projected_js,0.0612431418558117,128
lot_paper_reasoning__v1,candidate,reasoning,reasoning_only,13,mmd_rbf,0.006367215421050787,128
lot_paper_reasoning__v1,candidate,reasoning,reasoning_only,13,projected_js,0.06040104434941895,128
lot_paper_reasoning__v1,candidate,reasoning,reasoning_only,14,mmd_rbf,0.006244167219847441,128
lot_paper_reasoning__v1,candidate,reasoning,reasoning_only,14,projected_js,0.05698602396296337,128
lot_paper_reasoning__v1,candidate,reasoning,reasoning_only,15,mmd_rbf,0.006744652986526489,128
lot_paper_reasoning__v1,candidate,reasoning,reasoning_only,15,projected_js,0.06122909937403165,128
lot_paper_reasoning__v1,candidate,reasoning,reasoning_only,16,mmd_rbf,0.0069007426500320435,128
lot_paper_reasoning__v1,candidate,reasoning,reasoning_only,16,projected_js,0.06136195099679753,128
lot_paper_reasoning__v1,candidate,reasoning,reasoning_only,17,mmd_rbf,0.006583810783922672,128
lot_paper_reasoning__v1,candidate,reasoning,reasoning_only,17,projected_js,0.05814114474924281,128
lot_paper_reasoning__v1,candidate,reasoning,reasoning_only,18,mmd_rbf,0.007220500614494085,128
lot_paper_reasoning__v1,candidate,reasoning,reasoning_only,18,projected_js,0.0654398119659163,128
lot_paper_reasoning__v1,candidate,reasoning,reasoning_only,19,mmd_rbf,0.00663531431928277,128
lot_paper_reasoning__v1,candidate,reasoning,reasoning_only,19,projected_js,0.06186293700011447,128
lot_paper_reasoning__v1,candidate,reasoning,reasoning_only,20,mmd_rbf,0.006393435876816511,128
lot_paper_reasoning__v1,candidate,reasoning,reasoning_only,20,projected_js,0.06165499769849703,128
lot_paper_reasoning__v1,candidate,reasoning,reasoning_only,21,mmd_rbf,0.006623274181038141,128
lot_paper_reasoning__v1,candidate,reasoning,reasoning_only,21,projected_js,0.06071018922375515,128
lot_paper_reasoning__v1,candidate,reasoning,reasoning_only,22,mmd_rbf,0.005842810031026602,128
lot_paper_reasoning__v1,candidate,reasoning,reasoning_only,22,projected_js,0.057888729381375015,128
lot_paper_reasoning__v1,candidate,reasoning,reasoning_only,23,mmd_rbf,0.0049730087630450726,128
lot_paper_reasoning__v1,candidate,reasoning,reasoning_only,23,projected_js,0.06018028853577562,128
lot_paper_reasoning__v1,candidate,reasoning,reasoning_only,24,mmd_rbf,0.004780682269483805,128
lot_paper_reasoning__v1,candidate,reasoning,reasoning_only,24,projected_js,0.05902983929263428,128
lot_paper_reasoning__v1,candidate,reasoning,reasoning_only,25,mmd_rbf,0.004393588751554489,128
lot_paper_reasoning__v1,candidate,reasoning,reasoning_only,25,projected_js,0.056216799828689545,128
lot_paper_reasoning__v1,candidate,reasoning,reasoning_only,26,mmd_rbf,0.004215489607304335,128
lot_paper_reasoning__v1,candidate,reasoning,reasoning_only,26,projected_js,0.05828908976400271,128
lot_paper_reasoning__v1,candidate,reasoning,reasoning_only,27,mmd_rbf,0.004202459938824177,128
lot_paper_reasoning__v1,candidate,reasoning,reasoning_only,27,projected_js,0.059303260408341885,128
lot_paper_reasoning__v1,candidate,reasoning,reasoning_only,28,mmd_rbf,0.004321795888245106,128
lot_paper_reasoning__v1,candidate,reasoning,reasoning_only,28,projected_js,0.05740385560784489,128
lot_paper_reasoning__v1,candidate,reasoning,reasoning_only,29,mmd_rbf,0.004343565087765455,128
lot_paper_reasoning__v1,candidate,reasoning,reasoning_only,29,projected_js,0.05660978052765131,128
lot_paper_reasoning__v1,candidate,reasoning,reasoning_only,30,mmd_rbf,0.004553085658699274,128
lot_paper_reasoning__v1,candidate,reasoning,reasoning_only,30,projected_js,0.06040018843486905,128
lot_paper_reasoning__v1,candidate,reasoning,reasoning_only,31,mmd_rbf,0.004701754543930292,128
lot_paper_reasoning__v1,candidate,reasoning,reasoning_only,31,projected_js,0.05752588386530988,128
lot_paper_reasoning__v1,candidate,reasoning,reasoning_only,32,mmd_rbf,0.00484513072296977,128
lot_paper_reasoning__v1,candidate,reasoning,reasoning_only,32,projected_js,0.05957473424496129,128
lot_paper_reasoning__v1,candidate,reasoning,reasoning_only,33,mmd_rbf,0.005274884402751923,128
lot_paper_reasoning__v1,candidate,reasoning,reasoning_only,33,projected_js,0.0592686096788384,128
lot_paper_reasoning__v1,candidate,reasoning,reasoning_only,34,mmd_rbf,0.006448098924010992,128
lot_paper_reasoning__v1,candidate,reasoning,reasoning_only,34,projected_js,0.06021213854546659,128
lot_paper_reasoning__v1,candidate,reasoning,reasoning_only,35,mmd_rbf,0.03661070391535759,128
lot_paper_reasoning__v1,candidate,reasoning,reasoning_only,35,projected_js,0.08708426880184561,128
lot_paper_reasoning__v1,candidate,reasoning,uncensored_only,0,mmd_rbf,0.0026003122329711914,128
lot_paper_reasoning__v1,candidate,reasoning,uncensored_only,0,projected_js,0.037425046670250595,128
lot_paper_reasoning__v1,candidate,reasoning,uncensored_only,1,mmd_rbf,0.07350574433803558,128
lot_paper_reasoning__v1,candidate,reasoning,uncensored_only,1,projected_js,0.11185726762050763,128
lot_paper_reasoning__v1,candidate,reasoning,uncensored_only,2,mmd_rbf,0.07528698444366455,128
lot_paper_reasoning__v1,candidate,reasoning,uncensored_only,2,projected_js,0.1071422984241508,128
lot_paper_reasoning__v1,candidate,reasoning,uncensored_only,3,mmd_rbf,0.058555662631988525,128
lot_paper_reasoning__v1,candidate,reasoning,uncensored_only,3,projected_js,0.0949564918410033,128
lot_paper_reasoning__v1,candidate,reasoning,uncensored_only,4,mmd_rbf,0.03997138887643814,128
lot_paper_reasoning__v1,candidate,reasoning,uncensored_only,4,projected_js,0.09366818174021319,128
lot_paper_reasoning__v1,candidate,reasoning,uncensored_only,5,mmd_rbf,0.02822507917881012,128
lot_paper_reasoning__v1,candidate,reasoning,uncensored_only,5,projected_js,0.08338071085745469,128
lot_paper_reasoning__v1,candidate,reasoning,uncensored_only,6,mmd_rbf,0.01742391847074032,128
lot_paper_reasoning__v1,candidate,reasoning,uncensored_only,6,projected_js,0.07244587782770395,128
lot_paper_reasoning__v1,candidate,reasoning,uncensored_only,7,mmd_rbf,0.01559857465326786,128
lot_paper_reasoning__v1,candidate,reasoning,uncensored_only,7,projected_js,0.07226329162949696,128
lot_paper_reasoning__v1,candidate,reasoning,uncensored_only,8,mmd_rbf,0.012124943546950817,128
lot_paper_reasoning__v1,candidate,reasoning,uncensored_only,8,projected_js,0.06661947903921828,128
lot_paper_reasoning__v1,candidate,reasoning,uncensored_only,9,mmd_rbf,0.010393325239419937,128
lot_paper_reasoning__v1,candidate,reasoning,uncensored_only,9,projected_js,0.06479960848810151,128
lot_paper_reasoning__v1,candidate,reasoning,uncensored_only,10,mmd_rbf,0.009441282600164413,128
lot_paper_reasoning__v1,candidate,reasoning,uncensored_only,10,projected_js,0.06079527467954904,128
lot_paper_reasoning__v1,candidate,reasoning,uncensored_only,11,mmd_rbf,0.008194699883460999,128
lot_paper_reasoning__v1,candidate,reasoning,uncensored_only,11,projected_js,0.06198048056103289,128
lot_paper_reasoning__v1,candidate,reasoning,uncensored_only,12,mmd_rbf,0.008149725385010242,128
lot_paper_reasoning__v1,candidate,reasoning,uncensored_only,12,projected_js,0.06030161713715643,128
lot_paper_reasoning__v1,candidate,reasoning,uncensored_only,13,mmd_rbf,0.008577159605920315,128
lot_paper_reasoning__v1,candidate,reasoning,uncensored_only,13,projected_js,0.06298770738067105,128
lot_paper_reasoning__v1,candidate,reasoning,uncensored_only,14,mmd_rbf,0.008903393521904945,128
lot_paper_reasoning__v1,candidate,reasoning,uncensored_only,14,projected_js,0.0612942585721612,128
lot_paper_reasoning__v1,candidate,reasoning,uncensored_only,15,mmd_rbf,0.01078319363296032,128
lot_paper_reasoning__v1,candidate,reasoning,uncensored_only,15,projected_js,0.06528231437550858,128
lot_paper_reasoning__v1,candidate,reasoning,uncensored_only,16,mmd_rbf,0.0116730323061347,128
lot_paper_reasoning__v1,candidate,reasoning,uncensored_only,16,projected_js,0.06465154932811856,128
lot_paper_reasoning__v1,candidate,reasoning,uncensored_only,17,mmd_rbf,0.011315492913126945,128
lot_paper_reasoning__v1,candidate,reasoning,uncensored_only,17,projected_js,0.06088651379104704,128
lot_paper_reasoning__v1,candidate,reasoning,uncensored_only,18,mmd_rbf,0.011637597344815731,128
lot_paper_reasoning__v1,candidate,reasoning,uncensored_only,18,projected_js,0.0695774931809865,128
lot_paper_reasoning__v1,candidate,reasoning,uncensored_only,19,mmd_rbf,0.01095851045101881,128
lot_paper_reasoning__v1,candidate,reasoning,uncensored_only,19,projected_js,0.06436913571087644,128
lot_paper_reasoning__v1,candidate,reasoning,uncensored_only,20,mmd_rbf,0.010831296443939209,128
lot_paper_reasoning__v1,candidate,reasoning,uncensored_only,20,projected_js,0.0658943434827961,128
lot_paper_reasoning__v1,candidate,reasoning,uncensored_only,21,mmd_rbf,0.011262428015470505,128
lot_paper_reasoning__v1,candidate,reasoning,uncensored_only,21,projected_js,0.06711552466731519,128
lot_paper_reasoning__v1,candidate,reasoning,uncensored_only,22,mmd_rbf,0.01068206038326025,128
lot_paper_reasoning__v1,candidate,reasoning,uncensored_only,22,projected_js,0.06394815590465441,128
lot_paper_reasoning__v1,candidate,reasoning,uncensored_only,23,mmd_rbf,0.009939329698681831,128
lot_paper_reasoning__v1,candidate,reasoning,uncensored_only,23,projected_js,0.06774537306046113,128
lot_paper_reasoning__v1,candidate,reasoning,uncensored_only,24,mmd_rbf,0.010149500332772732,128
lot_paper_reasoning__v1,candidate,reasoning,uncensored_only,24,projected_js,0.06621650693705305,128
lot_paper_reasoning__v1,candidate,reasoning,uncensored_only,25,mmd_rbf,0.010320774279534817,128
lot_paper_reasoning__v1,candidate,reasoning,uncensored_only,25,projected_js,0.0673190364614129,128
lot_paper_reasoning__v1,candidate,reasoning,uncensored_only,26,mmd_rbf,0.010378213599324226,128
lot_paper_reasoning__v1,candidate,reasoning,uncensored_only,26,projected_js,0.06646797730354592,128
lot_paper_reasoning__v1,candidate,reasoning,uncensored_only,27,mmd_rbf,0.010468125343322754,128
lot_paper_reasoning__v1,candidate,reasoning,uncensored_only,27,projected_js,0.06550305866403505,128
lot_paper_reasoning__v1,candidate,reasoning,uncensored_only,28,mmd_rbf,0.010230130515992641,128
lot_paper_reasoning__v1,candidate,reasoning,uncensored_only,28,projected_js,0.06705883040558547,128
lot_paper_reasoning__v1,candidate,reasoning,uncensored_only,29,mmd_rbf,0.010486791841685772,128
lot_paper_reasoning__v1,candidate,reasoning,uncensored_only,29,projected_js,0.0644873208948411,128
lot_paper_reasoning__v1,candidate,reasoning,uncensored_only,30,mmd_rbf,0.010899990797042847,128
lot_paper_reasoning__v1,candidate,reasoning,uncensored_only,30,projected_js,0.06663236813619733,128
lot_paper_reasoning__v1,candidate,reasoning,uncensored_only,31,mmd_rbf,0.011001749895513058,128
lot_paper_reasoning__v1,candidate,reasoning,uncensored_only,31,projected_js,0.06470352120231837,128
lot_paper_reasoning__v1,candidate,reasoning,uncensored_only,32,mmd_rbf,0.010754009708762169,128
lot_paper_reasoning__v1,candidate,reasoning,uncensored_only,32,projected_js,0.06811976473545656,128
lot_paper_reasoning__v1,candidate,reasoning,uncensored_only,33,mmd_rbf,0.010802614502608776,128
lot_paper_reasoning__v1,candidate,reasoning,uncensored_only,33,projected_js,0.06596709066070616,128
lot_paper_reasoning__v1,candidate,reasoning,uncensored_only,34,mmd_rbf,0.011016154661774635,128
lot_paper_reasoning__v1,candidate,reasoning,uncensored_only,34,projected_js,0.06509321095654741,128
lot_paper_reasoning__v1,candidate,reasoning,uncensored_only,35,mmd_rbf,0.02244112454354763,128
lot_paper_reasoning__v1,candidate,reasoning,uncensored_only,35,projected_js,0.07385781191987917,128
lot_paper_reasoning__v1,candidate,uncensored_refusal_like,base,0,mmd_rbf,0.012751782312989235,128
lot_paper_reasoning__v1,candidate,uncensored_refusal_like,base,0,projected_js,0.0605068955628667,128
lot_paper_reasoning__v1,candidate,uncensored_refusal_like,base,1,mmd_rbf,0.01972390152513981,128
lot_paper_reasoning__v1,candidate,uncensored_refusal_like,base,1,projected_js,0.0746285148197785,128
lot_paper_reasoning__v1,candidate,uncensored_refusal_like,base,2,mmd_rbf,0.028302429243922234,128
lot_paper_reasoning__v1,candidate,uncensored_refusal_like,base,2,projected_js,0.0794292759092059,128
lot_paper_reasoning__v1,candidate,uncensored_refusal_like,base,3,mmd_rbf,0.03899146616458893,128
lot_paper_reasoning__v1,candidate,uncensored_refusal_like,base,3,projected_js,0.09851685306057334,128
lot_paper_reasoning__v1,candidate,uncensored_refusal_like,base,4,mmd_rbf,0.03669179230928421,128
lot_paper_reasoning__v1,candidate,uncensored_refusal_like,base,4,projected_js,0.09266897529596463,128
lot_paper_reasoning__v1,candidate,uncensored_refusal_like,base,5,mmd_rbf,0.03998127207159996,128
lot_paper_reasoning__v1,candidate,uncensored_refusal_like,base,5,projected_js,0.09682562155649066,128
lot_paper_reasoning__v1,candidate,uncensored_refusal_like,base,6,mmd_rbf,0.03214272856712341,128
lot_paper_reasoning__v1,candidate,uncensored_refusal_like,base,6,projected_js,0.0924193121609278,128
lot_paper_reasoning__v1,candidate,uncensored_refusal_like,base,7,mmd_rbf,0.029679490253329277,128
lot_paper_reasoning__v1,candidate,uncensored_refusal_like,base,7,projected_js,0.07985549012664706,128
lot_paper_reasoning__v1,candidate,uncensored_refusal_like,base,8,mmd_rbf,0.025615978986024857,128
lot_paper_reasoning__v1,candidate,uncensored_refusal_like,base,8,projected_js,0.08138981799129397,128
lot_paper_reasoning__v1,candidate,uncensored_refusal_like,base,9,mmd_rbf,0.02815723977982998,128
lot_paper_reasoning__v1,candidate,uncensored_refusal_like,base,9,projected_js,0.08299086062470451,128
lot_paper_reasoning__v1,candidate,uncensored_refusal_like,base,10,mmd_rbf,0.029741158708930016,128
lot_paper_reasoning__v1,candidate,uncensored_refusal_like,base,10,projected_js,0.0849173788446933,128
lot_paper_reasoning__v1,candidate,uncensored_refusal_like,base,11,mmd_rbf,0.03153368458151817,128
lot_paper_reasoning__v1,candidate,uncensored_refusal_like,base,11,projected_js,0.08279693924123421,128
lot_paper_reasoning__v1,candidate,uncensored_refusal_like,base,12,mmd_rbf,0.0350392647087574,128
lot_paper_reasoning__v1,candidate,uncensored_refusal_like,base,12,projected_js,0.08707610319834203,128
lot_paper_reasoning__v1,candidate,uncensored_refusal_like,base,13,mmd_rbf,0.038999952375888824,128
lot_paper_reasoning__v1,candidate,uncensored_refusal_like,base,13,projected_js,0.09597888414282352,128
lot_paper_reasoning__v1,candidate,uncensored_refusal_like,base,14,mmd_rbf,0.041179027408361435,128
lot_paper_reasoning__v1,candidate,uncensored_refusal_like,base,14,projected_js,0.08741011295933276,128
lot_paper_reasoning__v1,candidate,uncensored_refusal_like,base,15,mmd_rbf,0.04336190223693848,128
lot_paper_reasoning__v1,candidate,uncensored_refusal_like,base,15,projected_js,0.08721851365407929,128
lot_paper_reasoning__v1,candidate,uncensored_refusal_like,base,16,mmd_rbf,0.04427183419466019,128
lot_paper_reasoning__v1,candidate,uncensored_refusal_like,base,16,projected_js,0.08490587727283128,128
lot_paper_reasoning__v1,candidate,uncensored_refusal_like,base,17,mmd_rbf,0.044939398765563965,128
lot_paper_reasoning__v1,candidate,uncensored_refusal_like,base,17,projected_js,0.09317894355626777,128
lot_paper_reasoning__v1,candidate,uncensored_refusal_like,base,18,mmd_rbf,0.04896702989935875,128
lot_paper_reasoning__v1,candidate,uncensored_refusal_like,base,18,projected_js,0.09694896673317999,128
lot_paper_reasoning__v1,candidate,uncensored_refusal_like,base,19,mmd_rbf,0.04872066527605057,128
lot_paper_reasoning__v1,candidate,uncensored_refusal_like,base,19,projected_js,0.09318777936277911,128
lot_paper_reasoning__v1,candidate,uncensored_refusal_like,base,20,mmd_rbf,0.05315948277711868,128
lot_paper_reasoning__v1,candidate,uncensored_refusal_like,base,20,projected_js,0.0972795594134368,128
lot_paper_reasoning__v1,candidate,uncensored_refusal_like,base,21,mmd_rbf,0.05748647078871727,128
lot_paper_reasoning__v1,candidate,uncensored_refusal_like,base,21,projected_js,0.09473968017846346,128
lot_paper_reasoning__v1,candidate,uncensored_refusal_like,base,22,mmd_rbf,0.059408266097307205,128
lot_paper_reasoning__v1,candidate,uncensored_refusal_like,base,22,projected_js,0.10150744847487658,128
lot_paper_reasoning__v1,candidate,uncensored_refusal_like,base,23,mmd_rbf,0.05715043097734451,128
lot_paper_reasoning__v1,candidate,uncensored_refusal_like,base,23,projected_js,0.09450327017111704,128
lot_paper_reasoning__v1,candidate,uncensored_refusal_like,base,24,mmd_rbf,0.056514378637075424,128
lot_paper_reasoning__v1,candidate,uncensored_refusal_like,base,24,projected_js,0.10101716947974637,128
lot_paper_reasoning__v1,candidate,uncensored_refusal_like,base,25,mmd_rbf,0.05458420515060425,128
lot_paper_reasoning__v1,candidate,uncensored_refusal_like,base,25,projected_js,0.09641358943190426,128
lot_paper_reasoning__v1,candidate,uncensored_refusal_like,base,26,mmd_rbf,0.05416199192404747,128
lot_paper_reasoning__v1,candidate,uncensored_refusal_like,base,26,projected_js,0.10231850331183523,128
lot_paper_reasoning__v1,candidate,uncensored_refusal_like,base,27,mmd_rbf,0.05413293465971947,128
lot_paper_reasoning__v1,candidate,uncensored_refusal_like,base,27,projected_js,0.10534340713638812,128
lot_paper_reasoning__v1,candidate,uncensored_refusal_like,base,28,mmd_rbf,0.05307038500905037,128
lot_paper_reasoning__v1,candidate,uncensored_refusal_like,base,28,projected_js,0.10538232058752328,128
lot_paper_reasoning__v1,candidate,uncensored_refusal_like,base,29,mmd_rbf,0.049905989319086075,128
lot_paper_reasoning__v1,candidate,uncensored_refusal_like,base,29,projected_js,0.10123586468398571,128
lot_paper_reasoning__v1,candidate,uncensored_refusal_like,base,30,mmd_rbf,0.050314199179410934,128
lot_paper_reasoning__v1,candidate,uncensored_refusal_like,base,30,projected_js,0.09906629292527214,128
lot_paper_reasoning__v1,candidate,uncensored_refusal_like,base,31,mmd_rbf,0.04976651817560196,128
lot_paper_reasoning__v1,candidate,uncensored_refusal_like,base,31,projected_js,0.09681549994274974,128
lot_paper_reasoning__v1,candidate,uncensored_refusal_like,base,32,mmd_rbf,0.049825530499219894,128
lot_paper_reasoning__v1,candidate,uncensored_refusal_like,base,32,projected_js,0.09856646548723802,128
lot_paper_reasoning__v1,candidate,uncensored_refusal_like,base,33,mmd_rbf,0.046186044812202454,128
lot_paper_reasoning__v1,candidate,uncensored_refusal_like,base,33,projected_js,0.09384164435323328,128
lot_paper_reasoning__v1,candidate,uncensored_refusal_like,base,34,mmd_rbf,0.056469857692718506,128
lot_paper_reasoning__v1,candidate,uncensored_refusal_like,base,34,projected_js,0.10595791379455477,128
lot_paper_reasoning__v1,candidate,uncensored_refusal_like,base,35,mmd_rbf,0.10581447929143906,128
lot_paper_reasoning__v1,candidate,uncensored_refusal_like,base,35,projected_js,0.14233110554050654,128
lot_paper_reasoning__v1,candidate,uncensored_refusal_like,instr_only,0,mmd_rbf,0.007023436017334461,128
lot_paper_reasoning__v1,candidate,uncensored_refusal_like,instr_only,0,projected_js,0.050291667925193906,128
lot_paper_reasoning__v1,candidate,uncensored_refusal_like,instr_only,1,mmd_rbf,0.010839628987014294,128
lot_paper_reasoning__v1,candidate,uncensored_refusal_like,instr_only,1,projected_js,0.05639750530826859,128
lot_paper_reasoning__v1,candidate,uncensored_refusal_like,instr_only,2,mmd_rbf,0.01775207184255123,128
lot_paper_reasoning__v1,candidate,uncensored_refusal_like,instr_only,2,projected_js,0.07040414784569293,128
lot_paper_reasoning__v1,candidate,uncensored_refusal_like,instr_only,3,mmd_rbf,0.01972363144159317,128
lot_paper_reasoning__v1,candidate,uncensored_refusal_like,instr_only,3,projected_js,0.07619141216855496,128
lot_paper_reasoning__v1,candidate,uncensored_refusal_like,instr_only,4,mmd_rbf,0.022829696536064148,128
lot_paper_reasoning__v1,candidate,uncensored_refusal_like,instr_only,4,projected_js,0.08054108411306515,128
lot_paper_reasoning__v1,candidate,uncensored_refusal_like,instr_only,5,mmd_rbf,0.02621482126414776,128
lot_paper_reasoning__v1,candidate,uncensored_refusal_like,instr_only,5,projected_js,0.0846334666130133,128
lot_paper_reasoning__v1,candidate,uncensored_refusal_like,instr_only,6,mmd_rbf,0.020830301567912102,128
lot_paper_reasoning__v1,candidate,uncensored_refusal_like,instr_only,6,projected_js,0.07265852193813771,128
lot_paper_reasoning__v1,candidate,uncensored_refusal_like,instr_only,7,mmd_rbf,0.01791960932314396,128
lot_paper_reasoning__v1,candidate,uncensored_refusal_like,instr_only,7,projected_js,0.07705348398303613,128
lot_paper_reasoning__v1,candidate,uncensored_refusal_like,instr_only,8,mmd_rbf,0.014844613149762154,128
lot_paper_reasoning__v1,candidate,uncensored_refusal_like,instr_only,8,projected_js,0.069437125348486,128
lot_paper_reasoning__v1,candidate,uncensored_refusal_like,instr_only,9,mmd_rbf,0.015302273444831371,128
lot_paper_reasoning__v1,candidate,uncensored_refusal_like,instr_only,9,projected_js,0.07293225091416389,128
lot_paper_reasoning__v1,candidate,uncensored_refusal_like,instr_only,10,mmd_rbf,0.016060415655374527,128
lot_paper_reasoning__v1,candidate,uncensored_refusal_like,instr_only,10,projected_js,0.0750715873145964,128
lot_paper_reasoning__v1,candidate,uncensored_refusal_like,instr_only,11,mmd_rbf,0.01599176600575447,128
lot_paper_reasoning__v1,candidate,uncensored_refusal_like,instr_only,11,projected_js,0.07510190224274993,128
lot_paper_reasoning__v1,candidate,uncensored_refusal_like,instr_only,12,mmd_rbf,0.017825694754719734,128
lot_paper_reasoning__v1,candidate,uncensored_refusal_like,instr_only,12,projected_js,0.07446848356630653,128
lot_paper_reasoning__v1,candidate,uncensored_refusal_like,instr_only,13,mmd_rbf,0.019146138802170753,128
lot_paper_reasoning__v1,candidate,uncensored_refusal_like,instr_only,13,projected_js,0.07345990766771138,128
lot_paper_reasoning__v1,candidate,uncensored_refusal_like,instr_only,14,mmd_rbf,0.01933309994637966,128
lot_paper_reasoning__v1,candidate,uncensored_refusal_like,instr_only,14,projected_js,0.07314823870547116,128
lot_paper_reasoning__v1,candidate,uncensored_refusal_like,instr_only,15,mmd_rbf,0.01972358301281929,128
lot_paper_reasoning__v1,candidate,uncensored_refusal_like,instr_only,15,projected_js,0.07669349282514304,128
lot_paper_reasoning__v1,candidate,uncensored_refusal_like,instr_only,16,mmd_rbf,0.02012203074991703,128
lot_paper_reasoning__v1,candidate,uncensored_refusal_like,instr_only,16,projected_js,0.07180415213224478,128
lot_paper_reasoning__v1,candidate,uncensored_refusal_like,instr_only,17,mmd_rbf,0.02176360785961151,128
lot_paper_reasoning__v1,candidate,uncensored_refusal_like,instr_only,17,projected_js,0.07596382056362927,128
lot_paper_reasoning__v1,candidate,uncensored_refusal_like,instr_only,18,mmd_rbf,0.0252582635730505,128
lot_paper_reasoning__v1,candidate,uncensored_refusal_like,instr_only,18,projected_js,0.08108980988617986,128
lot_paper_reasoning__v1,candidate,uncensored_refusal_like,instr_only,19,mmd_rbf,0.025863170623779297,128
lot_paper_reasoning__v1,candidate,uncensored_refusal_like,instr_only,19,projected_js,0.07916835998184979,128
lot_paper_reasoning__v1,candidate,uncensored_refusal_like,instr_only,20,mmd_rbf,0.027492409572005272,128
lot_paper_reasoning__v1,candidate,uncensored_refusal_like,instr_only,20,projected_js,0.08179432502947748,128
lot_paper_reasoning__v1,candidate,uncensored_refusal_like,instr_only,21,mmd_rbf,0.030537551268935204,128
lot_paper_reasoning__v1,candidate,uncensored_refusal_like,instr_only,21,projected_js,0.07865600305376574,128
lot_paper_reasoning__v1,candidate,uncensored_refusal_like,instr_only,22,mmd_rbf,0.03080475889146328,128
lot_paper_reasoning__v1,candidate,uncensored_refusal_like,instr_only,22,projected_js,0.07906796087627299,128
lot_paper_reasoning__v1,candidate,uncensored_refusal_like,instr_only,23,mmd_rbf,0.028991574421525,128
lot_paper_reasoning__v1,candidate,uncensored_refusal_like,instr_only,23,projected_js,0.07985533069586381,128
lot_paper_reasoning__v1,candidate,uncensored_refusal_like,instr_only,24,mmd_rbf,0.030568046495318413,128
lot_paper_reasoning__v1,candidate,uncensored_refusal_like,instr_only,24,projected_js,0.08183582575293258,128
lot_paper_reasoning__v1,candidate,uncensored_refusal_like,instr_only,25,mmd_rbf,0.03287535160779953,128
lot_paper_reasoning__v1,candidate,uncensored_refusal_like,instr_only,25,projected_js,0.08780012893839739,128
lot_paper_reasoning__v1,candidate,uncensored_refusal_like,instr_only,26,mmd_rbf,0.035310275852680206,128
lot_paper_reasoning__v1,candidate,uncensored_refusal_like,instr_only,26,projected_js,0.08990264544263482,128
lot_paper_reasoning__v1,candidate,uncensored_refusal_like,instr_only,27,mmd_rbf,0.035397157073020935,128
lot_paper_reasoning__v1,candidate,uncensored_refusal_like,instr_only,27,projected_js,0.08892748784273863,128
lot_paper_reasoning__v1,candidate,uncensored_refusal_like,instr_only,28,mmd_rbf,0.036921050399541855,128
lot_paper_reasoning__v1,candidate,uncensored_refusal_like,instr_only,28,projected_js,0.09122343180933967,128
lot_paper_reasoning__v1,candidate,uncensored_refusal_like,instr_only,29,mmd_rbf,0.035196613520383835,128
lot_paper_reasoning__v1,candidate,uncensored_refusal_like,instr_only,29,projected_js,0.0924255067948252,128
lot_paper_reasoning__v1,candidate,uncensored_refusal_like,instr_only,30,mmd_rbf,0.03604937717318535,128
lot_paper_reasoning__v1,candidate,uncensored_refusal_like,instr_only,30,projected_js,0.09349478589138016,128
lot_paper_reasoning__v1,candidate,uncensored_refusal_like,instr_only,31,mmd_rbf,0.03688327968120575,128
lot_paper_reasoning__v1,candidate,uncensored_refusal_like,instr_only,31,projected_js,0.09379251691279933,128
lot_paper_reasoning__v1,candidate,uncensored_refusal_like,instr_only,32,mmd_rbf,0.037182074040174484,128
lot_paper_reasoning__v1,candidate,uncensored_refusal_like,instr_only,32,projected_js,0.09030368732055649,128
lot_paper_reasoning__v1,candidate,uncensored_refusal_like,instr_only,33,mmd_rbf,0.036770012229681015,128
lot_paper_reasoning__v1,candidate,uncensored_refusal_like,instr_only,33,projected_js,0.09438707062508911,128
lot_paper_reasoning__v1,candidate,uncensored_refusal_like,instr_only,34,mmd_rbf,0.04218336567282677,128
lot_paper_reasoning__v1,candidate,uncensored_refusal_like,instr_only,34,projected_js,0.09705149312503636,128
lot_paper_reasoning__v1,candidate,uncensored_refusal_like,instr_only,35,mmd_rbf,0.12510548532009125,128
lot_paper_reasoning__v1,candidate,uncensored_refusal_like,instr_only,35,projected_js,0.1708714859560132,128
lot_paper_reasoning__v1,candidate,uncensored_refusal_like,reasoning_only,0,mmd_rbf,0.020485414192080498,128
lot_paper_reasoning__v1,candidate,uncensored_refusal_like,reasoning_only,0,projected_js,0.08907008758978918,128
lot_paper_reasoning__v1,candidate,uncensored_refusal_like,reasoning_only,1,mmd_rbf,0.021080268546938896,128
lot_paper_reasoning__v1,candidate,uncensored_refusal_like,reasoning_only,1,projected_js,0.07668187306262553,128
lot_paper_reasoning__v1,candidate,uncensored_refusal_like,reasoning_only,2,mmd_rbf,0.024376606568694115,128
lot_paper_reasoning__v1,candidate,uncensored_refusal_like,reasoning_only,2,projected_js,0.0716096903779544,128
lot_paper_reasoning__v1,candidate,uncensored_refusal_like,reasoning_only,3,mmd_rbf,0.02723071537911892,128
lot_paper_reasoning__v1,candidate,uncensored_refusal_like,reasoning_only,3,projected_js,0.08084863718249835,128
lot_paper_reasoning__v1,candidate,uncensored_refusal_like,reasoning_only,4,mmd_rbf,0.02701021544635296,128
lot_paper_reasoning__v1,candidate,uncensored_refusal_like,reasoning_only,4,projected_js,0.08787417208077386,128
lot_paper_reasoning__v1,candidate,uncensored_refusal_like,reasoning_only,5,mmd_rbf,0.02733643166720867,128
lot_paper_reasoning__v1,candidate,uncensored_refusal_like,reasoning_only,5,projected_js,0.09222633019089699,128
lot_paper_reasoning__v1,candidate,uncensored_refusal_like,reasoning_only,6,mmd_rbf,0.02123112790286541,128
lot_paper_reasoning__v1,candidate,uncensored_refusal_like,reasoning_only,6,projected_js,0.07792486701509915,128
lot_paper_reasoning__v1,candidate,uncensored_refusal_like,reasoning_only,7,mmd_rbf,0.019717557355761528,128
lot_paper_reasoning__v1,candidate,uncensored_refusal_like,reasoning_only,7,projected_js,0.07941500301240012,128
lot_paper_reasoning__v1,candidate,uncensored_refusal_like,reasoning_only,8,mmd_rbf,0.015799710527062416,128
lot_paper_reasoning__v1,candidate,uncensored_refusal_like,reasoning_only,8,projected_js,0.07536437021917664,128
lot_paper_reasoning__v1,candidate,uncensored_refusal_like,reasoning_only,9,mmd_rbf,0.015585357323288918,128
lot_paper_reasoning__v1,candidate,uncensored_refusal_like,reasoning_only,9,projected_js,0.07498841610504314,128
lot_paper_reasoning__v1,candidate,uncensored_refusal_like,reasoning_only,10,mmd_rbf,0.016610635444521904,128
lot_paper_reasoning__v1,candidate,uncensored_refusal_like,reasoning_only,10,projected_js,0.07530334818875417,128
lot_paper_reasoning__v1,candidate,uncensored_refusal_like,reasoning_only,11,mmd_rbf,0.016306817531585693,128
lot_paper_reasoning__v1,candidate,uncensored_refusal_like,reasoning_only,11,projected_js,0.0721306562772952,128
lot_paper_reasoning__v1,candidate,uncensored_refusal_like,reasoning_only,12,mmd_rbf,0.01742551289498806,128
lot_paper_reasoning__v1,candidate,uncensored_refusal_like,reasoning_only,12,projected_js,0.07065149478148669,128
lot_paper_reasoning__v1,candidate,uncensored_refusal_like,reasoning_only,13,mmd_rbf,0.01784355379641056,128
lot_paper_reasoning__v1,candidate,uncensored_refusal_like,reasoning_only,13,projected_js,0.07060074058244936,128
lot_paper_reasoning__v1,candidate,uncensored_refusal_like,reasoning_only,14,mmd_rbf,0.016951514407992363,128
lot_paper_reasoning__v1,candidate,uncensored_refusal_like,reasoning_only,14,projected_js,0.07058322610100731,128
lot_paper_reasoning__v1,candidate,uncensored_refusal_like,reasoning_only,15,mmd_rbf,0.017030900344252586,128
lot_paper_reasoning__v1,candidate,uncensored_refusal_like,reasoning_only,15,projected_js,0.07117228588322178,128
lot_paper_reasoning__v1,candidate,uncensored_refusal_like,reasoning_only,16,mmd_rbf,0.01716684177517891,128
lot_paper_reasoning__v1,candidate,uncensored_refusal_like,reasoning_only,16,projected_js,0.06825553416274488,128
lot_paper_reasoning__v1,candidate,uncensored_refusal_like,reasoning_only,17,mmd_rbf,0.016668301075696945,128
lot_paper_reasoning__v1,candidate,uncensored_refusal_like,reasoning_only,17,projected_js,0.06868420087266713,128
lot_paper_reasoning__v1,candidate,uncensored_refusal_like,reasoning_only,18,mmd_rbf,0.019179686903953552,128
lot_paper_reasoning__v1,candidate,uncensored_refusal_like,reasoning_only,18,projected_js,0.07104501011781394,128
lot_paper_reasoning__v1,candidate,uncensored_refusal_like,reasoning_only,19,mmd_rbf,0.01866581104695797,128
lot_paper_reasoning__v1,candidate,uncensored_refusal_like,reasoning_only,19,projected_js,0.07013465673662722,128
lot_paper_reasoning__v1,candidate,uncensored_refusal_like,reasoning_only,20,mmd_rbf,0.01867438293993473,128
lot_paper_reasoning__v1,candidate,uncensored_refusal_like,reasoning_only,20,projected_js,0.07386239673360251,128
lot_paper_reasoning__v1,candidate,uncensored_refusal_like,reasoning_only,21,mmd_rbf,0.019511405378580093,128
lot_paper_reasoning__v1,candidate,uncensored_refusal_like,reasoning_only,21,projected_js,0.06787897791946307,128
lot_paper_reasoning__v1,candidate,uncensored_refusal_like,reasoning_only,22,mmd_rbf,0.020326891914010048,128
lot_paper_reasoning__v1,candidate,uncensored_refusal_like,reasoning_only,22,projected_js,0.07635152235161513,128
lot_paper_reasoning__v1,candidate,uncensored_refusal_like,reasoning_only,23,mmd_rbf,0.0192489642649889,128
lot_paper_reasoning__v1,candidate,uncensored_refusal_like,reasoning_only,23,projected_js,0.07235975307412446,128
lot_paper_reasoning__v1,candidate,uncensored_refusal_like,reasoning_only,24,mmd_rbf,0.021969793364405632,128
lot_paper_reasoning__v1,candidate,uncensored_refusal_like,reasoning_only,24,projected_js,0.07456051569897681,128
lot_paper_reasoning__v1,candidate,uncensored_refusal_like,reasoning_only,25,mmd_rbf,0.021720144897699356,128
lot_paper_reasoning__v1,candidate,uncensored_refusal_like,reasoning_only,25,projected_js,0.0747678178595379,128
lot_paper_reasoning__v1,candidate,uncensored_refusal_like,reasoning_only,26,mmd_rbf,0.023172838613390923,128
lot_paper_reasoning__v1,candidate,uncensored_refusal_like,reasoning_only,26,projected_js,0.0743394989403896,128
lot_paper_reasoning__v1,candidate,uncensored_refusal_like,reasoning_only,27,mmd_rbf,0.02502346970140934,128
lot_paper_reasoning__v1,candidate,uncensored_refusal_like,reasoning_only,27,projected_js,0.07128352980362251,128
lot_paper_reasoning__v1,candidate,uncensored_refusal_like,reasoning_only,28,mmd_rbf,0.025402257218956947,128
lot_paper_reasoning__v1,candidate,uncensored_refusal_like,reasoning_only,28,projected_js,0.07788063352927566,128
lot_paper_reasoning__v1,candidate,uncensored_refusal_like,reasoning_only,29,mmd_rbf,0.02580541931092739,128
lot_paper_reasoning__v1,candidate,uncensored_refusal_like,reasoning_only,29,projected_js,0.07681060314644128,128
lot_paper_reasoning__v1,candidate,uncensored_refusal_like,reasoning_only,30,mmd_rbf,0.02783184126019478,128
lot_paper_reasoning__v1,candidate,uncensored_refusal_like,reasoning_only,30,projected_js,0.08515240350970998,128
lot_paper_reasoning__v1,candidate,uncensored_refusal_like,reasoning_only,31,mmd_rbf,0.02760186791419983,128
lot_paper_reasoning__v1,candidate,uncensored_refusal_like,reasoning_only,31,projected_js,0.08635040139779449,128
lot_paper_reasoning__v1,candidate,uncensored_refusal_like,reasoning_only,32,mmd_rbf,0.02752784825861454,128
lot_paper_reasoning__v1,candidate,uncensored_refusal_like,reasoning_only,32,projected_js,0.08267509459983557,128
lot_paper_reasoning__v1,candidate,uncensored_refusal_like,reasoning_only,33,mmd_rbf,0.026553956791758537,128
lot_paper_reasoning__v1,candidate,uncensored_refusal_like,reasoning_only,33,projected_js,0.08249295869609341,128
lot_paper_reasoning__v1,candidate,uncensored_refusal_like,reasoning_only,34,mmd_rbf,0.028363868594169617,128
lot_paper_reasoning__v1,candidate,uncensored_refusal_like,reasoning_only,34,projected_js,0.07830863358685747,128
lot_paper_reasoning__v1,candidate,uncensored_refusal_like,reasoning_only,35,mmd_rbf,0.030391156673431396,128
lot_paper_reasoning__v1,candidate,uncensored_refusal_like,reasoning_only,35,projected_js,0.07984733511693776,128
lot_paper_reasoning__v1,candidate,uncensored_refusal_like,uncensored_only,0,mmd_rbf,0.01314482744783163,128
lot_paper_reasoning__v1,candidate,uncensored_refusal_like,uncensored_only,0,projected_js,0.06594242039136589,128
lot_paper_reasoning__v1,candidate,uncensored_refusal_like,uncensored_only,1,mmd_rbf,0.23264189064502716,128
lot_paper_reasoning__v1,candidate,uncensored_refusal_like,uncensored_only,1,projected_js,0.2542077554971911,128
lot_paper_reasoning__v1,candidate,uncensored_refusal_like,uncensored_only,2,mmd_rbf,0.22062325477600098,128
lot_paper_reasoning__v1,candidate,uncensored_refusal_like,uncensored_only,2,projected_js,0.22362814901862293,128
lot_paper_reasoning__v1,candidate,uncensored_refusal_like,uncensored_only,3,mmd_rbf,0.1837201565504074,128
lot_paper_reasoning__v1,candidate,uncensored_refusal_like,uncensored_only,3,projected_js,0.1773449830361642,128
lot_paper_reasoning__v1,candidate,uncensored_refusal_like,uncensored_only,4,mmd_rbf,0.14788125455379486,128
lot_paper_reasoning__v1,candidate,uncensored_refusal_like,uncensored_only,4,projected_js,0.17681529512628913,128
lot_paper_reasoning__v1,candidate,uncensored_refusal_like,uncensored_only,5,mmd_rbf,0.11991705745458603,128
lot_paper_reasoning__v1,candidate,uncensored_refusal_like,uncensored_only,5,projected_js,0.17253127443837002,128
lot_paper_reasoning__v1,candidate,uncensored_refusal_like,uncensored_only,6,mmd_rbf,0.07562673836946487,128
lot_paper_reasoning__v1,candidate,uncensored_refusal_like,uncensored_only,6,projected_js,0.12661064288113266,128
lot_paper_reasoning__v1,candidate,uncensored_refusal_like,uncensored_only,7,mmd_rbf,0.05822202190756798,128
lot_paper_reasoning__v1,candidate,uncensored_refusal_like,uncensored_only,7,projected_js,0.10988936852663755,128
lot_paper_reasoning__v1,candidate,uncensored_refusal_like,uncensored_only,8,mmd_rbf,0.04191339761018753,128
lot_paper_reasoning__v1,candidate,uncensored_refusal_like,uncensored_only,8,projected_js,0.09229504002723843,128
lot_paper_reasoning__v1,candidate,uncensored_refusal_like,uncensored_only,9,mmd_rbf,0.03673912212252617,128
lot_paper_reasoning__v1,candidate,uncensored_refusal_like,uncensored_only,9,projected_js,0.08379006362520158,128
lot_paper_reasoning__v1,candidate,uncensored_refusal_like,uncensored_only,10,mmd_rbf,0.032004617154598236,128
lot_paper_reasoning__v1,candidate,uncensored_refusal_like,uncensored_only,10,projected_js,0.08173204498598352,128
lot_paper_reasoning__v1,candidate,uncensored_refusal_like,uncensored_only,11,mmd_rbf,0.028620196506381035,128
lot_paper_reasoning__v1,candidate,uncensored_refusal_like,uncensored_only,11,projected_js,0.07347309309989214,128
lot_paper_reasoning__v1,candidate,uncensored_refusal_like,uncensored_only,12,mmd_rbf,0.03028562106192112,128
lot_paper_reasoning__v1,candidate,uncensored_refusal_like,uncensored_only,12,projected_js,0.08171380124986172,128
lot_paper_reasoning__v1,candidate,uncensored_refusal_like,uncensored_only,13,mmd_rbf,0.03483425825834274,128
lot_paper_reasoning__v1,candidate,uncensored_refusal_like,uncensored_only,13,projected_js,0.08549004379892722,128
lot_paper_reasoning__v1,candidate,uncensored_refusal_like,uncensored_only,14,mmd_rbf,0.036056309938430786,128
lot_paper_reasoning__v1,candidate,uncensored_refusal_like,uncensored_only,14,projected_js,0.08264159492682666,128
lot_paper_reasoning__v1,candidate,uncensored_refusal_like,uncensored_only,15,mmd_rbf,0.04462815448641777,128
lot_paper_reasoning__v1,candidate,uncensored_refusal_like,uncensored_only,15,projected_js,0.09310083161108196,128
lot_paper_reasoning__v1,candidate,uncensored_refusal_like,uncensored_only,16,mmd_rbf,0.046422459185123444,128
lot_paper_reasoning__v1,candidate,uncensored_refusal_like,uncensored_only,16,projected_js,0.0895286209997721,128
lot_paper_reasoning__v1,candidate,uncensored_refusal_like,uncensored_only,17,mmd_rbf,0.049084458500146866,128
lot_paper_reasoning__v1,candidate,uncensored_refusal_like,uncensored_only,17,projected_js,0.092719201289583,128
lot_paper_reasoning__v1,candidate,uncensored_refusal_like,uncensored_only,18,mmd_rbf,0.05364784225821495,128
lot_paper_reasoning__v1,candidate,uncensored_refusal_like,uncensored_only,18,projected_js,0.10048011608887464,128
lot_paper_reasoning__v1,candidate,uncensored_refusal_like,uncensored_only,19,mmd_rbf,0.049566783010959625,128
lot_paper_reasoning__v1,candidate,uncensored_refusal_like,uncensored_only,19,projected_js,0.09944076224928722,128
lot_paper_reasoning__v1,candidate,uncensored_refusal_like,uncensored_only,20,mmd_rbf,0.052254464477300644,128
lot_paper_reasoning__v1,candidate,uncensored_refusal_like,uncensored_only,20,projected_js,0.09417060215491802,128
lot_paper_reasoning__v1,candidate,uncensored_refusal_like,uncensored_only,21,mmd_rbf,0.05662201717495918,128
lot_paper_reasoning__v1,candidate,uncensored_refusal_like,uncensored_only,21,projected_js,0.10067720588995144,128
lot_paper_reasoning__v1,candidate,uncensored_refusal_like,uncensored_only,22,mmd_rbf,0.0563763752579689,128
lot_paper_reasoning__v1,candidate,uncensored_refusal_like,uncensored_only,22,projected_js,0.10122817265801132,128
lot_paper_reasoning__v1,candidate,uncensored_refusal_like,uncensored_only,23,mmd_rbf,0.053821224719285965,128
lot_paper_reasoning__v1,candidate,uncensored_refusal_like,uncensored_only,23,projected_js,0.10622621746733785,128
lot_paper_reasoning__v1,candidate,uncensored_refusal_like,uncensored_only,24,mmd_rbf,0.058675944805145264,128
lot_paper_reasoning__v1,candidate,uncensored_refusal_like,uncensored_only,24,projected_js,0.10820029600290582,128
lot_paper_reasoning__v1,candidate,uncensored_refusal_like,uncensored_only,25,mmd_rbf,0.06288160383701324,128
lot_paper_reasoning__v1,candidate,uncensored_refusal_like,uncensored_only,25,projected_js,0.11412914743414149,128
lot_paper_reasoning__v1,candidate,uncensored_refusal_like,uncensored_only,26,mmd_rbf,0.0645105168223381,128
lot_paper_reasoning__v1,candidate,uncensored_refusal_like,uncensored_only,26,projected_js,0.10805414349306375,128
lot_paper_reasoning__v1,candidate,uncensored_refusal_like,uncensored_only,27,mmd_rbf,0.06649833172559738,128
lot_paper_reasoning__v1,candidate,uncensored_refusal_like,uncensored_only,27,projected_js,0.11492166435346007,128
lot_paper_reasoning__v1,candidate,uncensored_refusal_like,uncensored_only,28,mmd_rbf,0.06730734556913376,128
lot_paper_reasoning__v1,candidate,uncensored_refusal_like,uncensored_only,28,projected_js,0.12647182686487213,128
lot_paper_reasoning__v1,candidate,uncensored_refusal_like,uncensored_only,29,mmd_rbf,0.06462612003087997,128
lot_paper_reasoning__v1,candidate,uncensored_refusal_like,uncensored_only,29,projected_js,0.11885389755479991,128
lot_paper_reasoning__v1,candidate,uncensored_refusal_like,uncensored_only,30,mmd_rbf,0.06848675012588501,128
lot_paper_reasoning__v1,candidate,uncensored_refusal_like,uncensored_only,30,projected_js,0.1178500717796851,128
lot_paper_reasoning__v1,candidate,uncensored_refusal_like,uncensored_only,31,mmd_rbf,0.06830071657896042,128
lot_paper_reasoning__v1,candidate,uncensored_refusal_like,uncensored_only,31,projected_js,0.11226012324914336,128
lot_paper_reasoning__v1,candidate,uncensored_refusal_like,uncensored_only,32,mmd_rbf,0.06748360395431519,128
lot_paper_reasoning__v1,candidate,uncensored_refusal_like,uncensored_only,32,projected_js,0.11449967935914174,128
lot_paper_reasoning__v1,candidate,uncensored_refusal_like,uncensored_only,33,mmd_rbf,0.06625989824533463,128
lot_paper_reasoning__v1,candidate,uncensored_refusal_like,uncensored_only,33,projected_js,0.11269478726899251,128
lot_paper_reasoning__v1,candidate,uncensored_refusal_like,uncensored_only,34,mmd_rbf,0.07061628997325897,128
lot_paper_reasoning__v1,candidate,uncensored_refusal_like,uncensored_only,34,projected_js,0.11773619800806046,128
lot_paper_reasoning__v1,candidate,uncensored_refusal_like,uncensored_only,35,mmd_rbf,0.138946533203125,128
lot_paper_reasoning__v1,candidate,uncensored_refusal_like,uncensored_only,35,projected_js,0.16630600951611996,128
