model_id,model_kind,calib_subset,target_id,layer,metric,value,n_prompts
lot_paper_mix__v1,candidate,general,base,0,mmd_rbf,0.0076642571948468685,128
lot_paper_mix__v1,candidate,general,base,0,projected_js,0.04570915413205512,128
lot_paper_mix__v1,candidate,general,base,1,mmd_rbf,0.017038494348526,128
lot_paper_mix__v1,candidate,general,base,1,projected_js,0.05434515503293369,128
lot_paper_mix__v1,candidate,general,base,2,mmd_rbf,0.016856759786605835,128
lot_paper_mix__v1,candidate,general,base,2,projected_js,0.06155124166980386,128
lot_paper_mix__v1,candidate,general,base,3,mmd_rbf,0.017053687945008278,128
lot_paper_mix__v1,candidate,general,base,3,projected_js,0.06554261851124465,128
lot_paper_mix__v1,candidate,general,base,4,mmd_rbf,0.014955994673073292,128
lot_paper_mix__v1,candidate,general,base,4,projected_js,0.062386341916862875,128
lot_paper_mix__v1,candidate,general,base,5,mmd_rbf,0.013716665096580982,128
lot_paper_mix__v1,candidate,general,base,5,projected_js,0.06029168103123084,128
lot_paper_mix__v1,candidate,general,base,6,mmd_rbf,0.009587164036929607,128
lot_paper_mix__v1,candidate,general,base,6,projected_js,0.057792589970631525,128
lot_paper_mix__v1,candidate,general,base,7,mmd_rbf,0.008711621165275574,128
lot_paper_mix__v1,candidate,general,base,7,projected_js,0.05838839936768636,128
lot_paper_mix__v1,candidate,general,base,8,mmd_rbf,0.007024096790701151,128
lot_paper_mix__v1,candidate,general,base,8,projected_js,0.05340681259986013,128
lot_paper_mix__v1,candidate,general,base,9,mmd_rbf,0.007131083402782679,128
lot_paper_mix__v1,candidate,general,base,9,projected_js,0.05999047897057608,128
lot_paper_mix__v1,candidate,general,base,10,mmd_rbf,0.007428233977407217,128
lot_paper_mix__v1,candidate,general,base,10,projected_js,0.05801618559053168,128
lot_paper_mix__v1,candidate,general,base,11,mmd_rbf,0.007507069502025843,128
lot_paper_mix__v1,candidate,general,base,11,projected_js,0.061404648498864844,128
lot_paper_mix__v1,candidate,general,base,12,mmd_rbf,0.007862548343837261,128
lot_paper_mix__v1,candidate,general,base,12,projected_js,0.059253919404000044,128
lot_paper_mix__v1,candidate,general,base,13,mmd_rbf,0.008441469632089138,128
lot_paper_mix__v1,candidate,general,base,13,projected_js,0.059235461812932044,128
lot_paper_mix__v1,candidate,general,base,14,mmd_rbf,0.00874695461243391,128
lot_paper_mix__v1,candidate,general,base,14,projected_js,0.06077083575655706,128
lot_paper_mix__v1,candidate,general,base,15,mmd_rbf,0.009700372815132141,128
lot_paper_mix__v1,candidate,general,base,15,projected_js,0.06024432595586404,128
lot_paper_mix__v1,candidate,general,base,16,mmd_rbf,0.011157916858792305,128
lot_paper_mix__v1,candidate,general,base,16,projected_js,0.06126411521108821,128
lot_paper_mix__v1,candidate,general,base,17,mmd_rbf,0.010999632999300957,128
lot_paper_mix__v1,candidate,general,base,17,projected_js,0.058101827977225184,128
lot_paper_mix__v1,candidate,general,base,18,mmd_rbf,0.01232270896434784,128
lot_paper_mix__v1,candidate,general,base,18,projected_js,0.06723266572225839,128
lot_paper_mix__v1,candidate,general,base,19,mmd_rbf,0.013004586100578308,128
lot_paper_mix__v1,candidate,general,base,19,projected_js,0.06715050165075809,128
lot_paper_mix__v1,candidate,general,base,20,mmd_rbf,0.012735879980027676,128
lot_paper_mix__v1,candidate,general,base,20,projected_js,0.0641374516999349,128
lot_paper_mix__v1,candidate,general,base,21,mmd_rbf,0.013285334222018719,128
lot_paper_mix__v1,candidate,general,base,21,projected_js,0.06566875148564577,128
lot_paper_mix__v1,candidate,general,base,22,mmd_rbf,0.012225652113556862,128
lot_paper_mix__v1,candidate,general,base,22,projected_js,0.06365179063868709,128
lot_paper_mix__v1,candidate,general,base,23,mmd_rbf,0.01103328075259924,128
lot_paper_mix__v1,candidate,general,base,23,projected_js,0.06287041015457362,128
lot_paper_mix__v1,candidate,general,base,24,mmd_rbf,0.009761447086930275,128
lot_paper_mix__v1,candidate,general,base,24,projected_js,0.05918238215963356,128
lot_paper_mix__v1,candidate,general,base,25,mmd_rbf,0.008664332330226898,128
lot_paper_mix__v1,candidate,general,base,25,projected_js,0.05699581612134352,128
lot_paper_mix__v1,candidate,general,base,26,mmd_rbf,0.008288782089948654,128
lot_paper_mix__v1,candidate,general,base,26,projected_js,0.061464275990147144,128
lot_paper_mix__v1,candidate,general,base,27,mmd_rbf,0.008004616014659405,128
lot_paper_mix__v1,candidate,general,base,27,projected_js,0.06013369531137869,128
lot_paper_mix__v1,candidate,general,base,28,mmd_rbf,0.007531111128628254,128
lot_paper_mix__v1,candidate,general,base,28,projected_js,0.05994283693144098,128
lot_paper_mix__v1,candidate,general,base,29,mmd_rbf,0.007057936396449804,128
lot_paper_mix__v1,candidate,general,base,29,projected_js,0.05868042176007293,128
lot_paper_mix__v1,candidate,general,base,30,mmd_rbf,0.0067259082570672035,128
lot_paper_mix__v1,candidate,general,base,30,projected_js,0.05681915831519291,128
lot_paper_mix__v1,candidate,general,base,31,mmd_rbf,0.0064545199275016785,128
lot_paper_mix__v1,candidate,general,base,31,projected_js,0.05681553520844318,128
lot_paper_mix__v1,candidate,general,base,32,mmd_rbf,0.00707632303237915,128
lot_paper_mix__v1,candidate,general,base,32,projected_js,0.05945803102804348,128
lot_paper_mix__v1,candidate,general,base,33,mmd_rbf,0.007308126427233219,128
lot_paper_mix__v1,candidate,general,base,33,projected_js,0.06284083938226104,128
lot_paper_mix__v1,candidate,general,base,34,mmd_rbf,0.01347533892840147,128
lot_paper_mix__v1,candidate,general,base,34,projected_js,0.06686967733548954,128
lot_paper_mix__v1,candidate,general,base,35,mmd_rbf,0.08514746278524399,128
lot_paper_mix__v1,candidate,general,base,35,projected_js,0.12563806271646172,128
lot_paper_mix__v1,candidate,general,instr_only,0,mmd_rbf,0.003353118896484375,128
lot_paper_mix__v1,candidate,general,instr_only,0,projected_js,0.0355514096445404,128
lot_paper_mix__v1,candidate,general,instr_only,1,mmd_rbf,0.011549830436706543,128
lot_paper_mix__v1,candidate,general,instr_only,1,projected_js,0.05365390775841661,128
lot_paper_mix__v1,candidate,general,instr_only,2,mmd_rbf,0.010806522332131863,128
lot_paper_mix__v1,candidate,general,instr_only,2,projected_js,0.05535107897594571,128
lot_paper_mix__v1,candidate,general,instr_only,3,mmd_rbf,0.009773197583854198,128
lot_paper_mix__v1,candidate,general,instr_only,3,projected_js,0.05434638445149176,128
lot_paper_mix__v1,candidate,general,instr_only,4,mmd_rbf,0.008983558975160122,128
lot_paper_mix__v1,candidate,general,instr_only,4,projected_js,0.05352157662855461,128
lot_paper_mix__v1,candidate,general,instr_only,5,mmd_rbf,0.008158792741596699,128
lot_paper_mix__v1,candidate,general,instr_only,5,projected_js,0.05190017519635148,128
lot_paper_mix__v1,candidate,general,instr_only,6,mmd_rbf,0.005919256713241339,128
lot_paper_mix__v1,candidate,general,instr_only,6,projected_js,0.048610080673824996,128
lot_paper_mix__v1,candidate,general,instr_only,7,mmd_rbf,0.005228837952017784,128
lot_paper_mix__v1,candidate,general,instr_only,7,projected_js,0.053851407050387934,128
lot_paper_mix__v1,candidate,general,instr_only,8,mmd_rbf,0.0040940153412520885,128
lot_paper_mix__v1,candidate,general,instr_only,8,projected_js,0.05255219788523391,128
lot_paper_mix__v1,candidate,general,instr_only,9,mmd_rbf,0.004011561628431082,128
lot_paper_mix__v1,candidate,general,instr_only,9,projected_js,0.05370707527617924,128
lot_paper_mix__v1,candidate,general,instr_only,10,mmd_rbf,0.0043032290413975716,128
lot_paper_mix__v1,candidate,general,instr_only,10,projected_js,0.05126967089017853,128
lot_paper_mix__v1,candidate,general,instr_only,11,mmd_rbf,0.004215121269226074,128
lot_paper_mix__v1,candidate,general,instr_only,11,projected_js,0.05720567304524593,128
lot_paper_mix__v1,candidate,general,instr_only,12,mmd_rbf,0.004449136555194855,128
lot_paper_mix__v1,candidate,general,instr_only,12,projected_js,0.055895337456604466,128
lot_paper_mix__v1,candidate,general,instr_only,13,mmd_rbf,0.004755002912133932,128
lot_paper_mix__v1,candidate,general,instr_only,13,projected_js,0.060367510246578604,128
lot_paper_mix__v1,candidate,general,instr_only,14,mmd_rbf,0.004889272153377533,128
lot_paper_mix__v1,candidate,general,instr_only,14,projected_js,0.05438450287329033,128
lot_paper_mix__v1,candidate,general,instr_only,15,mmd_rbf,0.004924284294247627,128
lot_paper_mix__v1,candidate,general,instr_only,15,projected_js,0.054986974864732474,128
lot_paper_mix__v1,candidate,general,instr_only,16,mmd_rbf,0.00528113916516304,128
lot_paper_mix__v1,candidate,general,instr_only,16,projected_js,0.059103115228936076,128
lot_paper_mix__v1,candidate,general,instr_only,17,mmd_rbf,0.005630516912788153,128
lot_paper_mix__v1,candidate,general,instr_only,17,projected_js,0.05706669413484633,128
lot_paper_mix__v1,candidate,general,instr_only,18,mmd_rbf,0.00601228279992938,128
lot_paper_mix__v1,candidate,general,instr_only,18,projected_js,0.06047902337741107,128
lot_paper_mix__v1,candidate,general,instr_only,19,mmd_rbf,0.006033752113580704,128
lot_paper_mix__v1,candidate,general,instr_only,19,projected_js,0.06321931787533686,128
lot_paper_mix__v1,candidate,general,instr_only,20,mmd_rbf,0.006167363375425339,128
lot_paper_mix__v1,candidate,general,instr_only,20,projected_js,0.05833168962271884,128
lot_paper_mix__v1,candidate,general,instr_only,21,mmd_rbf,0.0064839646220207214,128
lot_paper_mix__v1,candidate,general,instr_only,21,projected_js,0.06226358201820403,128
lot_paper_mix__v1,candidate,general,instr_only,22,mmd_rbf,0.006486082915216684,128
lot_paper_mix__v1,candidate,general,instr_only,22,projected_js,0.06124562426703051,128
lot_paper_mix__v1,candidate,general,instr_only,23,mmd_rbf,0.006263969000428915,128
lot_paper_mix__v1,candidate,general,instr_only,23,projected_js,0.05949560692533851,128
lot_paper_mix__v1,candidate,general,instr_only,24,mmd_rbf,0.006781733129173517,128
lot_paper_mix__v1,candidate,general,instr_only,24,projected_js,0.06238257943186909,128
lot_paper_mix__v1,candidate,general,instr_only,25,mmd_rbf,0.006952247116714716,128
lot_paper_mix__v1,candidate,general,instr_only,25,projected_js,0.06164308136794716,128
lot_paper_mix__v1,candidate,general,instr_only,26,mmd_rbf,0.007331535220146179,128
lot_paper_mix__v1,candidate,general,instr_only,26,projected_js,0.062438779044896364,128
lot_paper_mix__v1,candidate,general,instr_only,27,mmd_rbf,0.007342074997723103,128
lot_paper_mix__v1,candidate,general,instr_only,27,projected_js,0.06393298209877685,128
lot_paper_mix__v1,candidate,general,instr_only,28,mmd_rbf,0.007277369499206543,128
lot_paper_mix__v1,candidate,general,instr_only,28,projected_js,0.05792373055010103,128
lot_paper_mix__v1,candidate,general,instr_only,29,mmd_rbf,0.007053007837384939,128
lot_paper_mix__v1,candidate,general,instr_only,29,projected_js,0.05729625205276534,128
lot_paper_mix__v1,candidate,general,instr_only,30,mmd_rbf,0.006834156811237335,128
lot_paper_mix__v1,candidate,general,instr_only,30,projected_js,0.057695035997312516,128
lot_paper_mix__v1,candidate,general,instr_only,31,mmd_rbf,0.006874269340187311,128
lot_paper_mix__v1,candidate,general,instr_only,31,projected_js,0.059759042400401086,128
lot_paper_mix__v1,candidate,general,instr_only,32,mmd_rbf,0.006780644413083792,128
lot_paper_mix__v1,candidate,general,instr_only,32,projected_js,0.061875937797594815,128
lot_paper_mix__v1,candidate,general,instr_only,33,mmd_rbf,0.006524812430143356,128
lot_paper_mix__v1,candidate,general,instr_only,33,projected_js,0.060661549505311996,128
lot_paper_mix__v1,candidate,general,instr_only,34,mmd_rbf,0.007030568551272154,128
lot_paper_mix__v1,candidate,general,instr_only,34,projected_js,0.058760982064995915,128
lot_paper_mix__v1,candidate,general,instr_only,35,mmd_rbf,0.02135588228702545,128
lot_paper_mix__v1,candidate,general,instr_only,35,projected_js,0.06859816325595602,128
lot_paper_mix__v1,candidate,general,reasoning_only,0,mmd_rbf,0.01508708018809557,128
lot_paper_mix__v1,candidate,general,reasoning_only,0,projected_js,0.06215708309900947,128
lot_paper_mix__v1,candidate,general,reasoning_only,1,mmd_rbf,0.022304633632302284,128
lot_paper_mix__v1,candidate,general,reasoning_only,1,projected_js,0.06927197982440703,128
lot_paper_mix__v1,candidate,general,reasoning_only,2,mmd_rbf,0.018576370552182198,128
lot_paper_mix__v1,candidate,general,reasoning_only,2,projected_js,0.06506470177555457,128
lot_paper_mix__v1,candidate,general,reasoning_only,3,mmd_rbf,0.01833534613251686,128
lot_paper_mix__v1,candidate,general,reasoning_only,3,projected_js,0.0666127628646791,128
lot_paper_mix__v1,candidate,general,reasoning_only,4,mmd_rbf,0.017097851261496544,128
lot_paper_mix__v1,candidate,general,reasoning_only,4,projected_js,0.06919086881680414,128
lot_paper_mix__v1,candidate,general,reasoning_only,5,mmd_rbf,0.01571834273636341,128
lot_paper_mix__v1,candidate,general,reasoning_only,5,projected_js,0.06680024770321324,128
lot_paper_mix__v1,candidate,general,reasoning_only,6,mmd_rbf,0.011075865477323532,128
lot_paper_mix__v1,candidate,general,reasoning_only,6,projected_js,0.06136684550438076,128
lot_paper_mix__v1,candidate,general,reasoning_only,7,mmd_rbf,0.010126277804374695,128
lot_paper_mix__v1,candidate,general,reasoning_only,7,projected_js,0.058161243388894945,128
lot_paper_mix__v1,candidate,general,reasoning_only,8,mmd_rbf,0.008135308511555195,128
lot_paper_mix__v1,candidate,general,reasoning_only,8,projected_js,0.06141231721267104,128
lot_paper_mix__v1,candidate,general,reasoning_only,9,mmd_rbf,0.007808380760252476,128
lot_paper_mix__v1,candidate,general,reasoning_only,9,projected_js,0.061152180191129446,128
lot_paper_mix__v1,candidate,general,reasoning_only,10,mmd_rbf,0.008191751316189766,128
lot_paper_mix__v1,candidate,general,reasoning_only,10,projected_js,0.05495382804656401,128
lot_paper_mix__v1,candidate,general,reasoning_only,11,mmd_rbf,0.007466770708560944,128
lot_paper_mix__v1,candidate,general,reasoning_only,11,projected_js,0.058453307719901204,128
lot_paper_mix__v1,candidate,general,reasoning_only,12,mmd_rbf,0.007402527611702681,128
lot_paper_mix__v1,candidate,general,reasoning_only,12,projected_js,0.06279360631015152,128
lot_paper_mix__v1,candidate,general,reasoning_only,13,mmd_rbf,0.007778150029480457,128
lot_paper_mix__v1,candidate,general,reasoning_only,13,projected_js,0.06024489662377164,128
lot_paper_mix__v1,candidate,general,reasoning_only,14,mmd_rbf,0.007722828071564436,128
lot_paper_mix__v1,candidate,general,reasoning_only,14,projected_js,0.06144696712726727,128
lot_paper_mix__v1,candidate,general,reasoning_only,15,mmd_rbf,0.00836640689522028,128
lot_paper_mix__v1,candidate,general,reasoning_only,15,projected_js,0.060751632729079574,128
lot_paper_mix__v1,candidate,general,reasoning_only,16,mmd_rbf,0.00858549028635025,128
lot_paper_mix__v1,candidate,general,reasoning_only,16,projected_js,0.06060025078477338,128
lot_paper_mix__v1,candidate,general,reasoning_only,17,mmd_rbf,0.008175252936780453,128
lot_paper_mix__v1,candidate,general,reasoning_only,17,projected_js,0.06036052235867828,128
lot_paper_mix__v1,candidate,general,reasoning_only,18,mmd_rbf,0.009062687866389751,128
lot_paper_mix__v1,candidate,general,reasoning_only,18,projected_js,0.06353740653139539,128
lot_paper_mix__v1,candidate,general,reasoning_only,19,mmd_rbf,0.008240661583840847,128
lot_paper_mix__v1,candidate,general,reasoning_only,19,projected_js,0.0645103759597987,128
lot_paper_mix__v1,candidate,general,reasoning_only,20,mmd_rbf,0.008082568645477295,128
lot_paper_mix__v1,candidate,general,reasoning_only,20,projected_js,0.06010761883226223,128
lot_paper_mix__v1,candidate,general,reasoning_only,21,mmd_rbf,0.00854933075606823,128
lot_paper_mix__v1,candidate,general,reasoning_only,21,projected_js,0.06392908294219524,128
lot_paper_mix__v1,candidate,general,reasoning_only,22,mmd_rbf,0.007480050902813673,128
lot_paper_mix__v1,candidate,general,reasoning_only,22,projected_js,0.06294588622404262,128
lot_paper_mix__v1,candidate,general,reasoning_only,23,mmd_rbf,0.00623164651915431,128
lot_paper_mix__v1,candidate,general,reasoning_only,23,projected_js,0.058842206839472055,128
lot_paper_mix__v1,candidate,general,reasoning_only,24,mmd_rbf,0.006242142524570227,128
lot_paper_mix__v1,candidate,general,reasoning_only,24,projected_js,0.05975524615496397,128
lot_paper_mix__v1,candidate,general,reasoning_only,25,mmd_rbf,0.0058600809425115585,128
lot_paper_mix__v1,candidate,general,reasoning_only,25,projected_js,0.05899919744115323,128
lot_paper_mix__v1,candidate,general,reasoning_only,26,mmd_rbf,0.005895168986171484,128
lot_paper_mix__v1,candidate,general,reasoning_only,26,projected_js,0.05894275748869404,128
lot_paper_mix__v1,candidate,general,reasoning_only,27,mmd_rbf,0.005696339067071676,128
lot_paper_mix__v1,candidate,general,reasoning_only,27,projected_js,0.06191982241580263,128
lot_paper_mix__v1,candidate,general,reasoning_only,28,mmd_rbf,0.005770388524979353,128
lot_paper_mix__v1,candidate,general,reasoning_only,28,projected_js,0.05783811750006862,128
lot_paper_mix__v1,candidate,general,reasoning_only,29,mmd_rbf,0.005763898603618145,128
lot_paper_mix__v1,candidate,general,reasoning_only,29,projected_js,0.06024966295808554,128
lot_paper_mix__v1,candidate,general,reasoning_only,30,mmd_rbf,0.005664675962179899,128
lot_paper_mix__v1,candidate,general,reasoning_only,30,projected_js,0.05619241189560853,128
lot_paper_mix__v1,candidate,general,reasoning_only,31,mmd_rbf,0.005609952844679356,128
lot_paper_mix__v1,candidate,general,reasoning_only,31,projected_js,0.05726141459308565,128
lot_paper_mix__v1,candidate,general,reasoning_only,32,mmd_rbf,0.00559897581115365,128
lot_paper_mix__v1,candidate,general,reasoning_only,32,projected_js,0.05777858674991876,128
lot_paper_mix__v1,candidate,general,reasoning_only,33,mmd_rbf,0.005906597711145878,128
lot_paper_mix__v1,candidate,general,reasoning_only,33,projected_js,0.05639881297247484,128
lot_paper_mix__v1,candidate,general,reasoning_only,34,mmd_rbf,0.00712990015745163,128
lot_paper_mix__v1,candidate,general,reasoning_only,34,projected_js,0.055527143995277584,128
lot_paper_mix__v1,candidate,general,reasoning_only,35,mmd_rbf,0.044483233243227005,128
lot_paper_mix__v1,candidate,general,reasoning_only,35,projected_js,0.08829034300288185,128
lot_paper_mix__v1,candidate,general,uncensored_only,0,mmd_rbf,0.005970967002213001,128
lot_paper_mix__v1,candidate,general,uncensored_only,0,projected_js,0.04143875534646213,128
lot_paper_mix__v1,candidate,general,uncensored_only,1,mmd_rbf,0.14283855259418488,128
lot_paper_mix__v1,candidate,general,uncensored_only,1,projected_js,0.15996102994540706,128
lot_paper_mix__v1,candidate,general,uncensored_only,2,mmd_rbf,0.12784431874752045,128
lot_paper_mix__v1,candidate,general,uncensored_only,2,projected_js,0.1319990383926779,128
lot_paper_mix__v1,candidate,general,uncensored_only,3,mmd_rbf,0.09828079491853714,128
lot_paper_mix__v1,candidate,general,uncensored_only,3,projected_js,0.1158634961466305,128
lot_paper_mix__v1,candidate,general,uncensored_only,4,mmd_rbf,0.07212571054697037,128
lot_paper_mix__v1,candidate,general,uncensored_only,4,projected_js,0.11109181586652994,128
lot_paper_mix__v1,candidate,general,uncensored_only,5,mmd_rbf,0.05372112616896629,128
lot_paper_mix__v1,candidate,general,uncensored_only,5,projected_js,0.10630604001926258,128
lot_paper_mix__v1,candidate,general,uncensored_only,6,mmd_rbf,0.030727071687579155,128
lot_paper_mix__v1,candidate,general,uncensored_only,6,projected_js,0.08266283222474158,128
lot_paper_mix__v1,candidate,general,uncensored_only,7,mmd_rbf,0.023564742878079414,128
lot_paper_mix__v1,candidate,general,uncensored_only,7,projected_js,0.07428281271131709,128
lot_paper_mix__v1,candidate,general,uncensored_only,8,mmd_rbf,0.015841087326407433,128
lot_paper_mix__v1,candidate,general,uncensored_only,8,projected_js,0.06733752466971055,128
lot_paper_mix__v1,candidate,general,uncensored_only,9,mmd_rbf,0.013367408886551857,128
lot_paper_mix__v1,candidate,general,uncensored_only,9,projected_js,0.06492521410109475,128
lot_paper_mix__v1,candidate,general,uncensored_only,10,mmd_rbf,0.011930737644433975,128
lot_paper_mix__v1,candidate,general,uncensored_only,10,projected_js,0.06508983872481622,128
lot_paper_mix__v1,candidate,general,uncensored_only,11,mmd_rbf,0.010464063845574856,128
lot_paper_mix__v1,candidate,general,uncensored_only,11,projected_js,0.06245336911524646,128
lot_paper_mix__v1,candidate,general,uncensored_only,12,mmd_rbf,0.010125318542122841,128
lot_paper_mix__v1,candidate,general,uncensored_only,12,projected_js,0.06295304279774427,128
lot_paper_mix__v1,candidate,general,uncensored_only,13,mmd_rbf,0.011008103378117085,128
lot_paper_mix__v1,candidate,general,uncensored_only,13,projected_js,0.06341001094551757,128
lot_paper_mix__v1,candidate,general,uncensored_only,14,mmd_rbf,0.010961602441966534,128
lot_paper_mix__v1,candidate,general,uncensored_only,14,projected_js,0.06674719078000635,128
lot_paper_mix__v1,candidate,general,uncensored_only,15,mmd_rbf,0.013704759068787098,128
lot_paper_mix__v1,candidate,general,uncensored_only,15,projected_js,0.06317585875513032,128
lot_paper_mix__v1,candidate,general,uncensored_only,16,mmd_rbf,0.015064782463014126,128
lot_paper_mix__v1,candidate,general,uncensored_only,16,projected_js,0.06463347905082628,128
lot_paper_mix__v1,candidate,general,uncensored_only,17,mmd_rbf,0.01409072894603014,128
lot_paper_mix__v1,candidate,general,uncensored_only,17,projected_js,0.06504503576434217,128
lot_paper_mix__v1,candidate,general,uncensored_only,18,mmd_rbf,0.014626306481659412,128
lot_paper_mix__v1,candidate,general,uncensored_only,18,projected_js,0.06849354761652648,128
lot_paper_mix__v1,candidate,general,uncensored_only,19,mmd_rbf,0.013054239563643932,128
lot_paper_mix__v1,candidate,general,uncensored_only,19,projected_js,0.06934092845767736,128
lot_paper_mix__v1,candidate,general,uncensored_only,20,mmd_rbf,0.012610629200935364,128
lot_paper_mix__v1,candidate,general,uncensored_only,20,projected_js,0.06631154753267765,128
lot_paper_mix__v1,candidate,general,uncensored_only,21,mmd_rbf,0.01326886098831892,128
lot_paper_mix__v1,candidate,general,uncensored_only,21,projected_js,0.06872255215421319,128
lot_paper_mix__v1,candidate,general,uncensored_only,22,mmd_rbf,0.012964382767677307,128
lot_paper_mix__v1,candidate,general,uncensored_only,22,projected_js,0.06582647666800767,128
lot_paper_mix__v1,candidate,general,uncensored_only,23,mmd_rbf,0.012012478895485401,128
lot_paper_mix__v1,candidate,general,uncensored_only,23,projected_js,0.06534832890611142,128
lot_paper_mix__v1,candidate,general,uncensored_only,24,mmd_rbf,0.012617111206054688,128
lot_paper_mix__v1,candidate,general,uncensored_only,24,projected_js,0.0698480618884787,128
lot_paper_mix__v1,candidate,general,uncensored_only,25,mmd_rbf,0.012899813242256641,128
lot_paper_mix__v1,candidate,general,uncensored_only,25,projected_js,0.06785517348907888,128
lot_paper_mix__v1,candidate,general,uncensored_only,26,mmd_rbf,0.013248259201645851,128
lot_paper_mix__v1,candidate,general,uncensored_only,26,projected_js,0.07111230079317465,128
lot_paper_mix__v1,candidate,general,uncensored_only,27,mmd_rbf,0.01328685600310564,128
lot_paper_mix__v1,candidate,general,uncensored_only,27,projected_js,0.06579188464093022,128
lot_paper_mix__v1,candidate,general,uncensored_only,28,mmd_rbf,0.01268619205802679,128
lot_paper_mix__v1,candidate,general,uncensored_only,28,projected_js,0.06826067657675594,128
lot_paper_mix__v1,candidate,general,uncensored_only,29,mmd_rbf,0.012393908575177193,128
lot_paper_mix__v1,candidate,general,uncensored_only,29,projected_js,0.06473953404929489,128
lot_paper_mix__v1,candidate,general,uncensored_only,30,mmd_rbf,0.012523174285888672,128
lot_paper_mix__v1,candidate,general,uncensored_only,30,projected_js,0.06268802075646818,128
lot_paper_mix__v1,candidate,general,uncensored_only,31,mmd_rbf,0.012043781578540802,128
lot_paper_mix__v1,candidate,general,uncensored_only,31,projected_js,0.06287436786806211,128
lot_paper_mix__v1,candidate,general,uncensored_only,32,mmd_rbf,0.011549355462193489,128
lot_paper_mix__v1,candidate,general,uncensored_only,32,projected_js,0.0604704599827528,128
lot_paper_mix__v1,candidate,general,uncensored_only,33,mmd_rbf,0.011387485079467297,128
lot_paper_mix__v1,candidate,general,uncensored_only,33,projected_js,0.059249297657515854,128
lot_paper_mix__v1,candidate,general,uncensored_only,34,mmd_rbf,0.011691018007695675,128
lot_paper_mix__v1,candidate,general,uncensored_only,34,projected_js,0.06254889123374596,128
lot_paper_mix__v1,candidate,general,uncensored_only,35,mmd_rbf,0.03278486803174019,128
lot_paper_mix__v1,candidate,general,uncensored_only,35,projected_js,0.07812585448846221,128
lot_paper_mix__v1,candidate,instruction,base,0,mmd_rbf,0.004438159056007862,128
lot_paper_mix__v1,candidate,instruction,base,0,projected_js,0.04823359681176953,128
lot_paper_mix__v1,candidate,instruction,base,1,mmd_rbf,0.010540226474404335,128
lot_paper_mix__v1,candidate,instruction,base,1,projected_js,0.055331605806713924,128
lot_paper_mix__v1,candidate,instruction,base,2,mmd_rbf,0.012179802171885967,128
lot_paper_mix__v1,candidate,instruction,base,2,projected_js,0.061550316924694926,128
lot_paper_mix__v1,candidate,instruction,base,3,mmd_rbf,0.014838563278317451,128
lot_paper_mix__v1,candidate,instruction,base,3,projected_js,0.0655454081716016,128
lot_paper_mix__v1,candidate,instruction,base,4,mmd_rbf,0.013583828695118427,128
lot_paper_mix__v1,candidate,instruction,base,4,projected_js,0.06619935357593931,128
lot_paper_mix__v1,candidate,instruction,base,5,mmd_rbf,0.014051656238734722,128
lot_paper_mix__v1,candidate,instruction,base,5,projected_js,0.06047493193182163,128
lot_paper_mix__v1,candidate,instruction,base,6,mmd_rbf,0.010754643939435482,128
lot_paper_mix__v1,candidate,instruction,base,6,projected_js,0.06315302330767736,128
lot_paper_mix__v1,candidate,instruction,base,7,mmd_rbf,0.01020530704408884,128
lot_paper_mix__v1,candidate,instruction,base,7,projected_js,0.06380740756867453,128
lot_paper_mix__v1,candidate,instruction,base,8,mmd_rbf,0.009115336462855339,128
lot_paper_mix__v1,candidate,instruction,base,8,projected_js,0.06360104089253582,128
lot_paper_mix__v1,candidate,instruction,base,9,mmd_rbf,0.010076171718537807,128
lot_paper_mix__v1,candidate,instruction,base,9,projected_js,0.0668249815935269,128
lot_paper_mix__v1,candidate,instruction,base,10,mmd_rbf,0.011092297732830048,128
lot_paper_mix__v1,candidate,instruction,base,10,projected_js,0.06626611889805645,128
lot_paper_mix__v1,candidate,instruction,base,11,mmd_rbf,0.011134038679301739,128
lot_paper_mix__v1,candidate,instruction,base,11,projected_js,0.06601422443054616,128
lot_paper_mix__v1,candidate,instruction,base,12,mmd_rbf,0.011374450288712978,128
lot_paper_mix__v1,candidate,instruction,base,12,projected_js,0.06731453485554084,128
lot_paper_mix__v1,candidate,instruction,base,13,mmd_rbf,0.012125800363719463,128
lot_paper_mix__v1,candidate,instruction,base,13,projected_js,0.06683489930583164,128
lot_paper_mix__v1,candidate,instruction,base,14,mmd_rbf,0.013014311902225018,128
lot_paper_mix__v1,candidate,instruction,base,14,projected_js,0.06733678840100765,128
lot_paper_mix__v1,candidate,instruction,base,15,mmd_rbf,0.014519572257995605,128
lot_paper_mix__v1,candidate,instruction,base,15,projected_js,0.07212292728945613,128
lot_paper_mix__v1,candidate,instruction,base,16,mmd_rbf,0.015382306650280952,128
lot_paper_mix__v1,candidate,instruction,base,16,projected_js,0.07055583788314834,128
lot_paper_mix__v1,candidate,instruction,base,17,mmd_rbf,0.015061743557453156,128
lot_paper_mix__v1,candidate,instruction,base,17,projected_js,0.06979794759536162,128
lot_paper_mix__v1,candidate,instruction,base,18,mmd_rbf,0.01669449731707573,128
lot_paper_mix__v1,candidate,instruction,base,18,projected_js,0.07542642281623557,128
lot_paper_mix__v1,candidate,instruction,base,19,mmd_rbf,0.018509814515709877,128
lot_paper_mix__v1,candidate,instruction,base,19,projected_js,0.07109616108937189,128
lot_paper_mix__v1,candidate,instruction,base,20,mmd_rbf,0.018686145544052124,128
lot_paper_mix__v1,candidate,instruction,base,20,projected_js,0.07402601197827607,128
lot_paper_mix__v1,candidate,instruction,base,21,mmd_rbf,0.02018692158162594,128
lot_paper_mix__v1,candidate,instruction,base,21,projected_js,0.07601069391239434,128
lot_paper_mix__v1,candidate,instruction,base,22,mmd_rbf,0.01977601833641529,128
lot_paper_mix__v1,candidate,instruction,base,22,projected_js,0.07339951192261651,128
lot_paper_mix__v1,candidate,instruction,base,23,mmd_rbf,0.018164832144975662,128
lot_paper_mix__v1,candidate,instruction,base,23,projected_js,0.07339067297289148,128
lot_paper_mix__v1,candidate,instruction,base,24,mmd_rbf,0.016995880752801895,128
lot_paper_mix__v1,candidate,instruction,base,24,projected_js,0.07431156618986279,128
lot_paper_mix__v1,candidate,instruction,base,25,mmd_rbf,0.015587176196277142,128
lot_paper_mix__v1,candidate,instruction,base,25,projected_js,0.07105895108543336,128
lot_paper_mix__v1,candidate,instruction,base,26,mmd_rbf,0.014819243922829628,128
lot_paper_mix__v1,candidate,instruction,base,26,projected_js,0.06904242146993056,128
lot_paper_mix__v1,candidate,instruction,base,27,mmd_rbf,0.014265081845223904,128
lot_paper_mix__v1,candidate,instruction,base,27,projected_js,0.06814084836514667,128
lot_paper_mix__v1,candidate,instruction,base,28,mmd_rbf,0.013360760174691677,128
lot_paper_mix__v1,candidate,instruction,base,28,projected_js,0.07019930658861995,128
lot_paper_mix__v1,candidate,instruction,base,29,mmd_rbf,0.012592022307217121,128
lot_paper_mix__v1,candidate,instruction,base,29,projected_js,0.06992801919113845,128
lot_paper_mix__v1,candidate,instruction,base,30,mmd_rbf,0.012313502840697765,128
lot_paper_mix__v1,candidate,instruction,base,30,projected_js,0.06685581582132727,128
lot_paper_mix__v1,candidate,instruction,base,31,mmd_rbf,0.011899023316800594,128
lot_paper_mix__v1,candidate,instruction,base,31,projected_js,0.07140261138556525,128
lot_paper_mix__v1,candidate,instruction,base,32,mmd_rbf,0.012407391332089901,128
lot_paper_mix__v1,candidate,instruction,base,32,projected_js,0.06716567580588162,128
lot_paper_mix__v1,candidate,instruction,base,33,mmd_rbf,0.01234488096088171,128
lot_paper_mix__v1,candidate,instruction,base,33,projected_js,0.06769272778183222,128
lot_paper_mix__v1,candidate,instruction,base,34,mmd_rbf,0.018928050994873047,128
lot_paper_mix__v1,candidate,instruction,base,34,projected_js,0.0766851210501045,128
lot_paper_mix__v1,candidate,instruction,base,35,mmd_rbf,0.06950370222330093,128
lot_paper_mix__v1,candidate,instruction,base,35,projected_js,0.1290310458280146,128
lot_paper_mix__v1,candidate,instruction,instr_only,0,mmd_rbf,0.002083155559375882,128
lot_paper_mix__v1,candidate,instruction,instr_only,0,projected_js,0.03948452410986647,128
lot_paper_mix__v1,candidate,instruction,instr_only,1,mmd_rbf,0.007332533597946167,128
lot_paper_mix__v1,candidate,instruction,instr_only,1,projected_js,0.05153886665357277,128
lot_paper_mix__v1,candidate,instruction,instr_only,2,mmd_rbf,0.008172196336090565,128
lot_paper_mix__v1,candidate,instruction,instr_only,2,projected_js,0.056893601547926664,128
lot_paper_mix__v1,candidate,instruction,instr_only,3,mmd_rbf,0.007479241583496332,128
lot_paper_mix__v1,candidate,instruction,instr_only,3,projected_js,0.053741680370876566,128
lot_paper_mix__v1,candidate,instruction,instr_only,4,mmd_rbf,0.007457491010427475,128
lot_paper_mix__v1,candidate,instruction,instr_only,4,projected_js,0.055140407755970955,128
lot_paper_mix__v1,candidate,instruction,instr_only,5,mmd_rbf,0.007934357039630413,128
lot_paper_mix__v1,candidate,instruction,instr_only,5,projected_js,0.057462144060991704,128
lot_paper_mix__v1,candidate,instruction,instr_only,6,mmd_rbf,0.006364915054291487,128
lot_paper_mix__v1,candidate,instruction,instr_only,6,projected_js,0.05473484381218441,128
lot_paper_mix__v1,candidate,instruction,instr_only,7,mmd_rbf,0.005911779124289751,128
lot_paper_mix__v1,candidate,instruction,instr_only,7,projected_js,0.05940353195182979,128
lot_paper_mix__v1,candidate,instruction,instr_only,8,mmd_rbf,0.00509234145283699,128
lot_paper_mix__v1,candidate,instruction,instr_only,8,projected_js,0.05862607643939555,128
lot_paper_mix__v1,candidate,instruction,instr_only,9,mmd_rbf,0.0049828896299004555,128
lot_paper_mix__v1,candidate,instruction,instr_only,9,projected_js,0.059948777372483164,128
lot_paper_mix__v1,candidate,instruction,instr_only,10,mmd_rbf,0.005608941428363323,128
lot_paper_mix__v1,candidate,instruction,instr_only,10,projected_js,0.06106179271591827,128
lot_paper_mix__v1,candidate,instruction,instr_only,11,mmd_rbf,0.005311338696628809,128
lot_paper_mix__v1,candidate,instruction,instr_only,11,projected_js,0.06448903665295802,128
lot_paper_mix__v1,candidate,instruction,instr_only,12,mmd_rbf,0.005407269112765789,128
lot_paper_mix__v1,candidate,instruction,instr_only,12,projected_js,0.061055138416122645,128
lot_paper_mix__v1,candidate,instruction,instr_only,13,mmd_rbf,0.0054551297798752785,128
lot_paper_mix__v1,candidate,instruction,instr_only,13,projected_js,0.0633225385681726,128
lot_paper_mix__v1,candidate,instruction,instr_only,14,mmd_rbf,0.005417350679636002,128
lot_paper_mix__v1,candidate,instruction,instr_only,14,projected_js,0.06062510790070519,128
lot_paper_mix__v1,candidate,instruction,instr_only,15,mmd_rbf,0.005498239304870367,128
lot_paper_mix__v1,candidate,instruction,instr_only,15,projected_js,0.06375601497711614,128
lot_paper_mix__v1,candidate,instruction,instr_only,16,mmd_rbf,0.005731971003115177,128
lot_paper_mix__v1,candidate,instruction,instr_only,16,projected_js,0.062344594567548484,128
lot_paper_mix__v1,candidate,instruction,instr_only,17,mmd_rbf,0.00596400024369359,128
lot_paper_mix__v1,candidate,instruction,instr_only,17,projected_js,0.06301369395805523,128
lot_paper_mix__v1,candidate,instruction,instr_only,18,mmd_rbf,0.006663687527179718,128
lot_paper_mix__v1,candidate,instruction,instr_only,18,projected_js,0.06423664680914953,128
lot_paper_mix__v1,candidate,instruction,instr_only,19,mmd_rbf,0.007226757705211639,128
lot_paper_mix__v1,candidate,instruction,instr_only,19,projected_js,0.06577036593807861,128
lot_paper_mix__v1,candidate,instruction,instr_only,20,mmd_rbf,0.007471262011677027,128
lot_paper_mix__v1,candidate,instruction,instr_only,20,projected_js,0.06940331676742062,128
lot_paper_mix__v1,candidate,instruction,instr_only,21,mmd_rbf,0.008353265933692455,128
lot_paper_mix__v1,candidate,instruction,instr_only,21,projected_js,0.06739910220494494,128
lot_paper_mix__v1,candidate,instruction,instr_only,22,mmd_rbf,0.008594505488872528,128
lot_paper_mix__v1,candidate,instruction,instr_only,22,projected_js,0.06893086567288265,128
lot_paper_mix__v1,candidate,instruction,instr_only,23,mmd_rbf,0.008516590110957623,128
lot_paper_mix__v1,candidate,instruction,instr_only,23,projected_js,0.06661840452579781,128
lot_paper_mix__v1,candidate,instruction,instr_only,24,mmd_rbf,0.008903655223548412,128
lot_paper_mix__v1,candidate,instruction,instr_only,24,projected_js,0.06755935901310295,128
lot_paper_mix__v1,candidate,instruction,instr_only,25,mmd_rbf,0.009147454984486103,128
lot_paper_mix__v1,candidate,instruction,instr_only,25,projected_js,0.06721307820407674,128
lot_paper_mix__v1,candidate,instruction,instr_only,26,mmd_rbf,0.009676911868155003,128
lot_paper_mix__v1,candidate,instruction,instr_only,26,projected_js,0.06753303378354758,128
lot_paper_mix__v1,candidate,instruction,instr_only,27,mmd_rbf,0.009791276417672634,128
lot_paper_mix__v1,candidate,instruction,instr_only,27,projected_js,0.06778925907565281,128
lot_paper_mix__v1,candidate,instruction,instr_only,28,mmd_rbf,0.00984721165150404,128
lot_paper_mix__v1,candidate,instruction,instr_only,28,projected_js,0.06656525580910966,128
lot_paper_mix__v1,candidate,instruction,instr_only,29,mmd_rbf,0.009410909377038479,128
lot_paper_mix__v1,candidate,instruction,instr_only,29,projected_js,0.06238355621462688,128
lot_paper_mix__v1,candidate,instruction,instr_only,30,mmd_rbf,0.009480366483330727,128
lot_paper_mix__v1,candidate,instruction,instr_only,30,projected_js,0.06526429409859702,128
lot_paper_mix__v1,candidate,instruction,instr_only,31,mmd_rbf,0.00949783343821764,128
lot_paper_mix__v1,candidate,instruction,instr_only,31,projected_js,0.06719833426177502,128
lot_paper_mix__v1,candidate,instruction,instr_only,32,mmd_rbf,0.009278613142669201,128
lot_paper_mix__v1,candidate,instruction,instr_only,32,projected_js,0.06771847844356671,128
lot_paper_mix__v1,candidate,instruction,instr_only,33,mmd_rbf,0.008938918821513653,128
lot_paper_mix__v1,candidate,instruction,instr_only,33,projected_js,0.06561811285791919,128
lot_paper_mix__v1,candidate,instruction,instr_only,34,mmd_rbf,0.009654718451201916,128
lot_paper_mix__v1,candidate,instruction,instr_only,34,projected_js,0.06919383391505107,128
lot_paper_mix__v1,candidate,instruction,instr_only,35,mmd_rbf,0.02409236691892147,128
lot_paper_mix__v1,candidate,instruction,instr_only,35,projected_js,0.08076485560741276,128
lot_paper_mix__v1,candidate,instruction,reasoning_only,0,mmd_rbf,0.006098762154579163,128
lot_paper_mix__v1,candidate,instruction,reasoning_only,0,projected_js,0.055363961844705045,128
lot_paper_mix__v1,candidate,instruction,reasoning_only,1,mmd_rbf,0.012299852445721626,128
lot_paper_mix__v1,candidate,instruction,reasoning_only,1,projected_js,0.06310736457817256,128
lot_paper_mix__v1,candidate,instruction,reasoning_only,2,mmd_rbf,0.012075726874172688,128
lot_paper_mix__v1,candidate,instruction,reasoning_only,2,projected_js,0.06364149384899065,128
lot_paper_mix__v1,candidate,instruction,reasoning_only,3,mmd_rbf,0.012366329319775105,128
lot_paper_mix__v1,candidate,instruction,reasoning_only,3,projected_js,0.06140251545002684,128
lot_paper_mix__v1,candidate,instruction,reasoning_only,4,mmd_rbf,0.012843400239944458,128
lot_paper_mix__v1,candidate,instruction,reasoning_only,4,projected_js,0.06932213966501877,128
lot_paper_mix__v1,candidate,instruction,reasoning_only,5,mmd_rbf,0.012917662039399147,128
lot_paper_mix__v1,candidate,instruction,reasoning_only,5,projected_js,0.06618186060222797,128
lot_paper_mix__v1,candidate,instruction,reasoning_only,6,mmd_rbf,0.010109584778547287,128
lot_paper_mix__v1,candidate,instruction,reasoning_only,6,projected_js,0.06551918189506978,128
lot_paper_mix__v1,candidate,instruction,reasoning_only,7,mmd_rbf,0.010273030027747154,128
lot_paper_mix__v1,candidate,instruction,reasoning_only,7,projected_js,0.06925581046380103,128
lot_paper_mix__v1,candidate,instruction,reasoning_only,8,mmd_rbf,0.008489483967423439,128
lot_paper_mix__v1,candidate,instruction,reasoning_only,8,projected_js,0.06790506764082238,128
lot_paper_mix__v1,candidate,instruction,reasoning_only,9,mmd_rbf,0.008474224247038364,128
lot_paper_mix__v1,candidate,instruction,reasoning_only,9,projected_js,0.06441175943473354,128
lot_paper_mix__v1,candidate,instruction,reasoning_only,10,mmd_rbf,0.009448572061955929,128
lot_paper_mix__v1,candidate,instruction,reasoning_only,10,projected_js,0.06791828921996057,128
lot_paper_mix__v1,candidate,instruction,reasoning_only,11,mmd_rbf,0.009060944430530071,128
lot_paper_mix__v1,candidate,instruction,reasoning_only,11,projected_js,0.06814177887281403,128
lot_paper_mix__v1,candidate,instruction,reasoning_only,12,mmd_rbf,0.009467544965445995,128
lot_paper_mix__v1,candidate,instruction,reasoning_only,12,projected_js,0.06983529479475692,128
lot_paper_mix__v1,candidate,instruction,reasoning_only,13,mmd_rbf,0.009935540147125721,128
lot_paper_mix__v1,candidate,instruction,reasoning_only,13,projected_js,0.06858832010766491,128
lot_paper_mix__v1,candidate,instruction,reasoning_only,14,mmd_rbf,0.009885302744805813,128
lot_paper_mix__v1,candidate,instruction,reasoning_only,14,projected_js,0.06668741605244577,128
lot_paper_mix__v1,candidate,instruction,reasoning_only,15,mmd_rbf,0.010756456293165684,128
lot_paper_mix__v1,candidate,instruction,reasoning_only,15,projected_js,0.06822342472150922,128
lot_paper_mix__v1,candidate,instruction,reasoning_only,16,mmd_rbf,0.01111903227865696,128
lot_paper_mix__v1,candidate,instruction,reasoning_only,16,projected_js,0.06955759407719597,128
lot_paper_mix__v1,candidate,instruction,reasoning_only,17,mmd_rbf,0.010671749711036682,128
lot_paper_mix__v1,candidate,instruction,reasoning_only,17,projected_js,0.0671553312567994,128
lot_paper_mix__v1,candidate,instruction,reasoning_only,18,mmd_rbf,0.011907887645065784,128
lot_paper_mix__v1,candidate,instruction,reasoning_only,18,projected_js,0.06833528156857938,128
lot_paper_mix__v1,candidate,instruction,reasoning_only,19,mmd_rbf,0.011948379687964916,128
lot_paper_mix__v1,candidate,instruction,reasoning_only,19,projected_js,0.06914461374981329,128
lot_paper_mix__v1,candidate,instruction,reasoning_only,20,mmd_rbf,0.011515344493091106,128
lot_paper_mix__v1,candidate,instruction,reasoning_only,20,projected_js,0.06913473986787722,128
lot_paper_mix__v1,candidate,instruction,reasoning_only,21,mmd_rbf,0.01221389602869749,128
lot_paper_mix__v1,candidate,instruction,reasoning_only,21,projected_js,0.07491583254886791,128
lot_paper_mix__v1,candidate,instruction,reasoning_only,22,mmd_rbf,0.011148849502205849,128
lot_paper_mix__v1,candidate,instruction,reasoning_only,22,projected_js,0.0747959817526862,128
lot_paper_mix__v1,candidate,instruction,reasoning_only,23,mmd_rbf,0.009608755819499493,128
lot_paper_mix__v1,candidate,instruction,reasoning_only,23,projected_js,0.06829536269651726,128
lot_paper_mix__v1,candidate,instruction,reasoning_only,24,mmd_rbf,0.009739202447235584,128
lot_paper_mix__v1,candidate,instruction,reasoning_only,24,projected_js,0.06893360323738307,128
lot_paper_mix__v1,candidate,instruction,reasoning_only,25,mmd_rbf,0.00939229130744934,128
lot_paper_mix__v1,candidate,instruction,reasoning_only,25,projected_js,0.06754424440441653,128
lot_paper_mix__v1,candidate,instruction,reasoning_only,26,mmd_rbf,0.009543592110276222,128
lot_paper_mix__v1,candidate,instruction,reasoning_only,26,projected_js,0.06459047755924985,128
lot_paper_mix__v1,candidate,instruction,reasoning_only,27,mmd_rbf,0.009398944675922394,128
lot_paper_mix__v1,candidate,instruction,reasoning_only,27,projected_js,0.06716981693170965,128
lot_paper_mix__v1,candidate,instruction,reasoning_only,28,mmd_rbf,0.00936187244951725,128
lot_paper_mix__v1,candidate,instruction,reasoning_only,28,projected_js,0.06834317074390128,128
lot_paper_mix__v1,candidate,instruction,reasoning_only,29,mmd_rbf,0.00916012842208147,128
lot_paper_mix__v1,candidate,instruction,reasoning_only,29,projected_js,0.0630998321576044,128
lot_paper_mix__v1,candidate,instruction,reasoning_only,30,mmd_rbf,0.00938476249575615,128
lot_paper_mix__v1,candidate,instruction,reasoning_only,30,projected_js,0.06666674063308164,128
lot_paper_mix__v1,candidate,instruction,reasoning_only,31,mmd_rbf,0.009383857250213623,128
lot_paper_mix__v1,candidate,instruction,reasoning_only,31,projected_js,0.06236350227845833,128
lot_paper_mix__v1,candidate,instruction,reasoning_only,32,mmd_rbf,0.009288235567510128,128
lot_paper_mix__v1,candidate,instruction,reasoning_only,32,projected_js,0.06324751384090632,128
lot_paper_mix__v1,candidate,instruction,reasoning_only,33,mmd_rbf,0.009255245327949524,128
lot_paper_mix__v1,candidate,instruction,reasoning_only,33,projected_js,0.06641869526356459,128
lot_paper_mix__v1,candidate,instruction,reasoning_only,34,mmd_rbf,0.010223149321973324,128
lot_paper_mix__v1,candidate,instruction,reasoning_only,34,projected_js,0.06724081275751814,128
lot_paper_mix__v1,candidate,instruction,reasoning_only,35,mmd_rbf,0.026729954406619072,128
lot_paper_mix__v1,candidate,instruction,reasoning_only,35,projected_js,0.08018257073126733,128
lot_paper_mix__v1,candidate,instruction,uncensored_only,0,mmd_rbf,0.005376389715820551,128
lot_paper_mix__v1,candidate,instruction,uncensored_only,0,projected_js,0.05098196445032954,128
lot_paper_mix__v1,candidate,instruction,uncensored_only,1,mmd_rbf,0.11820836365222931,128
lot_paper_mix__v1,candidate,instruction,uncensored_only,1,projected_js,0.14638649875996634,128
lot_paper_mix__v1,candidate,instruction,uncensored_only,2,mmd_rbf,0.11349906772375107,128
lot_paper_mix__v1,candidate,instruction,uncensored_only,2,projected_js,0.13677319622365758,128
lot_paper_mix__v1,candidate,instruction,uncensored_only,3,mmd_rbf,0.08726681768894196,128
lot_paper_mix__v1,candidate,instruction,uncensored_only,3,projected_js,0.11303782882168889,128
lot_paper_mix__v1,candidate,instruction,uncensored_only,4,mmd_rbf,0.06416832655668259,128
lot_paper_mix__v1,candidate,instruction,uncensored_only,4,projected_js,0.11273052217438817,128
lot_paper_mix__v1,candidate,instruction,uncensored_only,5,mmd_rbf,0.05126750469207764,128
lot_paper_mix__v1,candidate,instruction,uncensored_only,5,projected_js,0.09821207571076229,128
lot_paper_mix__v1,candidate,instruction,uncensored_only,6,mmd_rbf,0.031569018959999084,128
lot_paper_mix__v1,candidate,instruction,uncensored_only,6,projected_js,0.08689647726714611,128
lot_paper_mix__v1,candidate,instruction,uncensored_only,7,mmd_rbf,0.02559201419353485,128
lot_paper_mix__v1,candidate,instruction,uncensored_only,7,projected_js,0.0855387911433354,128
lot_paper_mix__v1,candidate,instruction,uncensored_only,8,mmd_rbf,0.017785022035241127,128
lot_paper_mix__v1,candidate,instruction,uncensored_only,8,projected_js,0.07615386275574565,128
lot_paper_mix__v1,candidate,instruction,uncensored_only,9,mmd_rbf,0.014860269613564014,128
lot_paper_mix__v1,candidate,instruction,uncensored_only,9,projected_js,0.06435929890722036,128
lot_paper_mix__v1,candidate,instruction,uncensored_only,10,mmd_rbf,0.013568115420639515,128
lot_paper_mix__v1,candidate,instruction,uncensored_only,10,projected_js,0.0668737216910813,128
lot_paper_mix__v1,candidate,instruction,uncensored_only,11,mmd_rbf,0.011557960882782936,128
lot_paper_mix__v1,candidate,instruction,uncensored_only,11,projected_js,0.07232501154066995,128
lot_paper_mix__v1,candidate,instruction,uncensored_only,12,mmd_rbf,0.011487367562949657,128
lot_paper_mix__v1,candidate,instruction,uncensored_only,12,projected_js,0.06934928940609097,128
lot_paper_mix__v1,candidate,instruction,uncensored_only,13,mmd_rbf,0.01214815117418766,128
lot_paper_mix__v1,candidate,instruction,uncensored_only,13,projected_js,0.0719931719941087,128
lot_paper_mix__v1,candidate,instruction,uncensored_only,14,mmd_rbf,0.012854102067649364,128
lot_paper_mix__v1,candidate,instruction,uncensored_only,14,projected_js,0.06681959581328556,128
lot_paper_mix__v1,candidate,instruction,uncensored_only,15,mmd_rbf,0.015220965258777142,128
lot_paper_mix__v1,candidate,instruction,uncensored_only,15,projected_js,0.07049100811127573,128
lot_paper_mix__v1,candidate,instruction,uncensored_only,16,mmd_rbf,0.01613462157547474,128
lot_paper_mix__v1,candidate,instruction,uncensored_only,16,projected_js,0.07217686291551217,128
lot_paper_mix__v1,candidate,instruction,uncensored_only,17,mmd_rbf,0.015810340642929077,128
lot_paper_mix__v1,candidate,instruction,uncensored_only,17,projected_js,0.0698415444639977,128
lot_paper_mix__v1,candidate,instruction,uncensored_only,18,mmd_rbf,0.016412410885095596,128
lot_paper_mix__v1,candidate,instruction,uncensored_only,18,projected_js,0.0751654330524616,128
lot_paper_mix__v1,candidate,instruction,uncensored_only,19,mmd_rbf,0.01580500416457653,128
lot_paper_mix__v1,candidate,instruction,uncensored_only,19,projected_js,0.07342611980857328,128
lot_paper_mix__v1,candidate,instruction,uncensored_only,20,mmd_rbf,0.015887456014752388,128
lot_paper_mix__v1,candidate,instruction,uncensored_only,20,projected_js,0.07590929931029677,128
lot_paper_mix__v1,candidate,instruction,uncensored_only,21,mmd_rbf,0.01685219816863537,128
lot_paper_mix__v1,candidate,instruction,uncensored_only,21,projected_js,0.07118332426762208,128
lot_paper_mix__v1,candidate,instruction,uncensored_only,22,mmd_rbf,0.017342140898108482,128
lot_paper_mix__v1,candidate,instruction,uncensored_only,22,projected_js,0.07782657793723047,128
lot_paper_mix__v1,candidate,instruction,uncensored_only,23,mmd_rbf,0.016833506524562836,128
lot_paper_mix__v1,candidate,instruction,uncensored_only,23,projected_js,0.0763211565790698,128
lot_paper_mix__v1,candidate,instruction,uncensored_only,24,mmd_rbf,0.018233250826597214,128
lot_paper_mix__v1,candidate,instruction,uncensored_only,24,projected_js,0.07676474691834301,128
lot_paper_mix__v1,candidate,instruction,uncensored_only,25,mmd_rbf,0.01909526437520981,128
lot_paper_mix__v1,candidate,instruction,uncensored_only,25,projected_js,0.08015050669200718,128
lot_paper_mix__v1,candidate,instruction,uncensored_only,26,mmd_rbf,0.01956234499812126,128
lot_paper_mix__v1,candidate,instruction,uncensored_only,26,projected_js,0.07798226404702291,128
lot_paper_mix__v1,candidate,instruction,uncensored_only,27,mmd_rbf,0.019411975517868996,128
lot_paper_mix__v1,candidate,instruction,uncensored_only,27,projected_js,0.07870200922479853,128
lot_paper_mix__v1,candidate,instruction,uncensored_only,28,mmd_rbf,0.018008144572377205,128
lot_paper_mix__v1,candidate,instruction,uncensored_only,28,projected_js,0.07720622222404927,128
lot_paper_mix__v1,candidate,instruction,uncensored_only,29,mmd_rbf,0.0170439463108778,128
lot_paper_mix__v1,candidate,instruction,uncensored_only,29,projected_js,0.07319848355837166,128
lot_paper_mix__v1,candidate,instruction,uncensored_only,30,mmd_rbf,0.017435243353247643,128
lot_paper_mix__v1,candidate,instruction,uncensored_only,30,projected_js,0.07542086957255378,128
lot_paper_mix__v1,candidate,instruction,uncensored_only,31,mmd_rbf,0.016981810331344604,128
lot_paper_mix__v1,candidate,instruction,uncensored_only,31,projected_js,0.07239285920513794,128
lot_paper_mix__v1,candidate,instruction,uncensored_only,32,mmd_rbf,0.016590541228652,128
lot_paper_mix__v1,candidate,instruction,uncensored_only,32,projected_js,0.07051466003758833,128
lot_paper_mix__v1,candidate,instruction,uncensored_only,33,mmd_rbf,0.01627914048731327,128
lot_paper_mix__v1,candidate,instruction,uncensored_only,33,projected_js,0.07404688932001591,128
lot_paper_mix__v1,candidate,instruction,uncensored_only,34,mmd_rbf,0.01683412306010723,128
lot_paper_mix__v1,candidate,instruction,uncensored_only,34,projected_js,0.07497308659367263,128
lot_paper_mix__v1,candidate,instruction,uncensored_only,35,mmd_rbf,0.03249223157763481,128
lot_paper_mix__v1,candidate,instruction,uncensored_only,35,projected_js,0.0787590243271552,128
lot_paper_mix__v1,candidate,reasoning,base,0,mmd_rbf,0.0028441965114325285,128
lot_paper_mix__v1,candidate,reasoning,base,0,projected_js,0.04252535809064284,128
lot_paper_mix__v1,candidate,reasoning,base,1,mmd_rbf,0.008573402650654316,128
lot_paper_mix__v1,candidate,reasoning,base,1,projected_js,0.04852142123854719,128
lot_paper_mix__v1,candidate,reasoning,base,2,mmd_rbf,0.009045196697115898,128
lot_paper_mix__v1,candidate,reasoning,base,2,projected_js,0.05794253066414967,128
lot_paper_mix__v1,candidate,reasoning,base,3,mmd_rbf,0.00968148559331894,128
lot_paper_mix__v1,candidate,reasoning,base,3,projected_js,0.06029121653409675,128
lot_paper_mix__v1,candidate,reasoning,base,4,mmd_rbf,0.009442123584449291,128
lot_paper_mix__v1,candidate,reasoning,base,4,projected_js,0.05852983327349648,128
lot_paper_mix__v1,candidate,reasoning,base,5,mmd_rbf,0.008244951255619526,128
lot_paper_mix__v1,candidate,reasoning,base,5,projected_js,0.05671048039221205,128
lot_paper_mix__v1,candidate,reasoning,base,6,mmd_rbf,0.006041083484888077,128
lot_paper_mix__v1,candidate,reasoning,base,6,projected_js,0.052016049245139584,128
lot_paper_mix__v1,candidate,reasoning,base,7,mmd_rbf,0.005872976500540972,128
lot_paper_mix__v1,candidate,reasoning,base,7,projected_js,0.05735670423018746,128
lot_paper_mix__v1,candidate,reasoning,base,8,mmd_rbf,0.005446218885481358,128
lot_paper_mix__v1,candidate,reasoning,base,8,projected_js,0.058398302673595026,128
lot_paper_mix__v1,candidate,reasoning,base,9,mmd_rbf,0.005715938750654459,128
lot_paper_mix__v1,candidate,reasoning,base,9,projected_js,0.05568652748479508,128
lot_paper_mix__v1,candidate,reasoning,base,10,mmd_rbf,0.006217746529728174,128
lot_paper_mix__v1,candidate,reasoning,base,10,projected_js,0.05485398808377795,128
lot_paper_mix__v1,candidate,reasoning,base,11,mmd_rbf,0.0060570621863007545,128
lot_paper_mix__v1,candidate,reasoning,base,11,projected_js,0.057888924464350566,128
lot_paper_mix__v1,candidate,reasoning,base,12,mmd_rbf,0.006478919181972742,128
lot_paper_mix__v1,candidate,reasoning,base,12,projected_js,0.05554530845256522,128
lot_paper_mix__v1,candidate,reasoning,base,13,mmd_rbf,0.006603322923183441,128
lot_paper_mix__v1,candidate,reasoning,base,13,projected_js,0.061630660289665684,128
lot_paper_mix__v1,candidate,reasoning,base,14,mmd_rbf,0.006978833582252264,128
lot_paper_mix__v1,candidate,reasoning,base,14,projected_js,0.05838466720888391,128
lot_paper_mix__v1,candidate,reasoning,base,15,mmd_rbf,0.007774684578180313,128
lot_paper_mix__v1,candidate,reasoning,base,15,projected_js,0.057745344238355756,128
lot_paper_mix__v1,candidate,reasoning,base,16,mmd_rbf,0.00863089133054018,128
lot_paper_mix__v1,candidate,reasoning,base,16,projected_js,0.06002447957871482,128
lot_paper_mix__v1,candidate,reasoning,base,17,mmd_rbf,0.008459377102553844,128
lot_paper_mix__v1,candidate,reasoning,base,17,projected_js,0.06094810552895069,128
lot_paper_mix__v1,candidate,reasoning,base,18,mmd_rbf,0.009394961409270763,128
lot_paper_mix__v1,candidate,reasoning,base,18,projected_js,0.0610959401819855,128
lot_paper_mix__v1,candidate,reasoning,base,19,mmd_rbf,0.009893274866044521,128
lot_paper_mix__v1,candidate,reasoning,base,19,projected_js,0.06169887268333696,128
lot_paper_mix__v1,candidate,reasoning,base,20,mmd_rbf,0.009505237452685833,128
lot_paper_mix__v1,candidate,reasoning,base,20,projected_js,0.06198405200848356,128
lot_paper_mix__v1,candidate,reasoning,base,21,mmd_rbf,0.009863346815109253,128
lot_paper_mix__v1,candidate,reasoning,base,21,projected_js,0.06182091563823633,128
lot_paper_mix__v1,candidate,reasoning,base,22,mmd_rbf,0.008937783539295197,128
lot_paper_mix__v1,candidate,reasoning,base,22,projected_js,0.06225739617366344,128
lot_paper_mix__v1,candidate,reasoning,base,23,mmd_rbf,0.00823118258267641,128
lot_paper_mix__v1,candidate,reasoning,base,23,projected_js,0.060043288685847074,128
lot_paper_mix__v1,candidate,reasoning,base,24,mmd_rbf,0.007185943424701691,128
lot_paper_mix__v1,candidate,reasoning,base,24,projected_js,0.056955338397528976,128
lot_paper_mix__v1,candidate,reasoning,base,25,mmd_rbf,0.006415054202079773,128
lot_paper_mix__v1,candidate,reasoning,base,25,projected_js,0.05948934520711191,128
lot_paper_mix__v1,candidate,reasoning,base,26,mmd_rbf,0.006006160750985146,128
lot_paper_mix__v1,candidate,reasoning,base,26,projected_js,0.05832754698349163,128
lot_paper_mix__v1,candidate,reasoning,base,27,mmd_rbf,0.005969316698610783,128
lot_paper_mix__v1,candidate,reasoning,base,27,projected_js,0.05850276356795803,128
lot_paper_mix__v1,candidate,reasoning,base,28,mmd_rbf,0.006004699971526861,128
lot_paper_mix__v1,candidate,reasoning,base,28,projected_js,0.06052490696310997,128
lot_paper_mix__v1,candidate,reasoning,base,29,mmd_rbf,0.005918454844504595,128
lot_paper_mix__v1,candidate,reasoning,base,29,projected_js,0.061218245537020266,128
lot_paper_mix__v1,candidate,reasoning,base,30,mmd_rbf,0.005900639574974775,128
lot_paper_mix__v1,candidate,reasoning,base,30,projected_js,0.06300892680883408,128
lot_paper_mix__v1,candidate,reasoning,base,31,mmd_rbf,0.005884227808564901,128
lot_paper_mix__v1,candidate,reasoning,base,31,projected_js,0.0604732753126882,128
lot_paper_mix__v1,candidate,reasoning,base,32,mmd_rbf,0.006570835597813129,128
lot_paper_mix__v1,candidate,reasoning,base,32,projected_js,0.06007812247844413,128
lot_paper_mix__v1,candidate,reasoning,base,33,mmd_rbf,0.006990244146436453,128
lot_paper_mix__v1,candidate,reasoning,base,33,projected_js,0.060793859127443284,128
lot_paper_mix__v1,candidate,reasoning,base,34,mmd_rbf,0.01117031928151846,128
lot_paper_mix__v1,candidate,reasoning,base,34,projected_js,0.06811660839593969,128
lot_paper_mix__v1,candidate,reasoning,base,35,mmd_rbf,0.06500593572854996,128
lot_paper_mix__v1,candidate,reasoning,base,35,projected_js,0.11093886650633067,128
lot_paper_mix__v1,candidate,reasoning,instr_only,0,mmd_rbf,0.0012463927268981934,128
lot_paper_mix__v1,candidate,reasoning,instr_only,0,projected_js,0.03334171333699487,128
lot_paper_mix__v1,candidate,reasoning,instr_only,1,mmd_rbf,0.0062837861478328705,128
lot_paper_mix__v1,candidate,reasoning,instr_only,1,projected_js,0.04609576580696739,128
lot_paper_mix__v1,candidate,reasoning,instr_only,2,mmd_rbf,0.006309565156698227,128
lot_paper_mix__v1,candidate,reasoning,instr_only,2,projected_js,0.050837116345064715,128
lot_paper_mix__v1,candidate,reasoning,instr_only,3,mmd_rbf,0.005370280239731073,128
lot_paper_mix__v1,candidate,reasoning,instr_only,3,projected_js,0.05002179046277888,128
lot_paper_mix__v1,candidate,reasoning,instr_only,4,mmd_rbf,0.004590989556163549,128
lot_paper_mix__v1,candidate,reasoning,instr_only,4,projected_js,0.04962182033341378,128
lot_paper_mix__v1,candidate,reasoning,instr_only,5,mmd_rbf,0.004006731789559126,128
lot_paper_mix__v1,candidate,reasoning,instr_only,5,projected_js,0.045263863052241504,128
lot_paper_mix__v1,candidate,reasoning,instr_only,6,mmd_rbf,0.003113387618213892,128
lot_paper_mix__v1,candidate,reasoning,instr_only,6,projected_js,0.04961787021602504,128
lot_paper_mix__v1,candidate,reasoning,instr_only,7,mmd_rbf,0.003189574694260955,128
lot_paper_mix__v1,candidate,reasoning,instr_only,7,projected_js,0.051276537094963714,128
lot_paper_mix__v1,candidate,reasoning,instr_only,8,mmd_rbf,0.0028783411253243685,128
lot_paper_mix__v1,candidate,reasoning,instr_only,8,projected_js,0.0534574844641611,128
lot_paper_mix__v1,candidate,reasoning,instr_only,9,mmd_rbf,0.00287612690590322,128
lot_paper_mix__v1,candidate,reasoning,instr_only,9,projected_js,0.049301152961561456,128
lot_paper_mix__v1,candidate,reasoning,instr_only,10,mmd_rbf,0.0030519335996359587,128
lot_paper_mix__v1,candidate,reasoning,instr_only,10,projected_js,0.051980197255034,128
lot_paper_mix__v1,candidate,reasoning,instr_only,11,mmd_rbf,0.002875761827453971,128
lot_paper_mix__v1,candidate,reasoning,instr_only,11,projected_js,0.052523758698953316,128
lot_paper_mix__v1,candidate,reasoning,instr_only,12,mmd_rbf,0.002994875656440854,128
lot_paper_mix__v1,candidate,reasoning,instr_only,12,projected_js,0.054710069322027266,128
lot_paper_mix__v1,candidate,reasoning,instr_only,13,mmd_rbf,0.003078135894611478,128
lot_paper_mix__v1,candidate,reasoning,instr_only,13,projected_js,0.053933169692754745,128
lot_paper_mix__v1,candidate,reasoning,instr_only,14,mmd_rbf,0.0031414588447660208,128
lot_paper_mix__v1,candidate,reasoning,instr_only,14,projected_js,0.051404019381152466,128
lot_paper_mix__v1,candidate,reasoning,instr_only,15,mmd_rbf,0.0033862951677292585,128
lot_paper_mix__v1,candidate,reasoning,instr_only,15,projected_js,0.05521642760140821,128
lot_paper_mix__v1,candidate,reasoning,instr_only,16,mmd_rbf,0.003534479532390833,128
lot_paper_mix__v1,candidate,reasoning,instr_only,16,projected_js,0.052816239825915545,128
lot_paper_mix__v1,candidate,reasoning,instr_only,17,mmd_rbf,0.0037060901522636414,128
lot_paper_mix__v1,candidate,reasoning,instr_only,17,projected_js,0.05683336051879451,128
lot_paper_mix__v1,candidate,reasoning,instr_only,18,mmd_rbf,0.003970066085457802,128
lot_paper_mix__v1,candidate,reasoning,instr_only,18,projected_js,0.0571673191152513,128
lot_paper_mix__v1,candidate,reasoning,instr_only,19,mmd_rbf,0.004030850250273943,128
lot_paper_mix__v1,candidate,reasoning,instr_only,19,projected_js,0.058059293194673955,128
lot_paper_mix__v1,candidate,reasoning,instr_only,20,mmd_rbf,0.004083547741174698,128
lot_paper_mix__v1,candidate,reasoning,instr_only,20,projected_js,0.05556017265189439,128
lot_paper_mix__v1,candidate,reasoning,instr_only,21,mmd_rbf,0.004204029683023691,128
lot_paper_mix__v1,candidate,reasoning,instr_only,21,projected_js,0.05568907625274733,128
lot_paper_mix__v1,candidate,reasoning,instr_only,22,mmd_rbf,0.004084353800863028,128
lot_paper_mix__v1,candidate,reasoning,instr_only,22,projected_js,0.05475908855441958,128
lot_paper_mix__v1,candidate,reasoning,instr_only,23,mmd_rbf,0.003917991649359465,128
lot_paper_mix__v1,candidate,reasoning,instr_only,23,projected_js,0.05734052188927308,128
lot_paper_mix__v1,candidate,reasoning,instr_only,24,mmd_rbf,0.004062127321958542,128
lot_paper_mix__v1,candidate,reasoning,instr_only,24,projected_js,0.05498719768365845,128
lot_paper_mix__v1,candidate,reasoning,instr_only,25,mmd_rbf,0.004096334334462881,128
lot_paper_mix__v1,candidate,reasoning,instr_only,25,projected_js,0.05165482958545908,128
lot_paper_mix__v1,candidate,reasoning,instr_only,26,mmd_rbf,0.0041927769780159,128
lot_paper_mix__v1,candidate,reasoning,instr_only,26,projected_js,0.05495171213988215,128
lot_paper_mix__v1,candidate,reasoning,instr_only,27,mmd_rbf,0.004285180941224098,128
lot_paper_mix__v1,candidate,reasoning,instr_only,27,projected_js,0.05741630424745381,128
lot_paper_mix__v1,candidate,reasoning,instr_only,28,mmd_rbf,0.0044332207180559635,128
lot_paper_mix__v1,candidate,reasoning,instr_only,28,projected_js,0.0547304826322943,128
lot_paper_mix__v1,candidate,reasoning,instr_only,29,mmd_rbf,0.004468900617212057,128
lot_paper_mix__v1,candidate,reasoning,instr_only,29,projected_js,0.058330159867182374,128
lot_paper_mix__v1,candidate,reasoning,instr_only,30,mmd_rbf,0.0045865317806601524,128
lot_paper_mix__v1,candidate,reasoning,instr_only,30,projected_js,0.057314529607538134,128
lot_paper_mix__v1,candidate,reasoning,instr_only,31,mmd_rbf,0.00487176887691021,128
lot_paper_mix__v1,candidate,reasoning,instr_only,31,projected_js,0.056938086869195104,128
lot_paper_mix__v1,candidate,reasoning,instr_only,32,mmd_rbf,0.0048158010467886925,128
lot_paper_mix__v1,candidate,reasoning,instr_only,32,projected_js,0.05745160090737045,128
lot_paper_mix__v1,candidate,reasoning,instr_only,33,mmd_rbf,0.0047192759811878204,128
lot_paper_mix__v1,candidate,reasoning,instr_only,33,projected_js,0.056670336809474975,128
lot_paper_mix__v1,candidate,reasoning,instr_only,34,mmd_rbf,0.004879414569586515,128
lot_paper_mix__v1,candidate,reasoning,instr_only,34,projected_js,0.056850063818274066,128
lot_paper_mix__v1,candidate,reasoning,instr_only,35,mmd_rbf,0.010688782669603825,128
lot_paper_mix__v1,candidate,reasoning,instr_only,35,projected_js,0.061663024011068046,128
lot_paper_mix__v1,candidate,reasoning,reasoning_only,0,mmd_rbf,0.004215470049530268,128
lot_paper_mix__v1,candidate,reasoning,reasoning_only,0,projected_js,0.049261805455898866,128
lot_paper_mix__v1,candidate,reasoning,reasoning_only,1,mmd_rbf,0.01058062445372343,128
lot_paper_mix__v1,candidate,reasoning,reasoning_only,1,projected_js,0.06003325415076688,128
lot_paper_mix__v1,candidate,reasoning,reasoning_only,2,mmd_rbf,0.01195033174008131,128
lot_paper_mix__v1,candidate,reasoning,reasoning_only,2,projected_js,0.06090891582425684,128
lot_paper_mix__v1,candidate,reasoning,reasoning_only,3,mmd_rbf,0.012726184912025928,128
lot_paper_mix__v1,candidate,reasoning,reasoning_only,3,projected_js,0.06364629627205431,128
lot_paper_mix__v1,candidate,reasoning,reasoning_only,4,mmd_rbf,0.010504605248570442,128
lot_paper_mix__v1,candidate,reasoning,reasoning_only,4,projected_js,0.06276937847724184,128
lot_paper_mix__v1,candidate,reasoning,reasoning_only,5,mmd_rbf,0.00885078962892294,128
lot_paper_mix__v1,candidate,reasoning,reasoning_only,5,projected_js,0.057896961632650346,128
lot_paper_mix__v1,candidate,reasoning,reasoning_only,6,mmd_rbf,0.006957598030567169,128
lot_paper_mix__v1,candidate,reasoning,reasoning_only,6,projected_js,0.057845447096042335,128
lot_paper_mix__v1,candidate,reasoning,reasoning_only,7,mmd_rbf,0.007298224605619907,128
lot_paper_mix__v1,candidate,reasoning,reasoning_only,7,projected_js,0.05948869729763828,128
lot_paper_mix__v1,candidate,reasoning,reasoning_only,8,mmd_rbf,0.006604903843253851,128
lot_paper_mix__v1,candidate,reasoning,reasoning_only,8,projected_js,0.06227462558308616,128
lot_paper_mix__v1,candidate,reasoning,reasoning_only,9,mmd_rbf,0.006942673120647669,128
lot_paper_mix__v1,candidate,reasoning,reasoning_only,9,projected_js,0.06157749239355326,128
lot_paper_mix__v1,candidate,reasoning,reasoning_only,10,mmd_rbf,0.007595623377710581,128
lot_paper_mix__v1,candidate,reasoning,reasoning_only,10,projected_js,0.06059871704201214,128
lot_paper_mix__v1,candidate,reasoning,reasoning_only,11,mmd_rbf,0.007214764598757029,128
lot_paper_mix__v1,candidate,reasoning,reasoning_only,11,projected_js,0.060939251736272126,128
lot_paper_mix__v1,candidate,reasoning,reasoning_only,12,mmd_rbf,0.007217661943286657,128
lot_paper_mix__v1,candidate,reasoning,reasoning_only,12,projected_js,0.06209938554093242,128
lot_paper_mix__v1,candidate,reasoning,reasoning_only,13,mmd_rbf,0.007505819201469421,128
lot_paper_mix__v1,candidate,reasoning,reasoning_only,13,projected_js,0.064560224825982,128
lot_paper_mix__v1,candidate,reasoning,reasoning_only,14,mmd_rbf,0.007424436509609222,128
lot_paper_mix__v1,candidate,reasoning,reasoning_only,14,projected_js,0.05946986156050116,128
lot_paper_mix__v1,candidate,reasoning,reasoning_only,15,mmd_rbf,0.008191677741706371,128
lot_paper_mix__v1,candidate,reasoning,reasoning_only,15,projected_js,0.06316513154888526,128
lot_paper_mix__v1,candidate,reasoning,reasoning_only,16,mmd_rbf,0.008426579646766186,128
lot_paper_mix__v1,candidate,reasoning,reasoning_only,16,projected_js,0.05954181350534782,128
lot_paper_mix__v1,candidate,reasoning,reasoning_only,17,mmd_rbf,0.008085288107395172,128
lot_paper_mix__v1,candidate,reasoning,reasoning_only,17,projected_js,0.0624865778372623,128
lot_paper_mix__v1,candidate,reasoning,reasoning_only,18,mmd_rbf,0.008916000835597515,128
lot_paper_mix__v1,candidate,reasoning,reasoning_only,18,projected_js,0.06349654795485549,128
lot_paper_mix__v1,candidate,reasoning,reasoning_only,19,mmd_rbf,0.00834039319306612,128
lot_paper_mix__v1,candidate,reasoning,reasoning_only,19,projected_js,0.06468712160130963,128
lot_paper_mix__v1,candidate,reasoning,reasoning_only,20,mmd_rbf,0.007982387207448483,128
lot_paper_mix__v1,candidate,reasoning,reasoning_only,20,projected_js,0.06679461384192109,128
lot_paper_mix__v1,candidate,reasoning,reasoning_only,21,mmd_rbf,0.008240415714681149,128
lot_paper_mix__v1,candidate,reasoning,reasoning_only,21,projected_js,0.062031743669649586,128
lot_paper_mix__v1,candidate,reasoning,reasoning_only,22,mmd_rbf,0.0074006631039083,128
lot_paper_mix__v1,candidate,reasoning,reasoning_only,22,projected_js,0.06238852528622374,128
lot_paper_mix__v1,candidate,reasoning,reasoning_only,23,mmd_rbf,0.006327314767986536,128
lot_paper_mix__v1,candidate,reasoning,reasoning_only,23,projected_js,0.06309685163432732,128
lot_paper_mix__v1,candidate,reasoning,reasoning_only,24,mmd_rbf,0.006177749019116163,128
lot_paper_mix__v1,candidate,reasoning,reasoning_only,24,projected_js,0.05707274819724262,128
lot_paper_mix__v1,candidate,reasoning,reasoning_only,25,mmd_rbf,0.0056548709981143475,128
lot_paper_mix__v1,candidate,reasoning,reasoning_only,25,projected_js,0.06054413429228589,128
lot_paper_mix__v1,candidate,reasoning,reasoning_only,26,mmd_rbf,0.005428267642855644,128
lot_paper_mix__v1,candidate,reasoning,reasoning_only,26,projected_js,0.06267011445015669,128
lot_paper_mix__v1,candidate,reasoning,reasoning_only,27,mmd_rbf,0.005353261716663837,128
lot_paper_mix__v1,candidate,reasoning,reasoning_only,27,projected_js,0.06184664595639333,128
lot_paper_mix__v1,candidate,reasoning,reasoning_only,28,mmd_rbf,0.005441692657768726,128
lot_paper_mix__v1,candidate,reasoning,reasoning_only,28,projected_js,0.05996893928386271,128
lot_paper_mix__v1,candidate,reasoning,reasoning_only,29,mmd_rbf,0.0054168435744941235,128
lot_paper_mix__v1,candidate,reasoning,reasoning_only,29,projected_js,0.059452858433360234,128
lot_paper_mix__v1,candidate,reasoning,reasoning_only,30,mmd_rbf,0.005605687387287617,128
lot_paper_mix__v1,candidate,reasoning,reasoning_only,30,projected_js,0.061762582743540406,128
lot_paper_mix__v1,candidate,reasoning,reasoning_only,31,mmd_rbf,0.005737695377320051,128
lot_paper_mix__v1,candidate,reasoning,reasoning_only,31,projected_js,0.060043538978789,128
lot_paper_mix__v1,candidate,reasoning,reasoning_only,32,mmd_rbf,0.005893840920180082,128
lot_paper_mix__v1,candidate,reasoning,reasoning_only,32,projected_js,0.06369699077913538,128
lot_paper_mix__v1,candidate,reasoning,reasoning_only,33,mmd_rbf,0.006419511046260595,128
lot_paper_mix__v1,candidate,reasoning,reasoning_only,33,projected_js,0.06060343381250277,128
lot_paper_mix__v1,candidate,reasoning,reasoning_only,34,mmd_rbf,0.007999734953045845,128
lot_paper_mix__v1,candidate,reasoning,reasoning_only,34,projected_js,0.06252975243842229,128
lot_paper_mix__v1,candidate,reasoning,reasoning_only,35,mmd_rbf,0.04904291033744812,128
lot_paper_mix__v1,candidate,reasoning,reasoning_only,35,projected_js,0.10086333274375647,128
lot_paper_mix__v1,candidate,reasoning,uncensored_only,0,mmd_rbf,0.00242062215693295,128
lot_paper_mix__v1,candidate,reasoning,uncensored_only,0,projected_js,0.036521225949400105,128
lot_paper_mix__v1,candidate,reasoning,uncensored_only,1,mmd_rbf,0.06524404138326645,128
lot_paper_mix__v1,candidate,reasoning,uncensored_only,1,projected_js,0.10326055761834141,128
lot_paper_mix__v1,candidate,reasoning,uncensored_only,2,mmd_rbf,0.06620128452777863,128
lot_paper_mix__v1,candidate,reasoning,uncensored_only,2,projected_js,0.10096653550863266,128
lot_paper_mix__v1,candidate,reasoning,uncensored_only,3,mmd_rbf,0.05201072618365288,128
lot_paper_mix__v1,candidate,reasoning,uncensored_only,3,projected_js,0.08973160054301843,128
lot_paper_mix__v1,candidate,reasoning,uncensored_only,4,mmd_rbf,0.03666352853178978,128
lot_paper_mix__v1,candidate,reasoning,uncensored_only,4,projected_js,0.0897639217437245,128
lot_paper_mix__v1,candidate,reasoning,uncensored_only,5,mmd_rbf,0.02621966041624546,128
lot_paper_mix__v1,candidate,reasoning,uncensored_only,5,projected_js,0.08381889230804518,128
lot_paper_mix__v1,candidate,reasoning,uncensored_only,6,mmd_rbf,0.016450779512524605,128
lot_paper_mix__v1,candidate,reasoning,uncensored_only,6,projected_js,0.06908347917487845,128
lot_paper_mix__v1,candidate,reasoning,uncensored_only,7,mmd_rbf,0.014731992967426777,128
lot_paper_mix__v1,candidate,reasoning,uncensored_only,7,projected_js,0.06857459311140701,128
lot_paper_mix__v1,candidate,reasoning,uncensored_only,8,mmd_rbf,0.011549106799066067,128
lot_paper_mix__v1,candidate,reasoning,uncensored_only,8,projected_js,0.06580659514293075,128
lot_paper_mix__v1,candidate,reasoning,uncensored_only,9,mmd_rbf,0.009854312054812908,128
lot_paper_mix__v1,candidate,reasoning,uncensored_only,9,projected_js,0.06075494276592508,128
lot_paper_mix__v1,candidate,reasoning,uncensored_only,10,mmd_rbf,0.008927461691200733,128
lot_paper_mix__v1,candidate,reasoning,uncensored_only,10,projected_js,0.06187324118218385,128
lot_paper_mix__v1,candidate,reasoning,uncensored_only,11,mmd_rbf,0.007759383413940668,128
lot_paper_mix__v1,candidate,reasoning,uncensored_only,11,projected_js,0.062064660887699574,128
lot_paper_mix__v1,candidate,reasoning,uncensored_only,12,mmd_rbf,0.007667045574635267,128
lot_paper_mix__v1,candidate,reasoning,uncensored_only,12,projected_js,0.0636475663195597,128
lot_paper_mix__v1,candidate,reasoning,uncensored_only,13,mmd_rbf,0.007973498664796352,128
lot_paper_mix__v1,candidate,reasoning,uncensored_only,13,projected_js,0.06183678552042693,128
lot_paper_mix__v1,candidate,reasoning,uncensored_only,14,mmd_rbf,0.00823237095028162,128
lot_paper_mix__v1,candidate,reasoning,uncensored_only,14,projected_js,0.06136375409550965,128
lot_paper_mix__v1,candidate,reasoning,uncensored_only,15,mmd_rbf,0.009772657416760921,128
lot_paper_mix__v1,candidate,reasoning,uncensored_only,15,projected_js,0.0635918463813141,128
lot_paper_mix__v1,candidate,reasoning,uncensored_only,16,mmd_rbf,0.010711553506553173,128
lot_paper_mix__v1,candidate,reasoning,uncensored_only,16,projected_js,0.06263176543870941,128
lot_paper_mix__v1,candidate,reasoning,uncensored_only,17,mmd_rbf,0.010481483303010464,128
lot_paper_mix__v1,candidate,reasoning,uncensored_only,17,projected_js,0.06256447348278016,128
lot_paper_mix__v1,candidate,reasoning,uncensored_only,18,mmd_rbf,0.01067460235208273,128
lot_paper_mix__v1,candidate,reasoning,uncensored_only,18,projected_js,0.06690397876081988,128
lot_paper_mix__v1,candidate,reasoning,uncensored_only,19,mmd_rbf,0.01003336813300848,128
lot_paper_mix__v1,candidate,reasoning,uncensored_only,19,projected_js,0.06621448654914275,128
lot_paper_mix__v1,candidate,reasoning,uncensored_only,20,mmd_rbf,0.010073716752231121,128
lot_paper_mix__v1,candidate,reasoning,uncensored_only,20,projected_js,0.06770086416509002,128
lot_paper_mix__v1,candidate,reasoning,uncensored_only,21,mmd_rbf,0.010522248223423958,128
lot_paper_mix__v1,candidate,reasoning,uncensored_only,21,projected_js,0.06745575601235032,128
lot_paper_mix__v1,candidate,reasoning,uncensored_only,22,mmd_rbf,0.010070865042507648,128
lot_paper_mix__v1,candidate,reasoning,uncensored_only,22,projected_js,0.06211908772820607,128
lot_paper_mix__v1,candidate,reasoning,uncensored_only,23,mmd_rbf,0.0095540601760149,128
lot_paper_mix__v1,candidate,reasoning,uncensored_only,23,projected_js,0.06655812892131507,128
lot_paper_mix__v1,candidate,reasoning,uncensored_only,24,mmd_rbf,0.00970887765288353,128
lot_paper_mix__v1,candidate,reasoning,uncensored_only,24,projected_js,0.06608168917591684,128
lot_paper_mix__v1,candidate,reasoning,uncensored_only,25,mmd_rbf,0.009976684115827084,128
lot_paper_mix__v1,candidate,reasoning,uncensored_only,25,projected_js,0.06725943146739155,128
lot_paper_mix__v1,candidate,reasoning,uncensored_only,26,mmd_rbf,0.010092186741530895,128
lot_paper_mix__v1,candidate,reasoning,uncensored_only,26,projected_js,0.06657367208390497,128
lot_paper_mix__v1,candidate,reasoning,uncensored_only,27,mmd_rbf,0.01023518294095993,128
lot_paper_mix__v1,candidate,reasoning,uncensored_only,27,projected_js,0.06521255159168504,128
lot_paper_mix__v1,candidate,reasoning,uncensored_only,28,mmd_rbf,0.010059804655611515,128
lot_paper_mix__v1,candidate,reasoning,uncensored_only,28,projected_js,0.06454083468997851,128
lot_paper_mix__v1,candidate,reasoning,uncensored_only,29,mmd_rbf,0.010388716123998165,128
lot_paper_mix__v1,candidate,reasoning,uncensored_only,29,projected_js,0.0657089512096718,128
lot_paper_mix__v1,candidate,reasoning,uncensored_only,30,mmd_rbf,0.010753920301795006,128
lot_paper_mix__v1,candidate,reasoning,uncensored_only,30,projected_js,0.06695188389858231,128
lot_paper_mix__v1,candidate,reasoning,uncensored_only,31,mmd_rbf,0.010838058777153492,128
lot_paper_mix__v1,candidate,reasoning,uncensored_only,31,projected_js,0.06356696542934515,128
lot_paper_mix__v1,candidate,reasoning,uncensored_only,32,mmd_rbf,0.010573080740869045,128
lot_paper_mix__v1,candidate,reasoning,uncensored_only,32,projected_js,0.06608662829967216,128
lot_paper_mix__v1,candidate,reasoning,uncensored_only,33,mmd_rbf,0.010489406995475292,128
lot_paper_mix__v1,candidate,reasoning,uncensored_only,33,projected_js,0.0637754155904986,128
lot_paper_mix__v1,candidate,reasoning,uncensored_only,34,mmd_rbf,0.01043782476335764,128
lot_paper_mix__v1,candidate,reasoning,uncensored_only,34,projected_js,0.06369371531764045,128
lot_paper_mix__v1,candidate,reasoning,uncensored_only,35,mmd_rbf,0.015559166669845581,128
lot_paper_mix__v1,candidate,reasoning,uncensored_only,35,projected_js,0.06996831262949854,128
lot_paper_mix__v1,candidate,uncensored_refusal_like,base,0,mmd_rbf,0.012672752141952515,128
lot_paper_mix__v1,candidate,uncensored_refusal_like,base,0,projected_js,0.06020427876501344,128
lot_paper_mix__v1,candidate,uncensored_refusal_like,base,1,mmd_rbf,0.023034419864416122,128
lot_paper_mix__v1,candidate,uncensored_refusal_like,base,1,projected_js,0.07558646507095546,128
lot_paper_mix__v1,candidate,uncensored_refusal_like,base,2,mmd_rbf,0.027438325807452202,128
lot_paper_mix__v1,candidate,uncensored_refusal_like,base,2,projected_js,0.07825061219045892,128
lot_paper_mix__v1,candidate,uncensored_refusal_like,base,3,mmd_rbf,0.04067771136760712,128
lot_paper_mix__v1,candidate,uncensored_refusal_like,base,3,projected_js,0.10452447831630707,128
lot_paper_mix__v1,candidate,uncensored_refusal_like,base,4,mmd_rbf,0.038164909929037094,128
lot_paper_mix__v1,candidate,uncensored_refusal_like,base,4,projected_js,0.09569061070214957,128
lot_paper_mix__v1,candidate,uncensored_refusal_like,base,5,mmd_rbf,0.04086761549115181,128
lot_paper_mix__v1,candidate,uncensored_refusal_like,base,5,projected_js,0.0952157520223409,128
lot_paper_mix__v1,candidate,uncensored_refusal_like,base,6,mmd_rbf,0.03251614794135094,128
lot_paper_mix__v1,candidate,uncensored_refusal_like,base,6,projected_js,0.08770876575727016,128
lot_paper_mix__v1,candidate,uncensored_refusal_like,base,7,mmd_rbf,0.029741689562797546,128
lot_paper_mix__v1,candidate,uncensored_refusal_like,base,7,projected_js,0.07767272356431931,128
lot_paper_mix__v1,candidate,uncensored_refusal_like,base,8,mmd_rbf,0.025784939527511597,128
lot_paper_mix__v1,candidate,uncensored_refusal_like,base,8,projected_js,0.08032240497414023,128
lot_paper_mix__v1,candidate,uncensored_refusal_like,base,9,mmd_rbf,0.028701022267341614,128
lot_paper_mix__v1,candidate,uncensored_refusal_like,base,9,projected_js,0.08345713495509699,128
lot_paper_mix__v1,candidate,uncensored_refusal_like,base,10,mmd_rbf,0.03082135319709778,128
lot_paper_mix__v1,candidate,uncensored_refusal_like,base,10,projected_js,0.08364878263091668,128
lot_paper_mix__v1,candidate,uncensored_refusal_like,base,11,mmd_rbf,0.03336731716990471,128
lot_paper_mix__v1,candidate,uncensored_refusal_like,base,11,projected_js,0.0867775438237004,128
lot_paper_mix__v1,candidate,uncensored_refusal_like,base,12,mmd_rbf,0.03735543042421341,128
lot_paper_mix__v1,candidate,uncensored_refusal_like,base,12,projected_js,0.08919953688746318,128
lot_paper_mix__v1,candidate,uncensored_refusal_like,base,13,mmd_rbf,0.041116442531347275,128
lot_paper_mix__v1,candidate,uncensored_refusal_like,base,13,projected_js,0.09637097222730517,128
lot_paper_mix__v1,candidate,uncensored_refusal_like,base,14,mmd_rbf,0.043370869010686874,128
lot_paper_mix__v1,candidate,uncensored_refusal_like,base,14,projected_js,0.09173818817362189,128
lot_paper_mix__v1,candidate,uncensored_refusal_like,base,15,mmd_rbf,0.045732297003269196,128
lot_paper_mix__v1,candidate,uncensored_refusal_like,base,15,projected_js,0.0867103663040325,128
lot_paper_mix__v1,candidate,uncensored_refusal_like,base,16,mmd_rbf,0.04640669748187065,128
lot_paper_mix__v1,candidate,uncensored_refusal_like,base,16,projected_js,0.08623585564782843,128
lot_paper_mix__v1,candidate,uncensored_refusal_like,base,17,mmd_rbf,0.046715736389160156,128
lot_paper_mix__v1,candidate,uncensored_refusal_like,base,17,projected_js,0.08969392429571599,128
lot_paper_mix__v1,candidate,uncensored_refusal_like,base,18,mmd_rbf,0.04940885677933693,128
lot_paper_mix__v1,candidate,uncensored_refusal_like,base,18,projected_js,0.0947577694314532,128
lot_paper_mix__v1,candidate,uncensored_refusal_like,base,19,mmd_rbf,0.050204791128635406,128
lot_paper_mix__v1,candidate,uncensored_refusal_like,base,19,projected_js,0.09096598834730685,128
lot_paper_mix__v1,candidate,uncensored_refusal_like,base,20,mmd_rbf,0.05613170936703682,128
lot_paper_mix__v1,candidate,uncensored_refusal_like,base,20,projected_js,0.09719517460325733,128
lot_paper_mix__v1,candidate,uncensored_refusal_like,base,21,mmd_rbf,0.06035350635647774,128
lot_paper_mix__v1,candidate,uncensored_refusal_like,base,21,projected_js,0.09432533720973879,128
lot_paper_mix__v1,candidate,uncensored_refusal_like,base,22,mmd_rbf,0.0626409500837326,128
lot_paper_mix__v1,candidate,uncensored_refusal_like,base,22,projected_js,0.10264444054337218,128
lot_paper_mix__v1,candidate,uncensored_refusal_like,base,23,mmd_rbf,0.06097221374511719,128
lot_paper_mix__v1,candidate,uncensored_refusal_like,base,23,projected_js,0.09934295306447893,128
lot_paper_mix__v1,candidate,uncensored_refusal_like,base,24,mmd_rbf,0.06009448692202568,128
lot_paper_mix__v1,candidate,uncensored_refusal_like,base,24,projected_js,0.10548781167017296,128
lot_paper_mix__v1,candidate,uncensored_refusal_like,base,25,mmd_rbf,0.05814351513981819,128
lot_paper_mix__v1,candidate,uncensored_refusal_like,base,25,projected_js,0.09852333535673097,128
lot_paper_mix__v1,candidate,uncensored_refusal_like,base,26,mmd_rbf,0.05792199447751045,128
lot_paper_mix__v1,candidate,uncensored_refusal_like,base,26,projected_js,0.10085228591924533,128
lot_paper_mix__v1,candidate,uncensored_refusal_like,base,27,mmd_rbf,0.05899635702371597,128
lot_paper_mix__v1,candidate,uncensored_refusal_like,base,27,projected_js,0.11185836372897029,128
lot_paper_mix__v1,candidate,uncensored_refusal_like,base,28,mmd_rbf,0.05814237520098686,128
lot_paper_mix__v1,candidate,uncensored_refusal_like,base,28,projected_js,0.10961420380044729,128
lot_paper_mix__v1,candidate,uncensored_refusal_like,base,29,mmd_rbf,0.05518314987421036,128
lot_paper_mix__v1,candidate,uncensored_refusal_like,base,29,projected_js,0.10823368187993765,128
lot_paper_mix__v1,candidate,uncensored_refusal_like,base,30,mmd_rbf,0.056470561772584915,128
lot_paper_mix__v1,candidate,uncensored_refusal_like,base,30,projected_js,0.10583659273106605,128
lot_paper_mix__v1,candidate,uncensored_refusal_like,base,31,mmd_rbf,0.05547147989273071,128
lot_paper_mix__v1,candidate,uncensored_refusal_like,base,31,projected_js,0.10192313225707039,128
lot_paper_mix__v1,candidate,uncensored_refusal_like,base,32,mmd_rbf,0.055412013083696365,128
lot_paper_mix__v1,candidate,uncensored_refusal_like,base,32,projected_js,0.10324133688118309,128
lot_paper_mix__v1,candidate,uncensored_refusal_like,base,33,mmd_rbf,0.051940735429525375,128
lot_paper_mix__v1,candidate,uncensored_refusal_like,base,33,projected_js,0.10128831543261185,128
lot_paper_mix__v1,candidate,uncensored_refusal_like,base,34,mmd_rbf,0.0658087283372879,128
lot_paper_mix__v1,candidate,uncensored_refusal_like,base,34,projected_js,0.11272018949966878,128
lot_paper_mix__v1,candidate,uncensored_refusal_like,base,35,mmd_rbf,0.14718055725097656,128
lot_paper_mix__v1,candidate,uncensored_refusal_like,base,35,projected_js,0.18085473479004577,128
lot_paper_mix__v1,candidate,uncensored_refusal_like,instr_only,0,mmd_rbf,0.006316238548606634,128
lot_paper_mix__v1,candidate,uncensored_refusal_like,instr_only,0,projected_js,0.048957739301840775,128
lot_paper_mix__v1,candidate,uncensored_refusal_like,instr_only,1,mmd_rbf,0.015513933263719082,128
lot_paper_mix__v1,candidate,uncensored_refusal_like,instr_only,1,projected_js,0.06314286543056369,128
lot_paper_mix__v1,candidate,uncensored_refusal_like,instr_only,2,mmd_rbf,0.017623135820031166,128
lot_paper_mix__v1,candidate,uncensored_refusal_like,instr_only,2,projected_js,0.06871021617553197,128
lot_paper_mix__v1,candidate,uncensored_refusal_like,instr_only,3,mmd_rbf,0.018359115347266197,128
lot_paper_mix__v1,candidate,uncensored_refusal_like,instr_only,3,projected_js,0.0746306826476939,128
lot_paper_mix__v1,candidate,uncensored_refusal_like,instr_only,4,mmd_rbf,0.019334644079208374,128
lot_paper_mix__v1,candidate,uncensored_refusal_like,instr_only,4,projected_js,0.07764625031268224,128
lot_paper_mix__v1,candidate,uncensored_refusal_like,instr_only,5,mmd_rbf,0.020961914211511612,128
lot_paper_mix__v1,candidate,uncensored_refusal_like,instr_only,5,projected_js,0.07583787891780958,128
lot_paper_mix__v1,candidate,uncensored_refusal_like,instr_only,6,mmd_rbf,0.016006773337721825,128
lot_paper_mix__v1,candidate,uncensored_refusal_like,instr_only,6,projected_js,0.06653969013132155,128
lot_paper_mix__v1,candidate,uncensored_refusal_like,instr_only,7,mmd_rbf,0.013699755072593689,128
lot_paper_mix__v1,candidate,uncensored_refusal_like,instr_only,7,projected_js,0.06943490309640765,128
lot_paper_mix__v1,candidate,uncensored_refusal_like,instr_only,8,mmd_rbf,0.011088376864790916,128
lot_paper_mix__v1,candidate,uncensored_refusal_like,instr_only,8,projected_js,0.06403900444274768,128
lot_paper_mix__v1,candidate,uncensored_refusal_like,instr_only,9,mmd_rbf,0.01121311355382204,128
lot_paper_mix__v1,candidate,uncensored_refusal_like,instr_only,9,projected_js,0.07025086233625188,128
lot_paper_mix__v1,candidate,uncensored_refusal_like,instr_only,10,mmd_rbf,0.012026225216686726,128
lot_paper_mix__v1,candidate,uncensored_refusal_like,instr_only,10,projected_js,0.06845532997976989,128
lot_paper_mix__v1,candidate,uncensored_refusal_like,instr_only,11,mmd_rbf,0.01150714885443449,128
lot_paper_mix__v1,candidate,uncensored_refusal_like,instr_only,11,projected_js,0.06808326573809609,128
lot_paper_mix__v1,candidate,uncensored_refusal_like,instr_only,12,mmd_rbf,0.012411084957420826,128
lot_paper_mix__v1,candidate,uncensored_refusal_like,instr_only,12,projected_js,0.06630670232698321,128
lot_paper_mix__v1,candidate,uncensored_refusal_like,instr_only,13,mmd_rbf,0.01265272218734026,128
lot_paper_mix__v1,candidate,uncensored_refusal_like,instr_only,13,projected_js,0.06937002984341234,128
lot_paper_mix__v1,candidate,uncensored_refusal_like,instr_only,14,mmd_rbf,0.012749812565743923,128
lot_paper_mix__v1,candidate,uncensored_refusal_like,instr_only,14,projected_js,0.06805983340018429,128
lot_paper_mix__v1,candidate,uncensored_refusal_like,instr_only,15,mmd_rbf,0.012835896573960781,128
lot_paper_mix__v1,candidate,uncensored_refusal_like,instr_only,15,projected_js,0.06776697165332735,128
lot_paper_mix__v1,candidate,uncensored_refusal_like,instr_only,16,mmd_rbf,0.013233842328190804,128
lot_paper_mix__v1,candidate,uncensored_refusal_like,instr_only,16,projected_js,0.06669866081210785,128
lot_paper_mix__v1,candidate,uncensored_refusal_like,instr_only,17,mmd_rbf,0.014210410416126251,128
lot_paper_mix__v1,candidate,uncensored_refusal_like,instr_only,17,projected_js,0.06665386212989688,128
lot_paper_mix__v1,candidate,uncensored_refusal_like,instr_only,18,mmd_rbf,0.01614723913371563,128
lot_paper_mix__v1,candidate,uncensored_refusal_like,instr_only,18,projected_js,0.07243398690479808,128
lot_paper_mix__v1,candidate,uncensored_refusal_like,instr_only,19,mmd_rbf,0.01670732907950878,128
lot_paper_mix__v1,candidate,uncensored_refusal_like,instr_only,19,projected_js,0.06958431471139193,128
lot_paper_mix__v1,candidate,uncensored_refusal_like,instr_only,20,mmd_rbf,0.017557626590132713,128
lot_paper_mix__v1,candidate,uncensored_refusal_like,instr_only,20,projected_js,0.07010301074478775,128
lot_paper_mix__v1,candidate,uncensored_refusal_like,instr_only,21,mmd_rbf,0.019644511863589287,128
lot_paper_mix__v1,candidate,uncensored_refusal_like,instr_only,21,projected_js,0.07087296730605885,128
lot_paper_mix__v1,candidate,uncensored_refusal_like,instr_only,22,mmd_rbf,0.0207467470318079,128
lot_paper_mix__v1,candidate,uncensored_refusal_like,instr_only,22,projected_js,0.07384855806594715,128
lot_paper_mix__v1,candidate,uncensored_refusal_like,instr_only,23,mmd_rbf,0.020224502310156822,128
lot_paper_mix__v1,candidate,uncensored_refusal_like,instr_only,23,projected_js,0.07368784100981429,128
lot_paper_mix__v1,candidate,uncensored_refusal_like,instr_only,24,mmd_rbf,0.022626124322414398,128
lot_paper_mix__v1,candidate,uncensored_refusal_like,instr_only,24,projected_js,0.0744898134144023,128
lot_paper_mix__v1,candidate,uncensored_refusal_like,instr_only,25,mmd_rbf,0.02480836771428585,128
lot_paper_mix__v1,candidate,uncensored_refusal_like,instr_only,25,projected_js,0.07607182470383123,128
lot_paper_mix__v1,candidate,uncensored_refusal_like,instr_only,26,mmd_rbf,0.027530109509825706,128
lot_paper_mix__v1,candidate,uncensored_refusal_like,instr_only,26,projected_js,0.08385284268297255,128
lot_paper_mix__v1,candidate,uncensored_refusal_like,instr_only,27,mmd_rbf,0.028392205014824867,128
lot_paper_mix__v1,candidate,uncensored_refusal_like,instr_only,27,projected_js,0.08018499135505408,128
lot_paper_mix__v1,candidate,uncensored_refusal_like,instr_only,28,mmd_rbf,0.02983473800122738,128
lot_paper_mix__v1,candidate,uncensored_refusal_like,instr_only,28,projected_js,0.08753894100664183,128
lot_paper_mix__v1,candidate,uncensored_refusal_like,instr_only,29,mmd_rbf,0.028928253799676895,128
lot_paper_mix__v1,candidate,uncensored_refusal_like,instr_only,29,projected_js,0.0880173749756068,128
lot_paper_mix__v1,candidate,uncensored_refusal_like,instr_only,30,mmd_rbf,0.030324285849928856,128
lot_paper_mix__v1,candidate,uncensored_refusal_like,instr_only,30,projected_js,0.0878008721047081,128
lot_paper_mix__v1,candidate,uncensored_refusal_like,instr_only,31,mmd_rbf,0.030464548617601395,128
lot_paper_mix__v1,candidate,uncensored_refusal_like,instr_only,31,projected_js,0.08907472976716235,128
lot_paper_mix__v1,candidate,uncensored_refusal_like,instr_only,32,mmd_rbf,0.030543312430381775,128
lot_paper_mix__v1,candidate,uncensored_refusal_like,instr_only,32,projected_js,0.08731789054581895,128
lot_paper_mix__v1,candidate,uncensored_refusal_like,instr_only,33,mmd_rbf,0.02954266406595707,128
lot_paper_mix__v1,candidate,uncensored_refusal_like,instr_only,33,projected_js,0.08839692996116355,128
lot_paper_mix__v1,candidate,uncensored_refusal_like,instr_only,34,mmd_rbf,0.03269550949335098,128
lot_paper_mix__v1,candidate,uncensored_refusal_like,instr_only,34,projected_js,0.09105045237811282,128
lot_paper_mix__v1,candidate,uncensored_refusal_like,instr_only,35,mmd_rbf,0.07955974340438843,128
lot_paper_mix__v1,candidate,uncensored_refusal_like,instr_only,35,projected_js,0.1273878415231593,128
lot_paper_mix__v1,candidate,uncensored_refusal_like,reasoning_only,0,mmd_rbf,0.02030801773071289,128
lot_paper_mix__v1,candidate,uncensored_refusal_like,reasoning_only,0,projected_js,0.08802735898643732,128
lot_paper_mix__v1,candidate,uncensored_refusal_like,reasoning_only,1,mmd_rbf,0.030223289504647255,128
lot_paper_mix__v1,candidate,uncensored_refusal_like,reasoning_only,1,projected_js,0.08593861464760266,128
lot_paper_mix__v1,candidate,uncensored_refusal_like,reasoning_only,2,mmd_rbf,0.028451496735215187,128
lot_paper_mix__v1,candidate,uncensored_refusal_like,reasoning_only,2,projected_js,0.08007773681310937,128
lot_paper_mix__v1,candidate,uncensored_refusal_like,reasoning_only,3,mmd_rbf,0.03057754598557949,128
lot_paper_mix__v1,candidate,uncensored_refusal_like,reasoning_only,3,projected_js,0.08728568640071899,128
lot_paper_mix__v1,candidate,uncensored_refusal_like,reasoning_only,4,mmd_rbf,0.03086188994348049,128
lot_paper_mix__v1,candidate,uncensored_refusal_like,reasoning_only,4,projected_js,0.09116761918994598,128
lot_paper_mix__v1,candidate,uncensored_refusal_like,reasoning_only,5,mmd_rbf,0.03154679760336876,128
lot_paper_mix__v1,candidate,uncensored_refusal_like,reasoning_only,5,projected_js,0.09786998602794483,128
lot_paper_mix__v1,candidate,uncensored_refusal_like,reasoning_only,6,mmd_rbf,0.025026220828294754,128
lot_paper_mix__v1,candidate,uncensored_refusal_like,reasoning_only,6,projected_js,0.08253258763579652,128
lot_paper_mix__v1,candidate,uncensored_refusal_like,reasoning_only,7,mmd_rbf,0.022771870717406273,128
lot_paper_mix__v1,candidate,uncensored_refusal_like,reasoning_only,7,projected_js,0.08296772243920714,128
lot_paper_mix__v1,candidate,uncensored_refusal_like,reasoning_only,8,mmd_rbf,0.018238283693790436,128
lot_paper_mix__v1,candidate,uncensored_refusal_like,reasoning_only,8,projected_js,0.07808476907666773,128
lot_paper_mix__v1,candidate,uncensored_refusal_like,reasoning_only,9,mmd_rbf,0.017843177542090416,128
lot_paper_mix__v1,candidate,uncensored_refusal_like,reasoning_only,9,projected_js,0.07890185306314379,128
lot_paper_mix__v1,candidate,uncensored_refusal_like,reasoning_only,10,mmd_rbf,0.01882062666118145,128
lot_paper_mix__v1,candidate,uncensored_refusal_like,reasoning_only,10,projected_js,0.08021591062424704,128
lot_paper_mix__v1,candidate,uncensored_refusal_like,reasoning_only,11,mmd_rbf,0.01822713576257229,128
lot_paper_mix__v1,candidate,uncensored_refusal_like,reasoning_only,11,projected_js,0.07425770908594131,128
lot_paper_mix__v1,candidate,uncensored_refusal_like,reasoning_only,12,mmd_rbf,0.02000040002167225,128
lot_paper_mix__v1,candidate,uncensored_refusal_like,reasoning_only,12,projected_js,0.07743685133755207,128
lot_paper_mix__v1,candidate,uncensored_refusal_like,reasoning_only,13,mmd_rbf,0.021471340209245682,128
lot_paper_mix__v1,candidate,uncensored_refusal_like,reasoning_only,13,projected_js,0.08060008782194927,128
lot_paper_mix__v1,candidate,uncensored_refusal_like,reasoning_only,14,mmd_rbf,0.02076519839465618,128
lot_paper_mix__v1,candidate,uncensored_refusal_like,reasoning_only,14,projected_js,0.07539519420242868,128
lot_paper_mix__v1,candidate,uncensored_refusal_like,reasoning_only,15,mmd_rbf,0.021784508600831032,128
lot_paper_mix__v1,candidate,uncensored_refusal_like,reasoning_only,15,projected_js,0.07480783178471029,128
lot_paper_mix__v1,candidate,uncensored_refusal_like,reasoning_only,16,mmd_rbf,0.022018328309059143,128
lot_paper_mix__v1,candidate,uncensored_refusal_like,reasoning_only,16,projected_js,0.08067176287295297,128
lot_paper_mix__v1,candidate,uncensored_refusal_like,reasoning_only,17,mmd_rbf,0.021266404539346695,128
lot_paper_mix__v1,candidate,uncensored_refusal_like,reasoning_only,17,projected_js,0.07593593298224732,128
lot_paper_mix__v1,candidate,uncensored_refusal_like,reasoning_only,18,mmd_rbf,0.02444702945649624,128
lot_paper_mix__v1,candidate,uncensored_refusal_like,reasoning_only,18,projected_js,0.07628945645410568,128
lot_paper_mix__v1,candidate,uncensored_refusal_like,reasoning_only,19,mmd_rbf,0.02325696125626564,128
lot_paper_mix__v1,candidate,uncensored_refusal_like,reasoning_only,19,projected_js,0.07526402425719425,128
lot_paper_mix__v1,candidate,uncensored_refusal_like,reasoning_only,20,mmd_rbf,0.022993316873908043,128
lot_paper_mix__v1,candidate,uncensored_refusal_like,reasoning_only,20,projected_js,0.07491171406581998,128
lot_paper_mix__v1,candidate,uncensored_refusal_like,reasoning_only,21,mmd_rbf,0.023695021867752075,128
lot_paper_mix__v1,candidate,uncensored_refusal_like,reasoning_only,21,projected_js,0.07266029139282182,128
lot_paper_mix__v1,candidate,uncensored_refusal_like,reasoning_only,22,mmd_rbf,0.022986922413110733,128
lot_paper_mix__v1,candidate,uncensored_refusal_like,reasoning_only,22,projected_js,0.07956043799640611,128
lot_paper_mix__v1,candidate,uncensored_refusal_like,reasoning_only,23,mmd_rbf,0.02028477191925049,128
lot_paper_mix__v1,candidate,uncensored_refusal_like,reasoning_only,23,projected_js,0.0751712133642286,128
lot_paper_mix__v1,candidate,uncensored_refusal_like,reasoning_only,24,mmd_rbf,0.022509703412652016,128
lot_paper_mix__v1,candidate,uncensored_refusal_like,reasoning_only,24,projected_js,0.07959713408490643,128
lot_paper_mix__v1,candidate,uncensored_refusal_like,reasoning_only,25,mmd_rbf,0.021948738023638725,128
lot_paper_mix__v1,candidate,uncensored_refusal_like,reasoning_only,25,projected_js,0.0722805360564962,128
lot_paper_mix__v1,candidate,uncensored_refusal_like,reasoning_only,26,mmd_rbf,0.022785024717450142,128
lot_paper_mix__v1,candidate,uncensored_refusal_like,reasoning_only,26,projected_js,0.07558026909828186,128
lot_paper_mix__v1,candidate,uncensored_refusal_like,reasoning_only,27,mmd_rbf,0.023685548454523087,128
lot_paper_mix__v1,candidate,uncensored_refusal_like,reasoning_only,27,projected_js,0.07586578070186079,128
lot_paper_mix__v1,candidate,uncensored_refusal_like,reasoning_only,28,mmd_rbf,0.023976361379027367,128
lot_paper_mix__v1,candidate,uncensored_refusal_like,reasoning_only,28,projected_js,0.08201722003286704,128
lot_paper_mix__v1,candidate,uncensored_refusal_like,reasoning_only,29,mmd_rbf,0.023120228201150894,128
lot_paper_mix__v1,candidate,uncensored_refusal_like,reasoning_only,29,projected_js,0.0819166712462902,128
lot_paper_mix__v1,candidate,uncensored_refusal_like,reasoning_only,30,mmd_rbf,0.024306848645210266,128
lot_paper_mix__v1,candidate,uncensored_refusal_like,reasoning_only,30,projected_js,0.08522768795955926,128
lot_paper_mix__v1,candidate,uncensored_refusal_like,reasoning_only,31,mmd_rbf,0.024407867342233658,128
lot_paper_mix__v1,candidate,uncensored_refusal_like,reasoning_only,31,projected_js,0.08058036566944793,128
lot_paper_mix__v1,candidate,uncensored_refusal_like,reasoning_only,32,mmd_rbf,0.02473081462085247,128
lot_paper_mix__v1,candidate,uncensored_refusal_like,reasoning_only,32,projected_js,0.07590062520466745,128
lot_paper_mix__v1,candidate,uncensored_refusal_like,reasoning_only,33,mmd_rbf,0.02467493526637554,128
lot_paper_mix__v1,candidate,uncensored_refusal_like,reasoning_only,33,projected_js,0.07821783126564696,128
lot_paper_mix__v1,candidate,uncensored_refusal_like,reasoning_only,34,mmd_rbf,0.028005922213196754,128
lot_paper_mix__v1,candidate,uncensored_refusal_like,reasoning_only,34,projected_js,0.0777014916529879,128
lot_paper_mix__v1,candidate,uncensored_refusal_like,reasoning_only,35,mmd_rbf,0.04669531434774399,128
lot_paper_mix__v1,candidate,uncensored_refusal_like,reasoning_only,35,projected_js,0.09738318546442315,128
lot_paper_mix__v1,candidate,uncensored_refusal_like,uncensored_only,0,mmd_rbf,0.012708949856460094,128
lot_paper_mix__v1,candidate,uncensored_refusal_like,uncensored_only,0,projected_js,0.06308314637863077,128
lot_paper_mix__v1,candidate,uncensored_refusal_like,uncensored_only,1,mmd_rbf,0.21214799582958221,128
lot_paper_mix__v1,candidate,uncensored_refusal_like,uncensored_only,1,projected_js,0.2380892443470657,128
lot_paper_mix__v1,candidate,uncensored_refusal_like,uncensored_only,2,mmd_rbf,0.20245681703090668,128
lot_paper_mix__v1,candidate,uncensored_refusal_like,uncensored_only,2,projected_js,0.21269581821979955,128
lot_paper_mix__v1,candidate,uncensored_refusal_like,uncensored_only,3,mmd_rbf,0.16823405027389526,128
lot_paper_mix__v1,candidate,uncensored_refusal_like,uncensored_only,3,projected_js,0.16870781243778765,128
lot_paper_mix__v1,candidate,uncensored_refusal_like,uncensored_only,4,mmd_rbf,0.13638795912265778,128
lot_paper_mix__v1,candidate,uncensored_refusal_like,uncensored_only,4,projected_js,0.1710205745184794,128
lot_paper_mix__v1,candidate,uncensored_refusal_like,uncensored_only,5,mmd_rbf,0.1102013811469078,128
lot_paper_mix__v1,candidate,uncensored_refusal_like,uncensored_only,5,projected_js,0.16335289395647123,128
lot_paper_mix__v1,candidate,uncensored_refusal_like,uncensored_only,6,mmd_rbf,0.06938550621271133,128
lot_paper_mix__v1,candidate,uncensored_refusal_like,uncensored_only,6,projected_js,0.1213253895402886,128
lot_paper_mix__v1,candidate,uncensored_refusal_like,uncensored_only,7,mmd_rbf,0.05295661836862564,128
lot_paper_mix__v1,candidate,uncensored_refusal_like,uncensored_only,7,projected_js,0.10526787780690938,128
lot_paper_mix__v1,candidate,uncensored_refusal_like,uncensored_only,8,mmd_rbf,0.03775555267930031,128
lot_paper_mix__v1,candidate,uncensored_refusal_like,uncensored_only,8,projected_js,0.08959350554505363,128
lot_paper_mix__v1,candidate,uncensored_refusal_like,uncensored_only,9,mmd_rbf,0.03293614089488983,128
lot_paper_mix__v1,candidate,uncensored_refusal_like,uncensored_only,9,projected_js,0.08153677789960057,128
lot_paper_mix__v1,candidate,uncensored_refusal_like,uncensored_only,10,mmd_rbf,0.028544669970870018,128
lot_paper_mix__v1,candidate,uncensored_refusal_like,uncensored_only,10,projected_js,0.07547695969697088,128
lot_paper_mix__v1,candidate,uncensored_refusal_like,uncensored_only,11,mmd_rbf,0.02472391165792942,128
lot_paper_mix__v1,candidate,uncensored_refusal_like,uncensored_only,11,projected_js,0.06936182070057839,128
lot_paper_mix__v1,candidate,uncensored_refusal_like,uncensored_only,12,mmd_rbf,0.02553938329219818,128
lot_paper_mix__v1,candidate,uncensored_refusal_like,uncensored_only,12,projected_js,0.07904480712022632,128
lot_paper_mix__v1,candidate,uncensored_refusal_like,uncensored_only,13,mmd_rbf,0.028187114745378494,128
lot_paper_mix__v1,candidate,uncensored_refusal_like,uncensored_only,13,projected_js,0.07987797795794904,128
lot_paper_mix__v1,candidate,uncensored_refusal_like,uncensored_only,14,mmd_rbf,0.028819307684898376,128
lot_paper_mix__v1,candidate,uncensored_refusal_like,uncensored_only,14,projected_js,0.0766302666743286,128
lot_paper_mix__v1,candidate,uncensored_refusal_like,uncensored_only,15,mmd_rbf,0.03487260267138481,128
lot_paper_mix__v1,candidate,uncensored_refusal_like,uncensored_only,15,projected_js,0.08494699542643502,128
lot_paper_mix__v1,candidate,uncensored_refusal_like,uncensored_only,16,mmd_rbf,0.0370236337184906,128
lot_paper_mix__v1,candidate,uncensored_refusal_like,uncensored_only,16,projected_js,0.07980818551732227,128
lot_paper_mix__v1,candidate,uncensored_refusal_like,uncensored_only,17,mmd_rbf,0.03914334625005722,128
lot_paper_mix__v1,candidate,uncensored_refusal_like,uncensored_only,17,projected_js,0.08413712918991223,128
lot_paper_mix__v1,candidate,uncensored_refusal_like,uncensored_only,18,mmd_rbf,0.04245438799262047,128
lot_paper_mix__v1,candidate,uncensored_refusal_like,uncensored_only,18,projected_js,0.08945454895729199,128
lot_paper_mix__v1,candidate,uncensored_refusal_like,uncensored_only,19,mmd_rbf,0.039525460451841354,128
lot_paper_mix__v1,candidate,uncensored_refusal_like,uncensored_only,19,projected_js,0.09151692385785282,128
lot_paper_mix__v1,candidate,uncensored_refusal_like,uncensored_only,20,mmd_rbf,0.04102117940783501,128
lot_paper_mix__v1,candidate,uncensored_refusal_like,uncensored_only,20,projected_js,0.08479839022038504,128
lot_paper_mix__v1,candidate,uncensored_refusal_like,uncensored_only,21,mmd_rbf,0.04473211243748665,128
lot_paper_mix__v1,candidate,uncensored_refusal_like,uncensored_only,21,projected_js,0.09385240808478557,128
lot_paper_mix__v1,candidate,uncensored_refusal_like,uncensored_only,22,mmd_rbf,0.04508369043469429,128
lot_paper_mix__v1,candidate,uncensored_refusal_like,uncensored_only,22,projected_js,0.0974262094241567,128
lot_paper_mix__v1,candidate,uncensored_refusal_like,uncensored_only,23,mmd_rbf,0.043524425476789474,128
lot_paper_mix__v1,candidate,uncensored_refusal_like,uncensored_only,23,projected_js,0.09535693592624739,128
lot_paper_mix__v1,candidate,uncensored_refusal_like,uncensored_only,24,mmd_rbf,0.048473700881004333,128
lot_paper_mix__v1,candidate,uncensored_refusal_like,uncensored_only,24,projected_js,0.09829308214830235,128
lot_paper_mix__v1,candidate,uncensored_refusal_like,uncensored_only,25,mmd_rbf,0.05253864452242851,128
lot_paper_mix__v1,candidate,uncensored_refusal_like,uncensored_only,25,projected_js,0.10224836599081755,128
lot_paper_mix__v1,candidate,uncensored_refusal_like,uncensored_only,26,mmd_rbf,0.054709382355213165,128
lot_paper_mix__v1,candidate,uncensored_refusal_like,uncensored_only,26,projected_js,0.09967552369926125,128
lot_paper_mix__v1,candidate,uncensored_refusal_like,uncensored_only,27,mmd_rbf,0.056981515139341354,128
lot_paper_mix__v1,candidate,uncensored_refusal_like,uncensored_only,27,projected_js,0.1017844780581072,128
lot_paper_mix__v1,candidate,uncensored_refusal_like,uncensored_only,28,mmd_rbf,0.057331301271915436,128
lot_paper_mix__v1,candidate,uncensored_refusal_like,uncensored_only,28,projected_js,0.11216705309925601,128
lot_paper_mix__v1,candidate,uncensored_refusal_like,uncensored_only,29,mmd_rbf,0.055231936275959015,128
lot_paper_mix__v1,candidate,uncensored_refusal_like,uncensored_only,29,projected_js,0.10804120474494994,128
lot_paper_mix__v1,candidate,uncensored_refusal_like,uncensored_only,30,mmd_rbf,0.059828247874975204,128
lot_paper_mix__v1,candidate,uncensored_refusal_like,uncensored_only,30,projected_js,0.1103266891441308,128
lot_paper_mix__v1,candidate,uncensored_refusal_like,uncensored_only,31,mmd_rbf,0.058899689465761185,128
lot_paper_mix__v1,candidate,uncensored_refusal_like,uncensored_only,31,projected_js,0.10510042664827779,128
lot_paper_mix__v1,candidate,uncensored_refusal_like,uncensored_only,32,mmd_rbf,0.05816055089235306,128
lot_paper_mix__v1,candidate,uncensored_refusal_like,uncensored_only,32,projected_js,0.10485895175952464,128
lot_paper_mix__v1,candidate,uncensored_refusal_like,uncensored_only,33,mmd_rbf,0.05663810297846794,128
lot_paper_mix__v1,candidate,uncensored_refusal_like,uncensored_only,33,projected_js,0.10293387743877247,128
lot_paper_mix__v1,candidate,uncensored_refusal_like,uncensored_only,34,mmd_rbf,0.05941144376993179,128
lot_paper_mix__v1,candidate,uncensored_refusal_like,uncensored_only,34,projected_js,0.10860392567701638,128
lot_paper_mix__v1,candidate,uncensored_refusal_like,uncensored_only,35,mmd_rbf,0.09440328180789948,128
lot_paper_mix__v1,candidate,uncensored_refusal_like,uncensored_only,35,projected_js,0.12203969486290589,128
