model_id,model_kind,calib_subset,target_id,layer,metric,value,n_prompts
lot_paper_mix,candidate,general,base,0,mmd_rbf,0.007597226183861494,128
lot_paper_mix,candidate,general,base,0,projected_js,0.047560261795297265,128
lot_paper_mix,candidate,general,base,1,mmd_rbf,0.01731874980032444,128
lot_paper_mix,candidate,general,base,1,projected_js,0.05797987256664783,128
lot_paper_mix,candidate,general,base,2,mmd_rbf,0.015260462649166584,128
lot_paper_mix,candidate,general,base,2,projected_js,0.060742760164430365,128
lot_paper_mix,candidate,general,base,3,mmd_rbf,0.016857130452990532,128
lot_paper_mix,candidate,general,base,3,projected_js,0.06602194521110505,128
lot_paper_mix,candidate,general,base,4,mmd_rbf,0.01578594744205475,128
lot_paper_mix,candidate,general,base,4,projected_js,0.06585638428805396,128
lot_paper_mix,candidate,general,base,5,mmd_rbf,0.014561873860657215,128
lot_paper_mix,candidate,general,base,5,projected_js,0.062176862033084035,128
lot_paper_mix,candidate,general,base,6,mmd_rbf,0.010830143466591835,128
lot_paper_mix,candidate,general,base,6,projected_js,0.05861390201607719,128
lot_paper_mix,candidate,general,base,7,mmd_rbf,0.009969014674425125,128
lot_paper_mix,candidate,general,base,7,projected_js,0.06208401086041704,128
lot_paper_mix,candidate,general,base,8,mmd_rbf,0.008714263327419758,128
lot_paper_mix,candidate,general,base,8,projected_js,0.05954869749257341,128
lot_paper_mix,candidate,general,base,9,mmd_rbf,0.009334462694823742,128
lot_paper_mix,candidate,general,base,9,projected_js,0.06124402035493404,128
lot_paper_mix,candidate,general,base,10,mmd_rbf,0.011444156058132648,128
lot_paper_mix,candidate,general,base,10,projected_js,0.06083770887926221,128
lot_paper_mix,candidate,general,base,11,mmd_rbf,0.010492536239326,128
lot_paper_mix,candidate,general,base,11,projected_js,0.06052051097503863,128
lot_paper_mix,candidate,general,base,12,mmd_rbf,0.010542317293584347,128
lot_paper_mix,candidate,general,base,12,projected_js,0.06436130782822147,128
lot_paper_mix,candidate,general,base,13,mmd_rbf,0.01096286904066801,128
lot_paper_mix,candidate,general,base,13,projected_js,0.06438315950799733,128
lot_paper_mix,candidate,general,base,14,mmd_rbf,0.01103989314287901,128
lot_paper_mix,candidate,general,base,14,projected_js,0.064485338923987,128
lot_paper_mix,candidate,general,base,15,mmd_rbf,0.011106456629931927,128
lot_paper_mix,candidate,general,base,15,projected_js,0.0626611452898942,128
lot_paper_mix,candidate,general,base,16,mmd_rbf,0.012776312418282032,128
lot_paper_mix,candidate,general,base,16,projected_js,0.06558303159545176,128
lot_paper_mix,candidate,general,base,17,mmd_rbf,0.012299882248044014,128
lot_paper_mix,candidate,general,base,17,projected_js,0.06428678252268583,128
lot_paper_mix,candidate,general,base,18,mmd_rbf,0.013030381873250008,128
lot_paper_mix,candidate,general,base,18,projected_js,0.06669901186251082,128
lot_paper_mix,candidate,general,base,19,mmd_rbf,0.013288701884448528,128
lot_paper_mix,candidate,general,base,19,projected_js,0.07007162558147684,128
lot_paper_mix,candidate,general,base,20,mmd_rbf,0.012888098135590553,128
lot_paper_mix,candidate,general,base,20,projected_js,0.06517548230476677,128
lot_paper_mix,candidate,general,base,21,mmd_rbf,0.013124028220772743,128
lot_paper_mix,candidate,general,base,21,projected_js,0.06493087142007425,128
lot_paper_mix,candidate,general,base,22,mmd_rbf,0.012339012697339058,128
lot_paper_mix,candidate,general,base,22,projected_js,0.06099440541584045,128
lot_paper_mix,candidate,general,base,23,mmd_rbf,0.011274117045104504,128
lot_paper_mix,candidate,general,base,23,projected_js,0.06456905230879784,128
lot_paper_mix,candidate,general,base,24,mmd_rbf,0.01000035461038351,128
lot_paper_mix,candidate,general,base,24,projected_js,0.06334394519217312,128
lot_paper_mix,candidate,general,base,25,mmd_rbf,0.008977082557976246,128
lot_paper_mix,candidate,general,base,25,projected_js,0.06323167745722458,128
lot_paper_mix,candidate,general,base,26,mmd_rbf,0.008585243485867977,128
lot_paper_mix,candidate,general,base,26,projected_js,0.059046701702754945,128
lot_paper_mix,candidate,general,base,27,mmd_rbf,0.008357326500117779,128
lot_paper_mix,candidate,general,base,27,projected_js,0.061212054220959544,128
lot_paper_mix,candidate,general,base,28,mmd_rbf,0.007976873777806759,128
lot_paper_mix,candidate,general,base,28,projected_js,0.059734293579822406,128
lot_paper_mix,candidate,general,base,29,mmd_rbf,0.00740998238325119,128
lot_paper_mix,candidate,general,base,29,projected_js,0.061866654170444235,128
lot_paper_mix,candidate,general,base,30,mmd_rbf,0.006966644432395697,128
lot_paper_mix,candidate,general,base,30,projected_js,0.0582396590616554,128
lot_paper_mix,candidate,general,base,31,mmd_rbf,0.006676691118627787,128
lot_paper_mix,candidate,general,base,31,projected_js,0.06134200398810208,128
lot_paper_mix,candidate,general,base,32,mmd_rbf,0.00728709576651454,128
lot_paper_mix,candidate,general,base,32,projected_js,0.061398652906063944,128
lot_paper_mix,candidate,general,base,33,mmd_rbf,0.0076587083749473095,128
lot_paper_mix,candidate,general,base,33,projected_js,0.06526781246066093,128
lot_paper_mix,candidate,general,base,34,mmd_rbf,0.01426385622471571,128
lot_paper_mix,candidate,general,base,34,projected_js,0.06763588509056717,128
lot_paper_mix,candidate,general,base,35,mmd_rbf,0.08696813881397247,128
lot_paper_mix,candidate,general,base,35,projected_js,0.1250385397579521,128
lot_paper_mix,candidate,general,instr_only,0,mmd_rbf,0.0029424428939819336,128
lot_paper_mix,candidate,general,instr_only,0,projected_js,0.02854254400881473,128
lot_paper_mix,candidate,general,instr_only,1,mmd_rbf,0.0108184190467,128
lot_paper_mix,candidate,general,instr_only,1,projected_js,0.045607892592670396,128
lot_paper_mix,candidate,general,instr_only,2,mmd_rbf,0.008805605582892895,128
lot_paper_mix,candidate,general,instr_only,2,projected_js,0.0524194102617912,128
lot_paper_mix,candidate,general,instr_only,3,mmd_rbf,0.008906560018658638,128
lot_paper_mix,candidate,general,instr_only,3,projected_js,0.05311963849817403,128
lot_paper_mix,candidate,general,instr_only,4,mmd_rbf,0.009114389307796955,128
lot_paper_mix,candidate,general,instr_only,4,projected_js,0.054586212238064036,128
lot_paper_mix,candidate,general,instr_only,5,mmd_rbf,0.008467823266983032,128
lot_paper_mix,candidate,general,instr_only,5,projected_js,0.05040899442974478,128
lot_paper_mix,candidate,general,instr_only,6,mmd_rbf,0.006045885384082794,128
lot_paper_mix,candidate,general,instr_only,6,projected_js,0.04881704816943966,128
lot_paper_mix,candidate,general,instr_only,7,mmd_rbf,0.005355774890631437,128
lot_paper_mix,candidate,general,instr_only,7,projected_js,0.05052957986481488,128
lot_paper_mix,candidate,general,instr_only,8,mmd_rbf,0.00492298835888505,128
lot_paper_mix,candidate,general,instr_only,8,projected_js,0.051296647638082504,128
lot_paper_mix,candidate,general,instr_only,9,mmd_rbf,0.005130888894200325,128
lot_paper_mix,candidate,general,instr_only,9,projected_js,0.053102241770830005,128
lot_paper_mix,candidate,general,instr_only,10,mmd_rbf,0.0072137354873120785,128
lot_paper_mix,candidate,general,instr_only,10,projected_js,0.05820361518999562,128
lot_paper_mix,candidate,general,instr_only,11,mmd_rbf,0.006936967372894287,128
lot_paper_mix,candidate,general,instr_only,11,projected_js,0.05931889911880717,128
lot_paper_mix,candidate,general,instr_only,12,mmd_rbf,0.006810826249420643,128
lot_paper_mix,candidate,general,instr_only,12,projected_js,0.05736244720174,128
lot_paper_mix,candidate,general,instr_only,13,mmd_rbf,0.006768885999917984,128
lot_paper_mix,candidate,general,instr_only,13,projected_js,0.0624728468246758,128
lot_paper_mix,candidate,general,instr_only,14,mmd_rbf,0.0065529379062354565,128
lot_paper_mix,candidate,general,instr_only,14,projected_js,0.06027643135166727,128
lot_paper_mix,candidate,general,instr_only,15,mmd_rbf,0.006253951694816351,128
lot_paper_mix,candidate,general,instr_only,15,projected_js,0.05740444266120903,128
lot_paper_mix,candidate,general,instr_only,16,mmd_rbf,0.006242051720619202,128
lot_paper_mix,candidate,general,instr_only,16,projected_js,0.05969275604002178,128
lot_paper_mix,candidate,general,instr_only,17,mmd_rbf,0.0059953369200229645,128
lot_paper_mix,candidate,general,instr_only,17,projected_js,0.06139758351491764,128
lot_paper_mix,candidate,general,instr_only,18,mmd_rbf,0.006027068942785263,128
lot_paper_mix,candidate,general,instr_only,18,projected_js,0.06337875686585903,128
lot_paper_mix,candidate,general,instr_only,19,mmd_rbf,0.005802906583994627,128
lot_paper_mix,candidate,general,instr_only,19,projected_js,0.06453095079632476,128
lot_paper_mix,candidate,general,instr_only,20,mmd_rbf,0.0055693029426038265,128
lot_paper_mix,candidate,general,instr_only,20,projected_js,0.06054356921231374,128
lot_paper_mix,candidate,general,instr_only,21,mmd_rbf,0.005782573949545622,128
lot_paper_mix,candidate,general,instr_only,21,projected_js,0.059128784108906984,128
lot_paper_mix,candidate,general,instr_only,22,mmd_rbf,0.005342250689864159,128
lot_paper_mix,candidate,general,instr_only,22,projected_js,0.055677429103525355,128
lot_paper_mix,candidate,general,instr_only,23,mmd_rbf,0.004777812864631414,128
lot_paper_mix,candidate,general,instr_only,23,projected_js,0.05568766064243391,128
lot_paper_mix,candidate,general,instr_only,24,mmd_rbf,0.004754211753606796,128
lot_paper_mix,candidate,general,instr_only,24,projected_js,0.055789326550439,128
lot_paper_mix,candidate,general,instr_only,25,mmd_rbf,0.004703611135482788,128
lot_paper_mix,candidate,general,instr_only,25,projected_js,0.05849648098228499,128
lot_paper_mix,candidate,general,instr_only,26,mmd_rbf,0.004858913831412792,128
lot_paper_mix,candidate,general,instr_only,26,projected_js,0.059108861663844436,128
lot_paper_mix,candidate,general,instr_only,27,mmd_rbf,0.004791715648025274,128
lot_paper_mix,candidate,general,instr_only,27,projected_js,0.05636453835177235,128
lot_paper_mix,candidate,general,instr_only,28,mmd_rbf,0.004927908536046743,128
lot_paper_mix,candidate,general,instr_only,28,projected_js,0.05811841075774282,128
lot_paper_mix,candidate,general,instr_only,29,mmd_rbf,0.004968911875039339,128
lot_paper_mix,candidate,general,instr_only,29,projected_js,0.0571476417244412,128
lot_paper_mix,candidate,general,instr_only,30,mmd_rbf,0.004874266218394041,128
lot_paper_mix,candidate,general,instr_only,30,projected_js,0.05847928102593869,128
lot_paper_mix,candidate,general,instr_only,31,mmd_rbf,0.004861567169427872,128
lot_paper_mix,candidate,general,instr_only,31,projected_js,0.05896426978870295,128
lot_paper_mix,candidate,general,instr_only,32,mmd_rbf,0.004900205880403519,128
lot_paper_mix,candidate,general,instr_only,32,projected_js,0.0534426226222422,128
lot_paper_mix,candidate,general,instr_only,33,mmd_rbf,0.004883139859884977,128
lot_paper_mix,candidate,general,instr_only,33,projected_js,0.05754259982495569,128
lot_paper_mix,candidate,general,instr_only,34,mmd_rbf,0.0052603730000555515,128
lot_paper_mix,candidate,general,instr_only,34,projected_js,0.05662365924217738,128
lot_paper_mix,candidate,general,instr_only,35,mmd_rbf,0.020590173080563545,128
lot_paper_mix,candidate,general,instr_only,35,projected_js,0.06475278665311635,128
lot_paper_mix,candidate,general,reasoning_only,0,mmd_rbf,0.013612073846161366,128
lot_paper_mix,candidate,general,reasoning_only,0,projected_js,0.06035883640288375,128
lot_paper_mix,candidate,general,reasoning_only,1,mmd_rbf,0.020814120769500732,128
lot_paper_mix,candidate,general,reasoning_only,1,projected_js,0.06621930774417706,128
lot_paper_mix,candidate,general,reasoning_only,2,mmd_rbf,0.018924346193671227,128
lot_paper_mix,candidate,general,reasoning_only,2,projected_js,0.06373356957919896,128
lot_paper_mix,candidate,general,reasoning_only,3,mmd_rbf,0.018968364223837852,128
lot_paper_mix,candidate,general,reasoning_only,3,projected_js,0.06934738703421317,128
lot_paper_mix,candidate,general,reasoning_only,4,mmd_rbf,0.016979210078716278,128
lot_paper_mix,candidate,general,reasoning_only,4,projected_js,0.06851601094240323,128
lot_paper_mix,candidate,general,reasoning_only,5,mmd_rbf,0.015572592616081238,128
lot_paper_mix,candidate,general,reasoning_only,5,projected_js,0.06380220843129791,128
lot_paper_mix,candidate,general,reasoning_only,6,mmd_rbf,0.010928351432085037,128
lot_paper_mix,candidate,general,reasoning_only,6,projected_js,0.05964432319160551,128
lot_paper_mix,candidate,general,reasoning_only,7,mmd_rbf,0.009881238453090191,128
lot_paper_mix,candidate,general,reasoning_only,7,projected_js,0.06070301524596289,128
lot_paper_mix,candidate,general,reasoning_only,8,mmd_rbf,0.007775891572237015,128
lot_paper_mix,candidate,general,reasoning_only,8,projected_js,0.05915022658882663,128
lot_paper_mix,candidate,general,reasoning_only,9,mmd_rbf,0.007946345023810863,128
lot_paper_mix,candidate,general,reasoning_only,9,projected_js,0.06204612663714215,128
lot_paper_mix,candidate,general,reasoning_only,10,mmd_rbf,0.009621388278901577,128
lot_paper_mix,candidate,general,reasoning_only,10,projected_js,0.059632393589708954,128
lot_paper_mix,candidate,general,reasoning_only,11,mmd_rbf,0.00955007690936327,128
lot_paper_mix,candidate,general,reasoning_only,11,projected_js,0.05930724210338667,128
lot_paper_mix,candidate,general,reasoning_only,12,mmd_rbf,0.00950146559625864,128
lot_paper_mix,candidate,general,reasoning_only,12,projected_js,0.0629901624051854,128
lot_paper_mix,candidate,general,reasoning_only,13,mmd_rbf,0.009574104100465775,128
lot_paper_mix,candidate,general,reasoning_only,13,projected_js,0.06179403478745371,128
lot_paper_mix,candidate,general,reasoning_only,14,mmd_rbf,0.010147172026336193,128
lot_paper_mix,candidate,general,reasoning_only,14,projected_js,0.06292145827319473,128
lot_paper_mix,candidate,general,reasoning_only,15,mmd_rbf,0.01044604741036892,128
lot_paper_mix,candidate,general,reasoning_only,15,projected_js,0.06545466382522136,128
lot_paper_mix,candidate,general,reasoning_only,16,mmd_rbf,0.010891160927712917,128
lot_paper_mix,candidate,general,reasoning_only,16,projected_js,0.06614708714187145,128
lot_paper_mix,candidate,general,reasoning_only,17,mmd_rbf,0.010550533421337605,128
lot_paper_mix,candidate,general,reasoning_only,17,projected_js,0.06857563275843859,128
lot_paper_mix,candidate,general,reasoning_only,18,mmd_rbf,0.011552932672202587,128
lot_paper_mix,candidate,general,reasoning_only,18,projected_js,0.06862141599413007,128
lot_paper_mix,candidate,general,reasoning_only,19,mmd_rbf,0.010362716391682625,128
lot_paper_mix,candidate,general,reasoning_only,19,projected_js,0.06573691990342923,128
lot_paper_mix,candidate,general,reasoning_only,20,mmd_rbf,0.010242780670523643,128
lot_paper_mix,candidate,general,reasoning_only,20,projected_js,0.0627988416235894,128
lot_paper_mix,candidate,general,reasoning_only,21,mmd_rbf,0.010877521708607674,128
lot_paper_mix,candidate,general,reasoning_only,21,projected_js,0.06345037027494982,128
lot_paper_mix,candidate,general,reasoning_only,22,mmd_rbf,0.009523989632725716,128
lot_paper_mix,candidate,general,reasoning_only,22,projected_js,0.0656284719298128,128
lot_paper_mix,candidate,general,reasoning_only,23,mmd_rbf,0.008100236766040325,128
lot_paper_mix,candidate,general,reasoning_only,23,projected_js,0.06235571741126478,128
lot_paper_mix,candidate,general,reasoning_only,24,mmd_rbf,0.00840780045837164,128
lot_paper_mix,candidate,general,reasoning_only,24,projected_js,0.06288829602999613,128
lot_paper_mix,candidate,general,reasoning_only,25,mmd_rbf,0.007923520170152187,128
lot_paper_mix,candidate,general,reasoning_only,25,projected_js,0.06254506902769208,128
lot_paper_mix,candidate,general,reasoning_only,26,mmd_rbf,0.007974842563271523,128
lot_paper_mix,candidate,general,reasoning_only,26,projected_js,0.05994257057318464,128
lot_paper_mix,candidate,general,reasoning_only,27,mmd_rbf,0.007733444217592478,128
lot_paper_mix,candidate,general,reasoning_only,27,projected_js,0.06058429321274161,128
lot_paper_mix,candidate,general,reasoning_only,28,mmd_rbf,0.007810735609382391,128
lot_paper_mix,candidate,general,reasoning_only,28,projected_js,0.06201028989744373,128
lot_paper_mix,candidate,general,reasoning_only,29,mmd_rbf,0.0075940536335110664,128
lot_paper_mix,candidate,general,reasoning_only,29,projected_js,0.06185996963176876,128
lot_paper_mix,candidate,general,reasoning_only,30,mmd_rbf,0.007404625415802002,128
lot_paper_mix,candidate,general,reasoning_only,30,projected_js,0.05874014153960161,128
lot_paper_mix,candidate,general,reasoning_only,31,mmd_rbf,0.007396066095679998,128
lot_paper_mix,candidate,general,reasoning_only,31,projected_js,0.05894280940992758,128
lot_paper_mix,candidate,general,reasoning_only,32,mmd_rbf,0.007376010064035654,128
lot_paper_mix,candidate,general,reasoning_only,32,projected_js,0.05995652492856607,128
lot_paper_mix,candidate,general,reasoning_only,33,mmd_rbf,0.007480828557163477,128
lot_paper_mix,candidate,general,reasoning_only,33,projected_js,0.0612540409056237,128
lot_paper_mix,candidate,general,reasoning_only,34,mmd_rbf,0.00875470694154501,128
lot_paper_mix,candidate,general,reasoning_only,34,projected_js,0.06070020643528551,128
lot_paper_mix,candidate,general,reasoning_only,35,mmd_rbf,0.046546634286642075,128
lot_paper_mix,candidate,general,reasoning_only,35,projected_js,0.09303337486926466,128
lot_paper_mix,candidate,general,uncensored_only,0,mmd_rbf,0.007380372378975153,128
lot_paper_mix,candidate,general,uncensored_only,0,projected_js,0.04248054286290426,128
lot_paper_mix,candidate,general,uncensored_only,1,mmd_rbf,0.14355681836605072,128
lot_paper_mix,candidate,general,uncensored_only,1,projected_js,0.15949018055107445,128
lot_paper_mix,candidate,general,uncensored_only,2,mmd_rbf,0.12886181473731995,128
lot_paper_mix,candidate,general,uncensored_only,2,projected_js,0.130764160581748,128
lot_paper_mix,candidate,general,uncensored_only,3,mmd_rbf,0.09782184660434723,128
lot_paper_mix,candidate,general,uncensored_only,3,projected_js,0.11433860554825515,128
lot_paper_mix,candidate,general,uncensored_only,4,mmd_rbf,0.07203933596611023,128
lot_paper_mix,candidate,general,uncensored_only,4,projected_js,0.10809300892287865,128
lot_paper_mix,candidate,general,uncensored_only,5,mmd_rbf,0.05312163755297661,128
lot_paper_mix,candidate,general,uncensored_only,5,projected_js,0.1034662980819121,128
lot_paper_mix,candidate,general,uncensored_only,6,mmd_rbf,0.030125170946121216,128
lot_paper_mix,candidate,general,uncensored_only,6,projected_js,0.08333743078401312,128
lot_paper_mix,candidate,general,uncensored_only,7,mmd_rbf,0.02339433692395687,128
lot_paper_mix,candidate,general,uncensored_only,7,projected_js,0.07593726931372657,128
lot_paper_mix,candidate,general,uncensored_only,8,mmd_rbf,0.016463158652186394,128
lot_paper_mix,candidate,general,uncensored_only,8,projected_js,0.06726733379764482,128
lot_paper_mix,candidate,general,uncensored_only,9,mmd_rbf,0.014516308903694153,128
lot_paper_mix,candidate,general,uncensored_only,9,projected_js,0.06630942376796156,128
lot_paper_mix,candidate,general,uncensored_only,10,mmd_rbf,0.014514072798192501,128
lot_paper_mix,candidate,general,uncensored_only,10,projected_js,0.06577661680057645,128
lot_paper_mix,candidate,general,uncensored_only,11,mmd_rbf,0.011579237878322601,128
lot_paper_mix,candidate,general,uncensored_only,11,projected_js,0.06304439238738269,128
lot_paper_mix,candidate,general,uncensored_only,12,mmd_rbf,0.012071589939296246,128
lot_paper_mix,candidate,general,uncensored_only,12,projected_js,0.06784662057179958,128
lot_paper_mix,candidate,general,uncensored_only,13,mmd_rbf,0.01313820481300354,128
lot_paper_mix,candidate,general,uncensored_only,13,projected_js,0.06550121423788369,128
lot_paper_mix,candidate,general,uncensored_only,14,mmd_rbf,0.012497029267251492,128
lot_paper_mix,candidate,general,uncensored_only,14,projected_js,0.06798251689178869,128
lot_paper_mix,candidate,general,uncensored_only,15,mmd_rbf,0.015210004523396492,128
lot_paper_mix,candidate,general,uncensored_only,15,projected_js,0.06713857792783529,128
lot_paper_mix,candidate,general,uncensored_only,16,mmd_rbf,0.016009455546736717,128
lot_paper_mix,candidate,general,uncensored_only,16,projected_js,0.07007254933705553,128
lot_paper_mix,candidate,general,uncensored_only,17,mmd_rbf,0.014514356851577759,128
lot_paper_mix,candidate,general,uncensored_only,17,projected_js,0.06711621780414134,128
lot_paper_mix,candidate,general,uncensored_only,18,mmd_rbf,0.014895223081111908,128
lot_paper_mix,candidate,general,uncensored_only,18,projected_js,0.07003352156607434,128
lot_paper_mix,candidate,general,uncensored_only,19,mmd_rbf,0.01399244274944067,128
lot_paper_mix,candidate,general,uncensored_only,19,projected_js,0.06898139201803133,128
lot_paper_mix,candidate,general,uncensored_only,20,mmd_rbf,0.01374873798340559,128
lot_paper_mix,candidate,general,uncensored_only,20,projected_js,0.06827310542576015,128
lot_paper_mix,candidate,general,uncensored_only,21,mmd_rbf,0.014601451344788074,128
lot_paper_mix,candidate,general,uncensored_only,21,projected_js,0.0733167779399082,128
lot_paper_mix,candidate,general,uncensored_only,22,mmd_rbf,0.014572406187653542,128
lot_paper_mix,candidate,general,uncensored_only,22,projected_js,0.07028859917772934,128
lot_paper_mix,candidate,general,uncensored_only,23,mmd_rbf,0.013652065768837929,128
lot_paper_mix,candidate,general,uncensored_only,23,projected_js,0.06853730377042666,128
lot_paper_mix,candidate,general,uncensored_only,24,mmd_rbf,0.014479400590062141,128
lot_paper_mix,candidate,general,uncensored_only,24,projected_js,0.07137017685454339,128
lot_paper_mix,candidate,general,uncensored_only,25,mmd_rbf,0.015176358632743359,128
lot_paper_mix,candidate,general,uncensored_only,25,projected_js,0.07165702080237679,128
lot_paper_mix,candidate,general,uncensored_only,26,mmd_rbf,0.015771271660923958,128
lot_paper_mix,candidate,general,uncensored_only,26,projected_js,0.07172706833807752,128
lot_paper_mix,candidate,general,uncensored_only,27,mmd_rbf,0.01598035730421543,128
lot_paper_mix,candidate,general,uncensored_only,27,projected_js,0.06755636096931994,128
lot_paper_mix,candidate,general,uncensored_only,28,mmd_rbf,0.014669892378151417,128
lot_paper_mix,candidate,general,uncensored_only,28,projected_js,0.06607402325607836,128
lot_paper_mix,candidate,general,uncensored_only,29,mmd_rbf,0.013986361213028431,128
lot_paper_mix,candidate,general,uncensored_only,29,projected_js,0.06321161153027788,128
lot_paper_mix,candidate,general,uncensored_only,30,mmd_rbf,0.01384825725108385,128
lot_paper_mix,candidate,general,uncensored_only,30,projected_js,0.06590835878159851,128
lot_paper_mix,candidate,general,uncensored_only,31,mmd_rbf,0.013002604246139526,128
lot_paper_mix,candidate,general,uncensored_only,31,projected_js,0.06263264792505652,128
lot_paper_mix,candidate,general,uncensored_only,32,mmd_rbf,0.012414834462106228,128
lot_paper_mix,candidate,general,uncensored_only,32,projected_js,0.062439648958388716,128
lot_paper_mix,candidate,general,uncensored_only,33,mmd_rbf,0.012234714813530445,128
lot_paper_mix,candidate,general,uncensored_only,33,projected_js,0.06132608908228576,128
lot_paper_mix,candidate,general,uncensored_only,34,mmd_rbf,0.012633241713047028,128
lot_paper_mix,candidate,general,uncensored_only,34,projected_js,0.06288709014188498,128
lot_paper_mix,candidate,general,uncensored_only,35,mmd_rbf,0.03355194255709648,128
lot_paper_mix,candidate,general,uncensored_only,35,projected_js,0.07562178728403524,128
lot_paper_mix,candidate,instruction,base,0,mmd_rbf,0.0046340408734977245,128
lot_paper_mix,candidate,instruction,base,0,projected_js,0.04825891740620136,128
lot_paper_mix,candidate,instruction,base,1,mmd_rbf,0.011663454584777355,128
lot_paper_mix,candidate,instruction,base,1,projected_js,0.057952224859036505,128
lot_paper_mix,candidate,instruction,base,2,mmd_rbf,0.012233979068696499,128
lot_paper_mix,candidate,instruction,base,2,projected_js,0.06265749532030895,128
lot_paper_mix,candidate,instruction,base,3,mmd_rbf,0.014777116477489471,128
lot_paper_mix,candidate,instruction,base,3,projected_js,0.06793345359619707,128
lot_paper_mix,candidate,instruction,base,4,mmd_rbf,0.014168503694236279,128
lot_paper_mix,candidate,instruction,base,4,projected_js,0.06786428653867915,128
lot_paper_mix,candidate,instruction,base,5,mmd_rbf,0.014459348283708096,128
lot_paper_mix,candidate,instruction,base,5,projected_js,0.061993577430257574,128
lot_paper_mix,candidate,instruction,base,6,mmd_rbf,0.011862277053296566,128
lot_paper_mix,candidate,instruction,base,6,projected_js,0.06686909683048725,128
lot_paper_mix,candidate,instruction,base,7,mmd_rbf,0.011408212594687939,128
lot_paper_mix,candidate,instruction,base,7,projected_js,0.06959386327071115,128
lot_paper_mix,candidate,instruction,base,8,mmd_rbf,0.010969767346978188,128
lot_paper_mix,candidate,instruction,base,8,projected_js,0.06726704374887049,128
lot_paper_mix,candidate,instruction,base,9,mmd_rbf,0.012214804999530315,128
lot_paper_mix,candidate,instruction,base,9,projected_js,0.06904835902969353,128
lot_paper_mix,candidate,instruction,base,10,mmd_rbf,0.015429108403623104,128
lot_paper_mix,candidate,instruction,base,10,projected_js,0.07298427316709422,128
lot_paper_mix,candidate,instruction,base,11,mmd_rbf,0.014844673685729504,128
lot_paper_mix,candidate,instruction,base,11,projected_js,0.06732024357188493,128
lot_paper_mix,candidate,instruction,base,12,mmd_rbf,0.014344568364322186,128
lot_paper_mix,candidate,instruction,base,12,projected_js,0.0743221931043081,128
lot_paper_mix,candidate,instruction,base,13,mmd_rbf,0.014763806946575642,128
lot_paper_mix,candidate,instruction,base,13,projected_js,0.07174233748810366,128
lot_paper_mix,candidate,instruction,base,14,mmd_rbf,0.015309737995266914,128
lot_paper_mix,candidate,instruction,base,14,projected_js,0.07092945679323748,128
lot_paper_mix,candidate,instruction,base,15,mmd_rbf,0.016060976311564445,128
lot_paper_mix,candidate,instruction,base,15,projected_js,0.07633933192119002,128
lot_paper_mix,candidate,instruction,base,16,mmd_rbf,0.016829969361424446,128
lot_paper_mix,candidate,instruction,base,16,projected_js,0.06944967550225556,128
lot_paper_mix,candidate,instruction,base,17,mmd_rbf,0.01637503318488598,128
lot_paper_mix,candidate,instruction,base,17,projected_js,0.07357950432924554,128
lot_paper_mix,candidate,instruction,base,18,mmd_rbf,0.017533570528030396,128
lot_paper_mix,candidate,instruction,base,18,projected_js,0.07378948316909373,128
lot_paper_mix,candidate,instruction,base,19,mmd_rbf,0.01938718929886818,128
lot_paper_mix,candidate,instruction,base,19,projected_js,0.0748374258982949,128
lot_paper_mix,candidate,instruction,base,20,mmd_rbf,0.01938973180949688,128
lot_paper_mix,candidate,instruction,base,20,projected_js,0.07530900737037882,128
lot_paper_mix,candidate,instruction,base,21,mmd_rbf,0.02088036946952343,128
lot_paper_mix,candidate,instruction,base,21,projected_js,0.08015491376863793,128
lot_paper_mix,candidate,instruction,base,22,mmd_rbf,0.02054874412715435,128
lot_paper_mix,candidate,instruction,base,22,projected_js,0.07355679350439459,128
lot_paper_mix,candidate,instruction,base,23,mmd_rbf,0.01902461238205433,128
lot_paper_mix,candidate,instruction,base,23,projected_js,0.07097688288195059,128
lot_paper_mix,candidate,instruction,base,24,mmd_rbf,0.017589015886187553,128
lot_paper_mix,candidate,instruction,base,24,projected_js,0.07877075078431517,128
lot_paper_mix,candidate,instruction,base,25,mmd_rbf,0.016176793724298477,128
lot_paper_mix,candidate,instruction,base,25,projected_js,0.07344949396792799,128
lot_paper_mix,candidate,instruction,base,26,mmd_rbf,0.015408498235046864,128
lot_paper_mix,candidate,instruction,base,26,projected_js,0.0715944497496821,128
lot_paper_mix,candidate,instruction,base,27,mmd_rbf,0.014648801647126675,128
lot_paper_mix,candidate,instruction,base,27,projected_js,0.07128092285711318,128
lot_paper_mix,candidate,instruction,base,28,mmd_rbf,0.01382041908800602,128
lot_paper_mix,candidate,instruction,base,28,projected_js,0.07271124317776412,128
lot_paper_mix,candidate,instruction,base,29,mmd_rbf,0.012851919047534466,128
lot_paper_mix,candidate,instruction,base,29,projected_js,0.06881833446095698,128
lot_paper_mix,candidate,instruction,base,30,mmd_rbf,0.012485616840422153,128
lot_paper_mix,candidate,instruction,base,30,projected_js,0.06791469844756648,128
lot_paper_mix,candidate,instruction,base,31,mmd_rbf,0.012081820517778397,128
lot_paper_mix,candidate,instruction,base,31,projected_js,0.06917658197926357,128
lot_paper_mix,candidate,instruction,base,32,mmd_rbf,0.012577943503856659,128
lot_paper_mix,candidate,instruction,base,32,projected_js,0.07001796487020329,128
lot_paper_mix,candidate,instruction,base,33,mmd_rbf,0.012931490316987038,128
lot_paper_mix,candidate,instruction,base,33,projected_js,0.06949089810950682,128
lot_paper_mix,candidate,instruction,base,34,mmd_rbf,0.020541725680232048,128
lot_paper_mix,candidate,instruction,base,34,projected_js,0.08261887787375599,128
lot_paper_mix,candidate,instruction,base,35,mmd_rbf,0.07950153201818466,128
lot_paper_mix,candidate,instruction,base,35,projected_js,0.13490220677340403,128
lot_paper_mix,candidate,instruction,instr_only,0,mmd_rbf,0.0020540745463222265,128
lot_paper_mix,candidate,instruction,instr_only,0,projected_js,0.03445065411506221,128
lot_paper_mix,candidate,instruction,instr_only,1,mmd_rbf,0.008150835521519184,128
lot_paper_mix,candidate,instruction,instr_only,1,projected_js,0.04938756124465726,128
lot_paper_mix,candidate,instruction,instr_only,2,mmd_rbf,0.007913886569440365,128
lot_paper_mix,candidate,instruction,instr_only,2,projected_js,0.05482253467198461,128
lot_paper_mix,candidate,instruction,instr_only,3,mmd_rbf,0.007484967354685068,128
lot_paper_mix,candidate,instruction,instr_only,3,projected_js,0.052484335290500894,128
lot_paper_mix,candidate,instruction,instr_only,4,mmd_rbf,0.007651848252862692,128
lot_paper_mix,candidate,instruction,instr_only,4,projected_js,0.05655954868416302,128
lot_paper_mix,candidate,instruction,instr_only,5,mmd_rbf,0.007774736266583204,128
lot_paper_mix,candidate,instruction,instr_only,5,projected_js,0.05569802282843739,128
lot_paper_mix,candidate,instruction,instr_only,6,mmd_rbf,0.006069107446819544,128
lot_paper_mix,candidate,instruction,instr_only,6,projected_js,0.05310298508265987,128
lot_paper_mix,candidate,instruction,instr_only,7,mmd_rbf,0.005500544793903828,128
lot_paper_mix,candidate,instruction,instr_only,7,projected_js,0.05697365727974102,128
lot_paper_mix,candidate,instruction,instr_only,8,mmd_rbf,0.005321031901985407,128
lot_paper_mix,candidate,instruction,instr_only,8,projected_js,0.058290812419727445,128
lot_paper_mix,candidate,instruction,instr_only,9,mmd_rbf,0.005603997502475977,128
lot_paper_mix,candidate,instruction,instr_only,9,projected_js,0.06069610113627277,128
lot_paper_mix,candidate,instruction,instr_only,10,mmd_rbf,0.007129018660634756,128
lot_paper_mix,candidate,instruction,instr_only,10,projected_js,0.05913395402603783,128
lot_paper_mix,candidate,instruction,instr_only,11,mmd_rbf,0.006934653501957655,128
lot_paper_mix,candidate,instruction,instr_only,11,projected_js,0.06877195718698204,128
lot_paper_mix,candidate,instruction,instr_only,12,mmd_rbf,0.006664471235126257,128
lot_paper_mix,candidate,instruction,instr_only,12,projected_js,0.06423948588781059,128
lot_paper_mix,candidate,instruction,instr_only,13,mmd_rbf,0.00641280272975564,128
lot_paper_mix,candidate,instruction,instr_only,13,projected_js,0.06323195295408368,128
lot_paper_mix,candidate,instruction,instr_only,14,mmd_rbf,0.00610782764852047,128
lot_paper_mix,candidate,instruction,instr_only,14,projected_js,0.0636543097498361,128
lot_paper_mix,candidate,instruction,instr_only,15,mmd_rbf,0.005678778048604727,128
lot_paper_mix,candidate,instruction,instr_only,15,projected_js,0.06257208419265226,128
lot_paper_mix,candidate,instruction,instr_only,16,mmd_rbf,0.0055470033548772335,128
lot_paper_mix,candidate,instruction,instr_only,16,projected_js,0.06428940768819302,128
lot_paper_mix,candidate,instruction,instr_only,17,mmd_rbf,0.005201446358114481,128
lot_paper_mix,candidate,instruction,instr_only,17,projected_js,0.0630472552147694,128
lot_paper_mix,candidate,instruction,instr_only,18,mmd_rbf,0.005299786571413279,128
lot_paper_mix,candidate,instruction,instr_only,18,projected_js,0.05966795975109562,128
lot_paper_mix,candidate,instruction,instr_only,19,mmd_rbf,0.005183673929423094,128
lot_paper_mix,candidate,instruction,instr_only,19,projected_js,0.06341426022117957,128
lot_paper_mix,candidate,instruction,instr_only,20,mmd_rbf,0.0050707063637673855,128
lot_paper_mix,candidate,instruction,instr_only,20,projected_js,0.06345863585011102,128
lot_paper_mix,candidate,instruction,instr_only,21,mmd_rbf,0.005623288452625275,128
lot_paper_mix,candidate,instruction,instr_only,21,projected_js,0.0651821659412235,128
lot_paper_mix,candidate,instruction,instr_only,22,mmd_rbf,0.005604893900454044,128
lot_paper_mix,candidate,instruction,instr_only,22,projected_js,0.06248258473351598,128
lot_paper_mix,candidate,instruction,instr_only,23,mmd_rbf,0.005247383378446102,128
lot_paper_mix,candidate,instruction,instr_only,23,projected_js,0.0635007502278313,128
lot_paper_mix,candidate,instruction,instr_only,24,mmd_rbf,0.00501394784078002,128
lot_paper_mix,candidate,instruction,instr_only,24,projected_js,0.06208804648485966,128
lot_paper_mix,candidate,instruction,instr_only,25,mmd_rbf,0.005011777859181166,128
lot_paper_mix,candidate,instruction,instr_only,25,projected_js,0.06399984058225527,128
lot_paper_mix,candidate,instruction,instr_only,26,mmd_rbf,0.00517831789329648,128
lot_paper_mix,candidate,instruction,instr_only,26,projected_js,0.059721103694755584,128
lot_paper_mix,candidate,instruction,instr_only,27,mmd_rbf,0.005415520165115595,128
lot_paper_mix,candidate,instruction,instr_only,27,projected_js,0.06182894203811884,128
lot_paper_mix,candidate,instruction,instr_only,28,mmd_rbf,0.0054364497773349285,128
lot_paper_mix,candidate,instruction,instr_only,28,projected_js,0.06252430338645354,128
lot_paper_mix,candidate,instruction,instr_only,29,mmd_rbf,0.005389893427491188,128
lot_paper_mix,candidate,instruction,instr_only,29,projected_js,0.058727423776872456,128
lot_paper_mix,candidate,instruction,instr_only,30,mmd_rbf,0.005532760638743639,128
lot_paper_mix,candidate,instruction,instr_only,30,projected_js,0.06335848598973826,128
lot_paper_mix,candidate,instruction,instr_only,31,mmd_rbf,0.005596664734184742,128
lot_paper_mix,candidate,instruction,instr_only,31,projected_js,0.061154091730713844,128
lot_paper_mix,candidate,instruction,instr_only,32,mmd_rbf,0.005630423780530691,128
lot_paper_mix,candidate,instruction,instr_only,32,projected_js,0.06181194557575509,128
lot_paper_mix,candidate,instruction,instr_only,33,mmd_rbf,0.005665553733706474,128
lot_paper_mix,candidate,instruction,instr_only,33,projected_js,0.06272368499776348,128
lot_paper_mix,candidate,instruction,instr_only,34,mmd_rbf,0.00620470754802227,128
lot_paper_mix,candidate,instruction,instr_only,34,projected_js,0.06120545999146998,128
lot_paper_mix,candidate,instruction,instr_only,35,mmd_rbf,0.01810181513428688,128
lot_paper_mix,candidate,instruction,instr_only,35,projected_js,0.07125680614262819,128
lot_paper_mix,candidate,instruction,reasoning_only,0,mmd_rbf,0.00630744406953454,128
lot_paper_mix,candidate,instruction,reasoning_only,0,projected_js,0.05696464126231149,128
lot_paper_mix,candidate,instruction,reasoning_only,1,mmd_rbf,0.013465381227433681,128
lot_paper_mix,candidate,instruction,reasoning_only,1,projected_js,0.06419893653946929,128
lot_paper_mix,candidate,instruction,reasoning_only,2,mmd_rbf,0.01433363277465105,128
lot_paper_mix,candidate,instruction,reasoning_only,2,projected_js,0.0643133312696591,128
lot_paper_mix,candidate,instruction,reasoning_only,3,mmd_rbf,0.014723330736160278,128
lot_paper_mix,candidate,instruction,reasoning_only,3,projected_js,0.06530468448181637,128
lot_paper_mix,candidate,instruction,reasoning_only,4,mmd_rbf,0.014359909109771252,128
lot_paper_mix,candidate,instruction,reasoning_only,4,projected_js,0.070346848689951,128
lot_paper_mix,candidate,instruction,reasoning_only,5,mmd_rbf,0.01440275739878416,128
lot_paper_mix,candidate,instruction,reasoning_only,5,projected_js,0.0666667165060062,128
lot_paper_mix,candidate,instruction,reasoning_only,6,mmd_rbf,0.010989858768880367,128
lot_paper_mix,candidate,instruction,reasoning_only,6,projected_js,0.0669972131436225,128
lot_paper_mix,candidate,instruction,reasoning_only,7,mmd_rbf,0.01114052627235651,128
lot_paper_mix,candidate,instruction,reasoning_only,7,projected_js,0.06804685943643562,128
lot_paper_mix,candidate,instruction,reasoning_only,8,mmd_rbf,0.009533570148050785,128
lot_paper_mix,candidate,instruction,reasoning_only,8,projected_js,0.06577098707202822,128
lot_paper_mix,candidate,instruction,reasoning_only,9,mmd_rbf,0.009746107272803783,128
lot_paper_mix,candidate,instruction,reasoning_only,9,projected_js,0.06965166798909195,128
lot_paper_mix,candidate,instruction,reasoning_only,10,mmd_rbf,0.013342139311134815,128
lot_paper_mix,candidate,instruction,reasoning_only,10,projected_js,0.07107116471161135,128
lot_paper_mix,candidate,instruction,reasoning_only,11,mmd_rbf,0.013689801096916199,128
lot_paper_mix,candidate,instruction,reasoning_only,11,projected_js,0.0740428045974113,128
lot_paper_mix,candidate,instruction,reasoning_only,12,mmd_rbf,0.013834442012012005,128
lot_paper_mix,candidate,instruction,reasoning_only,12,projected_js,0.07129461131989956,128
lot_paper_mix,candidate,instruction,reasoning_only,13,mmd_rbf,0.013883023522794247,128
lot_paper_mix,candidate,instruction,reasoning_only,13,projected_js,0.0772697736392729,128
lot_paper_mix,candidate,instruction,reasoning_only,14,mmd_rbf,0.014430725947022438,128
lot_paper_mix,candidate,instruction,reasoning_only,14,projected_js,0.0749148933973629,128
lot_paper_mix,candidate,instruction,reasoning_only,15,mmd_rbf,0.015499211847782135,128
lot_paper_mix,candidate,instruction,reasoning_only,15,projected_js,0.07259774580597878,128
lot_paper_mix,candidate,instruction,reasoning_only,16,mmd_rbf,0.015762511640787125,128
lot_paper_mix,candidate,instruction,reasoning_only,16,projected_js,0.07359198486665264,128
lot_paper_mix,candidate,instruction,reasoning_only,17,mmd_rbf,0.015319419093430042,128
lot_paper_mix,candidate,instruction,reasoning_only,17,projected_js,0.06995157548226416,128
lot_paper_mix,candidate,instruction,reasoning_only,18,mmd_rbf,0.017075004056096077,128
lot_paper_mix,candidate,instruction,reasoning_only,18,projected_js,0.06826408673077822,128
lot_paper_mix,candidate,instruction,reasoning_only,19,mmd_rbf,0.017477532848715782,128
lot_paper_mix,candidate,instruction,reasoning_only,19,projected_js,0.07206778065301478,128
lot_paper_mix,candidate,instruction,reasoning_only,20,mmd_rbf,0.016965363174676895,128
lot_paper_mix,candidate,instruction,reasoning_only,20,projected_js,0.07253674027742818,128
lot_paper_mix,candidate,instruction,reasoning_only,21,mmd_rbf,0.017890920862555504,128
lot_paper_mix,candidate,instruction,reasoning_only,21,projected_js,0.07931774476310238,128
lot_paper_mix,candidate,instruction,reasoning_only,22,mmd_rbf,0.016377858817577362,128
lot_paper_mix,candidate,instruction,reasoning_only,22,projected_js,0.0725425094133243,128
lot_paper_mix,candidate,instruction,reasoning_only,23,mmd_rbf,0.014205152168869972,128
lot_paper_mix,candidate,instruction,reasoning_only,23,projected_js,0.07430754601955414,128
lot_paper_mix,candidate,instruction,reasoning_only,24,mmd_rbf,0.015001827850937843,128
lot_paper_mix,candidate,instruction,reasoning_only,24,projected_js,0.07533706584945321,128
lot_paper_mix,candidate,instruction,reasoning_only,25,mmd_rbf,0.014465222135186195,128
lot_paper_mix,candidate,instruction,reasoning_only,25,projected_js,0.07697126531274989,128
lot_paper_mix,candidate,instruction,reasoning_only,26,mmd_rbf,0.014904404990375042,128
lot_paper_mix,candidate,instruction,reasoning_only,26,projected_js,0.07306958991102874,128
lot_paper_mix,candidate,instruction,reasoning_only,27,mmd_rbf,0.01429076213389635,128
lot_paper_mix,candidate,instruction,reasoning_only,27,projected_js,0.07068815571255982,128
lot_paper_mix,candidate,instruction,reasoning_only,28,mmd_rbf,0.014507357962429523,128
lot_paper_mix,candidate,instruction,reasoning_only,28,projected_js,0.07583623507525772,128
lot_paper_mix,candidate,instruction,reasoning_only,29,mmd_rbf,0.013822582550346851,128
lot_paper_mix,candidate,instruction,reasoning_only,29,projected_js,0.0704060752177611,128
lot_paper_mix,candidate,instruction,reasoning_only,30,mmd_rbf,0.01391471829265356,128
lot_paper_mix,candidate,instruction,reasoning_only,30,projected_js,0.07163863891037181,128
lot_paper_mix,candidate,instruction,reasoning_only,31,mmd_rbf,0.0138130784034729,128
lot_paper_mix,candidate,instruction,reasoning_only,31,projected_js,0.06975282425992191,128
lot_paper_mix,candidate,instruction,reasoning_only,32,mmd_rbf,0.013462968170642853,128
lot_paper_mix,candidate,instruction,reasoning_only,32,projected_js,0.07081888784887269,128
lot_paper_mix,candidate,instruction,reasoning_only,33,mmd_rbf,0.01305102463811636,128
lot_paper_mix,candidate,instruction,reasoning_only,33,projected_js,0.07153609971283004,128
lot_paper_mix,candidate,instruction,reasoning_only,34,mmd_rbf,0.014289413578808308,128
lot_paper_mix,candidate,instruction,reasoning_only,34,projected_js,0.07245222735218704,128
lot_paper_mix,candidate,instruction,reasoning_only,35,mmd_rbf,0.03428393229842186,128
lot_paper_mix,candidate,instruction,reasoning_only,35,projected_js,0.08736465719994158,128
lot_paper_mix,candidate,instruction,uncensored_only,0,mmd_rbf,0.005194127559661865,128
lot_paper_mix,candidate,instruction,uncensored_only,0,projected_js,0.04622097982792184,128
lot_paper_mix,candidate,instruction,uncensored_only,1,mmd_rbf,0.11471249908208847,128
lot_paper_mix,candidate,instruction,uncensored_only,1,projected_js,0.14444960467517376,128
lot_paper_mix,candidate,instruction,uncensored_only,2,mmd_rbf,0.10840066522359848,128
lot_paper_mix,candidate,instruction,uncensored_only,2,projected_js,0.13124215736752376,128
lot_paper_mix,candidate,instruction,uncensored_only,3,mmd_rbf,0.0811690166592598,128
lot_paper_mix,candidate,instruction,uncensored_only,3,projected_js,0.10808651195839047,128
lot_paper_mix,candidate,instruction,uncensored_only,4,mmd_rbf,0.060267724096775055,128
lot_paper_mix,candidate,instruction,uncensored_only,4,projected_js,0.1120860941009596,128
lot_paper_mix,candidate,instruction,uncensored_only,5,mmd_rbf,0.047898318618535995,128
lot_paper_mix,candidate,instruction,uncensored_only,5,projected_js,0.09325721894856542,128
lot_paper_mix,candidate,instruction,uncensored_only,6,mmd_rbf,0.029147321358323097,128
lot_paper_mix,candidate,instruction,uncensored_only,6,projected_js,0.08278508170042187,128
lot_paper_mix,candidate,instruction,uncensored_only,7,mmd_rbf,0.023711780086159706,128
lot_paper_mix,candidate,instruction,uncensored_only,7,projected_js,0.07978623523376882,128
lot_paper_mix,candidate,instruction,uncensored_only,8,mmd_rbf,0.017645088955760002,128
lot_paper_mix,candidate,instruction,uncensored_only,8,projected_js,0.07789448471157812,128
lot_paper_mix,candidate,instruction,uncensored_only,9,mmd_rbf,0.015207858756184578,128
lot_paper_mix,candidate,instruction,uncensored_only,9,projected_js,0.06764921435387805,128
lot_paper_mix,candidate,instruction,uncensored_only,10,mmd_rbf,0.015569380484521389,128
lot_paper_mix,candidate,instruction,uncensored_only,10,projected_js,0.07302572159096599,128
lot_paper_mix,candidate,instruction,uncensored_only,11,mmd_rbf,0.0122947683557868,128
lot_paper_mix,candidate,instruction,uncensored_only,11,projected_js,0.07028472836827859,128
lot_paper_mix,candidate,instruction,uncensored_only,12,mmd_rbf,0.012574383988976479,128
lot_paper_mix,candidate,instruction,uncensored_only,12,projected_js,0.06876078550703824,128
lot_paper_mix,candidate,instruction,uncensored_only,13,mmd_rbf,0.013197175227105618,128
lot_paper_mix,candidate,instruction,uncensored_only,13,projected_js,0.07326927949907258,128
lot_paper_mix,candidate,instruction,uncensored_only,14,mmd_rbf,0.013513329438865185,128
lot_paper_mix,candidate,instruction,uncensored_only,14,projected_js,0.07541228708578274,128
lot_paper_mix,candidate,instruction,uncensored_only,15,mmd_rbf,0.015548518858850002,128
lot_paper_mix,candidate,instruction,uncensored_only,15,projected_js,0.07110113982344046,128
lot_paper_mix,candidate,instruction,uncensored_only,16,mmd_rbf,0.01620333455502987,128
lot_paper_mix,candidate,instruction,uncensored_only,16,projected_js,0.07418667897582054,128
lot_paper_mix,candidate,instruction,uncensored_only,17,mmd_rbf,0.015371176414191723,128
lot_paper_mix,candidate,instruction,uncensored_only,17,projected_js,0.07073162158485502,128
lot_paper_mix,candidate,instruction,uncensored_only,18,mmd_rbf,0.01562076061964035,128
lot_paper_mix,candidate,instruction,uncensored_only,18,projected_js,0.07114232232561335,128
lot_paper_mix,candidate,instruction,uncensored_only,19,mmd_rbf,0.015679681673645973,128
lot_paper_mix,candidate,instruction,uncensored_only,19,projected_js,0.07415412046248093,128
lot_paper_mix,candidate,instruction,uncensored_only,20,mmd_rbf,0.016236474737524986,128
lot_paper_mix,candidate,instruction,uncensored_only,20,projected_js,0.07431755302241072,128
lot_paper_mix,candidate,instruction,uncensored_only,21,mmd_rbf,0.017458191141486168,128
lot_paper_mix,candidate,instruction,uncensored_only,21,projected_js,0.07537869137013331,128
lot_paper_mix,candidate,instruction,uncensored_only,22,mmd_rbf,0.018606437370181084,128
lot_paper_mix,candidate,instruction,uncensored_only,22,projected_js,0.07402043376350775,128
lot_paper_mix,candidate,instruction,uncensored_only,23,mmd_rbf,0.01882697083055973,128
lot_paper_mix,candidate,instruction,uncensored_only,23,projected_js,0.07871482288464904,128
lot_paper_mix,candidate,instruction,uncensored_only,24,mmd_rbf,0.020803945139050484,128
lot_paper_mix,candidate,instruction,uncensored_only,24,projected_js,0.07753189542563632,128
lot_paper_mix,candidate,instruction,uncensored_only,25,mmd_rbf,0.02207130938768387,128
lot_paper_mix,candidate,instruction,uncensored_only,25,projected_js,0.0844419386703521,128
lot_paper_mix,candidate,instruction,uncensored_only,26,mmd_rbf,0.022822299972176552,128
lot_paper_mix,candidate,instruction,uncensored_only,26,projected_js,0.08118529978673905,128
lot_paper_mix,candidate,instruction,uncensored_only,27,mmd_rbf,0.02296578884124756,128
lot_paper_mix,candidate,instruction,uncensored_only,27,projected_js,0.08203349157702178,128
lot_paper_mix,candidate,instruction,uncensored_only,28,mmd_rbf,0.020416341722011566,128
lot_paper_mix,candidate,instruction,uncensored_only,28,projected_js,0.07949415739858523,128
lot_paper_mix,candidate,instruction,uncensored_only,29,mmd_rbf,0.018945444375276566,128
lot_paper_mix,candidate,instruction,uncensored_only,29,projected_js,0.07848332228604704,128
lot_paper_mix,candidate,instruction,uncensored_only,30,mmd_rbf,0.018848424777388573,128
lot_paper_mix,candidate,instruction,uncensored_only,30,projected_js,0.07622285874094814,128
lot_paper_mix,candidate,instruction,uncensored_only,31,mmd_rbf,0.01802954450249672,128
lot_paper_mix,candidate,instruction,uncensored_only,31,projected_js,0.0727335944538936,128
lot_paper_mix,candidate,instruction,uncensored_only,32,mmd_rbf,0.0175436120480299,128
lot_paper_mix,candidate,instruction,uncensored_only,32,projected_js,0.07347159762866795,128
lot_paper_mix,candidate,instruction,uncensored_only,33,mmd_rbf,0.01710314117372036,128
lot_paper_mix,candidate,instruction,uncensored_only,33,projected_js,0.07424913212889805,128
lot_paper_mix,candidate,instruction,uncensored_only,34,mmd_rbf,0.017736537382006645,128
lot_paper_mix,candidate,instruction,uncensored_only,34,projected_js,0.07546180172357708,128
lot_paper_mix,candidate,instruction,uncensored_only,35,mmd_rbf,0.029007351025938988,128
lot_paper_mix,candidate,instruction,uncensored_only,35,projected_js,0.07777865120442584,128
lot_paper_mix,candidate,reasoning,base,0,mmd_rbf,0.00294472579844296,128
lot_paper_mix,candidate,reasoning,base,0,projected_js,0.044814454624429345,128
lot_paper_mix,candidate,reasoning,base,1,mmd_rbf,0.0076700481586158276,128
lot_paper_mix,candidate,reasoning,base,1,projected_js,0.04873686423525214,128
lot_paper_mix,candidate,reasoning,base,2,mmd_rbf,0.008676843717694283,128
lot_paper_mix,candidate,reasoning,base,2,projected_js,0.05333174817496911,128
lot_paper_mix,candidate,reasoning,base,3,mmd_rbf,0.010226152837276459,128
lot_paper_mix,candidate,reasoning,base,3,projected_js,0.060121645918115973,128
lot_paper_mix,candidate,reasoning,base,4,mmd_rbf,0.010317768901586533,128
lot_paper_mix,candidate,reasoning,base,4,projected_js,0.06065662478795275,128
lot_paper_mix,candidate,reasoning,base,5,mmd_rbf,0.008992616087198257,128
lot_paper_mix,candidate,reasoning,base,5,projected_js,0.058908509759930894,128
lot_paper_mix,candidate,reasoning,base,6,mmd_rbf,0.006896565202623606,128
lot_paper_mix,candidate,reasoning,base,6,projected_js,0.05350021782214753,128
lot_paper_mix,candidate,reasoning,base,7,mmd_rbf,0.006856381893157959,128
lot_paper_mix,candidate,reasoning,base,7,projected_js,0.05790144170168787,128
lot_paper_mix,candidate,reasoning,base,8,mmd_rbf,0.006687681656330824,128
lot_paper_mix,candidate,reasoning,base,8,projected_js,0.06301092106150463,128
lot_paper_mix,candidate,reasoning,base,9,mmd_rbf,0.007612389512360096,128
lot_paper_mix,candidate,reasoning,base,9,projected_js,0.06104902777587995,128
lot_paper_mix,candidate,reasoning,base,10,mmd_rbf,0.009729504585266113,128
lot_paper_mix,candidate,reasoning,base,10,projected_js,0.06093335017794743,128
lot_paper_mix,candidate,reasoning,base,11,mmd_rbf,0.009076790884137154,128
lot_paper_mix,candidate,reasoning,base,11,projected_js,0.058856476040091366,128
lot_paper_mix,candidate,reasoning,base,12,mmd_rbf,0.00944011565297842,128
lot_paper_mix,candidate,reasoning,base,12,projected_js,0.05917257146211341,128
lot_paper_mix,candidate,reasoning,base,13,mmd_rbf,0.009374548681080341,128
lot_paper_mix,candidate,reasoning,base,13,projected_js,0.06355028314283118,128
lot_paper_mix,candidate,reasoning,base,14,mmd_rbf,0.009521020576357841,128
lot_paper_mix,candidate,reasoning,base,14,projected_js,0.06555319530889392,128
lot_paper_mix,candidate,reasoning,base,15,mmd_rbf,0.009644393809139729,128
lot_paper_mix,candidate,reasoning,base,15,projected_js,0.06193498068023473,128
lot_paper_mix,candidate,reasoning,base,16,mmd_rbf,0.010572623461484909,128
lot_paper_mix,candidate,reasoning,base,16,projected_js,0.061577814107295126,128
lot_paper_mix,candidate,reasoning,base,17,mmd_rbf,0.010390246286988258,128
lot_paper_mix,candidate,reasoning,base,17,projected_js,0.06337221508147195,128
lot_paper_mix,candidate,reasoning,base,18,mmd_rbf,0.010857666842639446,128
lot_paper_mix,candidate,reasoning,base,18,projected_js,0.06358283667941578,128
lot_paper_mix,candidate,reasoning,base,19,mmd_rbf,0.011096613481640816,128
lot_paper_mix,candidate,reasoning,base,19,projected_js,0.06599376437952742,128
lot_paper_mix,candidate,reasoning,base,20,mmd_rbf,0.010615801438689232,128
lot_paper_mix,candidate,reasoning,base,20,projected_js,0.06712506932672113,128
lot_paper_mix,candidate,reasoning,base,21,mmd_rbf,0.010701666586101055,128
lot_paper_mix,candidate,reasoning,base,21,projected_js,0.0639876261993777,128
lot_paper_mix,candidate,reasoning,base,22,mmd_rbf,0.010235591791570187,128
lot_paper_mix,candidate,reasoning,base,22,projected_js,0.06473764212569222,128
lot_paper_mix,candidate,reasoning,base,23,mmd_rbf,0.009869704954326153,128
lot_paper_mix,candidate,reasoning,base,23,projected_js,0.06272186239948496,128
lot_paper_mix,candidate,reasoning,base,24,mmd_rbf,0.009047603234648705,128
lot_paper_mix,candidate,reasoning,base,24,projected_js,0.062317672331118956,128
lot_paper_mix,candidate,reasoning,base,25,mmd_rbf,0.008349924348294735,128
lot_paper_mix,candidate,reasoning,base,25,projected_js,0.06387586647178978,128
lot_paper_mix,candidate,reasoning,base,26,mmd_rbf,0.008014402352273464,128
lot_paper_mix,candidate,reasoning,base,26,projected_js,0.06337564694695175,128
lot_paper_mix,candidate,reasoning,base,27,mmd_rbf,0.007936513982713223,128
lot_paper_mix,candidate,reasoning,base,27,projected_js,0.06454658863367513,128
lot_paper_mix,candidate,reasoning,base,28,mmd_rbf,0.007991855964064598,128
lot_paper_mix,candidate,reasoning,base,28,projected_js,0.06251050357241184,128
lot_paper_mix,candidate,reasoning,base,29,mmd_rbf,0.007875395938754082,128
lot_paper_mix,candidate,reasoning,base,29,projected_js,0.06027455773437396,128
lot_paper_mix,candidate,reasoning,base,30,mmd_rbf,0.00774708017706871,128
lot_paper_mix,candidate,reasoning,base,30,projected_js,0.06330915150465444,128
lot_paper_mix,candidate,reasoning,base,31,mmd_rbf,0.007711691316217184,128
lot_paper_mix,candidate,reasoning,base,31,projected_js,0.06173484958708286,128
lot_paper_mix,candidate,reasoning,base,32,mmd_rbf,0.008391846902668476,128
lot_paper_mix,candidate,reasoning,base,32,projected_js,0.06159855783334933,128
lot_paper_mix,candidate,reasoning,base,33,mmd_rbf,0.008749601431190968,128
lot_paper_mix,candidate,reasoning,base,33,projected_js,0.060277349868556485,128
lot_paper_mix,candidate,reasoning,base,34,mmd_rbf,0.013273742981255054,128
lot_paper_mix,candidate,reasoning,base,34,projected_js,0.06730254626017995,128
lot_paper_mix,candidate,reasoning,base,35,mmd_rbf,0.0667388066649437,128
lot_paper_mix,candidate,reasoning,base,35,projected_js,0.11102860327810049,128
lot_paper_mix,candidate,reasoning,instr_only,0,mmd_rbf,0.0011041135294362903,128
lot_paper_mix,candidate,reasoning,instr_only,0,projected_js,0.03239060357736889,128
lot_paper_mix,candidate,reasoning,instr_only,1,mmd_rbf,0.00445331959053874,128
lot_paper_mix,candidate,reasoning,instr_only,1,projected_js,0.044446649131714366,128
lot_paper_mix,candidate,reasoning,instr_only,2,mmd_rbf,0.00461141113191843,128
lot_paper_mix,candidate,reasoning,instr_only,2,projected_js,0.04638723863172345,128
lot_paper_mix,candidate,reasoning,instr_only,3,mmd_rbf,0.004570323973894119,128
lot_paper_mix,candidate,reasoning,instr_only,3,projected_js,0.04651930707041174,128
lot_paper_mix,candidate,reasoning,instr_only,4,mmd_rbf,0.004356749355792999,128
lot_paper_mix,candidate,reasoning,instr_only,4,projected_js,0.04656719870399684,128
lot_paper_mix,candidate,reasoning,instr_only,5,mmd_rbf,0.003908354789018631,128
lot_paper_mix,candidate,reasoning,instr_only,5,projected_js,0.047689746832475066,128
lot_paper_mix,candidate,reasoning,instr_only,6,mmd_rbf,0.0030788988806307316,128
lot_paper_mix,candidate,reasoning,instr_only,6,projected_js,0.04947723989607766,128
lot_paper_mix,candidate,reasoning,instr_only,7,mmd_rbf,0.0031645253766328096,128
lot_paper_mix,candidate,reasoning,instr_only,7,projected_js,0.04915748903295025,128
lot_paper_mix,candidate,reasoning,instr_only,8,mmd_rbf,0.003305526450276375,128
lot_paper_mix,candidate,reasoning,instr_only,8,projected_js,0.05383059641462751,128
lot_paper_mix,candidate,reasoning,instr_only,9,mmd_rbf,0.003684768918901682,128
lot_paper_mix,candidate,reasoning,instr_only,9,projected_js,0.05557409391622059,128
lot_paper_mix,candidate,reasoning,instr_only,10,mmd_rbf,0.005245385225862265,128
lot_paper_mix,candidate,reasoning,instr_only,10,projected_js,0.05520331845036708,128
lot_paper_mix,candidate,reasoning,instr_only,11,mmd_rbf,0.004891238175332546,128
lot_paper_mix,candidate,reasoning,instr_only,11,projected_js,0.05522531343740411,128
lot_paper_mix,candidate,reasoning,instr_only,12,mmd_rbf,0.004853126592934132,128
lot_paper_mix,candidate,reasoning,instr_only,12,projected_js,0.05818633787566796,128
lot_paper_mix,candidate,reasoning,instr_only,13,mmd_rbf,0.004723620600998402,128
lot_paper_mix,candidate,reasoning,instr_only,13,projected_js,0.057947150635300204,128
lot_paper_mix,candidate,reasoning,instr_only,14,mmd_rbf,0.004535346291959286,128
lot_paper_mix,candidate,reasoning,instr_only,14,projected_js,0.057109972956823185,128
lot_paper_mix,candidate,reasoning,instr_only,15,mmd_rbf,0.004301466979086399,128
lot_paper_mix,candidate,reasoning,instr_only,15,projected_js,0.05712769951787777,128
lot_paper_mix,candidate,reasoning,instr_only,16,mmd_rbf,0.004192852880805731,128
lot_paper_mix,candidate,reasoning,instr_only,16,projected_js,0.057908880058676004,128
lot_paper_mix,candidate,reasoning,instr_only,17,mmd_rbf,0.003951904829591513,128
lot_paper_mix,candidate,reasoning,instr_only,17,projected_js,0.05976226838538423,128
lot_paper_mix,candidate,reasoning,instr_only,18,mmd_rbf,0.0038757086731493473,128
lot_paper_mix,candidate,reasoning,instr_only,18,projected_js,0.057214665168430656,128
lot_paper_mix,candidate,reasoning,instr_only,19,mmd_rbf,0.0036719266790896654,128
lot_paper_mix,candidate,reasoning,instr_only,19,projected_js,0.058729875716380775,128
lot_paper_mix,candidate,reasoning,instr_only,20,mmd_rbf,0.0034883953630924225,128
lot_paper_mix,candidate,reasoning,instr_only,20,projected_js,0.05642775440355763,128
lot_paper_mix,candidate,reasoning,instr_only,21,mmd_rbf,0.003521174192428589,128
lot_paper_mix,candidate,reasoning,instr_only,21,projected_js,0.05847494275076315,128
lot_paper_mix,candidate,reasoning,instr_only,22,mmd_rbf,0.0031619572546333075,128
lot_paper_mix,candidate,reasoning,instr_only,22,projected_js,0.05581511335913092,128
lot_paper_mix,candidate,reasoning,instr_only,23,mmd_rbf,0.0027414807118475437,128
lot_paper_mix,candidate,reasoning,instr_only,23,projected_js,0.056286689068656415,128
lot_paper_mix,candidate,reasoning,instr_only,24,mmd_rbf,0.002526996424421668,128
lot_paper_mix,candidate,reasoning,instr_only,24,projected_js,0.05695071612717584,128
lot_paper_mix,candidate,reasoning,instr_only,25,mmd_rbf,0.0023726061917841434,128
lot_paper_mix,candidate,reasoning,instr_only,25,projected_js,0.05255918431794271,128
lot_paper_mix,candidate,reasoning,instr_only,26,mmd_rbf,0.00240839715115726,128
lot_paper_mix,candidate,reasoning,instr_only,26,projected_js,0.05627234611893073,128
lot_paper_mix,candidate,reasoning,instr_only,27,mmd_rbf,0.002487240359187126,128
lot_paper_mix,candidate,reasoning,instr_only,27,projected_js,0.05654670199146494,128
lot_paper_mix,candidate,reasoning,instr_only,28,mmd_rbf,0.002674554707482457,128
lot_paper_mix,candidate,reasoning,instr_only,28,projected_js,0.05350156538770534,128
lot_paper_mix,candidate,reasoning,instr_only,29,mmd_rbf,0.0027727761771529913,128
lot_paper_mix,candidate,reasoning,instr_only,29,projected_js,0.05518128353287466,128
lot_paper_mix,candidate,reasoning,instr_only,30,mmd_rbf,0.002923823893070221,128
lot_paper_mix,candidate,reasoning,instr_only,30,projected_js,0.0561321432760451,128
lot_paper_mix,candidate,reasoning,instr_only,31,mmd_rbf,0.003122202819213271,128
lot_paper_mix,candidate,reasoning,instr_only,31,projected_js,0.05682982460712083,128
lot_paper_mix,candidate,reasoning,instr_only,32,mmd_rbf,0.0032189784105867147,128
lot_paper_mix,candidate,reasoning,instr_only,32,projected_js,0.056379720743279904,128
lot_paper_mix,candidate,reasoning,instr_only,33,mmd_rbf,0.0033734270837157965,128
lot_paper_mix,candidate,reasoning,instr_only,33,projected_js,0.05407204173388891,128
lot_paper_mix,candidate,reasoning,instr_only,34,mmd_rbf,0.003580784425139427,128
lot_paper_mix,candidate,reasoning,instr_only,34,projected_js,0.05511374064371921,128
lot_paper_mix,candidate,reasoning,instr_only,35,mmd_rbf,0.009865336120128632,128
lot_paper_mix,candidate,reasoning,instr_only,35,projected_js,0.058360334776807576,128
lot_paper_mix,candidate,reasoning,reasoning_only,0,mmd_rbf,0.0038762360345572233,128
lot_paper_mix,candidate,reasoning,reasoning_only,0,projected_js,0.04612068764981814,128
lot_paper_mix,candidate,reasoning,reasoning_only,1,mmd_rbf,0.00814382266253233,128
lot_paper_mix,candidate,reasoning,reasoning_only,1,projected_js,0.055523479502880946,128
lot_paper_mix,candidate,reasoning,reasoning_only,2,mmd_rbf,0.010165483690798283,128
lot_paper_mix,candidate,reasoning,reasoning_only,2,projected_js,0.059410162997664884,128
lot_paper_mix,candidate,reasoning,reasoning_only,3,mmd_rbf,0.011083487421274185,128
lot_paper_mix,candidate,reasoning,reasoning_only,3,projected_js,0.060435983614297584,128
lot_paper_mix,candidate,reasoning,reasoning_only,4,mmd_rbf,0.009671658277511597,128
lot_paper_mix,candidate,reasoning,reasoning_only,4,projected_js,0.059518512163776904,128
lot_paper_mix,candidate,reasoning,reasoning_only,5,mmd_rbf,0.008479470387101173,128
lot_paper_mix,candidate,reasoning,reasoning_only,5,projected_js,0.06220882915658876,128
lot_paper_mix,candidate,reasoning,reasoning_only,6,mmd_rbf,0.006565764080733061,128
lot_paper_mix,candidate,reasoning,reasoning_only,6,projected_js,0.0561458382580895,128
lot_paper_mix,candidate,reasoning,reasoning_only,7,mmd_rbf,0.007052020635455847,128
lot_paper_mix,candidate,reasoning,reasoning_only,7,projected_js,0.06042203423567116,128
lot_paper_mix,candidate,reasoning,reasoning_only,8,mmd_rbf,0.0064363195560872555,128
lot_paper_mix,candidate,reasoning,reasoning_only,8,projected_js,0.06083116529043764,128
lot_paper_mix,candidate,reasoning,reasoning_only,9,mmd_rbf,0.006838904228061438,128
lot_paper_mix,candidate,reasoning,reasoning_only,9,projected_js,0.0621620902675204,128
lot_paper_mix,candidate,reasoning,reasoning_only,10,mmd_rbf,0.008921253494918346,128
lot_paper_mix,candidate,reasoning,reasoning_only,10,projected_js,0.061867949058068916,128
lot_paper_mix,candidate,reasoning,reasoning_only,11,mmd_rbf,0.008967701345682144,128
lot_paper_mix,candidate,reasoning,reasoning_only,11,projected_js,0.06047820777166635,128
lot_paper_mix,candidate,reasoning,reasoning_only,12,mmd_rbf,0.008731362409889698,128
lot_paper_mix,candidate,reasoning,reasoning_only,12,projected_js,0.06334408349357545,128
lot_paper_mix,candidate,reasoning,reasoning_only,13,mmd_rbf,0.00863921269774437,128
lot_paper_mix,candidate,reasoning,reasoning_only,13,projected_js,0.06280148954829201,128
lot_paper_mix,candidate,reasoning,reasoning_only,14,mmd_rbf,0.009054096415638924,128
lot_paper_mix,candidate,reasoning,reasoning_only,14,projected_js,0.05976980458945036,128
lot_paper_mix,candidate,reasoning,reasoning_only,15,mmd_rbf,0.009762224741280079,128
lot_paper_mix,candidate,reasoning,reasoning_only,15,projected_js,0.0631605198723264,128
lot_paper_mix,candidate,reasoning,reasoning_only,16,mmd_rbf,0.010108189657330513,128
lot_paper_mix,candidate,reasoning,reasoning_only,16,projected_js,0.06412268604617566,128
lot_paper_mix,candidate,reasoning,reasoning_only,17,mmd_rbf,0.009884282015264034,128
lot_paper_mix,candidate,reasoning,reasoning_only,17,projected_js,0.0630006241844967,128
lot_paper_mix,candidate,reasoning,reasoning_only,18,mmd_rbf,0.01097092404961586,128
lot_paper_mix,candidate,reasoning,reasoning_only,18,projected_js,0.0659860834130086,128
lot_paper_mix,candidate,reasoning,reasoning_only,19,mmd_rbf,0.010039213113486767,128
lot_paper_mix,candidate,reasoning,reasoning_only,19,projected_js,0.06545115611515939,128
lot_paper_mix,candidate,reasoning,reasoning_only,20,mmd_rbf,0.009699742309749126,128
lot_paper_mix,candidate,reasoning,reasoning_only,20,projected_js,0.06250828847987577,128
lot_paper_mix,candidate,reasoning,reasoning_only,21,mmd_rbf,0.009929032996296883,128
lot_paper_mix,candidate,reasoning,reasoning_only,21,projected_js,0.06556000205455348,128
lot_paper_mix,candidate,reasoning,reasoning_only,22,mmd_rbf,0.00849711149930954,128
lot_paper_mix,candidate,reasoning,reasoning_only,22,projected_js,0.06309405798674561,128
lot_paper_mix,candidate,reasoning,reasoning_only,23,mmd_rbf,0.007101123221218586,128
lot_paper_mix,candidate,reasoning,reasoning_only,23,projected_js,0.06127851561177522,128
lot_paper_mix,candidate,reasoning,reasoning_only,24,mmd_rbf,0.006969271693378687,128
lot_paper_mix,candidate,reasoning,reasoning_only,24,projected_js,0.06260947068221867,128
lot_paper_mix,candidate,reasoning,reasoning_only,25,mmd_rbf,0.006287300027906895,128
lot_paper_mix,candidate,reasoning,reasoning_only,25,projected_js,0.06059606513008475,128
lot_paper_mix,candidate,reasoning,reasoning_only,26,mmd_rbf,0.005952263716608286,128
lot_paper_mix,candidate,reasoning,reasoning_only,26,projected_js,0.06190887189586647,128
lot_paper_mix,candidate,reasoning,reasoning_only,27,mmd_rbf,0.0058663529343903065,128
lot_paper_mix,candidate,reasoning,reasoning_only,27,projected_js,0.06124206670210697,128
lot_paper_mix,candidate,reasoning,reasoning_only,28,mmd_rbf,0.00616872264072299,128
lot_paper_mix,candidate,reasoning,reasoning_only,28,projected_js,0.05930542421992868,128
lot_paper_mix,candidate,reasoning,reasoning_only,29,mmd_rbf,0.006169644184410572,128
lot_paper_mix,candidate,reasoning,reasoning_only,29,projected_js,0.06077930616447702,128
lot_paper_mix,candidate,reasoning,reasoning_only,30,mmd_rbf,0.006464886013418436,128
lot_paper_mix,candidate,reasoning,reasoning_only,30,projected_js,0.05951042985543609,128
lot_paper_mix,candidate,reasoning,reasoning_only,31,mmd_rbf,0.006693689618259668,128
lot_paper_mix,candidate,reasoning,reasoning_only,31,projected_js,0.061922081134980544,128
lot_paper_mix,candidate,reasoning,reasoning_only,32,mmd_rbf,0.006791853345930576,128
lot_paper_mix,candidate,reasoning,reasoning_only,32,projected_js,0.06345651485025883,128
lot_paper_mix,candidate,reasoning,reasoning_only,33,mmd_rbf,0.007185477297753096,128
lot_paper_mix,candidate,reasoning,reasoning_only,33,projected_js,0.062371487088967115,128
lot_paper_mix,candidate,reasoning,reasoning_only,34,mmd_rbf,0.008824766613543034,128
lot_paper_mix,candidate,reasoning,reasoning_only,34,projected_js,0.06224924238631502,128
lot_paper_mix,candidate,reasoning,reasoning_only,35,mmd_rbf,0.049719374626874924,128
lot_paper_mix,candidate,reasoning,reasoning_only,35,projected_js,0.09704776963917539,128
lot_paper_mix,candidate,reasoning,uncensored_only,0,mmd_rbf,0.0027656794991344213,128
lot_paper_mix,candidate,reasoning,uncensored_only,0,projected_js,0.03709547335165553,128
lot_paper_mix,candidate,reasoning,uncensored_only,1,mmd_rbf,0.07037121802568436,128
lot_paper_mix,candidate,reasoning,uncensored_only,1,projected_js,0.10552217235090211,128
lot_paper_mix,candidate,reasoning,uncensored_only,2,mmd_rbf,0.07151507586240768,128
lot_paper_mix,candidate,reasoning,uncensored_only,2,projected_js,0.1062873427872546,128
lot_paper_mix,candidate,reasoning,uncensored_only,3,mmd_rbf,0.05573713406920433,128
lot_paper_mix,candidate,reasoning,uncensored_only,3,projected_js,0.09583545982604846,128
lot_paper_mix,candidate,reasoning,uncensored_only,4,mmd_rbf,0.038074906915426254,128
lot_paper_mix,candidate,reasoning,uncensored_only,4,projected_js,0.0912289452389814,128
lot_paper_mix,candidate,reasoning,uncensored_only,5,mmd_rbf,0.026709139347076416,128
lot_paper_mix,candidate,reasoning,uncensored_only,5,projected_js,0.08011799678206444,128
lot_paper_mix,candidate,reasoning,uncensored_only,6,mmd_rbf,0.0163707435131073,128
lot_paper_mix,candidate,reasoning,uncensored_only,6,projected_js,0.06891835667192936,128
lot_paper_mix,candidate,reasoning,uncensored_only,7,mmd_rbf,0.014754436910152435,128
lot_paper_mix,candidate,reasoning,uncensored_only,7,projected_js,0.06840155378449708,128
lot_paper_mix,candidate,reasoning,uncensored_only,8,mmd_rbf,0.012315782718360424,128
lot_paper_mix,candidate,reasoning,uncensored_only,8,projected_js,0.06487440259661525,128
lot_paper_mix,candidate,reasoning,uncensored_only,9,mmd_rbf,0.010894427075982094,128
lot_paper_mix,candidate,reasoning,uncensored_only,9,projected_js,0.06601536559173837,128
lot_paper_mix,candidate,reasoning,uncensored_only,10,mmd_rbf,0.011267425492405891,128
lot_paper_mix,candidate,reasoning,uncensored_only,10,projected_js,0.06407765962649137,128
lot_paper_mix,candidate,reasoning,uncensored_only,11,mmd_rbf,0.009019555523991585,128
lot_paper_mix,candidate,reasoning,uncensored_only,11,projected_js,0.06378367863362655,128
lot_paper_mix,candidate,reasoning,uncensored_only,12,mmd_rbf,0.009388539008796215,128
lot_paper_mix,candidate,reasoning,uncensored_only,12,projected_js,0.062355725502129644,128
lot_paper_mix,candidate,reasoning,uncensored_only,13,mmd_rbf,0.009696892462670803,128
lot_paper_mix,candidate,reasoning,uncensored_only,13,projected_js,0.0644421333563514,128
lot_paper_mix,candidate,reasoning,uncensored_only,14,mmd_rbf,0.009771107695996761,128
lot_paper_mix,candidate,reasoning,uncensored_only,14,projected_js,0.06489747180603445,128
lot_paper_mix,candidate,reasoning,uncensored_only,15,mmd_rbf,0.011128037236630917,128
lot_paper_mix,candidate,reasoning,uncensored_only,15,projected_js,0.06489335728110746,128
lot_paper_mix,candidate,reasoning,uncensored_only,16,mmd_rbf,0.011716767214238644,128
lot_paper_mix,candidate,reasoning,uncensored_only,16,projected_js,0.06376232922775671,128
lot_paper_mix,candidate,reasoning,uncensored_only,17,mmd_rbf,0.010815494693815708,128
lot_paper_mix,candidate,reasoning,uncensored_only,17,projected_js,0.06501055043190718,128
lot_paper_mix,candidate,reasoning,uncensored_only,18,mmd_rbf,0.010770547203719616,128
lot_paper_mix,candidate,reasoning,uncensored_only,18,projected_js,0.06783777894452214,128
lot_paper_mix,candidate,reasoning,uncensored_only,19,mmd_rbf,0.010714349336922169,128
lot_paper_mix,candidate,reasoning,uncensored_only,19,projected_js,0.06418738822685555,128
lot_paper_mix,candidate,reasoning,uncensored_only,20,mmd_rbf,0.010883971117436886,128
lot_paper_mix,candidate,reasoning,uncensored_only,20,projected_js,0.0666492433520034,128
lot_paper_mix,candidate,reasoning,uncensored_only,21,mmd_rbf,0.011423599906265736,128
lot_paper_mix,candidate,reasoning,uncensored_only,21,projected_js,0.06682719069067389,128
lot_paper_mix,candidate,reasoning,uncensored_only,22,mmd_rbf,0.011142737232148647,128
lot_paper_mix,candidate,reasoning,uncensored_only,22,projected_js,0.06371491437312216,128
lot_paper_mix,candidate,reasoning,uncensored_only,23,mmd_rbf,0.010594277642667294,128
lot_paper_mix,candidate,reasoning,uncensored_only,23,projected_js,0.0700268053333275,128
lot_paper_mix,candidate,reasoning,uncensored_only,24,mmd_rbf,0.010614529252052307,128
lot_paper_mix,candidate,reasoning,uncensored_only,24,projected_js,0.06581555074080825,128
lot_paper_mix,candidate,reasoning,uncensored_only,25,mmd_rbf,0.010956749320030212,128
lot_paper_mix,candidate,reasoning,uncensored_only,25,projected_js,0.0645006273407489,128
lot_paper_mix,candidate,reasoning,uncensored_only,26,mmd_rbf,0.010970293544232845,128
lot_paper_mix,candidate,reasoning,uncensored_only,26,projected_js,0.06921761791454628,128
lot_paper_mix,candidate,reasoning,uncensored_only,27,mmd_rbf,0.011114365421235561,128
lot_paper_mix,candidate,reasoning,uncensored_only,27,projected_js,0.06471421325113624,128
lot_paper_mix,candidate,reasoning,uncensored_only,28,mmd_rbf,0.010485525242984295,128
lot_paper_mix,candidate,reasoning,uncensored_only,28,projected_js,0.06465680903056636,128
lot_paper_mix,candidate,reasoning,uncensored_only,29,mmd_rbf,0.010441995225846767,128
lot_paper_mix,candidate,reasoning,uncensored_only,29,projected_js,0.06370101927313954,128
lot_paper_mix,candidate,reasoning,uncensored_only,30,mmd_rbf,0.010716114193201065,128
lot_paper_mix,candidate,reasoning,uncensored_only,30,projected_js,0.06542057154001668,128
lot_paper_mix,candidate,reasoning,uncensored_only,31,mmd_rbf,0.010594858787953854,128
lot_paper_mix,candidate,reasoning,uncensored_only,31,projected_js,0.064631104352884,128
lot_paper_mix,candidate,reasoning,uncensored_only,32,mmd_rbf,0.010494506917893887,128
lot_paper_mix,candidate,reasoning,uncensored_only,32,projected_js,0.06539375602733344,128
lot_paper_mix,candidate,reasoning,uncensored_only,33,mmd_rbf,0.01054536085575819,128
lot_paper_mix,candidate,reasoning,uncensored_only,33,projected_js,0.06362360459752381,128
lot_paper_mix,candidate,reasoning,uncensored_only,34,mmd_rbf,0.010649211704730988,128
lot_paper_mix,candidate,reasoning,uncensored_only,34,projected_js,0.06026936654234305,128
lot_paper_mix,candidate,reasoning,uncensored_only,35,mmd_rbf,0.016205167397856712,128
lot_paper_mix,candidate,reasoning,uncensored_only,35,projected_js,0.06561796314781532,128
lot_paper_mix,candidate,uncensored_refusal_like,base,0,mmd_rbf,0.012866235338151455,128
lot_paper_mix,candidate,uncensored_refusal_like,base,0,projected_js,0.061382669024169445,128
lot_paper_mix,candidate,uncensored_refusal_like,base,1,mmd_rbf,0.029102090746164322,128
lot_paper_mix,candidate,uncensored_refusal_like,base,1,projected_js,0.08007250615628436,128
lot_paper_mix,candidate,uncensored_refusal_like,base,2,mmd_rbf,0.028746286407113075,128
lot_paper_mix,candidate,uncensored_refusal_like,base,2,projected_js,0.07607071957318112,128
lot_paper_mix,candidate,uncensored_refusal_like,base,3,mmd_rbf,0.04148412495851517,128
lot_paper_mix,candidate,uncensored_refusal_like,base,3,projected_js,0.10486107802717015,128
lot_paper_mix,candidate,uncensored_refusal_like,base,4,mmd_rbf,0.03948013111948967,128
lot_paper_mix,candidate,uncensored_refusal_like,base,4,projected_js,0.09513931791298091,128
lot_paper_mix,candidate,uncensored_refusal_like,base,5,mmd_rbf,0.04110780358314514,128
lot_paper_mix,candidate,uncensored_refusal_like,base,5,projected_js,0.09393538656877354,128
lot_paper_mix,candidate,uncensored_refusal_like,base,6,mmd_rbf,0.03466730937361717,128
lot_paper_mix,candidate,uncensored_refusal_like,base,6,projected_js,0.08896069781621918,128
lot_paper_mix,candidate,uncensored_refusal_like,base,7,mmd_rbf,0.031777795404195786,128
lot_paper_mix,candidate,uncensored_refusal_like,base,7,projected_js,0.08158474287483841,128
lot_paper_mix,candidate,uncensored_refusal_like,base,8,mmd_rbf,0.02915290556848049,128
lot_paper_mix,candidate,uncensored_refusal_like,base,8,projected_js,0.08241860516136512,128
lot_paper_mix,candidate,uncensored_refusal_like,base,9,mmd_rbf,0.03281090781092644,128
lot_paper_mix,candidate,uncensored_refusal_like,base,9,projected_js,0.087777876178734,128
lot_paper_mix,candidate,uncensored_refusal_like,base,10,mmd_rbf,0.040206361562013626,128
lot_paper_mix,candidate,uncensored_refusal_like,base,10,projected_js,0.0904904180788435,128
lot_paper_mix,candidate,uncensored_refusal_like,base,11,mmd_rbf,0.041508715599775314,128
lot_paper_mix,candidate,uncensored_refusal_like,base,11,projected_js,0.09386230882955715,128
lot_paper_mix,candidate,uncensored_refusal_like,base,12,mmd_rbf,0.04415668174624443,128
lot_paper_mix,candidate,uncensored_refusal_like,base,12,projected_js,0.0974472570233047,128
lot_paper_mix,candidate,uncensored_refusal_like,base,13,mmd_rbf,0.04660962149500847,128
lot_paper_mix,candidate,uncensored_refusal_like,base,13,projected_js,0.10285085334908217,128
lot_paper_mix,candidate,uncensored_refusal_like,base,14,mmd_rbf,0.047353051602840424,128
lot_paper_mix,candidate,uncensored_refusal_like,base,14,projected_js,0.09326374693773687,128
lot_paper_mix,candidate,uncensored_refusal_like,base,15,mmd_rbf,0.04726262018084526,128
lot_paper_mix,candidate,uncensored_refusal_like,base,15,projected_js,0.08887694508302957,128
lot_paper_mix,candidate,uncensored_refusal_like,base,16,mmd_rbf,0.047844965010881424,128
lot_paper_mix,candidate,uncensored_refusal_like,base,16,projected_js,0.08764762425562367,128
lot_paper_mix,candidate,uncensored_refusal_like,base,17,mmd_rbf,0.0479457750916481,128
lot_paper_mix,candidate,uncensored_refusal_like,base,17,projected_js,0.09474948648130521,128
lot_paper_mix,candidate,uncensored_refusal_like,base,18,mmd_rbf,0.04917086288332939,128
lot_paper_mix,candidate,uncensored_refusal_like,base,18,projected_js,0.0949793714680709,128
lot_paper_mix,candidate,uncensored_refusal_like,base,19,mmd_rbf,0.05049799755215645,128
lot_paper_mix,candidate,uncensored_refusal_like,base,19,projected_js,0.09161879599560052,128
lot_paper_mix,candidate,uncensored_refusal_like,base,20,mmd_rbf,0.056529320776462555,128
lot_paper_mix,candidate,uncensored_refusal_like,base,20,projected_js,0.09548676043050364,128
lot_paper_mix,candidate,uncensored_refusal_like,base,21,mmd_rbf,0.061045266687870026,128
lot_paper_mix,candidate,uncensored_refusal_like,base,21,projected_js,0.09726381680229679,128
lot_paper_mix,candidate,uncensored_refusal_like,base,22,mmd_rbf,0.06364168226718903,128
lot_paper_mix,candidate,uncensored_refusal_like,base,22,projected_js,0.10557353135664016,128
lot_paper_mix,candidate,uncensored_refusal_like,base,23,mmd_rbf,0.062311261892318726,128
lot_paper_mix,candidate,uncensored_refusal_like,base,23,projected_js,0.10402337019331753,128
lot_paper_mix,candidate,uncensored_refusal_like,base,24,mmd_rbf,0.060062456876039505,128
lot_paper_mix,candidate,uncensored_refusal_like,base,24,projected_js,0.11009640689007938,128
lot_paper_mix,candidate,uncensored_refusal_like,base,25,mmd_rbf,0.05732671171426773,128
lot_paper_mix,candidate,uncensored_refusal_like,base,25,projected_js,0.09912723157322034,128
lot_paper_mix,candidate,uncensored_refusal_like,base,26,mmd_rbf,0.05652768537402153,128
lot_paper_mix,candidate,uncensored_refusal_like,base,26,projected_js,0.10649315157206729,128
lot_paper_mix,candidate,uncensored_refusal_like,base,27,mmd_rbf,0.05715698003768921,128
lot_paper_mix,candidate,uncensored_refusal_like,base,27,projected_js,0.10785238875541836,128
lot_paper_mix,candidate,uncensored_refusal_like,base,28,mmd_rbf,0.05636245012283325,128
lot_paper_mix,candidate,uncensored_refusal_like,base,28,projected_js,0.10606787475990131,128
lot_paper_mix,candidate,uncensored_refusal_like,base,29,mmd_rbf,0.05293719843029976,128
lot_paper_mix,candidate,uncensored_refusal_like,base,29,projected_js,0.10069713287521154,128
lot_paper_mix,candidate,uncensored_refusal_like,base,30,mmd_rbf,0.05337202548980713,128
lot_paper_mix,candidate,uncensored_refusal_like,base,30,projected_js,0.10564534476725385,128
lot_paper_mix,candidate,uncensored_refusal_like,base,31,mmd_rbf,0.052159857004880905,128
lot_paper_mix,candidate,uncensored_refusal_like,base,31,projected_js,0.10165884857997298,128
lot_paper_mix,candidate,uncensored_refusal_like,base,32,mmd_rbf,0.05205448344349861,128
lot_paper_mix,candidate,uncensored_refusal_like,base,32,projected_js,0.09933548152912408,128
lot_paper_mix,candidate,uncensored_refusal_like,base,33,mmd_rbf,0.04969612881541252,128
lot_paper_mix,candidate,uncensored_refusal_like,base,33,projected_js,0.10185011936118826,128
lot_paper_mix,candidate,uncensored_refusal_like,base,34,mmd_rbf,0.06577342003583908,128
lot_paper_mix,candidate,uncensored_refusal_like,base,34,projected_js,0.11875964648788795,128
lot_paper_mix,candidate,uncensored_refusal_like,base,35,mmd_rbf,0.16985361278057098,128
lot_paper_mix,candidate,uncensored_refusal_like,base,35,projected_js,0.20242757187224925,128
lot_paper_mix,candidate,uncensored_refusal_like,instr_only,0,mmd_rbf,0.005787646863609552,128
lot_paper_mix,candidate,uncensored_refusal_like,instr_only,0,projected_js,0.04706572495342698,128
lot_paper_mix,candidate,uncensored_refusal_like,instr_only,1,mmd_rbf,0.020966662093997,128
lot_paper_mix,candidate,uncensored_refusal_like,instr_only,1,projected_js,0.06961080944165587,128
lot_paper_mix,candidate,uncensored_refusal_like,instr_only,2,mmd_rbf,0.01895795576274395,128
lot_paper_mix,candidate,uncensored_refusal_like,instr_only,2,projected_js,0.06953964539570734,128
lot_paper_mix,candidate,uncensored_refusal_like,instr_only,3,mmd_rbf,0.019683271646499634,128
lot_paper_mix,candidate,uncensored_refusal_like,instr_only,3,projected_js,0.07510211382759735,128
lot_paper_mix,candidate,uncensored_refusal_like,instr_only,4,mmd_rbf,0.020348602905869484,128
lot_paper_mix,candidate,uncensored_refusal_like,instr_only,4,projected_js,0.07942669990006834,128
lot_paper_mix,candidate,uncensored_refusal_like,instr_only,5,mmd_rbf,0.02042439393699169,128
lot_paper_mix,candidate,uncensored_refusal_like,instr_only,5,projected_js,0.07689459301764145,128
lot_paper_mix,candidate,uncensored_refusal_like,instr_only,6,mmd_rbf,0.016230033710598946,128
lot_paper_mix,candidate,uncensored_refusal_like,instr_only,6,projected_js,0.06693081936100498,128
lot_paper_mix,candidate,uncensored_refusal_like,instr_only,7,mmd_rbf,0.013552243821322918,128
lot_paper_mix,candidate,uncensored_refusal_like,instr_only,7,projected_js,0.07108494706335478,128
lot_paper_mix,candidate,uncensored_refusal_like,instr_only,8,mmd_rbf,0.012228568084537983,128
lot_paper_mix,candidate,uncensored_refusal_like,instr_only,8,projected_js,0.06435748108197004,128
lot_paper_mix,candidate,uncensored_refusal_like,instr_only,9,mmd_rbf,0.013363474979996681,128
lot_paper_mix,candidate,uncensored_refusal_like,instr_only,9,projected_js,0.07142227125586942,128
lot_paper_mix,candidate,uncensored_refusal_like,instr_only,10,mmd_rbf,0.01564212702214718,128
lot_paper_mix,candidate,uncensored_refusal_like,instr_only,10,projected_js,0.07170810931711458,128
lot_paper_mix,candidate,uncensored_refusal_like,instr_only,11,mmd_rbf,0.01496981829404831,128
lot_paper_mix,candidate,uncensored_refusal_like,instr_only,11,projected_js,0.072802345152013,128
lot_paper_mix,candidate,uncensored_refusal_like,instr_only,12,mmd_rbf,0.015457618050277233,128
lot_paper_mix,candidate,uncensored_refusal_like,instr_only,12,projected_js,0.06813589035300538,128
lot_paper_mix,candidate,uncensored_refusal_like,instr_only,13,mmd_rbf,0.015391725115478039,128
lot_paper_mix,candidate,uncensored_refusal_like,instr_only,13,projected_js,0.07292631024029106,128
lot_paper_mix,candidate,uncensored_refusal_like,instr_only,14,mmd_rbf,0.014355162158608437,128
lot_paper_mix,candidate,uncensored_refusal_like,instr_only,14,projected_js,0.07151500537293032,128
lot_paper_mix,candidate,uncensored_refusal_like,instr_only,15,mmd_rbf,0.013102379627525806,128
lot_paper_mix,candidate,uncensored_refusal_like,instr_only,15,projected_js,0.07087741978466511,128
lot_paper_mix,candidate,uncensored_refusal_like,instr_only,16,mmd_rbf,0.01241896953433752,128
lot_paper_mix,candidate,uncensored_refusal_like,instr_only,16,projected_js,0.07115630141925067,128
lot_paper_mix,candidate,uncensored_refusal_like,instr_only,17,mmd_rbf,0.012025882489979267,128
lot_paper_mix,candidate,uncensored_refusal_like,instr_only,17,projected_js,0.06509707088116556,128
lot_paper_mix,candidate,uncensored_refusal_like,instr_only,18,mmd_rbf,0.012642077170312405,128
lot_paper_mix,candidate,uncensored_refusal_like,instr_only,18,projected_js,0.068172758736182,128
lot_paper_mix,candidate,uncensored_refusal_like,instr_only,19,mmd_rbf,0.012287731282413006,128
lot_paper_mix,candidate,uncensored_refusal_like,instr_only,19,projected_js,0.06662822054931894,128
lot_paper_mix,candidate,uncensored_refusal_like,instr_only,20,mmd_rbf,0.012687936425209045,128
lot_paper_mix,candidate,uncensored_refusal_like,instr_only,20,projected_js,0.06366724989493378,128
lot_paper_mix,candidate,uncensored_refusal_like,instr_only,21,mmd_rbf,0.01414076704531908,128
lot_paper_mix,candidate,uncensored_refusal_like,instr_only,21,projected_js,0.06619431503349915,128
lot_paper_mix,candidate,uncensored_refusal_like,instr_only,22,mmd_rbf,0.0143153490498662,128
lot_paper_mix,candidate,uncensored_refusal_like,instr_only,22,projected_js,0.07059383572777733,128
lot_paper_mix,candidate,uncensored_refusal_like,instr_only,23,mmd_rbf,0.013594943098723888,128
lot_paper_mix,candidate,uncensored_refusal_like,instr_only,23,projected_js,0.07071918543078937,128
lot_paper_mix,candidate,uncensored_refusal_like,instr_only,24,mmd_rbf,0.014200915582478046,128
lot_paper_mix,candidate,uncensored_refusal_like,instr_only,24,projected_js,0.06557778251590207,128
lot_paper_mix,candidate,uncensored_refusal_like,instr_only,25,mmd_rbf,0.015404680743813515,128
lot_paper_mix,candidate,uncensored_refusal_like,instr_only,25,projected_js,0.06694870625506155,128
lot_paper_mix,candidate,uncensored_refusal_like,instr_only,26,mmd_rbf,0.016510313376784325,128
lot_paper_mix,candidate,uncensored_refusal_like,instr_only,26,projected_js,0.07178591506090015,128
lot_paper_mix,candidate,uncensored_refusal_like,instr_only,27,mmd_rbf,0.0172476377338171,128
lot_paper_mix,candidate,uncensored_refusal_like,instr_only,27,projected_js,0.06859897600952536,128
lot_paper_mix,candidate,uncensored_refusal_like,instr_only,28,mmd_rbf,0.018206873908638954,128
lot_paper_mix,candidate,uncensored_refusal_like,instr_only,28,projected_js,0.07418627763399854,128
lot_paper_mix,candidate,uncensored_refusal_like,instr_only,29,mmd_rbf,0.018135923892259598,128
lot_paper_mix,candidate,uncensored_refusal_like,instr_only,29,projected_js,0.07594055641675368,128
lot_paper_mix,candidate,uncensored_refusal_like,instr_only,30,mmd_rbf,0.01910661719739437,128
lot_paper_mix,candidate,uncensored_refusal_like,instr_only,30,projected_js,0.07378124643582851,128
lot_paper_mix,candidate,uncensored_refusal_like,instr_only,31,mmd_rbf,0.019299719482660294,128
lot_paper_mix,candidate,uncensored_refusal_like,instr_only,31,projected_js,0.07920761569403112,128
lot_paper_mix,candidate,uncensored_refusal_like,instr_only,32,mmd_rbf,0.019915534183382988,128
lot_paper_mix,candidate,uncensored_refusal_like,instr_only,32,projected_js,0.0768389034201391,128
lot_paper_mix,candidate,uncensored_refusal_like,instr_only,33,mmd_rbf,0.01967012509703636,128
lot_paper_mix,candidate,uncensored_refusal_like,instr_only,33,projected_js,0.07388977165101096,128
lot_paper_mix,candidate,uncensored_refusal_like,instr_only,34,mmd_rbf,0.021378248929977417,128
lot_paper_mix,candidate,uncensored_refusal_like,instr_only,34,projected_js,0.0806054828572087,128
lot_paper_mix,candidate,uncensored_refusal_like,instr_only,35,mmd_rbf,0.05072667822241783,128
lot_paper_mix,candidate,uncensored_refusal_like,instr_only,35,projected_js,0.10499275894835591,128
lot_paper_mix,candidate,uncensored_refusal_like,reasoning_only,0,mmd_rbf,0.01970493234694004,128
lot_paper_mix,candidate,uncensored_refusal_like,reasoning_only,0,projected_js,0.08313959528459236,128
lot_paper_mix,candidate,uncensored_refusal_like,reasoning_only,1,mmd_rbf,0.035388439893722534,128
lot_paper_mix,candidate,uncensored_refusal_like,reasoning_only,1,projected_js,0.0921454809140414,128
lot_paper_mix,candidate,uncensored_refusal_like,reasoning_only,2,mmd_rbf,0.03383772447705269,128
lot_paper_mix,candidate,uncensored_refusal_like,reasoning_only,2,projected_js,0.08605858642840758,128
lot_paper_mix,candidate,uncensored_refusal_like,reasoning_only,3,mmd_rbf,0.03618088737130165,128
lot_paper_mix,candidate,uncensored_refusal_like,reasoning_only,3,projected_js,0.08883442624937743,128
lot_paper_mix,candidate,uncensored_refusal_like,reasoning_only,4,mmd_rbf,0.034857895225286484,128
lot_paper_mix,candidate,uncensored_refusal_like,reasoning_only,4,projected_js,0.09523990174056962,128
lot_paper_mix,candidate,uncensored_refusal_like,reasoning_only,5,mmd_rbf,0.035127490758895874,128
lot_paper_mix,candidate,uncensored_refusal_like,reasoning_only,5,projected_js,0.09937121428083628,128
lot_paper_mix,candidate,uncensored_refusal_like,reasoning_only,6,mmd_rbf,0.026076091453433037,128
lot_paper_mix,candidate,uncensored_refusal_like,reasoning_only,6,projected_js,0.08481727220350876,128
lot_paper_mix,candidate,uncensored_refusal_like,reasoning_only,7,mmd_rbf,0.023631086573004723,128
lot_paper_mix,candidate,uncensored_refusal_like,reasoning_only,7,projected_js,0.0840521362842992,128
lot_paper_mix,candidate,uncensored_refusal_like,reasoning_only,8,mmd_rbf,0.019383717328310013,128
lot_paper_mix,candidate,uncensored_refusal_like,reasoning_only,8,projected_js,0.0803324143635109,128
lot_paper_mix,candidate,uncensored_refusal_like,reasoning_only,9,mmd_rbf,0.01940121315419674,128
lot_paper_mix,candidate,uncensored_refusal_like,reasoning_only,9,projected_js,0.07839671825058758,128
lot_paper_mix,candidate,uncensored_refusal_like,reasoning_only,10,mmd_rbf,0.025134587660431862,128
lot_paper_mix,candidate,uncensored_refusal_like,reasoning_only,10,projected_js,0.0841186284669675,128
lot_paper_mix,candidate,uncensored_refusal_like,reasoning_only,11,mmd_rbf,0.02578146569430828,128
lot_paper_mix,candidate,uncensored_refusal_like,reasoning_only,11,projected_js,0.08130328127299435,128
lot_paper_mix,candidate,uncensored_refusal_like,reasoning_only,12,mmd_rbf,0.027201006188988686,128
lot_paper_mix,candidate,uncensored_refusal_like,reasoning_only,12,projected_js,0.07972854646504857,128
lot_paper_mix,candidate,uncensored_refusal_like,reasoning_only,13,mmd_rbf,0.027613980695605278,128
lot_paper_mix,candidate,uncensored_refusal_like,reasoning_only,13,projected_js,0.08271670766407624,128
lot_paper_mix,candidate,uncensored_refusal_like,reasoning_only,14,mmd_rbf,0.02822551503777504,128
lot_paper_mix,candidate,uncensored_refusal_like,reasoning_only,14,projected_js,0.07842723780777305,128
lot_paper_mix,candidate,uncensored_refusal_like,reasoning_only,15,mmd_rbf,0.028851959854364395,128
lot_paper_mix,candidate,uncensored_refusal_like,reasoning_only,15,projected_js,0.07938781974371523,128
lot_paper_mix,candidate,uncensored_refusal_like,reasoning_only,16,mmd_rbf,0.029375722631812096,128
lot_paper_mix,candidate,uncensored_refusal_like,reasoning_only,16,projected_js,0.08062822045758367,128
lot_paper_mix,candidate,uncensored_refusal_like,reasoning_only,17,mmd_rbf,0.02875238098204136,128
lot_paper_mix,candidate,uncensored_refusal_like,reasoning_only,17,projected_js,0.07386999618029222,128
lot_paper_mix,candidate,uncensored_refusal_like,reasoning_only,18,mmd_rbf,0.03281700611114502,128
lot_paper_mix,candidate,uncensored_refusal_like,reasoning_only,18,projected_js,0.08180050615919754,128
lot_paper_mix,candidate,uncensored_refusal_like,reasoning_only,19,mmd_rbf,0.03160842880606651,128
lot_paper_mix,candidate,uncensored_refusal_like,reasoning_only,19,projected_js,0.08062389766564593,128
lot_paper_mix,candidate,uncensored_refusal_like,reasoning_only,20,mmd_rbf,0.03128005936741829,128
lot_paper_mix,candidate,uncensored_refusal_like,reasoning_only,20,projected_js,0.07714319118531421,128
lot_paper_mix,candidate,uncensored_refusal_like,reasoning_only,21,mmd_rbf,0.032227326184511185,128
lot_paper_mix,candidate,uncensored_refusal_like,reasoning_only,21,projected_js,0.08065974345663562,128
lot_paper_mix,candidate,uncensored_refusal_like,reasoning_only,22,mmd_rbf,0.031327683478593826,128
lot_paper_mix,candidate,uncensored_refusal_like,reasoning_only,22,projected_js,0.08446502906735986,128
lot_paper_mix,candidate,uncensored_refusal_like,reasoning_only,23,mmd_rbf,0.02705845609307289,128
lot_paper_mix,candidate,uncensored_refusal_like,reasoning_only,23,projected_js,0.07868066732771695,128
lot_paper_mix,candidate,uncensored_refusal_like,reasoning_only,24,mmd_rbf,0.03118973970413208,128
lot_paper_mix,candidate,uncensored_refusal_like,reasoning_only,24,projected_js,0.08337413280969486,128
lot_paper_mix,candidate,uncensored_refusal_like,reasoning_only,25,mmd_rbf,0.03026660345494747,128
lot_paper_mix,candidate,uncensored_refusal_like,reasoning_only,25,projected_js,0.07976259518181905,128
lot_paper_mix,candidate,uncensored_refusal_like,reasoning_only,26,mmd_rbf,0.03195543214678764,128
lot_paper_mix,candidate,uncensored_refusal_like,reasoning_only,26,projected_js,0.0834633595077321,128
lot_paper_mix,candidate,uncensored_refusal_like,reasoning_only,27,mmd_rbf,0.03234327957034111,128
lot_paper_mix,candidate,uncensored_refusal_like,reasoning_only,27,projected_js,0.08249596133828163,128
lot_paper_mix,candidate,uncensored_refusal_like,reasoning_only,28,mmd_rbf,0.03366272523999214,128
lot_paper_mix,candidate,uncensored_refusal_like,reasoning_only,28,projected_js,0.08960741572082043,128
lot_paper_mix,candidate,uncensored_refusal_like,reasoning_only,29,mmd_rbf,0.031985994428396225,128
lot_paper_mix,candidate,uncensored_refusal_like,reasoning_only,29,projected_js,0.09046718670288101,128
lot_paper_mix,candidate,uncensored_refusal_like,reasoning_only,30,mmd_rbf,0.03349481523036957,128
lot_paper_mix,candidate,uncensored_refusal_like,reasoning_only,30,projected_js,0.09408797271316871,128
lot_paper_mix,candidate,uncensored_refusal_like,reasoning_only,31,mmd_rbf,0.03333630785346031,128
lot_paper_mix,candidate,uncensored_refusal_like,reasoning_only,31,projected_js,0.09319579688599333,128
lot_paper_mix,candidate,uncensored_refusal_like,reasoning_only,32,mmd_rbf,0.033477336168289185,128
lot_paper_mix,candidate,uncensored_refusal_like,reasoning_only,32,projected_js,0.09379479274502955,128
lot_paper_mix,candidate,uncensored_refusal_like,reasoning_only,33,mmd_rbf,0.03280486539006233,128
lot_paper_mix,candidate,uncensored_refusal_like,reasoning_only,33,projected_js,0.0875793066516053,128
lot_paper_mix,candidate,uncensored_refusal_like,reasoning_only,34,mmd_rbf,0.03804599493741989,128
lot_paper_mix,candidate,uncensored_refusal_like,reasoning_only,34,projected_js,0.08893916429951787,128
lot_paper_mix,candidate,uncensored_refusal_like,reasoning_only,35,mmd_rbf,0.07106056809425354,128
lot_paper_mix,candidate,uncensored_refusal_like,reasoning_only,35,projected_js,0.12267879612045363,128
lot_paper_mix,candidate,uncensored_refusal_like,uncensored_only,0,mmd_rbf,0.013398396782577038,128
lot_paper_mix,candidate,uncensored_refusal_like,uncensored_only,0,projected_js,0.06255442563269753,128
lot_paper_mix,candidate,uncensored_refusal_like,uncensored_only,1,mmd_rbf,0.1982676088809967,128
lot_paper_mix,candidate,uncensored_refusal_like,uncensored_only,1,projected_js,0.22964200456044637,128
lot_paper_mix,candidate,uncensored_refusal_like,uncensored_only,2,mmd_rbf,0.18922901153564453,128
lot_paper_mix,candidate,uncensored_refusal_like,uncensored_only,2,projected_js,0.1996593539370224,128
lot_paper_mix,candidate,uncensored_refusal_like,uncensored_only,3,mmd_rbf,0.1533542424440384,128
lot_paper_mix,candidate,uncensored_refusal_like,uncensored_only,3,projected_js,0.159698267118074,128
lot_paper_mix,candidate,uncensored_refusal_like,uncensored_only,4,mmd_rbf,0.12655214965343475,128
lot_paper_mix,candidate,uncensored_refusal_like,uncensored_only,4,projected_js,0.16251061932416633,128
lot_paper_mix,candidate,uncensored_refusal_like,uncensored_only,5,mmd_rbf,0.10223517566919327,128
lot_paper_mix,candidate,uncensored_refusal_like,uncensored_only,5,projected_js,0.16074393090093508,128
lot_paper_mix,candidate,uncensored_refusal_like,uncensored_only,6,mmd_rbf,0.06359463185071945,128
lot_paper_mix,candidate,uncensored_refusal_like,uncensored_only,6,projected_js,0.11867059534415603,128
lot_paper_mix,candidate,uncensored_refusal_like,uncensored_only,7,mmd_rbf,0.048313405364751816,128
lot_paper_mix,candidate,uncensored_refusal_like,uncensored_only,7,projected_js,0.10301913309376687,128
lot_paper_mix,candidate,uncensored_refusal_like,uncensored_only,8,mmd_rbf,0.03660901263356209,128
lot_paper_mix,candidate,uncensored_refusal_like,uncensored_only,8,projected_js,0.0875503437127918,128
lot_paper_mix,candidate,uncensored_refusal_like,uncensored_only,9,mmd_rbf,0.032915014773607254,128
lot_paper_mix,candidate,uncensored_refusal_like,uncensored_only,9,projected_js,0.07992633804678917,128
lot_paper_mix,candidate,uncensored_refusal_like,uncensored_only,10,mmd_rbf,0.032656390219926834,128
lot_paper_mix,candidate,uncensored_refusal_like,uncensored_only,10,projected_js,0.08251984836533666,128
lot_paper_mix,candidate,uncensored_refusal_like,uncensored_only,11,mmd_rbf,0.025884011760354042,128
lot_paper_mix,candidate,uncensored_refusal_like,uncensored_only,11,projected_js,0.07339351845439523,128
lot_paper_mix,candidate,uncensored_refusal_like,uncensored_only,12,mmd_rbf,0.028569651767611504,128
lot_paper_mix,candidate,uncensored_refusal_like,uncensored_only,12,projected_js,0.07928740867646411,128
lot_paper_mix,candidate,uncensored_refusal_like,uncensored_only,13,mmd_rbf,0.031501010060310364,128
lot_paper_mix,candidate,uncensored_refusal_like,uncensored_only,13,projected_js,0.08312614593887702,128
lot_paper_mix,candidate,uncensored_refusal_like,uncensored_only,14,mmd_rbf,0.03105784021317959,128
lot_paper_mix,candidate,uncensored_refusal_like,uncensored_only,14,projected_js,0.08357477054232731,128
lot_paper_mix,candidate,uncensored_refusal_like,uncensored_only,15,mmd_rbf,0.037105053663253784,128
lot_paper_mix,candidate,uncensored_refusal_like,uncensored_only,15,projected_js,0.08790835470426828,128
lot_paper_mix,candidate,uncensored_refusal_like,uncensored_only,16,mmd_rbf,0.03837635740637779,128
lot_paper_mix,candidate,uncensored_refusal_like,uncensored_only,16,projected_js,0.08188465458806604,128
lot_paper_mix,candidate,uncensored_refusal_like,uncensored_only,17,mmd_rbf,0.03938606008887291,128
lot_paper_mix,candidate,uncensored_refusal_like,uncensored_only,17,projected_js,0.0878084625583142,128
lot_paper_mix,candidate,uncensored_refusal_like,uncensored_only,18,mmd_rbf,0.04217939451336861,128
lot_paper_mix,candidate,uncensored_refusal_like,uncensored_only,18,projected_js,0.09120487846666947,128
lot_paper_mix,candidate,uncensored_refusal_like,uncensored_only,19,mmd_rbf,0.04081311821937561,128
lot_paper_mix,candidate,uncensored_refusal_like,uncensored_only,19,projected_js,0.0922863021842204,128
lot_paper_mix,candidate,uncensored_refusal_like,uncensored_only,20,mmd_rbf,0.043757107108831406,128
lot_paper_mix,candidate,uncensored_refusal_like,uncensored_only,20,projected_js,0.0900423179846257,128
lot_paper_mix,candidate,uncensored_refusal_like,uncensored_only,21,mmd_rbf,0.04822868853807449,128
lot_paper_mix,candidate,uncensored_refusal_like,uncensored_only,21,projected_js,0.093870920361951,128
lot_paper_mix,candidate,uncensored_refusal_like,uncensored_only,22,mmd_rbf,0.04975786432623863,128
lot_paper_mix,candidate,uncensored_refusal_like,uncensored_only,22,projected_js,0.0988218376878649,128
lot_paper_mix,candidate,uncensored_refusal_like,uncensored_only,23,mmd_rbf,0.04949481040239334,128
lot_paper_mix,candidate,uncensored_refusal_like,uncensored_only,23,projected_js,0.1038538203574717,128
lot_paper_mix,candidate,uncensored_refusal_like,uncensored_only,24,mmd_rbf,0.05529278516769409,128
lot_paper_mix,candidate,uncensored_refusal_like,uncensored_only,24,projected_js,0.10536126571241766,128
lot_paper_mix,candidate,uncensored_refusal_like,uncensored_only,25,mmd_rbf,0.060195017606019974,128
lot_paper_mix,candidate,uncensored_refusal_like,uncensored_only,25,projected_js,0.10545166005613282,128
lot_paper_mix,candidate,uncensored_refusal_like,uncensored_only,26,mmd_rbf,0.06262268871068954,128
lot_paper_mix,candidate,uncensored_refusal_like,uncensored_only,26,projected_js,0.10256715572904795,128
lot_paper_mix,candidate,uncensored_refusal_like,uncensored_only,27,mmd_rbf,0.06534524261951447,128
lot_paper_mix,candidate,uncensored_refusal_like,uncensored_only,27,projected_js,0.11045615939656273,128
lot_paper_mix,candidate,uncensored_refusal_like,uncensored_only,28,mmd_rbf,0.0635397806763649,128
lot_paper_mix,candidate,uncensored_refusal_like,uncensored_only,28,projected_js,0.11386943131219596,128
lot_paper_mix,candidate,uncensored_refusal_like,uncensored_only,29,mmd_rbf,0.06022157892584801,128
lot_paper_mix,candidate,uncensored_refusal_like,uncensored_only,29,projected_js,0.10849321488058195,128
lot_paper_mix,candidate,uncensored_refusal_like,uncensored_only,30,mmd_rbf,0.06375093013048172,128
lot_paper_mix,candidate,uncensored_refusal_like,uncensored_only,30,projected_js,0.10862988332519308,128
lot_paper_mix,candidate,uncensored_refusal_like,uncensored_only,31,mmd_rbf,0.06204640865325928,128
lot_paper_mix,candidate,uncensored_refusal_like,uncensored_only,31,projected_js,0.10757645167177543,128
lot_paper_mix,candidate,uncensored_refusal_like,uncensored_only,32,mmd_rbf,0.06094541773200035,128
lot_paper_mix,candidate,uncensored_refusal_like,uncensored_only,32,projected_js,0.10451932542491704,128
lot_paper_mix,candidate,uncensored_refusal_like,uncensored_only,33,mmd_rbf,0.059314925223588943,128
lot_paper_mix,candidate,uncensored_refusal_like,uncensored_only,33,projected_js,0.1006613319623284,128
lot_paper_mix,candidate,uncensored_refusal_like,uncensored_only,34,mmd_rbf,0.061801727861166,128
lot_paper_mix,candidate,uncensored_refusal_like,uncensored_only,34,projected_js,0.1076051898417063,128
lot_paper_mix,candidate,uncensored_refusal_like,uncensored_only,35,mmd_rbf,0.07926440238952637,128
lot_paper_mix,candidate,uncensored_refusal_like,uncensored_only,35,projected_js,0.10985097891534679,128
