model_id,model_kind,calib_subset,target_id,layer,metric,value,n_prompts
lot_paper_reasoning,candidate,general,base,0,mmd_rbf,0.007592970039695501,128
lot_paper_reasoning,candidate,general,base,0,projected_js,0.04851181979756802,128
lot_paper_reasoning,candidate,general,base,1,mmd_rbf,0.014320609159767628,128
lot_paper_reasoning,candidate,general,base,1,projected_js,0.05844304308993742,128
lot_paper_reasoning,candidate,general,base,2,mmd_rbf,0.013748004101216793,128
lot_paper_reasoning,candidate,general,base,2,projected_js,0.0613317888637539,128
lot_paper_reasoning,candidate,general,base,3,mmd_rbf,0.015952464193105698,128
lot_paper_reasoning,candidate,general,base,3,projected_js,0.06498085480416194,128
lot_paper_reasoning,candidate,general,base,4,mmd_rbf,0.014866075478494167,128
lot_paper_reasoning,candidate,general,base,4,projected_js,0.06487371993716806,128
lot_paper_reasoning,candidate,general,base,5,mmd_rbf,0.013899758458137512,128
lot_paper_reasoning,candidate,general,base,5,projected_js,0.06350558751728386,128
lot_paper_reasoning,candidate,general,base,6,mmd_rbf,0.010391848161816597,128
lot_paper_reasoning,candidate,general,base,6,projected_js,0.05965068319346756,128
lot_paper_reasoning,candidate,general,base,7,mmd_rbf,0.010806749574840069,128
lot_paper_reasoning,candidate,general,base,7,projected_js,0.06222863990115002,128
lot_paper_reasoning,candidate,general,base,8,mmd_rbf,0.010148036293685436,128
lot_paper_reasoning,candidate,general,base,8,projected_js,0.06257521081715822,128
lot_paper_reasoning,candidate,general,base,9,mmd_rbf,0.011412197723984718,128
lot_paper_reasoning,candidate,general,base,9,projected_js,0.06390203430783004,128
lot_paper_reasoning,candidate,general,base,10,mmd_rbf,0.013608437962830067,128
lot_paper_reasoning,candidate,general,base,10,projected_js,0.06609235174255446,128
lot_paper_reasoning,candidate,general,base,11,mmd_rbf,0.012688365764915943,128
lot_paper_reasoning,candidate,general,base,11,projected_js,0.06370520766358823,128
lot_paper_reasoning,candidate,general,base,12,mmd_rbf,0.012040927074849606,128
lot_paper_reasoning,candidate,general,base,12,projected_js,0.06841447326587513,128
lot_paper_reasoning,candidate,general,base,13,mmd_rbf,0.01278760191053152,128
lot_paper_reasoning,candidate,general,base,13,projected_js,0.06687552639050409,128
lot_paper_reasoning,candidate,general,base,14,mmd_rbf,0.012433350086212158,128
lot_paper_reasoning,candidate,general,base,14,projected_js,0.06485756282927468,128
lot_paper_reasoning,candidate,general,base,15,mmd_rbf,0.012284019961953163,128
lot_paper_reasoning,candidate,general,base,15,projected_js,0.06488763826200739,128
lot_paper_reasoning,candidate,general,base,16,mmd_rbf,0.013846549205482006,128
lot_paper_reasoning,candidate,general,base,16,projected_js,0.06740464287577197,128
lot_paper_reasoning,candidate,general,base,17,mmd_rbf,0.013675184920430183,128
lot_paper_reasoning,candidate,general,base,17,projected_js,0.06614745350088924,128
lot_paper_reasoning,candidate,general,base,18,mmd_rbf,0.0141002107411623,128
lot_paper_reasoning,candidate,general,base,18,projected_js,0.0723233581520617,128
lot_paper_reasoning,candidate,general,base,19,mmd_rbf,0.014283490367233753,128
lot_paper_reasoning,candidate,general,base,19,projected_js,0.07284396060276777,128
lot_paper_reasoning,candidate,general,base,20,mmd_rbf,0.013913477770984173,128
lot_paper_reasoning,candidate,general,base,20,projected_js,0.06560850469395518,128
lot_paper_reasoning,candidate,general,base,21,mmd_rbf,0.014209366403520107,128
lot_paper_reasoning,candidate,general,base,21,projected_js,0.06877358158817515,128
lot_paper_reasoning,candidate,general,base,22,mmd_rbf,0.014088955707848072,128
lot_paper_reasoning,candidate,general,base,22,projected_js,0.06909882195759565,128
lot_paper_reasoning,candidate,general,base,23,mmd_rbf,0.013221576809883118,128
lot_paper_reasoning,candidate,general,base,23,projected_js,0.06546270073158666,128
lot_paper_reasoning,candidate,general,base,24,mmd_rbf,0.012465791776776314,128
lot_paper_reasoning,candidate,general,base,24,projected_js,0.06875572475837544,128
lot_paper_reasoning,candidate,general,base,25,mmd_rbf,0.011934603564441204,128
lot_paper_reasoning,candidate,general,base,25,projected_js,0.06599441976868547,128
lot_paper_reasoning,candidate,general,base,26,mmd_rbf,0.012021933682262897,128
lot_paper_reasoning,candidate,general,base,26,projected_js,0.0636209828662686,128
lot_paper_reasoning,candidate,general,base,27,mmd_rbf,0.012076059356331825,128
lot_paper_reasoning,candidate,general,base,27,projected_js,0.06481128835002892,128
lot_paper_reasoning,candidate,general,base,28,mmd_rbf,0.012061174027621746,128
lot_paper_reasoning,candidate,general,base,28,projected_js,0.06492214172612876,128
lot_paper_reasoning,candidate,general,base,29,mmd_rbf,0.012038014829158783,128
lot_paper_reasoning,candidate,general,base,29,projected_js,0.06681651482358575,128
lot_paper_reasoning,candidate,general,base,30,mmd_rbf,0.01251157559454441,128
lot_paper_reasoning,candidate,general,base,30,projected_js,0.0668148438562639,128
lot_paper_reasoning,candidate,general,base,31,mmd_rbf,0.012658891268074512,128
lot_paper_reasoning,candidate,general,base,31,projected_js,0.06478729104856029,128
lot_paper_reasoning,candidate,general,base,32,mmd_rbf,0.014203662052750587,128
lot_paper_reasoning,candidate,general,base,32,projected_js,0.0666667114419397,128
lot_paper_reasoning,candidate,general,base,33,mmd_rbf,0.015743060037493706,128
lot_paper_reasoning,candidate,general,base,33,projected_js,0.06931700895074755,128
lot_paper_reasoning,candidate,general,base,34,mmd_rbf,0.02502492070198059,128
lot_paper_reasoning,candidate,general,base,34,projected_js,0.07880069239763543,128
lot_paper_reasoning,candidate,general,base,35,mmd_rbf,0.08695933222770691,128
lot_paper_reasoning,candidate,general,base,35,projected_js,0.12296890647849068,128
lot_paper_reasoning,candidate,general,instr_only,0,mmd_rbf,0.0030047595500946045,128
lot_paper_reasoning,candidate,general,instr_only,0,projected_js,0.030562476240447722,128
lot_paper_reasoning,candidate,general,instr_only,1,mmd_rbf,0.007163998670876026,128
lot_paper_reasoning,candidate,general,instr_only,1,projected_js,0.041696820699144155,128
lot_paper_reasoning,candidate,general,instr_only,2,mmd_rbf,0.006800562143325806,128
lot_paper_reasoning,candidate,general,instr_only,2,projected_js,0.047788647294510156,128
lot_paper_reasoning,candidate,general,instr_only,3,mmd_rbf,0.007589222397655249,128
lot_paper_reasoning,candidate,general,instr_only,3,projected_js,0.05194131634198129,128
lot_paper_reasoning,candidate,general,instr_only,4,mmd_rbf,0.008062642998993397,128
lot_paper_reasoning,candidate,general,instr_only,4,projected_js,0.05324877586099319,128
lot_paper_reasoning,candidate,general,instr_only,5,mmd_rbf,0.007510669529438019,128
lot_paper_reasoning,candidate,general,instr_only,5,projected_js,0.05184033056139015,128
lot_paper_reasoning,candidate,general,instr_only,6,mmd_rbf,0.005230164621025324,128
lot_paper_reasoning,candidate,general,instr_only,6,projected_js,0.04929911553335842,128
lot_paper_reasoning,candidate,general,instr_only,7,mmd_rbf,0.006010050419718027,128
lot_paper_reasoning,candidate,general,instr_only,7,projected_js,0.05588424560846761,128
lot_paper_reasoning,candidate,general,instr_only,8,mmd_rbf,0.006542607676237822,128
lot_paper_reasoning,candidate,general,instr_only,8,projected_js,0.0575613837572746,128
lot_paper_reasoning,candidate,general,instr_only,9,mmd_rbf,0.007411311846226454,128
lot_paper_reasoning,candidate,general,instr_only,9,projected_js,0.05954597864183597,128
lot_paper_reasoning,candidate,general,instr_only,10,mmd_rbf,0.009587641805410385,128
lot_paper_reasoning,candidate,general,instr_only,10,projected_js,0.0642547756433487,128
lot_paper_reasoning,candidate,general,instr_only,11,mmd_rbf,0.009898862801492214,128
lot_paper_reasoning,candidate,general,instr_only,11,projected_js,0.06309526236145757,128
lot_paper_reasoning,candidate,general,instr_only,12,mmd_rbf,0.009276585653424263,128
lot_paper_reasoning,candidate,general,instr_only,12,projected_js,0.06231458141701296,128
lot_paper_reasoning,candidate,general,instr_only,13,mmd_rbf,0.009440953843295574,128
lot_paper_reasoning,candidate,general,instr_only,13,projected_js,0.06727666305960156,128
lot_paper_reasoning,candidate,general,instr_only,14,mmd_rbf,0.008668988011777401,128
lot_paper_reasoning,candidate,general,instr_only,14,projected_js,0.064768586831633,128
lot_paper_reasoning,candidate,general,instr_only,15,mmd_rbf,0.00842259917408228,128
lot_paper_reasoning,candidate,general,instr_only,15,projected_js,0.06142250675475225,128
lot_paper_reasoning,candidate,general,instr_only,16,mmd_rbf,0.008796374313533306,128
lot_paper_reasoning,candidate,general,instr_only,16,projected_js,0.062273359508253634,128
lot_paper_reasoning,candidate,general,instr_only,17,mmd_rbf,0.008140143007040024,128
lot_paper_reasoning,candidate,general,instr_only,17,projected_js,0.0652289426070638,128
lot_paper_reasoning,candidate,general,instr_only,18,mmd_rbf,0.008028298616409302,128
lot_paper_reasoning,candidate,general,instr_only,18,projected_js,0.06410337184206583,128
lot_paper_reasoning,candidate,general,instr_only,19,mmd_rbf,0.007870462723076344,128
lot_paper_reasoning,candidate,general,instr_only,19,projected_js,0.06634575460338965,128
lot_paper_reasoning,candidate,general,instr_only,20,mmd_rbf,0.007592355366796255,128
lot_paper_reasoning,candidate,general,instr_only,20,projected_js,0.062037656316533685,128
lot_paper_reasoning,candidate,general,instr_only,21,mmd_rbf,0.007724955677986145,128
lot_paper_reasoning,candidate,general,instr_only,21,projected_js,0.06466589274350554,128
lot_paper_reasoning,candidate,general,instr_only,22,mmd_rbf,0.007111170329153538,128
lot_paper_reasoning,candidate,general,instr_only,22,projected_js,0.06201501580653712,128
lot_paper_reasoning,candidate,general,instr_only,23,mmd_rbf,0.006306861527264118,128
lot_paper_reasoning,candidate,general,instr_only,23,projected_js,0.05998483573785052,128
lot_paper_reasoning,candidate,general,instr_only,24,mmd_rbf,0.006298478227108717,128
lot_paper_reasoning,candidate,general,instr_only,24,projected_js,0.058033529785461724,128
lot_paper_reasoning,candidate,general,instr_only,25,mmd_rbf,0.00643953075632453,128
lot_paper_reasoning,candidate,general,instr_only,25,projected_js,0.05802470014896244,128
lot_paper_reasoning,candidate,general,instr_only,26,mmd_rbf,0.006985221989452839,128
lot_paper_reasoning,candidate,general,instr_only,26,projected_js,0.06013283255742863,128
lot_paper_reasoning,candidate,general,instr_only,27,mmd_rbf,0.007401301059871912,128
lot_paper_reasoning,candidate,general,instr_only,27,projected_js,0.05692192754941061,128
lot_paper_reasoning,candidate,general,instr_only,28,mmd_rbf,0.007424903102219105,128
lot_paper_reasoning,candidate,general,instr_only,28,projected_js,0.058738689753226936,128
lot_paper_reasoning,candidate,general,instr_only,29,mmd_rbf,0.007974138483405113,128
lot_paper_reasoning,candidate,general,instr_only,29,projected_js,0.05826303333742544,128
lot_paper_reasoning,candidate,general,instr_only,30,mmd_rbf,0.008448096923530102,128
lot_paper_reasoning,candidate,general,instr_only,30,projected_js,0.060370443505235016,128
lot_paper_reasoning,candidate,general,instr_only,31,mmd_rbf,0.009005269967019558,128
lot_paper_reasoning,candidate,general,instr_only,31,projected_js,0.05862798492307775,128
lot_paper_reasoning,candidate,general,instr_only,32,mmd_rbf,0.010170531459152699,128
lot_paper_reasoning,candidate,general,instr_only,32,projected_js,0.06213264702819288,128
lot_paper_reasoning,candidate,general,instr_only,33,mmd_rbf,0.011889605782926083,128
lot_paper_reasoning,candidate,general,instr_only,33,projected_js,0.06283981044543907,128
lot_paper_reasoning,candidate,general,instr_only,34,mmd_rbf,0.01365597266703844,128
lot_paper_reasoning,candidate,general,instr_only,34,projected_js,0.0640532947727479,128
lot_paper_reasoning,candidate,general,instr_only,35,mmd_rbf,0.03325965628027916,128
lot_paper_reasoning,candidate,general,instr_only,35,projected_js,0.07649374846369028,128
lot_paper_reasoning,candidate,general,reasoning_only,0,mmd_rbf,0.013505595736205578,128
lot_paper_reasoning,candidate,general,reasoning_only,0,projected_js,0.05976337019819766,128
lot_paper_reasoning,candidate,general,reasoning_only,1,mmd_rbf,0.016523106023669243,128
lot_paper_reasoning,candidate,general,reasoning_only,1,projected_js,0.06505184527486563,128
lot_paper_reasoning,candidate,general,reasoning_only,2,mmd_rbf,0.016200711950659752,128
lot_paper_reasoning,candidate,general,reasoning_only,2,projected_js,0.05939738324377686,128
lot_paper_reasoning,candidate,general,reasoning_only,3,mmd_rbf,0.017405813559889793,128
lot_paper_reasoning,candidate,general,reasoning_only,3,projected_js,0.06545636587543413,128
lot_paper_reasoning,candidate,general,reasoning_only,4,mmd_rbf,0.017053043469786644,128
lot_paper_reasoning,candidate,general,reasoning_only,4,projected_js,0.06495355212246068,128
lot_paper_reasoning,candidate,general,reasoning_only,5,mmd_rbf,0.016085484996438026,128
lot_paper_reasoning,candidate,general,reasoning_only,5,projected_js,0.06604422116652131,128
lot_paper_reasoning,candidate,general,reasoning_only,6,mmd_rbf,0.011395235545933247,128
lot_paper_reasoning,candidate,general,reasoning_only,6,projected_js,0.06112324580317363,128
lot_paper_reasoning,candidate,general,reasoning_only,7,mmd_rbf,0.011586918495595455,128
lot_paper_reasoning,candidate,general,reasoning_only,7,projected_js,0.06526407919591293,128
lot_paper_reasoning,candidate,general,reasoning_only,8,mmd_rbf,0.010123052634298801,128
lot_paper_reasoning,candidate,general,reasoning_only,8,projected_js,0.0643399974796921,128
lot_paper_reasoning,candidate,general,reasoning_only,9,mmd_rbf,0.011163391172885895,128
lot_paper_reasoning,candidate,general,reasoning_only,9,projected_js,0.064467709249584,128
lot_paper_reasoning,candidate,general,reasoning_only,10,mmd_rbf,0.013839200139045715,128
lot_paper_reasoning,candidate,general,reasoning_only,10,projected_js,0.06247626189724542,128
lot_paper_reasoning,candidate,general,reasoning_only,11,mmd_rbf,0.01434969063848257,128
lot_paper_reasoning,candidate,general,reasoning_only,11,projected_js,0.06449670789879747,128
lot_paper_reasoning,candidate,general,reasoning_only,12,mmd_rbf,0.014470976777374744,128
lot_paper_reasoning,candidate,general,reasoning_only,12,projected_js,0.06807271379511803,128
lot_paper_reasoning,candidate,general,reasoning_only,13,mmd_rbf,0.01504336204379797,128
lot_paper_reasoning,candidate,general,reasoning_only,13,projected_js,0.07064078471739776,128
lot_paper_reasoning,candidate,general,reasoning_only,14,mmd_rbf,0.015223956666886806,128
lot_paper_reasoning,candidate,general,reasoning_only,14,projected_js,0.06901353358989581,128
lot_paper_reasoning,candidate,general,reasoning_only,15,mmd_rbf,0.015458682551980019,128
lot_paper_reasoning,candidate,general,reasoning_only,15,projected_js,0.06983928038971499,128
lot_paper_reasoning,candidate,general,reasoning_only,16,mmd_rbf,0.015282556414604187,128
lot_paper_reasoning,candidate,general,reasoning_only,16,projected_js,0.06653476343490183,128
lot_paper_reasoning,candidate,general,reasoning_only,17,mmd_rbf,0.015489484183490276,128
lot_paper_reasoning,candidate,general,reasoning_only,17,projected_js,0.06701096711913124,128
lot_paper_reasoning,candidate,general,reasoning_only,18,mmd_rbf,0.01724005490541458,128
lot_paper_reasoning,candidate,general,reasoning_only,18,projected_js,0.06782388559076935,128
lot_paper_reasoning,candidate,general,reasoning_only,19,mmd_rbf,0.01573786325752735,128
lot_paper_reasoning,candidate,general,reasoning_only,19,projected_js,0.06788170113577507,128
lot_paper_reasoning,candidate,general,reasoning_only,20,mmd_rbf,0.015910455957055092,128
lot_paper_reasoning,candidate,general,reasoning_only,20,projected_js,0.06706279335776344,128
lot_paper_reasoning,candidate,general,reasoning_only,21,mmd_rbf,0.016562728211283684,128
lot_paper_reasoning,candidate,general,reasoning_only,21,projected_js,0.06935901450924575,128
lot_paper_reasoning,candidate,general,reasoning_only,22,mmd_rbf,0.014910751953721046,128
lot_paper_reasoning,candidate,general,reasoning_only,22,projected_js,0.06923263100907207,128
lot_paper_reasoning,candidate,general,reasoning_only,23,mmd_rbf,0.012717499397695065,128
lot_paper_reasoning,candidate,general,reasoning_only,23,projected_js,0.06345641100779176,128
lot_paper_reasoning,candidate,general,reasoning_only,24,mmd_rbf,0.013359027914702892,128
lot_paper_reasoning,candidate,general,reasoning_only,24,projected_js,0.06704204983543605,128
lot_paper_reasoning,candidate,general,reasoning_only,25,mmd_rbf,0.012862714938819408,128
lot_paper_reasoning,candidate,general,reasoning_only,25,projected_js,0.06938896462088451,128
lot_paper_reasoning,candidate,general,reasoning_only,26,mmd_rbf,0.01337482500821352,128
lot_paper_reasoning,candidate,general,reasoning_only,26,projected_js,0.06513522932073101,128
lot_paper_reasoning,candidate,general,reasoning_only,27,mmd_rbf,0.013696715235710144,128
lot_paper_reasoning,candidate,general,reasoning_only,27,projected_js,0.064408996142447,128
lot_paper_reasoning,candidate,general,reasoning_only,28,mmd_rbf,0.01416089292615652,128
lot_paper_reasoning,candidate,general,reasoning_only,28,projected_js,0.06431162334047258,128
lot_paper_reasoning,candidate,general,reasoning_only,29,mmd_rbf,0.014250076375901699,128
lot_paper_reasoning,candidate,general,reasoning_only,29,projected_js,0.06719389074714854,128
lot_paper_reasoning,candidate,general,reasoning_only,30,mmd_rbf,0.01516688335686922,128
lot_paper_reasoning,candidate,general,reasoning_only,30,projected_js,0.06697778217494488,128
lot_paper_reasoning,candidate,general,reasoning_only,31,mmd_rbf,0.015402882359921932,128
lot_paper_reasoning,candidate,general,reasoning_only,31,projected_js,0.06729885510867462,128
lot_paper_reasoning,candidate,general,reasoning_only,32,mmd_rbf,0.016528578475117683,128
lot_paper_reasoning,candidate,general,reasoning_only,32,projected_js,0.06816982966847718,128
lot_paper_reasoning,candidate,general,reasoning_only,33,mmd_rbf,0.01697768270969391,128
lot_paper_reasoning,candidate,general,reasoning_only,33,projected_js,0.06705066346330568,128
lot_paper_reasoning,candidate,general,reasoning_only,34,mmd_rbf,0.020149094983935356,128
lot_paper_reasoning,candidate,general,reasoning_only,34,projected_js,0.07242178250453435,128
lot_paper_reasoning,candidate,general,reasoning_only,35,mmd_rbf,0.0464860163629055,128
lot_paper_reasoning,candidate,general,reasoning_only,35,projected_js,0.09075515036238357,128
lot_paper_reasoning,candidate,general,uncensored_only,0,mmd_rbf,0.007449030876159668,128
lot_paper_reasoning,candidate,general,uncensored_only,0,projected_js,0.04317834087123629,128
lot_paper_reasoning,candidate,general,uncensored_only,1,mmd_rbf,0.15361227095127106,128
lot_paper_reasoning,candidate,general,uncensored_only,1,projected_js,0.1694731570314616,128
lot_paper_reasoning,candidate,general,uncensored_only,2,mmd_rbf,0.13668113946914673,128
lot_paper_reasoning,candidate,general,uncensored_only,2,projected_js,0.13403767417185009,128
lot_paper_reasoning,candidate,general,uncensored_only,3,mmd_rbf,0.10374405235052109,128
lot_paper_reasoning,candidate,general,uncensored_only,3,projected_js,0.12167994739138521,128
lot_paper_reasoning,candidate,general,uncensored_only,4,mmd_rbf,0.07544352859258652,128
lot_paper_reasoning,candidate,general,uncensored_only,4,projected_js,0.11140015680575743,128
lot_paper_reasoning,candidate,general,uncensored_only,5,mmd_rbf,0.055260419845581055,128
lot_paper_reasoning,candidate,general,uncensored_only,5,projected_js,0.10728932829806581,128
lot_paper_reasoning,candidate,general,uncensored_only,6,mmd_rbf,0.03167017921805382,128
lot_paper_reasoning,candidate,general,uncensored_only,6,projected_js,0.08355187409324571,128
lot_paper_reasoning,candidate,general,uncensored_only,7,mmd_rbf,0.0254442747682333,128
lot_paper_reasoning,candidate,general,uncensored_only,7,projected_js,0.08010491135064512,128
lot_paper_reasoning,candidate,general,uncensored_only,8,mmd_rbf,0.018383042886853218,128
lot_paper_reasoning,candidate,general,uncensored_only,8,projected_js,0.06957415433134884,128
lot_paper_reasoning,candidate,general,uncensored_only,9,mmd_rbf,0.016013581305742264,128
lot_paper_reasoning,candidate,general,uncensored_only,9,projected_js,0.06830944202374667,128
lot_paper_reasoning,candidate,general,uncensored_only,10,mmd_rbf,0.01576559990644455,128
lot_paper_reasoning,candidate,general,uncensored_only,10,projected_js,0.07081310241483152,128
lot_paper_reasoning,candidate,general,uncensored_only,11,mmd_rbf,0.013170154765248299,128
lot_paper_reasoning,candidate,general,uncensored_only,11,projected_js,0.0684081792132929,128
lot_paper_reasoning,candidate,general,uncensored_only,12,mmd_rbf,0.01379669364541769,128
lot_paper_reasoning,candidate,general,uncensored_only,12,projected_js,0.07102386199403554,128
lot_paper_reasoning,candidate,general,uncensored_only,13,mmd_rbf,0.015039348974823952,128
lot_paper_reasoning,candidate,general,uncensored_only,13,projected_js,0.06987023650435731,128
lot_paper_reasoning,candidate,general,uncensored_only,14,mmd_rbf,0.01403728872537613,128
lot_paper_reasoning,candidate,general,uncensored_only,14,projected_js,0.06754785164957866,128
lot_paper_reasoning,candidate,general,uncensored_only,15,mmd_rbf,0.016735751181840897,128
lot_paper_reasoning,candidate,general,uncensored_only,15,projected_js,0.06820011616218835,128
lot_paper_reasoning,candidate,general,uncensored_only,16,mmd_rbf,0.01804358884692192,128
lot_paper_reasoning,candidate,general,uncensored_only,16,projected_js,0.0714338761754334,128
lot_paper_reasoning,candidate,general,uncensored_only,17,mmd_rbf,0.015512908808887005,128
lot_paper_reasoning,candidate,general,uncensored_only,17,projected_js,0.06827052269363776,128
lot_paper_reasoning,candidate,general,uncensored_only,18,mmd_rbf,0.015342691913247108,128
lot_paper_reasoning,candidate,general,uncensored_only,18,projected_js,0.06884348735911772,128
lot_paper_reasoning,candidate,general,uncensored_only,19,mmd_rbf,0.014700247906148434,128
lot_paper_reasoning,candidate,general,uncensored_only,19,projected_js,0.06747703329892829,128
lot_paper_reasoning,candidate,general,uncensored_only,20,mmd_rbf,0.014436646364629269,128
lot_paper_reasoning,candidate,general,uncensored_only,20,projected_js,0.06598778866464272,128
lot_paper_reasoning,candidate,general,uncensored_only,21,mmd_rbf,0.015371290035545826,128
lot_paper_reasoning,candidate,general,uncensored_only,21,projected_js,0.07194290938787162,128
lot_paper_reasoning,candidate,general,uncensored_only,22,mmd_rbf,0.01508189644664526,128
lot_paper_reasoning,candidate,general,uncensored_only,22,projected_js,0.0685197854618309,128
lot_paper_reasoning,candidate,general,uncensored_only,23,mmd_rbf,0.014000597409904003,128
lot_paper_reasoning,candidate,general,uncensored_only,23,projected_js,0.0667200320167467,128
lot_paper_reasoning,candidate,general,uncensored_only,24,mmd_rbf,0.014773395843803883,128
lot_paper_reasoning,candidate,general,uncensored_only,24,projected_js,0.07111290202010423,128
lot_paper_reasoning,candidate,general,uncensored_only,25,mmd_rbf,0.015562944114208221,128
lot_paper_reasoning,candidate,general,uncensored_only,25,projected_js,0.0703527806326747,128
lot_paper_reasoning,candidate,general,uncensored_only,26,mmd_rbf,0.016401764005422592,128
lot_paper_reasoning,candidate,general,uncensored_only,26,projected_js,0.07096718245884404,128
lot_paper_reasoning,candidate,general,uncensored_only,27,mmd_rbf,0.01700497604906559,128
lot_paper_reasoning,candidate,general,uncensored_only,27,projected_js,0.07143560942495242,128
lot_paper_reasoning,candidate,general,uncensored_only,28,mmd_rbf,0.01577717252075672,128
lot_paper_reasoning,candidate,general,uncensored_only,28,projected_js,0.07284058147342876,128
lot_paper_reasoning,candidate,general,uncensored_only,29,mmd_rbf,0.015423043631017208,128
lot_paper_reasoning,candidate,general,uncensored_only,29,projected_js,0.06699551723431796,128
lot_paper_reasoning,candidate,general,uncensored_only,30,mmd_rbf,0.0156389307230711,128
lot_paper_reasoning,candidate,general,uncensored_only,30,projected_js,0.06563608307624236,128
lot_paper_reasoning,candidate,general,uncensored_only,31,mmd_rbf,0.01536734402179718,128
lot_paper_reasoning,candidate,general,uncensored_only,31,projected_js,0.06699760438641533,128
lot_paper_reasoning,candidate,general,uncensored_only,32,mmd_rbf,0.01617538556456566,128
lot_paper_reasoning,candidate,general,uncensored_only,32,projected_js,0.0673592695966363,128
lot_paper_reasoning,candidate,general,uncensored_only,33,mmd_rbf,0.017281020060181618,128
lot_paper_reasoning,candidate,general,uncensored_only,33,projected_js,0.0693813155812677,128
lot_paper_reasoning,candidate,general,uncensored_only,34,mmd_rbf,0.018255246803164482,128
lot_paper_reasoning,candidate,general,uncensored_only,34,projected_js,0.06875897676218301,128
lot_paper_reasoning,candidate,general,uncensored_only,35,mmd_rbf,0.04587521776556969,128
lot_paper_reasoning,candidate,general,uncensored_only,35,projected_js,0.0918580170837231,128
lot_paper_reasoning,candidate,instruction,base,0,mmd_rbf,0.00479754526168108,128
lot_paper_reasoning,candidate,instruction,base,0,projected_js,0.05154292946099304,128
lot_paper_reasoning,candidate,instruction,base,1,mmd_rbf,0.009480694308876991,128
lot_paper_reasoning,candidate,instruction,base,1,projected_js,0.056024007441010326,128
lot_paper_reasoning,candidate,instruction,base,2,mmd_rbf,0.01091436855494976,128
lot_paper_reasoning,candidate,instruction,base,2,projected_js,0.06095858593471348,128
lot_paper_reasoning,candidate,instruction,base,3,mmd_rbf,0.01391670387238264,128
lot_paper_reasoning,candidate,instruction,base,3,projected_js,0.06605150393443182,128
lot_paper_reasoning,candidate,instruction,base,4,mmd_rbf,0.013619176112115383,128
lot_paper_reasoning,candidate,instruction,base,4,projected_js,0.06883312729769386,128
lot_paper_reasoning,candidate,instruction,base,5,mmd_rbf,0.014419220387935638,128
lot_paper_reasoning,candidate,instruction,base,5,projected_js,0.06462641654070467,128
lot_paper_reasoning,candidate,instruction,base,6,mmd_rbf,0.011976000852882862,128
lot_paper_reasoning,candidate,instruction,base,6,projected_js,0.06601174850948155,128
lot_paper_reasoning,candidate,instruction,base,7,mmd_rbf,0.013035795651376247,128
lot_paper_reasoning,candidate,instruction,base,7,projected_js,0.06906813726527616,128
lot_paper_reasoning,candidate,instruction,base,8,mmd_rbf,0.0132157476618886,128
lot_paper_reasoning,candidate,instruction,base,8,projected_js,0.06944203766761348,128
lot_paper_reasoning,candidate,instruction,base,9,mmd_rbf,0.015204708091914654,128
lot_paper_reasoning,candidate,instruction,base,9,projected_js,0.0733284805319272,128
lot_paper_reasoning,candidate,instruction,base,10,mmd_rbf,0.018668441101908684,128
lot_paper_reasoning,candidate,instruction,base,10,projected_js,0.07259229535702616,128
lot_paper_reasoning,candidate,instruction,base,11,mmd_rbf,0.018152590841054916,128
lot_paper_reasoning,candidate,instruction,base,11,projected_js,0.07386177699663676,128
lot_paper_reasoning,candidate,instruction,base,12,mmd_rbf,0.016401952132582664,128
lot_paper_reasoning,candidate,instruction,base,12,projected_js,0.07672746881144121,128
lot_paper_reasoning,candidate,instruction,base,13,mmd_rbf,0.016568178310990334,128
lot_paper_reasoning,candidate,instruction,base,13,projected_js,0.0745933591388166,128
lot_paper_reasoning,candidate,instruction,base,14,mmd_rbf,0.016430946066975594,128
lot_paper_reasoning,candidate,instruction,base,14,projected_js,0.07342950924066827,128
lot_paper_reasoning,candidate,instruction,base,15,mmd_rbf,0.016681289300322533,128
lot_paper_reasoning,candidate,instruction,base,15,projected_js,0.07540464238263667,128
lot_paper_reasoning,candidate,instruction,base,16,mmd_rbf,0.01731896959245205,128
lot_paper_reasoning,candidate,instruction,base,16,projected_js,0.06978984602028504,128
lot_paper_reasoning,candidate,instruction,base,17,mmd_rbf,0.01700727455317974,128
lot_paper_reasoning,candidate,instruction,base,17,projected_js,0.07523496571229771,128
lot_paper_reasoning,candidate,instruction,base,18,mmd_rbf,0.01762227527797222,128
lot_paper_reasoning,candidate,instruction,base,18,projected_js,0.0747611194383353,128
lot_paper_reasoning,candidate,instruction,base,19,mmd_rbf,0.01897292025387287,128
lot_paper_reasoning,candidate,instruction,base,19,projected_js,0.07614311185898259,128
lot_paper_reasoning,candidate,instruction,base,20,mmd_rbf,0.019188612699508667,128
lot_paper_reasoning,candidate,instruction,base,20,projected_js,0.07408658694475889,128
lot_paper_reasoning,candidate,instruction,base,21,mmd_rbf,0.020699812099337578,128
lot_paper_reasoning,candidate,instruction,base,21,projected_js,0.0757112194551155,128
lot_paper_reasoning,candidate,instruction,base,22,mmd_rbf,0.0208076573908329,128
lot_paper_reasoning,candidate,instruction,base,22,projected_js,0.0769530443358235,128
lot_paper_reasoning,candidate,instruction,base,23,mmd_rbf,0.01976485550403595,128
lot_paper_reasoning,candidate,instruction,base,23,projected_js,0.07475924777099863,128
lot_paper_reasoning,candidate,instruction,base,24,mmd_rbf,0.019355740398168564,128
lot_paper_reasoning,candidate,instruction,base,24,projected_js,0.07775475468952209,128
lot_paper_reasoning,candidate,instruction,base,25,mmd_rbf,0.01838499866425991,128
lot_paper_reasoning,candidate,instruction,base,25,projected_js,0.07400242221774533,128
lot_paper_reasoning,candidate,instruction,base,26,mmd_rbf,0.01839926652610302,128
lot_paper_reasoning,candidate,instruction,base,26,projected_js,0.0752419016789645,128
lot_paper_reasoning,candidate,instruction,base,27,mmd_rbf,0.018011029809713364,128
lot_paper_reasoning,candidate,instruction,base,27,projected_js,0.07276673486921936,128
lot_paper_reasoning,candidate,instruction,base,28,mmd_rbf,0.01767577789723873,128
lot_paper_reasoning,candidate,instruction,base,28,projected_js,0.0742495275917463,128
lot_paper_reasoning,candidate,instruction,base,29,mmd_rbf,0.017450712621212006,128
lot_paper_reasoning,candidate,instruction,base,29,projected_js,0.07342272321693599,128
lot_paper_reasoning,candidate,instruction,base,30,mmd_rbf,0.017983540892601013,128
lot_paper_reasoning,candidate,instruction,base,30,projected_js,0.07456208908115514,128
lot_paper_reasoning,candidate,instruction,base,31,mmd_rbf,0.01826796866953373,128
lot_paper_reasoning,candidate,instruction,base,31,projected_js,0.07406814268324524,128
lot_paper_reasoning,candidate,instruction,base,32,mmd_rbf,0.01958967000246048,128
lot_paper_reasoning,candidate,instruction,base,32,projected_js,0.07580543536460027,128
lot_paper_reasoning,candidate,instruction,base,33,mmd_rbf,0.020701605826616287,128
lot_paper_reasoning,candidate,instruction,base,33,projected_js,0.07591427961597219,128
lot_paper_reasoning,candidate,instruction,base,34,mmd_rbf,0.02944093756377697,128
lot_paper_reasoning,candidate,instruction,base,34,projected_js,0.08607503998791799,128
lot_paper_reasoning,candidate,instruction,base,35,mmd_rbf,0.067891925573349,128
lot_paper_reasoning,candidate,instruction,base,35,projected_js,0.11904744483763352,128
lot_paper_reasoning,candidate,instruction,instr_only,0,mmd_rbf,0.0021805583965033293,128
lot_paper_reasoning,candidate,instruction,instr_only,0,projected_js,0.03633980851736851,128
lot_paper_reasoning,candidate,instruction,instr_only,1,mmd_rbf,0.005529898684471846,128
lot_paper_reasoning,candidate,instruction,instr_only,1,projected_js,0.04834073132951744,128
lot_paper_reasoning,candidate,instruction,instr_only,2,mmd_rbf,0.006207510828971863,128
lot_paper_reasoning,candidate,instruction,instr_only,2,projected_js,0.049133701890241355,128
lot_paper_reasoning,candidate,instruction,instr_only,3,mmd_rbf,0.006796980742365122,128
lot_paper_reasoning,candidate,instruction,instr_only,3,projected_js,0.05050245564780198,128
lot_paper_reasoning,candidate,instruction,instr_only,4,mmd_rbf,0.007721276022493839,128
lot_paper_reasoning,candidate,instruction,instr_only,4,projected_js,0.05410338132060133,128
lot_paper_reasoning,candidate,instruction,instr_only,5,mmd_rbf,0.008470921777188778,128
lot_paper_reasoning,candidate,instruction,instr_only,5,projected_js,0.05581560719292611,128
lot_paper_reasoning,candidate,instruction,instr_only,6,mmd_rbf,0.006553675979375839,128
lot_paper_reasoning,candidate,instruction,instr_only,6,projected_js,0.05324181809555739,128
lot_paper_reasoning,candidate,instruction,instr_only,7,mmd_rbf,0.00786891020834446,128
lot_paper_reasoning,candidate,instruction,instr_only,7,projected_js,0.0621558933344204,128
lot_paper_reasoning,candidate,instruction,instr_only,8,mmd_rbf,0.008390935137867928,128
lot_paper_reasoning,candidate,instruction,instr_only,8,projected_js,0.06217322824522853,128
lot_paper_reasoning,candidate,instruction,instr_only,9,mmd_rbf,0.009518230333924294,128
lot_paper_reasoning,candidate,instruction,instr_only,9,projected_js,0.06376804981846362,128
lot_paper_reasoning,candidate,instruction,instr_only,10,mmd_rbf,0.011104795150458813,128
lot_paper_reasoning,candidate,instruction,instr_only,10,projected_js,0.07105975295417011,128
lot_paper_reasoning,candidate,instruction,instr_only,11,mmd_rbf,0.011322888545691967,128
lot_paper_reasoning,candidate,instruction,instr_only,11,projected_js,0.07446656137472019,128
lot_paper_reasoning,candidate,instruction,instr_only,12,mmd_rbf,0.010638691484928131,128
lot_paper_reasoning,candidate,instruction,instr_only,12,projected_js,0.06892850017175078,128
lot_paper_reasoning,candidate,instruction,instr_only,13,mmd_rbf,0.010576288215816021,128
lot_paper_reasoning,candidate,instruction,instr_only,13,projected_js,0.0723965844954364,128
lot_paper_reasoning,candidate,instruction,instr_only,14,mmd_rbf,0.009818333201110363,128
lot_paper_reasoning,candidate,instruction,instr_only,14,projected_js,0.06965807609958574,128
lot_paper_reasoning,candidate,instruction,instr_only,15,mmd_rbf,0.009505911730229855,128
lot_paper_reasoning,candidate,instruction,instr_only,15,projected_js,0.06918850110378116,128
lot_paper_reasoning,candidate,instruction,instr_only,16,mmd_rbf,0.009950428269803524,128
lot_paper_reasoning,candidate,instruction,instr_only,16,projected_js,0.06893406668677926,128
lot_paper_reasoning,candidate,instruction,instr_only,17,mmd_rbf,0.009623320773243904,128
lot_paper_reasoning,candidate,instruction,instr_only,17,projected_js,0.06950976885855198,128
lot_paper_reasoning,candidate,instruction,instr_only,18,mmd_rbf,0.009865373373031616,128
lot_paper_reasoning,candidate,instruction,instr_only,18,projected_js,0.06799254840007052,128
lot_paper_reasoning,candidate,instruction,instr_only,19,mmd_rbf,0.010390087962150574,128
lot_paper_reasoning,candidate,instruction,instr_only,19,projected_js,0.07443780911853537,128
lot_paper_reasoning,candidate,instruction,instr_only,20,mmd_rbf,0.010162020102143288,128
lot_paper_reasoning,candidate,instruction,instr_only,20,projected_js,0.06936483405297622,128
lot_paper_reasoning,candidate,instruction,instr_only,21,mmd_rbf,0.011062456294894218,128
lot_paper_reasoning,candidate,instruction,instr_only,21,projected_js,0.0725514175137505,128
lot_paper_reasoning,candidate,instruction,instr_only,22,mmd_rbf,0.01079253014177084,128
lot_paper_reasoning,candidate,instruction,instr_only,22,projected_js,0.07136463333154097,128
lot_paper_reasoning,candidate,instruction,instr_only,23,mmd_rbf,0.010396539233624935,128
lot_paper_reasoning,candidate,instruction,instr_only,23,projected_js,0.0679854741320014,128
lot_paper_reasoning,candidate,instruction,instr_only,24,mmd_rbf,0.01018495298922062,128
lot_paper_reasoning,candidate,instruction,instr_only,24,projected_js,0.06996864179382101,128
lot_paper_reasoning,candidate,instruction,instr_only,25,mmd_rbf,0.01023700088262558,128
lot_paper_reasoning,candidate,instruction,instr_only,25,projected_js,0.06753929425030947,128
lot_paper_reasoning,candidate,instruction,instr_only,26,mmd_rbf,0.011009025387465954,128
lot_paper_reasoning,candidate,instruction,instr_only,26,projected_js,0.06764744693646207,128
lot_paper_reasoning,candidate,instruction,instr_only,27,mmd_rbf,0.011342272162437439,128
lot_paper_reasoning,candidate,instruction,instr_only,27,projected_js,0.06467096455162391,128
lot_paper_reasoning,candidate,instruction,instr_only,28,mmd_rbf,0.011177237145602703,128
lot_paper_reasoning,candidate,instruction,instr_only,28,projected_js,0.06903080525808036,128
lot_paper_reasoning,candidate,instruction,instr_only,29,mmd_rbf,0.01180686429142952,128
lot_paper_reasoning,candidate,instruction,instr_only,29,projected_js,0.06946738890837878,128
lot_paper_reasoning,candidate,instruction,instr_only,30,mmd_rbf,0.01232477929443121,128
lot_paper_reasoning,candidate,instruction,instr_only,30,projected_js,0.07055568130454049,128
lot_paper_reasoning,candidate,instruction,instr_only,31,mmd_rbf,0.013022834435105324,128
lot_paper_reasoning,candidate,instruction,instr_only,31,projected_js,0.0715425843372941,128
lot_paper_reasoning,candidate,instruction,instr_only,32,mmd_rbf,0.014051017351448536,128
lot_paper_reasoning,candidate,instruction,instr_only,32,projected_js,0.06910414900630713,128
lot_paper_reasoning,candidate,instruction,instr_only,33,mmd_rbf,0.01602078042924404,128
lot_paper_reasoning,candidate,instruction,instr_only,33,projected_js,0.06876202864805236,128
lot_paper_reasoning,candidate,instruction,instr_only,34,mmd_rbf,0.01890612207353115,128
lot_paper_reasoning,candidate,instruction,instr_only,34,projected_js,0.07405229943105951,128
lot_paper_reasoning,candidate,instruction,instr_only,35,mmd_rbf,0.04422295093536377,128
lot_paper_reasoning,candidate,instruction,instr_only,35,projected_js,0.10220228281104937,128
lot_paper_reasoning,candidate,instruction,reasoning_only,0,mmd_rbf,0.006160181947052479,128
lot_paper_reasoning,candidate,instruction,reasoning_only,0,projected_js,0.05672261834843084,128
lot_paper_reasoning,candidate,instruction,reasoning_only,1,mmd_rbf,0.01002869289368391,128
lot_paper_reasoning,candidate,instruction,reasoning_only,1,projected_js,0.0616444093757309,128
lot_paper_reasoning,candidate,instruction,reasoning_only,2,mmd_rbf,0.012017504312098026,128
lot_paper_reasoning,candidate,instruction,reasoning_only,2,projected_js,0.059368130954680964,128
lot_paper_reasoning,candidate,instruction,reasoning_only,3,mmd_rbf,0.012470352463424206,128
lot_paper_reasoning,candidate,instruction,reasoning_only,3,projected_js,0.06025025725830346,128
lot_paper_reasoning,candidate,instruction,reasoning_only,4,mmd_rbf,0.012746681459248066,128
lot_paper_reasoning,candidate,instruction,reasoning_only,4,projected_js,0.0659769710036926,128
lot_paper_reasoning,candidate,instruction,reasoning_only,5,mmd_rbf,0.012758636847138405,128
lot_paper_reasoning,candidate,instruction,reasoning_only,5,projected_js,0.06424762972164899,128
lot_paper_reasoning,candidate,instruction,reasoning_only,6,mmd_rbf,0.009700638242065907,128
lot_paper_reasoning,candidate,instruction,reasoning_only,6,projected_js,0.06662040160153992,128
lot_paper_reasoning,candidate,instruction,reasoning_only,7,mmd_rbf,0.011253894306719303,128
lot_paper_reasoning,candidate,instruction,reasoning_only,7,projected_js,0.07100116304354742,128
lot_paper_reasoning,candidate,instruction,reasoning_only,8,mmd_rbf,0.010788628831505775,128
lot_paper_reasoning,candidate,instruction,reasoning_only,8,projected_js,0.06474024569615722,128
lot_paper_reasoning,candidate,instruction,reasoning_only,9,mmd_rbf,0.011952324770390987,128
lot_paper_reasoning,candidate,instruction,reasoning_only,9,projected_js,0.06599142617778853,128
lot_paper_reasoning,candidate,instruction,reasoning_only,10,mmd_rbf,0.016222698614001274,128
lot_paper_reasoning,candidate,instruction,reasoning_only,10,projected_js,0.07118892716243863,128
lot_paper_reasoning,candidate,instruction,reasoning_only,11,mmd_rbf,0.017247965559363365,128
lot_paper_reasoning,candidate,instruction,reasoning_only,11,projected_js,0.07164629650651477,128
lot_paper_reasoning,candidate,instruction,reasoning_only,12,mmd_rbf,0.01688709668815136,128
lot_paper_reasoning,candidate,instruction,reasoning_only,12,projected_js,0.07230327051365748,128
lot_paper_reasoning,candidate,instruction,reasoning_only,13,mmd_rbf,0.016965532675385475,128
lot_paper_reasoning,candidate,instruction,reasoning_only,13,projected_js,0.07876425614813343,128
lot_paper_reasoning,candidate,instruction,reasoning_only,14,mmd_rbf,0.01704624854028225,128
lot_paper_reasoning,candidate,instruction,reasoning_only,14,projected_js,0.07338245818391442,128
lot_paper_reasoning,candidate,instruction,reasoning_only,15,mmd_rbf,0.017918048426508904,128
lot_paper_reasoning,candidate,instruction,reasoning_only,15,projected_js,0.07663488149410114,128
lot_paper_reasoning,candidate,instruction,reasoning_only,16,mmd_rbf,0.017848476767539978,128
lot_paper_reasoning,candidate,instruction,reasoning_only,16,projected_js,0.0758184379665181,128
lot_paper_reasoning,candidate,instruction,reasoning_only,17,mmd_rbf,0.01741202548146248,128
lot_paper_reasoning,candidate,instruction,reasoning_only,17,projected_js,0.07292412320384756,128
lot_paper_reasoning,candidate,instruction,reasoning_only,18,mmd_rbf,0.01875678077340126,128
lot_paper_reasoning,candidate,instruction,reasoning_only,18,projected_js,0.07017767202341929,128
lot_paper_reasoning,candidate,instruction,reasoning_only,19,mmd_rbf,0.018103301525115967,128
lot_paper_reasoning,candidate,instruction,reasoning_only,19,projected_js,0.07449832512065768,128
lot_paper_reasoning,candidate,instruction,reasoning_only,20,mmd_rbf,0.01848621293902397,128
lot_paper_reasoning,candidate,instruction,reasoning_only,20,projected_js,0.07372192246839404,128
lot_paper_reasoning,candidate,instruction,reasoning_only,21,mmd_rbf,0.01923755183815956,128
lot_paper_reasoning,candidate,instruction,reasoning_only,21,projected_js,0.07472042459994555,128
lot_paper_reasoning,candidate,instruction,reasoning_only,22,mmd_rbf,0.017989305779337883,128
lot_paper_reasoning,candidate,instruction,reasoning_only,22,projected_js,0.07747345138341188,128
lot_paper_reasoning,candidate,instruction,reasoning_only,23,mmd_rbf,0.015806926414370537,128
lot_paper_reasoning,candidate,instruction,reasoning_only,23,projected_js,0.07622109196381643,128
lot_paper_reasoning,candidate,instruction,reasoning_only,24,mmd_rbf,0.017073193565011024,128
lot_paper_reasoning,candidate,instruction,reasoning_only,24,projected_js,0.07636517385253683,128
lot_paper_reasoning,candidate,instruction,reasoning_only,25,mmd_rbf,0.016939835622906685,128
lot_paper_reasoning,candidate,instruction,reasoning_only,25,projected_js,0.07612787128891796,128
lot_paper_reasoning,candidate,instruction,reasoning_only,26,mmd_rbf,0.018029093742370605,128
lot_paper_reasoning,candidate,instruction,reasoning_only,26,projected_js,0.07373048429144546,128
lot_paper_reasoning,candidate,instruction,reasoning_only,27,mmd_rbf,0.018387915566563606,128
lot_paper_reasoning,candidate,instruction,reasoning_only,27,projected_js,0.07552825583843514,128
lot_paper_reasoning,candidate,instruction,reasoning_only,28,mmd_rbf,0.01874096505343914,128
lot_paper_reasoning,candidate,instruction,reasoning_only,28,projected_js,0.07484232581919059,128
lot_paper_reasoning,candidate,instruction,reasoning_only,29,mmd_rbf,0.018560105934739113,128
lot_paper_reasoning,candidate,instruction,reasoning_only,29,projected_js,0.07250876177567989,128
lot_paper_reasoning,candidate,instruction,reasoning_only,30,mmd_rbf,0.01978936791419983,128
lot_paper_reasoning,candidate,instruction,reasoning_only,30,projected_js,0.07937260251492262,128
lot_paper_reasoning,candidate,instruction,reasoning_only,31,mmd_rbf,0.019883180037140846,128
lot_paper_reasoning,candidate,instruction,reasoning_only,31,projected_js,0.07610226015094668,128
lot_paper_reasoning,candidate,instruction,reasoning_only,32,mmd_rbf,0.020849676802754402,128
lot_paper_reasoning,candidate,instruction,reasoning_only,32,projected_js,0.07542188494699076,128
lot_paper_reasoning,candidate,instruction,reasoning_only,33,mmd_rbf,0.020142419263720512,128
lot_paper_reasoning,candidate,instruction,reasoning_only,33,projected_js,0.07186958537204191,128
lot_paper_reasoning,candidate,instruction,reasoning_only,34,mmd_rbf,0.023415468633174896,128
lot_paper_reasoning,candidate,instruction,reasoning_only,34,projected_js,0.0759996302658692,128
lot_paper_reasoning,candidate,instruction,reasoning_only,35,mmd_rbf,0.02481130324304104,128
lot_paper_reasoning,candidate,instruction,reasoning_only,35,projected_js,0.07296681520529091,128
lot_paper_reasoning,candidate,instruction,uncensored_only,0,mmd_rbf,0.005436289589852095,128
lot_paper_reasoning,candidate,instruction,uncensored_only,0,projected_js,0.049020456470316276,128
lot_paper_reasoning,candidate,instruction,uncensored_only,1,mmd_rbf,0.12478693574666977,128
lot_paper_reasoning,candidate,instruction,uncensored_only,1,projected_js,0.15223478904226795,128
lot_paper_reasoning,candidate,instruction,uncensored_only,2,mmd_rbf,0.11666140705347061,128
lot_paper_reasoning,candidate,instruction,uncensored_only,2,projected_js,0.1371702989563346,128
lot_paper_reasoning,candidate,instruction,uncensored_only,3,mmd_rbf,0.08781865984201431,128
lot_paper_reasoning,candidate,instruction,uncensored_only,3,projected_js,0.11602947325445712,128
lot_paper_reasoning,candidate,instruction,uncensored_only,4,mmd_rbf,0.06446973234415054,128
lot_paper_reasoning,candidate,instruction,uncensored_only,4,projected_js,0.11209113470977172,128
lot_paper_reasoning,candidate,instruction,uncensored_only,5,mmd_rbf,0.0508137010037899,128
lot_paper_reasoning,candidate,instruction,uncensored_only,5,projected_js,0.09728799748700112,128
lot_paper_reasoning,candidate,instruction,uncensored_only,6,mmd_rbf,0.031074557453393936,128
lot_paper_reasoning,candidate,instruction,uncensored_only,6,projected_js,0.0858085211366415,128
lot_paper_reasoning,candidate,instruction,uncensored_only,7,mmd_rbf,0.026425668969750404,128
lot_paper_reasoning,candidate,instruction,uncensored_only,7,projected_js,0.08469141565728933,128
lot_paper_reasoning,candidate,instruction,uncensored_only,8,mmd_rbf,0.020153116434812546,128
lot_paper_reasoning,candidate,instruction,uncensored_only,8,projected_js,0.07721583568491042,128
lot_paper_reasoning,candidate,instruction,uncensored_only,9,mmd_rbf,0.017606062814593315,128
lot_paper_reasoning,candidate,instruction,uncensored_only,9,projected_js,0.07097624259768054,128
lot_paper_reasoning,candidate,instruction,uncensored_only,10,mmd_rbf,0.01773100160062313,128
lot_paper_reasoning,candidate,instruction,uncensored_only,10,projected_js,0.07456226367503405,128
lot_paper_reasoning,candidate,instruction,uncensored_only,11,mmd_rbf,0.014800912700593472,128
lot_paper_reasoning,candidate,instruction,uncensored_only,11,projected_js,0.07028640716453083,128
lot_paper_reasoning,candidate,instruction,uncensored_only,12,mmd_rbf,0.014915117993950844,128
lot_paper_reasoning,candidate,instruction,uncensored_only,12,projected_js,0.07351204648148268,128
lot_paper_reasoning,candidate,instruction,uncensored_only,13,mmd_rbf,0.01597917266190052,128
lot_paper_reasoning,candidate,instruction,uncensored_only,13,projected_js,0.0773154268390499,128
lot_paper_reasoning,candidate,instruction,uncensored_only,14,mmd_rbf,0.016088036820292473,128
lot_paper_reasoning,candidate,instruction,uncensored_only,14,projected_js,0.07553217123495415,128
lot_paper_reasoning,candidate,instruction,uncensored_only,15,mmd_rbf,0.018582453951239586,128
lot_paper_reasoning,candidate,instruction,uncensored_only,15,projected_js,0.07851333217695355,128
lot_paper_reasoning,candidate,instruction,uncensored_only,16,mmd_rbf,0.01951911859214306,128
lot_paper_reasoning,candidate,instruction,uncensored_only,16,projected_js,0.07807270775083452,128
lot_paper_reasoning,candidate,instruction,uncensored_only,17,mmd_rbf,0.017838312312960625,128
lot_paper_reasoning,candidate,instruction,uncensored_only,17,projected_js,0.07311470905551687,128
lot_paper_reasoning,candidate,instruction,uncensored_only,18,mmd_rbf,0.018233392387628555,128
lot_paper_reasoning,candidate,instruction,uncensored_only,18,projected_js,0.07458597479853779,128
lot_paper_reasoning,candidate,instruction,uncensored_only,19,mmd_rbf,0.019033385440707207,128
lot_paper_reasoning,candidate,instruction,uncensored_only,19,projected_js,0.07691202004207298,128
lot_paper_reasoning,candidate,instruction,uncensored_only,20,mmd_rbf,0.019135689362883568,128
lot_paper_reasoning,candidate,instruction,uncensored_only,20,projected_js,0.07413283572532237,128
lot_paper_reasoning,candidate,instruction,uncensored_only,21,mmd_rbf,0.020853286609053612,128
lot_paper_reasoning,candidate,instruction,uncensored_only,21,projected_js,0.07628575997659937,128
lot_paper_reasoning,candidate,instruction,uncensored_only,22,mmd_rbf,0.021976981312036514,128
lot_paper_reasoning,candidate,instruction,uncensored_only,22,projected_js,0.07908670586766675,128
lot_paper_reasoning,candidate,instruction,uncensored_only,23,mmd_rbf,0.02229146659374237,128
lot_paper_reasoning,candidate,instruction,uncensored_only,23,projected_js,0.08251220828969963,128
lot_paper_reasoning,candidate,instruction,uncensored_only,24,mmd_rbf,0.023709041997790337,128
lot_paper_reasoning,candidate,instruction,uncensored_only,24,projected_js,0.08181253803195432,128
lot_paper_reasoning,candidate,instruction,uncensored_only,25,mmd_rbf,0.024679362773895264,128
lot_paper_reasoning,candidate,instruction,uncensored_only,25,projected_js,0.08494102919939905,128
lot_paper_reasoning,candidate,instruction,uncensored_only,26,mmd_rbf,0.02544531039893627,128
lot_paper_reasoning,candidate,instruction,uncensored_only,26,projected_js,0.08492423116695136,128
lot_paper_reasoning,candidate,instruction,uncensored_only,27,mmd_rbf,0.025281524285674095,128
lot_paper_reasoning,candidate,instruction,uncensored_only,27,projected_js,0.08260643313406035,128
lot_paper_reasoning,candidate,instruction,uncensored_only,28,mmd_rbf,0.0229729562997818,128
lot_paper_reasoning,candidate,instruction,uncensored_only,28,projected_js,0.08071451523574069,128
lot_paper_reasoning,candidate,instruction,uncensored_only,29,mmd_rbf,0.022240078076720238,128
lot_paper_reasoning,candidate,instruction,uncensored_only,29,projected_js,0.07879998249700293,128
lot_paper_reasoning,candidate,instruction,uncensored_only,30,mmd_rbf,0.022423291578888893,128
lot_paper_reasoning,candidate,instruction,uncensored_only,30,projected_js,0.07852153031853959,128
lot_paper_reasoning,candidate,instruction,uncensored_only,31,mmd_rbf,0.022156422957777977,128
lot_paper_reasoning,candidate,instruction,uncensored_only,31,projected_js,0.07700732140801847,128
lot_paper_reasoning,candidate,instruction,uncensored_only,32,mmd_rbf,0.02302144467830658,128
lot_paper_reasoning,candidate,instruction,uncensored_only,32,projected_js,0.0799327174318023,128
lot_paper_reasoning,candidate,instruction,uncensored_only,33,mmd_rbf,0.023920640349388123,128
lot_paper_reasoning,candidate,instruction,uncensored_only,33,projected_js,0.07945054350420833,128
lot_paper_reasoning,candidate,instruction,uncensored_only,34,mmd_rbf,0.025369802489876747,128
lot_paper_reasoning,candidate,instruction,uncensored_only,34,projected_js,0.08249086316209286,128
lot_paper_reasoning,candidate,instruction,uncensored_only,35,mmd_rbf,0.04980653524398804,128
lot_paper_reasoning,candidate,instruction,uncensored_only,35,projected_js,0.10083435825072229,128
lot_paper_reasoning,candidate,reasoning,base,0,mmd_rbf,0.0029405595269054174,128
lot_paper_reasoning,candidate,reasoning,base,0,projected_js,0.044485695369075984,128
lot_paper_reasoning,candidate,reasoning,base,1,mmd_rbf,0.007657610811293125,128
lot_paper_reasoning,candidate,reasoning,base,1,projected_js,0.04761871448135935,128
lot_paper_reasoning,candidate,reasoning,base,2,mmd_rbf,0.008715207688510418,128
lot_paper_reasoning,candidate,reasoning,base,2,projected_js,0.05355466893524863,128
lot_paper_reasoning,candidate,reasoning,base,3,mmd_rbf,0.010386953130364418,128
lot_paper_reasoning,candidate,reasoning,base,3,projected_js,0.059061196545371786,128
lot_paper_reasoning,candidate,reasoning,base,4,mmd_rbf,0.010518975555896759,128
lot_paper_reasoning,candidate,reasoning,base,4,projected_js,0.0591516891727224,128
lot_paper_reasoning,candidate,reasoning,base,5,mmd_rbf,0.009239690378308296,128
lot_paper_reasoning,candidate,reasoning,base,5,projected_js,0.05858224554685876,128
lot_paper_reasoning,candidate,reasoning,base,6,mmd_rbf,0.00710936589166522,128
lot_paper_reasoning,candidate,reasoning,base,6,projected_js,0.0548862753494177,128
lot_paper_reasoning,candidate,reasoning,base,7,mmd_rbf,0.007992143742740154,128
lot_paper_reasoning,candidate,reasoning,base,7,projected_js,0.05777124565793201,128
lot_paper_reasoning,candidate,reasoning,base,8,mmd_rbf,0.008223014883697033,128
lot_paper_reasoning,candidate,reasoning,base,8,projected_js,0.06473816424841061,128
lot_paper_reasoning,candidate,reasoning,base,9,mmd_rbf,0.009833106771111488,128
lot_paper_reasoning,candidate,reasoning,base,9,projected_js,0.06527304090559483,128
lot_paper_reasoning,candidate,reasoning,base,10,mmd_rbf,0.012323672883212566,128
lot_paper_reasoning,candidate,reasoning,base,10,projected_js,0.06418037676485255,128
lot_paper_reasoning,candidate,reasoning,base,11,mmd_rbf,0.011550686322152615,128
lot_paper_reasoning,candidate,reasoning,base,11,projected_js,0.06460157956462353,128
lot_paper_reasoning,candidate,reasoning,base,12,mmd_rbf,0.011318073607981205,128
lot_paper_reasoning,candidate,reasoning,base,12,projected_js,0.06160357705084607,128
lot_paper_reasoning,candidate,reasoning,base,13,mmd_rbf,0.011174166575074196,128
lot_paper_reasoning,candidate,reasoning,base,13,projected_js,0.06760481843957677,128
lot_paper_reasoning,candidate,reasoning,base,14,mmd_rbf,0.010814310051500797,128
lot_paper_reasoning,candidate,reasoning,base,14,projected_js,0.06483168510021642,128
lot_paper_reasoning,candidate,reasoning,base,15,mmd_rbf,0.010817463509738445,128
lot_paper_reasoning,candidate,reasoning,base,15,projected_js,0.06444770214147866,128
lot_paper_reasoning,candidate,reasoning,base,16,mmd_rbf,0.01203687209635973,128
lot_paper_reasoning,candidate,reasoning,base,16,projected_js,0.06892316305311397,128
lot_paper_reasoning,candidate,reasoning,base,17,mmd_rbf,0.01199872326105833,128
lot_paper_reasoning,candidate,reasoning,base,17,projected_js,0.0674253068282269,128
lot_paper_reasoning,candidate,reasoning,base,18,mmd_rbf,0.012087973766028881,128
lot_paper_reasoning,candidate,reasoning,base,18,projected_js,0.06577858369564638,128
lot_paper_reasoning,candidate,reasoning,base,19,mmd_rbf,0.01208924688398838,128
lot_paper_reasoning,candidate,reasoning,base,19,projected_js,0.06916307605570182,128
lot_paper_reasoning,candidate,reasoning,base,20,mmd_rbf,0.01167665421962738,128
lot_paper_reasoning,candidate,reasoning,base,20,projected_js,0.06642645777901635,128
lot_paper_reasoning,candidate,reasoning,base,21,mmd_rbf,0.011679005809128284,128
lot_paper_reasoning,candidate,reasoning,base,21,projected_js,0.06502179644303396,128
lot_paper_reasoning,candidate,reasoning,base,22,mmd_rbf,0.01156275998800993,128
lot_paper_reasoning,candidate,reasoning,base,22,projected_js,0.064388612867333,128
lot_paper_reasoning,candidate,reasoning,base,23,mmd_rbf,0.011474610306322575,128
lot_paper_reasoning,candidate,reasoning,base,23,projected_js,0.06262794937356375,128
lot_paper_reasoning,candidate,reasoning,base,24,mmd_rbf,0.01128113642334938,128
lot_paper_reasoning,candidate,reasoning,base,24,projected_js,0.06378029944607988,128
lot_paper_reasoning,candidate,reasoning,base,25,mmd_rbf,0.010889562778174877,128
lot_paper_reasoning,candidate,reasoning,base,25,projected_js,0.0654111888143234,128
lot_paper_reasoning,candidate,reasoning,base,26,mmd_rbf,0.010995106771588326,128
lot_paper_reasoning,candidate,reasoning,base,26,projected_js,0.06678417412331328,128
lot_paper_reasoning,candidate,reasoning,base,27,mmd_rbf,0.011020992882549763,128
lot_paper_reasoning,candidate,reasoning,base,27,projected_js,0.06664823408937082,128
lot_paper_reasoning,candidate,reasoning,base,28,mmd_rbf,0.01140378974378109,128
lot_paper_reasoning,candidate,reasoning,base,28,projected_js,0.06619857612531632,128
lot_paper_reasoning,candidate,reasoning,base,29,mmd_rbf,0.012023644521832466,128
lot_paper_reasoning,candidate,reasoning,base,29,projected_js,0.06790492637082934,128
lot_paper_reasoning,candidate,reasoning,base,30,mmd_rbf,0.012892541475594044,128
lot_paper_reasoning,candidate,reasoning,base,30,projected_js,0.06698408804368228,128
lot_paper_reasoning,candidate,reasoning,base,31,mmd_rbf,0.013269218616187572,128
lot_paper_reasoning,candidate,reasoning,base,31,projected_js,0.06874830962624401,128
lot_paper_reasoning,candidate,reasoning,base,32,mmd_rbf,0.01467933040112257,128
lot_paper_reasoning,candidate,reasoning,base,32,projected_js,0.06748470768798143,128
lot_paper_reasoning,candidate,reasoning,base,33,mmd_rbf,0.015564224682748318,128
lot_paper_reasoning,candidate,reasoning,base,33,projected_js,0.06954694027081132,128
lot_paper_reasoning,candidate,reasoning,base,34,mmd_rbf,0.022185349836945534,128
lot_paper_reasoning,candidate,reasoning,base,34,projected_js,0.0789228267094586,128
lot_paper_reasoning,candidate,reasoning,base,35,mmd_rbf,0.05991018936038017,128
lot_paper_reasoning,candidate,reasoning,base,35,projected_js,0.10213227936765179,128
lot_paper_reasoning,candidate,reasoning,instr_only,0,mmd_rbf,0.0010944426758214831,128
lot_paper_reasoning,candidate,reasoning,instr_only,0,projected_js,0.030780167900957167,128
lot_paper_reasoning,candidate,reasoning,instr_only,1,mmd_rbf,0.004429580178111792,128
lot_paper_reasoning,candidate,reasoning,instr_only,1,projected_js,0.04241495854512323,128
lot_paper_reasoning,candidate,reasoning,instr_only,2,mmd_rbf,0.0045734369195997715,128
lot_paper_reasoning,candidate,reasoning,instr_only,2,projected_js,0.04757672635605559,128
lot_paper_reasoning,candidate,reasoning,instr_only,3,mmd_rbf,0.004612526390701532,128
lot_paper_reasoning,candidate,reasoning,instr_only,3,projected_js,0.04645727129536681,128
lot_paper_reasoning,candidate,reasoning,instr_only,4,mmd_rbf,0.004418740514665842,128
lot_paper_reasoning,candidate,reasoning,instr_only,4,projected_js,0.045728867495199665,128
lot_paper_reasoning,candidate,reasoning,instr_only,5,mmd_rbf,0.003987954463809729,128
lot_paper_reasoning,candidate,reasoning,instr_only,5,projected_js,0.04404294662526809,128
lot_paper_reasoning,candidate,reasoning,instr_only,6,mmd_rbf,0.0029849023558199406,128
lot_paper_reasoning,candidate,reasoning,instr_only,6,projected_js,0.0460033324197866,128
lot_paper_reasoning,candidate,reasoning,instr_only,7,mmd_rbf,0.004081243183463812,128
lot_paper_reasoning,candidate,reasoning,instr_only,7,projected_js,0.05056876651360653,128
lot_paper_reasoning,candidate,reasoning,instr_only,8,mmd_rbf,0.004900007974356413,128
lot_paper_reasoning,candidate,reasoning,instr_only,8,projected_js,0.05454720967100002,128
lot_paper_reasoning,candidate,reasoning,instr_only,9,mmd_rbf,0.006074926350265741,128
lot_paper_reasoning,candidate,reasoning,instr_only,9,projected_js,0.05612195303547196,128
lot_paper_reasoning,candidate,reasoning,instr_only,10,mmd_rbf,0.007936536334455013,128
lot_paper_reasoning,candidate,reasoning,instr_only,10,projected_js,0.058517275378108025,128
lot_paper_reasoning,candidate,reasoning,instr_only,11,mmd_rbf,0.007651393301784992,128
lot_paper_reasoning,candidate,reasoning,instr_only,11,projected_js,0.05912032839842141,128
lot_paper_reasoning,candidate,reasoning,instr_only,12,mmd_rbf,0.007168487645685673,128
lot_paper_reasoning,candidate,reasoning,instr_only,12,projected_js,0.06308547256048769,128
lot_paper_reasoning,candidate,reasoning,instr_only,13,mmd_rbf,0.007147833239287138,128
lot_paper_reasoning,candidate,reasoning,instr_only,13,projected_js,0.0634707473218441,128
lot_paper_reasoning,candidate,reasoning,instr_only,14,mmd_rbf,0.006408886518329382,128
lot_paper_reasoning,candidate,reasoning,instr_only,14,projected_js,0.06066660050419159,128
lot_paper_reasoning,candidate,reasoning,instr_only,15,mmd_rbf,0.006106324028223753,128
lot_paper_reasoning,candidate,reasoning,instr_only,15,projected_js,0.061098736070562154,128
lot_paper_reasoning,candidate,reasoning,instr_only,16,mmd_rbf,0.006292271893471479,128
lot_paper_reasoning,candidate,reasoning,instr_only,16,projected_js,0.06373818125575781,128
lot_paper_reasoning,candidate,reasoning,instr_only,17,mmd_rbf,0.005871656350791454,128
lot_paper_reasoning,candidate,reasoning,instr_only,17,projected_js,0.061896792001789436,128
lot_paper_reasoning,candidate,reasoning,instr_only,18,mmd_rbf,0.005672148894518614,128
lot_paper_reasoning,candidate,reasoning,instr_only,18,projected_js,0.05989021202549338,128
lot_paper_reasoning,candidate,reasoning,instr_only,19,mmd_rbf,0.005467015318572521,128
lot_paper_reasoning,candidate,reasoning,instr_only,19,projected_js,0.060428268276154995,128
lot_paper_reasoning,candidate,reasoning,instr_only,20,mmd_rbf,0.005331024993211031,128
lot_paper_reasoning,candidate,reasoning,instr_only,20,projected_js,0.05986736429622397,128
lot_paper_reasoning,candidate,reasoning,instr_only,21,mmd_rbf,0.005383260548114777,128
lot_paper_reasoning,candidate,reasoning,instr_only,21,projected_js,0.06098313728580251,128
lot_paper_reasoning,candidate,reasoning,instr_only,22,mmd_rbf,0.0047892308793962,128
lot_paper_reasoning,candidate,reasoning,instr_only,22,projected_js,0.059072142699733377,128
lot_paper_reasoning,candidate,reasoning,instr_only,23,mmd_rbf,0.004304229747503996,128
lot_paper_reasoning,candidate,reasoning,instr_only,23,projected_js,0.05587116765673272,128
lot_paper_reasoning,candidate,reasoning,instr_only,24,mmd_rbf,0.004164246842265129,128
lot_paper_reasoning,candidate,reasoning,instr_only,24,projected_js,0.057730216038180515,128
lot_paper_reasoning,candidate,reasoning,instr_only,25,mmd_rbf,0.0041389972902834415,128
lot_paper_reasoning,candidate,reasoning,instr_only,25,projected_js,0.056782198837026954,128
lot_paper_reasoning,candidate,reasoning,instr_only,26,mmd_rbf,0.0043786740861833096,128
lot_paper_reasoning,candidate,reasoning,instr_only,26,projected_js,0.05872677924344316,128
lot_paper_reasoning,candidate,reasoning,instr_only,27,mmd_rbf,0.004712549038231373,128
lot_paper_reasoning,candidate,reasoning,instr_only,27,projected_js,0.0567802976584062,128
lot_paper_reasoning,candidate,reasoning,instr_only,28,mmd_rbf,0.004994246643036604,128
lot_paper_reasoning,candidate,reasoning,instr_only,28,projected_js,0.05722570285433903,128
lot_paper_reasoning,candidate,reasoning,instr_only,29,mmd_rbf,0.005685001146048307,128
lot_paper_reasoning,candidate,reasoning,instr_only,29,projected_js,0.05904126580571756,128
lot_paper_reasoning,candidate,reasoning,instr_only,30,mmd_rbf,0.006575461011379957,128
lot_paper_reasoning,candidate,reasoning,instr_only,30,projected_js,0.05995207006344572,128
lot_paper_reasoning,candidate,reasoning,instr_only,31,mmd_rbf,0.007250867784023285,128
lot_paper_reasoning,candidate,reasoning,instr_only,31,projected_js,0.05679016336216591,128
lot_paper_reasoning,candidate,reasoning,instr_only,32,mmd_rbf,0.008192777633666992,128
lot_paper_reasoning,candidate,reasoning,instr_only,32,projected_js,0.059136955795111135,128
lot_paper_reasoning,candidate,reasoning,instr_only,33,mmd_rbf,0.009740873239934444,128
lot_paper_reasoning,candidate,reasoning,instr_only,33,projected_js,0.06081937096314505,128
lot_paper_reasoning,candidate,reasoning,instr_only,34,mmd_rbf,0.011426854878664017,128
lot_paper_reasoning,candidate,reasoning,instr_only,34,projected_js,0.06440208165440708,128
lot_paper_reasoning,candidate,reasoning,instr_only,35,mmd_rbf,0.025318054482340813,128
lot_paper_reasoning,candidate,reasoning,instr_only,35,projected_js,0.07212426286423579,128
lot_paper_reasoning,candidate,reasoning,reasoning_only,0,mmd_rbf,0.0038676410913467407,128
lot_paper_reasoning,candidate,reasoning,reasoning_only,0,projected_js,0.04715107989613898,128
lot_paper_reasoning,candidate,reasoning,reasoning_only,1,mmd_rbf,0.008225438185036182,128
lot_paper_reasoning,candidate,reasoning,reasoning_only,1,projected_js,0.05490178838954307,128
lot_paper_reasoning,candidate,reasoning,reasoning_only,2,mmd_rbf,0.010034267790615559,128
lot_paper_reasoning,candidate,reasoning,reasoning_only,2,projected_js,0.058025795413414016,128
lot_paper_reasoning,candidate,reasoning,reasoning_only,3,mmd_rbf,0.010907609015703201,128
lot_paper_reasoning,candidate,reasoning,reasoning_only,3,projected_js,0.06105371267767623,128
lot_paper_reasoning,candidate,reasoning,reasoning_only,4,mmd_rbf,0.009490768425166607,128
lot_paper_reasoning,candidate,reasoning,reasoning_only,4,projected_js,0.06107055535539985,128
lot_paper_reasoning,candidate,reasoning,reasoning_only,5,mmd_rbf,0.008239544928073883,128
lot_paper_reasoning,candidate,reasoning,reasoning_only,5,projected_js,0.0563930181087926,128
lot_paper_reasoning,candidate,reasoning,reasoning_only,6,mmd_rbf,0.006283835973590612,128
lot_paper_reasoning,candidate,reasoning,reasoning_only,6,projected_js,0.058505168242845684,128
lot_paper_reasoning,candidate,reasoning,reasoning_only,7,mmd_rbf,0.007394594606012106,128
lot_paper_reasoning,candidate,reasoning,reasoning_only,7,projected_js,0.06125048460671678,128
lot_paper_reasoning,candidate,reasoning,reasoning_only,8,mmd_rbf,0.007514291442930698,128
lot_paper_reasoning,candidate,reasoning,reasoning_only,8,projected_js,0.0638186574797146,128
lot_paper_reasoning,candidate,reasoning,reasoning_only,9,mmd_rbf,0.008570189587771893,128
lot_paper_reasoning,candidate,reasoning,reasoning_only,9,projected_js,0.06336706705042161,128
lot_paper_reasoning,candidate,reasoning,reasoning_only,10,mmd_rbf,0.011639549396932125,128
lot_paper_reasoning,candidate,reasoning,reasoning_only,10,projected_js,0.06394064123742282,128
lot_paper_reasoning,candidate,reasoning,reasoning_only,11,mmd_rbf,0.012123636901378632,128
lot_paper_reasoning,candidate,reasoning,reasoning_only,11,projected_js,0.06328492367174476,128
lot_paper_reasoning,candidate,reasoning,reasoning_only,12,mmd_rbf,0.011810201220214367,128
lot_paper_reasoning,candidate,reasoning,reasoning_only,12,projected_js,0.062085497949738055,128
lot_paper_reasoning,candidate,reasoning,reasoning_only,13,mmd_rbf,0.01193995401263237,128
lot_paper_reasoning,candidate,reasoning,reasoning_only,13,projected_js,0.06739916966762394,128
lot_paper_reasoning,candidate,reasoning,reasoning_only,14,mmd_rbf,0.011937209405004978,128
lot_paper_reasoning,candidate,reasoning,reasoning_only,14,projected_js,0.061953353753779083,128
lot_paper_reasoning,candidate,reasoning,reasoning_only,15,mmd_rbf,0.012539558112621307,128
lot_paper_reasoning,candidate,reasoning,reasoning_only,15,projected_js,0.06690556247485802,128
lot_paper_reasoning,candidate,reasoning,reasoning_only,16,mmd_rbf,0.012760735116899014,128
lot_paper_reasoning,candidate,reasoning,reasoning_only,16,projected_js,0.06519843923160806,128
lot_paper_reasoning,candidate,reasoning,reasoning_only,17,mmd_rbf,0.012862550094723701,128
lot_paper_reasoning,candidate,reasoning,reasoning_only,17,projected_js,0.06582057854393497,128
lot_paper_reasoning,candidate,reasoning,reasoning_only,18,mmd_rbf,0.01423634123057127,128
lot_paper_reasoning,candidate,reasoning,reasoning_only,18,projected_js,0.06652948562987149,128
lot_paper_reasoning,candidate,reasoning,reasoning_only,19,mmd_rbf,0.013208562508225441,128
lot_paper_reasoning,candidate,reasoning,reasoning_only,19,projected_js,0.066482208436355,128
lot_paper_reasoning,candidate,reasoning,reasoning_only,20,mmd_rbf,0.013112938962876797,128
lot_paper_reasoning,candidate,reasoning,reasoning_only,20,projected_js,0.06695172120817006,128
lot_paper_reasoning,candidate,reasoning,reasoning_only,21,mmd_rbf,0.013483918271958828,128
lot_paper_reasoning,candidate,reasoning,reasoning_only,21,projected_js,0.06617710465798154,128
lot_paper_reasoning,candidate,reasoning,reasoning_only,22,mmd_rbf,0.011599387042224407,128
lot_paper_reasoning,candidate,reasoning,reasoning_only,22,projected_js,0.06640772841637954,128
lot_paper_reasoning,candidate,reasoning,reasoning_only,23,mmd_rbf,0.009647533297538757,128
lot_paper_reasoning,candidate,reasoning,reasoning_only,23,projected_js,0.06584178036428057,128
lot_paper_reasoning,candidate,reasoning,reasoning_only,24,mmd_rbf,0.009712088853120804,128
lot_paper_reasoning,candidate,reasoning,reasoning_only,24,projected_js,0.06563273351639509,128
lot_paper_reasoning,candidate,reasoning,reasoning_only,25,mmd_rbf,0.008915979415178299,128
lot_paper_reasoning,candidate,reasoning,reasoning_only,25,projected_js,0.06282959578675218,128
lot_paper_reasoning,candidate,reasoning,reasoning_only,26,mmd_rbf,0.008973263204097748,128
lot_paper_reasoning,candidate,reasoning,reasoning_only,26,projected_js,0.06662630679784343,128
lot_paper_reasoning,candidate,reasoning,reasoning_only,27,mmd_rbf,0.009131714701652527,128
lot_paper_reasoning,candidate,reasoning,reasoning_only,27,projected_js,0.06101000154740177,128
lot_paper_reasoning,candidate,reasoning,reasoning_only,28,mmd_rbf,0.009847736917436123,128
lot_paper_reasoning,candidate,reasoning,reasoning_only,28,projected_js,0.06137671752367169,128
lot_paper_reasoning,candidate,reasoning,reasoning_only,29,mmd_rbf,0.01042910385876894,128
lot_paper_reasoning,candidate,reasoning,reasoning_only,29,projected_js,0.0639083631685935,128
lot_paper_reasoning,candidate,reasoning,reasoning_only,30,mmd_rbf,0.011726791970431805,128
lot_paper_reasoning,candidate,reasoning,reasoning_only,30,projected_js,0.06868885457515717,128
lot_paper_reasoning,candidate,reasoning,reasoning_only,31,mmd_rbf,0.012375668622553349,128
lot_paper_reasoning,candidate,reasoning,reasoning_only,31,projected_js,0.06768796424148604,128
lot_paper_reasoning,candidate,reasoning,reasoning_only,32,mmd_rbf,0.013560404069721699,128
lot_paper_reasoning,candidate,reasoning,reasoning_only,32,projected_js,0.06882353004766628,128
lot_paper_reasoning,candidate,reasoning,reasoning_only,33,mmd_rbf,0.014209550805389881,128
lot_paper_reasoning,candidate,reasoning,reasoning_only,33,projected_js,0.06648812512867153,128
lot_paper_reasoning,candidate,reasoning,reasoning_only,34,mmd_rbf,0.017566055059432983,128
lot_paper_reasoning,candidate,reasoning,reasoning_only,34,projected_js,0.07063039526110515,128
lot_paper_reasoning,candidate,reasoning,reasoning_only,35,mmd_rbf,0.04163743183016777,128
lot_paper_reasoning,candidate,reasoning,reasoning_only,35,projected_js,0.08779321820475161,128
lot_paper_reasoning,candidate,reasoning,uncensored_only,0,mmd_rbf,0.0027508705388754606,128
lot_paper_reasoning,candidate,reasoning,uncensored_only,0,projected_js,0.03578270223806612,128
lot_paper_reasoning,candidate,reasoning,uncensored_only,1,mmd_rbf,0.07063353806734085,128
lot_paper_reasoning,candidate,reasoning,uncensored_only,1,projected_js,0.1088057549786754,128
lot_paper_reasoning,candidate,reasoning,uncensored_only,2,mmd_rbf,0.07226677238941193,128
lot_paper_reasoning,candidate,reasoning,uncensored_only,2,projected_js,0.1038077013217844,128
lot_paper_reasoning,candidate,reasoning,uncensored_only,3,mmd_rbf,0.056318558752536774,128
lot_paper_reasoning,candidate,reasoning,uncensored_only,3,projected_js,0.09506399108795449,128
lot_paper_reasoning,candidate,reasoning,uncensored_only,4,mmd_rbf,0.038450937718153,128
lot_paper_reasoning,candidate,reasoning,uncensored_only,4,projected_js,0.08996661863056943,128
lot_paper_reasoning,candidate,reasoning,uncensored_only,5,mmd_rbf,0.02698429301381111,128
lot_paper_reasoning,candidate,reasoning,uncensored_only,5,projected_js,0.08174375165253878,128
lot_paper_reasoning,candidate,reasoning,uncensored_only,6,mmd_rbf,0.01660226657986641,128
lot_paper_reasoning,candidate,reasoning,uncensored_only,6,projected_js,0.06942962162429467,128
lot_paper_reasoning,candidate,reasoning,uncensored_only,7,mmd_rbf,0.016017211601138115,128
lot_paper_reasoning,candidate,reasoning,uncensored_only,7,projected_js,0.07130881497869268,128
lot_paper_reasoning,candidate,reasoning,uncensored_only,8,mmd_rbf,0.013934007845818996,128
lot_paper_reasoning,candidate,reasoning,uncensored_only,8,projected_js,0.06626113574020565,128
lot_paper_reasoning,candidate,reasoning,uncensored_only,9,mmd_rbf,0.012451240792870522,128
lot_paper_reasoning,candidate,reasoning,uncensored_only,9,projected_js,0.06609857181319967,128
lot_paper_reasoning,candidate,reasoning,uncensored_only,10,mmd_rbf,0.013103203848004341,128
lot_paper_reasoning,candidate,reasoning,uncensored_only,10,projected_js,0.06624765146989375,128
lot_paper_reasoning,candidate,reasoning,uncensored_only,11,mmd_rbf,0.010946443304419518,128
lot_paper_reasoning,candidate,reasoning,uncensored_only,11,projected_js,0.06409573450218886,128
lot_paper_reasoning,candidate,reasoning,uncensored_only,12,mmd_rbf,0.011105455458164215,128
lot_paper_reasoning,candidate,reasoning,uncensored_only,12,projected_js,0.06550979625899345,128
lot_paper_reasoning,candidate,reasoning,uncensored_only,13,mmd_rbf,0.011596276424825191,128
lot_paper_reasoning,candidate,reasoning,uncensored_only,13,projected_js,0.06887687864946201,128
lot_paper_reasoning,candidate,reasoning,uncensored_only,14,mmd_rbf,0.011425877921283245,128
lot_paper_reasoning,candidate,reasoning,uncensored_only,14,projected_js,0.06257287878543139,128
lot_paper_reasoning,candidate,reasoning,uncensored_only,15,mmd_rbf,0.012898924760520458,128
lot_paper_reasoning,candidate,reasoning,uncensored_only,15,projected_js,0.07119004492415115,128
lot_paper_reasoning,candidate,reasoning,uncensored_only,16,mmd_rbf,0.013688618317246437,128
lot_paper_reasoning,candidate,reasoning,uncensored_only,16,projected_js,0.06934541481314227,128
lot_paper_reasoning,candidate,reasoning,uncensored_only,17,mmd_rbf,0.012235747650265694,128
lot_paper_reasoning,candidate,reasoning,uncensored_only,17,projected_js,0.06529820681316778,128
lot_paper_reasoning,candidate,reasoning,uncensored_only,18,mmd_rbf,0.012026882730424404,128
lot_paper_reasoning,candidate,reasoning,uncensored_only,18,projected_js,0.06855172279756516,128
lot_paper_reasoning,candidate,reasoning,uncensored_only,19,mmd_rbf,0.01238646637648344,128
lot_paper_reasoning,candidate,reasoning,uncensored_only,19,projected_js,0.06704567221459001,128
lot_paper_reasoning,candidate,reasoning,uncensored_only,20,mmd_rbf,0.01263698935508728,128
lot_paper_reasoning,candidate,reasoning,uncensored_only,20,projected_js,0.06562308827415109,128
lot_paper_reasoning,candidate,reasoning,uncensored_only,21,mmd_rbf,0.013260233215987682,128
lot_paper_reasoning,candidate,reasoning,uncensored_only,21,projected_js,0.06780108396196738,128
lot_paper_reasoning,candidate,reasoning,uncensored_only,22,mmd_rbf,0.012977262027561665,128
lot_paper_reasoning,candidate,reasoning,uncensored_only,22,projected_js,0.06688525440404192,128
lot_paper_reasoning,candidate,reasoning,uncensored_only,23,mmd_rbf,0.012338746339082718,128
lot_paper_reasoning,candidate,reasoning,uncensored_only,23,projected_js,0.07098307582782581,128
lot_paper_reasoning,candidate,reasoning,uncensored_only,24,mmd_rbf,0.012228751555085182,128
lot_paper_reasoning,candidate,reasoning,uncensored_only,24,projected_js,0.0677766315639019,128
lot_paper_reasoning,candidate,reasoning,uncensored_only,25,mmd_rbf,0.012468472123146057,128
lot_paper_reasoning,candidate,reasoning,uncensored_only,25,projected_js,0.06926483366987668,128
lot_paper_reasoning,candidate,reasoning,uncensored_only,26,mmd_rbf,0.01250176876783371,128
lot_paper_reasoning,candidate,reasoning,uncensored_only,26,projected_js,0.06828107885667123,128
lot_paper_reasoning,candidate,reasoning,uncensored_only,27,mmd_rbf,0.012874618172645569,128
lot_paper_reasoning,candidate,reasoning,uncensored_only,27,projected_js,0.06775578676024452,128
lot_paper_reasoning,candidate,reasoning,uncensored_only,28,mmd_rbf,0.012229436077177525,128
lot_paper_reasoning,candidate,reasoning,uncensored_only,28,projected_js,0.0686859714332968,128
lot_paper_reasoning,candidate,reasoning,uncensored_only,29,mmd_rbf,0.012461009435355663,128
lot_paper_reasoning,candidate,reasoning,uncensored_only,29,projected_js,0.06894637437653728,128
lot_paper_reasoning,candidate,reasoning,uncensored_only,30,mmd_rbf,0.013192996382713318,128
lot_paper_reasoning,candidate,reasoning,uncensored_only,30,projected_js,0.06544866727199405,128
lot_paper_reasoning,candidate,reasoning,uncensored_only,31,mmd_rbf,0.013544844463467598,128
lot_paper_reasoning,candidate,reasoning,uncensored_only,31,projected_js,0.06791113561484963,128
lot_paper_reasoning,candidate,reasoning,uncensored_only,32,mmd_rbf,0.014504380524158478,128
lot_paper_reasoning,candidate,reasoning,uncensored_only,32,projected_js,0.06613634442328475,128
lot_paper_reasoning,candidate,reasoning,uncensored_only,33,mmd_rbf,0.015734286978840828,128
lot_paper_reasoning,candidate,reasoning,uncensored_only,33,projected_js,0.06804693193407729,128
lot_paper_reasoning,candidate,reasoning,uncensored_only,34,mmd_rbf,0.01670406199991703,128
lot_paper_reasoning,candidate,reasoning,uncensored_only,34,projected_js,0.0678307194611989,128
lot_paper_reasoning,candidate,reasoning,uncensored_only,35,mmd_rbf,0.030499005690217018,128
lot_paper_reasoning,candidate,reasoning,uncensored_only,35,projected_js,0.07783903938252479,128
lot_paper_reasoning,candidate,uncensored_refusal_like,base,0,mmd_rbf,0.013017738237977028,128
lot_paper_reasoning,candidate,uncensored_refusal_like,base,0,projected_js,0.06341976032126695,128
lot_paper_reasoning,candidate,uncensored_refusal_like,base,1,mmd_rbf,0.020433304831385612,128
lot_paper_reasoning,candidate,uncensored_refusal_like,base,1,projected_js,0.07586006395285949,128
lot_paper_reasoning,candidate,uncensored_refusal_like,base,2,mmd_rbf,0.024136358872056007,128
lot_paper_reasoning,candidate,uncensored_refusal_like,base,2,projected_js,0.07439599372446537,128
lot_paper_reasoning,candidate,uncensored_refusal_like,base,3,mmd_rbf,0.03795675188302994,128
lot_paper_reasoning,candidate,uncensored_refusal_like,base,3,projected_js,0.10213009821018204,128
lot_paper_reasoning,candidate,uncensored_refusal_like,base,4,mmd_rbf,0.037491198629140854,128
lot_paper_reasoning,candidate,uncensored_refusal_like,base,4,projected_js,0.09520696388790384,128
lot_paper_reasoning,candidate,uncensored_refusal_like,base,5,mmd_rbf,0.04166806861758232,128
lot_paper_reasoning,candidate,uncensored_refusal_like,base,5,projected_js,0.09929931693477556,128
lot_paper_reasoning,candidate,uncensored_refusal_like,base,6,mmd_rbf,0.03554491326212883,128
lot_paper_reasoning,candidate,uncensored_refusal_like,base,6,projected_js,0.09087537066079676,128
lot_paper_reasoning,candidate,uncensored_refusal_like,base,7,mmd_rbf,0.035627152770757675,128
lot_paper_reasoning,candidate,uncensored_refusal_like,base,7,projected_js,0.08617961819982156,128
lot_paper_reasoning,candidate,uncensored_refusal_like,base,8,mmd_rbf,0.035063061863183975,128
lot_paper_reasoning,candidate,uncensored_refusal_like,base,8,projected_js,0.08889537042705342,128
lot_paper_reasoning,candidate,uncensored_refusal_like,base,9,mmd_rbf,0.03986611217260361,128
lot_paper_reasoning,candidate,uncensored_refusal_like,base,9,projected_js,0.09285780676873401,128
lot_paper_reasoning,candidate,uncensored_refusal_like,base,10,mmd_rbf,0.04965507984161377,128
lot_paper_reasoning,candidate,uncensored_refusal_like,base,10,projected_js,0.10884790128329769,128
lot_paper_reasoning,candidate,uncensored_refusal_like,base,11,mmd_rbf,0.05086226388812065,128
lot_paper_reasoning,candidate,uncensored_refusal_like,base,11,projected_js,0.09977391484426335,128
lot_paper_reasoning,candidate,uncensored_refusal_like,base,12,mmd_rbf,0.049262236803770065,128
lot_paper_reasoning,candidate,uncensored_refusal_like,base,12,projected_js,0.10050293130916543,128
lot_paper_reasoning,candidate,uncensored_refusal_like,base,13,mmd_rbf,0.05081154778599739,128
lot_paper_reasoning,candidate,uncensored_refusal_like,base,13,projected_js,0.10745661810506135,128
lot_paper_reasoning,candidate,uncensored_refusal_like,base,14,mmd_rbf,0.0501927025616169,128
lot_paper_reasoning,candidate,uncensored_refusal_like,base,14,projected_js,0.10052805492887273,128
lot_paper_reasoning,candidate,uncensored_refusal_like,base,15,mmd_rbf,0.04870237037539482,128
lot_paper_reasoning,candidate,uncensored_refusal_like,base,15,projected_js,0.09717597760027274,128
lot_paper_reasoning,candidate,uncensored_refusal_like,base,16,mmd_rbf,0.04836244508624077,128
lot_paper_reasoning,candidate,uncensored_refusal_like,base,16,projected_js,0.09251870721345767,128
lot_paper_reasoning,candidate,uncensored_refusal_like,base,17,mmd_rbf,0.04872776195406914,128
lot_paper_reasoning,candidate,uncensored_refusal_like,base,17,projected_js,0.09891127311857417,128
lot_paper_reasoning,candidate,uncensored_refusal_like,base,18,mmd_rbf,0.049894049763679504,128
lot_paper_reasoning,candidate,uncensored_refusal_like,base,18,projected_js,0.09739034823724069,128
lot_paper_reasoning,candidate,uncensored_refusal_like,base,19,mmd_rbf,0.05078509449958801,128
lot_paper_reasoning,candidate,uncensored_refusal_like,base,19,projected_js,0.08866159821627662,128
lot_paper_reasoning,candidate,uncensored_refusal_like,base,20,mmd_rbf,0.05749038606882095,128
lot_paper_reasoning,candidate,uncensored_refusal_like,base,20,projected_js,0.09728382440516725,128
lot_paper_reasoning,candidate,uncensored_refusal_like,base,21,mmd_rbf,0.062870092689991,128
lot_paper_reasoning,candidate,uncensored_refusal_like,base,21,projected_js,0.096732554549817,128
lot_paper_reasoning,candidate,uncensored_refusal_like,base,22,mmd_rbf,0.067733995616436,128
lot_paper_reasoning,candidate,uncensored_refusal_like,base,22,projected_js,0.1088544568629004,128
lot_paper_reasoning,candidate,uncensored_refusal_like,base,23,mmd_rbf,0.06824611872434616,128
lot_paper_reasoning,candidate,uncensored_refusal_like,base,23,projected_js,0.11063655675388873,128
lot_paper_reasoning,candidate,uncensored_refusal_like,base,24,mmd_rbf,0.06879192590713501,128
lot_paper_reasoning,candidate,uncensored_refusal_like,base,24,projected_js,0.1211665912414901,128
lot_paper_reasoning,candidate,uncensored_refusal_like,base,25,mmd_rbf,0.06794281303882599,128
lot_paper_reasoning,candidate,uncensored_refusal_like,base,25,projected_js,0.1116412878036499,128
lot_paper_reasoning,candidate,uncensored_refusal_like,base,26,mmd_rbf,0.06904201209545135,128
lot_paper_reasoning,candidate,uncensored_refusal_like,base,26,projected_js,0.11074801214272156,128
lot_paper_reasoning,candidate,uncensored_refusal_like,base,27,mmd_rbf,0.07065639644861221,128
lot_paper_reasoning,candidate,uncensored_refusal_like,base,27,projected_js,0.12064819005900063,128
lot_paper_reasoning,candidate,uncensored_refusal_like,base,28,mmd_rbf,0.07184471189975739,128
lot_paper_reasoning,candidate,uncensored_refusal_like,base,28,projected_js,0.12274516292382032,128
lot_paper_reasoning,candidate,uncensored_refusal_like,base,29,mmd_rbf,0.07011009752750397,128
lot_paper_reasoning,candidate,uncensored_refusal_like,base,29,projected_js,0.1204941874020733,128
lot_paper_reasoning,candidate,uncensored_refusal_like,base,30,mmd_rbf,0.07255475968122482,128
lot_paper_reasoning,candidate,uncensored_refusal_like,base,30,projected_js,0.1254557091742754,128
lot_paper_reasoning,candidate,uncensored_refusal_like,base,31,mmd_rbf,0.07225728780031204,128
lot_paper_reasoning,candidate,uncensored_refusal_like,base,31,projected_js,0.12303652887931094,128
lot_paper_reasoning,candidate,uncensored_refusal_like,base,32,mmd_rbf,0.07308218628168106,128
lot_paper_reasoning,candidate,uncensored_refusal_like,base,32,projected_js,0.1157876550569199,128
lot_paper_reasoning,candidate,uncensored_refusal_like,base,33,mmd_rbf,0.07112765312194824,128
lot_paper_reasoning,candidate,uncensored_refusal_like,base,33,projected_js,0.12045182223664597,128
lot_paper_reasoning,candidate,uncensored_refusal_like,base,34,mmd_rbf,0.08579937368631363,128
lot_paper_reasoning,candidate,uncensored_refusal_like,base,34,projected_js,0.12986288469983265,128
lot_paper_reasoning,candidate,uncensored_refusal_like,base,35,mmd_rbf,0.14509308338165283,128
lot_paper_reasoning,candidate,uncensored_refusal_like,base,35,projected_js,0.17434328905073926,128
lot_paper_reasoning,candidate,uncensored_refusal_like,instr_only,0,mmd_rbf,0.006080180406570435,128
lot_paper_reasoning,candidate,uncensored_refusal_like,instr_only,0,projected_js,0.046588274140958674,128
lot_paper_reasoning,candidate,uncensored_refusal_like,instr_only,1,mmd_rbf,0.010483822785317898,128
lot_paper_reasoning,candidate,uncensored_refusal_like,instr_only,1,projected_js,0.057431796012679115,128
lot_paper_reasoning,candidate,uncensored_refusal_like,instr_only,2,mmd_rbf,0.0125329764559865,128
lot_paper_reasoning,candidate,uncensored_refusal_like,instr_only,2,projected_js,0.061906761198770255,128
lot_paper_reasoning,candidate,uncensored_refusal_like,instr_only,3,mmd_rbf,0.01607176847755909,128
lot_paper_reasoning,candidate,uncensored_refusal_like,instr_only,3,projected_js,0.07160405395552516,128
lot_paper_reasoning,candidate,uncensored_refusal_like,instr_only,4,mmd_rbf,0.02040312997996807,128
lot_paper_reasoning,candidate,uncensored_refusal_like,instr_only,4,projected_js,0.07942174226627685,128
lot_paper_reasoning,candidate,uncensored_refusal_like,instr_only,5,mmd_rbf,0.023580605164170265,128
lot_paper_reasoning,candidate,uncensored_refusal_like,instr_only,5,projected_js,0.08185846550622955,128
lot_paper_reasoning,candidate,uncensored_refusal_like,instr_only,6,mmd_rbf,0.01893269084393978,128
lot_paper_reasoning,candidate,uncensored_refusal_like,instr_only,6,projected_js,0.06879255961393937,128
lot_paper_reasoning,candidate,uncensored_refusal_like,instr_only,7,mmd_rbf,0.020303798839449883,128
lot_paper_reasoning,candidate,uncensored_refusal_like,instr_only,7,projected_js,0.07742234496981837,128
lot_paper_reasoning,candidate,uncensored_refusal_like,instr_only,8,mmd_rbf,0.02010713517665863,128
lot_paper_reasoning,candidate,uncensored_refusal_like,instr_only,8,projected_js,0.07605580048402771,128
lot_paper_reasoning,candidate,uncensored_refusal_like,instr_only,9,mmd_rbf,0.023294081911444664,128
lot_paper_reasoning,candidate,uncensored_refusal_like,instr_only,9,projected_js,0.08450494386488572,128
lot_paper_reasoning,candidate,uncensored_refusal_like,instr_only,10,mmd_rbf,0.025831833481788635,128
lot_paper_reasoning,candidate,uncensored_refusal_like,instr_only,10,projected_js,0.08620445127598941,128
lot_paper_reasoning,candidate,uncensored_refusal_like,instr_only,11,mmd_rbf,0.025779182091355324,128
lot_paper_reasoning,candidate,uncensored_refusal_like,instr_only,11,projected_js,0.08819895458873361,128
lot_paper_reasoning,candidate,uncensored_refusal_like,instr_only,12,mmd_rbf,0.02615012601017952,128
lot_paper_reasoning,candidate,uncensored_refusal_like,instr_only,12,projected_js,0.08184372814139351,128
lot_paper_reasoning,candidate,uncensored_refusal_like,instr_only,13,mmd_rbf,0.02669954113662243,128
lot_paper_reasoning,candidate,uncensored_refusal_like,instr_only,13,projected_js,0.08632444124668837,128
lot_paper_reasoning,candidate,uncensored_refusal_like,instr_only,14,mmd_rbf,0.024890553206205368,128
lot_paper_reasoning,candidate,uncensored_refusal_like,instr_only,14,projected_js,0.08420531306182966,128
lot_paper_reasoning,candidate,uncensored_refusal_like,instr_only,15,mmd_rbf,0.024102210998535156,128
lot_paper_reasoning,candidate,uncensored_refusal_like,instr_only,15,projected_js,0.0827908436767757,128
lot_paper_reasoning,candidate,uncensored_refusal_like,instr_only,16,mmd_rbf,0.024154936894774437,128
lot_paper_reasoning,candidate,uncensored_refusal_like,instr_only,16,projected_js,0.08111972385086119,128
lot_paper_reasoning,candidate,uncensored_refusal_like,instr_only,17,mmd_rbf,0.025300443172454834,128
lot_paper_reasoning,candidate,uncensored_refusal_like,instr_only,17,projected_js,0.08051238174084574,128
lot_paper_reasoning,candidate,uncensored_refusal_like,instr_only,18,mmd_rbf,0.026288503780961037,128
lot_paper_reasoning,candidate,uncensored_refusal_like,instr_only,18,projected_js,0.08175039320485666,128
lot_paper_reasoning,candidate,uncensored_refusal_like,instr_only,19,mmd_rbf,0.02703932859003544,128
lot_paper_reasoning,candidate,uncensored_refusal_like,instr_only,19,projected_js,0.07930510130245239,128
lot_paper_reasoning,candidate,uncensored_refusal_like,instr_only,20,mmd_rbf,0.026998067274689674,128
lot_paper_reasoning,candidate,uncensored_refusal_like,instr_only,20,projected_js,0.0799238866311498,128
lot_paper_reasoning,candidate,uncensored_refusal_like,instr_only,21,mmd_rbf,0.02947095036506653,128
lot_paper_reasoning,candidate,uncensored_refusal_like,instr_only,21,projected_js,0.08001524588325992,128
lot_paper_reasoning,candidate,uncensored_refusal_like,instr_only,22,mmd_rbf,0.027949130162596703,128
lot_paper_reasoning,candidate,uncensored_refusal_like,instr_only,22,projected_js,0.07856999279465526,128
lot_paper_reasoning,candidate,uncensored_refusal_like,instr_only,23,mmd_rbf,0.027096940204501152,128
lot_paper_reasoning,candidate,uncensored_refusal_like,instr_only,23,projected_js,0.0817912655766122,128
lot_paper_reasoning,candidate,uncensored_refusal_like,instr_only,24,mmd_rbf,0.028264120221138,128
lot_paper_reasoning,candidate,uncensored_refusal_like,instr_only,24,projected_js,0.07971281796926633,128
lot_paper_reasoning,candidate,uncensored_refusal_like,instr_only,25,mmd_rbf,0.03022053837776184,128
lot_paper_reasoning,candidate,uncensored_refusal_like,instr_only,25,projected_js,0.07614072086289525,128
lot_paper_reasoning,candidate,uncensored_refusal_like,instr_only,26,mmd_rbf,0.03323538228869438,128
lot_paper_reasoning,candidate,uncensored_refusal_like,instr_only,26,projected_js,0.08240314217982814,128
lot_paper_reasoning,candidate,uncensored_refusal_like,instr_only,27,mmd_rbf,0.03454817458987236,128
lot_paper_reasoning,candidate,uncensored_refusal_like,instr_only,27,projected_js,0.08446457865647972,128
lot_paper_reasoning,candidate,uncensored_refusal_like,instr_only,28,mmd_rbf,0.03622521087527275,128
lot_paper_reasoning,candidate,uncensored_refusal_like,instr_only,28,projected_js,0.08803166711004451,128
lot_paper_reasoning,candidate,uncensored_refusal_like,instr_only,29,mmd_rbf,0.03723258525133133,128
lot_paper_reasoning,candidate,uncensored_refusal_like,instr_only,29,projected_js,0.08969451166922227,128
lot_paper_reasoning,candidate,uncensored_refusal_like,instr_only,30,mmd_rbf,0.039683952927589417,128
lot_paper_reasoning,candidate,uncensored_refusal_like,instr_only,30,projected_js,0.0908277751877904,128
lot_paper_reasoning,candidate,uncensored_refusal_like,instr_only,31,mmd_rbf,0.041500724852085114,128
lot_paper_reasoning,candidate,uncensored_refusal_like,instr_only,31,projected_js,0.09212016966193914,128
lot_paper_reasoning,candidate,uncensored_refusal_like,instr_only,32,mmd_rbf,0.043872471898794174,128
lot_paper_reasoning,candidate,uncensored_refusal_like,instr_only,32,projected_js,0.09234409767668694,128
lot_paper_reasoning,candidate,uncensored_refusal_like,instr_only,33,mmd_rbf,0.04728013277053833,128
lot_paper_reasoning,candidate,uncensored_refusal_like,instr_only,33,projected_js,0.0952965579344891,128
lot_paper_reasoning,candidate,uncensored_refusal_like,instr_only,34,mmd_rbf,0.053835805505514145,128
lot_paper_reasoning,candidate,uncensored_refusal_like,instr_only,34,projected_js,0.09453022037632763,128
lot_paper_reasoning,candidate,uncensored_refusal_like,instr_only,35,mmd_rbf,0.1520051807165146,128
lot_paper_reasoning,candidate,uncensored_refusal_like,instr_only,35,projected_js,0.1959269434446469,128
lot_paper_reasoning,candidate,uncensored_refusal_like,reasoning_only,0,mmd_rbf,0.019302666187286377,128
lot_paper_reasoning,candidate,uncensored_refusal_like,reasoning_only,0,projected_js,0.08421917003579438,128
lot_paper_reasoning,candidate,uncensored_refusal_like,reasoning_only,1,mmd_rbf,0.02216547727584839,128
lot_paper_reasoning,candidate,uncensored_refusal_like,reasoning_only,1,projected_js,0.07542245008517057,128
lot_paper_reasoning,candidate,uncensored_refusal_like,reasoning_only,2,mmd_rbf,0.024975499138236046,128
lot_paper_reasoning,candidate,uncensored_refusal_like,reasoning_only,2,projected_js,0.07360912376316264,128
lot_paper_reasoning,candidate,uncensored_refusal_like,reasoning_only,3,mmd_rbf,0.028732433915138245,128
lot_paper_reasoning,candidate,uncensored_refusal_like,reasoning_only,3,projected_js,0.08241440923302434,128
lot_paper_reasoning,candidate,uncensored_refusal_like,reasoning_only,4,mmd_rbf,0.029047464951872826,128
lot_paper_reasoning,candidate,uncensored_refusal_like,reasoning_only,4,projected_js,0.09006753069115803,128
lot_paper_reasoning,candidate,uncensored_refusal_like,reasoning_only,5,mmd_rbf,0.029157621785998344,128
lot_paper_reasoning,candidate,uncensored_refusal_like,reasoning_only,5,projected_js,0.09309862460941076,128
lot_paper_reasoning,candidate,uncensored_refusal_like,reasoning_only,6,mmd_rbf,0.021270092576742172,128
lot_paper_reasoning,candidate,uncensored_refusal_like,reasoning_only,6,projected_js,0.07850390346720815,128
lot_paper_reasoning,candidate,uncensored_refusal_like,reasoning_only,7,mmd_rbf,0.021833959966897964,128
lot_paper_reasoning,candidate,uncensored_refusal_like,reasoning_only,7,projected_js,0.0814173586841207,128
lot_paper_reasoning,candidate,uncensored_refusal_like,reasoning_only,8,mmd_rbf,0.020895808935165405,128
lot_paper_reasoning,candidate,uncensored_refusal_like,reasoning_only,8,projected_js,0.0818217798951082,128
lot_paper_reasoning,candidate,uncensored_refusal_like,reasoning_only,9,mmd_rbf,0.023049209266901016,128
lot_paper_reasoning,candidate,uncensored_refusal_like,reasoning_only,9,projected_js,0.08028272388037294,128
lot_paper_reasoning,candidate,uncensored_refusal_like,reasoning_only,10,mmd_rbf,0.03077877126634121,128
lot_paper_reasoning,candidate,uncensored_refusal_like,reasoning_only,10,projected_js,0.08376055769622326,128
lot_paper_reasoning,candidate,uncensored_refusal_like,reasoning_only,11,mmd_rbf,0.03246569260954857,128
lot_paper_reasoning,candidate,uncensored_refusal_like,reasoning_only,11,projected_js,0.08605779526988044,128
lot_paper_reasoning,candidate,uncensored_refusal_like,reasoning_only,12,mmd_rbf,0.03324340656399727,128
lot_paper_reasoning,candidate,uncensored_refusal_like,reasoning_only,12,projected_js,0.08009787445189431,128
lot_paper_reasoning,candidate,uncensored_refusal_like,reasoning_only,13,mmd_rbf,0.033710259944200516,128
lot_paper_reasoning,candidate,uncensored_refusal_like,reasoning_only,13,projected_js,0.08346576592884958,128
lot_paper_reasoning,candidate,uncensored_refusal_like,reasoning_only,14,mmd_rbf,0.033059194684028625,128
lot_paper_reasoning,candidate,uncensored_refusal_like,reasoning_only,14,projected_js,0.08311534521635622,128
lot_paper_reasoning,candidate,uncensored_refusal_like,reasoning_only,15,mmd_rbf,0.032994892448186874,128
lot_paper_reasoning,candidate,uncensored_refusal_like,reasoning_only,15,projected_js,0.08684430169523694,128
lot_paper_reasoning,candidate,uncensored_refusal_like,reasoning_only,16,mmd_rbf,0.032485250383615494,128
lot_paper_reasoning,candidate,uncensored_refusal_like,reasoning_only,16,projected_js,0.0773436194867827,128
lot_paper_reasoning,candidate,uncensored_refusal_like,reasoning_only,17,mmd_rbf,0.03207403048872948,128
lot_paper_reasoning,candidate,uncensored_refusal_like,reasoning_only,17,projected_js,0.07554665819043294,128
lot_paper_reasoning,candidate,uncensored_refusal_like,reasoning_only,18,mmd_rbf,0.0349079929292202,128
lot_paper_reasoning,candidate,uncensored_refusal_like,reasoning_only,18,projected_js,0.07796277228044346,128
lot_paper_reasoning,candidate,uncensored_refusal_like,reasoning_only,19,mmd_rbf,0.03289904072880745,128
lot_paper_reasoning,candidate,uncensored_refusal_like,reasoning_only,19,projected_js,0.08104128763079643,128
lot_paper_reasoning,candidate,uncensored_refusal_like,reasoning_only,20,mmd_rbf,0.03393574804067612,128
lot_paper_reasoning,candidate,uncensored_refusal_like,reasoning_only,20,projected_js,0.08227772219106555,128
lot_paper_reasoning,candidate,uncensored_refusal_like,reasoning_only,21,mmd_rbf,0.034475844353437424,128
lot_paper_reasoning,candidate,uncensored_refusal_like,reasoning_only,21,projected_js,0.0813680361607112,128
lot_paper_reasoning,candidate,uncensored_refusal_like,reasoning_only,22,mmd_rbf,0.03447219356894493,128
lot_paper_reasoning,candidate,uncensored_refusal_like,reasoning_only,22,projected_js,0.08704486864735372,128
lot_paper_reasoning,candidate,uncensored_refusal_like,reasoning_only,23,mmd_rbf,0.03047947958111763,128
lot_paper_reasoning,candidate,uncensored_refusal_like,reasoning_only,23,projected_js,0.08315417711855844,128
lot_paper_reasoning,candidate,uncensored_refusal_like,reasoning_only,24,mmd_rbf,0.035384926944971085,128
lot_paper_reasoning,candidate,uncensored_refusal_like,reasoning_only,24,projected_js,0.08606699033407494,128
lot_paper_reasoning,candidate,uncensored_refusal_like,reasoning_only,25,mmd_rbf,0.034766074270009995,128
lot_paper_reasoning,candidate,uncensored_refusal_like,reasoning_only,25,projected_js,0.08623688906664029,128
lot_paper_reasoning,candidate,uncensored_refusal_like,reasoning_only,26,mmd_rbf,0.03693367540836334,128
lot_paper_reasoning,candidate,uncensored_refusal_like,reasoning_only,26,projected_js,0.08523319638334215,128
lot_paper_reasoning,candidate,uncensored_refusal_like,reasoning_only,27,mmd_rbf,0.03906450793147087,128
lot_paper_reasoning,candidate,uncensored_refusal_like,reasoning_only,27,projected_js,0.08851420052815229,128
lot_paper_reasoning,candidate,uncensored_refusal_like,reasoning_only,28,mmd_rbf,0.03968781977891922,128
lot_paper_reasoning,candidate,uncensored_refusal_like,reasoning_only,28,projected_js,0.09643562493147328,128
lot_paper_reasoning,candidate,uncensored_refusal_like,reasoning_only,29,mmd_rbf,0.03889543190598488,128
lot_paper_reasoning,candidate,uncensored_refusal_like,reasoning_only,29,projected_js,0.0954751429380849,128
lot_paper_reasoning,candidate,uncensored_refusal_like,reasoning_only,30,mmd_rbf,0.04222389683127403,128
lot_paper_reasoning,candidate,uncensored_refusal_like,reasoning_only,30,projected_js,0.10508640023181215,128
lot_paper_reasoning,candidate,uncensored_refusal_like,reasoning_only,31,mmd_rbf,0.041446153074502945,128
lot_paper_reasoning,candidate,uncensored_refusal_like,reasoning_only,31,projected_js,0.09865374775836244,128
lot_paper_reasoning,candidate,uncensored_refusal_like,reasoning_only,32,mmd_rbf,0.04404730722308159,128
lot_paper_reasoning,candidate,uncensored_refusal_like,reasoning_only,32,projected_js,0.09659257665043697,128
lot_paper_reasoning,candidate,uncensored_refusal_like,reasoning_only,33,mmd_rbf,0.04320242628455162,128
lot_paper_reasoning,candidate,uncensored_refusal_like,reasoning_only,33,projected_js,0.09451657527824864,128
lot_paper_reasoning,candidate,uncensored_refusal_like,reasoning_only,34,mmd_rbf,0.052523739635944366,128
lot_paper_reasoning,candidate,uncensored_refusal_like,reasoning_only,34,projected_js,0.09779784706188366,128
lot_paper_reasoning,candidate,uncensored_refusal_like,reasoning_only,35,mmd_rbf,0.03838387504220009,128
lot_paper_reasoning,candidate,uncensored_refusal_like,reasoning_only,35,projected_js,0.08691049786284566,128
lot_paper_reasoning,candidate,uncensored_refusal_like,uncensored_only,0,mmd_rbf,0.013741403818130493,128
lot_paper_reasoning,candidate,uncensored_refusal_like,uncensored_only,0,projected_js,0.06493557340581901,128
lot_paper_reasoning,candidate,uncensored_refusal_like,uncensored_only,1,mmd_rbf,0.22986546158790588,128
lot_paper_reasoning,candidate,uncensored_refusal_like,uncensored_only,1,projected_js,0.25481026561465114,128
lot_paper_reasoning,candidate,uncensored_refusal_like,uncensored_only,2,mmd_rbf,0.21420244872570038,128
lot_paper_reasoning,candidate,uncensored_refusal_like,uncensored_only,2,projected_js,0.21656215231632814,128
lot_paper_reasoning,candidate,uncensored_refusal_like,uncensored_only,3,mmd_rbf,0.1738898605108261,128
lot_paper_reasoning,candidate,uncensored_refusal_like,uncensored_only,3,projected_js,0.17606165300821885,128
lot_paper_reasoning,candidate,uncensored_refusal_like,uncensored_only,4,mmd_rbf,0.14093808829784393,128
lot_paper_reasoning,candidate,uncensored_refusal_like,uncensored_only,4,projected_js,0.17370261438190937,128
lot_paper_reasoning,candidate,uncensored_refusal_like,uncensored_only,5,mmd_rbf,0.11409784853458405,128
lot_paper_reasoning,candidate,uncensored_refusal_like,uncensored_only,5,projected_js,0.17000377003569156,128
lot_paper_reasoning,candidate,uncensored_refusal_like,uncensored_only,6,mmd_rbf,0.07207850366830826,128
lot_paper_reasoning,candidate,uncensored_refusal_like,uncensored_only,6,projected_js,0.12716124567668885,128
lot_paper_reasoning,candidate,uncensored_refusal_like,uncensored_only,7,mmd_rbf,0.05779385194182396,128
lot_paper_reasoning,candidate,uncensored_refusal_like,uncensored_only,7,projected_js,0.11253440583823249,128
lot_paper_reasoning,candidate,uncensored_refusal_like,uncensored_only,8,mmd_rbf,0.044513728469610214,128
lot_paper_reasoning,candidate,uncensored_refusal_like,uncensored_only,8,projected_js,0.09791747416602448,128
lot_paper_reasoning,candidate,uncensored_refusal_like,uncensored_only,9,mmd_rbf,0.041001319885253906,128
lot_paper_reasoning,candidate,uncensored_refusal_like,uncensored_only,9,projected_js,0.08739789330866188,128
lot_paper_reasoning,candidate,uncensored_refusal_like,uncensored_only,10,mmd_rbf,0.040386687964200974,128
lot_paper_reasoning,candidate,uncensored_refusal_like,uncensored_only,10,projected_js,0.09531968453666195,128
lot_paper_reasoning,candidate,uncensored_refusal_like,uncensored_only,11,mmd_rbf,0.033520933240652084,128
lot_paper_reasoning,candidate,uncensored_refusal_like,uncensored_only,11,projected_js,0.08448447729460895,128
lot_paper_reasoning,candidate,uncensored_refusal_like,uncensored_only,12,mmd_rbf,0.03581831604242325,128
lot_paper_reasoning,candidate,uncensored_refusal_like,uncensored_only,12,projected_js,0.09047922393074259,128
lot_paper_reasoning,candidate,uncensored_refusal_like,uncensored_only,13,mmd_rbf,0.03986817225813866,128
lot_paper_reasoning,candidate,uncensored_refusal_like,uncensored_only,13,projected_js,0.0958667189697735,128
lot_paper_reasoning,candidate,uncensored_refusal_like,uncensored_only,14,mmd_rbf,0.03952009603381157,128
lot_paper_reasoning,candidate,uncensored_refusal_like,uncensored_only,14,projected_js,0.09379375475691631,128
lot_paper_reasoning,candidate,uncensored_refusal_like,uncensored_only,15,mmd_rbf,0.04725173860788345,128
lot_paper_reasoning,candidate,uncensored_refusal_like,uncensored_only,15,projected_js,0.09757711162092164,128
lot_paper_reasoning,candidate,uncensored_refusal_like,uncensored_only,16,mmd_rbf,0.04772491380572319,128
lot_paper_reasoning,candidate,uncensored_refusal_like,uncensored_only,16,projected_js,0.09342706942697987,128
lot_paper_reasoning,candidate,uncensored_refusal_like,uncensored_only,17,mmd_rbf,0.04703763872385025,128
lot_paper_reasoning,candidate,uncensored_refusal_like,uncensored_only,17,projected_js,0.09595744748366997,128
lot_paper_reasoning,candidate,uncensored_refusal_like,uncensored_only,18,mmd_rbf,0.04986393824219704,128
lot_paper_reasoning,candidate,uncensored_refusal_like,uncensored_only,18,projected_js,0.09658174309879541,128
lot_paper_reasoning,candidate,uncensored_refusal_like,uncensored_only,19,mmd_rbf,0.04834495112299919,128
lot_paper_reasoning,candidate,uncensored_refusal_like,uncensored_only,19,projected_js,0.09352608857443556,128
lot_paper_reasoning,candidate,uncensored_refusal_like,uncensored_only,20,mmd_rbf,0.04993174970149994,128
lot_paper_reasoning,candidate,uncensored_refusal_like,uncensored_only,20,projected_js,0.09283872286323458,128
lot_paper_reasoning,candidate,uncensored_refusal_like,uncensored_only,21,mmd_rbf,0.05543629080057144,128
lot_paper_reasoning,candidate,uncensored_refusal_like,uncensored_only,21,projected_js,0.10122789803426713,128
lot_paper_reasoning,candidate,uncensored_refusal_like,uncensored_only,22,mmd_rbf,0.05492067337036133,128
lot_paper_reasoning,candidate,uncensored_refusal_like,uncensored_only,22,projected_js,0.1029561857576482,128
lot_paper_reasoning,candidate,uncensored_refusal_like,uncensored_only,23,mmd_rbf,0.05423721298575401,128
lot_paper_reasoning,candidate,uncensored_refusal_like,uncensored_only,23,projected_js,0.11387969664065167,128
lot_paper_reasoning,candidate,uncensored_refusal_like,uncensored_only,24,mmd_rbf,0.059047747403383255,128
lot_paper_reasoning,candidate,uncensored_refusal_like,uncensored_only,24,projected_js,0.11299169500125572,128
lot_paper_reasoning,candidate,uncensored_refusal_like,uncensored_only,25,mmd_rbf,0.06314267963171005,128
lot_paper_reasoning,candidate,uncensored_refusal_like,uncensored_only,25,projected_js,0.10714848339557648,128
lot_paper_reasoning,candidate,uncensored_refusal_like,uncensored_only,26,mmd_rbf,0.06549187749624252,128
lot_paper_reasoning,candidate,uncensored_refusal_like,uncensored_only,26,projected_js,0.10417426814092323,128
lot_paper_reasoning,candidate,uncensored_refusal_like,uncensored_only,27,mmd_rbf,0.06692572683095932,128
lot_paper_reasoning,candidate,uncensored_refusal_like,uncensored_only,27,projected_js,0.11135069304145873,128
lot_paper_reasoning,candidate,uncensored_refusal_like,uncensored_only,28,mmd_rbf,0.06726305931806564,128
lot_paper_reasoning,candidate,uncensored_refusal_like,uncensored_only,28,projected_js,0.12058615760179237,128
lot_paper_reasoning,candidate,uncensored_refusal_like,uncensored_only,29,mmd_rbf,0.06559362262487411,128
lot_paper_reasoning,candidate,uncensored_refusal_like,uncensored_only,29,projected_js,0.11679809994529933,128
lot_paper_reasoning,candidate,uncensored_refusal_like,uncensored_only,30,mmd_rbf,0.07008574157953262,128
lot_paper_reasoning,candidate,uncensored_refusal_like,uncensored_only,30,projected_js,0.11832827987382188,128
lot_paper_reasoning,candidate,uncensored_refusal_like,uncensored_only,31,mmd_rbf,0.06987686455249786,128
lot_paper_reasoning,candidate,uncensored_refusal_like,uncensored_only,31,projected_js,0.11784588696900755,128
lot_paper_reasoning,candidate,uncensored_refusal_like,uncensored_only,32,mmd_rbf,0.07140380144119263,128
lot_paper_reasoning,candidate,uncensored_refusal_like,uncensored_only,32,projected_js,0.11501760763349012,128
lot_paper_reasoning,candidate,uncensored_refusal_like,uncensored_only,33,mmd_rbf,0.07297781854867935,128
lot_paper_reasoning,candidate,uncensored_refusal_like,uncensored_only,33,projected_js,0.10712885233806446,128
lot_paper_reasoning,candidate,uncensored_refusal_like,uncensored_only,34,mmd_rbf,0.07706472277641296,128
lot_paper_reasoning,candidate,uncensored_refusal_like,uncensored_only,34,projected_js,0.11202056653564796,128
lot_paper_reasoning,candidate,uncensored_refusal_like,uncensored_only,35,mmd_rbf,0.1554539054632187,128
lot_paper_reasoning,candidate,uncensored_refusal_like,uncensored_only,35,projected_js,0.18090220890007913,128
