model_id,model_kind,calib_subset,target_id,layer,metric,value,n_prompts
lot_paper_uncensored_refusal_like,candidate,general,base,0,mmd_rbf,0.007588326930999756,128
lot_paper_uncensored_refusal_like,candidate,general,base,0,projected_js,0.047255126235540956,128
lot_paper_uncensored_refusal_like,candidate,general,base,1,mmd_rbf,0.025178417563438416,128
lot_paper_uncensored_refusal_like,candidate,general,base,1,projected_js,0.06157344998791814,128
lot_paper_uncensored_refusal_like,candidate,general,base,2,mmd_rbf,0.018459683284163475,128
lot_paper_uncensored_refusal_like,candidate,general,base,2,projected_js,0.0644210942555219,128
lot_paper_uncensored_refusal_like,candidate,general,base,3,mmd_rbf,0.017047585919499397,128
lot_paper_uncensored_refusal_like,candidate,general,base,3,projected_js,0.06721044913865626,128
lot_paper_uncensored_refusal_like,candidate,general,base,4,mmd_rbf,0.014745858497917652,128
lot_paper_uncensored_refusal_like,candidate,general,base,4,projected_js,0.06262533803237602,128
lot_paper_uncensored_refusal_like,candidate,general,base,5,mmd_rbf,0.013385605998337269,128
lot_paper_uncensored_refusal_like,candidate,general,base,5,projected_js,0.06192198189091869,128
lot_paper_uncensored_refusal_like,candidate,general,base,6,mmd_rbf,0.009791724383831024,128
lot_paper_uncensored_refusal_like,candidate,general,base,6,projected_js,0.05694503564154729,128
lot_paper_uncensored_refusal_like,candidate,general,base,7,mmd_rbf,0.00934226531535387,128
lot_paper_uncensored_refusal_like,candidate,general,base,7,projected_js,0.0572263652284164,128
lot_paper_uncensored_refusal_like,candidate,general,base,8,mmd_rbf,0.00814554002135992,128
lot_paper_uncensored_refusal_like,candidate,general,base,8,projected_js,0.05749005591496825,128
lot_paper_uncensored_refusal_like,candidate,general,base,9,mmd_rbf,0.008641467429697514,128
lot_paper_uncensored_refusal_like,candidate,general,base,9,projected_js,0.05914894869783893,128
lot_paper_uncensored_refusal_like,candidate,general,base,10,mmd_rbf,0.010072754696011543,128
lot_paper_uncensored_refusal_like,candidate,general,base,10,projected_js,0.057910355244530365,128
lot_paper_uncensored_refusal_like,candidate,general,base,11,mmd_rbf,0.009144170209765434,128
lot_paper_uncensored_refusal_like,candidate,general,base,11,projected_js,0.0610449145315215,128
lot_paper_uncensored_refusal_like,candidate,general,base,12,mmd_rbf,0.008471503853797913,128
lot_paper_uncensored_refusal_like,candidate,general,base,12,projected_js,0.06053558175335638,128
lot_paper_uncensored_refusal_like,candidate,general,base,13,mmd_rbf,0.008870759978890419,128
lot_paper_uncensored_refusal_like,candidate,general,base,13,projected_js,0.062121745373588055,128
lot_paper_uncensored_refusal_like,candidate,general,base,14,mmd_rbf,0.008566813543438911,128
lot_paper_uncensored_refusal_like,candidate,general,base,14,projected_js,0.06285320295137353,128
lot_paper_uncensored_refusal_like,candidate,general,base,15,mmd_rbf,0.009044559672474861,128
lot_paper_uncensored_refusal_like,candidate,general,base,15,projected_js,0.06293294636998326,128
lot_paper_uncensored_refusal_like,candidate,general,base,16,mmd_rbf,0.010254299268126488,128
lot_paper_uncensored_refusal_like,candidate,general,base,16,projected_js,0.06368889356963336,128
lot_paper_uncensored_refusal_like,candidate,general,base,17,mmd_rbf,0.009834998287260532,128
lot_paper_uncensored_refusal_like,candidate,general,base,17,projected_js,0.06268763387924992,128
lot_paper_uncensored_refusal_like,candidate,general,base,18,mmd_rbf,0.010278595611453056,128
lot_paper_uncensored_refusal_like,candidate,general,base,18,projected_js,0.06664589198771864,128
lot_paper_uncensored_refusal_like,candidate,general,base,19,mmd_rbf,0.011204095557332039,128
lot_paper_uncensored_refusal_like,candidate,general,base,19,projected_js,0.0664712367579341,128
lot_paper_uncensored_refusal_like,candidate,general,base,20,mmd_rbf,0.01115566398948431,128
lot_paper_uncensored_refusal_like,candidate,general,base,20,projected_js,0.06304378097411245,128
lot_paper_uncensored_refusal_like,candidate,general,base,21,mmd_rbf,0.012686437927186489,128
lot_paper_uncensored_refusal_like,candidate,general,base,21,projected_js,0.06747245095903054,128
lot_paper_uncensored_refusal_like,candidate,general,base,22,mmd_rbf,0.012864875607192516,128
lot_paper_uncensored_refusal_like,candidate,general,base,22,projected_js,0.06286076531978324,128
lot_paper_uncensored_refusal_like,candidate,general,base,23,mmd_rbf,0.011567155830562115,128
lot_paper_uncensored_refusal_like,candidate,general,base,23,projected_js,0.0634522715699859,128
lot_paper_uncensored_refusal_like,candidate,general,base,24,mmd_rbf,0.01113909762352705,128
lot_paper_uncensored_refusal_like,candidate,general,base,24,projected_js,0.06351905647898093,128
lot_paper_uncensored_refusal_like,candidate,general,base,25,mmd_rbf,0.010775047354400158,128
lot_paper_uncensored_refusal_like,candidate,general,base,25,projected_js,0.06240988848730922,128
lot_paper_uncensored_refusal_like,candidate,general,base,26,mmd_rbf,0.011063776910305023,128
lot_paper_uncensored_refusal_like,candidate,general,base,26,projected_js,0.06183907308150083,128
lot_paper_uncensored_refusal_like,candidate,general,base,27,mmd_rbf,0.01137565728276968,128
lot_paper_uncensored_refusal_like,candidate,general,base,27,projected_js,0.0648277496220544,128
lot_paper_uncensored_refusal_like,candidate,general,base,28,mmd_rbf,0.011233903467655182,128
lot_paper_uncensored_refusal_like,candidate,general,base,28,projected_js,0.061540392285678536,128
lot_paper_uncensored_refusal_like,candidate,general,base,29,mmd_rbf,0.011221691034734249,128
lot_paper_uncensored_refusal_like,candidate,general,base,29,projected_js,0.06431378715205938,128
lot_paper_uncensored_refusal_like,candidate,general,base,30,mmd_rbf,0.011641625314950943,128
lot_paper_uncensored_refusal_like,candidate,general,base,30,projected_js,0.0637141521438025,128
lot_paper_uncensored_refusal_like,candidate,general,base,31,mmd_rbf,0.012092114426195621,128
lot_paper_uncensored_refusal_like,candidate,general,base,31,projected_js,0.06511951162246987,128
lot_paper_uncensored_refusal_like,candidate,general,base,32,mmd_rbf,0.013141966424882412,128
lot_paper_uncensored_refusal_like,candidate,general,base,32,projected_js,0.06518887294805609,128
lot_paper_uncensored_refusal_like,candidate,general,base,33,mmd_rbf,0.014640879817306995,128
lot_paper_uncensored_refusal_like,candidate,general,base,33,projected_js,0.06731690323795192,128
lot_paper_uncensored_refusal_like,candidate,general,base,34,mmd_rbf,0.023963330313563347,128
lot_paper_uncensored_refusal_like,candidate,general,base,34,projected_js,0.07979505267576315,128
lot_paper_uncensored_refusal_like,candidate,general,base,35,mmd_rbf,0.15007944405078888,128
lot_paper_uncensored_refusal_like,candidate,general,base,35,projected_js,0.18168560293270275,128
lot_paper_uncensored_refusal_like,candidate,general,instr_only,0,mmd_rbf,0.002841740846633911,128
lot_paper_uncensored_refusal_like,candidate,general,instr_only,0,projected_js,0.03124452245538123,128
lot_paper_uncensored_refusal_like,candidate,general,instr_only,1,mmd_rbf,0.020804880186915398,128
lot_paper_uncensored_refusal_like,candidate,general,instr_only,1,projected_js,0.05917781050084159,128
lot_paper_uncensored_refusal_like,candidate,general,instr_only,2,mmd_rbf,0.014003629796206951,128
lot_paper_uncensored_refusal_like,candidate,general,instr_only,2,projected_js,0.06062032445333898,128
lot_paper_uncensored_refusal_like,candidate,general,instr_only,3,mmd_rbf,0.011027660220861435,128
lot_paper_uncensored_refusal_like,candidate,general,instr_only,3,projected_js,0.05730066436808556,128
lot_paper_uncensored_refusal_like,candidate,general,instr_only,4,mmd_rbf,0.009480989538133144,128
lot_paper_uncensored_refusal_like,candidate,general,instr_only,4,projected_js,0.051013426651479676,128
lot_paper_uncensored_refusal_like,candidate,general,instr_only,5,mmd_rbf,0.008147058077156544,128
lot_paper_uncensored_refusal_like,candidate,general,instr_only,5,projected_js,0.05302747557288967,128
lot_paper_uncensored_refusal_like,candidate,general,instr_only,6,mmd_rbf,0.00546806026250124,128
lot_paper_uncensored_refusal_like,candidate,general,instr_only,6,projected_js,0.04900008215918206,128
lot_paper_uncensored_refusal_like,candidate,general,instr_only,7,mmd_rbf,0.005673716310411692,128
lot_paper_uncensored_refusal_like,candidate,general,instr_only,7,projected_js,0.05263079848373309,128
lot_paper_uncensored_refusal_like,candidate,general,instr_only,8,mmd_rbf,0.005475230515003204,128
lot_paper_uncensored_refusal_like,candidate,general,instr_only,8,projected_js,0.055639571393840015,128
lot_paper_uncensored_refusal_like,candidate,general,instr_only,9,mmd_rbf,0.006115989293903112,128
lot_paper_uncensored_refusal_like,candidate,general,instr_only,9,projected_js,0.05648643648601137,128
lot_paper_uncensored_refusal_like,candidate,general,instr_only,10,mmd_rbf,0.00784813892096281,128
lot_paper_uncensored_refusal_like,candidate,general,instr_only,10,projected_js,0.0573191370931454,128
lot_paper_uncensored_refusal_like,candidate,general,instr_only,11,mmd_rbf,0.008070087060332298,128
lot_paper_uncensored_refusal_like,candidate,general,instr_only,11,projected_js,0.05938361067092046,128
lot_paper_uncensored_refusal_like,candidate,general,instr_only,12,mmd_rbf,0.007759812753647566,128
lot_paper_uncensored_refusal_like,candidate,general,instr_only,12,projected_js,0.057053302647545934,128
lot_paper_uncensored_refusal_like,candidate,general,instr_only,13,mmd_rbf,0.008886906318366528,128
lot_paper_uncensored_refusal_like,candidate,general,instr_only,13,projected_js,0.06430345930857584,128
lot_paper_uncensored_refusal_like,candidate,general,instr_only,14,mmd_rbf,0.008332445286214352,128
lot_paper_uncensored_refusal_like,candidate,general,instr_only,14,projected_js,0.06443485600175336,128
lot_paper_uncensored_refusal_like,candidate,general,instr_only,15,mmd_rbf,0.008693988434970379,128
lot_paper_uncensored_refusal_like,candidate,general,instr_only,15,projected_js,0.06144600996049121,128
lot_paper_uncensored_refusal_like,candidate,general,instr_only,16,mmd_rbf,0.009085388854146004,128
lot_paper_uncensored_refusal_like,candidate,general,instr_only,16,projected_js,0.06023014790844172,128
lot_paper_uncensored_refusal_like,candidate,general,instr_only,17,mmd_rbf,0.009000609628856182,128
lot_paper_uncensored_refusal_like,candidate,general,instr_only,17,projected_js,0.06682810297934338,128
lot_paper_uncensored_refusal_like,candidate,general,instr_only,18,mmd_rbf,0.009488902986049652,128
lot_paper_uncensored_refusal_like,candidate,general,instr_only,18,projected_js,0.06375020288396627,128
lot_paper_uncensored_refusal_like,candidate,general,instr_only,19,mmd_rbf,0.009951888583600521,128
lot_paper_uncensored_refusal_like,candidate,general,instr_only,19,projected_js,0.06647654972039163,128
lot_paper_uncensored_refusal_like,candidate,general,instr_only,20,mmd_rbf,0.009587923996150494,128
lot_paper_uncensored_refusal_like,candidate,general,instr_only,20,projected_js,0.0632512271986343,128
lot_paper_uncensored_refusal_like,candidate,general,instr_only,21,mmd_rbf,0.011039149016141891,128
lot_paper_uncensored_refusal_like,candidate,general,instr_only,21,projected_js,0.06447586591821164,128
lot_paper_uncensored_refusal_like,candidate,general,instr_only,22,mmd_rbf,0.010482972487807274,128
lot_paper_uncensored_refusal_like,candidate,general,instr_only,22,projected_js,0.06138093463960104,128
lot_paper_uncensored_refusal_like,candidate,general,instr_only,23,mmd_rbf,0.009546920657157898,128
lot_paper_uncensored_refusal_like,candidate,general,instr_only,23,projected_js,0.05904980344348587,128
lot_paper_uncensored_refusal_like,candidate,general,instr_only,24,mmd_rbf,0.009421850554645061,128
lot_paper_uncensored_refusal_like,candidate,general,instr_only,24,projected_js,0.061333839839790016,128
lot_paper_uncensored_refusal_like,candidate,general,instr_only,25,mmd_rbf,0.009328399784862995,128
lot_paper_uncensored_refusal_like,candidate,general,instr_only,25,projected_js,0.0634205641108565,128
lot_paper_uncensored_refusal_like,candidate,general,instr_only,26,mmd_rbf,0.009657996706664562,128
lot_paper_uncensored_refusal_like,candidate,general,instr_only,26,projected_js,0.062055390095338225,128
lot_paper_uncensored_refusal_like,candidate,general,instr_only,27,mmd_rbf,0.010096803307533264,128
lot_paper_uncensored_refusal_like,candidate,general,instr_only,27,projected_js,0.06251672428334132,128
lot_paper_uncensored_refusal_like,candidate,general,instr_only,28,mmd_rbf,0.009655392728745937,128
lot_paper_uncensored_refusal_like,candidate,general,instr_only,28,projected_js,0.059195325477048755,128
lot_paper_uncensored_refusal_like,candidate,general,instr_only,29,mmd_rbf,0.009895688854157925,128
lot_paper_uncensored_refusal_like,candidate,general,instr_only,29,projected_js,0.05867430637590587,128
lot_paper_uncensored_refusal_like,candidate,general,instr_only,30,mmd_rbf,0.010274532251060009,128
lot_paper_uncensored_refusal_like,candidate,general,instr_only,30,projected_js,0.06001201589242555,128
lot_paper_uncensored_refusal_like,candidate,general,instr_only,31,mmd_rbf,0.010430104099214077,128
lot_paper_uncensored_refusal_like,candidate,general,instr_only,31,projected_js,0.06236829370027408,128
lot_paper_uncensored_refusal_like,candidate,general,instr_only,32,mmd_rbf,0.011753573082387447,128
lot_paper_uncensored_refusal_like,candidate,general,instr_only,32,projected_js,0.06181116169318557,128
lot_paper_uncensored_refusal_like,candidate,general,instr_only,33,mmd_rbf,0.012610611505806446,128
lot_paper_uncensored_refusal_like,candidate,general,instr_only,33,projected_js,0.06214563688263297,128
lot_paper_uncensored_refusal_like,candidate,general,instr_only,34,mmd_rbf,0.014543320052325726,128
lot_paper_uncensored_refusal_like,candidate,general,instr_only,34,projected_js,0.06983732228400186,128
lot_paper_uncensored_refusal_like,candidate,general,instr_only,35,mmd_rbf,0.013138852082192898,128
lot_paper_uncensored_refusal_like,candidate,general,instr_only,35,projected_js,0.06262128925300203,128
lot_paper_uncensored_refusal_like,candidate,general,reasoning_only,0,mmd_rbf,0.013818467035889626,128
lot_paper_uncensored_refusal_like,candidate,general,reasoning_only,0,projected_js,0.059104695508722216,128
lot_paper_uncensored_refusal_like,candidate,general,reasoning_only,1,mmd_rbf,0.032656218856573105,128
lot_paper_uncensored_refusal_like,candidate,general,reasoning_only,1,projected_js,0.07961731948307715,128
lot_paper_uncensored_refusal_like,candidate,general,reasoning_only,2,mmd_rbf,0.026987195014953613,128
lot_paper_uncensored_refusal_like,candidate,general,reasoning_only,2,projected_js,0.0714769596233964,128
lot_paper_uncensored_refusal_like,candidate,general,reasoning_only,3,mmd_rbf,0.02554233744740486,128
lot_paper_uncensored_refusal_like,candidate,general,reasoning_only,3,projected_js,0.07286775339161977,128
lot_paper_uncensored_refusal_like,candidate,general,reasoning_only,4,mmd_rbf,0.021758222952485085,128
lot_paper_uncensored_refusal_like,candidate,general,reasoning_only,4,projected_js,0.07469239516649395,128
lot_paper_uncensored_refusal_like,candidate,general,reasoning_only,5,mmd_rbf,0.019498219713568687,128
lot_paper_uncensored_refusal_like,candidate,general,reasoning_only,5,projected_js,0.0750228125252761,128
lot_paper_uncensored_refusal_like,candidate,general,reasoning_only,6,mmd_rbf,0.01357638742774725,128
lot_paper_uncensored_refusal_like,candidate,general,reasoning_only,6,projected_js,0.06437293498311192,128
lot_paper_uncensored_refusal_like,candidate,general,reasoning_only,7,mmd_rbf,0.015490499325096607,128
lot_paper_uncensored_refusal_like,candidate,general,reasoning_only,7,projected_js,0.06692449044203386,128
lot_paper_uncensored_refusal_like,candidate,general,reasoning_only,8,mmd_rbf,0.013102970086038113,128
lot_paper_uncensored_refusal_like,candidate,general,reasoning_only,8,projected_js,0.0668330445769243,128
lot_paper_uncensored_refusal_like,candidate,general,reasoning_only,9,mmd_rbf,0.013905075378715992,128
lot_paper_uncensored_refusal_like,candidate,general,reasoning_only,9,projected_js,0.0699823380127782,128
lot_paper_uncensored_refusal_like,candidate,general,reasoning_only,10,mmd_rbf,0.017638269811868668,128
lot_paper_uncensored_refusal_like,candidate,general,reasoning_only,10,projected_js,0.06823649618308991,128
lot_paper_uncensored_refusal_like,candidate,general,reasoning_only,11,mmd_rbf,0.016953958198428154,128
lot_paper_uncensored_refusal_like,candidate,general,reasoning_only,11,projected_js,0.06941167177865282,128
lot_paper_uncensored_refusal_like,candidate,general,reasoning_only,12,mmd_rbf,0.01731070876121521,128
lot_paper_uncensored_refusal_like,candidate,general,reasoning_only,12,projected_js,0.06959085521521047,128
lot_paper_uncensored_refusal_like,candidate,general,reasoning_only,13,mmd_rbf,0.018316710367798805,128
lot_paper_uncensored_refusal_like,candidate,general,reasoning_only,13,projected_js,0.07128669289522804,128
lot_paper_uncensored_refusal_like,candidate,general,reasoning_only,14,mmd_rbf,0.017748331651091576,128
lot_paper_uncensored_refusal_like,candidate,general,reasoning_only,14,projected_js,0.07151267636800185,128
lot_paper_uncensored_refusal_like,candidate,general,reasoning_only,15,mmd_rbf,0.018474465236067772,128
lot_paper_uncensored_refusal_like,candidate,general,reasoning_only,15,projected_js,0.06770593032706529,128
lot_paper_uncensored_refusal_like,candidate,general,reasoning_only,16,mmd_rbf,0.01842869631946087,128
lot_paper_uncensored_refusal_like,candidate,general,reasoning_only,16,projected_js,0.06837021035607904,128
lot_paper_uncensored_refusal_like,candidate,general,reasoning_only,17,mmd_rbf,0.018106626346707344,128
lot_paper_uncensored_refusal_like,candidate,general,reasoning_only,17,projected_js,0.06949766480829567,128
lot_paper_uncensored_refusal_like,candidate,general,reasoning_only,18,mmd_rbf,0.020284447818994522,128
lot_paper_uncensored_refusal_like,candidate,general,reasoning_only,18,projected_js,0.06861547421431169,128
lot_paper_uncensored_refusal_like,candidate,general,reasoning_only,19,mmd_rbf,0.019062450155615807,128
lot_paper_uncensored_refusal_like,candidate,general,reasoning_only,19,projected_js,0.07365999760804698,128
lot_paper_uncensored_refusal_like,candidate,general,reasoning_only,20,mmd_rbf,0.019181860610842705,128
lot_paper_uncensored_refusal_like,candidate,general,reasoning_only,20,projected_js,0.06775884301168844,128
lot_paper_uncensored_refusal_like,candidate,general,reasoning_only,21,mmd_rbf,0.021852852776646614,128
lot_paper_uncensored_refusal_like,candidate,general,reasoning_only,21,projected_js,0.07252772766514681,128
lot_paper_uncensored_refusal_like,candidate,general,reasoning_only,22,mmd_rbf,0.020355327054858208,128
lot_paper_uncensored_refusal_like,candidate,general,reasoning_only,22,projected_js,0.07758684357395396,128
lot_paper_uncensored_refusal_like,candidate,general,reasoning_only,23,mmd_rbf,0.017497867345809937,128
lot_paper_uncensored_refusal_like,candidate,general,reasoning_only,23,projected_js,0.07320415158756077,128
lot_paper_uncensored_refusal_like,candidate,general,reasoning_only,24,mmd_rbf,0.01850813627243042,128
lot_paper_uncensored_refusal_like,candidate,general,reasoning_only,24,projected_js,0.07319468079367653,128
lot_paper_uncensored_refusal_like,candidate,general,reasoning_only,25,mmd_rbf,0.01745353452861309,128
lot_paper_uncensored_refusal_like,candidate,general,reasoning_only,25,projected_js,0.07203817192930728,128
lot_paper_uncensored_refusal_like,candidate,general,reasoning_only,26,mmd_rbf,0.017909957095980644,128
lot_paper_uncensored_refusal_like,candidate,general,reasoning_only,26,projected_js,0.07009961194125935,128
lot_paper_uncensored_refusal_like,candidate,general,reasoning_only,27,mmd_rbf,0.018170984461903572,128
lot_paper_uncensored_refusal_like,candidate,general,reasoning_only,27,projected_js,0.07038631656905636,128
lot_paper_uncensored_refusal_like,candidate,general,reasoning_only,28,mmd_rbf,0.018464501947164536,128
lot_paper_uncensored_refusal_like,candidate,general,reasoning_only,28,projected_js,0.0696546285180375,128
lot_paper_uncensored_refusal_like,candidate,general,reasoning_only,29,mmd_rbf,0.018347956240177155,128
lot_paper_uncensored_refusal_like,candidate,general,reasoning_only,29,projected_js,0.06943630008026958,128
lot_paper_uncensored_refusal_like,candidate,general,reasoning_only,30,mmd_rbf,0.019024059176445007,128
lot_paper_uncensored_refusal_like,candidate,general,reasoning_only,30,projected_js,0.06555126892635599,128
lot_paper_uncensored_refusal_like,candidate,general,reasoning_only,31,mmd_rbf,0.01980900578200817,128
lot_paper_uncensored_refusal_like,candidate,general,reasoning_only,31,projected_js,0.0671169119887054,128
lot_paper_uncensored_refusal_like,candidate,general,reasoning_only,32,mmd_rbf,0.0201710257679224,128
lot_paper_uncensored_refusal_like,candidate,general,reasoning_only,32,projected_js,0.06959642411675304,128
lot_paper_uncensored_refusal_like,candidate,general,reasoning_only,33,mmd_rbf,0.020310673862695694,128
lot_paper_uncensored_refusal_like,candidate,general,reasoning_only,33,projected_js,0.06999284314224496,128
lot_paper_uncensored_refusal_like,candidate,general,reasoning_only,34,mmd_rbf,0.023310214281082153,128
lot_paper_uncensored_refusal_like,candidate,general,reasoning_only,34,projected_js,0.07563657889841124,128
lot_paper_uncensored_refusal_like,candidate,general,reasoning_only,35,mmd_rbf,0.10709913074970245,128
lot_paper_uncensored_refusal_like,candidate,general,reasoning_only,35,projected_js,0.14629958342993632,128
lot_paper_uncensored_refusal_like,candidate,general,uncensored_only,0,mmd_rbf,0.007270628120750189,128
lot_paper_uncensored_refusal_like,candidate,general,uncensored_only,0,projected_js,0.04385403981723357,128
lot_paper_uncensored_refusal_like,candidate,general,uncensored_only,1,mmd_rbf,0.12142324447631836,128
lot_paper_uncensored_refusal_like,candidate,general,uncensored_only,1,projected_js,0.1406585339573212,128
lot_paper_uncensored_refusal_like,candidate,general,uncensored_only,2,mmd_rbf,0.11592700332403183,128
lot_paper_uncensored_refusal_like,candidate,general,uncensored_only,2,projected_js,0.12145352375227958,128
lot_paper_uncensored_refusal_like,candidate,general,uncensored_only,3,mmd_rbf,0.08755215257406235,128
lot_paper_uncensored_refusal_like,candidate,general,uncensored_only,3,projected_js,0.11133754247566685,128
lot_paper_uncensored_refusal_like,candidate,general,uncensored_only,4,mmd_rbf,0.06569652259349823,128
lot_paper_uncensored_refusal_like,candidate,general,uncensored_only,4,projected_js,0.10376318346243352,128
lot_paper_uncensored_refusal_like,candidate,general,uncensored_only,5,mmd_rbf,0.04824981465935707,128
lot_paper_uncensored_refusal_like,candidate,general,uncensored_only,5,projected_js,0.09785293426830322,128
lot_paper_uncensored_refusal_like,candidate,general,uncensored_only,6,mmd_rbf,0.02721356227993965,128
lot_paper_uncensored_refusal_like,candidate,general,uncensored_only,6,projected_js,0.07768792990827933,128
lot_paper_uncensored_refusal_like,candidate,general,uncensored_only,7,mmd_rbf,0.021565822884440422,128
lot_paper_uncensored_refusal_like,candidate,general,uncensored_only,7,projected_js,0.07262056122999638,128
lot_paper_uncensored_refusal_like,candidate,general,uncensored_only,8,mmd_rbf,0.015925729647278786,128
lot_paper_uncensored_refusal_like,candidate,general,uncensored_only,8,projected_js,0.06862496698158793,128
lot_paper_uncensored_refusal_like,candidate,general,uncensored_only,9,mmd_rbf,0.014306110329926014,128
lot_paper_uncensored_refusal_like,candidate,general,uncensored_only,9,projected_js,0.06626765796681866,128
lot_paper_uncensored_refusal_like,candidate,general,uncensored_only,10,mmd_rbf,0.014148163609206676,128
lot_paper_uncensored_refusal_like,candidate,general,uncensored_only,10,projected_js,0.0668304983410053,128
lot_paper_uncensored_refusal_like,candidate,general,uncensored_only,11,mmd_rbf,0.012082826346158981,128
lot_paper_uncensored_refusal_like,candidate,general,uncensored_only,11,projected_js,0.0638018274330534,128
lot_paper_uncensored_refusal_like,candidate,general,uncensored_only,12,mmd_rbf,0.012420447543263435,128
lot_paper_uncensored_refusal_like,candidate,general,uncensored_only,12,projected_js,0.06253053472028114,128
lot_paper_uncensored_refusal_like,candidate,general,uncensored_only,13,mmd_rbf,0.013087320141494274,128
lot_paper_uncensored_refusal_like,candidate,general,uncensored_only,13,projected_js,0.06446695973863825,128
lot_paper_uncensored_refusal_like,candidate,general,uncensored_only,14,mmd_rbf,0.012234332971274853,128
lot_paper_uncensored_refusal_like,candidate,general,uncensored_only,14,projected_js,0.06624184313113801,128
lot_paper_uncensored_refusal_like,candidate,general,uncensored_only,15,mmd_rbf,0.013243612833321095,128
lot_paper_uncensored_refusal_like,candidate,general,uncensored_only,15,projected_js,0.067922827671282,128
lot_paper_uncensored_refusal_like,candidate,general,uncensored_only,16,mmd_rbf,0.013864973559975624,128
lot_paper_uncensored_refusal_like,candidate,general,uncensored_only,16,projected_js,0.06950812920695171,128
lot_paper_uncensored_refusal_like,candidate,general,uncensored_only,17,mmd_rbf,0.012515869922935963,128
lot_paper_uncensored_refusal_like,candidate,general,uncensored_only,17,projected_js,0.06512350216507912,128
lot_paper_uncensored_refusal_like,candidate,general,uncensored_only,18,mmd_rbf,0.01324958261102438,128
lot_paper_uncensored_refusal_like,candidate,general,uncensored_only,18,projected_js,0.06758110946975648,128
lot_paper_uncensored_refusal_like,candidate,general,uncensored_only,19,mmd_rbf,0.013611520640552044,128
lot_paper_uncensored_refusal_like,candidate,general,uncensored_only,19,projected_js,0.06493686849717051,128
lot_paper_uncensored_refusal_like,candidate,general,uncensored_only,20,mmd_rbf,0.014380278997123241,128
lot_paper_uncensored_refusal_like,candidate,general,uncensored_only,20,projected_js,0.06743349554017186,128
lot_paper_uncensored_refusal_like,candidate,general,uncensored_only,21,mmd_rbf,0.016378100961446762,128
lot_paper_uncensored_refusal_like,candidate,general,uncensored_only,21,projected_js,0.07026626926381141,128
lot_paper_uncensored_refusal_like,candidate,general,uncensored_only,22,mmd_rbf,0.016226468607783318,128
lot_paper_uncensored_refusal_like,candidate,general,uncensored_only,22,projected_js,0.06832520815078169,128
lot_paper_uncensored_refusal_like,candidate,general,uncensored_only,23,mmd_rbf,0.015757597982883453,128
lot_paper_uncensored_refusal_like,candidate,general,uncensored_only,23,projected_js,0.0679071766207926,128
lot_paper_uncensored_refusal_like,candidate,general,uncensored_only,24,mmd_rbf,0.016493933275341988,128
lot_paper_uncensored_refusal_like,candidate,general,uncensored_only,24,projected_js,0.0699063444044441,128
lot_paper_uncensored_refusal_like,candidate,general,uncensored_only,25,mmd_rbf,0.01749132014811039,128
lot_paper_uncensored_refusal_like,candidate,general,uncensored_only,25,projected_js,0.07394751798710786,128
lot_paper_uncensored_refusal_like,candidate,general,uncensored_only,26,mmd_rbf,0.018558235839009285,128
lot_paper_uncensored_refusal_like,candidate,general,uncensored_only,26,projected_js,0.06999662279849872,128
lot_paper_uncensored_refusal_like,candidate,general,uncensored_only,27,mmd_rbf,0.01910512149333954,128
lot_paper_uncensored_refusal_like,candidate,general,uncensored_only,27,projected_js,0.06930245662806556,128
lot_paper_uncensored_refusal_like,candidate,general,uncensored_only,28,mmd_rbf,0.017450323328375816,128
lot_paper_uncensored_refusal_like,candidate,general,uncensored_only,28,projected_js,0.06869479385204613,128
lot_paper_uncensored_refusal_like,candidate,general,uncensored_only,29,mmd_rbf,0.017020130529999733,128
lot_paper_uncensored_refusal_like,candidate,general,uncensored_only,29,projected_js,0.06804921542061493,128
lot_paper_uncensored_refusal_like,candidate,general,uncensored_only,30,mmd_rbf,0.01704692654311657,128
lot_paper_uncensored_refusal_like,candidate,general,uncensored_only,30,projected_js,0.06153030099812895,128
lot_paper_uncensored_refusal_like,candidate,general,uncensored_only,31,mmd_rbf,0.01677151583135128,128
lot_paper_uncensored_refusal_like,candidate,general,uncensored_only,31,projected_js,0.0678528847056441,128
lot_paper_uncensored_refusal_like,candidate,general,uncensored_only,32,mmd_rbf,0.017449596896767616,128
lot_paper_uncensored_refusal_like,candidate,general,uncensored_only,32,projected_js,0.0667925578309223,128
lot_paper_uncensored_refusal_like,candidate,general,uncensored_only,33,mmd_rbf,0.01809033565223217,128
lot_paper_uncensored_refusal_like,candidate,general,uncensored_only,33,projected_js,0.06657682376680896,128
lot_paper_uncensored_refusal_like,candidate,general,uncensored_only,34,mmd_rbf,0.019338620826601982,128
lot_paper_uncensored_refusal_like,candidate,general,uncensored_only,34,projected_js,0.07227570132818073,128
lot_paper_uncensored_refusal_like,candidate,general,uncensored_only,35,mmd_rbf,0.018313322216272354,128
lot_paper_uncensored_refusal_like,candidate,general,uncensored_only,35,projected_js,0.06180219355155714,128
lot_paper_uncensored_refusal_like,candidate,instruction,base,0,mmd_rbf,0.004753014538437128,128
lot_paper_uncensored_refusal_like,candidate,instruction,base,0,projected_js,0.04991171299479902,128
lot_paper_uncensored_refusal_like,candidate,instruction,base,1,mmd_rbf,0.013705700635910034,128
lot_paper_uncensored_refusal_like,candidate,instruction,base,1,projected_js,0.0601568998536095,128
lot_paper_uncensored_refusal_like,candidate,instruction,base,2,mmd_rbf,0.013171440921723843,128
lot_paper_uncensored_refusal_like,candidate,instruction,base,2,projected_js,0.06404781885794364,128
lot_paper_uncensored_refusal_like,candidate,instruction,base,3,mmd_rbf,0.0149935157969594,128
lot_paper_uncensored_refusal_like,candidate,instruction,base,3,projected_js,0.06779079377884045,128
lot_paper_uncensored_refusal_like,candidate,instruction,base,4,mmd_rbf,0.013885646127164364,128
lot_paper_uncensored_refusal_like,candidate,instruction,base,4,projected_js,0.06915865908376873,128
lot_paper_uncensored_refusal_like,candidate,instruction,base,5,mmd_rbf,0.01405363716185093,128
lot_paper_uncensored_refusal_like,candidate,instruction,base,5,projected_js,0.06313123094150797,128
lot_paper_uncensored_refusal_like,candidate,instruction,base,6,mmd_rbf,0.011474117636680603,128
lot_paper_uncensored_refusal_like,candidate,instruction,base,6,projected_js,0.06651646143291146,128
lot_paper_uncensored_refusal_like,candidate,instruction,base,7,mmd_rbf,0.01136217825114727,128
lot_paper_uncensored_refusal_like,candidate,instruction,base,7,projected_js,0.06600106781115755,128
lot_paper_uncensored_refusal_like,candidate,instruction,base,8,mmd_rbf,0.0111164515838027,128
lot_paper_uncensored_refusal_like,candidate,instruction,base,8,projected_js,0.06590254866750911,128
lot_paper_uncensored_refusal_like,candidate,instruction,base,9,mmd_rbf,0.012414936907589436,128
lot_paper_uncensored_refusal_like,candidate,instruction,base,9,projected_js,0.06887281700619496,128
lot_paper_uncensored_refusal_like,candidate,instruction,base,10,mmd_rbf,0.01594337821006775,128
lot_paper_uncensored_refusal_like,candidate,instruction,base,10,projected_js,0.07379167882027104,128
lot_paper_uncensored_refusal_like,candidate,instruction,base,11,mmd_rbf,0.015185236930847168,128
lot_paper_uncensored_refusal_like,candidate,instruction,base,11,projected_js,0.06663035089150071,128
lot_paper_uncensored_refusal_like,candidate,instruction,base,12,mmd_rbf,0.013786301016807556,128
lot_paper_uncensored_refusal_like,candidate,instruction,base,12,projected_js,0.07326150505105034,128
lot_paper_uncensored_refusal_like,candidate,instruction,base,13,mmd_rbf,0.014150911942124367,128
lot_paper_uncensored_refusal_like,candidate,instruction,base,13,projected_js,0.07351803529309109,128
lot_paper_uncensored_refusal_like,candidate,instruction,base,14,mmd_rbf,0.013830916956067085,128
lot_paper_uncensored_refusal_like,candidate,instruction,base,14,projected_js,0.07272452564211562,128
lot_paper_uncensored_refusal_like,candidate,instruction,base,15,mmd_rbf,0.014935699291527271,128
lot_paper_uncensored_refusal_like,candidate,instruction,base,15,projected_js,0.07523933087941259,128
lot_paper_uncensored_refusal_like,candidate,instruction,base,16,mmd_rbf,0.015793444588780403,128
lot_paper_uncensored_refusal_like,candidate,instruction,base,16,projected_js,0.06606240570545197,128
lot_paper_uncensored_refusal_like,candidate,instruction,base,17,mmd_rbf,0.015787065029144287,128
lot_paper_uncensored_refusal_like,candidate,instruction,base,17,projected_js,0.07125148404156789,128
lot_paper_uncensored_refusal_like,candidate,instruction,base,18,mmd_rbf,0.016601908951997757,128
lot_paper_uncensored_refusal_like,candidate,instruction,base,18,projected_js,0.07433198823127896,128
lot_paper_uncensored_refusal_like,candidate,instruction,base,19,mmd_rbf,0.018918761983513832,128
lot_paper_uncensored_refusal_like,candidate,instruction,base,19,projected_js,0.07284196506952867,128
lot_paper_uncensored_refusal_like,candidate,instruction,base,20,mmd_rbf,0.019540486857295036,128
lot_paper_uncensored_refusal_like,candidate,instruction,base,20,projected_js,0.0771732694702223,128
lot_paper_uncensored_refusal_like,candidate,instruction,base,21,mmd_rbf,0.022384464740753174,128
lot_paper_uncensored_refusal_like,candidate,instruction,base,21,projected_js,0.07815600396133959,128
lot_paper_uncensored_refusal_like,candidate,instruction,base,22,mmd_rbf,0.02298716828227043,128
lot_paper_uncensored_refusal_like,candidate,instruction,base,22,projected_js,0.07679914735490456,128
lot_paper_uncensored_refusal_like,candidate,instruction,base,23,mmd_rbf,0.021833404898643494,128
lot_paper_uncensored_refusal_like,candidate,instruction,base,23,projected_js,0.07670496188802645,128
lot_paper_uncensored_refusal_like,candidate,instruction,base,24,mmd_rbf,0.021700497716665268,128
lot_paper_uncensored_refusal_like,candidate,instruction,base,24,projected_js,0.08008322666864842,128
lot_paper_uncensored_refusal_like,candidate,instruction,base,25,mmd_rbf,0.020715873688459396,128
lot_paper_uncensored_refusal_like,candidate,instruction,base,25,projected_js,0.07971789495786652,128
lot_paper_uncensored_refusal_like,candidate,instruction,base,26,mmd_rbf,0.021026350557804108,128
lot_paper_uncensored_refusal_like,candidate,instruction,base,26,projected_js,0.07714093633694574,128
lot_paper_uncensored_refusal_like,candidate,instruction,base,27,mmd_rbf,0.020757630467414856,128
lot_paper_uncensored_refusal_like,candidate,instruction,base,27,projected_js,0.0791789383511059,128
lot_paper_uncensored_refusal_like,candidate,instruction,base,28,mmd_rbf,0.02017359249293804,128
lot_paper_uncensored_refusal_like,candidate,instruction,base,28,projected_js,0.07456494309008121,128
lot_paper_uncensored_refusal_like,candidate,instruction,base,29,mmd_rbf,0.019545162096619606,128
lot_paper_uncensored_refusal_like,candidate,instruction,base,29,projected_js,0.07572731201071292,128
lot_paper_uncensored_refusal_like,candidate,instruction,base,30,mmd_rbf,0.0197422057390213,128
lot_paper_uncensored_refusal_like,candidate,instruction,base,30,projected_js,0.0725223000627011,128
lot_paper_uncensored_refusal_like,candidate,instruction,base,31,mmd_rbf,0.019976189360022545,128
lot_paper_uncensored_refusal_like,candidate,instruction,base,31,projected_js,0.0758225109311752,128
lot_paper_uncensored_refusal_like,candidate,instruction,base,32,mmd_rbf,0.020753877237439156,128
lot_paper_uncensored_refusal_like,candidate,instruction,base,32,projected_js,0.07731618580874056,128
lot_paper_uncensored_refusal_like,candidate,instruction,base,33,mmd_rbf,0.021621471270918846,128
lot_paper_uncensored_refusal_like,candidate,instruction,base,33,projected_js,0.07153153431136161,128
lot_paper_uncensored_refusal_like,candidate,instruction,base,34,mmd_rbf,0.030861452221870422,128
lot_paper_uncensored_refusal_like,candidate,instruction,base,34,projected_js,0.08688327152049169,128
lot_paper_uncensored_refusal_like,candidate,instruction,base,35,mmd_rbf,0.09606774151325226,128
lot_paper_uncensored_refusal_like,candidate,instruction,base,35,projected_js,0.15045937721151859,128
lot_paper_uncensored_refusal_like,candidate,instruction,instr_only,0,mmd_rbf,0.002083170460537076,128
lot_paper_uncensored_refusal_like,candidate,instruction,instr_only,0,projected_js,0.03684416903706733,128
lot_paper_uncensored_refusal_like,candidate,instruction,instr_only,1,mmd_rbf,0.01088630873709917,128
lot_paper_uncensored_refusal_like,candidate,instruction,instr_only,1,projected_js,0.05286685054306872,128
lot_paper_uncensored_refusal_like,candidate,instruction,instr_only,2,mmd_rbf,0.009704699739813805,128
lot_paper_uncensored_refusal_like,candidate,instruction,instr_only,2,projected_js,0.055122492456575856,128
lot_paper_uncensored_refusal_like,candidate,instruction,instr_only,3,mmd_rbf,0.008226419799029827,128
lot_paper_uncensored_refusal_like,candidate,instruction,instr_only,3,projected_js,0.053723896242445335,128
lot_paper_uncensored_refusal_like,candidate,instruction,instr_only,4,mmd_rbf,0.007706207223236561,128
lot_paper_uncensored_refusal_like,candidate,instruction,instr_only,4,projected_js,0.05478578945621848,128
lot_paper_uncensored_refusal_like,candidate,instruction,instr_only,5,mmd_rbf,0.007497520186007023,128
lot_paper_uncensored_refusal_like,candidate,instruction,instr_only,5,projected_js,0.05423973422148265,128
lot_paper_uncensored_refusal_like,candidate,instruction,instr_only,6,mmd_rbf,0.005379828158766031,128
lot_paper_uncensored_refusal_like,candidate,instruction,instr_only,6,projected_js,0.0535556132090278,128
lot_paper_uncensored_refusal_like,candidate,instruction,instr_only,7,mmd_rbf,0.005733724217861891,128
lot_paper_uncensored_refusal_like,candidate,instruction,instr_only,7,projected_js,0.05982435218174942,128
lot_paper_uncensored_refusal_like,candidate,instruction,instr_only,8,mmd_rbf,0.0060188001953065395,128
lot_paper_uncensored_refusal_like,candidate,instruction,instr_only,8,projected_js,0.06135008641285822,128
lot_paper_uncensored_refusal_like,candidate,instruction,instr_only,9,mmd_rbf,0.0066309901885688305,128
lot_paper_uncensored_refusal_like,candidate,instruction,instr_only,9,projected_js,0.06405955279478803,128
lot_paper_uncensored_refusal_like,candidate,instruction,instr_only,10,mmd_rbf,0.007714482489973307,128
lot_paper_uncensored_refusal_like,candidate,instruction,instr_only,10,projected_js,0.06556198227917776,128
lot_paper_uncensored_refusal_like,candidate,instruction,instr_only,11,mmd_rbf,0.007682138588279486,128
lot_paper_uncensored_refusal_like,candidate,instruction,instr_only,11,projected_js,0.0689841304847505,128
lot_paper_uncensored_refusal_like,candidate,instruction,instr_only,12,mmd_rbf,0.006768548395484686,128
lot_paper_uncensored_refusal_like,candidate,instruction,instr_only,12,projected_js,0.0656610929290764,128
lot_paper_uncensored_refusal_like,candidate,instruction,instr_only,13,mmd_rbf,0.006846025586128235,128
lot_paper_uncensored_refusal_like,candidate,instruction,instr_only,13,projected_js,0.06555282248882577,128
lot_paper_uncensored_refusal_like,candidate,instruction,instr_only,14,mmd_rbf,0.006149698048830032,128
lot_paper_uncensored_refusal_like,candidate,instruction,instr_only,14,projected_js,0.06110185099532828,128
lot_paper_uncensored_refusal_like,candidate,instruction,instr_only,15,mmd_rbf,0.0058844685554504395,128
lot_paper_uncensored_refusal_like,candidate,instruction,instr_only,15,projected_js,0.06384764390531927,128
lot_paper_uncensored_refusal_like,candidate,instruction,instr_only,16,mmd_rbf,0.0059688761830329895,128
lot_paper_uncensored_refusal_like,candidate,instruction,instr_only,16,projected_js,0.06408686807844788,128
lot_paper_uncensored_refusal_like,candidate,instruction,instr_only,17,mmd_rbf,0.006102581974118948,128
lot_paper_uncensored_refusal_like,candidate,instruction,instr_only,17,projected_js,0.06495885649928823,128
lot_paper_uncensored_refusal_like,candidate,instruction,instr_only,18,mmd_rbf,0.006326278205960989,128
lot_paper_uncensored_refusal_like,candidate,instruction,instr_only,18,projected_js,0.06256968568777665,128
lot_paper_uncensored_refusal_like,candidate,instruction,instr_only,19,mmd_rbf,0.006709875073283911,128
lot_paper_uncensored_refusal_like,candidate,instruction,instr_only,19,projected_js,0.06636567245004699,128
lot_paper_uncensored_refusal_like,candidate,instruction,instr_only,20,mmd_rbf,0.006973171140998602,128
lot_paper_uncensored_refusal_like,candidate,instruction,instr_only,20,projected_js,0.06628311437088996,128
lot_paper_uncensored_refusal_like,candidate,instruction,instr_only,21,mmd_rbf,0.008733059279620647,128
lot_paper_uncensored_refusal_like,candidate,instruction,instr_only,21,projected_js,0.06491894397186115,128
lot_paper_uncensored_refusal_like,candidate,instruction,instr_only,22,mmd_rbf,0.008262942545115948,128
lot_paper_uncensored_refusal_like,candidate,instruction,instr_only,22,projected_js,0.06364292744547129,128
lot_paper_uncensored_refusal_like,candidate,instruction,instr_only,23,mmd_rbf,0.007694742176681757,128
lot_paper_uncensored_refusal_like,candidate,instruction,instr_only,23,projected_js,0.06652457901509479,128
lot_paper_uncensored_refusal_like,candidate,instruction,instr_only,24,mmd_rbf,0.007874654605984688,128
lot_paper_uncensored_refusal_like,candidate,instruction,instr_only,24,projected_js,0.0667831301689148,128
lot_paper_uncensored_refusal_like,candidate,instruction,instr_only,25,mmd_rbf,0.008060440421104431,128
lot_paper_uncensored_refusal_like,candidate,instruction,instr_only,25,projected_js,0.06567542243283242,128
lot_paper_uncensored_refusal_like,candidate,instruction,instr_only,26,mmd_rbf,0.008845873177051544,128
lot_paper_uncensored_refusal_like,candidate,instruction,instr_only,26,projected_js,0.06860038387821987,128
lot_paper_uncensored_refusal_like,candidate,instruction,instr_only,27,mmd_rbf,0.009313635528087616,128
lot_paper_uncensored_refusal_like,candidate,instruction,instr_only,27,projected_js,0.06471505406079814,128
lot_paper_uncensored_refusal_like,candidate,instruction,instr_only,28,mmd_rbf,0.008915180340409279,128
lot_paper_uncensored_refusal_like,candidate,instruction,instr_only,28,projected_js,0.06522217585006729,128
lot_paper_uncensored_refusal_like,candidate,instruction,instr_only,29,mmd_rbf,0.009569826535880566,128
lot_paper_uncensored_refusal_like,candidate,instruction,instr_only,29,projected_js,0.06671451637521386,128
lot_paper_uncensored_refusal_like,candidate,instruction,instr_only,30,mmd_rbf,0.010028365068137646,128
lot_paper_uncensored_refusal_like,candidate,instruction,instr_only,30,projected_js,0.06680645718006417,128
lot_paper_uncensored_refusal_like,candidate,instruction,instr_only,31,mmd_rbf,0.010343543253839016,128
lot_paper_uncensored_refusal_like,candidate,instruction,instr_only,31,projected_js,0.06569807243067771,128
lot_paper_uncensored_refusal_like,candidate,instruction,instr_only,32,mmd_rbf,0.011381114833056927,128
lot_paper_uncensored_refusal_like,candidate,instruction,instr_only,32,projected_js,0.07182174065383151,128
lot_paper_uncensored_refusal_like,candidate,instruction,instr_only,33,mmd_rbf,0.012351873330771923,128
lot_paper_uncensored_refusal_like,candidate,instruction,instr_only,33,projected_js,0.06782125300378539,128
lot_paper_uncensored_refusal_like,candidate,instruction,instr_only,34,mmd_rbf,0.01437357347458601,128
lot_paper_uncensored_refusal_like,candidate,instruction,instr_only,34,projected_js,0.07103858224581927,128
lot_paper_uncensored_refusal_like,candidate,instruction,instr_only,35,mmd_rbf,0.01702396385371685,128
lot_paper_uncensored_refusal_like,candidate,instruction,instr_only,35,projected_js,0.07016620843205601,128
lot_paper_uncensored_refusal_like,candidate,instruction,reasoning_only,0,mmd_rbf,0.006346848793327808,128
lot_paper_uncensored_refusal_like,candidate,instruction,reasoning_only,0,projected_js,0.058341972704511136,128
lot_paper_uncensored_refusal_like,candidate,instruction,reasoning_only,1,mmd_rbf,0.016777075827121735,128
lot_paper_uncensored_refusal_like,candidate,instruction,reasoning_only,1,projected_js,0.06697290972806513,128
lot_paper_uncensored_refusal_like,candidate,instruction,reasoning_only,2,mmd_rbf,0.01724749244749546,128
lot_paper_uncensored_refusal_like,candidate,instruction,reasoning_only,2,projected_js,0.06610356428427622,128
lot_paper_uncensored_refusal_like,candidate,instruction,reasoning_only,3,mmd_rbf,0.017031611874699593,128
lot_paper_uncensored_refusal_like,candidate,instruction,reasoning_only,3,projected_js,0.06947913905605674,128
lot_paper_uncensored_refusal_like,candidate,instruction,reasoning_only,4,mmd_rbf,0.01643790304660797,128
lot_paper_uncensored_refusal_like,candidate,instruction,reasoning_only,4,projected_js,0.07407765736570582,128
lot_paper_uncensored_refusal_like,candidate,instruction,reasoning_only,5,mmd_rbf,0.0164917204529047,128
lot_paper_uncensored_refusal_like,candidate,instruction,reasoning_only,5,projected_js,0.06735202966956422,128
lot_paper_uncensored_refusal_like,candidate,instruction,reasoning_only,6,mmd_rbf,0.01275938656181097,128
lot_paper_uncensored_refusal_like,candidate,instruction,reasoning_only,6,projected_js,0.0704654426954221,128
lot_paper_uncensored_refusal_like,candidate,instruction,reasoning_only,7,mmd_rbf,0.016702421009540558,128
lot_paper_uncensored_refusal_like,candidate,instruction,reasoning_only,7,projected_js,0.07827142305905,128
lot_paper_uncensored_refusal_like,candidate,instruction,reasoning_only,8,mmd_rbf,0.015245280228555202,128
lot_paper_uncensored_refusal_like,candidate,instruction,reasoning_only,8,projected_js,0.07521450647618622,128
lot_paper_uncensored_refusal_like,candidate,instruction,reasoning_only,9,mmd_rbf,0.01647370308637619,128
lot_paper_uncensored_refusal_like,candidate,instruction,reasoning_only,9,projected_js,0.07903613965027034,128
lot_paper_uncensored_refusal_like,candidate,instruction,reasoning_only,10,mmd_rbf,0.022690869867801666,128
lot_paper_uncensored_refusal_like,candidate,instruction,reasoning_only,10,projected_js,0.08171306108124554,128
lot_paper_uncensored_refusal_like,candidate,instruction,reasoning_only,11,mmd_rbf,0.022675761952996254,128
lot_paper_uncensored_refusal_like,candidate,instruction,reasoning_only,11,projected_js,0.08113664150005206,128
lot_paper_uncensored_refusal_like,candidate,instruction,reasoning_only,12,mmd_rbf,0.023426955565810204,128
lot_paper_uncensored_refusal_like,candidate,instruction,reasoning_only,12,projected_js,0.08210918185068294,128
lot_paper_uncensored_refusal_like,candidate,instruction,reasoning_only,13,mmd_rbf,0.024296877905726433,128
lot_paper_uncensored_refusal_like,candidate,instruction,reasoning_only,13,projected_js,0.08427545928861946,128
lot_paper_uncensored_refusal_like,candidate,instruction,reasoning_only,14,mmd_rbf,0.023081256076693535,128
lot_paper_uncensored_refusal_like,candidate,instruction,reasoning_only,14,projected_js,0.08159612939925864,128
lot_paper_uncensored_refusal_like,candidate,instruction,reasoning_only,15,mmd_rbf,0.02362852729856968,128
lot_paper_uncensored_refusal_like,candidate,instruction,reasoning_only,15,projected_js,0.08219208737136796,128
lot_paper_uncensored_refusal_like,candidate,instruction,reasoning_only,16,mmd_rbf,0.023713890463113785,128
lot_paper_uncensored_refusal_like,candidate,instruction,reasoning_only,16,projected_js,0.07950282120145857,128
lot_paper_uncensored_refusal_like,candidate,instruction,reasoning_only,17,mmd_rbf,0.023495076224207878,128
lot_paper_uncensored_refusal_like,candidate,instruction,reasoning_only,17,projected_js,0.0784970544045791,128
lot_paper_uncensored_refusal_like,candidate,instruction,reasoning_only,18,mmd_rbf,0.02572236768901348,128
lot_paper_uncensored_refusal_like,candidate,instruction,reasoning_only,18,projected_js,0.07582031935453415,128
lot_paper_uncensored_refusal_like,candidate,instruction,reasoning_only,19,mmd_rbf,0.02623513713479042,128
lot_paper_uncensored_refusal_like,candidate,instruction,reasoning_only,19,projected_js,0.08030696731293574,128
lot_paper_uncensored_refusal_like,candidate,instruction,reasoning_only,20,mmd_rbf,0.026692712679505348,128
lot_paper_uncensored_refusal_like,candidate,instruction,reasoning_only,20,projected_js,0.08107422722969204,128
lot_paper_uncensored_refusal_like,candidate,instruction,reasoning_only,21,mmd_rbf,0.029870202764868736,128
lot_paper_uncensored_refusal_like,candidate,instruction,reasoning_only,21,projected_js,0.08145991148194298,128
lot_paper_uncensored_refusal_like,candidate,instruction,reasoning_only,22,mmd_rbf,0.02929726615548134,128
lot_paper_uncensored_refusal_like,candidate,instruction,reasoning_only,22,projected_js,0.08097768243169412,128
lot_paper_uncensored_refusal_like,candidate,instruction,reasoning_only,23,mmd_rbf,0.026874635368585587,128
lot_paper_uncensored_refusal_like,candidate,instruction,reasoning_only,23,projected_js,0.08781473856652156,128
lot_paper_uncensored_refusal_like,candidate,instruction,reasoning_only,24,mmd_rbf,0.03004348836839199,128
lot_paper_uncensored_refusal_like,candidate,instruction,reasoning_only,24,projected_js,0.09140634950017557,128
lot_paper_uncensored_refusal_like,candidate,instruction,reasoning_only,25,mmd_rbf,0.02929793857038021,128
lot_paper_uncensored_refusal_like,candidate,instruction,reasoning_only,25,projected_js,0.08675052638864145,128
lot_paper_uncensored_refusal_like,candidate,instruction,reasoning_only,26,mmd_rbf,0.030931269749999046,128
lot_paper_uncensored_refusal_like,candidate,instruction,reasoning_only,26,projected_js,0.08810552628710866,128
lot_paper_uncensored_refusal_like,candidate,instruction,reasoning_only,27,mmd_rbf,0.03140337020158768,128
lot_paper_uncensored_refusal_like,candidate,instruction,reasoning_only,27,projected_js,0.08298160135746002,128
lot_paper_uncensored_refusal_like,candidate,instruction,reasoning_only,28,mmd_rbf,0.03227395564317703,128
lot_paper_uncensored_refusal_like,candidate,instruction,reasoning_only,28,projected_js,0.08899761101929471,128
lot_paper_uncensored_refusal_like,candidate,instruction,reasoning_only,29,mmd_rbf,0.031773876398801804,128
lot_paper_uncensored_refusal_like,candidate,instruction,reasoning_only,29,projected_js,0.08561887638643384,128
lot_paper_uncensored_refusal_like,candidate,instruction,reasoning_only,30,mmd_rbf,0.0331098809838295,128
lot_paper_uncensored_refusal_like,candidate,instruction,reasoning_only,30,projected_js,0.08992385840974748,128
lot_paper_uncensored_refusal_like,candidate,instruction,reasoning_only,31,mmd_rbf,0.03416012227535248,128
lot_paper_uncensored_refusal_like,candidate,instruction,reasoning_only,31,projected_js,0.08925293671200052,128
lot_paper_uncensored_refusal_like,candidate,instruction,reasoning_only,32,mmd_rbf,0.033703070133924484,128
lot_paper_uncensored_refusal_like,candidate,instruction,reasoning_only,32,projected_js,0.09382899547927082,128
lot_paper_uncensored_refusal_like,candidate,instruction,reasoning_only,33,mmd_rbf,0.03170500323176384,128
lot_paper_uncensored_refusal_like,candidate,instruction,reasoning_only,33,projected_js,0.08488160802517086,128
lot_paper_uncensored_refusal_like,candidate,instruction,reasoning_only,34,mmd_rbf,0.03411844000220299,128
lot_paper_uncensored_refusal_like,candidate,instruction,reasoning_only,34,projected_js,0.08844611386302859,128
lot_paper_uncensored_refusal_like,candidate,instruction,reasoning_only,35,mmd_rbf,0.054980840533971786,128
lot_paper_uncensored_refusal_like,candidate,instruction,reasoning_only,35,projected_js,0.10550356464227661,128
lot_paper_uncensored_refusal_like,candidate,instruction,uncensored_only,0,mmd_rbf,0.005305838771164417,128
lot_paper_uncensored_refusal_like,candidate,instruction,uncensored_only,0,projected_js,0.04762089587165974,128
lot_paper_uncensored_refusal_like,candidate,instruction,uncensored_only,1,mmd_rbf,0.10740374773740768,128
lot_paper_uncensored_refusal_like,candidate,instruction,uncensored_only,1,projected_js,0.13780382898403332,128
lot_paper_uncensored_refusal_like,candidate,instruction,uncensored_only,2,mmd_rbf,0.10415374487638474,128
lot_paper_uncensored_refusal_like,candidate,instruction,uncensored_only,2,projected_js,0.12719988770550117,128
lot_paper_uncensored_refusal_like,candidate,instruction,uncensored_only,3,mmd_rbf,0.07814134657382965,128
lot_paper_uncensored_refusal_like,candidate,instruction,uncensored_only,3,projected_js,0.10600651978165843,128
lot_paper_uncensored_refusal_like,candidate,instruction,uncensored_only,4,mmd_rbf,0.05848934128880501,128
lot_paper_uncensored_refusal_like,candidate,instruction,uncensored_only,4,projected_js,0.10659133351873606,128
lot_paper_uncensored_refusal_like,candidate,instruction,uncensored_only,5,mmd_rbf,0.04588750749826431,128
lot_paper_uncensored_refusal_like,candidate,instruction,uncensored_only,5,projected_js,0.09297312324633822,128
lot_paper_uncensored_refusal_like,candidate,instruction,uncensored_only,6,mmd_rbf,0.027892842888832092,128
lot_paper_uncensored_refusal_like,candidate,instruction,uncensored_only,6,projected_js,0.08089860554900952,128
lot_paper_uncensored_refusal_like,candidate,instruction,uncensored_only,7,mmd_rbf,0.023516247048974037,128
lot_paper_uncensored_refusal_like,candidate,instruction,uncensored_only,7,projected_js,0.07792440167395398,128
lot_paper_uncensored_refusal_like,candidate,instruction,uncensored_only,8,mmd_rbf,0.018454015254974365,128
lot_paper_uncensored_refusal_like,candidate,instruction,uncensored_only,8,projected_js,0.07470406708307564,128
lot_paper_uncensored_refusal_like,candidate,instruction,uncensored_only,9,mmd_rbf,0.016175273805856705,128
lot_paper_uncensored_refusal_like,candidate,instruction,uncensored_only,9,projected_js,0.06819086789619178,128
lot_paper_uncensored_refusal_like,candidate,instruction,uncensored_only,10,mmd_rbf,0.016075916588306427,128
lot_paper_uncensored_refusal_like,candidate,instruction,uncensored_only,10,projected_js,0.07445403031306341,128
lot_paper_uncensored_refusal_like,candidate,instruction,uncensored_only,11,mmd_rbf,0.013345411978662014,128
lot_paper_uncensored_refusal_like,candidate,instruction,uncensored_only,11,projected_js,0.0718720089062117,128
lot_paper_uncensored_refusal_like,candidate,instruction,uncensored_only,12,mmd_rbf,0.013436240144073963,128
lot_paper_uncensored_refusal_like,candidate,instruction,uncensored_only,12,projected_js,0.0715675107203424,128
lot_paper_uncensored_refusal_like,candidate,instruction,uncensored_only,13,mmd_rbf,0.013823037035763264,128
lot_paper_uncensored_refusal_like,candidate,instruction,uncensored_only,13,projected_js,0.06961960933404043,128
lot_paper_uncensored_refusal_like,candidate,instruction,uncensored_only,14,mmd_rbf,0.013902678154408932,128
lot_paper_uncensored_refusal_like,candidate,instruction,uncensored_only,14,projected_js,0.07146163535071537,128
lot_paper_uncensored_refusal_like,candidate,instruction,uncensored_only,15,mmd_rbf,0.0150231858715415,128
lot_paper_uncensored_refusal_like,candidate,instruction,uncensored_only,15,projected_js,0.07412152545293793,128
lot_paper_uncensored_refusal_like,candidate,instruction,uncensored_only,16,mmd_rbf,0.015313548035919666,128
lot_paper_uncensored_refusal_like,candidate,instruction,uncensored_only,16,projected_js,0.07518225617241114,128
lot_paper_uncensored_refusal_like,candidate,instruction,uncensored_only,17,mmd_rbf,0.014424795284867287,128
lot_paper_uncensored_refusal_like,candidate,instruction,uncensored_only,17,projected_js,0.0687305954634212,128
lot_paper_uncensored_refusal_like,candidate,instruction,uncensored_only,18,mmd_rbf,0.014843625016510487,128
lot_paper_uncensored_refusal_like,candidate,instruction,uncensored_only,18,projected_js,0.07502499903785065,128
lot_paper_uncensored_refusal_like,candidate,instruction,uncensored_only,19,mmd_rbf,0.01640404760837555,128
lot_paper_uncensored_refusal_like,candidate,instruction,uncensored_only,19,projected_js,0.07659669243730605,128
lot_paper_uncensored_refusal_like,candidate,instruction,uncensored_only,20,mmd_rbf,0.017961496487259865,128
lot_paper_uncensored_refusal_like,candidate,instruction,uncensored_only,20,projected_js,0.07736590696731582,128
lot_paper_uncensored_refusal_like,candidate,instruction,uncensored_only,21,mmd_rbf,0.020548639819025993,128
lot_paper_uncensored_refusal_like,candidate,instruction,uncensored_only,21,projected_js,0.07488733157515526,128
lot_paper_uncensored_refusal_like,candidate,instruction,uncensored_only,22,mmd_rbf,0.021752329543232918,128
lot_paper_uncensored_refusal_like,candidate,instruction,uncensored_only,22,projected_js,0.0751454143319279,128
lot_paper_uncensored_refusal_like,candidate,instruction,uncensored_only,23,mmd_rbf,0.022671887651085854,128
lot_paper_uncensored_refusal_like,candidate,instruction,uncensored_only,23,projected_js,0.08115122379967943,128
lot_paper_uncensored_refusal_like,candidate,instruction,uncensored_only,24,mmd_rbf,0.025182515382766724,128
lot_paper_uncensored_refusal_like,candidate,instruction,uncensored_only,24,projected_js,0.08404350013006479,128
lot_paper_uncensored_refusal_like,candidate,instruction,uncensored_only,25,mmd_rbf,0.02638337016105652,128
lot_paper_uncensored_refusal_like,candidate,instruction,uncensored_only,25,projected_js,0.08900505962083116,128
lot_paper_uncensored_refusal_like,candidate,instruction,uncensored_only,26,mmd_rbf,0.028199443593621254,128
lot_paper_uncensored_refusal_like,candidate,instruction,uncensored_only,26,projected_js,0.08722812990890816,128
lot_paper_uncensored_refusal_like,candidate,instruction,uncensored_only,27,mmd_rbf,0.028687437996268272,128
lot_paper_uncensored_refusal_like,candidate,instruction,uncensored_only,27,projected_js,0.09232128725852817,128
lot_paper_uncensored_refusal_like,candidate,instruction,uncensored_only,28,mmd_rbf,0.025689009577035904,128
lot_paper_uncensored_refusal_like,candidate,instruction,uncensored_only,28,projected_js,0.08447858778527007,128
lot_paper_uncensored_refusal_like,candidate,instruction,uncensored_only,29,mmd_rbf,0.024627719074487686,128
lot_paper_uncensored_refusal_like,candidate,instruction,uncensored_only,29,projected_js,0.08152485906612128,128
lot_paper_uncensored_refusal_like,candidate,instruction,uncensored_only,30,mmd_rbf,0.02427735924720764,128
lot_paper_uncensored_refusal_like,candidate,instruction,uncensored_only,30,projected_js,0.08059017051709816,128
lot_paper_uncensored_refusal_like,candidate,instruction,uncensored_only,31,mmd_rbf,0.0237734355032444,128
lot_paper_uncensored_refusal_like,candidate,instruction,uncensored_only,31,projected_js,0.07974354550242424,128
lot_paper_uncensored_refusal_like,candidate,instruction,uncensored_only,32,mmd_rbf,0.024196287617087364,128
lot_paper_uncensored_refusal_like,candidate,instruction,uncensored_only,32,projected_js,0.08274584164610133,128
lot_paper_uncensored_refusal_like,candidate,instruction,uncensored_only,33,mmd_rbf,0.024046573787927628,128
lot_paper_uncensored_refusal_like,candidate,instruction,uncensored_only,33,projected_js,0.07879895425867289,128
lot_paper_uncensored_refusal_like,candidate,instruction,uncensored_only,34,mmd_rbf,0.02562865987420082,128
lot_paper_uncensored_refusal_like,candidate,instruction,uncensored_only,34,projected_js,0.08109641322516836,128
lot_paper_uncensored_refusal_like,candidate,instruction,uncensored_only,35,mmd_rbf,0.027102410793304443,128
lot_paper_uncensored_refusal_like,candidate,instruction,uncensored_only,35,projected_js,0.07610672374721617,128
lot_paper_uncensored_refusal_like,candidate,reasoning,base,0,mmd_rbf,0.002883282257243991,128
lot_paper_uncensored_refusal_like,candidate,reasoning,base,0,projected_js,0.04408520384458825,128
lot_paper_uncensored_refusal_like,candidate,reasoning,base,1,mmd_rbf,0.014788483269512653,128
lot_paper_uncensored_refusal_like,candidate,reasoning,base,1,projected_js,0.05410465248860419,128
lot_paper_uncensored_refusal_like,candidate,reasoning,base,2,mmd_rbf,0.01337436493486166,128
lot_paper_uncensored_refusal_like,candidate,reasoning,base,2,projected_js,0.059124419814907014,128
lot_paper_uncensored_refusal_like,candidate,reasoning,base,3,mmd_rbf,0.012213796377182007,128
lot_paper_uncensored_refusal_like,candidate,reasoning,base,3,projected_js,0.06269076309399679,128
lot_paper_uncensored_refusal_like,candidate,reasoning,base,4,mmd_rbf,0.010810486041009426,128
lot_paper_uncensored_refusal_like,candidate,reasoning,base,4,projected_js,0.06052673328667879,128
lot_paper_uncensored_refusal_like,candidate,reasoning,base,5,mmd_rbf,0.008823986165225506,128
lot_paper_uncensored_refusal_like,candidate,reasoning,base,5,projected_js,0.05915402481332421,128
lot_paper_uncensored_refusal_like,candidate,reasoning,base,6,mmd_rbf,0.006576213985681534,128
lot_paper_uncensored_refusal_like,candidate,reasoning,base,6,projected_js,0.0549547249393072,128
lot_paper_uncensored_refusal_like,candidate,reasoning,base,7,mmd_rbf,0.0065502747893333435,128
lot_paper_uncensored_refusal_like,candidate,reasoning,base,7,projected_js,0.06234449060866609,128
lot_paper_uncensored_refusal_like,candidate,reasoning,base,8,mmd_rbf,0.006310352589935064,128
lot_paper_uncensored_refusal_like,candidate,reasoning,base,8,projected_js,0.06150294537656009,128
lot_paper_uncensored_refusal_like,candidate,reasoning,base,9,mmd_rbf,0.007189156021922827,128
lot_paper_uncensored_refusal_like,candidate,reasoning,base,9,projected_js,0.061630741227418184,128
lot_paper_uncensored_refusal_like,candidate,reasoning,base,10,mmd_rbf,0.008886794559657574,128
lot_paper_uncensored_refusal_like,candidate,reasoning,base,10,projected_js,0.06000022077932954,128
lot_paper_uncensored_refusal_like,candidate,reasoning,base,11,mmd_rbf,0.008265864104032516,128
lot_paper_uncensored_refusal_like,candidate,reasoning,base,11,projected_js,0.05858222540700808,128
lot_paper_uncensored_refusal_like,candidate,reasoning,base,12,mmd_rbf,0.008203087374567986,128
lot_paper_uncensored_refusal_like,candidate,reasoning,base,12,projected_js,0.05931301857344806,128
lot_paper_uncensored_refusal_like,candidate,reasoning,base,13,mmd_rbf,0.00836874544620514,128
lot_paper_uncensored_refusal_like,candidate,reasoning,base,13,projected_js,0.06458013138035312,128
lot_paper_uncensored_refusal_like,candidate,reasoning,base,14,mmd_rbf,0.008367421105504036,128
lot_paper_uncensored_refusal_like,candidate,reasoning,base,14,projected_js,0.05958932373323478,128
lot_paper_uncensored_refusal_like,candidate,reasoning,base,15,mmd_rbf,0.009067974053323269,128
lot_paper_uncensored_refusal_like,candidate,reasoning,base,15,projected_js,0.06294135062489659,128
lot_paper_uncensored_refusal_like,candidate,reasoning,base,16,mmd_rbf,0.009857365861535072,128
lot_paper_uncensored_refusal_like,candidate,reasoning,base,16,projected_js,0.06385224871337414,128
lot_paper_uncensored_refusal_like,candidate,reasoning,base,17,mmd_rbf,0.009837638586759567,128
lot_paper_uncensored_refusal_like,candidate,reasoning,base,17,projected_js,0.0678488330449909,128
lot_paper_uncensored_refusal_like,candidate,reasoning,base,18,mmd_rbf,0.00999456923455,128
lot_paper_uncensored_refusal_like,candidate,reasoning,base,18,projected_js,0.06522745179245248,128
lot_paper_uncensored_refusal_like,candidate,reasoning,base,19,mmd_rbf,0.010508711449801922,128
lot_paper_uncensored_refusal_like,candidate,reasoning,base,19,projected_js,0.06584098178427666,128
lot_paper_uncensored_refusal_like,candidate,reasoning,base,20,mmd_rbf,0.010421352460980415,128
lot_paper_uncensored_refusal_like,candidate,reasoning,base,20,projected_js,0.06301997788250446,128
lot_paper_uncensored_refusal_like,candidate,reasoning,base,21,mmd_rbf,0.011547775939106941,128
lot_paper_uncensored_refusal_like,candidate,reasoning,base,21,projected_js,0.0658934008970391,128
lot_paper_uncensored_refusal_like,candidate,reasoning,base,22,mmd_rbf,0.01192877721041441,128
lot_paper_uncensored_refusal_like,candidate,reasoning,base,22,projected_js,0.06631543609546497,128
lot_paper_uncensored_refusal_like,candidate,reasoning,base,23,mmd_rbf,0.011494015343487263,128
lot_paper_uncensored_refusal_like,candidate,reasoning,base,23,projected_js,0.0647725144517608,128
lot_paper_uncensored_refusal_like,candidate,reasoning,base,24,mmd_rbf,0.011437561362981796,128
lot_paper_uncensored_refusal_like,candidate,reasoning,base,24,projected_js,0.06189028680091724,128
lot_paper_uncensored_refusal_like,candidate,reasoning,base,25,mmd_rbf,0.011176048777997494,128
lot_paper_uncensored_refusal_like,candidate,reasoning,base,25,projected_js,0.06567132362397388,128
lot_paper_uncensored_refusal_like,candidate,reasoning,base,26,mmd_rbf,0.011384576559066772,128
lot_paper_uncensored_refusal_like,candidate,reasoning,base,26,projected_js,0.06435957219218835,128
lot_paper_uncensored_refusal_like,candidate,reasoning,base,27,mmd_rbf,0.011710948310792446,128
lot_paper_uncensored_refusal_like,candidate,reasoning,base,27,projected_js,0.0674135671579279,128
lot_paper_uncensored_refusal_like,candidate,reasoning,base,28,mmd_rbf,0.012047315016388893,128
lot_paper_uncensored_refusal_like,candidate,reasoning,base,28,projected_js,0.06432955426862463,128
lot_paper_uncensored_refusal_like,candidate,reasoning,base,29,mmd_rbf,0.012463211081922054,128
lot_paper_uncensored_refusal_like,candidate,reasoning,base,29,projected_js,0.06858271057717502,128
lot_paper_uncensored_refusal_like,candidate,reasoning,base,30,mmd_rbf,0.013260449282824993,128
lot_paper_uncensored_refusal_like,candidate,reasoning,base,30,projected_js,0.06661030981922522,128
lot_paper_uncensored_refusal_like,candidate,reasoning,base,31,mmd_rbf,0.014238724485039711,128
lot_paper_uncensored_refusal_like,candidate,reasoning,base,31,projected_js,0.06629956973483786,128
lot_paper_uncensored_refusal_like,candidate,reasoning,base,32,mmd_rbf,0.014946095645427704,128
lot_paper_uncensored_refusal_like,candidate,reasoning,base,32,projected_js,0.06786874460522085,128
lot_paper_uncensored_refusal_like,candidate,reasoning,base,33,mmd_rbf,0.015880808234214783,128
lot_paper_uncensored_refusal_like,candidate,reasoning,base,33,projected_js,0.06530901149380952,128
lot_paper_uncensored_refusal_like,candidate,reasoning,base,34,mmd_rbf,0.02287282980978489,128
lot_paper_uncensored_refusal_like,candidate,reasoning,base,34,projected_js,0.07789075933396816,128
lot_paper_uncensored_refusal_like,candidate,reasoning,base,35,mmd_rbf,0.10382623970508575,128
lot_paper_uncensored_refusal_like,candidate,reasoning,base,35,projected_js,0.14922377181937918,128
lot_paper_uncensored_refusal_like,candidate,reasoning,instr_only,0,mmd_rbf,0.0011124849552288651,128
lot_paper_uncensored_refusal_like,candidate,reasoning,instr_only,0,projected_js,0.03190213213383686,128
lot_paper_uncensored_refusal_like,candidate,reasoning,instr_only,1,mmd_rbf,0.013431127183139324,128
lot_paper_uncensored_refusal_like,candidate,reasoning,instr_only,1,projected_js,0.05529378229402937,128
lot_paper_uncensored_refusal_like,candidate,reasoning,instr_only,2,mmd_rbf,0.01144374068826437,128
lot_paper_uncensored_refusal_like,candidate,reasoning,instr_only,2,projected_js,0.05910968789248727,128
lot_paper_uncensored_refusal_like,candidate,reasoning,instr_only,3,mmd_rbf,0.00897421408444643,128
lot_paper_uncensored_refusal_like,candidate,reasoning,instr_only,3,projected_js,0.05749939422821626,128
lot_paper_uncensored_refusal_like,candidate,reasoning,instr_only,4,mmd_rbf,0.006428002845495939,128
lot_paper_uncensored_refusal_like,candidate,reasoning,instr_only,4,projected_js,0.0536564658395946,128
lot_paper_uncensored_refusal_like,candidate,reasoning,instr_only,5,mmd_rbf,0.004933123476803303,128
lot_paper_uncensored_refusal_like,candidate,reasoning,instr_only,5,projected_js,0.050066797964973375,128
lot_paper_uncensored_refusal_like,candidate,reasoning,instr_only,6,mmd_rbf,0.003461696207523346,128
lot_paper_uncensored_refusal_like,candidate,reasoning,instr_only,6,projected_js,0.050304752570809796,128
lot_paper_uncensored_refusal_like,candidate,reasoning,instr_only,7,mmd_rbf,0.003796863602474332,128
lot_paper_uncensored_refusal_like,candidate,reasoning,instr_only,7,projected_js,0.052325171360280365,128
lot_paper_uncensored_refusal_like,candidate,reasoning,instr_only,8,mmd_rbf,0.004145850893110037,128
lot_paper_uncensored_refusal_like,candidate,reasoning,instr_only,8,projected_js,0.053593990742228925,128
lot_paper_uncensored_refusal_like,candidate,reasoning,instr_only,9,mmd_rbf,0.004944407846778631,128
lot_paper_uncensored_refusal_like,candidate,reasoning,instr_only,9,projected_js,0.05726176456664689,128
lot_paper_uncensored_refusal_like,candidate,reasoning,instr_only,10,mmd_rbf,0.006260481663048267,128
lot_paper_uncensored_refusal_like,candidate,reasoning,instr_only,10,projected_js,0.05994823999935761,128
lot_paper_uncensored_refusal_like,candidate,reasoning,instr_only,11,mmd_rbf,0.0059362659230828285,128
lot_paper_uncensored_refusal_like,candidate,reasoning,instr_only,11,projected_js,0.05806825062609278,128
lot_paper_uncensored_refusal_like,candidate,reasoning,instr_only,12,mmd_rbf,0.005653650965541601,128
lot_paper_uncensored_refusal_like,candidate,reasoning,instr_only,12,projected_js,0.061485013720812276,128
lot_paper_uncensored_refusal_like,candidate,reasoning,instr_only,13,mmd_rbf,0.005923333577811718,128
lot_paper_uncensored_refusal_like,candidate,reasoning,instr_only,13,projected_js,0.05822064453968778,128
lot_paper_uncensored_refusal_like,candidate,reasoning,instr_only,14,mmd_rbf,0.005495158489793539,128
lot_paper_uncensored_refusal_like,candidate,reasoning,instr_only,14,projected_js,0.058486080437432975,128
lot_paper_uncensored_refusal_like,candidate,reasoning,instr_only,15,mmd_rbf,0.005759998690336943,128
lot_paper_uncensored_refusal_like,candidate,reasoning,instr_only,15,projected_js,0.059083395812194794,128
lot_paper_uncensored_refusal_like,candidate,reasoning,instr_only,16,mmd_rbf,0.005771386902779341,128
lot_paper_uncensored_refusal_like,candidate,reasoning,instr_only,16,projected_js,0.05933289398672059,128
lot_paper_uncensored_refusal_like,candidate,reasoning,instr_only,17,mmd_rbf,0.005634843371808529,128
lot_paper_uncensored_refusal_like,candidate,reasoning,instr_only,17,projected_js,0.06069493020186201,128
lot_paper_uncensored_refusal_like,candidate,reasoning,instr_only,18,mmd_rbf,0.005771487485617399,128
lot_paper_uncensored_refusal_like,candidate,reasoning,instr_only,18,projected_js,0.05873503189650364,128
lot_paper_uncensored_refusal_like,candidate,reasoning,instr_only,19,mmd_rbf,0.006129477173089981,128
lot_paper_uncensored_refusal_like,candidate,reasoning,instr_only,19,projected_js,0.05924475454958156,128
lot_paper_uncensored_refusal_like,candidate,reasoning,instr_only,20,mmd_rbf,0.006027636583894491,128
lot_paper_uncensored_refusal_like,candidate,reasoning,instr_only,20,projected_js,0.06062606105115265,128
lot_paper_uncensored_refusal_like,candidate,reasoning,instr_only,21,mmd_rbf,0.00717398663982749,128
lot_paper_uncensored_refusal_like,candidate,reasoning,instr_only,21,projected_js,0.06235738500254229,128
lot_paper_uncensored_refusal_like,candidate,reasoning,instr_only,22,mmd_rbf,0.006869375705718994,128
lot_paper_uncensored_refusal_like,candidate,reasoning,instr_only,22,projected_js,0.06073719059349969,128
lot_paper_uncensored_refusal_like,candidate,reasoning,instr_only,23,mmd_rbf,0.005939845461398363,128
lot_paper_uncensored_refusal_like,candidate,reasoning,instr_only,23,projected_js,0.05999946853262372,128
lot_paper_uncensored_refusal_like,candidate,reasoning,instr_only,24,mmd_rbf,0.005858107004314661,128
lot_paper_uncensored_refusal_like,candidate,reasoning,instr_only,24,projected_js,0.060504566645249724,128
lot_paper_uncensored_refusal_like,candidate,reasoning,instr_only,25,mmd_rbf,0.005751734133809805,128
lot_paper_uncensored_refusal_like,candidate,reasoning,instr_only,25,projected_js,0.06124097661813721,128
lot_paper_uncensored_refusal_like,candidate,reasoning,instr_only,26,mmd_rbf,0.005919816438108683,128
lot_paper_uncensored_refusal_like,candidate,reasoning,instr_only,26,projected_js,0.06119625238352455,128
lot_paper_uncensored_refusal_like,candidate,reasoning,instr_only,27,mmd_rbf,0.006338980980217457,128
lot_paper_uncensored_refusal_like,candidate,reasoning,instr_only,27,projected_js,0.06067868851823732,128
lot_paper_uncensored_refusal_like,candidate,reasoning,instr_only,28,mmd_rbf,0.006400200072675943,128
lot_paper_uncensored_refusal_like,candidate,reasoning,instr_only,28,projected_js,0.0618370269658044,128
lot_paper_uncensored_refusal_like,candidate,reasoning,instr_only,29,mmd_rbf,0.006911621429026127,128
lot_paper_uncensored_refusal_like,candidate,reasoning,instr_only,29,projected_js,0.0649358646478504,128
lot_paper_uncensored_refusal_like,candidate,reasoning,instr_only,30,mmd_rbf,0.007733638864010572,128
lot_paper_uncensored_refusal_like,candidate,reasoning,instr_only,30,projected_js,0.06112584046786651,128
lot_paper_uncensored_refusal_like,candidate,reasoning,instr_only,31,mmd_rbf,0.00833042897284031,128
lot_paper_uncensored_refusal_like,candidate,reasoning,instr_only,31,projected_js,0.064915293129161,128
lot_paper_uncensored_refusal_like,candidate,reasoning,instr_only,32,mmd_rbf,0.009129947982728481,128
lot_paper_uncensored_refusal_like,candidate,reasoning,instr_only,32,projected_js,0.0627962676808238,128
lot_paper_uncensored_refusal_like,candidate,reasoning,instr_only,33,mmd_rbf,0.01018442865461111,128
lot_paper_uncensored_refusal_like,candidate,reasoning,instr_only,33,projected_js,0.06217652320628986,128
lot_paper_uncensored_refusal_like,candidate,reasoning,instr_only,34,mmd_rbf,0.011771373450756073,128
lot_paper_uncensored_refusal_like,candidate,reasoning,instr_only,34,projected_js,0.06540994305396453,128
lot_paper_uncensored_refusal_like,candidate,reasoning,instr_only,35,mmd_rbf,0.00981743261218071,128
lot_paper_uncensored_refusal_like,candidate,reasoning,instr_only,35,projected_js,0.06233023549430072,128
lot_paper_uncensored_refusal_like,candidate,reasoning,reasoning_only,0,mmd_rbf,0.004011118318885565,128
lot_paper_uncensored_refusal_like,candidate,reasoning,reasoning_only,0,projected_js,0.04838845439371653,128
lot_paper_uncensored_refusal_like,candidate,reasoning,reasoning_only,1,mmd_rbf,0.018129972741007805,128
lot_paper_uncensored_refusal_like,candidate,reasoning,reasoning_only,1,projected_js,0.0674389770720154,128
lot_paper_uncensored_refusal_like,candidate,reasoning,reasoning_only,2,mmd_rbf,0.01845640130341053,128
lot_paper_uncensored_refusal_like,candidate,reasoning,reasoning_only,2,projected_js,0.06903911015251651,128
lot_paper_uncensored_refusal_like,candidate,reasoning,reasoning_only,3,mmd_rbf,0.018008284270763397,128
lot_paper_uncensored_refusal_like,candidate,reasoning,reasoning_only,3,projected_js,0.0711510322871618,128
lot_paper_uncensored_refusal_like,candidate,reasoning,reasoning_only,4,mmd_rbf,0.013261414133012295,128
lot_paper_uncensored_refusal_like,candidate,reasoning,reasoning_only,4,projected_js,0.065873596991878,128
lot_paper_uncensored_refusal_like,candidate,reasoning,reasoning_only,5,mmd_rbf,0.010687332600355148,128
lot_paper_uncensored_refusal_like,candidate,reasoning,reasoning_only,5,projected_js,0.06380762398475781,128
lot_paper_uncensored_refusal_like,candidate,reasoning,reasoning_only,6,mmd_rbf,0.008058925159275532,128
lot_paper_uncensored_refusal_like,candidate,reasoning,reasoning_only,6,projected_js,0.05840241559781134,128
lot_paper_uncensored_refusal_like,candidate,reasoning,reasoning_only,7,mmd_rbf,0.010782814584672451,128
lot_paper_uncensored_refusal_like,candidate,reasoning,reasoning_only,7,projected_js,0.06584816222311929,128
lot_paper_uncensored_refusal_like,candidate,reasoning,reasoning_only,8,mmd_rbf,0.0105366175994277,128
lot_paper_uncensored_refusal_like,candidate,reasoning,reasoning_only,8,projected_js,0.06130727200070396,128
lot_paper_uncensored_refusal_like,candidate,reasoning,reasoning_only,9,mmd_rbf,0.011815591715276241,128
lot_paper_uncensored_refusal_like,candidate,reasoning,reasoning_only,9,projected_js,0.06633644475368783,128
lot_paper_uncensored_refusal_like,candidate,reasoning,reasoning_only,10,mmd_rbf,0.01590433157980442,128
lot_paper_uncensored_refusal_like,candidate,reasoning,reasoning_only,10,projected_js,0.0689583072962705,128
lot_paper_uncensored_refusal_like,candidate,reasoning,reasoning_only,11,mmd_rbf,0.01570611633360386,128
lot_paper_uncensored_refusal_like,candidate,reasoning,reasoning_only,11,projected_js,0.0656559698691126,128
lot_paper_uncensored_refusal_like,candidate,reasoning,reasoning_only,12,mmd_rbf,0.015952596440911293,128
lot_paper_uncensored_refusal_like,candidate,reasoning,reasoning_only,12,projected_js,0.07213164435233921,128
lot_paper_uncensored_refusal_like,candidate,reasoning,reasoning_only,13,mmd_rbf,0.016706572845578194,128
lot_paper_uncensored_refusal_like,candidate,reasoning,reasoning_only,13,projected_js,0.07150565070332959,128
lot_paper_uncensored_refusal_like,candidate,reasoning,reasoning_only,14,mmd_rbf,0.01637265458703041,128
lot_paper_uncensored_refusal_like,candidate,reasoning,reasoning_only,14,projected_js,0.0673736910102889,128
lot_paper_uncensored_refusal_like,candidate,reasoning,reasoning_only,15,mmd_rbf,0.017582394182682037,128
lot_paper_uncensored_refusal_like,candidate,reasoning,reasoning_only,15,projected_js,0.06931511691072956,128
lot_paper_uncensored_refusal_like,candidate,reasoning,reasoning_only,16,mmd_rbf,0.0178749468177557,128
lot_paper_uncensored_refusal_like,candidate,reasoning,reasoning_only,16,projected_js,0.07035759557038546,128
lot_paper_uncensored_refusal_like,candidate,reasoning,reasoning_only,17,mmd_rbf,0.017642052844166756,128
lot_paper_uncensored_refusal_like,candidate,reasoning,reasoning_only,17,projected_js,0.06837425701087341,128
lot_paper_uncensored_refusal_like,candidate,reasoning,reasoning_only,18,mmd_rbf,0.019902868196368217,128
lot_paper_uncensored_refusal_like,candidate,reasoning,reasoning_only,18,projected_js,0.07231888879323378,128
lot_paper_uncensored_refusal_like,candidate,reasoning,reasoning_only,19,mmd_rbf,0.018750350922346115,128
lot_paper_uncensored_refusal_like,candidate,reasoning,reasoning_only,19,projected_js,0.07105966069502756,128
lot_paper_uncensored_refusal_like,candidate,reasoning,reasoning_only,20,mmd_rbf,0.018236879259347916,128
lot_paper_uncensored_refusal_like,candidate,reasoning,reasoning_only,20,projected_js,0.07447068649344146,128
lot_paper_uncensored_refusal_like,candidate,reasoning,reasoning_only,21,mmd_rbf,0.020047524943947792,128
lot_paper_uncensored_refusal_like,candidate,reasoning,reasoning_only,21,projected_js,0.07379598403349519,128
lot_paper_uncensored_refusal_like,candidate,reasoning,reasoning_only,22,mmd_rbf,0.01834823004901409,128
lot_paper_uncensored_refusal_like,candidate,reasoning,reasoning_only,22,projected_js,0.07243756350362673,128
lot_paper_uncensored_refusal_like,candidate,reasoning,reasoning_only,23,mmd_rbf,0.015455755405128002,128
lot_paper_uncensored_refusal_like,candidate,reasoning,reasoning_only,23,projected_js,0.07081879198085517,128
lot_paper_uncensored_refusal_like,candidate,reasoning,reasoning_only,24,mmd_rbf,0.015773916617035866,128
lot_paper_uncensored_refusal_like,candidate,reasoning,reasoning_only,24,projected_js,0.07371263031382114,128
lot_paper_uncensored_refusal_like,candidate,reasoning,reasoning_only,25,mmd_rbf,0.014466485939919949,128
lot_paper_uncensored_refusal_like,candidate,reasoning,reasoning_only,25,projected_js,0.06886908813612536,128
lot_paper_uncensored_refusal_like,candidate,reasoning,reasoning_only,26,mmd_rbf,0.01415541023015976,128
lot_paper_uncensored_refusal_like,candidate,reasoning,reasoning_only,26,projected_js,0.070634190866258,128
lot_paper_uncensored_refusal_like,candidate,reasoning,reasoning_only,27,mmd_rbf,0.014377116225659847,128
lot_paper_uncensored_refusal_like,candidate,reasoning,reasoning_only,27,projected_js,0.06945260392967612,128
lot_paper_uncensored_refusal_like,candidate,reasoning,reasoning_only,28,mmd_rbf,0.015275768004357815,128
lot_paper_uncensored_refusal_like,candidate,reasoning,reasoning_only,28,projected_js,0.06735029898118228,128
lot_paper_uncensored_refusal_like,candidate,reasoning,reasoning_only,29,mmd_rbf,0.015597452409565449,128
lot_paper_uncensored_refusal_like,candidate,reasoning,reasoning_only,29,projected_js,0.0688367486000061,128
lot_paper_uncensored_refusal_like,candidate,reasoning,reasoning_only,30,mmd_rbf,0.01699666865170002,128
lot_paper_uncensored_refusal_like,candidate,reasoning,reasoning_only,30,projected_js,0.06693734996952116,128
lot_paper_uncensored_refusal_like,candidate,reasoning,reasoning_only,31,mmd_rbf,0.018262293189764023,128
lot_paper_uncensored_refusal_like,candidate,reasoning,reasoning_only,31,projected_js,0.0716630766983144,128
lot_paper_uncensored_refusal_like,candidate,reasoning,reasoning_only,32,mmd_rbf,0.018441613763570786,128
lot_paper_uncensored_refusal_like,candidate,reasoning,reasoning_only,32,projected_js,0.07135060790460557,128
lot_paper_uncensored_refusal_like,candidate,reasoning,reasoning_only,33,mmd_rbf,0.019179396331310272,128
lot_paper_uncensored_refusal_like,candidate,reasoning,reasoning_only,33,projected_js,0.07046184851787984,128
lot_paper_uncensored_refusal_like,candidate,reasoning,reasoning_only,34,mmd_rbf,0.023124104365706444,128
lot_paper_uncensored_refusal_like,candidate,reasoning,reasoning_only,34,projected_js,0.07289738318650052,128
lot_paper_uncensored_refusal_like,candidate,reasoning,reasoning_only,35,mmd_rbf,0.0884438008069992,128
lot_paper_uncensored_refusal_like,candidate,reasoning,reasoning_only,35,projected_js,0.13570629572495818,128
lot_paper_uncensored_refusal_like,candidate,reasoning,uncensored_only,0,mmd_rbf,0.0027331889141350985,128
lot_paper_uncensored_refusal_like,candidate,reasoning,uncensored_only,0,projected_js,0.03682366164866835,128
lot_paper_uncensored_refusal_like,candidate,reasoning,uncensored_only,1,mmd_rbf,0.050046902149915695,128
lot_paper_uncensored_refusal_like,candidate,reasoning,uncensored_only,1,projected_js,0.09019408709718846,128
lot_paper_uncensored_refusal_like,candidate,reasoning,uncensored_only,2,mmd_rbf,0.0550224669277668,128
lot_paper_uncensored_refusal_like,candidate,reasoning,uncensored_only,2,projected_js,0.09156073734629899,128
lot_paper_uncensored_refusal_like,candidate,reasoning,uncensored_only,3,mmd_rbf,0.04248783364892006,128
lot_paper_uncensored_refusal_like,candidate,reasoning,uncensored_only,3,projected_js,0.08380506257526577,128
lot_paper_uncensored_refusal_like,candidate,reasoning,uncensored_only,4,mmd_rbf,0.031183216720819473,128
lot_paper_uncensored_refusal_like,candidate,reasoning,uncensored_only,4,projected_js,0.08333404824952595,128
lot_paper_uncensored_refusal_like,candidate,reasoning,uncensored_only,5,mmd_rbf,0.022388890385627747,128
lot_paper_uncensored_refusal_like,candidate,reasoning,uncensored_only,5,projected_js,0.0760679628001526,128
lot_paper_uncensored_refusal_like,candidate,reasoning,uncensored_only,6,mmd_rbf,0.01404088456183672,128
lot_paper_uncensored_refusal_like,candidate,reasoning,uncensored_only,6,projected_js,0.06944118463434279,128
lot_paper_uncensored_refusal_like,candidate,reasoning,uncensored_only,7,mmd_rbf,0.013261022046208382,128
lot_paper_uncensored_refusal_like,candidate,reasoning,uncensored_only,7,projected_js,0.0661251989658922,128
lot_paper_uncensored_refusal_like,candidate,reasoning,uncensored_only,8,mmd_rbf,0.012000213377177715,128
lot_paper_uncensored_refusal_like,candidate,reasoning,uncensored_only,8,projected_js,0.06574265257222578,128
lot_paper_uncensored_refusal_like,candidate,reasoning,uncensored_only,9,mmd_rbf,0.011013059876859188,128
lot_paper_uncensored_refusal_like,candidate,reasoning,uncensored_only,9,projected_js,0.06028063327539712,128
lot_paper_uncensored_refusal_like,candidate,reasoning,uncensored_only,10,mmd_rbf,0.011336887255311012,128
lot_paper_uncensored_refusal_like,candidate,reasoning,uncensored_only,10,projected_js,0.06349117434001528,128
lot_paper_uncensored_refusal_like,candidate,reasoning,uncensored_only,11,mmd_rbf,0.009496880695223808,128
lot_paper_uncensored_refusal_like,candidate,reasoning,uncensored_only,11,projected_js,0.060867321968544275,128
lot_paper_uncensored_refusal_like,candidate,reasoning,uncensored_only,12,mmd_rbf,0.009870312176644802,128
lot_paper_uncensored_refusal_like,candidate,reasoning,uncensored_only,12,projected_js,0.06198691762983799,128
lot_paper_uncensored_refusal_like,candidate,reasoning,uncensored_only,13,mmd_rbf,0.009790199808776379,128
lot_paper_uncensored_refusal_like,candidate,reasoning,uncensored_only,13,projected_js,0.06458978075534105,128
lot_paper_uncensored_refusal_like,candidate,reasoning,uncensored_only,14,mmd_rbf,0.00937573704868555,128
lot_paper_uncensored_refusal_like,candidate,reasoning,uncensored_only,14,projected_js,0.06349475221941248,128
lot_paper_uncensored_refusal_like,candidate,reasoning,uncensored_only,15,mmd_rbf,0.009557105600833893,128
lot_paper_uncensored_refusal_like,candidate,reasoning,uncensored_only,15,projected_js,0.06205912010045722,128
lot_paper_uncensored_refusal_like,candidate,reasoning,uncensored_only,16,mmd_rbf,0.010050928220152855,128
lot_paper_uncensored_refusal_like,candidate,reasoning,uncensored_only,16,projected_js,0.06254531242302619,128
lot_paper_uncensored_refusal_like,candidate,reasoning,uncensored_only,17,mmd_rbf,0.009354986250400543,128
lot_paper_uncensored_refusal_like,candidate,reasoning,uncensored_only,17,projected_js,0.06458296731580049,128
lot_paper_uncensored_refusal_like,candidate,reasoning,uncensored_only,18,mmd_rbf,0.009669693186879158,128
lot_paper_uncensored_refusal_like,candidate,reasoning,uncensored_only,18,projected_js,0.06462374236434698,128
lot_paper_uncensored_refusal_like,candidate,reasoning,uncensored_only,19,mmd_rbf,0.010786785744130611,128
lot_paper_uncensored_refusal_like,candidate,reasoning,uncensored_only,19,projected_js,0.06375570088857785,128
lot_paper_uncensored_refusal_like,candidate,reasoning,uncensored_only,20,mmd_rbf,0.0114982221275568,128
lot_paper_uncensored_refusal_like,candidate,reasoning,uncensored_only,20,projected_js,0.06777239532675594,128
lot_paper_uncensored_refusal_like,candidate,reasoning,uncensored_only,21,mmd_rbf,0.013020515441894531,128
lot_paper_uncensored_refusal_like,candidate,reasoning,uncensored_only,21,projected_js,0.0668049172963947,128
lot_paper_uncensored_refusal_like,candidate,reasoning,uncensored_only,22,mmd_rbf,0.01293978001922369,128
lot_paper_uncensored_refusal_like,candidate,reasoning,uncensored_only,22,projected_js,0.06585318595170975,128
lot_paper_uncensored_refusal_like,candidate,reasoning,uncensored_only,23,mmd_rbf,0.012365803122520447,128
lot_paper_uncensored_refusal_like,candidate,reasoning,uncensored_only,23,projected_js,0.06633150606648996,128
lot_paper_uncensored_refusal_like,candidate,reasoning,uncensored_only,24,mmd_rbf,0.01212986558675766,128
lot_paper_uncensored_refusal_like,candidate,reasoning,uncensored_only,24,projected_js,0.06626241927733645,128
lot_paper_uncensored_refusal_like,candidate,reasoning,uncensored_only,25,mmd_rbf,0.012333150021731853,128
lot_paper_uncensored_refusal_like,candidate,reasoning,uncensored_only,25,projected_js,0.0697737120790407,128
lot_paper_uncensored_refusal_like,candidate,reasoning,uncensored_only,26,mmd_rbf,0.012632033787667751,128
lot_paper_uncensored_refusal_like,candidate,reasoning,uncensored_only,26,projected_js,0.0678518331842497,128
lot_paper_uncensored_refusal_like,candidate,reasoning,uncensored_only,27,mmd_rbf,0.013087865896522999,128
lot_paper_uncensored_refusal_like,candidate,reasoning,uncensored_only,27,projected_js,0.06921028526267037,128
lot_paper_uncensored_refusal_like,candidate,reasoning,uncensored_only,28,mmd_rbf,0.012525023892521858,128
lot_paper_uncensored_refusal_like,candidate,reasoning,uncensored_only,28,projected_js,0.06786726153222844,128
lot_paper_uncensored_refusal_like,candidate,reasoning,uncensored_only,29,mmd_rbf,0.012717770412564278,128
lot_paper_uncensored_refusal_like,candidate,reasoning,uncensored_only,29,projected_js,0.06899914494715631,128
lot_paper_uncensored_refusal_like,candidate,reasoning,uncensored_only,30,mmd_rbf,0.013485896401107311,128
lot_paper_uncensored_refusal_like,candidate,reasoning,uncensored_only,30,projected_js,0.06766847829567268,128
lot_paper_uncensored_refusal_like,candidate,reasoning,uncensored_only,31,mmd_rbf,0.013823366723954678,128
lot_paper_uncensored_refusal_like,candidate,reasoning,uncensored_only,31,projected_js,0.0671765508595854,128
lot_paper_uncensored_refusal_like,candidate,reasoning,uncensored_only,32,mmd_rbf,0.014906472526490688,128
lot_paper_uncensored_refusal_like,candidate,reasoning,uncensored_only,32,projected_js,0.07008497175411321,128
lot_paper_uncensored_refusal_like,candidate,reasoning,uncensored_only,33,mmd_rbf,0.015883231535553932,128
lot_paper_uncensored_refusal_like,candidate,reasoning,uncensored_only,33,projected_js,0.06903659226372838,128
lot_paper_uncensored_refusal_like,candidate,reasoning,uncensored_only,34,mmd_rbf,0.017276113852858543,128
lot_paper_uncensored_refusal_like,candidate,reasoning,uncensored_only,34,projected_js,0.06998191069578752,128
lot_paper_uncensored_refusal_like,candidate,reasoning,uncensored_only,35,mmd_rbf,0.013806167058646679,128
lot_paper_uncensored_refusal_like,candidate,reasoning,uncensored_only,35,projected_js,0.06433045340236276,128
lot_paper_uncensored_refusal_like,candidate,uncensored_refusal_like,base,0,mmd_rbf,0.012887060642242432,128
lot_paper_uncensored_refusal_like,candidate,uncensored_refusal_like,base,0,projected_js,0.06297863283543848,128
lot_paper_uncensored_refusal_like,candidate,uncensored_refusal_like,base,1,mmd_rbf,0.028539394959807396,128
lot_paper_uncensored_refusal_like,candidate,uncensored_refusal_like,base,1,projected_js,0.07784022865234874,128
lot_paper_uncensored_refusal_like,candidate,uncensored_refusal_like,base,2,mmd_rbf,0.02719104290008545,128
lot_paper_uncensored_refusal_like,candidate,uncensored_refusal_like,base,2,projected_js,0.07342325086938217,128
lot_paper_uncensored_refusal_like,candidate,uncensored_refusal_like,base,3,mmd_rbf,0.04177696257829666,128
lot_paper_uncensored_refusal_like,candidate,uncensored_refusal_like,base,3,projected_js,0.10431188222719356,128
lot_paper_uncensored_refusal_like,candidate,uncensored_refusal_like,base,4,mmd_rbf,0.03938706964254379,128
lot_paper_uncensored_refusal_like,candidate,uncensored_refusal_like,base,4,projected_js,0.09525866463081911,128
lot_paper_uncensored_refusal_like,candidate,uncensored_refusal_like,base,5,mmd_rbf,0.04101944342255592,128
lot_paper_uncensored_refusal_like,candidate,uncensored_refusal_like,base,5,projected_js,0.09657939936732873,128
lot_paper_uncensored_refusal_like,candidate,uncensored_refusal_like,base,6,mmd_rbf,0.03478584438562393,128
lot_paper_uncensored_refusal_like,candidate,uncensored_refusal_like,base,6,projected_js,0.09121354931266978,128
lot_paper_uncensored_refusal_like,candidate,uncensored_refusal_like,base,7,mmd_rbf,0.03199603408575058,128
lot_paper_uncensored_refusal_like,candidate,uncensored_refusal_like,base,7,projected_js,0.07969004329061136,128
lot_paper_uncensored_refusal_like,candidate,uncensored_refusal_like,base,8,mmd_rbf,0.02930426597595215,128
lot_paper_uncensored_refusal_like,candidate,uncensored_refusal_like,base,8,projected_js,0.08550037810346112,128
lot_paper_uncensored_refusal_like,candidate,uncensored_refusal_like,base,9,mmd_rbf,0.03266354277729988,128
lot_paper_uncensored_refusal_like,candidate,uncensored_refusal_like,base,9,projected_js,0.09115527226822451,128
lot_paper_uncensored_refusal_like,candidate,uncensored_refusal_like,base,10,mmd_rbf,0.04108629375696182,128
lot_paper_uncensored_refusal_like,candidate,uncensored_refusal_like,base,10,projected_js,0.09883945860201493,128
lot_paper_uncensored_refusal_like,candidate,uncensored_refusal_like,base,11,mmd_rbf,0.042604777961969376,128
lot_paper_uncensored_refusal_like,candidate,uncensored_refusal_like,base,11,projected_js,0.0910402198205702,128
lot_paper_uncensored_refusal_like,candidate,uncensored_refusal_like,base,12,mmd_rbf,0.04211560636758804,128
lot_paper_uncensored_refusal_like,candidate,uncensored_refusal_like,base,12,projected_js,0.09815050722681917,128
lot_paper_uncensored_refusal_like,candidate,uncensored_refusal_like,base,13,mmd_rbf,0.043904006481170654,128
lot_paper_uncensored_refusal_like,candidate,uncensored_refusal_like,base,13,projected_js,0.09985334484372288,128
lot_paper_uncensored_refusal_like,candidate,uncensored_refusal_like,base,14,mmd_rbf,0.04209713265299797,128
lot_paper_uncensored_refusal_like,candidate,uncensored_refusal_like,base,14,projected_js,0.09037409094162285,128
lot_paper_uncensored_refusal_like,candidate,uncensored_refusal_like,base,15,mmd_rbf,0.042440466582775116,128
lot_paper_uncensored_refusal_like,candidate,uncensored_refusal_like,base,15,projected_js,0.08601988741429523,128
lot_paper_uncensored_refusal_like,candidate,uncensored_refusal_like,base,16,mmd_rbf,0.04431799054145813,128
lot_paper_uncensored_refusal_like,candidate,uncensored_refusal_like,base,16,projected_js,0.0864436860429123,128
lot_paper_uncensored_refusal_like,candidate,uncensored_refusal_like,base,17,mmd_rbf,0.04656943306326866,128
lot_paper_uncensored_refusal_like,candidate,uncensored_refusal_like,base,17,projected_js,0.09012186626205221,128
lot_paper_uncensored_refusal_like,candidate,uncensored_refusal_like,base,18,mmd_rbf,0.04776560142636299,128
lot_paper_uncensored_refusal_like,candidate,uncensored_refusal_like,base,18,projected_js,0.09521012974437326,128
lot_paper_uncensored_refusal_like,candidate,uncensored_refusal_like,base,19,mmd_rbf,0.05207086727023125,128
lot_paper_uncensored_refusal_like,candidate,uncensored_refusal_like,base,19,projected_js,0.09369751921622083,128
lot_paper_uncensored_refusal_like,candidate,uncensored_refusal_like,base,20,mmd_rbf,0.06079672649502754,128
lot_paper_uncensored_refusal_like,candidate,uncensored_refusal_like,base,20,projected_js,0.1021851641125977,128
lot_paper_uncensored_refusal_like,candidate,uncensored_refusal_like,base,21,mmd_rbf,0.06935480237007141,128
lot_paper_uncensored_refusal_like,candidate,uncensored_refusal_like,base,21,projected_js,0.10471508727641776,128
lot_paper_uncensored_refusal_like,candidate,uncensored_refusal_like,base,22,mmd_rbf,0.07430615276098251,128
lot_paper_uncensored_refusal_like,candidate,uncensored_refusal_like,base,22,projected_js,0.10917048912961036,128
lot_paper_uncensored_refusal_like,candidate,uncensored_refusal_like,base,23,mmd_rbf,0.07366493344306946,128
lot_paper_uncensored_refusal_like,candidate,uncensored_refusal_like,base,23,projected_js,0.11479019495891407,128
lot_paper_uncensored_refusal_like,candidate,uncensored_refusal_like,base,24,mmd_rbf,0.07306908071041107,128
lot_paper_uncensored_refusal_like,candidate,uncensored_refusal_like,base,24,projected_js,0.1243786420673132,128
lot_paper_uncensored_refusal_like,candidate,uncensored_refusal_like,base,25,mmd_rbf,0.07124657183885574,128
lot_paper_uncensored_refusal_like,candidate,uncensored_refusal_like,base,25,projected_js,0.11966526240576059,128
lot_paper_uncensored_refusal_like,candidate,uncensored_refusal_like,base,26,mmd_rbf,0.07214943319559097,128
lot_paper_uncensored_refusal_like,candidate,uncensored_refusal_like,base,26,projected_js,0.11890542443143204,128
lot_paper_uncensored_refusal_like,candidate,uncensored_refusal_like,base,27,mmd_rbf,0.07301127165555954,128
lot_paper_uncensored_refusal_like,candidate,uncensored_refusal_like,base,27,projected_js,0.12458795326529071,128
lot_paper_uncensored_refusal_like,candidate,uncensored_refusal_like,base,28,mmd_rbf,0.07344613969326019,128
lot_paper_uncensored_refusal_like,candidate,uncensored_refusal_like,base,28,projected_js,0.12112879438791424,128
lot_paper_uncensored_refusal_like,candidate,uncensored_refusal_like,base,29,mmd_rbf,0.06991618126630783,128
lot_paper_uncensored_refusal_like,candidate,uncensored_refusal_like,base,29,projected_js,0.11578587820986286,128
lot_paper_uncensored_refusal_like,candidate,uncensored_refusal_like,base,30,mmd_rbf,0.07064973562955856,128
lot_paper_uncensored_refusal_like,candidate,uncensored_refusal_like,base,30,projected_js,0.12294563604518771,128
lot_paper_uncensored_refusal_like,candidate,uncensored_refusal_like,base,31,mmd_rbf,0.07057361304759979,128
lot_paper_uncensored_refusal_like,candidate,uncensored_refusal_like,base,31,projected_js,0.12461196107324213,128
lot_paper_uncensored_refusal_like,candidate,uncensored_refusal_like,base,32,mmd_rbf,0.07170692086219788,128
lot_paper_uncensored_refusal_like,candidate,uncensored_refusal_like,base,32,projected_js,0.12362738797673956,128
lot_paper_uncensored_refusal_like,candidate,uncensored_refusal_like,base,33,mmd_rbf,0.07062657922506332,128
lot_paper_uncensored_refusal_like,candidate,uncensored_refusal_like,base,33,projected_js,0.12471502227708697,128
lot_paper_uncensored_refusal_like,candidate,uncensored_refusal_like,base,34,mmd_rbf,0.0914769321680069,128
lot_paper_uncensored_refusal_like,candidate,uncensored_refusal_like,base,34,projected_js,0.14093723759287968,128
lot_paper_uncensored_refusal_like,candidate,uncensored_refusal_like,base,35,mmd_rbf,0.21255815029144287,128
lot_paper_uncensored_refusal_like,candidate,uncensored_refusal_like,base,35,projected_js,0.24378134100697935,128
lot_paper_uncensored_refusal_like,candidate,uncensored_refusal_like,instr_only,0,mmd_rbf,0.0056608798913657665,128
lot_paper_uncensored_refusal_like,candidate,uncensored_refusal_like,instr_only,0,projected_js,0.045669109997106716,128
lot_paper_uncensored_refusal_like,candidate,uncensored_refusal_like,instr_only,1,mmd_rbf,0.02042512409389019,128
lot_paper_uncensored_refusal_like,candidate,uncensored_refusal_like,instr_only,1,projected_js,0.06791911140317097,128
lot_paper_uncensored_refusal_like,candidate,uncensored_refusal_like,instr_only,2,mmd_rbf,0.01777786947786808,128
lot_paper_uncensored_refusal_like,candidate,uncensored_refusal_like,instr_only,2,projected_js,0.06795447072363459,128
lot_paper_uncensored_refusal_like,candidate,uncensored_refusal_like,instr_only,3,mmd_rbf,0.01833350583910942,128
lot_paper_uncensored_refusal_like,candidate,uncensored_refusal_like,instr_only,3,projected_js,0.07391169009497389,128
lot_paper_uncensored_refusal_like,candidate,uncensored_refusal_like,instr_only,4,mmd_rbf,0.018475553020834923,128
lot_paper_uncensored_refusal_like,candidate,uncensored_refusal_like,instr_only,4,projected_js,0.07673782409983687,128
lot_paper_uncensored_refusal_like,candidate,uncensored_refusal_like,instr_only,5,mmd_rbf,0.01846497319638729,128
lot_paper_uncensored_refusal_like,candidate,uncensored_refusal_like,instr_only,5,projected_js,0.07350806595059112,128
lot_paper_uncensored_refusal_like,candidate,uncensored_refusal_like,instr_only,6,mmd_rbf,0.013772169128060341,128
lot_paper_uncensored_refusal_like,candidate,uncensored_refusal_like,instr_only,6,projected_js,0.06632324357633479,128
lot_paper_uncensored_refusal_like,candidate,uncensored_refusal_like,instr_only,7,mmd_rbf,0.013126320205628872,128
lot_paper_uncensored_refusal_like,candidate,uncensored_refusal_like,instr_only,7,projected_js,0.07049312035087496,128
lot_paper_uncensored_refusal_like,candidate,uncensored_refusal_like,instr_only,8,mmd_rbf,0.012810728512704372,128
lot_paper_uncensored_refusal_like,candidate,uncensored_refusal_like,instr_only,8,projected_js,0.07027989270864055,128
lot_paper_uncensored_refusal_like,candidate,uncensored_refusal_like,instr_only,9,mmd_rbf,0.01428598165512085,128
lot_paper_uncensored_refusal_like,candidate,uncensored_refusal_like,instr_only,9,projected_js,0.07394975272472948,128
lot_paper_uncensored_refusal_like,candidate,uncensored_refusal_like,instr_only,10,mmd_rbf,0.01512924861162901,128
lot_paper_uncensored_refusal_like,candidate,uncensored_refusal_like,instr_only,10,projected_js,0.07351894961902872,128
lot_paper_uncensored_refusal_like,candidate,uncensored_refusal_like,instr_only,11,mmd_rbf,0.014958417974412441,128
lot_paper_uncensored_refusal_like,candidate,uncensored_refusal_like,instr_only,11,projected_js,0.07458106137346476,128
lot_paper_uncensored_refusal_like,candidate,uncensored_refusal_like,instr_only,12,mmd_rbf,0.014617443084716797,128
lot_paper_uncensored_refusal_like,candidate,uncensored_refusal_like,instr_only,12,projected_js,0.07218130346154794,128
lot_paper_uncensored_refusal_like,candidate,uncensored_refusal_like,instr_only,13,mmd_rbf,0.01510485727339983,128
lot_paper_uncensored_refusal_like,candidate,uncensored_refusal_like,instr_only,13,projected_js,0.07310986937955022,128
lot_paper_uncensored_refusal_like,candidate,uncensored_refusal_like,instr_only,14,mmd_rbf,0.013117446564137936,128
lot_paper_uncensored_refusal_like,candidate,uncensored_refusal_like,instr_only,14,projected_js,0.07129430875647813,128
lot_paper_uncensored_refusal_like,candidate,uncensored_refusal_like,instr_only,15,mmd_rbf,0.011790676973760128,128
lot_paper_uncensored_refusal_like,candidate,uncensored_refusal_like,instr_only,15,projected_js,0.07230807287851349,128
lot_paper_uncensored_refusal_like,candidate,uncensored_refusal_like,instr_only,16,mmd_rbf,0.01137099415063858,128
lot_paper_uncensored_refusal_like,candidate,uncensored_refusal_like,instr_only,16,projected_js,0.06813964492175728,128
lot_paper_uncensored_refusal_like,candidate,uncensored_refusal_like,instr_only,17,mmd_rbf,0.011510774493217468,128
lot_paper_uncensored_refusal_like,candidate,uncensored_refusal_like,instr_only,17,projected_js,0.06766532646724954,128
lot_paper_uncensored_refusal_like,candidate,uncensored_refusal_like,instr_only,18,mmd_rbf,0.011844033375382423,128
lot_paper_uncensored_refusal_like,candidate,uncensored_refusal_like,instr_only,18,projected_js,0.06663611595286056,128
lot_paper_uncensored_refusal_like,candidate,uncensored_refusal_like,instr_only,19,mmd_rbf,0.012538516893982887,128
lot_paper_uncensored_refusal_like,candidate,uncensored_refusal_like,instr_only,19,projected_js,0.06554099696222693,128
lot_paper_uncensored_refusal_like,candidate,uncensored_refusal_like,instr_only,20,mmd_rbf,0.013092669658362865,128
lot_paper_uncensored_refusal_like,candidate,uncensored_refusal_like,instr_only,20,projected_js,0.07048758293967694,128
lot_paper_uncensored_refusal_like,candidate,uncensored_refusal_like,instr_only,21,mmd_rbf,0.016228098422288895,128
lot_paper_uncensored_refusal_like,candidate,uncensored_refusal_like,instr_only,21,projected_js,0.07016310462495312,128
lot_paper_uncensored_refusal_like,candidate,uncensored_refusal_like,instr_only,22,mmd_rbf,0.01556422095745802,128
lot_paper_uncensored_refusal_like,candidate,uncensored_refusal_like,instr_only,22,projected_js,0.06196010604617186,128
lot_paper_uncensored_refusal_like,candidate,uncensored_refusal_like,instr_only,23,mmd_rbf,0.014835801906883717,128
lot_paper_uncensored_refusal_like,candidate,uncensored_refusal_like,instr_only,23,projected_js,0.07020794547861442,128
lot_paper_uncensored_refusal_like,candidate,uncensored_refusal_like,instr_only,24,mmd_rbf,0.016312478110194206,128
lot_paper_uncensored_refusal_like,candidate,uncensored_refusal_like,instr_only,24,projected_js,0.07237316004466265,128
lot_paper_uncensored_refusal_like,candidate,uncensored_refusal_like,instr_only,25,mmd_rbf,0.017584478482604027,128
lot_paper_uncensored_refusal_like,candidate,uncensored_refusal_like,instr_only,25,projected_js,0.07253257097909227,128
lot_paper_uncensored_refusal_like,candidate,uncensored_refusal_like,instr_only,26,mmd_rbf,0.019125452265143394,128
lot_paper_uncensored_refusal_like,candidate,uncensored_refusal_like,instr_only,26,projected_js,0.07220590201904997,128
lot_paper_uncensored_refusal_like,candidate,uncensored_refusal_like,instr_only,27,mmd_rbf,0.020501116290688515,128
lot_paper_uncensored_refusal_like,candidate,uncensored_refusal_like,instr_only,27,projected_js,0.06933603185461834,128
lot_paper_uncensored_refusal_like,candidate,uncensored_refusal_like,instr_only,28,mmd_rbf,0.02058451436460018,128
lot_paper_uncensored_refusal_like,candidate,uncensored_refusal_like,instr_only,28,projected_js,0.06950726336799562,128
lot_paper_uncensored_refusal_like,candidate,uncensored_refusal_like,instr_only,29,mmd_rbf,0.021700508892536163,128
lot_paper_uncensored_refusal_like,candidate,uncensored_refusal_like,instr_only,29,projected_js,0.07248759327922016,128
lot_paper_uncensored_refusal_like,candidate,uncensored_refusal_like,instr_only,30,mmd_rbf,0.022770661860704422,128
lot_paper_uncensored_refusal_like,candidate,uncensored_refusal_like,instr_only,30,projected_js,0.0776418293826282,128
lot_paper_uncensored_refusal_like,candidate,uncensored_refusal_like,instr_only,31,mmd_rbf,0.023033954203128815,128
lot_paper_uncensored_refusal_like,candidate,uncensored_refusal_like,instr_only,31,projected_js,0.07630781544139609,128
lot_paper_uncensored_refusal_like,candidate,uncensored_refusal_like,instr_only,32,mmd_rbf,0.025891438126564026,128
lot_paper_uncensored_refusal_like,candidate,uncensored_refusal_like,instr_only,32,projected_js,0.077389077458065,128
lot_paper_uncensored_refusal_like,candidate,uncensored_refusal_like,instr_only,33,mmd_rbf,0.027476448565721512,128
lot_paper_uncensored_refusal_like,candidate,uncensored_refusal_like,instr_only,33,projected_js,0.07779716770164669,128
lot_paper_uncensored_refusal_like,candidate,uncensored_refusal_like,instr_only,34,mmd_rbf,0.03175955265760422,128
lot_paper_uncensored_refusal_like,candidate,uncensored_refusal_like,instr_only,34,projected_js,0.08223878598073497,128
lot_paper_uncensored_refusal_like,candidate,uncensored_refusal_like,instr_only,35,mmd_rbf,0.036126844584941864,128
lot_paper_uncensored_refusal_like,candidate,uncensored_refusal_like,instr_only,35,projected_js,0.0818633075687103,128
lot_paper_uncensored_refusal_like,candidate,uncensored_refusal_like,reasoning_only,0,mmd_rbf,0.019860321655869484,128
lot_paper_uncensored_refusal_like,candidate,uncensored_refusal_like,reasoning_only,0,projected_js,0.08765615368611179,128
lot_paper_uncensored_refusal_like,candidate,uncensored_refusal_like,reasoning_only,1,mmd_rbf,0.03526870161294937,128
lot_paper_uncensored_refusal_like,candidate,uncensored_refusal_like,reasoning_only,1,projected_js,0.09239825676195323,128
lot_paper_uncensored_refusal_like,candidate,uncensored_refusal_like,reasoning_only,2,mmd_rbf,0.034913357347249985,128
lot_paper_uncensored_refusal_like,candidate,uncensored_refusal_like,reasoning_only,2,projected_js,0.08781884796917439,128
lot_paper_uncensored_refusal_like,candidate,uncensored_refusal_like,reasoning_only,3,mmd_rbf,0.03739629685878754,128
lot_paper_uncensored_refusal_like,candidate,uncensored_refusal_like,reasoning_only,3,projected_js,0.0912247578962706,128
lot_paper_uncensored_refusal_like,candidate,uncensored_refusal_like,reasoning_only,4,mmd_rbf,0.03689175844192505,128
lot_paper_uncensored_refusal_like,candidate,uncensored_refusal_like,reasoning_only,4,projected_js,0.1003775043063797,128
lot_paper_uncensored_refusal_like,candidate,uncensored_refusal_like,reasoning_only,5,mmd_rbf,0.03755350038409233,128
lot_paper_uncensored_refusal_like,candidate,uncensored_refusal_like,reasoning_only,5,projected_js,0.1027938257320784,128
lot_paper_uncensored_refusal_like,candidate,uncensored_refusal_like,reasoning_only,6,mmd_rbf,0.02821250632405281,128
lot_paper_uncensored_refusal_like,candidate,uncensored_refusal_like,reasoning_only,6,projected_js,0.08441473048878834,128
lot_paper_uncensored_refusal_like,candidate,uncensored_refusal_like,reasoning_only,7,mmd_rbf,0.03231046348810196,128
lot_paper_uncensored_refusal_like,candidate,uncensored_refusal_like,reasoning_only,7,projected_js,0.09116908290889114,128
lot_paper_uncensored_refusal_like,candidate,uncensored_refusal_like,reasoning_only,8,mmd_rbf,0.02853557839989662,128
lot_paper_uncensored_refusal_like,candidate,uncensored_refusal_like,reasoning_only,8,projected_js,0.09184405236737803,128
lot_paper_uncensored_refusal_like,candidate,uncensored_refusal_like,reasoning_only,9,mmd_rbf,0.031019244343042374,128
lot_paper_uncensored_refusal_like,candidate,uncensored_refusal_like,reasoning_only,9,projected_js,0.096768259012606,128
lot_paper_uncensored_refusal_like,candidate,uncensored_refusal_like,reasoning_only,10,mmd_rbf,0.04204663261771202,128
lot_paper_uncensored_refusal_like,candidate,uncensored_refusal_like,reasoning_only,10,projected_js,0.103787659376394,128
lot_paper_uncensored_refusal_like,candidate,uncensored_refusal_like,reasoning_only,11,mmd_rbf,0.042775120586156845,128
lot_paper_uncensored_refusal_like,candidate,uncensored_refusal_like,reasoning_only,11,projected_js,0.09787900553783402,128
lot_paper_uncensored_refusal_like,candidate,uncensored_refusal_like,reasoning_only,12,mmd_rbf,0.04578462243080139,128
lot_paper_uncensored_refusal_like,candidate,uncensored_refusal_like,reasoning_only,12,projected_js,0.09581268898909912,128
lot_paper_uncensored_refusal_like,candidate,uncensored_refusal_like,reasoning_only,13,mmd_rbf,0.048498284071683884,128
lot_paper_uncensored_refusal_like,candidate,uncensored_refusal_like,reasoning_only,13,projected_js,0.09659813964390196,128
lot_paper_uncensored_refusal_like,candidate,uncensored_refusal_like,reasoning_only,14,mmd_rbf,0.04547056555747986,128
lot_paper_uncensored_refusal_like,candidate,uncensored_refusal_like,reasoning_only,14,projected_js,0.09299799747532234,128
lot_paper_uncensored_refusal_like,candidate,uncensored_refusal_like,reasoning_only,15,mmd_rbf,0.044598814100027084,128
lot_paper_uncensored_refusal_like,candidate,uncensored_refusal_like,reasoning_only,15,projected_js,0.09631068422459066,128
lot_paper_uncensored_refusal_like,candidate,uncensored_refusal_like,reasoning_only,16,mmd_rbf,0.04461124911904335,128
lot_paper_uncensored_refusal_like,candidate,uncensored_refusal_like,reasoning_only,16,projected_js,0.08818383404286578,128
lot_paper_uncensored_refusal_like,candidate,uncensored_refusal_like,reasoning_only,17,mmd_rbf,0.045279793441295624,128
lot_paper_uncensored_refusal_like,candidate,uncensored_refusal_like,reasoning_only,17,projected_js,0.08811739637167193,128
lot_paper_uncensored_refusal_like,candidate,uncensored_refusal_like,reasoning_only,18,mmd_rbf,0.050794750452041626,128
lot_paper_uncensored_refusal_like,candidate,uncensored_refusal_like,reasoning_only,18,projected_js,0.09265977470204234,128
lot_paper_uncensored_refusal_like,candidate,uncensored_refusal_like,reasoning_only,19,mmd_rbf,0.051452524960041046,128
lot_paper_uncensored_refusal_like,candidate,uncensored_refusal_like,reasoning_only,19,projected_js,0.092276529467199,128
lot_paper_uncensored_refusal_like,candidate,uncensored_refusal_like,reasoning_only,20,mmd_rbf,0.05420471355319023,128
lot_paper_uncensored_refusal_like,candidate,uncensored_refusal_like,reasoning_only,20,projected_js,0.09251826675608754,128
lot_paper_uncensored_refusal_like,candidate,uncensored_refusal_like,reasoning_only,21,mmd_rbf,0.060300108045339584,128
lot_paper_uncensored_refusal_like,candidate,uncensored_refusal_like,reasoning_only,21,projected_js,0.0969639373361133,128
lot_paper_uncensored_refusal_like,candidate,uncensored_refusal_like,reasoning_only,22,mmd_rbf,0.06328855454921722,128
lot_paper_uncensored_refusal_like,candidate,uncensored_refusal_like,reasoning_only,22,projected_js,0.11536557809449732,128
lot_paper_uncensored_refusal_like,candidate,uncensored_refusal_like,reasoning_only,23,mmd_rbf,0.058107148855924606,128
lot_paper_uncensored_refusal_like,candidate,uncensored_refusal_like,reasoning_only,23,projected_js,0.10467876732582226,128
lot_paper_uncensored_refusal_like,candidate,uncensored_refusal_like,reasoning_only,24,mmd_rbf,0.07008884102106094,128
lot_paper_uncensored_refusal_like,candidate,uncensored_refusal_like,reasoning_only,24,projected_js,0.1155478012515232,128
lot_paper_uncensored_refusal_like,candidate,uncensored_refusal_like,reasoning_only,25,mmd_rbf,0.07131762057542801,128
lot_paper_uncensored_refusal_like,candidate,uncensored_refusal_like,reasoning_only,25,projected_js,0.11368825254612602,128
lot_paper_uncensored_refusal_like,candidate,uncensored_refusal_like,reasoning_only,26,mmd_rbf,0.07690626382827759,128
lot_paper_uncensored_refusal_like,candidate,uncensored_refusal_like,reasoning_only,26,projected_js,0.11363535432610661,128
lot_paper_uncensored_refusal_like,candidate,uncensored_refusal_like,reasoning_only,27,mmd_rbf,0.07998336851596832,128
lot_paper_uncensored_refusal_like,candidate,uncensored_refusal_like,reasoning_only,27,projected_js,0.112085064756684,128
lot_paper_uncensored_refusal_like,candidate,uncensored_refusal_like,reasoning_only,28,mmd_rbf,0.0839480459690094,128
lot_paper_uncensored_refusal_like,candidate,uncensored_refusal_like,reasoning_only,28,projected_js,0.13181709178024903,128
lot_paper_uncensored_refusal_like,candidate,uncensored_refusal_like,reasoning_only,29,mmd_rbf,0.08267661184072495,128
lot_paper_uncensored_refusal_like,candidate,uncensored_refusal_like,reasoning_only,29,projected_js,0.14156720356550068,128
lot_paper_uncensored_refusal_like,candidate,uncensored_refusal_like,reasoning_only,30,mmd_rbf,0.08969102799892426,128
lot_paper_uncensored_refusal_like,candidate,uncensored_refusal_like,reasoning_only,30,projected_js,0.15290815371554345,128
lot_paper_uncensored_refusal_like,candidate,uncensored_refusal_like,reasoning_only,31,mmd_rbf,0.09144600480794907,128
lot_paper_uncensored_refusal_like,candidate,uncensored_refusal_like,reasoning_only,31,projected_js,0.15041689266217873,128
lot_paper_uncensored_refusal_like,candidate,uncensored_refusal_like,reasoning_only,32,mmd_rbf,0.09248419106006622,128
lot_paper_uncensored_refusal_like,candidate,uncensored_refusal_like,reasoning_only,32,projected_js,0.1563799514551647,128
lot_paper_uncensored_refusal_like,candidate,uncensored_refusal_like,reasoning_only,33,mmd_rbf,0.08771786838769913,128
lot_paper_uncensored_refusal_like,candidate,uncensored_refusal_like,reasoning_only,33,projected_js,0.14857149426825345,128
lot_paper_uncensored_refusal_like,candidate,uncensored_refusal_like,reasoning_only,34,mmd_rbf,0.09860717505216599,128
lot_paper_uncensored_refusal_like,candidate,uncensored_refusal_like,reasoning_only,34,projected_js,0.14788622228661552,128
lot_paper_uncensored_refusal_like,candidate,uncensored_refusal_like,reasoning_only,35,mmd_rbf,0.1424991339445114,128
lot_paper_uncensored_refusal_like,candidate,uncensored_refusal_like,reasoning_only,35,projected_js,0.19107371184509248,128
lot_paper_uncensored_refusal_like,candidate,uncensored_refusal_like,uncensored_only,0,mmd_rbf,0.013349032960832119,128
lot_paper_uncensored_refusal_like,candidate,uncensored_refusal_like,uncensored_only,0,projected_js,0.0643545531493146,128
lot_paper_uncensored_refusal_like,candidate,uncensored_refusal_like,uncensored_only,1,mmd_rbf,0.1998308151960373,128
lot_paper_uncensored_refusal_like,candidate,uncensored_refusal_like,uncensored_only,1,projected_js,0.22973793715937063,128
lot_paper_uncensored_refusal_like,candidate,uncensored_refusal_like,uncensored_only,2,mmd_rbf,0.1917784959077835,128
lot_paper_uncensored_refusal_like,candidate,uncensored_refusal_like,uncensored_only,2,projected_js,0.20083365828031674,128
lot_paper_uncensored_refusal_like,candidate,uncensored_refusal_like,uncensored_only,3,mmd_rbf,0.156156986951828,128
lot_paper_uncensored_refusal_like,candidate,uncensored_refusal_like,uncensored_only,3,projected_js,0.16130999277811497,128
lot_paper_uncensored_refusal_like,candidate,uncensored_refusal_like,uncensored_only,4,mmd_rbf,0.1279027909040451,128
lot_paper_uncensored_refusal_like,candidate,uncensored_refusal_like,uncensored_only,4,projected_js,0.16586449020542204,128
lot_paper_uncensored_refusal_like,candidate,uncensored_refusal_like,uncensored_only,5,mmd_rbf,0.10246752947568893,128
lot_paper_uncensored_refusal_like,candidate,uncensored_refusal_like,uncensored_only,5,projected_js,0.15860070491908118,128
lot_paper_uncensored_refusal_like,candidate,uncensored_refusal_like,uncensored_only,6,mmd_rbf,0.06381364911794662,128
lot_paper_uncensored_refusal_like,candidate,uncensored_refusal_like,uncensored_only,6,projected_js,0.11679166037356481,128
lot_paper_uncensored_refusal_like,candidate,uncensored_refusal_like,uncensored_only,7,mmd_rbf,0.04984058067202568,128
lot_paper_uncensored_refusal_like,candidate,uncensored_refusal_like,uncensored_only,7,projected_js,0.10130795580334961,128
lot_paper_uncensored_refusal_like,candidate,uncensored_refusal_like,uncensored_only,8,mmd_rbf,0.039317917078733444,128
lot_paper_uncensored_refusal_like,candidate,uncensored_refusal_like,uncensored_only,8,projected_js,0.0882847547181882,128
lot_paper_uncensored_refusal_like,candidate,uncensored_refusal_like,uncensored_only,9,mmd_rbf,0.03659440204501152,128
lot_paper_uncensored_refusal_like,candidate,uncensored_refusal_like,uncensored_only,9,projected_js,0.08378028927836567,128
lot_paper_uncensored_refusal_like,candidate,uncensored_refusal_like,uncensored_only,10,mmd_rbf,0.03467527776956558,128
lot_paper_uncensored_refusal_like,candidate,uncensored_refusal_like,uncensored_only,10,projected_js,0.08651672914857045,128
lot_paper_uncensored_refusal_like,candidate,uncensored_refusal_like,uncensored_only,11,mmd_rbf,0.02883431315422058,128
lot_paper_uncensored_refusal_like,candidate,uncensored_refusal_like,uncensored_only,11,projected_js,0.07721746814786457,128
lot_paper_uncensored_refusal_like,candidate,uncensored_refusal_like,uncensored_only,12,mmd_rbf,0.030482817441225052,128
lot_paper_uncensored_refusal_like,candidate,uncensored_refusal_like,uncensored_only,12,projected_js,0.08644599310355261,128
lot_paper_uncensored_refusal_like,candidate,uncensored_refusal_like,uncensored_only,13,mmd_rbf,0.03335827216506004,128
lot_paper_uncensored_refusal_like,candidate,uncensored_refusal_like,uncensored_only,13,projected_js,0.09521833568578586,128
lot_paper_uncensored_refusal_like,candidate,uncensored_refusal_like,uncensored_only,14,mmd_rbf,0.033265888690948486,128
lot_paper_uncensored_refusal_like,candidate,uncensored_refusal_like,uncensored_only,14,projected_js,0.0912376125343144,128
lot_paper_uncensored_refusal_like,candidate,uncensored_refusal_like,uncensored_only,15,mmd_rbf,0.039860665798187256,128
lot_paper_uncensored_refusal_like,candidate,uncensored_refusal_like,uncensored_only,15,projected_js,0.0955890438053757,128
lot_paper_uncensored_refusal_like,candidate,uncensored_refusal_like,uncensored_only,16,mmd_rbf,0.0401005744934082,128
lot_paper_uncensored_refusal_like,candidate,uncensored_refusal_like,uncensored_only,16,projected_js,0.09046406898414716,128
lot_paper_uncensored_refusal_like,candidate,uncensored_refusal_like,uncensored_only,17,mmd_rbf,0.039777722209692,128
lot_paper_uncensored_refusal_like,candidate,uncensored_refusal_like,uncensored_only,17,projected_js,0.09037372696911916,128
lot_paper_uncensored_refusal_like,candidate,uncensored_refusal_like,uncensored_only,18,mmd_rbf,0.04344891384243965,128
lot_paper_uncensored_refusal_like,candidate,uncensored_refusal_like,uncensored_only,18,projected_js,0.09407787537202239,128
lot_paper_uncensored_refusal_like,candidate,uncensored_refusal_like,uncensored_only,19,mmd_rbf,0.044717155396938324,128
lot_paper_uncensored_refusal_like,candidate,uncensored_refusal_like,uncensored_only,19,projected_js,0.09648012660909444,128
lot_paper_uncensored_refusal_like,candidate,uncensored_refusal_like,uncensored_only,20,mmd_rbf,0.04950333386659622,128
lot_paper_uncensored_refusal_like,candidate,uncensored_refusal_like,uncensored_only,20,projected_js,0.09854782099137083,128
lot_paper_uncensored_refusal_like,candidate,uncensored_refusal_like,uncensored_only,21,mmd_rbf,0.05531590059399605,128
lot_paper_uncensored_refusal_like,candidate,uncensored_refusal_like,uncensored_only,21,projected_js,0.0989031666831579,128
lot_paper_uncensored_refusal_like,candidate,uncensored_refusal_like,uncensored_only,22,mmd_rbf,0.058090031147003174,128
lot_paper_uncensored_refusal_like,candidate,uncensored_refusal_like,uncensored_only,22,projected_js,0.10058886569458991,128
lot_paper_uncensored_refusal_like,candidate,uncensored_refusal_like,uncensored_only,23,mmd_rbf,0.059482235461473465,128
lot_paper_uncensored_refusal_like,candidate,uncensored_refusal_like,uncensored_only,23,projected_js,0.11434131691930816,128
lot_paper_uncensored_refusal_like,candidate,uncensored_refusal_like,uncensored_only,24,mmd_rbf,0.0677601620554924,128
lot_paper_uncensored_refusal_like,candidate,uncensored_refusal_like,uncensored_only,24,projected_js,0.11939438740955666,128
lot_paper_uncensored_refusal_like,candidate,uncensored_refusal_like,uncensored_only,25,mmd_rbf,0.07348199188709259,128
lot_paper_uncensored_refusal_like,candidate,uncensored_refusal_like,uncensored_only,25,projected_js,0.11951937369303778,128
lot_paper_uncensored_refusal_like,candidate,uncensored_refusal_like,uncensored_only,26,mmd_rbf,0.07753068953752518,128
lot_paper_uncensored_refusal_like,candidate,uncensored_refusal_like,uncensored_only,26,projected_js,0.11190880287904292,128
lot_paper_uncensored_refusal_like,candidate,uncensored_refusal_like,uncensored_only,27,mmd_rbf,0.08019671589136124,128
lot_paper_uncensored_refusal_like,candidate,uncensored_refusal_like,uncensored_only,27,projected_js,0.12787600536830723,128
lot_paper_uncensored_refusal_like,candidate,uncensored_refusal_like,uncensored_only,28,mmd_rbf,0.07698285579681396,128
lot_paper_uncensored_refusal_like,candidate,uncensored_refusal_like,uncensored_only,28,projected_js,0.12335831869859248,128
lot_paper_uncensored_refusal_like,candidate,uncensored_refusal_like,uncensored_only,29,mmd_rbf,0.0731443241238594,128
lot_paper_uncensored_refusal_like,candidate,uncensored_refusal_like,uncensored_only,29,projected_js,0.12291318795178086,128
lot_paper_uncensored_refusal_like,candidate,uncensored_refusal_like,uncensored_only,30,mmd_rbf,0.07520722597837448,128
lot_paper_uncensored_refusal_like,candidate,uncensored_refusal_like,uncensored_only,30,projected_js,0.12472520227311179,128
lot_paper_uncensored_refusal_like,candidate,uncensored_refusal_like,uncensored_only,31,mmd_rbf,0.07333847880363464,128
lot_paper_uncensored_refusal_like,candidate,uncensored_refusal_like,uncensored_only,31,projected_js,0.12498993374174461,128
lot_paper_uncensored_refusal_like,candidate,uncensored_refusal_like,uncensored_only,32,mmd_rbf,0.07423750311136246,128
lot_paper_uncensored_refusal_like,candidate,uncensored_refusal_like,uncensored_only,32,projected_js,0.12667027296265587,128
lot_paper_uncensored_refusal_like,candidate,uncensored_refusal_like,uncensored_only,33,mmd_rbf,0.07285814732313156,128
lot_paper_uncensored_refusal_like,candidate,uncensored_refusal_like,uncensored_only,33,projected_js,0.11585213552461937,128
lot_paper_uncensored_refusal_like,candidate,uncensored_refusal_like,uncensored_only,34,mmd_rbf,0.07871066778898239,128
lot_paper_uncensored_refusal_like,candidate,uncensored_refusal_like,uncensored_only,34,projected_js,0.1225389888859354,128
lot_paper_uncensored_refusal_like,candidate,uncensored_refusal_like,uncensored_only,35,mmd_rbf,0.0760711133480072,128
lot_paper_uncensored_refusal_like,candidate,uncensored_refusal_like,uncensored_only,35,projected_js,0.11262879008427262,128
