model_id,model_kind,calib_subset,target_id,layer,metric,value,n_prompts
lot_paper_instruction__v1,candidate,general,base,0,mmd_rbf,0.00753331184387207,128
lot_paper_instruction__v1,candidate,general,base,0,projected_js,0.044166160630993545,128
lot_paper_instruction__v1,candidate,general,base,1,mmd_rbf,0.01553244050592184,128
lot_paper_instruction__v1,candidate,general,base,1,projected_js,0.05360375950112939,128
lot_paper_instruction__v1,candidate,general,base,2,mmd_rbf,0.01524391770362854,128
lot_paper_instruction__v1,candidate,general,base,2,projected_js,0.059776185371447355,128
lot_paper_instruction__v1,candidate,general,base,3,mmd_rbf,0.015865709632635117,128
lot_paper_instruction__v1,candidate,general,base,3,projected_js,0.062170781835448,128
lot_paper_instruction__v1,candidate,general,base,4,mmd_rbf,0.013728401623666286,128
lot_paper_instruction__v1,candidate,general,base,4,projected_js,0.060995860665570945,128
lot_paper_instruction__v1,candidate,general,base,5,mmd_rbf,0.012533140368759632,128
lot_paper_instruction__v1,candidate,general,base,5,projected_js,0.05978833104018122,128
lot_paper_instruction__v1,candidate,general,base,6,mmd_rbf,0.008717442862689495,128
lot_paper_instruction__v1,candidate,general,base,6,projected_js,0.05540376270073466,128
lot_paper_instruction__v1,candidate,general,base,7,mmd_rbf,0.007931103929877281,128
lot_paper_instruction__v1,candidate,general,base,7,projected_js,0.05676778490305878,128
lot_paper_instruction__v1,candidate,general,base,8,mmd_rbf,0.006389256101101637,128
lot_paper_instruction__v1,candidate,general,base,8,projected_js,0.05509686778532341,128
lot_paper_instruction__v1,candidate,general,base,9,mmd_rbf,0.006501365453004837,128
lot_paper_instruction__v1,candidate,general,base,9,projected_js,0.05929523249506019,128
lot_paper_instruction__v1,candidate,general,base,10,mmd_rbf,0.006756782066076994,128
lot_paper_instruction__v1,candidate,general,base,10,projected_js,0.0569478731486015,128
lot_paper_instruction__v1,candidate,general,base,11,mmd_rbf,0.006750148721039295,128
lot_paper_instruction__v1,candidate,general,base,11,projected_js,0.06137739686528221,128
lot_paper_instruction__v1,candidate,general,base,12,mmd_rbf,0.007207539863884449,128
lot_paper_instruction__v1,candidate,general,base,12,projected_js,0.058672256651334465,128
lot_paper_instruction__v1,candidate,general,base,13,mmd_rbf,0.007684335112571716,128
lot_paper_instruction__v1,candidate,general,base,13,projected_js,0.05975342669989914,128
lot_paper_instruction__v1,candidate,general,base,14,mmd_rbf,0.007997280918061733,128
lot_paper_instruction__v1,candidate,general,base,14,projected_js,0.05780380265787244,128
lot_paper_instruction__v1,candidate,general,base,15,mmd_rbf,0.00892458576709032,128
lot_paper_instruction__v1,candidate,general,base,15,projected_js,0.06116407469380647,128
lot_paper_instruction__v1,candidate,general,base,16,mmd_rbf,0.010232795961201191,128
lot_paper_instruction__v1,candidate,general,base,16,projected_js,0.061464634840376675,128
lot_paper_instruction__v1,candidate,general,base,17,mmd_rbf,0.009949184022843838,128
lot_paper_instruction__v1,candidate,general,base,17,projected_js,0.060076363501138985,128
lot_paper_instruction__v1,candidate,general,base,18,mmd_rbf,0.011069740168750286,128
lot_paper_instruction__v1,candidate,general,base,18,projected_js,0.0627685266372282,128
lot_paper_instruction__v1,candidate,general,base,19,mmd_rbf,0.011720414273440838,128
lot_paper_instruction__v1,candidate,general,base,19,projected_js,0.06723506632260978,128
lot_paper_instruction__v1,candidate,general,base,20,mmd_rbf,0.011455947533249855,128
lot_paper_instruction__v1,candidate,general,base,20,projected_js,0.06314516335260123,128
lot_paper_instruction__v1,candidate,general,base,21,mmd_rbf,0.01208306010812521,128
lot_paper_instruction__v1,candidate,general,base,21,projected_js,0.06266609026351944,128
lot_paper_instruction__v1,candidate,general,base,22,mmd_rbf,0.010992662981152534,128
lot_paper_instruction__v1,candidate,general,base,22,projected_js,0.06283935107057914,128
lot_paper_instruction__v1,candidate,general,base,23,mmd_rbf,0.009878399781882763,128
lot_paper_instruction__v1,candidate,general,base,23,projected_js,0.06524425884708762,128
lot_paper_instruction__v1,candidate,general,base,24,mmd_rbf,0.008603396825492382,128
lot_paper_instruction__v1,candidate,general,base,24,projected_js,0.06040770511026494,128
lot_paper_instruction__v1,candidate,general,base,25,mmd_rbf,0.007700046058744192,128
lot_paper_instruction__v1,candidate,general,base,25,projected_js,0.060842971492093056,128
lot_paper_instruction__v1,candidate,general,base,26,mmd_rbf,0.007389632053673267,128
lot_paper_instruction__v1,candidate,general,base,26,projected_js,0.05821997538441792,128
lot_paper_instruction__v1,candidate,general,base,27,mmd_rbf,0.007158366031944752,128
lot_paper_instruction__v1,candidate,general,base,27,projected_js,0.05853873924934305,128
lot_paper_instruction__v1,candidate,general,base,28,mmd_rbf,0.006742943078279495,128
lot_paper_instruction__v1,candidate,general,base,28,projected_js,0.057659570447867736,128
lot_paper_instruction__v1,candidate,general,base,29,mmd_rbf,0.006362143438309431,128
lot_paper_instruction__v1,candidate,general,base,29,projected_js,0.0574070795555599,128
lot_paper_instruction__v1,candidate,general,base,30,mmd_rbf,0.006076529622077942,128
lot_paper_instruction__v1,candidate,general,base,30,projected_js,0.05771019036183134,128
lot_paper_instruction__v1,candidate,general,base,31,mmd_rbf,0.005838983692228794,128
lot_paper_instruction__v1,candidate,general,base,31,projected_js,0.05531688343035057,128
lot_paper_instruction__v1,candidate,general,base,32,mmd_rbf,0.006477822549641132,128
lot_paper_instruction__v1,candidate,general,base,32,projected_js,0.05670693574938923,128
lot_paper_instruction__v1,candidate,general,base,33,mmd_rbf,0.0068992613814771175,128
lot_paper_instruction__v1,candidate,general,base,33,projected_js,0.06113684253068641,128
lot_paper_instruction__v1,candidate,general,base,34,mmd_rbf,0.013776806183159351,128
lot_paper_instruction__v1,candidate,general,base,34,projected_js,0.06622717031859793,128
lot_paper_instruction__v1,candidate,general,base,35,mmd_rbf,0.10292335599660873,128
lot_paper_instruction__v1,candidate,general,base,35,projected_js,0.14279370417352766,128
lot_paper_instruction__v1,candidate,general,instr_only,0,mmd_rbf,0.0032519102096557617,128
lot_paper_instruction__v1,candidate,general,instr_only,0,projected_js,0.03533732249343302,128
lot_paper_instruction__v1,candidate,general,instr_only,1,mmd_rbf,0.009925595484673977,128
lot_paper_instruction__v1,candidate,general,instr_only,1,projected_js,0.04921900769113563,128
lot_paper_instruction__v1,candidate,general,instr_only,2,mmd_rbf,0.009594340808689594,128
lot_paper_instruction__v1,candidate,general,instr_only,2,projected_js,0.05430152511689812,128
lot_paper_instruction__v1,candidate,general,instr_only,3,mmd_rbf,0.009175385348498821,128
lot_paper_instruction__v1,candidate,general,instr_only,3,projected_js,0.057045407593250275,128
lot_paper_instruction__v1,candidate,general,instr_only,4,mmd_rbf,0.008564407005906105,128
lot_paper_instruction__v1,candidate,general,instr_only,4,projected_js,0.05069546584854834,128
lot_paper_instruction__v1,candidate,general,instr_only,5,mmd_rbf,0.007843920961022377,128
lot_paper_instruction__v1,candidate,general,instr_only,5,projected_js,0.05209477330208756,128
lot_paper_instruction__v1,candidate,general,instr_only,6,mmd_rbf,0.005803199019283056,128
lot_paper_instruction__v1,candidate,general,instr_only,6,projected_js,0.0484192002331838,128
lot_paper_instruction__v1,candidate,general,instr_only,7,mmd_rbf,0.005149346310645342,128
lot_paper_instruction__v1,candidate,general,instr_only,7,projected_js,0.05249103356618434,128
lot_paper_instruction__v1,candidate,general,instr_only,8,mmd_rbf,0.004039408173412085,128
lot_paper_instruction__v1,candidate,general,instr_only,8,projected_js,0.0524286946747452,128
lot_paper_instruction__v1,candidate,general,instr_only,9,mmd_rbf,0.004045199137181044,128
lot_paper_instruction__v1,candidate,general,instr_only,9,projected_js,0.05337589749251492,128
lot_paper_instruction__v1,candidate,general,instr_only,10,mmd_rbf,0.0044462974183261395,128
lot_paper_instruction__v1,candidate,general,instr_only,10,projected_js,0.05396195891080424,128
lot_paper_instruction__v1,candidate,general,instr_only,11,mmd_rbf,0.00454002944752574,128
lot_paper_instruction__v1,candidate,general,instr_only,11,projected_js,0.055341958650387824,128
lot_paper_instruction__v1,candidate,general,instr_only,12,mmd_rbf,0.004942221101373434,128
lot_paper_instruction__v1,candidate,general,instr_only,12,projected_js,0.058026730112032965,128
lot_paper_instruction__v1,candidate,general,instr_only,13,mmd_rbf,0.005498933140188456,128
lot_paper_instruction__v1,candidate,general,instr_only,13,projected_js,0.06012457510223612,128
lot_paper_instruction__v1,candidate,general,instr_only,14,mmd_rbf,0.005894226487725973,128
lot_paper_instruction__v1,candidate,general,instr_only,14,projected_js,0.05644175561610609,128
lot_paper_instruction__v1,candidate,general,instr_only,15,mmd_rbf,0.0061077154241502285,128
lot_paper_instruction__v1,candidate,general,instr_only,15,projected_js,0.057202213851269335,128
lot_paper_instruction__v1,candidate,general,instr_only,16,mmd_rbf,0.006474012043327093,128
lot_paper_instruction__v1,candidate,general,instr_only,16,projected_js,0.06106822477886453,128
lot_paper_instruction__v1,candidate,general,instr_only,17,mmd_rbf,0.006877690088003874,128
lot_paper_instruction__v1,candidate,general,instr_only,17,projected_js,0.06240367708960548,128
lot_paper_instruction__v1,candidate,general,instr_only,18,mmd_rbf,0.007140155881643295,128
lot_paper_instruction__v1,candidate,general,instr_only,18,projected_js,0.059306242619641125,128
lot_paper_instruction__v1,candidate,general,instr_only,19,mmd_rbf,0.007139676716178656,128
lot_paper_instruction__v1,candidate,general,instr_only,19,projected_js,0.06064612726913765,128
lot_paper_instruction__v1,candidate,general,instr_only,20,mmd_rbf,0.007138690445572138,128
lot_paper_instruction__v1,candidate,general,instr_only,20,projected_js,0.06168164551490918,128
lot_paper_instruction__v1,candidate,general,instr_only,21,mmd_rbf,0.007329743355512619,128
lot_paper_instruction__v1,candidate,general,instr_only,21,projected_js,0.060182267683558166,128
lot_paper_instruction__v1,candidate,general,instr_only,22,mmd_rbf,0.007306186016649008,128
lot_paper_instruction__v1,candidate,general,instr_only,22,projected_js,0.060579794575460255,128
lot_paper_instruction__v1,candidate,general,instr_only,23,mmd_rbf,0.007171717472374439,128
lot_paper_instruction__v1,candidate,general,instr_only,23,projected_js,0.05847629634081386,128
lot_paper_instruction__v1,candidate,general,instr_only,24,mmd_rbf,0.007672660052776337,128
lot_paper_instruction__v1,candidate,general,instr_only,24,projected_js,0.061823211959563196,128
lot_paper_instruction__v1,candidate,general,instr_only,25,mmd_rbf,0.007938394322991371,128
lot_paper_instruction__v1,candidate,general,instr_only,25,projected_js,0.06385266635334119,128
lot_paper_instruction__v1,candidate,general,instr_only,26,mmd_rbf,0.008257097564637661,128
lot_paper_instruction__v1,candidate,general,instr_only,26,projected_js,0.06369440004345961,128
lot_paper_instruction__v1,candidate,general,instr_only,27,mmd_rbf,0.008283647708594799,128
lot_paper_instruction__v1,candidate,general,instr_only,27,projected_js,0.06451920192921534,128
lot_paper_instruction__v1,candidate,general,instr_only,28,mmd_rbf,0.007958975620567799,128
lot_paper_instruction__v1,candidate,general,instr_only,28,projected_js,0.06251252128276974,128
lot_paper_instruction__v1,candidate,general,instr_only,29,mmd_rbf,0.007641220930963755,128
lot_paper_instruction__v1,candidate,general,instr_only,29,projected_js,0.0602431196894031,128
lot_paper_instruction__v1,candidate,general,instr_only,30,mmd_rbf,0.007250774186104536,128
lot_paper_instruction__v1,candidate,general,instr_only,30,projected_js,0.059979147248668596,128
lot_paper_instruction__v1,candidate,general,instr_only,31,mmd_rbf,0.0071081421338021755,128
lot_paper_instruction__v1,candidate,general,instr_only,31,projected_js,0.05647526727989316,128
lot_paper_instruction__v1,candidate,general,instr_only,32,mmd_rbf,0.007014422211796045,128
lot_paper_instruction__v1,candidate,general,instr_only,32,projected_js,0.06041014468064532,128
lot_paper_instruction__v1,candidate,general,instr_only,33,mmd_rbf,0.006708793342113495,128
lot_paper_instruction__v1,candidate,general,instr_only,33,projected_js,0.06126464036060497,128
lot_paper_instruction__v1,candidate,general,instr_only,34,mmd_rbf,0.007055829744786024,128
lot_paper_instruction__v1,candidate,general,instr_only,34,projected_js,0.060661269730189815,128
lot_paper_instruction__v1,candidate,general,instr_only,35,mmd_rbf,0.013948934152722359,128
lot_paper_instruction__v1,candidate,general,instr_only,35,projected_js,0.05670766675029881,128
lot_paper_instruction__v1,candidate,general,reasoning_only,0,mmd_rbf,0.014145875349640846,128
lot_paper_instruction__v1,candidate,general,reasoning_only,0,projected_js,0.06019495028886013,128
lot_paper_instruction__v1,candidate,general,reasoning_only,1,mmd_rbf,0.02038254775106907,128
lot_paper_instruction__v1,candidate,general,reasoning_only,1,projected_js,0.06883995665702969,128
lot_paper_instruction__v1,candidate,general,reasoning_only,2,mmd_rbf,0.018350856378674507,128
lot_paper_instruction__v1,candidate,general,reasoning_only,2,projected_js,0.06490865082014352,128
lot_paper_instruction__v1,candidate,general,reasoning_only,3,mmd_rbf,0.018914630636572838,128
lot_paper_instruction__v1,candidate,general,reasoning_only,3,projected_js,0.06751752935815603,128
lot_paper_instruction__v1,candidate,general,reasoning_only,4,mmd_rbf,0.0181439071893692,128
lot_paper_instruction__v1,candidate,general,reasoning_only,4,projected_js,0.07038598478538916,128
lot_paper_instruction__v1,candidate,general,reasoning_only,5,mmd_rbf,0.01716146059334278,128
lot_paper_instruction__v1,candidate,general,reasoning_only,5,projected_js,0.06794101360719651,128
lot_paper_instruction__v1,candidate,general,reasoning_only,6,mmd_rbf,0.0123948585242033,128
lot_paper_instruction__v1,candidate,general,reasoning_only,6,projected_js,0.061088663613190874,128
lot_paper_instruction__v1,candidate,general,reasoning_only,7,mmd_rbf,0.011379903182387352,128
lot_paper_instruction__v1,candidate,general,reasoning_only,7,projected_js,0.06382350233616307,128
lot_paper_instruction__v1,candidate,general,reasoning_only,8,mmd_rbf,0.009137923829257488,128
lot_paper_instruction__v1,candidate,general,reasoning_only,8,projected_js,0.06085607968270779,128
lot_paper_instruction__v1,candidate,general,reasoning_only,9,mmd_rbf,0.008631748147308826,128
lot_paper_instruction__v1,candidate,general,reasoning_only,9,projected_js,0.06119876113370992,128
lot_paper_instruction__v1,candidate,general,reasoning_only,10,mmd_rbf,0.00896389503031969,128
lot_paper_instruction__v1,candidate,general,reasoning_only,10,projected_js,0.05954563518753275,128
lot_paper_instruction__v1,candidate,general,reasoning_only,11,mmd_rbf,0.008044620044529438,128
lot_paper_instruction__v1,candidate,general,reasoning_only,11,projected_js,0.05895768088521436,128
lot_paper_instruction__v1,candidate,general,reasoning_only,12,mmd_rbf,0.008111382834613323,128
lot_paper_instruction__v1,candidate,general,reasoning_only,12,projected_js,0.060882156423758715,128
lot_paper_instruction__v1,candidate,general,reasoning_only,13,mmd_rbf,0.008519544266164303,128
lot_paper_instruction__v1,candidate,general,reasoning_only,13,projected_js,0.06087391942855902,128
lot_paper_instruction__v1,candidate,general,reasoning_only,14,mmd_rbf,0.008473754860460758,128
lot_paper_instruction__v1,candidate,general,reasoning_only,14,projected_js,0.0646229418925941,128
lot_paper_instruction__v1,candidate,general,reasoning_only,15,mmd_rbf,0.009506224654614925,128
lot_paper_instruction__v1,candidate,general,reasoning_only,15,projected_js,0.06515906087588519,128
lot_paper_instruction__v1,candidate,general,reasoning_only,16,mmd_rbf,0.009733956307172775,128
lot_paper_instruction__v1,candidate,general,reasoning_only,16,projected_js,0.06587467674398795,128
lot_paper_instruction__v1,candidate,general,reasoning_only,17,mmd_rbf,0.009192745201289654,128
lot_paper_instruction__v1,candidate,general,reasoning_only,17,projected_js,0.06575631856685504,128
lot_paper_instruction__v1,candidate,general,reasoning_only,18,mmd_rbf,0.01027690339833498,128
lot_paper_instruction__v1,candidate,general,reasoning_only,18,projected_js,0.06392697236151434,128
lot_paper_instruction__v1,candidate,general,reasoning_only,19,mmd_rbf,0.009724273346364498,128
lot_paper_instruction__v1,candidate,general,reasoning_only,19,projected_js,0.06446410930948332,128
lot_paper_instruction__v1,candidate,general,reasoning_only,20,mmd_rbf,0.0095474598929286,128
lot_paper_instruction__v1,candidate,general,reasoning_only,20,projected_js,0.06519066970213316,128
lot_paper_instruction__v1,candidate,general,reasoning_only,21,mmd_rbf,0.010030129924416542,128
lot_paper_instruction__v1,candidate,general,reasoning_only,21,projected_js,0.06647528032772243,128
lot_paper_instruction__v1,candidate,general,reasoning_only,22,mmd_rbf,0.00899410992860794,128
lot_paper_instruction__v1,candidate,general,reasoning_only,22,projected_js,0.06470010927296244,128
lot_paper_instruction__v1,candidate,general,reasoning_only,23,mmd_rbf,0.007425886578857899,128
lot_paper_instruction__v1,candidate,general,reasoning_only,23,projected_js,0.06411753958673216,128
lot_paper_instruction__v1,candidate,general,reasoning_only,24,mmd_rbf,0.007439902517944574,128
lot_paper_instruction__v1,candidate,general,reasoning_only,24,projected_js,0.05915922220447101,128
lot_paper_instruction__v1,candidate,general,reasoning_only,25,mmd_rbf,0.006933061871677637,128
lot_paper_instruction__v1,candidate,general,reasoning_only,25,projected_js,0.060478573926957324,128
lot_paper_instruction__v1,candidate,general,reasoning_only,26,mmd_rbf,0.00697094202041626,128
lot_paper_instruction__v1,candidate,general,reasoning_only,26,projected_js,0.06039227813016623,128
lot_paper_instruction__v1,candidate,general,reasoning_only,27,mmd_rbf,0.0068160155788064,128
lot_paper_instruction__v1,candidate,general,reasoning_only,27,projected_js,0.06010235531721264,128
lot_paper_instruction__v1,candidate,general,reasoning_only,28,mmd_rbf,0.006962813436985016,128
lot_paper_instruction__v1,candidate,general,reasoning_only,28,projected_js,0.05995879217516631,128
lot_paper_instruction__v1,candidate,general,reasoning_only,29,mmd_rbf,0.006927597802132368,128
lot_paper_instruction__v1,candidate,general,reasoning_only,29,projected_js,0.06027460764744319,128
lot_paper_instruction__v1,candidate,general,reasoning_only,30,mmd_rbf,0.006906787399202585,128
lot_paper_instruction__v1,candidate,general,reasoning_only,30,projected_js,0.059595160419121385,128
lot_paper_instruction__v1,candidate,general,reasoning_only,31,mmd_rbf,0.006936840713024139,128
lot_paper_instruction__v1,candidate,general,reasoning_only,31,projected_js,0.05636133812367916,128
lot_paper_instruction__v1,candidate,general,reasoning_only,32,mmd_rbf,0.006980374455451965,128
lot_paper_instruction__v1,candidate,general,reasoning_only,32,projected_js,0.06007193512050435,128
lot_paper_instruction__v1,candidate,general,reasoning_only,33,mmd_rbf,0.007342001888900995,128
lot_paper_instruction__v1,candidate,general,reasoning_only,33,projected_js,0.05978446998051368,128
lot_paper_instruction__v1,candidate,general,reasoning_only,34,mmd_rbf,0.009018167853355408,128
lot_paper_instruction__v1,candidate,general,reasoning_only,34,projected_js,0.057374316616915166,128
lot_paper_instruction__v1,candidate,general,reasoning_only,35,mmd_rbf,0.061014678329229355,128
lot_paper_instruction__v1,candidate,general,reasoning_only,35,projected_js,0.10157741024158895,128
lot_paper_instruction__v1,candidate,general,uncensored_only,0,mmd_rbf,0.006922829430550337,128
lot_paper_instruction__v1,candidate,general,uncensored_only,0,projected_js,0.04362132838286925,128
lot_paper_instruction__v1,candidate,general,uncensored_only,1,mmd_rbf,0.14542745053768158,128
lot_paper_instruction__v1,candidate,general,uncensored_only,1,projected_js,0.16193487544660456,128
lot_paper_instruction__v1,candidate,general,uncensored_only,2,mmd_rbf,0.12792716920375824,128
lot_paper_instruction__v1,candidate,general,uncensored_only,2,projected_js,0.13151683314936236,128
lot_paper_instruction__v1,candidate,general,uncensored_only,3,mmd_rbf,0.09801509231328964,128
lot_paper_instruction__v1,candidate,general,uncensored_only,3,projected_js,0.1185150375822559,128
lot_paper_instruction__v1,candidate,general,uncensored_only,4,mmd_rbf,0.07148312032222748,128
lot_paper_instruction__v1,candidate,general,uncensored_only,4,projected_js,0.11369110841769725,128
lot_paper_instruction__v1,candidate,general,uncensored_only,5,mmd_rbf,0.052412934601306915,128
lot_paper_instruction__v1,candidate,general,uncensored_only,5,projected_js,0.10601803776808083,128
lot_paper_instruction__v1,candidate,general,uncensored_only,6,mmd_rbf,0.02982858382165432,128
lot_paper_instruction__v1,candidate,general,uncensored_only,6,projected_js,0.08220409660134465,128
lot_paper_instruction__v1,candidate,general,uncensored_only,7,mmd_rbf,0.022526832297444344,128
lot_paper_instruction__v1,candidate,general,uncensored_only,7,projected_js,0.07430630811722949,128
lot_paper_instruction__v1,candidate,general,uncensored_only,8,mmd_rbf,0.015165338292717934,128
lot_paper_instruction__v1,candidate,general,uncensored_only,8,projected_js,0.0698156303842552,128
lot_paper_instruction__v1,candidate,general,uncensored_only,9,mmd_rbf,0.012854324653744698,128
lot_paper_instruction__v1,candidate,general,uncensored_only,9,projected_js,0.0631749335443601,128
lot_paper_instruction__v1,candidate,general,uncensored_only,10,mmd_rbf,0.011433115229010582,128
lot_paper_instruction__v1,candidate,general,uncensored_only,10,projected_js,0.06449226554832421,128
lot_paper_instruction__v1,candidate,general,uncensored_only,11,mmd_rbf,0.010110861621797085,128
lot_paper_instruction__v1,candidate,general,uncensored_only,11,projected_js,0.06326643587090075,128
lot_paper_instruction__v1,candidate,general,uncensored_only,12,mmd_rbf,0.009641346521675587,128
lot_paper_instruction__v1,candidate,general,uncensored_only,12,projected_js,0.06328403810039163,128
lot_paper_instruction__v1,candidate,general,uncensored_only,13,mmd_rbf,0.01019723154604435,128
lot_paper_instruction__v1,candidate,general,uncensored_only,13,projected_js,0.06381977500859648,128
lot_paper_instruction__v1,candidate,general,uncensored_only,14,mmd_rbf,0.010081546381115913,128
lot_paper_instruction__v1,candidate,general,uncensored_only,14,projected_js,0.06532283761771396,128
lot_paper_instruction__v1,candidate,general,uncensored_only,15,mmd_rbf,0.012089940719306469,128
lot_paper_instruction__v1,candidate,general,uncensored_only,15,projected_js,0.06584885041229427,128
lot_paper_instruction__v1,candidate,general,uncensored_only,16,mmd_rbf,0.013475633226335049,128
lot_paper_instruction__v1,candidate,general,uncensored_only,16,projected_js,0.06569413229590282,128
lot_paper_instruction__v1,candidate,general,uncensored_only,17,mmd_rbf,0.012736226432025433,128
lot_paper_instruction__v1,candidate,general,uncensored_only,17,projected_js,0.06461437634425238,128
lot_paper_instruction__v1,candidate,general,uncensored_only,18,mmd_rbf,0.013222713954746723,128
lot_paper_instruction__v1,candidate,general,uncensored_only,18,projected_js,0.06926903949351981,128
lot_paper_instruction__v1,candidate,general,uncensored_only,19,mmd_rbf,0.01152832992374897,128
lot_paper_instruction__v1,candidate,general,uncensored_only,19,projected_js,0.0656889594392851,128
lot_paper_instruction__v1,candidate,general,uncensored_only,20,mmd_rbf,0.011286674998700619,128
lot_paper_instruction__v1,candidate,general,uncensored_only,20,projected_js,0.06765181670198217,128
lot_paper_instruction__v1,candidate,general,uncensored_only,21,mmd_rbf,0.011998231522738934,128
lot_paper_instruction__v1,candidate,general,uncensored_only,21,projected_js,0.06847261171787977,128
lot_paper_instruction__v1,candidate,general,uncensored_only,22,mmd_rbf,0.011762836948037148,128
lot_paper_instruction__v1,candidate,general,uncensored_only,22,projected_js,0.06652656212099828,128
lot_paper_instruction__v1,candidate,general,uncensored_only,23,mmd_rbf,0.011104829609394073,128
lot_paper_instruction__v1,candidate,general,uncensored_only,23,projected_js,0.0647201287210919,128
lot_paper_instruction__v1,candidate,general,uncensored_only,24,mmd_rbf,0.011728145182132721,128
lot_paper_instruction__v1,candidate,general,uncensored_only,24,projected_js,0.0694698570878245,128
lot_paper_instruction__v1,candidate,general,uncensored_only,25,mmd_rbf,0.012100567109882832,128
lot_paper_instruction__v1,candidate,general,uncensored_only,25,projected_js,0.06480903003830463,128
lot_paper_instruction__v1,candidate,general,uncensored_only,26,mmd_rbf,0.012449986301362514,128
lot_paper_instruction__v1,candidate,general,uncensored_only,26,projected_js,0.06674595724325627,128
lot_paper_instruction__v1,candidate,general,uncensored_only,27,mmd_rbf,0.012478428892791271,128
lot_paper_instruction__v1,candidate,general,uncensored_only,27,projected_js,0.06426862953230739,128
lot_paper_instruction__v1,candidate,general,uncensored_only,28,mmd_rbf,0.01189549919217825,128
lot_paper_instruction__v1,candidate,general,uncensored_only,28,projected_js,0.06570905621629208,128
lot_paper_instruction__v1,candidate,general,uncensored_only,29,mmd_rbf,0.011676951311528683,128
lot_paper_instruction__v1,candidate,general,uncensored_only,29,projected_js,0.06292273284634575,128
lot_paper_instruction__v1,candidate,general,uncensored_only,30,mmd_rbf,0.011695358902215958,128
lot_paper_instruction__v1,candidate,general,uncensored_only,30,projected_js,0.06453273876104504,128
lot_paper_instruction__v1,candidate,general,uncensored_only,31,mmd_rbf,0.011168522760272026,128
lot_paper_instruction__v1,candidate,general,uncensored_only,31,projected_js,0.062003960309084505,128
lot_paper_instruction__v1,candidate,general,uncensored_only,32,mmd_rbf,0.010663173161447048,128
lot_paper_instruction__v1,candidate,general,uncensored_only,32,projected_js,0.06083582472638227,128
lot_paper_instruction__v1,candidate,general,uncensored_only,33,mmd_rbf,0.010548748075962067,128
lot_paper_instruction__v1,candidate,general,uncensored_only,33,projected_js,0.06217902200296521,128
lot_paper_instruction__v1,candidate,general,uncensored_only,34,mmd_rbf,0.010678643360733986,128
lot_paper_instruction__v1,candidate,general,uncensored_only,34,projected_js,0.05958798452047631,128
lot_paper_instruction__v1,candidate,general,uncensored_only,35,mmd_rbf,0.022284463047981262,128
lot_paper_instruction__v1,candidate,general,uncensored_only,35,projected_js,0.06319537298986688,128
lot_paper_instruction__v1,candidate,instruction,base,0,mmd_rbf,0.004510933067649603,128
lot_paper_instruction__v1,candidate,instruction,base,0,projected_js,0.04835398888099007,128
lot_paper_instruction__v1,candidate,instruction,base,1,mmd_rbf,0.01006479561328888,128
lot_paper_instruction__v1,candidate,instruction,base,1,projected_js,0.055847903655376285,128
lot_paper_instruction__v1,candidate,instruction,base,2,mmd_rbf,0.011786350980401039,128
lot_paper_instruction__v1,candidate,instruction,base,2,projected_js,0.06154924817383289,128
lot_paper_instruction__v1,candidate,instruction,base,3,mmd_rbf,0.014248049817979336,128
lot_paper_instruction__v1,candidate,instruction,base,3,projected_js,0.06800753794959746,128
lot_paper_instruction__v1,candidate,instruction,base,4,mmd_rbf,0.013309741392731667,128
lot_paper_instruction__v1,candidate,instruction,base,4,projected_js,0.06454625944024883,128
lot_paper_instruction__v1,candidate,instruction,base,5,mmd_rbf,0.013844373635947704,128
lot_paper_instruction__v1,candidate,instruction,base,5,projected_js,0.06176381348632276,128
lot_paper_instruction__v1,candidate,instruction,base,6,mmd_rbf,0.01061666663736105,128
lot_paper_instruction__v1,candidate,instruction,base,6,projected_js,0.06195996023598127,128
lot_paper_instruction__v1,candidate,instruction,base,7,mmd_rbf,0.01016813050955534,128
lot_paper_instruction__v1,candidate,instruction,base,7,projected_js,0.06451130495406687,128
lot_paper_instruction__v1,candidate,instruction,base,8,mmd_rbf,0.009193100035190582,128
lot_paper_instruction__v1,candidate,instruction,base,8,projected_js,0.06274835314252414,128
lot_paper_instruction__v1,candidate,instruction,base,9,mmd_rbf,0.01011552382260561,128
lot_paper_instruction__v1,candidate,instruction,base,9,projected_js,0.06318694236688316,128
lot_paper_instruction__v1,candidate,instruction,base,10,mmd_rbf,0.011216726154088974,128
lot_paper_instruction__v1,candidate,instruction,base,10,projected_js,0.06776750792050734,128
lot_paper_instruction__v1,candidate,instruction,base,11,mmd_rbf,0.011214152909815311,128
lot_paper_instruction__v1,candidate,instruction,base,11,projected_js,0.06366703382809646,128
lot_paper_instruction__v1,candidate,instruction,base,12,mmd_rbf,0.01140973623842001,128
lot_paper_instruction__v1,candidate,instruction,base,12,projected_js,0.06848798203282058,128
lot_paper_instruction__v1,candidate,instruction,base,13,mmd_rbf,0.01214116346091032,128
lot_paper_instruction__v1,candidate,instruction,base,13,projected_js,0.06847460597055033,128
lot_paper_instruction__v1,candidate,instruction,base,14,mmd_rbf,0.013024243526160717,128
lot_paper_instruction__v1,candidate,instruction,base,14,projected_js,0.07013066389481537,128
lot_paper_instruction__v1,candidate,instruction,base,15,mmd_rbf,0.01457640714943409,128
lot_paper_instruction__v1,candidate,instruction,base,15,projected_js,0.07236745546106249,128
lot_paper_instruction__v1,candidate,instruction,base,16,mmd_rbf,0.015509264543652534,128
lot_paper_instruction__v1,candidate,instruction,base,16,projected_js,0.06768941861810163,128
lot_paper_instruction__v1,candidate,instruction,base,17,mmd_rbf,0.01520479191094637,128
lot_paper_instruction__v1,candidate,instruction,base,17,projected_js,0.06795552803669125,128
lot_paper_instruction__v1,candidate,instruction,base,18,mmd_rbf,0.016840115189552307,128
lot_paper_instruction__v1,candidate,instruction,base,18,projected_js,0.07479566056281328,128
lot_paper_instruction__v1,candidate,instruction,base,19,mmd_rbf,0.018728602677583694,128
lot_paper_instruction__v1,candidate,instruction,base,19,projected_js,0.07134245644556358,128
lot_paper_instruction__v1,candidate,instruction,base,20,mmd_rbf,0.018763575702905655,128
lot_paper_instruction__v1,candidate,instruction,base,20,projected_js,0.07594831887399778,128
lot_paper_instruction__v1,candidate,instruction,base,21,mmd_rbf,0.02036251127719879,128
lot_paper_instruction__v1,candidate,instruction,base,21,projected_js,0.07578679034486413,128
lot_paper_instruction__v1,candidate,instruction,base,22,mmd_rbf,0.019991178065538406,128
lot_paper_instruction__v1,candidate,instruction,base,22,projected_js,0.0741960245068185,128
lot_paper_instruction__v1,candidate,instruction,base,23,mmd_rbf,0.0183559637516737,128
lot_paper_instruction__v1,candidate,instruction,base,23,projected_js,0.072902190790046,128
lot_paper_instruction__v1,candidate,instruction,base,24,mmd_rbf,0.017103740945458412,128
lot_paper_instruction__v1,candidate,instruction,base,24,projected_js,0.07479719904949889,128
lot_paper_instruction__v1,candidate,instruction,base,25,mmd_rbf,0.015687141567468643,128
lot_paper_instruction__v1,candidate,instruction,base,25,projected_js,0.07121770398225635,128
lot_paper_instruction__v1,candidate,instruction,base,26,mmd_rbf,0.014921610243618488,128
lot_paper_instruction__v1,candidate,instruction,base,26,projected_js,0.06752589391544461,128
lot_paper_instruction__v1,candidate,instruction,base,27,mmd_rbf,0.0143315764144063,128
lot_paper_instruction__v1,candidate,instruction,base,27,projected_js,0.07209795125527307,128
lot_paper_instruction__v1,candidate,instruction,base,28,mmd_rbf,0.013433410786092281,128
lot_paper_instruction__v1,candidate,instruction,base,28,projected_js,0.06811362493317574,128
lot_paper_instruction__v1,candidate,instruction,base,29,mmd_rbf,0.012678283266723156,128
lot_paper_instruction__v1,candidate,instruction,base,29,projected_js,0.06680797372246161,128
lot_paper_instruction__v1,candidate,instruction,base,30,mmd_rbf,0.012425363063812256,128
lot_paper_instruction__v1,candidate,instruction,base,30,projected_js,0.06911932275397703,128
lot_paper_instruction__v1,candidate,instruction,base,31,mmd_rbf,0.01204042136669159,128
lot_paper_instruction__v1,candidate,instruction,base,31,projected_js,0.07033729989780113,128
lot_paper_instruction__v1,candidate,instruction,base,32,mmd_rbf,0.012531965970993042,128
lot_paper_instruction__v1,candidate,instruction,base,32,projected_js,0.06559488968923688,128
lot_paper_instruction__v1,candidate,instruction,base,33,mmd_rbf,0.012579505331814289,128
lot_paper_instruction__v1,candidate,instruction,base,33,projected_js,0.06955405685584992,128
lot_paper_instruction__v1,candidate,instruction,base,34,mmd_rbf,0.0194274690002203,128
lot_paper_instruction__v1,candidate,instruction,base,34,projected_js,0.0799701107898727,128
lot_paper_instruction__v1,candidate,instruction,base,35,mmd_rbf,0.07135216146707535,128
lot_paper_instruction__v1,candidate,instruction,base,35,projected_js,0.1292749864514917,128
lot_paper_instruction__v1,candidate,instruction,instr_only,0,mmd_rbf,0.0021281063091009855,128
lot_paper_instruction__v1,candidate,instruction,instr_only,0,projected_js,0.038763764314353466,128
lot_paper_instruction__v1,candidate,instruction,instr_only,1,mmd_rbf,0.006599226500838995,128
lot_paper_instruction__v1,candidate,instruction,instr_only,1,projected_js,0.052575503796106204,128
lot_paper_instruction__v1,candidate,instruction,instr_only,2,mmd_rbf,0.00768251484259963,128
lot_paper_instruction__v1,candidate,instruction,instr_only,2,projected_js,0.05195336087490432,128
lot_paper_instruction__v1,candidate,instruction,instr_only,3,mmd_rbf,0.006924878340214491,128
lot_paper_instruction__v1,candidate,instruction,instr_only,3,projected_js,0.05349690534058027,128
lot_paper_instruction__v1,candidate,instruction,instr_only,4,mmd_rbf,0.006968516390770674,128
lot_paper_instruction__v1,candidate,instruction,instr_only,4,projected_js,0.054828003674629144,128
lot_paper_instruction__v1,candidate,instruction,instr_only,5,mmd_rbf,0.007416866719722748,128
lot_paper_instruction__v1,candidate,instruction,instr_only,5,projected_js,0.059173353598453104,128
lot_paper_instruction__v1,candidate,instruction,instr_only,6,mmd_rbf,0.005778768565505743,128
lot_paper_instruction__v1,candidate,instruction,instr_only,6,projected_js,0.051655189046869054,128
lot_paper_instruction__v1,candidate,instruction,instr_only,7,mmd_rbf,0.005332424771040678,128
lot_paper_instruction__v1,candidate,instruction,instr_only,7,projected_js,0.05904164141975343,128
lot_paper_instruction__v1,candidate,instruction,instr_only,8,mmd_rbf,0.004599565174430609,128
lot_paper_instruction__v1,candidate,instruction,instr_only,8,projected_js,0.058591998589690775,128
lot_paper_instruction__v1,candidate,instruction,instr_only,9,mmd_rbf,0.004562192130833864,128
lot_paper_instruction__v1,candidate,instruction,instr_only,9,projected_js,0.05807530606398359,128
lot_paper_instruction__v1,candidate,instruction,instr_only,10,mmd_rbf,0.005159668158739805,128
lot_paper_instruction__v1,candidate,instruction,instr_only,10,projected_js,0.0610176797490567,128
lot_paper_instruction__v1,candidate,instruction,instr_only,11,mmd_rbf,0.004883956629782915,128
lot_paper_instruction__v1,candidate,instruction,instr_only,11,projected_js,0.06323022651486099,128
lot_paper_instruction__v1,candidate,instruction,instr_only,12,mmd_rbf,0.005016332492232323,128
lot_paper_instruction__v1,candidate,instruction,instr_only,12,projected_js,0.05894254217855632,128
lot_paper_instruction__v1,candidate,instruction,instr_only,13,mmd_rbf,0.005030133295804262,128
lot_paper_instruction__v1,candidate,instruction,instr_only,13,projected_js,0.06495906336931512,128
lot_paper_instruction__v1,candidate,instruction,instr_only,14,mmd_rbf,0.005046481732279062,128
lot_paper_instruction__v1,candidate,instruction,instr_only,14,projected_js,0.05810752889374271,128
lot_paper_instruction__v1,candidate,instruction,instr_only,15,mmd_rbf,0.005176248494535685,128
lot_paper_instruction__v1,candidate,instruction,instr_only,15,projected_js,0.06418544438201934,128
lot_paper_instruction__v1,candidate,instruction,instr_only,16,mmd_rbf,0.005472577176988125,128
lot_paper_instruction__v1,candidate,instruction,instr_only,16,projected_js,0.06269307102775201,128
lot_paper_instruction__v1,candidate,instruction,instr_only,17,mmd_rbf,0.005666270386427641,128
lot_paper_instruction__v1,candidate,instruction,instr_only,17,projected_js,0.061643381137400866,128
lot_paper_instruction__v1,candidate,instruction,instr_only,18,mmd_rbf,0.006291611585766077,128
lot_paper_instruction__v1,candidate,instruction,instr_only,18,projected_js,0.06142659386387095,128
lot_paper_instruction__v1,candidate,instruction,instr_only,19,mmd_rbf,0.006676256190985441,128
lot_paper_instruction__v1,candidate,instruction,instr_only,19,projected_js,0.0664014506037347,128
lot_paper_instruction__v1,candidate,instruction,instr_only,20,mmd_rbf,0.006781124975532293,128
lot_paper_instruction__v1,candidate,instruction,instr_only,20,projected_js,0.0661201630719006,128
lot_paper_instruction__v1,candidate,instruction,instr_only,21,mmd_rbf,0.007584074977785349,128
lot_paper_instruction__v1,candidate,instruction,instr_only,21,projected_js,0.06588816456496716,128
lot_paper_instruction__v1,candidate,instruction,instr_only,22,mmd_rbf,0.007628282997757196,128
lot_paper_instruction__v1,candidate,instruction,instr_only,22,projected_js,0.06767039126134478,128
lot_paper_instruction__v1,candidate,instruction,instr_only,23,mmd_rbf,0.007557826582342386,128
lot_paper_instruction__v1,candidate,instruction,instr_only,23,projected_js,0.0658486628672108,128
lot_paper_instruction__v1,candidate,instruction,instr_only,24,mmd_rbf,0.007909249514341354,128
lot_paper_instruction__v1,candidate,instruction,instr_only,24,projected_js,0.06564862065715715,128
lot_paper_instruction__v1,candidate,instruction,instr_only,25,mmd_rbf,0.008220232091844082,128
lot_paper_instruction__v1,candidate,instruction,instr_only,25,projected_js,0.0687724378076382,128
lot_paper_instruction__v1,candidate,instruction,instr_only,26,mmd_rbf,0.00877922959625721,128
lot_paper_instruction__v1,candidate,instruction,instr_only,26,projected_js,0.0683864924358204,128
lot_paper_instruction__v1,candidate,instruction,instr_only,27,mmd_rbf,0.008904233574867249,128
lot_paper_instruction__v1,candidate,instruction,instr_only,27,projected_js,0.06411109989858232,128
lot_paper_instruction__v1,candidate,instruction,instr_only,28,mmd_rbf,0.00898744072765112,128
lot_paper_instruction__v1,candidate,instruction,instr_only,28,projected_js,0.06891082832589746,128
lot_paper_instruction__v1,candidate,instruction,instr_only,29,mmd_rbf,0.008654204197227955,128
lot_paper_instruction__v1,candidate,instruction,instr_only,29,projected_js,0.06351244583493099,128
lot_paper_instruction__v1,candidate,instruction,instr_only,30,mmd_rbf,0.008710870519280434,128
lot_paper_instruction__v1,candidate,instruction,instr_only,30,projected_js,0.06574426905717701,128
lot_paper_instruction__v1,candidate,instruction,instr_only,31,mmd_rbf,0.00873454101383686,128
lot_paper_instruction__v1,candidate,instruction,instr_only,31,projected_js,0.06629354029428214,128
lot_paper_instruction__v1,candidate,instruction,instr_only,32,mmd_rbf,0.00849159900099039,128
lot_paper_instruction__v1,candidate,instruction,instr_only,32,projected_js,0.06430809863377362,128
lot_paper_instruction__v1,candidate,instruction,instr_only,33,mmd_rbf,0.008214612491428852,128
lot_paper_instruction__v1,candidate,instruction,instr_only,33,projected_js,0.0677368245087564,128
lot_paper_instruction__v1,candidate,instruction,instr_only,34,mmd_rbf,0.008871953003108501,128
lot_paper_instruction__v1,candidate,instruction,instr_only,34,projected_js,0.06604549614712596,128
lot_paper_instruction__v1,candidate,instruction,instr_only,35,mmd_rbf,0.023503413423895836,128
lot_paper_instruction__v1,candidate,instruction,instr_only,35,projected_js,0.07874974538572133,128
lot_paper_instruction__v1,candidate,instruction,reasoning_only,0,mmd_rbf,0.006419000215828419,128
lot_paper_instruction__v1,candidate,instruction,reasoning_only,0,projected_js,0.0568627956090495,128
lot_paper_instruction__v1,candidate,instruction,reasoning_only,1,mmd_rbf,0.011891520582139492,128
lot_paper_instruction__v1,candidate,instruction,reasoning_only,1,projected_js,0.06140014372067526,128
lot_paper_instruction__v1,candidate,instruction,reasoning_only,2,mmd_rbf,0.01229014154523611,128
lot_paper_instruction__v1,candidate,instruction,reasoning_only,2,projected_js,0.06467521388549358,128
lot_paper_instruction__v1,candidate,instruction,reasoning_only,3,mmd_rbf,0.013051134534180164,128
lot_paper_instruction__v1,candidate,instruction,reasoning_only,3,projected_js,0.06391845224425197,128
lot_paper_instruction__v1,candidate,instruction,reasoning_only,4,mmd_rbf,0.01349555142223835,128
lot_paper_instruction__v1,candidate,instruction,reasoning_only,4,projected_js,0.07089973919210024,128
lot_paper_instruction__v1,candidate,instruction,reasoning_only,5,mmd_rbf,0.013563302345573902,128
lot_paper_instruction__v1,candidate,instruction,reasoning_only,5,projected_js,0.06628696163534187,128
lot_paper_instruction__v1,candidate,instruction,reasoning_only,6,mmd_rbf,0.0111981350928545,128
lot_paper_instruction__v1,candidate,instruction,reasoning_only,6,projected_js,0.06544235558249056,128
lot_paper_instruction__v1,candidate,instruction,reasoning_only,7,mmd_rbf,0.011213642545044422,128
lot_paper_instruction__v1,candidate,instruction,reasoning_only,7,projected_js,0.0708282444102224,128
lot_paper_instruction__v1,candidate,instruction,reasoning_only,8,mmd_rbf,0.009146842174232006,128
lot_paper_instruction__v1,candidate,instruction,reasoning_only,8,projected_js,0.06472275042324327,128
lot_paper_instruction__v1,candidate,instruction,reasoning_only,9,mmd_rbf,0.008999742567539215,128
lot_paper_instruction__v1,candidate,instruction,reasoning_only,9,projected_js,0.06494838028447703,128
lot_paper_instruction__v1,candidate,instruction,reasoning_only,10,mmd_rbf,0.009978353045880795,128
lot_paper_instruction__v1,candidate,instruction,reasoning_only,10,projected_js,0.06893887661863118,128
lot_paper_instruction__v1,candidate,instruction,reasoning_only,11,mmd_rbf,0.00949119683355093,128
lot_paper_instruction__v1,candidate,instruction,reasoning_only,11,projected_js,0.06830853832070716,128
lot_paper_instruction__v1,candidate,instruction,reasoning_only,12,mmd_rbf,0.009880785830318928,128
lot_paper_instruction__v1,candidate,instruction,reasoning_only,12,projected_js,0.06807489122729748,128
lot_paper_instruction__v1,candidate,instruction,reasoning_only,13,mmd_rbf,0.010378501377999783,128
lot_paper_instruction__v1,candidate,instruction,reasoning_only,13,projected_js,0.07119968443294056,128
lot_paper_instruction__v1,candidate,instruction,reasoning_only,14,mmd_rbf,0.010293207131326199,128
lot_paper_instruction__v1,candidate,instruction,reasoning_only,14,projected_js,0.0718661670689471,128
lot_paper_instruction__v1,candidate,instruction,reasoning_only,15,mmd_rbf,0.01113816536962986,128
lot_paper_instruction__v1,candidate,instruction,reasoning_only,15,projected_js,0.06959017759072594,128
lot_paper_instruction__v1,candidate,instruction,reasoning_only,16,mmd_rbf,0.011457907035946846,128
lot_paper_instruction__v1,candidate,instruction,reasoning_only,16,projected_js,0.06735667114844546,128
lot_paper_instruction__v1,candidate,instruction,reasoning_only,17,mmd_rbf,0.011008159257471561,128
lot_paper_instruction__v1,candidate,instruction,reasoning_only,17,projected_js,0.06663672986906022,128
lot_paper_instruction__v1,candidate,instruction,reasoning_only,18,mmd_rbf,0.012416881509125233,128
lot_paper_instruction__v1,candidate,instruction,reasoning_only,18,projected_js,0.06862853112397715,128
lot_paper_instruction__v1,candidate,instruction,reasoning_only,19,mmd_rbf,0.012710779905319214,128
lot_paper_instruction__v1,candidate,instruction,reasoning_only,19,projected_js,0.06800276340800337,128
lot_paper_instruction__v1,candidate,instruction,reasoning_only,20,mmd_rbf,0.012419183738529682,128
lot_paper_instruction__v1,candidate,instruction,reasoning_only,20,projected_js,0.07092886004829779,128
lot_paper_instruction__v1,candidate,instruction,reasoning_only,21,mmd_rbf,0.013139885850250721,128
lot_paper_instruction__v1,candidate,instruction,reasoning_only,21,projected_js,0.07272417051717639,128
lot_paper_instruction__v1,candidate,instruction,reasoning_only,22,mmd_rbf,0.012167472392320633,128
lot_paper_instruction__v1,candidate,instruction,reasoning_only,22,projected_js,0.07464787998469546,128
lot_paper_instruction__v1,candidate,instruction,reasoning_only,23,mmd_rbf,0.010595369152724743,128
lot_paper_instruction__v1,candidate,instruction,reasoning_only,23,projected_js,0.06780557776801288,128
lot_paper_instruction__v1,candidate,instruction,reasoning_only,24,mmd_rbf,0.010729024186730385,128
lot_paper_instruction__v1,candidate,instruction,reasoning_only,24,projected_js,0.07064826943678781,128
lot_paper_instruction__v1,candidate,instruction,reasoning_only,25,mmd_rbf,0.010281523689627647,128
lot_paper_instruction__v1,candidate,instruction,reasoning_only,25,projected_js,0.07283963664667681,128
lot_paper_instruction__v1,candidate,instruction,reasoning_only,26,mmd_rbf,0.010397094301879406,128
lot_paper_instruction__v1,candidate,instruction,reasoning_only,26,projected_js,0.0699054540018551,128
lot_paper_instruction__v1,candidate,instruction,reasoning_only,27,mmd_rbf,0.010183196514844894,128
lot_paper_instruction__v1,candidate,instruction,reasoning_only,27,projected_js,0.06741986039560288,128
lot_paper_instruction__v1,candidate,instruction,reasoning_only,28,mmd_rbf,0.010075046680867672,128
lot_paper_instruction__v1,candidate,instruction,reasoning_only,28,projected_js,0.06893057469278574,128
lot_paper_instruction__v1,candidate,instruction,reasoning_only,29,mmd_rbf,0.00977595429867506,128
lot_paper_instruction__v1,candidate,instruction,reasoning_only,29,projected_js,0.06473437359090894,128
lot_paper_instruction__v1,candidate,instruction,reasoning_only,30,mmd_rbf,0.009976130910217762,128
lot_paper_instruction__v1,candidate,instruction,reasoning_only,30,projected_js,0.0675015015876852,128
lot_paper_instruction__v1,candidate,instruction,reasoning_only,31,mmd_rbf,0.009921959601342678,128
lot_paper_instruction__v1,candidate,instruction,reasoning_only,31,projected_js,0.06816733384039253,128
lot_paper_instruction__v1,candidate,instruction,reasoning_only,32,mmd_rbf,0.00984486285597086,128
lot_paper_instruction__v1,candidate,instruction,reasoning_only,32,projected_js,0.0642348260153085,128
lot_paper_instruction__v1,candidate,instruction,reasoning_only,33,mmd_rbf,0.009748049080371857,128
lot_paper_instruction__v1,candidate,instruction,reasoning_only,33,projected_js,0.06623639780445956,128
lot_paper_instruction__v1,candidate,instruction,reasoning_only,34,mmd_rbf,0.010777397081255913,128
lot_paper_instruction__v1,candidate,instruction,reasoning_only,34,projected_js,0.06644289789255708,128
lot_paper_instruction__v1,candidate,instruction,reasoning_only,35,mmd_rbf,0.026521185413002968,128
lot_paper_instruction__v1,candidate,instruction,reasoning_only,35,projected_js,0.07900547154713422,128
lot_paper_instruction__v1,candidate,instruction,uncensored_only,0,mmd_rbf,0.005069929640740156,128
lot_paper_instruction__v1,candidate,instruction,uncensored_only,0,projected_js,0.04887214579503052,128
lot_paper_instruction__v1,candidate,instruction,uncensored_only,1,mmd_rbf,0.12020285427570343,128
lot_paper_instruction__v1,candidate,instruction,uncensored_only,1,projected_js,0.1484872504370287,128
lot_paper_instruction__v1,candidate,instruction,uncensored_only,2,mmd_rbf,0.11480712890625,128
lot_paper_instruction__v1,candidate,instruction,uncensored_only,2,projected_js,0.13577576586976647,128
lot_paper_instruction__v1,candidate,instruction,uncensored_only,3,mmd_rbf,0.0874711200594902,128
lot_paper_instruction__v1,candidate,instruction,uncensored_only,3,projected_js,0.11426691606175154,128
lot_paper_instruction__v1,candidate,instruction,uncensored_only,4,mmd_rbf,0.06412183493375778,128
lot_paper_instruction__v1,candidate,instruction,uncensored_only,4,projected_js,0.11452306777937338,128
lot_paper_instruction__v1,candidate,instruction,uncensored_only,5,mmd_rbf,0.0510086715221405,128
lot_paper_instruction__v1,candidate,instruction,uncensored_only,5,projected_js,0.09798320184927434,128
lot_paper_instruction__v1,candidate,instruction,uncensored_only,6,mmd_rbf,0.031206965446472168,128
lot_paper_instruction__v1,candidate,instruction,uncensored_only,6,projected_js,0.08607285952894017,128
lot_paper_instruction__v1,candidate,instruction,uncensored_only,7,mmd_rbf,0.02521812915802002,128
lot_paper_instruction__v1,candidate,instruction,uncensored_only,7,projected_js,0.08323224849300459,128
lot_paper_instruction__v1,candidate,instruction,uncensored_only,8,mmd_rbf,0.017539266496896744,128
lot_paper_instruction__v1,candidate,instruction,uncensored_only,8,projected_js,0.07705157261807472,128
lot_paper_instruction__v1,candidate,instruction,uncensored_only,9,mmd_rbf,0.014739522710442543,128
lot_paper_instruction__v1,candidate,instruction,uncensored_only,9,projected_js,0.06514056160813197,128
lot_paper_instruction__v1,candidate,instruction,uncensored_only,10,mmd_rbf,0.013458603993058205,128
lot_paper_instruction__v1,candidate,instruction,uncensored_only,10,projected_js,0.0693946898682043,128
lot_paper_instruction__v1,candidate,instruction,uncensored_only,11,mmd_rbf,0.01144331879913807,128
lot_paper_instruction__v1,candidate,instruction,uncensored_only,11,projected_js,0.06930585426744074,128
lot_paper_instruction__v1,candidate,instruction,uncensored_only,12,mmd_rbf,0.01129702664911747,128
lot_paper_instruction__v1,candidate,instruction,uncensored_only,12,projected_js,0.06746385846054181,128
lot_paper_instruction__v1,candidate,instruction,uncensored_only,13,mmd_rbf,0.011914297007024288,128
lot_paper_instruction__v1,candidate,instruction,uncensored_only,13,projected_js,0.07197271930635907,128
lot_paper_instruction__v1,candidate,instruction,uncensored_only,14,mmd_rbf,0.012526646256446838,128
lot_paper_instruction__v1,candidate,instruction,uncensored_only,14,projected_js,0.06981999831623398,128
lot_paper_instruction__v1,candidate,instruction,uncensored_only,15,mmd_rbf,0.014807662926614285,128
lot_paper_instruction__v1,candidate,instruction,uncensored_only,15,projected_js,0.0716782154631801,128
lot_paper_instruction__v1,candidate,instruction,uncensored_only,16,mmd_rbf,0.01565491035580635,128
lot_paper_instruction__v1,candidate,instruction,uncensored_only,16,projected_js,0.0708791530050803,128
lot_paper_instruction__v1,candidate,instruction,uncensored_only,17,mmd_rbf,0.015289603732526302,128
lot_paper_instruction__v1,candidate,instruction,uncensored_only,17,projected_js,0.0674823010340333,128
lot_paper_instruction__v1,candidate,instruction,uncensored_only,18,mmd_rbf,0.01576271466910839,128
lot_paper_instruction__v1,candidate,instruction,uncensored_only,18,projected_js,0.07529581739800051,128
lot_paper_instruction__v1,candidate,instruction,uncensored_only,19,mmd_rbf,0.015058998949825764,128
lot_paper_instruction__v1,candidate,instruction,uncensored_only,19,projected_js,0.07426243869122118,128
lot_paper_instruction__v1,candidate,instruction,uncensored_only,20,mmd_rbf,0.015193687751889229,128
lot_paper_instruction__v1,candidate,instruction,uncensored_only,20,projected_js,0.07456675235880539,128
lot_paper_instruction__v1,candidate,instruction,uncensored_only,21,mmd_rbf,0.01618657447397709,128
lot_paper_instruction__v1,candidate,instruction,uncensored_only,21,projected_js,0.07455548696452752,128
lot_paper_instruction__v1,candidate,instruction,uncensored_only,22,mmd_rbf,0.016642730683088303,128
lot_paper_instruction__v1,candidate,instruction,uncensored_only,22,projected_js,0.07618423097301275,128
lot_paper_instruction__v1,candidate,instruction,uncensored_only,23,mmd_rbf,0.016201255843043327,128
lot_paper_instruction__v1,candidate,instruction,uncensored_only,23,projected_js,0.0761752359685488,128
lot_paper_instruction__v1,candidate,instruction,uncensored_only,24,mmd_rbf,0.017682945355772972,128
lot_paper_instruction__v1,candidate,instruction,uncensored_only,24,projected_js,0.07721311197383329,128
lot_paper_instruction__v1,candidate,instruction,uncensored_only,25,mmd_rbf,0.018552470952272415,128
lot_paper_instruction__v1,candidate,instruction,uncensored_only,25,projected_js,0.07764244143618271,128
lot_paper_instruction__v1,candidate,instruction,uncensored_only,26,mmd_rbf,0.01903603971004486,128
lot_paper_instruction__v1,candidate,instruction,uncensored_only,26,projected_js,0.07829361467156559,128
lot_paper_instruction__v1,candidate,instruction,uncensored_only,27,mmd_rbf,0.018983427435159683,128
lot_paper_instruction__v1,candidate,instruction,uncensored_only,27,projected_js,0.07824714877642691,128
lot_paper_instruction__v1,candidate,instruction,uncensored_only,28,mmd_rbf,0.017564041540026665,128
lot_paper_instruction__v1,candidate,instruction,uncensored_only,28,projected_js,0.07424200046807528,128
lot_paper_instruction__v1,candidate,instruction,uncensored_only,29,mmd_rbf,0.01667923294007778,128
lot_paper_instruction__v1,candidate,instruction,uncensored_only,29,projected_js,0.07351050694705918,128
lot_paper_instruction__v1,candidate,instruction,uncensored_only,30,mmd_rbf,0.017005644738674164,128
lot_paper_instruction__v1,candidate,instruction,uncensored_only,30,projected_js,0.0742699783295393,128
lot_paper_instruction__v1,candidate,instruction,uncensored_only,31,mmd_rbf,0.016575602814555168,128
lot_paper_instruction__v1,candidate,instruction,uncensored_only,31,projected_js,0.07255251740571111,128
lot_paper_instruction__v1,candidate,instruction,uncensored_only,32,mmd_rbf,0.016119664534926414,128
lot_paper_instruction__v1,candidate,instruction,uncensored_only,32,projected_js,0.07113841141108423,128
lot_paper_instruction__v1,candidate,instruction,uncensored_only,33,mmd_rbf,0.015840619802474976,128
lot_paper_instruction__v1,candidate,instruction,uncensored_only,33,projected_js,0.07557897490914911,128
lot_paper_instruction__v1,candidate,instruction,uncensored_only,34,mmd_rbf,0.016318513080477715,128
lot_paper_instruction__v1,candidate,instruction,uncensored_only,34,projected_js,0.07618943171110004,128
lot_paper_instruction__v1,candidate,instruction,uncensored_only,35,mmd_rbf,0.03146011754870415,128
lot_paper_instruction__v1,candidate,instruction,uncensored_only,35,projected_js,0.07741653919219971,128
lot_paper_instruction__v1,candidate,reasoning,base,0,mmd_rbf,0.002653940115123987,128
lot_paper_instruction__v1,candidate,reasoning,base,0,projected_js,0.04072287895542104,128
lot_paper_instruction__v1,candidate,reasoning,base,1,mmd_rbf,0.008128023706376553,128
lot_paper_instruction__v1,candidate,reasoning,base,1,projected_js,0.04968481746618636,128
lot_paper_instruction__v1,candidate,reasoning,base,2,mmd_rbf,0.008552443236112595,128
lot_paper_instruction__v1,candidate,reasoning,base,2,projected_js,0.056588404811918736,128
lot_paper_instruction__v1,candidate,reasoning,base,3,mmd_rbf,0.009083368815481663,128
lot_paper_instruction__v1,candidate,reasoning,base,3,projected_js,0.05685318849282339,128
lot_paper_instruction__v1,candidate,reasoning,base,4,mmd_rbf,0.008651825599372387,128
lot_paper_instruction__v1,candidate,reasoning,base,4,projected_js,0.057102110906271264,128
lot_paper_instruction__v1,candidate,reasoning,base,5,mmd_rbf,0.007405424024909735,128
lot_paper_instruction__v1,candidate,reasoning,base,5,projected_js,0.05365091827115975,128
lot_paper_instruction__v1,candidate,reasoning,base,6,mmd_rbf,0.005445777904242277,128
lot_paper_instruction__v1,candidate,reasoning,base,6,projected_js,0.05278792412718758,128
lot_paper_instruction__v1,candidate,reasoning,base,7,mmd_rbf,0.005277987103909254,128
lot_paper_instruction__v1,candidate,reasoning,base,7,projected_js,0.05536032182862982,128
lot_paper_instruction__v1,candidate,reasoning,base,8,mmd_rbf,0.00487668439745903,128
lot_paper_instruction__v1,candidate,reasoning,base,8,projected_js,0.05581631854875013,128
lot_paper_instruction__v1,candidate,reasoning,base,9,mmd_rbf,0.005027808714658022,128
lot_paper_instruction__v1,candidate,reasoning,base,9,projected_js,0.0566038513352396,128
lot_paper_instruction__v1,candidate,reasoning,base,10,mmd_rbf,0.0053391242399811745,128
lot_paper_instruction__v1,candidate,reasoning,base,10,projected_js,0.05419275438180193,128
lot_paper_instruction__v1,candidate,reasoning,base,11,mmd_rbf,0.005235895048826933,128
lot_paper_instruction__v1,candidate,reasoning,base,11,projected_js,0.0553613260271959,128
lot_paper_instruction__v1,candidate,reasoning,base,12,mmd_rbf,0.005575218237936497,128
lot_paper_instruction__v1,candidate,reasoning,base,12,projected_js,0.05246514128521085,128
lot_paper_instruction__v1,candidate,reasoning,base,13,mmd_rbf,0.005705572199076414,128
lot_paper_instruction__v1,candidate,reasoning,base,13,projected_js,0.05728613387327641,128
lot_paper_instruction__v1,candidate,reasoning,base,14,mmd_rbf,0.006017921958118677,128
lot_paper_instruction__v1,candidate,reasoning,base,14,projected_js,0.06012614967767149,128
lot_paper_instruction__v1,candidate,reasoning,base,15,mmd_rbf,0.006707870867103338,128
lot_paper_instruction__v1,candidate,reasoning,base,15,projected_js,0.05786819913191721,128
lot_paper_instruction__v1,candidate,reasoning,base,16,mmd_rbf,0.007374942302703857,128
lot_paper_instruction__v1,candidate,reasoning,base,16,projected_js,0.05788773426320404,128
lot_paper_instruction__v1,candidate,reasoning,base,17,mmd_rbf,0.007189659867435694,128
lot_paper_instruction__v1,candidate,reasoning,base,17,projected_js,0.06076969762216322,128
lot_paper_instruction__v1,candidate,reasoning,base,18,mmd_rbf,0.00784977525472641,128
lot_paper_instruction__v1,candidate,reasoning,base,18,projected_js,0.06322670623194426,128
lot_paper_instruction__v1,candidate,reasoning,base,19,mmd_rbf,0.008397405035793781,128
lot_paper_instruction__v1,candidate,reasoning,base,19,projected_js,0.05901311384513974,128
lot_paper_instruction__v1,candidate,reasoning,base,20,mmd_rbf,0.008105779998004436,128
lot_paper_instruction__v1,candidate,reasoning,base,20,projected_js,0.06168487333343364,128
lot_paper_instruction__v1,candidate,reasoning,base,21,mmd_rbf,0.008494507521390915,128
lot_paper_instruction__v1,candidate,reasoning,base,21,projected_js,0.06068515277002007,128
lot_paper_instruction__v1,candidate,reasoning,base,22,mmd_rbf,0.007555322255939245,128
lot_paper_instruction__v1,candidate,reasoning,base,22,projected_js,0.061246819619555026,128
lot_paper_instruction__v1,candidate,reasoning,base,23,mmd_rbf,0.0069639356806874275,128
lot_paper_instruction__v1,candidate,reasoning,base,23,projected_js,0.05809049561503343,128
lot_paper_instruction__v1,candidate,reasoning,base,24,mmd_rbf,0.005907251965254545,128
lot_paper_instruction__v1,candidate,reasoning,base,24,projected_js,0.056815491523593664,128
lot_paper_instruction__v1,candidate,reasoning,base,25,mmd_rbf,0.005298299249261618,128
lot_paper_instruction__v1,candidate,reasoning,base,25,projected_js,0.05889297107933089,128
lot_paper_instruction__v1,candidate,reasoning,base,26,mmd_rbf,0.004949895199388266,128
lot_paper_instruction__v1,candidate,reasoning,base,26,projected_js,0.05428835059865378,128
lot_paper_instruction__v1,candidate,reasoning,base,27,mmd_rbf,0.004959196783602238,128
lot_paper_instruction__v1,candidate,reasoning,base,27,projected_js,0.057571928919060156,128
lot_paper_instruction__v1,candidate,reasoning,base,28,mmd_rbf,0.004982660058885813,128
lot_paper_instruction__v1,candidate,reasoning,base,28,projected_js,0.05900025650043972,128
lot_paper_instruction__v1,candidate,reasoning,base,29,mmd_rbf,0.004884448833763599,128
lot_paper_instruction__v1,candidate,reasoning,base,29,projected_js,0.058679986803326756,128
lot_paper_instruction__v1,candidate,reasoning,base,30,mmd_rbf,0.004956505727022886,128
lot_paper_instruction__v1,candidate,reasoning,base,30,projected_js,0.05708308710018173,128
lot_paper_instruction__v1,candidate,reasoning,base,31,mmd_rbf,0.004999279510229826,128
lot_paper_instruction__v1,candidate,reasoning,base,31,projected_js,0.0602255763951689,128
lot_paper_instruction__v1,candidate,reasoning,base,32,mmd_rbf,0.0057199797593057156,128
lot_paper_instruction__v1,candidate,reasoning,base,32,projected_js,0.06023716030176729,128
lot_paper_instruction__v1,candidate,reasoning,base,33,mmd_rbf,0.006240440998226404,128
lot_paper_instruction__v1,candidate,reasoning,base,33,projected_js,0.057963496481534094,128
lot_paper_instruction__v1,candidate,reasoning,base,34,mmd_rbf,0.011190831661224365,128
lot_paper_instruction__v1,candidate,reasoning,base,34,projected_js,0.06972680147737265,128
lot_paper_instruction__v1,candidate,reasoning,base,35,mmd_rbf,0.09243170917034149,128
lot_paper_instruction__v1,candidate,reasoning,base,35,projected_js,0.13646211300510913,128
lot_paper_instruction__v1,candidate,reasoning,instr_only,0,mmd_rbf,0.0012164771324023604,128
lot_paper_instruction__v1,candidate,reasoning,instr_only,0,projected_js,0.03467030824685935,128
lot_paper_instruction__v1,candidate,reasoning,instr_only,1,mmd_rbf,0.006188592407852411,128
lot_paper_instruction__v1,candidate,reasoning,instr_only,1,projected_js,0.048708011338021606,128
lot_paper_instruction__v1,candidate,reasoning,instr_only,2,mmd_rbf,0.006508200895041227,128
lot_paper_instruction__v1,candidate,reasoning,instr_only,2,projected_js,0.052629402081947774,128
lot_paper_instruction__v1,candidate,reasoning,instr_only,3,mmd_rbf,0.005620322655886412,128
lot_paper_instruction__v1,candidate,reasoning,instr_only,3,projected_js,0.048950791970128193,128
lot_paper_instruction__v1,candidate,reasoning,instr_only,4,mmd_rbf,0.004632454365491867,128
lot_paper_instruction__v1,candidate,reasoning,instr_only,4,projected_js,0.04989948161528446,128
lot_paper_instruction__v1,candidate,reasoning,instr_only,5,mmd_rbf,0.003859122982248664,128
lot_paper_instruction__v1,candidate,reasoning,instr_only,5,projected_js,0.048055084742372856,128
lot_paper_instruction__v1,candidate,reasoning,instr_only,6,mmd_rbf,0.0030461126007139683,128
lot_paper_instruction__v1,candidate,reasoning,instr_only,6,projected_js,0.050872599706053734,128
lot_paper_instruction__v1,candidate,reasoning,instr_only,7,mmd_rbf,0.003094100160524249,128
lot_paper_instruction__v1,candidate,reasoning,instr_only,7,projected_js,0.05035847655381076,128
lot_paper_instruction__v1,candidate,reasoning,instr_only,8,mmd_rbf,0.0027862207498401403,128
lot_paper_instruction__v1,candidate,reasoning,instr_only,8,projected_js,0.051610107242595404,128
lot_paper_instruction__v1,candidate,reasoning,instr_only,9,mmd_rbf,0.002772475127130747,128
lot_paper_instruction__v1,candidate,reasoning,instr_only,9,projected_js,0.05227435697452165,128
lot_paper_instruction__v1,candidate,reasoning,instr_only,10,mmd_rbf,0.0029586278833448887,128
lot_paper_instruction__v1,candidate,reasoning,instr_only,10,projected_js,0.056586364953545853,128
lot_paper_instruction__v1,candidate,reasoning,instr_only,11,mmd_rbf,0.002831646939739585,128
lot_paper_instruction__v1,candidate,reasoning,instr_only,11,projected_js,0.05229728689300828,128
lot_paper_instruction__v1,candidate,reasoning,instr_only,12,mmd_rbf,0.003050795989111066,128
lot_paper_instruction__v1,candidate,reasoning,instr_only,12,projected_js,0.054113291058456525,128
lot_paper_instruction__v1,candidate,reasoning,instr_only,13,mmd_rbf,0.0032287740614265203,128
lot_paper_instruction__v1,candidate,reasoning,instr_only,13,projected_js,0.0543579830264207,128
lot_paper_instruction__v1,candidate,reasoning,instr_only,14,mmd_rbf,0.0034121640492230654,128
lot_paper_instruction__v1,candidate,reasoning,instr_only,14,projected_js,0.05436994245974347,128
lot_paper_instruction__v1,candidate,reasoning,instr_only,15,mmd_rbf,0.003737308783456683,128
lot_paper_instruction__v1,candidate,reasoning,instr_only,15,projected_js,0.054995686397887766,128
lot_paper_instruction__v1,candidate,reasoning,instr_only,16,mmd_rbf,0.0038386844098567963,128
lot_paper_instruction__v1,candidate,reasoning,instr_only,16,projected_js,0.05843787259072997,128
lot_paper_instruction__v1,candidate,reasoning,instr_only,17,mmd_rbf,0.004037484060972929,128
lot_paper_instruction__v1,candidate,reasoning,instr_only,17,projected_js,0.0583827470545657,128
lot_paper_instruction__v1,candidate,reasoning,instr_only,18,mmd_rbf,0.004131441004574299,128
lot_paper_instruction__v1,candidate,reasoning,instr_only,18,projected_js,0.0596970854094252,128
lot_paper_instruction__v1,candidate,reasoning,instr_only,19,mmd_rbf,0.004309925716370344,128
lot_paper_instruction__v1,candidate,reasoning,instr_only,19,projected_js,0.0568821644410491,128
lot_paper_instruction__v1,candidate,reasoning,instr_only,20,mmd_rbf,0.004339286591857672,128
lot_paper_instruction__v1,candidate,reasoning,instr_only,20,projected_js,0.05703719676239416,128
lot_paper_instruction__v1,candidate,reasoning,instr_only,21,mmd_rbf,0.004393978510051966,128
lot_paper_instruction__v1,candidate,reasoning,instr_only,21,projected_js,0.05700533644994721,128
lot_paper_instruction__v1,candidate,reasoning,instr_only,22,mmd_rbf,0.004480412229895592,128
lot_paper_instruction__v1,candidate,reasoning,instr_only,22,projected_js,0.05719048238825053,128
lot_paper_instruction__v1,candidate,reasoning,instr_only,23,mmd_rbf,0.004542694427073002,128
lot_paper_instruction__v1,candidate,reasoning,instr_only,23,projected_js,0.05718013027217239,128
lot_paper_instruction__v1,candidate,reasoning,instr_only,24,mmd_rbf,0.004860314540565014,128
lot_paper_instruction__v1,candidate,reasoning,instr_only,24,projected_js,0.05914338905131444,128
lot_paper_instruction__v1,candidate,reasoning,instr_only,25,mmd_rbf,0.004981209523975849,128
lot_paper_instruction__v1,candidate,reasoning,instr_only,25,projected_js,0.059449542488437146,128
lot_paper_instruction__v1,candidate,reasoning,instr_only,26,mmd_rbf,0.0051764375530183315,128
lot_paper_instruction__v1,candidate,reasoning,instr_only,26,projected_js,0.058868925989372656,128
lot_paper_instruction__v1,candidate,reasoning,instr_only,27,mmd_rbf,0.0053206696175038815,128
lot_paper_instruction__v1,candidate,reasoning,instr_only,27,projected_js,0.06078111188253388,128
lot_paper_instruction__v1,candidate,reasoning,instr_only,28,mmd_rbf,0.005433293525129557,128
lot_paper_instruction__v1,candidate,reasoning,instr_only,28,projected_js,0.057792708539636806,128
lot_paper_instruction__v1,candidate,reasoning,instr_only,29,mmd_rbf,0.005556224379688501,128
lot_paper_instruction__v1,candidate,reasoning,instr_only,29,projected_js,0.06336543773068115,128
lot_paper_instruction__v1,candidate,reasoning,instr_only,30,mmd_rbf,0.005647609476000071,128
lot_paper_instruction__v1,candidate,reasoning,instr_only,30,projected_js,0.05516167130554095,128
lot_paper_instruction__v1,candidate,reasoning,instr_only,31,mmd_rbf,0.005847988650202751,128
lot_paper_instruction__v1,candidate,reasoning,instr_only,31,projected_js,0.056422806141199544,128
lot_paper_instruction__v1,candidate,reasoning,instr_only,32,mmd_rbf,0.00580713851377368,128
lot_paper_instruction__v1,candidate,reasoning,instr_only,32,projected_js,0.057176652655471116,128
lot_paper_instruction__v1,candidate,reasoning,instr_only,33,mmd_rbf,0.005593202076852322,128
lot_paper_instruction__v1,candidate,reasoning,instr_only,33,projected_js,0.05927698264713399,128
lot_paper_instruction__v1,candidate,reasoning,instr_only,34,mmd_rbf,0.005501471925526857,128
lot_paper_instruction__v1,candidate,reasoning,instr_only,34,projected_js,0.060390148748410866,128
lot_paper_instruction__v1,candidate,reasoning,instr_only,35,mmd_rbf,0.005842098034918308,128
lot_paper_instruction__v1,candidate,reasoning,instr_only,35,projected_js,0.05688047723378986,128
lot_paper_instruction__v1,candidate,reasoning,reasoning_only,0,mmd_rbf,0.004048025701195002,128
lot_paper_instruction__v1,candidate,reasoning,reasoning_only,0,projected_js,0.049763694347348064,128
lot_paper_instruction__v1,candidate,reasoning,reasoning_only,1,mmd_rbf,0.010682453401386738,128
lot_paper_instruction__v1,candidate,reasoning,reasoning_only,1,projected_js,0.06159171857871115,128
lot_paper_instruction__v1,candidate,reasoning,reasoning_only,2,mmd_rbf,0.013104850426316261,128
lot_paper_instruction__v1,candidate,reasoning,reasoning_only,2,projected_js,0.0648414776660502,128
lot_paper_instruction__v1,candidate,reasoning,reasoning_only,3,mmd_rbf,0.014200796373188496,128
lot_paper_instruction__v1,candidate,reasoning,reasoning_only,3,projected_js,0.06208170496392995,128
lot_paper_instruction__v1,candidate,reasoning,reasoning_only,4,mmd_rbf,0.01176456082612276,128
lot_paper_instruction__v1,candidate,reasoning,reasoning_only,4,projected_js,0.0628698276123032,128
lot_paper_instruction__v1,candidate,reasoning,reasoning_only,5,mmd_rbf,0.009944753721356392,128
lot_paper_instruction__v1,candidate,reasoning,reasoning_only,5,projected_js,0.06075357861118391,128
lot_paper_instruction__v1,candidate,reasoning,reasoning_only,6,mmd_rbf,0.007914320565760136,128
lot_paper_instruction__v1,candidate,reasoning,reasoning_only,6,projected_js,0.059315854334272444,128
lot_paper_instruction__v1,candidate,reasoning,reasoning_only,7,mmd_rbf,0.00828554481267929,128
lot_paper_instruction__v1,candidate,reasoning,reasoning_only,7,projected_js,0.06190397130558267,128
lot_paper_instruction__v1,candidate,reasoning,reasoning_only,8,mmd_rbf,0.007578528020530939,128
lot_paper_instruction__v1,candidate,reasoning,reasoning_only,8,projected_js,0.06043410280835815,128
lot_paper_instruction__v1,candidate,reasoning,reasoning_only,9,mmd_rbf,0.007999966852366924,128
lot_paper_instruction__v1,candidate,reasoning,reasoning_only,9,projected_js,0.06216287086135708,128
lot_paper_instruction__v1,candidate,reasoning,reasoning_only,10,mmd_rbf,0.008814995177090168,128
lot_paper_instruction__v1,candidate,reasoning,reasoning_only,10,projected_js,0.0649774705816526,128
lot_paper_instruction__v1,candidate,reasoning,reasoning_only,11,mmd_rbf,0.008348747156560421,128
lot_paper_instruction__v1,candidate,reasoning,reasoning_only,11,projected_js,0.05850660413852893,128
lot_paper_instruction__v1,candidate,reasoning,reasoning_only,12,mmd_rbf,0.008531007915735245,128
lot_paper_instruction__v1,candidate,reasoning,reasoning_only,12,projected_js,0.06323157995939255,128
lot_paper_instruction__v1,candidate,reasoning,reasoning_only,13,mmd_rbf,0.00908991601318121,128
lot_paper_instruction__v1,candidate,reasoning,reasoning_only,13,projected_js,0.06591160868993029,128
lot_paper_instruction__v1,candidate,reasoning,reasoning_only,14,mmd_rbf,0.00920610036700964,128
lot_paper_instruction__v1,candidate,reasoning,reasoning_only,14,projected_js,0.061812655185349286,128
lot_paper_instruction__v1,candidate,reasoning,reasoning_only,15,mmd_rbf,0.01037400122731924,128
lot_paper_instruction__v1,candidate,reasoning,reasoning_only,15,projected_js,0.06671413872390985,128
lot_paper_instruction__v1,candidate,reasoning,reasoning_only,16,mmd_rbf,0.010621311143040657,128
lot_paper_instruction__v1,candidate,reasoning,reasoning_only,16,projected_js,0.06422034982824698,128
lot_paper_instruction__v1,candidate,reasoning,reasoning_only,17,mmd_rbf,0.01036685612052679,128
lot_paper_instruction__v1,candidate,reasoning,reasoning_only,17,projected_js,0.06316465738927945,128
lot_paper_instruction__v1,candidate,reasoning,reasoning_only,18,mmd_rbf,0.011538336984813213,128
lot_paper_instruction__v1,candidate,reasoning,reasoning_only,18,projected_js,0.06688867424963973,128
lot_paper_instruction__v1,candidate,reasoning,reasoning_only,19,mmd_rbf,0.011173516511917114,128
lot_paper_instruction__v1,candidate,reasoning,reasoning_only,19,projected_js,0.06660095232655294,128
lot_paper_instruction__v1,candidate,reasoning,reasoning_only,20,mmd_rbf,0.010748356580734253,128
lot_paper_instruction__v1,candidate,reasoning,reasoning_only,20,projected_js,0.06851408645161428,128
lot_paper_instruction__v1,candidate,reasoning,reasoning_only,21,mmd_rbf,0.010988346301019192,128
lot_paper_instruction__v1,candidate,reasoning,reasoning_only,21,projected_js,0.06707284017466009,128
lot_paper_instruction__v1,candidate,reasoning,reasoning_only,22,mmd_rbf,0.010196655988693237,128
lot_paper_instruction__v1,candidate,reasoning,reasoning_only,22,projected_js,0.06518309412058443,128
lot_paper_instruction__v1,candidate,reasoning,reasoning_only,23,mmd_rbf,0.008774022571742535,128
lot_paper_instruction__v1,candidate,reasoning,reasoning_only,23,projected_js,0.06157499033724889,128
lot_paper_instruction__v1,candidate,reasoning,reasoning_only,24,mmd_rbf,0.00864530261605978,128
lot_paper_instruction__v1,candidate,reasoning,reasoning_only,24,projected_js,0.06355079472996294,128
lot_paper_instruction__v1,candidate,reasoning,reasoning_only,25,mmd_rbf,0.007872833870351315,128
lot_paper_instruction__v1,candidate,reasoning,reasoning_only,25,projected_js,0.06323969509685412,128
lot_paper_instruction__v1,candidate,reasoning,reasoning_only,26,mmd_rbf,0.007530638482421637,128
lot_paper_instruction__v1,candidate,reasoning,reasoning_only,26,projected_js,0.06514974107267335,128
lot_paper_instruction__v1,candidate,reasoning,reasoning_only,27,mmd_rbf,0.007441000547260046,128
lot_paper_instruction__v1,candidate,reasoning,reasoning_only,27,projected_js,0.06294606917072088,128
lot_paper_instruction__v1,candidate,reasoning,reasoning_only,28,mmd_rbf,0.007479414343833923,128
lot_paper_instruction__v1,candidate,reasoning,reasoning_only,28,projected_js,0.06183655792847276,128
lot_paper_instruction__v1,candidate,reasoning,reasoning_only,29,mmd_rbf,0.007361444178968668,128
lot_paper_instruction__v1,candidate,reasoning,reasoning_only,29,projected_js,0.06340750912204385,128
lot_paper_instruction__v1,candidate,reasoning,reasoning_only,30,mmd_rbf,0.007442896720021963,128
lot_paper_instruction__v1,candidate,reasoning,reasoning_only,30,projected_js,0.06261965382145718,128
lot_paper_instruction__v1,candidate,reasoning,reasoning_only,31,mmd_rbf,0.007535735610872507,128
lot_paper_instruction__v1,candidate,reasoning,reasoning_only,31,projected_js,0.06291415041778237,128
lot_paper_instruction__v1,candidate,reasoning,reasoning_only,32,mmd_rbf,0.007735458202660084,128
lot_paper_instruction__v1,candidate,reasoning,reasoning_only,32,projected_js,0.06122906657401472,128
lot_paper_instruction__v1,candidate,reasoning,reasoning_only,33,mmd_rbf,0.008358883671462536,128
lot_paper_instruction__v1,candidate,reasoning,reasoning_only,33,projected_js,0.06197078479453921,128
lot_paper_instruction__v1,candidate,reasoning,reasoning_only,34,mmd_rbf,0.010797140188515186,128
lot_paper_instruction__v1,candidate,reasoning,reasoning_only,34,projected_js,0.06270004261750728,128
lot_paper_instruction__v1,candidate,reasoning,reasoning_only,35,mmd_rbf,0.07729355245828629,128
lot_paper_instruction__v1,candidate,reasoning,reasoning_only,35,projected_js,0.12517613649833947,128
lot_paper_instruction__v1,candidate,reasoning,uncensored_only,0,mmd_rbf,0.0027655125595629215,128
lot_paper_instruction__v1,candidate,reasoning,uncensored_only,0,projected_js,0.041326883976580575,128
lot_paper_instruction__v1,candidate,reasoning,uncensored_only,1,mmd_rbf,0.06459175795316696,128
lot_paper_instruction__v1,candidate,reasoning,uncensored_only,1,projected_js,0.10245500769815408,128
lot_paper_instruction__v1,candidate,reasoning,uncensored_only,2,mmd_rbf,0.063755564391613,128
lot_paper_instruction__v1,candidate,reasoning,uncensored_only,2,projected_js,0.10018450563075021,128
lot_paper_instruction__v1,candidate,reasoning,uncensored_only,3,mmd_rbf,0.04978017881512642,128
lot_paper_instruction__v1,candidate,reasoning,uncensored_only,3,projected_js,0.08756816023378633,128
lot_paper_instruction__v1,candidate,reasoning,uncensored_only,4,mmd_rbf,0.03541993722319603,128
lot_paper_instruction__v1,candidate,reasoning,uncensored_only,4,projected_js,0.08844350720755756,128
lot_paper_instruction__v1,candidate,reasoning,uncensored_only,5,mmd_rbf,0.02534222975373268,128
lot_paper_instruction__v1,candidate,reasoning,uncensored_only,5,projected_js,0.0831694210646674,128
lot_paper_instruction__v1,candidate,reasoning,uncensored_only,6,mmd_rbf,0.016013128682971,128
lot_paper_instruction__v1,candidate,reasoning,uncensored_only,6,projected_js,0.07220205862540752,128
lot_paper_instruction__v1,candidate,reasoning,uncensored_only,7,mmd_rbf,0.014280569739639759,128
lot_paper_instruction__v1,candidate,reasoning,uncensored_only,7,projected_js,0.06908078864216805,128
lot_paper_instruction__v1,candidate,reasoning,uncensored_only,8,mmd_rbf,0.011130225844681263,128
lot_paper_instruction__v1,candidate,reasoning,uncensored_only,8,projected_js,0.06397903355536982,128
lot_paper_instruction__v1,candidate,reasoning,uncensored_only,9,mmd_rbf,0.009599409066140652,128
lot_paper_instruction__v1,candidate,reasoning,uncensored_only,9,projected_js,0.0637650711578317,128
lot_paper_instruction__v1,candidate,reasoning,uncensored_only,10,mmd_rbf,0.008678378537297249,128
lot_paper_instruction__v1,candidate,reasoning,uncensored_only,10,projected_js,0.05966647499008104,128
lot_paper_instruction__v1,candidate,reasoning,uncensored_only,11,mmd_rbf,0.007630788721144199,128
lot_paper_instruction__v1,candidate,reasoning,uncensored_only,11,projected_js,0.06564151181373745,128
lot_paper_instruction__v1,candidate,reasoning,uncensored_only,12,mmd_rbf,0.007472915109246969,128
lot_paper_instruction__v1,candidate,reasoning,uncensored_only,12,projected_js,0.05856974585913122,128
lot_paper_instruction__v1,candidate,reasoning,uncensored_only,13,mmd_rbf,0.007570839021354914,128
lot_paper_instruction__v1,candidate,reasoning,uncensored_only,13,projected_js,0.062407214485574514,128
lot_paper_instruction__v1,candidate,reasoning,uncensored_only,14,mmd_rbf,0.007701606955379248,128
lot_paper_instruction__v1,candidate,reasoning,uncensored_only,14,projected_js,0.05971868976484984,128
lot_paper_instruction__v1,candidate,reasoning,uncensored_only,15,mmd_rbf,0.008853691630065441,128
lot_paper_instruction__v1,candidate,reasoning,uncensored_only,15,projected_js,0.06405494688078761,128
lot_paper_instruction__v1,candidate,reasoning,uncensored_only,16,mmd_rbf,0.009864945895969868,128
lot_paper_instruction__v1,candidate,reasoning,uncensored_only,16,projected_js,0.06014595227316022,128
lot_paper_instruction__v1,candidate,reasoning,uncensored_only,17,mmd_rbf,0.009671970270574093,128
lot_paper_instruction__v1,candidate,reasoning,uncensored_only,17,projected_js,0.061563449969980866,128
lot_paper_instruction__v1,candidate,reasoning,uncensored_only,18,mmd_rbf,0.009731795638799667,128
lot_paper_instruction__v1,candidate,reasoning,uncensored_only,18,projected_js,0.06216237513581291,128
lot_paper_instruction__v1,candidate,reasoning,uncensored_only,19,mmd_rbf,0.009012592025101185,128
lot_paper_instruction__v1,candidate,reasoning,uncensored_only,19,projected_js,0.06282680734875612,128
lot_paper_instruction__v1,candidate,reasoning,uncensored_only,20,mmd_rbf,0.00912835169583559,128
lot_paper_instruction__v1,candidate,reasoning,uncensored_only,20,projected_js,0.0657849308627192,128
lot_paper_instruction__v1,candidate,reasoning,uncensored_only,21,mmd_rbf,0.009576822631061077,128
lot_paper_instruction__v1,candidate,reasoning,uncensored_only,21,projected_js,0.06573549524182454,128
lot_paper_instruction__v1,candidate,reasoning,uncensored_only,22,mmd_rbf,0.009478751569986343,128
lot_paper_instruction__v1,candidate,reasoning,uncensored_only,22,projected_js,0.06498157285386696,128
lot_paper_instruction__v1,candidate,reasoning,uncensored_only,23,mmd_rbf,0.009334865026175976,128
lot_paper_instruction__v1,candidate,reasoning,uncensored_only,23,projected_js,0.06151932163629681,128
lot_paper_instruction__v1,candidate,reasoning,uncensored_only,24,mmd_rbf,0.009627091698348522,128
lot_paper_instruction__v1,candidate,reasoning,uncensored_only,24,projected_js,0.06462689588079229,128
lot_paper_instruction__v1,candidate,reasoning,uncensored_only,25,mmd_rbf,0.010059410706162453,128
lot_paper_instruction__v1,candidate,reasoning,uncensored_only,25,projected_js,0.06635152059607208,128
lot_paper_instruction__v1,candidate,reasoning,uncensored_only,26,mmd_rbf,0.010318013839423656,128
lot_paper_instruction__v1,candidate,reasoning,uncensored_only,26,projected_js,0.0646053493837826,128
lot_paper_instruction__v1,candidate,reasoning,uncensored_only,27,mmd_rbf,0.010551817715168,128
lot_paper_instruction__v1,candidate,reasoning,uncensored_only,27,projected_js,0.06814222747925669,128
lot_paper_instruction__v1,candidate,reasoning,uncensored_only,28,mmd_rbf,0.010453857481479645,128
lot_paper_instruction__v1,candidate,reasoning,uncensored_only,28,projected_js,0.06373707266175188,128
lot_paper_instruction__v1,candidate,reasoning,uncensored_only,29,mmd_rbf,0.010982866398990154,128
lot_paper_instruction__v1,candidate,reasoning,uncensored_only,29,projected_js,0.06323077355045825,128
lot_paper_instruction__v1,candidate,reasoning,uncensored_only,30,mmd_rbf,0.01136796921491623,128
lot_paper_instruction__v1,candidate,reasoning,uncensored_only,30,projected_js,0.06340848206309602,128
lot_paper_instruction__v1,candidate,reasoning,uncensored_only,31,mmd_rbf,0.011369282379746437,128
lot_paper_instruction__v1,candidate,reasoning,uncensored_only,31,projected_js,0.06779423344414681,128
lot_paper_instruction__v1,candidate,reasoning,uncensored_only,32,mmd_rbf,0.011140206828713417,128
lot_paper_instruction__v1,candidate,reasoning,uncensored_only,32,projected_js,0.06402645964408293,128
lot_paper_instruction__v1,candidate,reasoning,uncensored_only,33,mmd_rbf,0.010967846028506756,128
lot_paper_instruction__v1,candidate,reasoning,uncensored_only,33,projected_js,0.06328019400825724,128
lot_paper_instruction__v1,candidate,reasoning,uncensored_only,34,mmd_rbf,0.010625923052430153,128
lot_paper_instruction__v1,candidate,reasoning,uncensored_only,34,projected_js,0.06216304749250412,128
lot_paper_instruction__v1,candidate,reasoning,uncensored_only,35,mmd_rbf,0.009289278648793697,128
lot_paper_instruction__v1,candidate,reasoning,uncensored_only,35,projected_js,0.06442449928727001,128
lot_paper_instruction__v1,candidate,uncensored_refusal_like,base,0,mmd_rbf,0.012586629949510098,128
lot_paper_instruction__v1,candidate,uncensored_refusal_like,base,0,projected_js,0.06073846819344908,128
lot_paper_instruction__v1,candidate,uncensored_refusal_like,base,1,mmd_rbf,0.021781492978334427,128
lot_paper_instruction__v1,candidate,uncensored_refusal_like,base,1,projected_js,0.07213764401967637,128
lot_paper_instruction__v1,candidate,uncensored_refusal_like,base,2,mmd_rbf,0.02580399625003338,128
lot_paper_instruction__v1,candidate,uncensored_refusal_like,base,2,projected_js,0.07846655085450038,128
lot_paper_instruction__v1,candidate,uncensored_refusal_like,base,3,mmd_rbf,0.037534769624471664,128
lot_paper_instruction__v1,candidate,uncensored_refusal_like,base,3,projected_js,0.09345559077337384,128
lot_paper_instruction__v1,candidate,uncensored_refusal_like,base,4,mmd_rbf,0.03561219573020935,128
lot_paper_instruction__v1,candidate,uncensored_refusal_like,base,4,projected_js,0.09144182049203664,128
lot_paper_instruction__v1,candidate,uncensored_refusal_like,base,5,mmd_rbf,0.03828856348991394,128
lot_paper_instruction__v1,candidate,uncensored_refusal_like,base,5,projected_js,0.09406204678816721,128
lot_paper_instruction__v1,candidate,uncensored_refusal_like,base,6,mmd_rbf,0.030524734407663345,128
lot_paper_instruction__v1,candidate,uncensored_refusal_like,base,6,projected_js,0.08523969387169927,128
lot_paper_instruction__v1,candidate,uncensored_refusal_like,base,7,mmd_rbf,0.028043169528245926,128
lot_paper_instruction__v1,candidate,uncensored_refusal_like,base,7,projected_js,0.07986357348272577,128
lot_paper_instruction__v1,candidate,uncensored_refusal_like,base,8,mmd_rbf,0.024522243067622185,128
lot_paper_instruction__v1,candidate,uncensored_refusal_like,base,8,projected_js,0.0787914150278084,128
lot_paper_instruction__v1,candidate,uncensored_refusal_like,base,9,mmd_rbf,0.027225477620959282,128
lot_paper_instruction__v1,candidate,uncensored_refusal_like,base,9,projected_js,0.08219490997726098,128
lot_paper_instruction__v1,candidate,uncensored_refusal_like,base,10,mmd_rbf,0.028666777536273003,128
lot_paper_instruction__v1,candidate,uncensored_refusal_like,base,10,projected_js,0.08227760292356834,128
lot_paper_instruction__v1,candidate,uncensored_refusal_like,base,11,mmd_rbf,0.03090880811214447,128
lot_paper_instruction__v1,candidate,uncensored_refusal_like,base,11,projected_js,0.08439924451522529,128
lot_paper_instruction__v1,candidate,uncensored_refusal_like,base,12,mmd_rbf,0.03447582945227623,128
lot_paper_instruction__v1,candidate,uncensored_refusal_like,base,12,projected_js,0.08551693434128538,128
lot_paper_instruction__v1,candidate,uncensored_refusal_like,base,13,mmd_rbf,0.03812853991985321,128
lot_paper_instruction__v1,candidate,uncensored_refusal_like,base,13,projected_js,0.09395491669420153,128
lot_paper_instruction__v1,candidate,uncensored_refusal_like,base,14,mmd_rbf,0.04028618335723877,128
lot_paper_instruction__v1,candidate,uncensored_refusal_like,base,14,projected_js,0.090151434938889,128
lot_paper_instruction__v1,candidate,uncensored_refusal_like,base,15,mmd_rbf,0.04301031306385994,128
lot_paper_instruction__v1,candidate,uncensored_refusal_like,base,15,projected_js,0.08861198800150305,128
lot_paper_instruction__v1,candidate,uncensored_refusal_like,base,16,mmd_rbf,0.04373679310083389,128
lot_paper_instruction__v1,candidate,uncensored_refusal_like,base,16,projected_js,0.08631399134173989,128
lot_paper_instruction__v1,candidate,uncensored_refusal_like,base,17,mmd_rbf,0.043997231870889664,128
lot_paper_instruction__v1,candidate,uncensored_refusal_like,base,17,projected_js,0.08581745903939009,128
lot_paper_instruction__v1,candidate,uncensored_refusal_like,base,18,mmd_rbf,0.0466303713619709,128
lot_paper_instruction__v1,candidate,uncensored_refusal_like,base,18,projected_js,0.09305682859849185,128
lot_paper_instruction__v1,candidate,uncensored_refusal_like,base,19,mmd_rbf,0.047610025852918625,128
lot_paper_instruction__v1,candidate,uncensored_refusal_like,base,19,projected_js,0.08932186121819541,128
lot_paper_instruction__v1,candidate,uncensored_refusal_like,base,20,mmd_rbf,0.05307357385754585,128
lot_paper_instruction__v1,candidate,uncensored_refusal_like,base,20,projected_js,0.09332958684535697,128
lot_paper_instruction__v1,candidate,uncensored_refusal_like,base,21,mmd_rbf,0.056817542761564255,128
lot_paper_instruction__v1,candidate,uncensored_refusal_like,base,21,projected_js,0.09247208968736231,128
lot_paper_instruction__v1,candidate,uncensored_refusal_like,base,22,mmd_rbf,0.05887819454073906,128
lot_paper_instruction__v1,candidate,uncensored_refusal_like,base,22,projected_js,0.1000951339956373,128
lot_paper_instruction__v1,candidate,uncensored_refusal_like,base,23,mmd_rbf,0.057278748601675034,128
lot_paper_instruction__v1,candidate,uncensored_refusal_like,base,23,projected_js,0.09671324852388352,128
lot_paper_instruction__v1,candidate,uncensored_refusal_like,base,24,mmd_rbf,0.056471168994903564,128
lot_paper_instruction__v1,candidate,uncensored_refusal_like,base,24,projected_js,0.10409106250153854,128
lot_paper_instruction__v1,candidate,uncensored_refusal_like,base,25,mmd_rbf,0.054923783987760544,128
lot_paper_instruction__v1,candidate,uncensored_refusal_like,base,25,projected_js,0.09668965672608465,128
lot_paper_instruction__v1,candidate,uncensored_refusal_like,base,26,mmd_rbf,0.05483321473002434,128
lot_paper_instruction__v1,candidate,uncensored_refusal_like,base,26,projected_js,0.09950866701547056,128
lot_paper_instruction__v1,candidate,uncensored_refusal_like,base,27,mmd_rbf,0.05595188960433006,128
lot_paper_instruction__v1,candidate,uncensored_refusal_like,base,27,projected_js,0.10559098952217028,128
lot_paper_instruction__v1,candidate,uncensored_refusal_like,base,28,mmd_rbf,0.05527077987790108,128
lot_paper_instruction__v1,candidate,uncensored_refusal_like,base,28,projected_js,0.10601005685748532,128
lot_paper_instruction__v1,candidate,uncensored_refusal_like,base,29,mmd_rbf,0.05236044153571129,128
lot_paper_instruction__v1,candidate,uncensored_refusal_like,base,29,projected_js,0.10392711497843266,128
lot_paper_instruction__v1,candidate,uncensored_refusal_like,base,30,mmd_rbf,0.05365351587533951,128
lot_paper_instruction__v1,candidate,uncensored_refusal_like,base,30,projected_js,0.10567388957133517,128
lot_paper_instruction__v1,candidate,uncensored_refusal_like,base,31,mmd_rbf,0.053011953830718994,128
lot_paper_instruction__v1,candidate,uncensored_refusal_like,base,31,projected_js,0.1017268049181439,128
lot_paper_instruction__v1,candidate,uncensored_refusal_like,base,32,mmd_rbf,0.05301949009299278,128
lot_paper_instruction__v1,candidate,uncensored_refusal_like,base,32,projected_js,0.09934382204664871,128
lot_paper_instruction__v1,candidate,uncensored_refusal_like,base,33,mmd_rbf,0.050154149532318115,128
lot_paper_instruction__v1,candidate,uncensored_refusal_like,base,33,projected_js,0.09946658287663013,128
lot_paper_instruction__v1,candidate,uncensored_refusal_like,base,34,mmd_rbf,0.0649707242846489,128
lot_paper_instruction__v1,candidate,uncensored_refusal_like,base,34,projected_js,0.11140524316579103,128
lot_paper_instruction__v1,candidate,uncensored_refusal_like,base,35,mmd_rbf,0.15121546387672424,128
lot_paper_instruction__v1,candidate,uncensored_refusal_like,base,35,projected_js,0.1852343279751949,128
lot_paper_instruction__v1,candidate,uncensored_refusal_like,instr_only,0,mmd_rbf,0.006651133298873901,128
lot_paper_instruction__v1,candidate,uncensored_refusal_like,instr_only,0,projected_js,0.05273215856868774,128
lot_paper_instruction__v1,candidate,uncensored_refusal_like,instr_only,1,mmd_rbf,0.01437362190335989,128
lot_paper_instruction__v1,candidate,uncensored_refusal_like,instr_only,1,projected_js,0.06136034819064662,128
lot_paper_instruction__v1,candidate,uncensored_refusal_like,instr_only,2,mmd_rbf,0.016989123076200485,128
lot_paper_instruction__v1,candidate,uncensored_refusal_like,instr_only,2,projected_js,0.07070420024683699,128
lot_paper_instruction__v1,candidate,uncensored_refusal_like,instr_only,3,mmd_rbf,0.017525136470794678,128
lot_paper_instruction__v1,candidate,uncensored_refusal_like,instr_only,3,projected_js,0.07340313633903861,128
lot_paper_instruction__v1,candidate,uncensored_refusal_like,instr_only,4,mmd_rbf,0.01862942799925804,128
lot_paper_instruction__v1,candidate,uncensored_refusal_like,instr_only,4,projected_js,0.07431432418525219,128
lot_paper_instruction__v1,candidate,uncensored_refusal_like,instr_only,5,mmd_rbf,0.020091870799660683,128
lot_paper_instruction__v1,candidate,uncensored_refusal_like,instr_only,5,projected_js,0.07391756027936935,128
lot_paper_instruction__v1,candidate,uncensored_refusal_like,instr_only,6,mmd_rbf,0.01511488575488329,128
lot_paper_instruction__v1,candidate,uncensored_refusal_like,instr_only,6,projected_js,0.06765190037549473,128
lot_paper_instruction__v1,candidate,uncensored_refusal_like,instr_only,7,mmd_rbf,0.012920662760734558,128
lot_paper_instruction__v1,candidate,uncensored_refusal_like,instr_only,7,projected_js,0.06823081552283838,128
lot_paper_instruction__v1,candidate,uncensored_refusal_like,instr_only,8,mmd_rbf,0.010621200315654278,128
lot_paper_instruction__v1,candidate,uncensored_refusal_like,instr_only,8,projected_js,0.06412298549548723,128
lot_paper_instruction__v1,candidate,uncensored_refusal_like,instr_only,9,mmd_rbf,0.010831346735358238,128
lot_paper_instruction__v1,candidate,uncensored_refusal_like,instr_only,9,projected_js,0.07069704693276435,128
lot_paper_instruction__v1,candidate,uncensored_refusal_like,instr_only,10,mmd_rbf,0.011615242809057236,128
lot_paper_instruction__v1,candidate,uncensored_refusal_like,instr_only,10,projected_js,0.07173385930946097,128
lot_paper_instruction__v1,candidate,uncensored_refusal_like,instr_only,11,mmd_rbf,0.011316509917378426,128
lot_paper_instruction__v1,candidate,uncensored_refusal_like,instr_only,11,projected_js,0.06662972702179104,128
lot_paper_instruction__v1,candidate,uncensored_refusal_like,instr_only,12,mmd_rbf,0.012225823476910591,128
lot_paper_instruction__v1,candidate,uncensored_refusal_like,instr_only,12,projected_js,0.06559774040943012,128
lot_paper_instruction__v1,candidate,uncensored_refusal_like,instr_only,13,mmd_rbf,0.012607201002538204,128
lot_paper_instruction__v1,candidate,uncensored_refusal_like,instr_only,13,projected_js,0.06446710819727741,128
lot_paper_instruction__v1,candidate,uncensored_refusal_like,instr_only,14,mmd_rbf,0.012675059027969837,128
lot_paper_instruction__v1,candidate,uncensored_refusal_like,instr_only,14,projected_js,0.06595391518203542,128
lot_paper_instruction__v1,candidate,uncensored_refusal_like,instr_only,15,mmd_rbf,0.012812122702598572,128
lot_paper_instruction__v1,candidate,uncensored_refusal_like,instr_only,15,projected_js,0.06967093696584925,128
lot_paper_instruction__v1,candidate,uncensored_refusal_like,instr_only,16,mmd_rbf,0.013388765044510365,128
lot_paper_instruction__v1,candidate,uncensored_refusal_like,instr_only,16,projected_js,0.0638450300320983,128
lot_paper_instruction__v1,candidate,uncensored_refusal_like,instr_only,17,mmd_rbf,0.014500148594379425,128
lot_paper_instruction__v1,candidate,uncensored_refusal_like,instr_only,17,projected_js,0.06674763979390264,128
lot_paper_instruction__v1,candidate,uncensored_refusal_like,instr_only,18,mmd_rbf,0.016481120139360428,128
lot_paper_instruction__v1,candidate,uncensored_refusal_like,instr_only,18,projected_js,0.07081230485346168,128
lot_paper_instruction__v1,candidate,uncensored_refusal_like,instr_only,19,mmd_rbf,0.016891691833734512,128
lot_paper_instruction__v1,candidate,uncensored_refusal_like,instr_only,19,projected_js,0.0722655184508767,128
lot_paper_instruction__v1,candidate,uncensored_refusal_like,instr_only,20,mmd_rbf,0.017794987186789513,128
lot_paper_instruction__v1,candidate,uncensored_refusal_like,instr_only,20,projected_js,0.07123151054838672,128
lot_paper_instruction__v1,candidate,uncensored_refusal_like,instr_only,21,mmd_rbf,0.020123174414038658,128
lot_paper_instruction__v1,candidate,uncensored_refusal_like,instr_only,21,projected_js,0.07343237148597836,128
lot_paper_instruction__v1,candidate,uncensored_refusal_like,instr_only,22,mmd_rbf,0.020725807175040245,128
lot_paper_instruction__v1,candidate,uncensored_refusal_like,instr_only,22,projected_js,0.07317595055792481,128
lot_paper_instruction__v1,candidate,uncensored_refusal_like,instr_only,23,mmd_rbf,0.020028527826070786,128
lot_paper_instruction__v1,candidate,uncensored_refusal_like,instr_only,23,projected_js,0.07461782416794449,128
lot_paper_instruction__v1,candidate,uncensored_refusal_like,instr_only,24,mmd_rbf,0.021825842559337616,128
lot_paper_instruction__v1,candidate,uncensored_refusal_like,instr_only,24,projected_js,0.07223968009930104,128
lot_paper_instruction__v1,candidate,uncensored_refusal_like,instr_only,25,mmd_rbf,0.024113193154335022,128
lot_paper_instruction__v1,candidate,uncensored_refusal_like,instr_only,25,projected_js,0.08293859800323844,128
lot_paper_instruction__v1,candidate,uncensored_refusal_like,instr_only,26,mmd_rbf,0.026701269671320915,128
lot_paper_instruction__v1,candidate,uncensored_refusal_like,instr_only,26,projected_js,0.08153087389655411,128
lot_paper_instruction__v1,candidate,uncensored_refusal_like,instr_only,27,mmd_rbf,0.02764267660677433,128
lot_paper_instruction__v1,candidate,uncensored_refusal_like,instr_only,27,projected_js,0.08151679759612307,128
lot_paper_instruction__v1,candidate,uncensored_refusal_like,instr_only,28,mmd_rbf,0.028994381427764893,128
lot_paper_instruction__v1,candidate,uncensored_refusal_like,instr_only,28,projected_js,0.08478502288926393,128
lot_paper_instruction__v1,candidate,uncensored_refusal_like,instr_only,29,mmd_rbf,0.028122594580054283,128
lot_paper_instruction__v1,candidate,uncensored_refusal_like,instr_only,29,projected_js,0.08667989121749997,128
lot_paper_instruction__v1,candidate,uncensored_refusal_like,instr_only,30,mmd_rbf,0.029547257348895073,128
lot_paper_instruction__v1,candidate,uncensored_refusal_like,instr_only,30,projected_js,0.08890830897144042,128
lot_paper_instruction__v1,candidate,uncensored_refusal_like,instr_only,31,mmd_rbf,0.029755566269159317,128
lot_paper_instruction__v1,candidate,uncensored_refusal_like,instr_only,31,projected_js,0.09152345824986696,128
lot_paper_instruction__v1,candidate,uncensored_refusal_like,instr_only,32,mmd_rbf,0.030065832659602165,128
lot_paper_instruction__v1,candidate,uncensored_refusal_like,instr_only,32,projected_js,0.08946397266117856,128
lot_paper_instruction__v1,candidate,uncensored_refusal_like,instr_only,33,mmd_rbf,0.029407143592834473,128
lot_paper_instruction__v1,candidate,uncensored_refusal_like,instr_only,33,projected_js,0.09002049826085567,128
lot_paper_instruction__v1,candidate,uncensored_refusal_like,instr_only,34,mmd_rbf,0.03282672166824341,128
lot_paper_instruction__v1,candidate,uncensored_refusal_like,instr_only,34,projected_js,0.09012915048515424,128
lot_paper_instruction__v1,candidate,uncensored_refusal_like,instr_only,35,mmd_rbf,0.08442654460668564,128
lot_paper_instruction__v1,candidate,uncensored_refusal_like,instr_only,35,projected_js,0.13415460515534505,128
lot_paper_instruction__v1,candidate,uncensored_refusal_like,reasoning_only,0,mmd_rbf,0.02036339044570923,128
lot_paper_instruction__v1,candidate,uncensored_refusal_like,reasoning_only,0,projected_js,0.08821217200602405,128
lot_paper_instruction__v1,candidate,uncensored_refusal_like,reasoning_only,1,mmd_rbf,0.028626853600144386,128
lot_paper_instruction__v1,candidate,uncensored_refusal_like,reasoning_only,1,projected_js,0.08279399550519884,128
lot_paper_instruction__v1,candidate,uncensored_refusal_like,reasoning_only,2,mmd_rbf,0.028577512130141258,128
lot_paper_instruction__v1,candidate,uncensored_refusal_like,reasoning_only,2,projected_js,0.07942471269052476,128
lot_paper_instruction__v1,candidate,uncensored_refusal_like,reasoning_only,3,mmd_rbf,0.03252029046416283,128
lot_paper_instruction__v1,candidate,uncensored_refusal_like,reasoning_only,3,projected_js,0.08737566045601852,128
lot_paper_instruction__v1,candidate,uncensored_refusal_like,reasoning_only,4,mmd_rbf,0.0327543169260025,128
lot_paper_instruction__v1,candidate,uncensored_refusal_like,reasoning_only,4,projected_js,0.09512444032588974,128
lot_paper_instruction__v1,candidate,uncensored_refusal_like,reasoning_only,5,mmd_rbf,0.033708639442920685,128
lot_paper_instruction__v1,candidate,uncensored_refusal_like,reasoning_only,5,projected_js,0.09936024408671074,128
lot_paper_instruction__v1,candidate,uncensored_refusal_like,reasoning_only,6,mmd_rbf,0.028265906497836113,128
lot_paper_instruction__v1,candidate,uncensored_refusal_like,reasoning_only,6,projected_js,0.08371876314049587,128
lot_paper_instruction__v1,candidate,uncensored_refusal_like,reasoning_only,7,mmd_rbf,0.025622669607400894,128
lot_paper_instruction__v1,candidate,uncensored_refusal_like,reasoning_only,7,projected_js,0.08827706828014925,128
lot_paper_instruction__v1,candidate,uncensored_refusal_like,reasoning_only,8,mmd_rbf,0.020286595448851585,128
lot_paper_instruction__v1,candidate,uncensored_refusal_like,reasoning_only,8,projected_js,0.08185790828429163,128
lot_paper_instruction__v1,candidate,uncensored_refusal_like,reasoning_only,9,mmd_rbf,0.019650308415293694,128
lot_paper_instruction__v1,candidate,uncensored_refusal_like,reasoning_only,9,projected_js,0.07946835274924524,128
lot_paper_instruction__v1,candidate,uncensored_refusal_like,reasoning_only,10,mmd_rbf,0.0207066610455513,128
lot_paper_instruction__v1,candidate,uncensored_refusal_like,reasoning_only,10,projected_js,0.08512800105381757,128
lot_paper_instruction__v1,candidate,uncensored_refusal_like,reasoning_only,11,mmd_rbf,0.019948918372392654,128
lot_paper_instruction__v1,candidate,uncensored_refusal_like,reasoning_only,11,projected_js,0.07795388455269858,128
lot_paper_instruction__v1,candidate,uncensored_refusal_like,reasoning_only,12,mmd_rbf,0.02178959921002388,128
lot_paper_instruction__v1,candidate,uncensored_refusal_like,reasoning_only,12,projected_js,0.0798129246395547,128
lot_paper_instruction__v1,candidate,uncensored_refusal_like,reasoning_only,13,mmd_rbf,0.02332553081214428,128
lot_paper_instruction__v1,candidate,uncensored_refusal_like,reasoning_only,13,projected_js,0.0820388161810115,128
lot_paper_instruction__v1,candidate,uncensored_refusal_like,reasoning_only,14,mmd_rbf,0.022190898656845093,128
lot_paper_instruction__v1,candidate,uncensored_refusal_like,reasoning_only,14,projected_js,0.07726193216512911,128
lot_paper_instruction__v1,candidate,uncensored_refusal_like,reasoning_only,15,mmd_rbf,0.023196442052721977,128
lot_paper_instruction__v1,candidate,uncensored_refusal_like,reasoning_only,15,projected_js,0.07754056353587657,128
lot_paper_instruction__v1,candidate,uncensored_refusal_like,reasoning_only,16,mmd_rbf,0.02307767979800701,128
lot_paper_instruction__v1,candidate,uncensored_refusal_like,reasoning_only,16,projected_js,0.07920936436858028,128
lot_paper_instruction__v1,candidate,uncensored_refusal_like,reasoning_only,17,mmd_rbf,0.022327609360218048,128
lot_paper_instruction__v1,candidate,uncensored_refusal_like,reasoning_only,17,projected_js,0.07705515139969066,128
lot_paper_instruction__v1,candidate,uncensored_refusal_like,reasoning_only,18,mmd_rbf,0.025627264752984047,128
lot_paper_instruction__v1,candidate,uncensored_refusal_like,reasoning_only,18,projected_js,0.0766888780053705,128
lot_paper_instruction__v1,candidate,uncensored_refusal_like,reasoning_only,19,mmd_rbf,0.0249121505767107,128
lot_paper_instruction__v1,candidate,uncensored_refusal_like,reasoning_only,19,projected_js,0.07647265773266554,128
lot_paper_instruction__v1,candidate,uncensored_refusal_like,reasoning_only,20,mmd_rbf,0.02484150603413582,128
lot_paper_instruction__v1,candidate,uncensored_refusal_like,reasoning_only,20,projected_js,0.07788187527330592,128
lot_paper_instruction__v1,candidate,uncensored_refusal_like,reasoning_only,21,mmd_rbf,0.02577824890613556,128
lot_paper_instruction__v1,candidate,uncensored_refusal_like,reasoning_only,21,projected_js,0.07539132656529546,128
lot_paper_instruction__v1,candidate,uncensored_refusal_like,reasoning_only,22,mmd_rbf,0.025396347045898438,128
lot_paper_instruction__v1,candidate,uncensored_refusal_like,reasoning_only,22,projected_js,0.08483916177647188,128
lot_paper_instruction__v1,candidate,uncensored_refusal_like,reasoning_only,23,mmd_rbf,0.02312265895307064,128
lot_paper_instruction__v1,candidate,uncensored_refusal_like,reasoning_only,23,projected_js,0.0797883490449749,128
lot_paper_instruction__v1,candidate,uncensored_refusal_like,reasoning_only,24,mmd_rbf,0.025550460442900658,128
lot_paper_instruction__v1,candidate,uncensored_refusal_like,reasoning_only,24,projected_js,0.08328313985839486,128
lot_paper_instruction__v1,candidate,uncensored_refusal_like,reasoning_only,25,mmd_rbf,0.024607567116618156,128
lot_paper_instruction__v1,candidate,uncensored_refusal_like,reasoning_only,25,projected_js,0.07828990154666826,128
lot_paper_instruction__v1,candidate,uncensored_refusal_like,reasoning_only,26,mmd_rbf,0.025451576337218285,128
lot_paper_instruction__v1,candidate,uncensored_refusal_like,reasoning_only,26,projected_js,0.07810242753475904,128
lot_paper_instruction__v1,candidate,uncensored_refusal_like,reasoning_only,27,mmd_rbf,0.02624143473803997,128
lot_paper_instruction__v1,candidate,uncensored_refusal_like,reasoning_only,27,projected_js,0.07634534907992929,128
lot_paper_instruction__v1,candidate,uncensored_refusal_like,reasoning_only,28,mmd_rbf,0.026523558422923088,128
lot_paper_instruction__v1,candidate,uncensored_refusal_like,reasoning_only,28,projected_js,0.08227466599782929,128
lot_paper_instruction__v1,candidate,uncensored_refusal_like,reasoning_only,29,mmd_rbf,0.025874359533190727,128
lot_paper_instruction__v1,candidate,uncensored_refusal_like,reasoning_only,29,projected_js,0.08485867612762377,128
lot_paper_instruction__v1,candidate,uncensored_refusal_like,reasoning_only,30,mmd_rbf,0.027033323422074318,128
lot_paper_instruction__v1,candidate,uncensored_refusal_like,reasoning_only,30,projected_js,0.08617070660693571,128
lot_paper_instruction__v1,candidate,uncensored_refusal_like,reasoning_only,31,mmd_rbf,0.026879001408815384,128
lot_paper_instruction__v1,candidate,uncensored_refusal_like,reasoning_only,31,projected_js,0.08284496190026402,128
lot_paper_instruction__v1,candidate,uncensored_refusal_like,reasoning_only,32,mmd_rbf,0.027094170451164246,128
lot_paper_instruction__v1,candidate,uncensored_refusal_like,reasoning_only,32,projected_js,0.08012090378906578,128
lot_paper_instruction__v1,candidate,uncensored_refusal_like,reasoning_only,33,mmd_rbf,0.02662644349038601,128
lot_paper_instruction__v1,candidate,uncensored_refusal_like,reasoning_only,33,projected_js,0.07901055709226057,128
lot_paper_instruction__v1,candidate,uncensored_refusal_like,reasoning_only,34,mmd_rbf,0.030111176893115044,128
lot_paper_instruction__v1,candidate,uncensored_refusal_like,reasoning_only,34,projected_js,0.07459222665056586,128
lot_paper_instruction__v1,candidate,uncensored_refusal_like,reasoning_only,35,mmd_rbf,0.04480169340968132,128
lot_paper_instruction__v1,candidate,uncensored_refusal_like,reasoning_only,35,projected_js,0.09469476609956473,128
lot_paper_instruction__v1,candidate,uncensored_refusal_like,uncensored_only,0,mmd_rbf,0.013151943683624268,128
lot_paper_instruction__v1,candidate,uncensored_refusal_like,uncensored_only,0,projected_js,0.06622506750863977,128
lot_paper_instruction__v1,candidate,uncensored_refusal_like,uncensored_only,1,mmd_rbf,0.21484871208667755,128
lot_paper_instruction__v1,candidate,uncensored_refusal_like,uncensored_only,1,projected_js,0.2388082662364468,128
lot_paper_instruction__v1,candidate,uncensored_refusal_like,uncensored_only,2,mmd_rbf,0.20363031327724457,128
lot_paper_instruction__v1,candidate,uncensored_refusal_like,uncensored_only,2,projected_js,0.2154402975575067,128
lot_paper_instruction__v1,candidate,uncensored_refusal_like,uncensored_only,3,mmd_rbf,0.1681024134159088,128
lot_paper_instruction__v1,candidate,uncensored_refusal_like,uncensored_only,3,projected_js,0.16523119440535083,128
lot_paper_instruction__v1,candidate,uncensored_refusal_like,uncensored_only,4,mmd_rbf,0.1361161321401596,128
lot_paper_instruction__v1,candidate,uncensored_refusal_like,uncensored_only,4,projected_js,0.17075157072395086,128
lot_paper_instruction__v1,candidate,uncensored_refusal_like,uncensored_only,5,mmd_rbf,0.10968754440546036,128
lot_paper_instruction__v1,candidate,uncensored_refusal_like,uncensored_only,5,projected_js,0.1659019908402115,128
lot_paper_instruction__v1,candidate,uncensored_refusal_like,uncensored_only,6,mmd_rbf,0.06888914108276367,128
lot_paper_instruction__v1,candidate,uncensored_refusal_like,uncensored_only,6,projected_js,0.11948170087998733,128
lot_paper_instruction__v1,candidate,uncensored_refusal_like,uncensored_only,7,mmd_rbf,0.0522979311645031,128
lot_paper_instruction__v1,candidate,uncensored_refusal_like,uncensored_only,7,projected_js,0.10759546695044264,128
lot_paper_instruction__v1,candidate,uncensored_refusal_like,uncensored_only,8,mmd_rbf,0.03714963421225548,128
lot_paper_instruction__v1,candidate,uncensored_refusal_like,uncensored_only,8,projected_js,0.08731208258541301,128
lot_paper_instruction__v1,candidate,uncensored_refusal_like,uncensored_only,9,mmd_rbf,0.03237542137503624,128
lot_paper_instruction__v1,candidate,uncensored_refusal_like,uncensored_only,9,projected_js,0.0828368944930844,128
lot_paper_instruction__v1,candidate,uncensored_refusal_like,uncensored_only,10,mmd_rbf,0.027791855856776237,128
lot_paper_instruction__v1,candidate,uncensored_refusal_like,uncensored_only,10,projected_js,0.0767549800220877,128
lot_paper_instruction__v1,candidate,uncensored_refusal_like,uncensored_only,11,mmd_rbf,0.024364477023482323,128
lot_paper_instruction__v1,candidate,uncensored_refusal_like,uncensored_only,11,projected_js,0.07028215896571055,128
lot_paper_instruction__v1,candidate,uncensored_refusal_like,uncensored_only,12,mmd_rbf,0.025247175246477127,128
lot_paper_instruction__v1,candidate,uncensored_refusal_like,uncensored_only,12,projected_js,0.07727420498849824,128
lot_paper_instruction__v1,candidate,uncensored_refusal_like,uncensored_only,13,mmd_rbf,0.027803808450698853,128
lot_paper_instruction__v1,candidate,uncensored_refusal_like,uncensored_only,13,projected_js,0.07688431959832087,128
lot_paper_instruction__v1,candidate,uncensored_refusal_like,uncensored_only,14,mmd_rbf,0.02883497253060341,128
lot_paper_instruction__v1,candidate,uncensored_refusal_like,uncensored_only,14,projected_js,0.07778103259624913,128
lot_paper_instruction__v1,candidate,uncensored_refusal_like,uncensored_only,15,mmd_rbf,0.03475028648972511,128
lot_paper_instruction__v1,candidate,uncensored_refusal_like,uncensored_only,15,projected_js,0.08491866587428376,128
lot_paper_instruction__v1,candidate,uncensored_refusal_like,uncensored_only,16,mmd_rbf,0.03707413002848625,128
lot_paper_instruction__v1,candidate,uncensored_refusal_like,uncensored_only,16,projected_js,0.0792988456087187,128
lot_paper_instruction__v1,candidate,uncensored_refusal_like,uncensored_only,17,mmd_rbf,0.03929317742586136,128
lot_paper_instruction__v1,candidate,uncensored_refusal_like,uncensored_only,17,projected_js,0.0832127652829513,128
lot_paper_instruction__v1,candidate,uncensored_refusal_like,uncensored_only,18,mmd_rbf,0.04279133677482605,128
lot_paper_instruction__v1,candidate,uncensored_refusal_like,uncensored_only,18,projected_js,0.09093498776201159,128
lot_paper_instruction__v1,candidate,uncensored_refusal_like,uncensored_only,19,mmd_rbf,0.03996364772319794,128
lot_paper_instruction__v1,candidate,uncensored_refusal_like,uncensored_only,19,projected_js,0.08570954093011096,128
lot_paper_instruction__v1,candidate,uncensored_refusal_like,uncensored_only,20,mmd_rbf,0.04196466878056526,128
lot_paper_instruction__v1,candidate,uncensored_refusal_like,uncensored_only,20,projected_js,0.08524958905763924,128
lot_paper_instruction__v1,candidate,uncensored_refusal_like,uncensored_only,21,mmd_rbf,0.04585656151175499,128
lot_paper_instruction__v1,candidate,uncensored_refusal_like,uncensored_only,21,projected_js,0.0925738142686896,128
lot_paper_instruction__v1,candidate,uncensored_refusal_like,uncensored_only,22,mmd_rbf,0.04685438796877861,128
lot_paper_instruction__v1,candidate,uncensored_refusal_like,uncensored_only,22,projected_js,0.09514216496609151,128
lot_paper_instruction__v1,candidate,uncensored_refusal_like,uncensored_only,23,mmd_rbf,0.04581339284777641,128
lot_paper_instruction__v1,candidate,uncensored_refusal_like,uncensored_only,23,projected_js,0.09703980479389429,128
lot_paper_instruction__v1,candidate,uncensored_refusal_like,uncensored_only,24,mmd_rbf,0.051491010934114456,128
lot_paper_instruction__v1,candidate,uncensored_refusal_like,uncensored_only,24,projected_js,0.10207258915761486,128
lot_paper_instruction__v1,candidate,uncensored_refusal_like,uncensored_only,25,mmd_rbf,0.05643146112561226,128
lot_paper_instruction__v1,candidate,uncensored_refusal_like,uncensored_only,25,projected_js,0.10396923287771642,128
lot_paper_instruction__v1,candidate,uncensored_refusal_like,uncensored_only,26,mmd_rbf,0.05886852741241455,128
lot_paper_instruction__v1,candidate,uncensored_refusal_like,uncensored_only,26,projected_js,0.09959995152894408,128
lot_paper_instruction__v1,candidate,uncensored_refusal_like,uncensored_only,27,mmd_rbf,0.061435092240571976,128
lot_paper_instruction__v1,candidate,uncensored_refusal_like,uncensored_only,27,projected_js,0.10497353604296222,128
lot_paper_instruction__v1,candidate,uncensored_refusal_like,uncensored_only,28,mmd_rbf,0.061293065547943115,128
lot_paper_instruction__v1,candidate,uncensored_refusal_like,uncensored_only,28,projected_js,0.11274507560301572,128
lot_paper_instruction__v1,candidate,uncensored_refusal_like,uncensored_only,29,mmd_rbf,0.05876870080828667,128
lot_paper_instruction__v1,candidate,uncensored_refusal_like,uncensored_only,29,projected_js,0.11096084822202101,128
lot_paper_instruction__v1,candidate,uncensored_refusal_like,uncensored_only,30,mmd_rbf,0.06343881785869598,128
lot_paper_instruction__v1,candidate,uncensored_refusal_like,uncensored_only,30,projected_js,0.1136438730172813,128
lot_paper_instruction__v1,candidate,uncensored_refusal_like,uncensored_only,31,mmd_rbf,0.06247246265411377,128
lot_paper_instruction__v1,candidate,uncensored_refusal_like,uncensored_only,31,projected_js,0.10851872357307002,128
lot_paper_instruction__v1,candidate,uncensored_refusal_like,uncensored_only,32,mmd_rbf,0.06174056604504585,128
lot_paper_instruction__v1,candidate,uncensored_refusal_like,uncensored_only,32,projected_js,0.1079764679307118,128
lot_paper_instruction__v1,candidate,uncensored_refusal_like,uncensored_only,33,mmd_rbf,0.06035752221941948,128
lot_paper_instruction__v1,candidate,uncensored_refusal_like,uncensored_only,33,projected_js,0.10722636099671945,128
lot_paper_instruction__v1,candidate,uncensored_refusal_like,uncensored_only,34,mmd_rbf,0.0630984678864479,128
lot_paper_instruction__v1,candidate,uncensored_refusal_like,uncensored_only,34,projected_js,0.11137390590738505,128
lot_paper_instruction__v1,candidate,uncensored_refusal_like,uncensored_only,35,mmd_rbf,0.0987856313586235,128
lot_paper_instruction__v1,candidate,uncensored_refusal_like,uncensored_only,35,projected_js,0.1304914511856623,128
