model_id,model_kind,calib_subset,target_id,layer,metric,value,n_prompts
lot_paper_general,candidate,general,base,0,mmd_rbf,0.007660984992980957,128
lot_paper_general,candidate,general,base,0,projected_js,0.047409749327925965,128
lot_paper_general,candidate,general,base,1,mmd_rbf,0.018501807004213333,128
lot_paper_general,candidate,general,base,1,projected_js,0.05880126837291755,128
lot_paper_general,candidate,general,base,2,mmd_rbf,0.01580367051064968,128
lot_paper_general,candidate,general,base,2,projected_js,0.061116626267903484,128
lot_paper_general,candidate,general,base,3,mmd_rbf,0.017232609912753105,128
lot_paper_general,candidate,general,base,3,projected_js,0.06691131577827036,128
lot_paper_general,candidate,general,base,4,mmd_rbf,0.016051605343818665,128
lot_paper_general,candidate,general,base,4,projected_js,0.06385872140526772,128
lot_paper_general,candidate,general,base,5,mmd_rbf,0.014747983776032925,128
lot_paper_general,candidate,general,base,5,projected_js,0.06462536822073162,128
lot_paper_general,candidate,general,base,6,mmd_rbf,0.010945992544293404,128
lot_paper_general,candidate,general,base,6,projected_js,0.05882317092618905,128
lot_paper_general,candidate,general,base,7,mmd_rbf,0.012613638304173946,128
lot_paper_general,candidate,general,base,7,projected_js,0.06031051903846674,128
lot_paper_general,candidate,general,base,8,mmd_rbf,0.013656637631356716,128
lot_paper_general,candidate,general,base,8,projected_js,0.06279232673114166,128
lot_paper_general,candidate,general,base,9,mmd_rbf,0.016461703926324844,128
lot_paper_general,candidate,general,base,9,projected_js,0.06594572775065899,128
lot_paper_general,candidate,general,base,10,mmd_rbf,0.017773402854800224,128
lot_paper_general,candidate,general,base,10,projected_js,0.0680345589062199,128
lot_paper_general,candidate,general,base,11,mmd_rbf,0.015997180715203285,128
lot_paper_general,candidate,general,base,11,projected_js,0.06802794587565586,128
lot_paper_general,candidate,general,base,12,mmd_rbf,0.014294609427452087,128
lot_paper_general,candidate,general,base,12,projected_js,0.06847588485106826,128
lot_paper_general,candidate,general,base,13,mmd_rbf,0.015073629096150398,128
lot_paper_general,candidate,general,base,13,projected_js,0.06727903964929283,128
lot_paper_general,candidate,general,base,14,mmd_rbf,0.013997918926179409,128
lot_paper_general,candidate,general,base,14,projected_js,0.0670903270074632,128
lot_paper_general,candidate,general,base,15,mmd_rbf,0.01366829127073288,128
lot_paper_general,candidate,general,base,15,projected_js,0.07072637416422367,128
lot_paper_general,candidate,general,base,16,mmd_rbf,0.01519879698753357,128
lot_paper_general,candidate,general,base,16,projected_js,0.06754155841190368,128
lot_paper_general,candidate,general,base,17,mmd_rbf,0.014861366711556911,128
lot_paper_general,candidate,general,base,17,projected_js,0.0678532023448497,128
lot_paper_general,candidate,general,base,18,mmd_rbf,0.01538823265582323,128
lot_paper_general,candidate,general,base,18,projected_js,0.06971495499601588,128
lot_paper_general,candidate,general,base,19,mmd_rbf,0.015554565005004406,128
lot_paper_general,candidate,general,base,19,projected_js,0.06799101605429314,128
lot_paper_general,candidate,general,base,20,mmd_rbf,0.015337328426539898,128
lot_paper_general,candidate,general,base,20,projected_js,0.06831961253192276,128
lot_paper_general,candidate,general,base,21,mmd_rbf,0.016179680824279785,128
lot_paper_general,candidate,general,base,21,projected_js,0.07179748639464378,128
lot_paper_general,candidate,general,base,22,mmd_rbf,0.015897024422883987,128
lot_paper_general,candidate,general,base,22,projected_js,0.07128401129739359,128
lot_paper_general,candidate,general,base,23,mmd_rbf,0.014329795725643635,128
lot_paper_general,candidate,general,base,23,projected_js,0.06701918196631595,128
lot_paper_general,candidate,general,base,24,mmd_rbf,0.01419619657099247,128
lot_paper_general,candidate,general,base,24,projected_js,0.06557522190269083,128
lot_paper_general,candidate,general,base,25,mmd_rbf,0.013985169120132923,128
lot_paper_general,candidate,general,base,25,projected_js,0.06653915491187945,128
lot_paper_general,candidate,general,base,26,mmd_rbf,0.014760545454919338,128
lot_paper_general,candidate,general,base,26,projected_js,0.06445701484335586,128
lot_paper_general,candidate,general,base,27,mmd_rbf,0.014952312223613262,128
lot_paper_general,candidate,general,base,27,projected_js,0.07084222964476794,128
lot_paper_general,candidate,general,base,28,mmd_rbf,0.01471444871276617,128
lot_paper_general,candidate,general,base,28,projected_js,0.0664311358705163,128
lot_paper_general,candidate,general,base,29,mmd_rbf,0.01474006474018097,128
lot_paper_general,candidate,general,base,29,projected_js,0.0690507541585248,128
lot_paper_general,candidate,general,base,30,mmd_rbf,0.01565777324140072,128
lot_paper_general,candidate,general,base,30,projected_js,0.06634460360510275,128
lot_paper_general,candidate,general,base,31,mmd_rbf,0.01586768589913845,128
lot_paper_general,candidate,general,base,31,projected_js,0.06686354574048892,128
lot_paper_general,candidate,general,base,32,mmd_rbf,0.017655810341238976,128
lot_paper_general,candidate,general,base,32,projected_js,0.06903333886293694,128
lot_paper_general,candidate,general,base,33,mmd_rbf,0.02008197270333767,128
lot_paper_general,candidate,general,base,33,projected_js,0.06678998534334823,128
lot_paper_general,candidate,general,base,34,mmd_rbf,0.029772937297821045,128
lot_paper_general,candidate,general,base,34,projected_js,0.07888810435542837,128
lot_paper_general,candidate,general,base,35,mmd_rbf,0.1280166357755661,128
lot_paper_general,candidate,general,base,35,projected_js,0.15198643563780934,128
lot_paper_general,candidate,general,instr_only,0,mmd_rbf,0.0030494332313537598,128
lot_paper_general,candidate,general,instr_only,0,projected_js,0.03029207151848823,128
lot_paper_general,candidate,general,instr_only,1,mmd_rbf,0.01230574306100607,128
lot_paper_general,candidate,general,instr_only,1,projected_js,0.05051345078391023,128
lot_paper_general,candidate,general,instr_only,2,mmd_rbf,0.00991577934473753,128
lot_paper_general,candidate,general,instr_only,2,projected_js,0.05233907635556534,128
lot_paper_general,candidate,general,instr_only,3,mmd_rbf,0.00947947334498167,128
lot_paper_general,candidate,general,instr_only,3,projected_js,0.05414116269093938,128
lot_paper_general,candidate,general,instr_only,4,mmd_rbf,0.009477426297962666,128
lot_paper_general,candidate,general,instr_only,4,projected_js,0.05154357469291426,128
lot_paper_general,candidate,general,instr_only,5,mmd_rbf,0.008685761131346226,128
lot_paper_general,candidate,general,instr_only,5,projected_js,0.050714567449176684,128
lot_paper_general,candidate,general,instr_only,6,mmd_rbf,0.005884244572371244,128
lot_paper_general,candidate,general,instr_only,6,projected_js,0.047975056077120826,128
lot_paper_general,candidate,general,instr_only,7,mmd_rbf,0.008118505589663982,128
lot_paper_general,candidate,general,instr_only,7,projected_js,0.054100039415061474,128
lot_paper_general,candidate,general,instr_only,8,mmd_rbf,0.010326950810849667,128
lot_paper_general,candidate,general,instr_only,8,projected_js,0.06003946502460167,128
lot_paper_general,candidate,general,instr_only,9,mmd_rbf,0.012664626352488995,128
lot_paper_general,candidate,general,instr_only,9,projected_js,0.06260361464228481,128
lot_paper_general,candidate,general,instr_only,10,mmd_rbf,0.014207005500793457,128
lot_paper_general,candidate,general,instr_only,10,projected_js,0.06762198489741422,128
lot_paper_general,candidate,general,instr_only,11,mmd_rbf,0.013960194773972034,128
lot_paper_general,candidate,general,instr_only,11,projected_js,0.06611412845086306,128
lot_paper_general,candidate,general,instr_only,12,mmd_rbf,0.012598291039466858,128
lot_paper_general,candidate,general,instr_only,12,projected_js,0.06530564901186153,128
lot_paper_general,candidate,general,instr_only,13,mmd_rbf,0.01398982759565115,128
lot_paper_general,candidate,general,instr_only,13,projected_js,0.06785186310298741,128
lot_paper_general,candidate,general,instr_only,14,mmd_rbf,0.012413340620696545,128
lot_paper_general,candidate,general,instr_only,14,projected_js,0.06673090608092025,128
lot_paper_general,candidate,general,instr_only,15,mmd_rbf,0.011830795556306839,128
lot_paper_general,candidate,general,instr_only,15,projected_js,0.06582058913772926,128
lot_paper_general,candidate,general,instr_only,16,mmd_rbf,0.012138067744672298,128
lot_paper_general,candidate,general,instr_only,16,projected_js,0.0683008439373225,128
lot_paper_general,candidate,general,instr_only,17,mmd_rbf,0.011591115966439247,128
lot_paper_general,candidate,general,instr_only,17,projected_js,0.06889703881461173,128
lot_paper_general,candidate,general,instr_only,18,mmd_rbf,0.011782809160649776,128
lot_paper_general,candidate,general,instr_only,18,projected_js,0.06823392194928601,128
lot_paper_general,candidate,general,instr_only,19,mmd_rbf,0.011427943594753742,128
lot_paper_general,candidate,general,instr_only,19,projected_js,0.06734164204681292,128
lot_paper_general,candidate,general,instr_only,20,mmd_rbf,0.011282212100923061,128
lot_paper_general,candidate,general,instr_only,20,projected_js,0.06927723216358572,128
lot_paper_general,candidate,general,instr_only,21,mmd_rbf,0.012160209007561207,128
lot_paper_general,candidate,general,instr_only,21,projected_js,0.07273090159287676,128
lot_paper_general,candidate,general,instr_only,22,mmd_rbf,0.011373871937394142,128
lot_paper_general,candidate,general,instr_only,22,projected_js,0.0669415487209335,128
lot_paper_general,candidate,general,instr_only,23,mmd_rbf,0.010178813710808754,128
lot_paper_general,candidate,general,instr_only,23,projected_js,0.06318668343010359,128
lot_paper_general,candidate,general,instr_only,24,mmd_rbf,0.010406173765659332,128
lot_paper_general,candidate,general,instr_only,24,projected_js,0.06451645842753351,128
lot_paper_general,candidate,general,instr_only,25,mmd_rbf,0.010765383951365948,128
lot_paper_general,candidate,general,instr_only,25,projected_js,0.06501161670894362,128
lot_paper_general,candidate,general,instr_only,26,mmd_rbf,0.01186181791126728,128
lot_paper_general,candidate,general,instr_only,26,projected_js,0.06474496884038672,128
lot_paper_general,candidate,general,instr_only,27,mmd_rbf,0.01277266163378954,128
lot_paper_general,candidate,general,instr_only,27,projected_js,0.061351110867690295,128
lot_paper_general,candidate,general,instr_only,28,mmd_rbf,0.01259906031191349,128
lot_paper_general,candidate,general,instr_only,28,projected_js,0.06590476050041616,128
lot_paper_general,candidate,general,instr_only,29,mmd_rbf,0.013487082906067371,128
lot_paper_general,candidate,general,instr_only,29,projected_js,0.06666336659691297,128
lot_paper_general,candidate,general,instr_only,30,mmd_rbf,0.014425039291381836,128
lot_paper_general,candidate,general,instr_only,30,projected_js,0.062469506403431296,128
lot_paper_general,candidate,general,instr_only,31,mmd_rbf,0.014905518852174282,128
lot_paper_general,candidate,general,instr_only,31,projected_js,0.06457707908703014,128
lot_paper_general,candidate,general,instr_only,32,mmd_rbf,0.017417771741747856,128
lot_paper_general,candidate,general,instr_only,32,projected_js,0.07073762698564678,128
lot_paper_general,candidate,general,instr_only,33,mmd_rbf,0.019659394398331642,128
lot_paper_general,candidate,general,instr_only,33,projected_js,0.06800154555821791,128
lot_paper_general,candidate,general,instr_only,34,mmd_rbf,0.022726401686668396,128
lot_paper_general,candidate,general,instr_only,34,projected_js,0.07239589467644691,128
lot_paper_general,candidate,general,instr_only,35,mmd_rbf,0.021359700709581375,128
lot_paper_general,candidate,general,instr_only,35,projected_js,0.06869593652663752,128
lot_paper_general,candidate,general,reasoning_only,0,mmd_rbf,0.013358009047806263,128
lot_paper_general,candidate,general,reasoning_only,0,projected_js,0.058277139120036736,128
lot_paper_general,candidate,general,reasoning_only,1,mmd_rbf,0.021842967718839645,128
lot_paper_general,candidate,general,reasoning_only,1,projected_js,0.06808138496126048,128
lot_paper_general,candidate,general,reasoning_only,2,mmd_rbf,0.02007964253425598,128
lot_paper_general,candidate,general,reasoning_only,2,projected_js,0.06463078584056348,128
lot_paper_general,candidate,general,reasoning_only,3,mmd_rbf,0.01947048120200634,128
lot_paper_general,candidate,general,reasoning_only,3,projected_js,0.06702386963297613,128
lot_paper_general,candidate,general,reasoning_only,4,mmd_rbf,0.017225071787834167,128
lot_paper_general,candidate,general,reasoning_only,4,projected_js,0.06773702215286903,128
lot_paper_general,candidate,general,reasoning_only,5,mmd_rbf,0.01557115651667118,128
lot_paper_general,candidate,general,reasoning_only,5,projected_js,0.066771968617104,128
lot_paper_general,candidate,general,reasoning_only,6,mmd_rbf,0.01080465316772461,128
lot_paper_general,candidate,general,reasoning_only,6,projected_js,0.05999100607004948,128
lot_paper_general,candidate,general,reasoning_only,7,mmd_rbf,0.011500502936542034,128
lot_paper_general,candidate,general,reasoning_only,7,projected_js,0.059348107693949714,128
lot_paper_general,candidate,general,reasoning_only,8,mmd_rbf,0.011420420370995998,128
lot_paper_general,candidate,general,reasoning_only,8,projected_js,0.06550186275853775,128
lot_paper_general,candidate,general,reasoning_only,9,mmd_rbf,0.01361721009016037,128
lot_paper_general,candidate,general,reasoning_only,9,projected_js,0.06644324469380081,128
lot_paper_general,candidate,general,reasoning_only,10,mmd_rbf,0.016108592972159386,128
lot_paper_general,candidate,general,reasoning_only,10,projected_js,0.06570254554389976,128
lot_paper_general,candidate,general,reasoning_only,11,mmd_rbf,0.016311511397361755,128
lot_paper_general,candidate,general,reasoning_only,11,projected_js,0.0670621421886608,128
lot_paper_general,candidate,general,reasoning_only,12,mmd_rbf,0.015668027102947235,128
lot_paper_general,candidate,general,reasoning_only,12,projected_js,0.06884943984914571,128
lot_paper_general,candidate,general,reasoning_only,13,mmd_rbf,0.017154810950160027,128
lot_paper_general,candidate,general,reasoning_only,13,projected_js,0.0698361739050597,128
lot_paper_general,candidate,general,reasoning_only,14,mmd_rbf,0.016416629776358604,128
lot_paper_general,candidate,general,reasoning_only,14,projected_js,0.06713467201916501,128
lot_paper_general,candidate,general,reasoning_only,15,mmd_rbf,0.01678445003926754,128
lot_paper_general,candidate,general,reasoning_only,15,projected_js,0.0663071729359217,128
lot_paper_general,candidate,general,reasoning_only,16,mmd_rbf,0.016400381922721863,128
lot_paper_general,candidate,general,reasoning_only,16,projected_js,0.06533860726631247,128
lot_paper_general,candidate,general,reasoning_only,17,mmd_rbf,0.016513356938958168,128
lot_paper_general,candidate,general,reasoning_only,17,projected_js,0.06804231618298218,128
lot_paper_general,candidate,general,reasoning_only,18,mmd_rbf,0.01856067217886448,128
lot_paper_general,candidate,general,reasoning_only,18,projected_js,0.06981987322797067,128
lot_paper_general,candidate,general,reasoning_only,19,mmd_rbf,0.01674032211303711,128
lot_paper_general,candidate,general,reasoning_only,19,projected_js,0.07049856754019856,128
lot_paper_general,candidate,general,reasoning_only,20,mmd_rbf,0.017349641770124435,128
lot_paper_general,candidate,general,reasoning_only,20,projected_js,0.06757556844968349,128
lot_paper_general,candidate,general,reasoning_only,21,mmd_rbf,0.01916673220694065,128
lot_paper_general,candidate,general,reasoning_only,21,projected_js,0.07091070216847584,128
lot_paper_general,candidate,general,reasoning_only,22,mmd_rbf,0.017803490161895752,128
lot_paper_general,candidate,general,reasoning_only,22,projected_js,0.07354289077920839,128
lot_paper_general,candidate,general,reasoning_only,23,mmd_rbf,0.015213529579341412,128
lot_paper_general,candidate,general,reasoning_only,23,projected_js,0.06942406407324597,128
lot_paper_general,candidate,general,reasoning_only,24,mmd_rbf,0.01633426547050476,128
lot_paper_general,candidate,general,reasoning_only,24,projected_js,0.07326214376371354,128
lot_paper_general,candidate,general,reasoning_only,25,mmd_rbf,0.01611444167792797,128
lot_paper_general,candidate,general,reasoning_only,25,projected_js,0.07009500631829724,128
lot_paper_general,candidate,general,reasoning_only,26,mmd_rbf,0.017108460888266563,128
lot_paper_general,candidate,general,reasoning_only,26,projected_js,0.06921535264700651,128
lot_paper_general,candidate,general,reasoning_only,27,mmd_rbf,0.017793195322155952,128
lot_paper_general,candidate,general,reasoning_only,27,projected_js,0.06981230597011745,128
lot_paper_general,candidate,general,reasoning_only,28,mmd_rbf,0.017676062881946564,128
lot_paper_general,candidate,general,reasoning_only,28,projected_js,0.07004598982166499,128
lot_paper_general,candidate,general,reasoning_only,29,mmd_rbf,0.017507703974843025,128
lot_paper_general,candidate,general,reasoning_only,29,projected_js,0.075273918278981,128
lot_paper_general,candidate,general,reasoning_only,30,mmd_rbf,0.018962537869811058,128
lot_paper_general,candidate,general,reasoning_only,30,projected_js,0.06867350422544405,128
lot_paper_general,candidate,general,reasoning_only,31,mmd_rbf,0.01917177625000477,128
lot_paper_general,candidate,general,reasoning_only,31,projected_js,0.06666085138567723,128
lot_paper_general,candidate,general,reasoning_only,32,mmd_rbf,0.02009701170027256,128
lot_paper_general,candidate,general,reasoning_only,32,projected_js,0.06906814922695048,128
lot_paper_general,candidate,general,reasoning_only,33,mmd_rbf,0.0218033604323864,128
lot_paper_general,candidate,general,reasoning_only,33,projected_js,0.06876573618501425,128
lot_paper_general,candidate,general,reasoning_only,34,mmd_rbf,0.026016175746917725,128
lot_paper_general,candidate,general,reasoning_only,34,projected_js,0.07491152104921639,128
lot_paper_general,candidate,general,reasoning_only,35,mmd_rbf,0.08525775372982025,128
lot_paper_general,candidate,general,reasoning_only,35,projected_js,0.11901288252556697,128
lot_paper_general,candidate,general,uncensored_only,0,mmd_rbf,0.007497870828956366,128
lot_paper_general,candidate,general,uncensored_only,0,projected_js,0.042410403504618444,128
lot_paper_general,candidate,general,uncensored_only,1,mmd_rbf,0.13981294631958008,128
lot_paper_general,candidate,general,uncensored_only,1,projected_js,0.1556832068017684,128
lot_paper_general,candidate,general,uncensored_only,2,mmd_rbf,0.12644584476947784,128
lot_paper_general,candidate,general,uncensored_only,2,projected_js,0.1308529379311949,128
lot_paper_general,candidate,general,uncensored_only,3,mmd_rbf,0.09696844965219498,128
lot_paper_general,candidate,general,uncensored_only,3,projected_js,0.11546336449100636,128
lot_paper_general,candidate,general,uncensored_only,4,mmd_rbf,0.07165886461734772,128
lot_paper_general,candidate,general,uncensored_only,4,projected_js,0.10655729257268831,128
lot_paper_general,candidate,general,uncensored_only,5,mmd_rbf,0.05313631519675255,128
lot_paper_general,candidate,general,uncensored_only,5,projected_js,0.10358365310821682,128
lot_paper_general,candidate,general,uncensored_only,6,mmd_rbf,0.030216002836823463,128
lot_paper_general,candidate,general,uncensored_only,6,projected_js,0.08149190808762796,128
lot_paper_general,candidate,general,uncensored_only,7,mmd_rbf,0.02586708962917328,128
lot_paper_general,candidate,general,uncensored_only,7,projected_js,0.08108364109648392,128
lot_paper_general,candidate,general,uncensored_only,8,mmd_rbf,0.020916780456900597,128
lot_paper_general,candidate,general,uncensored_only,8,projected_js,0.0724094754550606,128
lot_paper_general,candidate,general,uncensored_only,9,mmd_rbf,0.018794972449541092,128
lot_paper_general,candidate,general,uncensored_only,9,projected_js,0.06949219934176654,128
lot_paper_general,candidate,general,uncensored_only,10,mmd_rbf,0.01800025813281536,128
lot_paper_general,candidate,general,uncensored_only,10,projected_js,0.07457143912324682,128
lot_paper_general,candidate,general,uncensored_only,11,mmd_rbf,0.01524924486875534,128
lot_paper_general,candidate,general,uncensored_only,11,projected_js,0.06932508753379807,128
lot_paper_general,candidate,general,uncensored_only,12,mmd_rbf,0.014924711547791958,128
lot_paper_general,candidate,general,uncensored_only,12,projected_js,0.0698774439515546,128
lot_paper_general,candidate,general,uncensored_only,13,mmd_rbf,0.015572232194244862,128
lot_paper_general,candidate,general,uncensored_only,13,projected_js,0.06935242644976825,128
lot_paper_general,candidate,general,uncensored_only,14,mmd_rbf,0.01415497250854969,128
lot_paper_general,candidate,general,uncensored_only,14,projected_js,0.06883430731249973,128
lot_paper_general,candidate,general,uncensored_only,15,mmd_rbf,0.015375335700809956,128
lot_paper_general,candidate,general,uncensored_only,15,projected_js,0.0696864725323394,128
lot_paper_general,candidate,general,uncensored_only,16,mmd_rbf,0.01707279495894909,128
lot_paper_general,candidate,general,uncensored_only,16,projected_js,0.07374378037638962,128
lot_paper_general,candidate,general,uncensored_only,17,mmd_rbf,0.015060809440910816,128
lot_paper_general,candidate,general,uncensored_only,17,projected_js,0.06740208977134898,128
lot_paper_general,candidate,general,uncensored_only,18,mmd_rbf,0.015481652691960335,128
lot_paper_general,candidate,general,uncensored_only,18,projected_js,0.06660309992730618,128
lot_paper_general,candidate,general,uncensored_only,19,mmd_rbf,0.014920182526111603,128
lot_paper_general,candidate,general,uncensored_only,19,projected_js,0.06402586985495873,128
lot_paper_general,candidate,general,uncensored_only,20,mmd_rbf,0.014532342553138733,128
lot_paper_general,candidate,general,uncensored_only,20,projected_js,0.06906572118168697,128
lot_paper_general,candidate,general,uncensored_only,21,mmd_rbf,0.015890616923570633,128
lot_paper_general,candidate,general,uncensored_only,21,projected_js,0.07142133265733719,128
lot_paper_general,candidate,general,uncensored_only,22,mmd_rbf,0.01521614845842123,128
lot_paper_general,candidate,general,uncensored_only,22,projected_js,0.06907765651703812,128
lot_paper_general,candidate,general,uncensored_only,23,mmd_rbf,0.014371163211762905,128
lot_paper_general,candidate,general,uncensored_only,23,projected_js,0.06875791354104877,128
lot_paper_general,candidate,general,uncensored_only,24,mmd_rbf,0.015036547556519508,128
lot_paper_general,candidate,general,uncensored_only,24,projected_js,0.07018220188911073,128
lot_paper_general,candidate,general,uncensored_only,25,mmd_rbf,0.015729395672678947,128
lot_paper_general,candidate,general,uncensored_only,25,projected_js,0.06933920754818246,128
lot_paper_general,candidate,general,uncensored_only,26,mmd_rbf,0.017637386918067932,128
lot_paper_general,candidate,general,uncensored_only,26,projected_js,0.06885315867839381,128
lot_paper_general,candidate,general,uncensored_only,27,mmd_rbf,0.018317101523280144,128
lot_paper_general,candidate,general,uncensored_only,27,projected_js,0.07110965752508491,128
lot_paper_general,candidate,general,uncensored_only,28,mmd_rbf,0.01733379438519478,128
lot_paper_general,candidate,general,uncensored_only,28,projected_js,0.0693494196748361,128
lot_paper_general,candidate,general,uncensored_only,29,mmd_rbf,0.017420563846826553,128
lot_paper_general,candidate,general,uncensored_only,29,projected_js,0.0680949559318833,128
lot_paper_general,candidate,general,uncensored_only,30,mmd_rbf,0.01792651042342186,128
lot_paper_general,candidate,general,uncensored_only,30,projected_js,0.06577156146522611,128
lot_paper_general,candidate,general,uncensored_only,31,mmd_rbf,0.01786465384066105,128
lot_paper_general,candidate,general,uncensored_only,31,projected_js,0.06699430715525523,128
lot_paper_general,candidate,general,uncensored_only,32,mmd_rbf,0.019638774916529655,128
lot_paper_general,candidate,general,uncensored_only,32,projected_js,0.06921560596674681,128
lot_paper_general,candidate,general,uncensored_only,33,mmd_rbf,0.021417468786239624,128
lot_paper_general,candidate,general,uncensored_only,33,projected_js,0.06831929198233411,128
lot_paper_general,candidate,general,uncensored_only,34,mmd_rbf,0.022911246865987778,128
lot_paper_general,candidate,general,uncensored_only,34,projected_js,0.07502585556358099,128
lot_paper_general,candidate,general,uncensored_only,35,mmd_rbf,0.02612537145614624,128
lot_paper_general,candidate,general,uncensored_only,35,projected_js,0.0714120272314176,128
lot_paper_general,candidate,instruction,base,0,mmd_rbf,0.004865685012191534,128
lot_paper_general,candidate,instruction,base,0,projected_js,0.05031854720436968,128
lot_paper_general,candidate,instruction,base,1,mmd_rbf,0.010948769748210907,128
lot_paper_general,candidate,instruction,base,1,projected_js,0.0553741549665574,128
lot_paper_general,candidate,instruction,base,2,mmd_rbf,0.012018074281513691,128
lot_paper_general,candidate,instruction,base,2,projected_js,0.06359068668098189,128
lot_paper_general,candidate,instruction,base,3,mmd_rbf,0.015071299858391285,128
lot_paper_general,candidate,instruction,base,3,projected_js,0.06701298471307382,128
lot_paper_general,candidate,instruction,base,4,mmd_rbf,0.01447759848088026,128
lot_paper_general,candidate,instruction,base,4,projected_js,0.06724559026770294,128
lot_paper_general,candidate,instruction,base,5,mmd_rbf,0.014932985417544842,128
lot_paper_general,candidate,instruction,base,5,projected_js,0.06542063332744874,128
lot_paper_general,candidate,instruction,base,6,mmd_rbf,0.01212568860501051,128
lot_paper_general,candidate,instruction,base,6,projected_js,0.06426114949863404,128
lot_paper_general,candidate,instruction,base,7,mmd_rbf,0.014752625487744808,128
lot_paper_general,candidate,instruction,base,7,projected_js,0.06815274944528937,128
lot_paper_general,candidate,instruction,base,8,mmd_rbf,0.017525894567370415,128
lot_paper_general,candidate,instruction,base,8,projected_js,0.07320035115117207,128
lot_paper_general,candidate,instruction,base,9,mmd_rbf,0.021620379760861397,128
lot_paper_general,candidate,instruction,base,9,projected_js,0.07874631258891895,128
lot_paper_general,candidate,instruction,base,10,mmd_rbf,0.023508543148636818,128
lot_paper_general,candidate,instruction,base,10,projected_js,0.0792593648948241,128
lot_paper_general,candidate,instruction,base,11,mmd_rbf,0.022156964987516403,128
lot_paper_general,candidate,instruction,base,11,projected_js,0.07790525135351345,128
lot_paper_general,candidate,instruction,base,12,mmd_rbf,0.01968516781926155,128
lot_paper_general,candidate,instruction,base,12,projected_js,0.08135084208333865,128
lot_paper_general,candidate,instruction,base,13,mmd_rbf,0.020671658217906952,128
lot_paper_general,candidate,instruction,base,13,projected_js,0.08075060206465423,128
lot_paper_general,candidate,instruction,base,14,mmd_rbf,0.01937255635857582,128
lot_paper_general,candidate,instruction,base,14,projected_js,0.07561056752456352,128
lot_paper_general,candidate,instruction,base,15,mmd_rbf,0.01973303034901619,128
lot_paper_general,candidate,instruction,base,15,projected_js,0.08086287515470758,128
lot_paper_general,candidate,instruction,base,16,mmd_rbf,0.020140737295150757,128
lot_paper_general,candidate,instruction,base,16,projected_js,0.07442728709429502,128
lot_paper_general,candidate,instruction,base,17,mmd_rbf,0.01986921764910221,128
lot_paper_general,candidate,instruction,base,17,projected_js,0.0775460567092523,128
lot_paper_general,candidate,instruction,base,18,mmd_rbf,0.020547430962324142,128
lot_paper_general,candidate,instruction,base,18,projected_js,0.0773070344584994,128
lot_paper_general,candidate,instruction,base,19,mmd_rbf,0.021603791043162346,128
lot_paper_general,candidate,instruction,base,19,projected_js,0.07687968778191134,128
lot_paper_general,candidate,instruction,base,20,mmd_rbf,0.022259432822465897,128
lot_paper_general,candidate,instruction,base,20,projected_js,0.07715794787509367,128
lot_paper_general,candidate,instruction,base,21,mmd_rbf,0.024235287681221962,128
lot_paper_general,candidate,instruction,base,21,projected_js,0.0789570621564053,128
lot_paper_general,candidate,instruction,base,22,mmd_rbf,0.024057313799858093,128
lot_paper_general,candidate,instruction,base,22,projected_js,0.07872035191394389,128
lot_paper_general,candidate,instruction,base,23,mmd_rbf,0.022592447698116302,128
lot_paper_general,candidate,instruction,base,23,projected_js,0.07473620952805504,128
lot_paper_general,candidate,instruction,base,24,mmd_rbf,0.023336874321103096,128
lot_paper_general,candidate,instruction,base,24,projected_js,0.08086917130276561,128
lot_paper_general,candidate,instruction,base,25,mmd_rbf,0.022876394912600517,128
lot_paper_general,candidate,instruction,base,25,projected_js,0.07733586884569377,128
lot_paper_general,candidate,instruction,base,26,mmd_rbf,0.023964792490005493,128
lot_paper_general,candidate,instruction,base,26,projected_js,0.07748016284313053,128
lot_paper_general,candidate,instruction,base,27,mmd_rbf,0.023970892652869225,128
lot_paper_general,candidate,instruction,base,27,projected_js,0.07752055785385892,128
lot_paper_general,candidate,instruction,base,28,mmd_rbf,0.023360813036561012,128
lot_paper_general,candidate,instruction,base,28,projected_js,0.07920652511529624,128
lot_paper_general,candidate,instruction,base,29,mmd_rbf,0.02348143234848976,128
lot_paper_general,candidate,instruction,base,29,projected_js,0.07895749813178554,128
lot_paper_general,candidate,instruction,base,30,mmd_rbf,0.02475697174668312,128
lot_paper_general,candidate,instruction,base,30,projected_js,0.08077976503409445,128
lot_paper_general,candidate,instruction,base,31,mmd_rbf,0.025090737268328667,128
lot_paper_general,candidate,instruction,base,31,projected_js,0.07578363077482209,128
lot_paper_general,candidate,instruction,base,32,mmd_rbf,0.026407459750771523,128
lot_paper_general,candidate,instruction,base,32,projected_js,0.07928769060526974,128
lot_paper_general,candidate,instruction,base,33,mmd_rbf,0.02804778516292572,128
lot_paper_general,candidate,instruction,base,33,projected_js,0.07982296741101891,128
lot_paper_general,candidate,instruction,base,34,mmd_rbf,0.03714023157954216,128
lot_paper_general,candidate,instruction,base,34,projected_js,0.0894808578887023,128
lot_paper_general,candidate,instruction,base,35,mmd_rbf,0.08881205320358276,128
lot_paper_general,candidate,instruction,base,35,projected_js,0.13539742270950228,128
lot_paper_general,candidate,instruction,instr_only,0,mmd_rbf,0.0022311389911919832,128
lot_paper_general,candidate,instruction,instr_only,0,projected_js,0.035417966173554305,128
lot_paper_general,candidate,instruction,instr_only,1,mmd_rbf,0.00729935010895133,128
lot_paper_general,candidate,instruction,instr_only,1,projected_js,0.04826647014124319,128
lot_paper_general,candidate,instruction,instr_only,2,mmd_rbf,0.007825078442692757,128
lot_paper_general,candidate,instruction,instr_only,2,projected_js,0.055955591262318194,128
lot_paper_general,candidate,instruction,instr_only,3,mmd_rbf,0.007801998406648636,128
lot_paper_general,candidate,instruction,instr_only,3,projected_js,0.05299262373591773,128
lot_paper_general,candidate,instruction,instr_only,4,mmd_rbf,0.008545270189642906,128
lot_paper_general,candidate,instruction,instr_only,4,projected_js,0.05412967564188875,128
lot_paper_general,candidate,instruction,instr_only,5,mmd_rbf,0.009099530056118965,128
lot_paper_general,candidate,instruction,instr_only,5,projected_js,0.056663487950572744,128
lot_paper_general,candidate,instruction,instr_only,6,mmd_rbf,0.006889393087476492,128
lot_paper_general,candidate,instruction,instr_only,6,projected_js,0.05621020926628262,128
lot_paper_general,candidate,instruction,instr_only,7,mmd_rbf,0.009997307322919369,128
lot_paper_general,candidate,instruction,instr_only,7,projected_js,0.062407810968579724,128
lot_paper_general,candidate,instruction,instr_only,8,mmd_rbf,0.012768576852977276,128
lot_paper_general,candidate,instruction,instr_only,8,projected_js,0.06740201136562973,128
lot_paper_general,candidate,instruction,instr_only,9,mmd_rbf,0.015892863273620605,128
lot_paper_general,candidate,instruction,instr_only,9,projected_js,0.07047040422912687,128
lot_paper_general,candidate,instruction,instr_only,10,mmd_rbf,0.01628965139389038,128
lot_paper_general,candidate,instruction,instr_only,10,projected_js,0.07153068308252841,128
lot_paper_general,candidate,instruction,instr_only,11,mmd_rbf,0.015619558282196522,128
lot_paper_general,candidate,instruction,instr_only,11,projected_js,0.07800532347755507,128
lot_paper_general,candidate,instruction,instr_only,12,mmd_rbf,0.014164501801133156,128
lot_paper_general,candidate,instruction,instr_only,12,projected_js,0.07405818474944681,128
lot_paper_general,candidate,instruction,instr_only,13,mmd_rbf,0.014770671725273132,128
lot_paper_general,candidate,instruction,instr_only,13,projected_js,0.07644234760664403,128
lot_paper_general,candidate,instruction,instr_only,14,mmd_rbf,0.013237177394330502,128
lot_paper_general,candidate,instruction,instr_only,14,projected_js,0.07049324328545481,128
lot_paper_general,candidate,instruction,instr_only,15,mmd_rbf,0.012658664956688881,128
lot_paper_general,candidate,instruction,instr_only,15,projected_js,0.07372713246149942,128
lot_paper_general,candidate,instruction,instr_only,16,mmd_rbf,0.012863832525908947,128
lot_paper_general,candidate,instruction,instr_only,16,projected_js,0.07287655957043171,128
lot_paper_general,candidate,instruction,instr_only,17,mmd_rbf,0.01277992408722639,128
lot_paper_general,candidate,instruction,instr_only,17,projected_js,0.07219026854727417,128
lot_paper_general,candidate,instruction,instr_only,18,mmd_rbf,0.013084781356155872,128
lot_paper_general,candidate,instruction,instr_only,18,projected_js,0.06985308672301471,128
lot_paper_general,candidate,instruction,instr_only,19,mmd_rbf,0.013619433157145977,128
lot_paper_general,candidate,instruction,instr_only,19,projected_js,0.0766865208861418,128
lot_paper_general,candidate,instruction,instr_only,20,mmd_rbf,0.013690861873328686,128
lot_paper_general,candidate,instruction,instr_only,20,projected_js,0.07036238204455003,128
lot_paper_general,candidate,instruction,instr_only,21,mmd_rbf,0.015093452297151089,128
lot_paper_general,candidate,instruction,instr_only,21,projected_js,0.07375411089742556,128
lot_paper_general,candidate,instruction,instr_only,22,mmd_rbf,0.014230819419026375,128
lot_paper_general,candidate,instruction,instr_only,22,projected_js,0.07522588269785047,128
lot_paper_general,candidate,instruction,instr_only,23,mmd_rbf,0.013253681361675262,128
lot_paper_general,candidate,instruction,instr_only,23,projected_js,0.07497575104935095,128
lot_paper_general,candidate,instruction,instr_only,24,mmd_rbf,0.013757805339992046,128
lot_paper_general,candidate,instruction,instr_only,24,projected_js,0.07158065645489842,128
lot_paper_general,candidate,instruction,instr_only,25,mmd_rbf,0.014564809389412403,128
lot_paper_general,candidate,instruction,instr_only,25,projected_js,0.07384658354567364,128
lot_paper_general,candidate,instruction,instr_only,26,mmd_rbf,0.016196586191654205,128
lot_paper_general,candidate,instruction,instr_only,26,projected_js,0.07377404341241345,128
lot_paper_general,candidate,instruction,instr_only,27,mmd_rbf,0.017197996377944946,128
lot_paper_general,candidate,instruction,instr_only,27,projected_js,0.07254487450700253,128
lot_paper_general,candidate,instruction,instr_only,28,mmd_rbf,0.01670192740857601,128
lot_paper_general,candidate,instruction,instr_only,28,projected_js,0.07393770077032968,128
lot_paper_general,candidate,instruction,instr_only,29,mmd_rbf,0.018053023144602776,128
lot_paper_general,candidate,instruction,instr_only,29,projected_js,0.07383080100407824,128
lot_paper_general,candidate,instruction,instr_only,30,mmd_rbf,0.01929032802581787,128
lot_paper_general,candidate,instruction,instr_only,30,projected_js,0.07487623044289649,128
lot_paper_general,candidate,instruction,instr_only,31,mmd_rbf,0.01981927454471588,128
lot_paper_general,candidate,instruction,instr_only,31,projected_js,0.07505951065104455,128
lot_paper_general,candidate,instruction,instr_only,32,mmd_rbf,0.021865351125597954,128
lot_paper_general,candidate,instruction,instr_only,32,projected_js,0.07448938913876191,128
lot_paper_general,candidate,instruction,instr_only,33,mmd_rbf,0.024289539083838463,128
lot_paper_general,candidate,instruction,instr_only,33,projected_js,0.07641464634798467,128
lot_paper_general,candidate,instruction,instr_only,34,mmd_rbf,0.028608698397874832,128
lot_paper_general,candidate,instruction,instr_only,34,projected_js,0.08125581534113735,128
lot_paper_general,candidate,instruction,instr_only,35,mmd_rbf,0.03440204635262489,128
lot_paper_general,candidate,instruction,instr_only,35,projected_js,0.08746156323468313,128
lot_paper_general,candidate,instruction,reasoning_only,0,mmd_rbf,0.006075245328247547,128
lot_paper_general,candidate,instruction,reasoning_only,0,projected_js,0.05677508591907099,128
lot_paper_general,candidate,instruction,reasoning_only,1,mmd_rbf,0.011357742361724377,128
lot_paper_general,candidate,instruction,reasoning_only,1,projected_js,0.05926097265910357,128
lot_paper_general,candidate,instruction,reasoning_only,2,mmd_rbf,0.01312343031167984,128
lot_paper_general,candidate,instruction,reasoning_only,2,projected_js,0.06226997874910012,128
lot_paper_general,candidate,instruction,reasoning_only,3,mmd_rbf,0.01312943547964096,128
lot_paper_general,candidate,instruction,reasoning_only,3,projected_js,0.0644794977561105,128
lot_paper_general,candidate,instruction,reasoning_only,4,mmd_rbf,0.012780675664544106,128
lot_paper_general,candidate,instruction,reasoning_only,4,projected_js,0.0686914341931697,128
lot_paper_general,candidate,instruction,reasoning_only,5,mmd_rbf,0.012720546685159206,128
lot_paper_general,candidate,instruction,reasoning_only,5,projected_js,0.06519646063679829,128
lot_paper_general,candidate,instruction,reasoning_only,6,mmd_rbf,0.009692159481346607,128
lot_paper_general,candidate,instruction,reasoning_only,6,projected_js,0.06625915074255317,128
lot_paper_general,candidate,instruction,reasoning_only,7,mmd_rbf,0.012348394840955734,128
lot_paper_general,candidate,instruction,reasoning_only,7,projected_js,0.07512902782764286,128
lot_paper_general,candidate,instruction,reasoning_only,8,mmd_rbf,0.014060755260288715,128
lot_paper_general,candidate,instruction,reasoning_only,8,projected_js,0.07358648482477292,128
lot_paper_general,candidate,instruction,reasoning_only,9,mmd_rbf,0.016773758456110954,128
lot_paper_general,candidate,instruction,reasoning_only,9,projected_js,0.0730638625100255,128
lot_paper_general,candidate,instruction,reasoning_only,10,mmd_rbf,0.020130477845668793,128
lot_paper_general,candidate,instruction,reasoning_only,10,projected_js,0.07471312547568232,128
lot_paper_general,candidate,instruction,reasoning_only,11,mmd_rbf,0.020597970113158226,128
lot_paper_general,candidate,instruction,reasoning_only,11,projected_js,0.0744036736432463,128
lot_paper_general,candidate,instruction,reasoning_only,12,mmd_rbf,0.0199605580419302,128
lot_paper_general,candidate,instruction,reasoning_only,12,projected_js,0.07980709621915594,128
lot_paper_general,candidate,instruction,reasoning_only,13,mmd_rbf,0.021253371611237526,128
lot_paper_general,candidate,instruction,reasoning_only,13,projected_js,0.07667206326732412,128
lot_paper_general,candidate,instruction,reasoning_only,14,mmd_rbf,0.02000773511826992,128
lot_paper_general,candidate,instruction,reasoning_only,14,projected_js,0.07100218761479482,128
lot_paper_general,candidate,instruction,reasoning_only,15,mmd_rbf,0.021172264590859413,128
lot_paper_general,candidate,instruction,reasoning_only,15,projected_js,0.07667005836265162,128
lot_paper_general,candidate,instruction,reasoning_only,16,mmd_rbf,0.020813897252082825,128
lot_paper_general,candidate,instruction,reasoning_only,16,projected_js,0.07577470160322264,128
lot_paper_general,candidate,instruction,reasoning_only,17,mmd_rbf,0.02076980285346508,128
lot_paper_general,candidate,instruction,reasoning_only,17,projected_js,0.07798776734853163,128
lot_paper_general,candidate,instruction,reasoning_only,18,mmd_rbf,0.022348662838339806,128
lot_paper_general,candidate,instruction,reasoning_only,18,projected_js,0.07635168614797294,128
lot_paper_general,candidate,instruction,reasoning_only,19,mmd_rbf,0.02138131484389305,128
lot_paper_general,candidate,instruction,reasoning_only,19,projected_js,0.07261911584646441,128
lot_paper_general,candidate,instruction,reasoning_only,20,mmd_rbf,0.02267034724354744,128
lot_paper_general,candidate,instruction,reasoning_only,20,projected_js,0.07761457009473816,128
lot_paper_general,candidate,instruction,reasoning_only,21,mmd_rbf,0.024248559027910233,128
lot_paper_general,candidate,instruction,reasoning_only,21,projected_js,0.07745086506474763,128
lot_paper_general,candidate,instruction,reasoning_only,22,mmd_rbf,0.022967947646975517,128
lot_paper_general,candidate,instruction,reasoning_only,22,projected_js,0.08003591257147491,128
lot_paper_general,candidate,instruction,reasoning_only,23,mmd_rbf,0.020723268389701843,128
lot_paper_general,candidate,instruction,reasoning_only,23,projected_js,0.08080341870663688,128
lot_paper_general,candidate,instruction,reasoning_only,24,mmd_rbf,0.02374962903559208,128
lot_paper_general,candidate,instruction,reasoning_only,24,projected_js,0.08310075377812609,128
lot_paper_general,candidate,instruction,reasoning_only,25,mmd_rbf,0.024174388498067856,128
lot_paper_general,candidate,instruction,reasoning_only,25,projected_js,0.085530569718685,128
lot_paper_general,candidate,instruction,reasoning_only,26,mmd_rbf,0.02631692960858345,128
lot_paper_general,candidate,instruction,reasoning_only,26,projected_js,0.08228064549621195,128
lot_paper_general,candidate,instruction,reasoning_only,27,mmd_rbf,0.027219578623771667,128
lot_paper_general,candidate,instruction,reasoning_only,27,projected_js,0.08293583913473412,128
lot_paper_general,candidate,instruction,reasoning_only,28,mmd_rbf,0.027154525741934776,128
lot_paper_general,candidate,instruction,reasoning_only,28,projected_js,0.08307357277953997,128
lot_paper_general,candidate,instruction,reasoning_only,29,mmd_rbf,0.02673180215060711,128
lot_paper_general,candidate,instruction,reasoning_only,29,projected_js,0.08197111950721592,128
lot_paper_general,candidate,instruction,reasoning_only,30,mmd_rbf,0.02907092683017254,128
lot_paper_general,candidate,instruction,reasoning_only,30,projected_js,0.08856995071982965,128
lot_paper_general,candidate,instruction,reasoning_only,31,mmd_rbf,0.02955595590174198,128
lot_paper_general,candidate,instruction,reasoning_only,31,projected_js,0.08434349769959226,128
lot_paper_general,candidate,instruction,reasoning_only,32,mmd_rbf,0.029974160715937614,128
lot_paper_general,candidate,instruction,reasoning_only,32,projected_js,0.08311807969585061,128
lot_paper_general,candidate,instruction,reasoning_only,33,mmd_rbf,0.029840463772416115,128
lot_paper_general,candidate,instruction,reasoning_only,33,projected_js,0.08174677280476317,128
lot_paper_general,candidate,instruction,reasoning_only,34,mmd_rbf,0.033412255346775055,128
lot_paper_general,candidate,instruction,reasoning_only,34,projected_js,0.08511268062284216,128
lot_paper_general,candidate,instruction,reasoning_only,35,mmd_rbf,0.04434635117650032,128
lot_paper_general,candidate,instruction,reasoning_only,35,projected_js,0.08934832963859662,128
lot_paper_general,candidate,instruction,uncensored_only,0,mmd_rbf,0.005510738585144281,128
lot_paper_general,candidate,instruction,uncensored_only,0,projected_js,0.05035394290462136,128
lot_paper_general,candidate,instruction,uncensored_only,1,mmd_rbf,0.11925037950277328,128
lot_paper_general,candidate,instruction,uncensored_only,1,projected_js,0.14743767236359417,128
lot_paper_general,candidate,instruction,uncensored_only,2,mmd_rbf,0.11230389028787613,128
lot_paper_general,candidate,instruction,uncensored_only,2,projected_js,0.13248091482091695,128
lot_paper_general,candidate,instruction,uncensored_only,3,mmd_rbf,0.08525221794843674,128
lot_paper_general,candidate,instruction,uncensored_only,3,projected_js,0.11393563682213426,128
lot_paper_general,candidate,instruction,uncensored_only,4,mmd_rbf,0.06300560384988785,128
lot_paper_general,candidate,instruction,uncensored_only,4,projected_js,0.10989140608580783,128
lot_paper_general,candidate,instruction,uncensored_only,5,mmd_rbf,0.0501004122197628,128
lot_paper_general,candidate,instruction,uncensored_only,5,projected_js,0.09845692123053595,128
lot_paper_general,candidate,instruction,uncensored_only,6,mmd_rbf,0.03073449805378914,128
lot_paper_general,candidate,instruction,uncensored_only,6,projected_js,0.08393683488247916,128
lot_paper_general,candidate,instruction,uncensored_only,7,mmd_rbf,0.028049064800143242,128
lot_paper_general,candidate,instruction,uncensored_only,7,projected_js,0.08623124385485426,128
lot_paper_general,candidate,instruction,uncensored_only,8,mmd_rbf,0.024204378947615623,128
lot_paper_general,candidate,instruction,uncensored_only,8,projected_js,0.08016621370916255,128
lot_paper_general,candidate,instruction,uncensored_only,9,mmd_rbf,0.022689681500196457,128
lot_paper_general,candidate,instruction,uncensored_only,9,projected_js,0.0754518256871961,128
lot_paper_general,candidate,instruction,uncensored_only,10,mmd_rbf,0.021120723336935043,128
lot_paper_general,candidate,instruction,uncensored_only,10,projected_js,0.07953628414543346,128
lot_paper_general,candidate,instruction,uncensored_only,11,mmd_rbf,0.01764935813844204,128
lot_paper_general,candidate,instruction,uncensored_only,11,projected_js,0.0743568230245728,128
lot_paper_general,candidate,instruction,uncensored_only,12,mmd_rbf,0.017055457457900047,128
lot_paper_general,candidate,instruction,uncensored_only,12,projected_js,0.07835836376762018,128
lot_paper_general,candidate,instruction,uncensored_only,13,mmd_rbf,0.017811492085456848,128
lot_paper_general,candidate,instruction,uncensored_only,13,projected_js,0.07839108514599502,128
lot_paper_general,candidate,instruction,uncensored_only,14,mmd_rbf,0.01681944541633129,128
lot_paper_general,candidate,instruction,uncensored_only,14,projected_js,0.07529631478246301,128
lot_paper_general,candidate,instruction,uncensored_only,15,mmd_rbf,0.017764586955308914,128
lot_paper_general,candidate,instruction,uncensored_only,15,projected_js,0.07512181979836896,128
lot_paper_general,candidate,instruction,uncensored_only,16,mmd_rbf,0.018941940739750862,128
lot_paper_general,candidate,instruction,uncensored_only,16,projected_js,0.07660783524625003,128
lot_paper_general,candidate,instruction,uncensored_only,17,mmd_rbf,0.01758803240954876,128
lot_paper_general,candidate,instruction,uncensored_only,17,projected_js,0.07126673508901149,128
lot_paper_general,candidate,instruction,uncensored_only,18,mmd_rbf,0.018102040514349937,128
lot_paper_general,candidate,instruction,uncensored_only,18,projected_js,0.07131878088694066,128
lot_paper_general,candidate,instruction,uncensored_only,19,mmd_rbf,0.019008273258805275,128
lot_paper_general,candidate,instruction,uncensored_only,19,projected_js,0.07643440226092935,128
lot_paper_general,candidate,instruction,uncensored_only,20,mmd_rbf,0.01916259154677391,128
lot_paper_general,candidate,instruction,uncensored_only,20,projected_js,0.07555808720644563,128
lot_paper_general,candidate,instruction,uncensored_only,21,mmd_rbf,0.021080872043967247,128
lot_paper_general,candidate,instruction,uncensored_only,21,projected_js,0.07966825686162338,128
lot_paper_general,candidate,instruction,uncensored_only,22,mmd_rbf,0.02187422476708889,128
lot_paper_general,candidate,instruction,uncensored_only,22,projected_js,0.072672757669352,128
lot_paper_general,candidate,instruction,uncensored_only,23,mmd_rbf,0.0218882467597723,128
lot_paper_general,candidate,instruction,uncensored_only,23,projected_js,0.08355787064647302,128
lot_paper_general,candidate,instruction,uncensored_only,24,mmd_rbf,0.023325690999627113,128
lot_paper_general,candidate,instruction,uncensored_only,24,projected_js,0.085619090590626,128
lot_paper_general,candidate,instruction,uncensored_only,25,mmd_rbf,0.02418685518205166,128
lot_paper_general,candidate,instruction,uncensored_only,25,projected_js,0.08574196108384058,128
lot_paper_general,candidate,instruction,uncensored_only,26,mmd_rbf,0.026223108172416687,128
lot_paper_general,candidate,instruction,uncensored_only,26,projected_js,0.08308329241117463,128
lot_paper_general,candidate,instruction,uncensored_only,27,mmd_rbf,0.026467619463801384,128
lot_paper_general,candidate,instruction,uncensored_only,27,projected_js,0.08421448728768155,128
lot_paper_general,candidate,instruction,uncensored_only,28,mmd_rbf,0.024588918313384056,128
lot_paper_general,candidate,instruction,uncensored_only,28,projected_js,0.07956358478986658,128
lot_paper_general,candidate,instruction,uncensored_only,29,mmd_rbf,0.02439521998167038,128
lot_paper_general,candidate,instruction,uncensored_only,29,projected_js,0.08291583746904507,128
lot_paper_general,candidate,instruction,uncensored_only,30,mmd_rbf,0.025018839165568352,128
lot_paper_general,candidate,instruction,uncensored_only,30,projected_js,0.07601121801417321,128
lot_paper_general,candidate,instruction,uncensored_only,31,mmd_rbf,0.024903690442442894,128
lot_paper_general,candidate,instruction,uncensored_only,31,projected_js,0.07427082303911448,128
lot_paper_general,candidate,instruction,uncensored_only,32,mmd_rbf,0.026493532583117485,128
lot_paper_general,candidate,instruction,uncensored_only,32,projected_js,0.07817473000613973,128
lot_paper_general,candidate,instruction,uncensored_only,33,mmd_rbf,0.028156105428934097,128
lot_paper_general,candidate,instruction,uncensored_only,33,projected_js,0.07982812021509744,128
lot_paper_general,candidate,instruction,uncensored_only,34,mmd_rbf,0.030363066121935844,128
lot_paper_general,candidate,instruction,uncensored_only,34,projected_js,0.08833858801517636,128
lot_paper_general,candidate,instruction,uncensored_only,35,mmd_rbf,0.03827226161956787,128
lot_paper_general,candidate,instruction,uncensored_only,35,projected_js,0.08929320314200595,128
lot_paper_general,candidate,reasoning,base,0,mmd_rbf,0.0029193416703492403,128
lot_paper_general,candidate,reasoning,base,0,projected_js,0.04529988902504556,128
lot_paper_general,candidate,reasoning,base,1,mmd_rbf,0.00920589454472065,128
lot_paper_general,candidate,reasoning,base,1,projected_js,0.049340231547830626,128
lot_paper_general,candidate,reasoning,base,2,mmd_rbf,0.0096748573705554,128
lot_paper_general,candidate,reasoning,base,2,projected_js,0.0560505281900987,128
lot_paper_general,candidate,reasoning,base,3,mmd_rbf,0.010811054147779942,128
lot_paper_general,candidate,reasoning,base,3,projected_js,0.0631649334100075,128
lot_paper_general,candidate,reasoning,base,4,mmd_rbf,0.010601713322103024,128
lot_paper_general,candidate,reasoning,base,4,projected_js,0.05740054009947926,128
lot_paper_general,candidate,reasoning,base,5,mmd_rbf,0.009005977772176266,128
lot_paper_general,candidate,reasoning,base,5,projected_js,0.05932279321132228,128
lot_paper_general,candidate,reasoning,base,6,mmd_rbf,0.006852778140455484,128
lot_paper_general,candidate,reasoning,base,6,projected_js,0.05619218578794971,128
lot_paper_general,candidate,reasoning,base,7,mmd_rbf,0.00848268624395132,128
lot_paper_general,candidate,reasoning,base,7,projected_js,0.06139643938513473,128
lot_paper_general,candidate,reasoning,base,8,mmd_rbf,0.00982589926570654,128
lot_paper_general,candidate,reasoning,base,8,projected_js,0.06496319157304242,128
lot_paper_general,candidate,reasoning,base,9,mmd_rbf,0.01290078368037939,128
lot_paper_general,candidate,reasoning,base,9,projected_js,0.0653029105742462,128
lot_paper_general,candidate,reasoning,base,10,mmd_rbf,0.01482081413269043,128
lot_paper_general,candidate,reasoning,base,10,projected_js,0.0633801695657894,128
lot_paper_general,candidate,reasoning,base,11,mmd_rbf,0.013834439218044281,128
lot_paper_general,candidate,reasoning,base,11,projected_js,0.06766620339476503,128
lot_paper_general,candidate,reasoning,base,12,mmd_rbf,0.013166305609047413,128
lot_paper_general,candidate,reasoning,base,12,projected_js,0.06688681716332212,128
lot_paper_general,candidate,reasoning,base,13,mmd_rbf,0.01368290651589632,128
lot_paper_general,candidate,reasoning,base,13,projected_js,0.07094887795392424,128
lot_paper_general,candidate,reasoning,base,14,mmd_rbf,0.01301026064902544,128
lot_paper_general,candidate,reasoning,base,14,projected_js,0.0648690288362559,128
lot_paper_general,candidate,reasoning,base,15,mmd_rbf,0.013355627655982971,128
lot_paper_general,candidate,reasoning,base,15,projected_js,0.06815955741330981,128
lot_paper_general,candidate,reasoning,base,16,mmd_rbf,0.01446737814694643,128
lot_paper_general,candidate,reasoning,base,16,projected_js,0.06866334547521546,128
lot_paper_general,candidate,reasoning,base,17,mmd_rbf,0.014637035317718983,128
lot_paper_general,candidate,reasoning,base,17,projected_js,0.06691698549548164,128
lot_paper_general,candidate,reasoning,base,18,mmd_rbf,0.014675742946565151,128
lot_paper_general,candidate,reasoning,base,18,projected_js,0.06865588191431016,128
lot_paper_general,candidate,reasoning,base,19,mmd_rbf,0.014383922331035137,128
lot_paper_general,candidate,reasoning,base,19,projected_js,0.0728349041310139,128
lot_paper_general,candidate,reasoning,base,20,mmd_rbf,0.014343966729938984,128
lot_paper_general,candidate,reasoning,base,20,projected_js,0.06809512665495276,128
lot_paper_general,candidate,reasoning,base,21,mmd_rbf,0.014865986071527004,128
lot_paper_general,candidate,reasoning,base,21,projected_js,0.06879631546325982,128
lot_paper_general,candidate,reasoning,base,22,mmd_rbf,0.014920969493687153,128
lot_paper_general,candidate,reasoning,base,22,projected_js,0.0668037249124609,128
lot_paper_general,candidate,reasoning,base,23,mmd_rbf,0.014580115675926208,128
lot_paper_general,candidate,reasoning,base,23,projected_js,0.06273095699725673,128
lot_paper_general,candidate,reasoning,base,24,mmd_rbf,0.014976441860198975,128
lot_paper_general,candidate,reasoning,base,24,projected_js,0.0658065332681872,128
lot_paper_general,candidate,reasoning,base,25,mmd_rbf,0.014814743772149086,128
lot_paper_general,candidate,reasoning,base,25,projected_js,0.07060664833988994,128
lot_paper_general,candidate,reasoning,base,26,mmd_rbf,0.015674132853746414,128
lot_paper_general,candidate,reasoning,base,26,projected_js,0.06746867852052674,128
lot_paper_general,candidate,reasoning,base,27,mmd_rbf,0.015969958156347275,128
lot_paper_general,candidate,reasoning,base,27,projected_js,0.07292417204007506,128
lot_paper_general,candidate,reasoning,base,28,mmd_rbf,0.016267159953713417,128
lot_paper_general,candidate,reasoning,base,28,projected_js,0.07208844413980842,128
lot_paper_general,candidate,reasoning,base,29,mmd_rbf,0.01689068414270878,128
lot_paper_general,candidate,reasoning,base,29,projected_js,0.07141893176594749,128
lot_paper_general,candidate,reasoning,base,30,mmd_rbf,0.01835625432431698,128
lot_paper_general,candidate,reasoning,base,30,projected_js,0.0744603585335426,128
lot_paper_general,candidate,reasoning,base,31,mmd_rbf,0.019130172207951546,128
lot_paper_general,candidate,reasoning,base,31,projected_js,0.07437894932809286,128
lot_paper_general,candidate,reasoning,base,32,mmd_rbf,0.020038863644003868,128
lot_paper_general,candidate,reasoning,base,32,projected_js,0.0681895615416579,128
lot_paper_general,candidate,reasoning,base,33,mmd_rbf,0.021650465205311775,128
lot_paper_general,candidate,reasoning,base,33,projected_js,0.0739125584368594,128
lot_paper_general,candidate,reasoning,base,34,mmd_rbf,0.029341865330934525,128
lot_paper_general,candidate,reasoning,base,34,projected_js,0.08111191593343392,128
lot_paper_general,candidate,reasoning,base,35,mmd_rbf,0.09462195634841919,128
lot_paper_general,candidate,reasoning,base,35,projected_js,0.13304244249593467,128
lot_paper_general,candidate,reasoning,instr_only,0,mmd_rbf,0.0011001259554177523,128
lot_paper_general,candidate,reasoning,instr_only,0,projected_js,0.03207116563862655,128
lot_paper_general,candidate,reasoning,instr_only,1,mmd_rbf,0.006539298687130213,128
lot_paper_general,candidate,reasoning,instr_only,1,projected_js,0.045294398500118405,128
lot_paper_general,candidate,reasoning,instr_only,2,mmd_rbf,0.006307636853307486,128
lot_paper_general,candidate,reasoning,instr_only,2,projected_js,0.05211845945450477,128
lot_paper_general,candidate,reasoning,instr_only,3,mmd_rbf,0.005778301507234573,128
lot_paper_general,candidate,reasoning,instr_only,3,projected_js,0.050859908893471584,128
lot_paper_general,candidate,reasoning,instr_only,4,mmd_rbf,0.005198931787163019,128
lot_paper_general,candidate,reasoning,instr_only,4,projected_js,0.049433195061283186,128
lot_paper_general,candidate,reasoning,instr_only,5,mmd_rbf,0.004457143601030111,128
lot_paper_general,candidate,reasoning,instr_only,5,projected_js,0.046436133328825235,128
lot_paper_general,candidate,reasoning,instr_only,6,mmd_rbf,0.0033437625970691442,128
lot_paper_general,candidate,reasoning,instr_only,6,projected_js,0.05032875822507776,128
lot_paper_general,candidate,reasoning,instr_only,7,mmd_rbf,0.00534760020673275,128
lot_paper_general,candidate,reasoning,instr_only,7,projected_js,0.055401435820385814,128
lot_paper_general,candidate,reasoning,instr_only,8,mmd_rbf,0.007367979269474745,128
lot_paper_general,candidate,reasoning,instr_only,8,projected_js,0.05816596752265468,128
lot_paper_general,candidate,reasoning,instr_only,9,mmd_rbf,0.01021428219974041,128
lot_paper_general,candidate,reasoning,instr_only,9,projected_js,0.06163186352932826,128
lot_paper_general,candidate,reasoning,instr_only,10,mmd_rbf,0.011453562416136265,128
lot_paper_general,candidate,reasoning,instr_only,10,projected_js,0.0615921946009621,128
lot_paper_general,candidate,reasoning,instr_only,11,mmd_rbf,0.010897072963416576,128
lot_paper_general,candidate,reasoning,instr_only,11,projected_js,0.06572581367800012,128
lot_paper_general,candidate,reasoning,instr_only,12,mmd_rbf,0.010133660398423672,128
lot_paper_general,candidate,reasoning,instr_only,12,projected_js,0.07126078766305,128
lot_paper_general,candidate,reasoning,instr_only,13,mmd_rbf,0.010764355771243572,128
lot_paper_general,candidate,reasoning,instr_only,13,projected_js,0.06784119870280847,128
lot_paper_general,candidate,reasoning,instr_only,14,mmd_rbf,0.009691119194030762,128
lot_paper_general,candidate,reasoning,instr_only,14,projected_js,0.06377264100592583,128
lot_paper_general,candidate,reasoning,instr_only,15,mmd_rbf,0.009515875950455666,128
lot_paper_general,candidate,reasoning,instr_only,15,projected_js,0.06289309862768278,128
lot_paper_general,candidate,reasoning,instr_only,16,mmd_rbf,0.009593025781214237,128
lot_paper_general,candidate,reasoning,instr_only,16,projected_js,0.06716555135790259,128
lot_paper_general,candidate,reasoning,instr_only,17,mmd_rbf,0.00939930509775877,128
lot_paper_general,candidate,reasoning,instr_only,17,projected_js,0.06631274917162955,128
lot_paper_general,candidate,reasoning,instr_only,18,mmd_rbf,0.009245920926332474,128
lot_paper_general,candidate,reasoning,instr_only,18,projected_js,0.06348018278367817,128
lot_paper_general,candidate,reasoning,instr_only,19,mmd_rbf,0.008812098763883114,128
lot_paper_general,candidate,reasoning,instr_only,19,projected_js,0.06173850619234145,128
lot_paper_general,candidate,reasoning,instr_only,20,mmd_rbf,0.0086866719648242,128
lot_paper_general,candidate,reasoning,instr_only,20,projected_js,0.06364432332338765,128
lot_paper_general,candidate,reasoning,instr_only,21,mmd_rbf,0.00918807927519083,128
lot_paper_general,candidate,reasoning,instr_only,21,projected_js,0.06551816128194332,128
lot_paper_general,candidate,reasoning,instr_only,22,mmd_rbf,0.00847051851451397,128
lot_paper_general,candidate,reasoning,instr_only,22,projected_js,0.06495691975578666,128
lot_paper_general,candidate,reasoning,instr_only,23,mmd_rbf,0.007627418730407953,128
lot_paper_general,candidate,reasoning,instr_only,23,projected_js,0.059377734462032095,128
lot_paper_general,candidate,reasoning,instr_only,24,mmd_rbf,0.0077710808254778385,128
lot_paper_general,candidate,reasoning,instr_only,24,projected_js,0.061735947616398335,128
lot_paper_general,candidate,reasoning,instr_only,25,mmd_rbf,0.007986191660165787,128
lot_paper_general,candidate,reasoning,instr_only,25,projected_js,0.06258216727292165,128
lot_paper_general,candidate,reasoning,instr_only,26,mmd_rbf,0.008622913621366024,128
lot_paper_general,candidate,reasoning,instr_only,26,projected_js,0.06543779681669548,128
lot_paper_general,candidate,reasoning,instr_only,27,mmd_rbf,0.009396451525390148,128
lot_paper_general,candidate,reasoning,instr_only,27,projected_js,0.06414647557539865,128
lot_paper_general,candidate,reasoning,instr_only,28,mmd_rbf,0.00952901877462864,128
lot_paper_general,candidate,reasoning,instr_only,28,projected_js,0.06484862189972773,128
lot_paper_general,candidate,reasoning,instr_only,29,mmd_rbf,0.01051399577409029,128
lot_paper_general,candidate,reasoning,instr_only,29,projected_js,0.06402594887185842,128
lot_paper_general,candidate,reasoning,instr_only,30,mmd_rbf,0.012101163156330585,128
lot_paper_general,candidate,reasoning,instr_only,30,projected_js,0.06509184159222059,128
lot_paper_general,candidate,reasoning,instr_only,31,mmd_rbf,0.012921079993247986,128
lot_paper_general,candidate,reasoning,instr_only,31,projected_js,0.06694895366672426,128
lot_paper_general,candidate,reasoning,instr_only,32,mmd_rbf,0.014404303394258022,128
lot_paper_general,candidate,reasoning,instr_only,32,projected_js,0.06634234025841579,128
lot_paper_general,candidate,reasoning,instr_only,33,mmd_rbf,0.016488486900925636,128
lot_paper_general,candidate,reasoning,instr_only,33,projected_js,0.06882818246958777,128
lot_paper_general,candidate,reasoning,instr_only,34,mmd_rbf,0.01919429935514927,128
lot_paper_general,candidate,reasoning,instr_only,34,projected_js,0.07160306652076542,128
lot_paper_general,candidate,reasoning,instr_only,35,mmd_rbf,0.01655789650976658,128
lot_paper_general,candidate,reasoning,instr_only,35,projected_js,0.06357348230085336,128
lot_paper_general,candidate,reasoning,reasoning_only,0,mmd_rbf,0.003924870397895575,128
lot_paper_general,candidate,reasoning,reasoning_only,0,projected_js,0.046028721873881295,128
lot_paper_general,candidate,reasoning,reasoning_only,1,mmd_rbf,0.010283499024808407,128
lot_paper_general,candidate,reasoning,reasoning_only,1,projected_js,0.05987972635193728,128
lot_paper_general,candidate,reasoning,reasoning_only,2,mmd_rbf,0.011885464191436768,128
lot_paper_general,candidate,reasoning,reasoning_only,2,projected_js,0.061201845353934914,128
lot_paper_general,candidate,reasoning,reasoning_only,3,mmd_rbf,0.012079989537596703,128
lot_paper_general,candidate,reasoning,reasoning_only,3,projected_js,0.062383311858866364,128
lot_paper_general,candidate,reasoning,reasoning_only,4,mmd_rbf,0.010013195686042309,128
lot_paper_general,candidate,reasoning,reasoning_only,4,projected_js,0.05982385340030305,128
lot_paper_general,candidate,reasoning,reasoning_only,5,mmd_rbf,0.008548544719815254,128
lot_paper_general,candidate,reasoning,reasoning_only,5,projected_js,0.059089182992465794,128
lot_paper_general,candidate,reasoning,reasoning_only,6,mmd_rbf,0.0065492987632751465,128
lot_paper_general,candidate,reasoning,reasoning_only,6,projected_js,0.05678464760421775,128
lot_paper_general,candidate,reasoning,reasoning_only,7,mmd_rbf,0.00844084843993187,128
lot_paper_general,candidate,reasoning,reasoning_only,7,projected_js,0.06073513743467629,128
lot_paper_general,candidate,reasoning,reasoning_only,8,mmd_rbf,0.00953128095716238,128
lot_paper_general,candidate,reasoning,reasoning_only,8,projected_js,0.06559071311494336,128
lot_paper_general,candidate,reasoning,reasoning_only,9,mmd_rbf,0.011988569982349873,128
lot_paper_general,candidate,reasoning,reasoning_only,9,projected_js,0.06572199345100671,128
lot_paper_general,candidate,reasoning,reasoning_only,10,mmd_rbf,0.015042654238641262,128
lot_paper_general,candidate,reasoning,reasoning_only,10,projected_js,0.06931801058817655,128
lot_paper_general,candidate,reasoning,reasoning_only,11,mmd_rbf,0.015423791483044624,128
lot_paper_general,candidate,reasoning,reasoning_only,11,projected_js,0.06488194220582955,128
lot_paper_general,candidate,reasoning,reasoning_only,12,mmd_rbf,0.014955729246139526,128
lot_paper_general,candidate,reasoning,reasoning_only,12,projected_js,0.07080536571447738,128
lot_paper_general,candidate,reasoning,reasoning_only,13,mmd_rbf,0.01604997180402279,128
lot_paper_general,candidate,reasoning,reasoning_only,13,projected_js,0.07246546645183116,128
lot_paper_general,candidate,reasoning,reasoning_only,14,mmd_rbf,0.015440559946000576,128
lot_paper_general,candidate,reasoning,reasoning_only,14,projected_js,0.06554141847300343,128
lot_paper_general,candidate,reasoning,reasoning_only,15,mmd_rbf,0.01666116528213024,128
lot_paper_general,candidate,reasoning,reasoning_only,15,projected_js,0.06824960629455745,128
lot_paper_general,candidate,reasoning,reasoning_only,16,mmd_rbf,0.016817349940538406,128
lot_paper_general,candidate,reasoning,reasoning_only,16,projected_js,0.07089722261298448,128
lot_paper_general,candidate,reasoning,reasoning_only,17,mmd_rbf,0.017044955864548683,128
lot_paper_general,candidate,reasoning,reasoning_only,17,projected_js,0.07083944857004099,128
lot_paper_general,candidate,reasoning,reasoning_only,18,mmd_rbf,0.01882581226527691,128
lot_paper_general,candidate,reasoning,reasoning_only,18,projected_js,0.07157309958711267,128
lot_paper_general,candidate,reasoning,reasoning_only,19,mmd_rbf,0.017031559720635414,128
lot_paper_general,candidate,reasoning,reasoning_only,19,projected_js,0.0711835658585187,128
lot_paper_general,candidate,reasoning,reasoning_only,20,mmd_rbf,0.01702520065009594,128
lot_paper_general,candidate,reasoning,reasoning_only,20,projected_js,0.06906506896484643,128
lot_paper_general,candidate,reasoning,reasoning_only,21,mmd_rbf,0.01807212643325329,128
lot_paper_general,candidate,reasoning,reasoning_only,21,projected_js,0.07391749767703004,128
lot_paper_general,candidate,reasoning,reasoning_only,22,mmd_rbf,0.01630198024213314,128
lot_paper_general,candidate,reasoning,reasoning_only,22,projected_js,0.07284237688872963,128
lot_paper_general,candidate,reasoning,reasoning_only,23,mmd_rbf,0.013889935798943043,128
lot_paper_general,candidate,reasoning,reasoning_only,23,projected_js,0.07162780105136335,128
lot_paper_general,candidate,reasoning,reasoning_only,24,mmd_rbf,0.01462524849921465,128
lot_paper_general,candidate,reasoning,reasoning_only,24,projected_js,0.06924175078165717,128
lot_paper_general,candidate,reasoning,reasoning_only,25,mmd_rbf,0.01405327208340168,128
lot_paper_general,candidate,reasoning,reasoning_only,25,projected_js,0.07019034185213968,128
lot_paper_general,candidate,reasoning,reasoning_only,26,mmd_rbf,0.01451488770544529,128
lot_paper_general,candidate,reasoning,reasoning_only,26,projected_js,0.07130404043709859,128
lot_paper_general,candidate,reasoning,reasoning_only,27,mmd_rbf,0.015097863040864468,128
lot_paper_general,candidate,reasoning,reasoning_only,27,projected_js,0.0710197776206769,128
lot_paper_general,candidate,reasoning,reasoning_only,28,mmd_rbf,0.01586649753153324,128
lot_paper_general,candidate,reasoning,reasoning_only,28,projected_js,0.0662695694481954,128
lot_paper_general,candidate,reasoning,reasoning_only,29,mmd_rbf,0.016548050567507744,128
lot_paper_general,candidate,reasoning,reasoning_only,29,projected_js,0.07031871017534286,128
lot_paper_general,candidate,reasoning,reasoning_only,30,mmd_rbf,0.01876080222427845,128
lot_paper_general,candidate,reasoning,reasoning_only,30,projected_js,0.0725976275280118,128
lot_paper_general,candidate,reasoning,reasoning_only,31,mmd_rbf,0.019907940179109573,128
lot_paper_general,candidate,reasoning,reasoning_only,31,projected_js,0.07164775842102244,128
lot_paper_general,candidate,reasoning,reasoning_only,32,mmd_rbf,0.02047259546816349,128
lot_paper_general,candidate,reasoning,reasoning_only,32,projected_js,0.0729095721617341,128
lot_paper_general,candidate,reasoning,reasoning_only,33,mmd_rbf,0.022026261314749718,128
lot_paper_general,candidate,reasoning,reasoning_only,33,projected_js,0.06985386973246932,128
lot_paper_general,candidate,reasoning,reasoning_only,34,mmd_rbf,0.02631019428372383,128
lot_paper_general,candidate,reasoning,reasoning_only,34,projected_js,0.077300357632339,128
lot_paper_general,candidate,reasoning,reasoning_only,35,mmd_rbf,0.07768270373344421,128
lot_paper_general,candidate,reasoning,reasoning_only,35,projected_js,0.11982189089758322,128
lot_paper_general,candidate,reasoning,uncensored_only,0,mmd_rbf,0.002739283489063382,128
lot_paper_general,candidate,reasoning,uncensored_only,0,projected_js,0.038226232849410735,128
lot_paper_general,candidate,reasoning,uncensored_only,1,mmd_rbf,0.0645672082901001,128
lot_paper_general,candidate,reasoning,uncensored_only,1,projected_js,0.10054064381984062,128
lot_paper_general,candidate,reasoning,uncensored_only,2,mmd_rbf,0.06679953634738922,128
lot_paper_general,candidate,reasoning,uncensored_only,2,projected_js,0.10042958572739735,128
lot_paper_general,candidate,reasoning,uncensored_only,3,mmd_rbf,0.05269794538617134,128
lot_paper_general,candidate,reasoning,uncensored_only,3,projected_js,0.09098805964458734,128
lot_paper_general,candidate,reasoning,uncensored_only,4,mmd_rbf,0.03656361624598503,128
lot_paper_general,candidate,reasoning,uncensored_only,4,projected_js,0.08983207785058767,128
lot_paper_general,candidate,reasoning,uncensored_only,5,mmd_rbf,0.02599572017788887,128
lot_paper_general,candidate,reasoning,uncensored_only,5,projected_js,0.08130116469692439,128
lot_paper_general,candidate,reasoning,uncensored_only,6,mmd_rbf,0.01616274192929268,128
lot_paper_general,candidate,reasoning,uncensored_only,6,projected_js,0.06922650535125285,128
lot_paper_general,candidate,reasoning,uncensored_only,7,mmd_rbf,0.016704929992556572,128
lot_paper_general,candidate,reasoning,uncensored_only,7,projected_js,0.07383459963602945,128
lot_paper_general,candidate,reasoning,uncensored_only,8,mmd_rbf,0.016183853149414062,128
lot_paper_general,candidate,reasoning,uncensored_only,8,projected_js,0.06674959900556132,128
lot_paper_general,candidate,reasoning,uncensored_only,9,mmd_rbf,0.015395824797451496,128
lot_paper_general,candidate,reasoning,uncensored_only,9,projected_js,0.07059494208078831,128
lot_paper_general,candidate,reasoning,uncensored_only,10,mmd_rbf,0.015109144151210785,128
lot_paper_general,candidate,reasoning,uncensored_only,10,projected_js,0.06759967777179554,128
lot_paper_general,candidate,reasoning,uncensored_only,11,mmd_rbf,0.013042191974818707,128
lot_paper_general,candidate,reasoning,uncensored_only,11,projected_js,0.067618636530824,128
lot_paper_general,candidate,reasoning,uncensored_only,12,mmd_rbf,0.012673272751271725,128
lot_paper_general,candidate,reasoning,uncensored_only,12,projected_js,0.06907677813433111,128
lot_paper_general,candidate,reasoning,uncensored_only,13,mmd_rbf,0.012960857711732388,128
lot_paper_general,candidate,reasoning,uncensored_only,13,projected_js,0.06809793214779347,128
lot_paper_general,candidate,reasoning,uncensored_only,14,mmd_rbf,0.012015615589916706,128
lot_paper_general,candidate,reasoning,uncensored_only,14,projected_js,0.06346918208873831,128
lot_paper_general,candidate,reasoning,uncensored_only,15,mmd_rbf,0.012152749113738537,128
lot_paper_general,candidate,reasoning,uncensored_only,15,projected_js,0.0681281401484739,128
lot_paper_general,candidate,reasoning,uncensored_only,16,mmd_rbf,0.013027356937527657,128
lot_paper_general,candidate,reasoning,uncensored_only,16,projected_js,0.06753543193917722,128
lot_paper_general,candidate,reasoning,uncensored_only,17,mmd_rbf,0.011868186295032501,128
lot_paper_general,candidate,reasoning,uncensored_only,17,projected_js,0.06587209805729799,128
lot_paper_general,candidate,reasoning,uncensored_only,18,mmd_rbf,0.011835198849439621,128
lot_paper_general,candidate,reasoning,uncensored_only,18,projected_js,0.06695865176152438,128
lot_paper_general,candidate,reasoning,uncensored_only,19,mmd_rbf,0.011963196098804474,128
lot_paper_general,candidate,reasoning,uncensored_only,19,projected_js,0.06724441301776096,128
lot_paper_general,candidate,reasoning,uncensored_only,20,mmd_rbf,0.012019366957247257,128
lot_paper_general,candidate,reasoning,uncensored_only,20,projected_js,0.06742898671654984,128
lot_paper_general,candidate,reasoning,uncensored_only,21,mmd_rbf,0.012773090973496437,128
lot_paper_general,candidate,reasoning,uncensored_only,21,projected_js,0.06933862576261163,128
lot_paper_general,candidate,reasoning,uncensored_only,22,mmd_rbf,0.012233713641762733,128
lot_paper_general,candidate,reasoning,uncensored_only,22,projected_js,0.06400772981578484,128
lot_paper_general,candidate,reasoning,uncensored_only,23,mmd_rbf,0.01162514928728342,128
lot_paper_general,candidate,reasoning,uncensored_only,23,projected_js,0.06534286797977984,128
lot_paper_general,candidate,reasoning,uncensored_only,24,mmd_rbf,0.011723686940968037,128
lot_paper_general,candidate,reasoning,uncensored_only,24,projected_js,0.06770672218408436,128
lot_paper_general,candidate,reasoning,uncensored_only,25,mmd_rbf,0.011768640018999577,128
lot_paper_general,candidate,reasoning,uncensored_only,25,projected_js,0.06685928808292374,128
lot_paper_general,candidate,reasoning,uncensored_only,26,mmd_rbf,0.012670241296291351,128
lot_paper_general,candidate,reasoning,uncensored_only,26,projected_js,0.0698334684711881,128
lot_paper_general,candidate,reasoning,uncensored_only,27,mmd_rbf,0.01321064867079258,128
lot_paper_general,candidate,reasoning,uncensored_only,27,projected_js,0.06933981995098293,128
lot_paper_general,candidate,reasoning,uncensored_only,28,mmd_rbf,0.012942716479301453,128
lot_paper_general,candidate,reasoning,uncensored_only,28,projected_js,0.06716807978227735,128
lot_paper_general,candidate,reasoning,uncensored_only,29,mmd_rbf,0.013406067155301571,128
lot_paper_general,candidate,reasoning,uncensored_only,29,projected_js,0.06706988136284053,128
lot_paper_general,candidate,reasoning,uncensored_only,30,mmd_rbf,0.014600807800889015,128
lot_paper_general,candidate,reasoning,uncensored_only,30,projected_js,0.06692726083565503,128
lot_paper_general,candidate,reasoning,uncensored_only,31,mmd_rbf,0.015141879208385944,128
lot_paper_general,candidate,reasoning,uncensored_only,31,projected_js,0.06840764364460483,128
lot_paper_general,candidate,reasoning,uncensored_only,32,mmd_rbf,0.016927175223827362,128
lot_paper_general,candidate,reasoning,uncensored_only,32,projected_js,0.06975845445413142,128
lot_paper_general,candidate,reasoning,uncensored_only,33,mmd_rbf,0.018738429993391037,128
lot_paper_general,candidate,reasoning,uncensored_only,33,projected_js,0.06966973707312718,128
lot_paper_general,candidate,reasoning,uncensored_only,34,mmd_rbf,0.02028539776802063,128
lot_paper_general,candidate,reasoning,uncensored_only,34,projected_js,0.07488826720509678,128
lot_paper_general,candidate,reasoning,uncensored_only,35,mmd_rbf,0.01729082129895687,128
lot_paper_general,candidate,reasoning,uncensored_only,35,projected_js,0.0694983244757168,128
lot_paper_general,candidate,uncensored_refusal_like,base,0,mmd_rbf,0.013231754302978516,128
lot_paper_general,candidate,uncensored_refusal_like,base,0,projected_js,0.06252482984564267,128
lot_paper_general,candidate,uncensored_refusal_like,base,1,mmd_rbf,0.02378302998840809,128
lot_paper_general,candidate,uncensored_refusal_like,base,1,projected_js,0.07710323110222816,128
lot_paper_general,candidate,uncensored_refusal_like,base,2,mmd_rbf,0.025727862492203712,128
lot_paper_general,candidate,uncensored_refusal_like,base,2,projected_js,0.07322248292621225,128
lot_paper_general,candidate,uncensored_refusal_like,base,3,mmd_rbf,0.04048747196793556,128
lot_paper_general,candidate,uncensored_refusal_like,base,3,projected_js,0.1015341563615948,128
lot_paper_general,candidate,uncensored_refusal_like,base,4,mmd_rbf,0.039657291024923325,128
lot_paper_general,candidate,uncensored_refusal_like,base,4,projected_js,0.09744248958304524,128
lot_paper_general,candidate,uncensored_refusal_like,base,5,mmd_rbf,0.04281724616885185,128
lot_paper_general,candidate,uncensored_refusal_like,base,5,projected_js,0.101113211363554,128
lot_paper_general,candidate,uncensored_refusal_like,base,6,mmd_rbf,0.03610362857580185,128
lot_paper_general,candidate,uncensored_refusal_like,base,6,projected_js,0.09406176424818113,128
lot_paper_general,candidate,uncensored_refusal_like,base,7,mmd_rbf,0.03924984857439995,128
lot_paper_general,candidate,uncensored_refusal_like,base,7,projected_js,0.08666974439984187,128
lot_paper_general,candidate,uncensored_refusal_like,base,8,mmd_rbf,0.04210997372865677,128
lot_paper_general,candidate,uncensored_refusal_like,base,8,projected_js,0.096734153048601,128
lot_paper_general,candidate,uncensored_refusal_like,base,9,mmd_rbf,0.05060119554400444,128
lot_paper_general,candidate,uncensored_refusal_like,base,9,projected_js,0.10609889618353918,128
lot_paper_general,candidate,uncensored_refusal_like,base,10,mmd_rbf,0.05775102600455284,128
lot_paper_general,candidate,uncensored_refusal_like,base,10,projected_js,0.11355655163060874,128
lot_paper_general,candidate,uncensored_refusal_like,base,11,mmd_rbf,0.058531489223241806,128
lot_paper_general,candidate,uncensored_refusal_like,base,11,projected_js,0.10564167238771915,128
lot_paper_general,candidate,uncensored_refusal_like,base,12,mmd_rbf,0.055669695138931274,128
lot_paper_general,candidate,uncensored_refusal_like,base,12,projected_js,0.11154038534732535,128
lot_paper_general,candidate,uncensored_refusal_like,base,13,mmd_rbf,0.058141447603702545,128
lot_paper_general,candidate,uncensored_refusal_like,base,13,projected_js,0.11146563885267824,128
lot_paper_general,candidate,uncensored_refusal_like,base,14,mmd_rbf,0.05513638257980347,128
lot_paper_general,candidate,uncensored_refusal_like,base,14,projected_js,0.10460387618513778,128
lot_paper_general,candidate,uncensored_refusal_like,base,15,mmd_rbf,0.054775845259428024,128
lot_paper_general,candidate,uncensored_refusal_like,base,15,projected_js,0.10461764206411317,128
lot_paper_general,candidate,uncensored_refusal_like,base,16,mmd_rbf,0.054440926760435104,128
lot_paper_general,candidate,uncensored_refusal_like,base,16,projected_js,0.10405665176222101,128
lot_paper_general,candidate,uncensored_refusal_like,base,17,mmd_rbf,0.05458926036953926,128
lot_paper_general,candidate,uncensored_refusal_like,base,17,projected_js,0.10588603187352419,128
lot_paper_general,candidate,uncensored_refusal_like,base,18,mmd_rbf,0.05575881153345108,128
lot_paper_general,candidate,uncensored_refusal_like,base,18,projected_js,0.10272990382509306,128
lot_paper_general,candidate,uncensored_refusal_like,base,19,mmd_rbf,0.056320447474718094,128
lot_paper_general,candidate,uncensored_refusal_like,base,19,projected_js,0.09352250350639224,128
lot_paper_general,candidate,uncensored_refusal_like,base,20,mmd_rbf,0.06431946903467178,128
lot_paper_general,candidate,uncensored_refusal_like,base,20,projected_js,0.10307466646190733,128
lot_paper_general,candidate,uncensored_refusal_like,base,21,mmd_rbf,0.07109852135181427,128
lot_paper_general,candidate,uncensored_refusal_like,base,21,projected_js,0.10381869785487652,128
lot_paper_general,candidate,uncensored_refusal_like,base,22,mmd_rbf,0.07527842372655869,128
lot_paper_general,candidate,uncensored_refusal_like,base,22,projected_js,0.11323298863135278,128
lot_paper_general,candidate,uncensored_refusal_like,base,23,mmd_rbf,0.07376810163259506,128
lot_paper_general,candidate,uncensored_refusal_like,base,23,projected_js,0.11792570946272463,128
lot_paper_general,candidate,uncensored_refusal_like,base,24,mmd_rbf,0.07510821521282196,128
lot_paper_general,candidate,uncensored_refusal_like,base,24,projected_js,0.12904848804464564,128
lot_paper_general,candidate,uncensored_refusal_like,base,25,mmd_rbf,0.07454219460487366,128
lot_paper_general,candidate,uncensored_refusal_like,base,25,projected_js,0.11671015294268727,128
lot_paper_general,candidate,uncensored_refusal_like,base,26,mmd_rbf,0.07773641496896744,128
lot_paper_general,candidate,uncensored_refusal_like,base,26,projected_js,0.11516348592704162,128
lot_paper_general,candidate,uncensored_refusal_like,base,27,mmd_rbf,0.0806046575307846,128
lot_paper_general,candidate,uncensored_refusal_like,base,27,projected_js,0.12594203074695542,128
lot_paper_general,candidate,uncensored_refusal_like,base,28,mmd_rbf,0.08210558444261551,128
lot_paper_general,candidate,uncensored_refusal_like,base,28,projected_js,0.13312219927320257,128
lot_paper_general,candidate,uncensored_refusal_like,base,29,mmd_rbf,0.08103737235069275,128
lot_paper_general,candidate,uncensored_refusal_like,base,29,projected_js,0.12524715304607525,128
lot_paper_general,candidate,uncensored_refusal_like,base,30,mmd_rbf,0.0841997042298317,128
lot_paper_general,candidate,uncensored_refusal_like,base,30,projected_js,0.1310487677110359,128
lot_paper_general,candidate,uncensored_refusal_like,base,31,mmd_rbf,0.08465182036161423,128
lot_paper_general,candidate,uncensored_refusal_like,base,31,projected_js,0.1321737242396921,128
lot_paper_general,candidate,uncensored_refusal_like,base,32,mmd_rbf,0.08575288206338882,128
lot_paper_general,candidate,uncensored_refusal_like,base,32,projected_js,0.11908914329251274,128
lot_paper_general,candidate,uncensored_refusal_like,base,33,mmd_rbf,0.08418678492307663,128
lot_paper_general,candidate,uncensored_refusal_like,base,33,projected_js,0.12179086724063382,128
lot_paper_general,candidate,uncensored_refusal_like,base,34,mmd_rbf,0.0995384082198143,128
lot_paper_general,candidate,uncensored_refusal_like,base,34,projected_js,0.13505295250797644,128
lot_paper_general,candidate,uncensored_refusal_like,base,35,mmd_rbf,0.16966019570827484,128
lot_paper_general,candidate,uncensored_refusal_like,base,35,projected_js,0.1868742426740937,128
lot_paper_general,candidate,uncensored_refusal_like,instr_only,0,mmd_rbf,0.006211441941559315,128
lot_paper_general,candidate,uncensored_refusal_like,instr_only,0,projected_js,0.04621097091876436,128
lot_paper_general,candidate,uncensored_refusal_like,instr_only,1,mmd_rbf,0.01455941516906023,128
lot_paper_general,candidate,uncensored_refusal_like,instr_only,1,projected_js,0.06073028119863011,128
lot_paper_general,candidate,uncensored_refusal_like,instr_only,2,mmd_rbf,0.015433191321790218,128
lot_paper_general,candidate,uncensored_refusal_like,instr_only,2,projected_js,0.06401491406722926,128
lot_paper_general,candidate,uncensored_refusal_like,instr_only,3,mmd_rbf,0.018514594063162804,128
lot_paper_general,candidate,uncensored_refusal_like,instr_only,3,projected_js,0.07400757752475329,128
lot_paper_general,candidate,uncensored_refusal_like,instr_only,4,mmd_rbf,0.022594863548874855,128
lot_paper_general,candidate,uncensored_refusal_like,instr_only,4,projected_js,0.08218926523113623,128
lot_paper_general,candidate,uncensored_refusal_like,instr_only,5,mmd_rbf,0.025179361924529076,128
lot_paper_general,candidate,uncensored_refusal_like,instr_only,5,projected_js,0.08001345308730379,128
lot_paper_general,candidate,uncensored_refusal_like,instr_only,6,mmd_rbf,0.01970096491277218,128
lot_paper_general,candidate,uncensored_refusal_like,instr_only,6,projected_js,0.07173258875263855,128
lot_paper_general,candidate,uncensored_refusal_like,instr_only,7,mmd_rbf,0.02394108474254608,128
lot_paper_general,candidate,uncensored_refusal_like,instr_only,7,projected_js,0.07712577743222937,128
lot_paper_general,candidate,uncensored_refusal_like,instr_only,8,mmd_rbf,0.027244165539741516,128
lot_paper_general,candidate,uncensored_refusal_like,instr_only,8,projected_js,0.0791145944967866,128
lot_paper_general,candidate,uncensored_refusal_like,instr_only,9,mmd_rbf,0.03363404795527458,128
lot_paper_general,candidate,uncensored_refusal_like,instr_only,9,projected_js,0.08625144418329,128
lot_paper_general,candidate,uncensored_refusal_like,instr_only,10,mmd_rbf,0.033876217901706696,128
lot_paper_general,candidate,uncensored_refusal_like,instr_only,10,projected_js,0.09299687010934576,128
lot_paper_general,candidate,uncensored_refusal_like,instr_only,11,mmd_rbf,0.033510785549879074,128
lot_paper_general,candidate,uncensored_refusal_like,instr_only,11,projected_js,0.09270767611451447,128
lot_paper_general,candidate,uncensored_refusal_like,instr_only,12,mmd_rbf,0.03373052552342415,128
lot_paper_general,candidate,uncensored_refusal_like,instr_only,12,projected_js,0.09077035804511979,128
lot_paper_general,candidate,uncensored_refusal_like,instr_only,13,mmd_rbf,0.03546983748674393,128
lot_paper_general,candidate,uncensored_refusal_like,instr_only,13,projected_js,0.09236895787762478,128
lot_paper_general,candidate,uncensored_refusal_like,instr_only,14,mmd_rbf,0.032763998955488205,128
lot_paper_general,candidate,uncensored_refusal_like,instr_only,14,projected_js,0.08941854571457952,128
lot_paper_general,candidate,uncensored_refusal_like,instr_only,15,mmd_rbf,0.031454820185899734,128
lot_paper_general,candidate,uncensored_refusal_like,instr_only,15,projected_js,0.09102006175089628,128
lot_paper_general,candidate,uncensored_refusal_like,instr_only,16,mmd_rbf,0.032143112272024155,128
lot_paper_general,candidate,uncensored_refusal_like,instr_only,16,projected_js,0.08783042023424059,128
lot_paper_general,candidate,uncensored_refusal_like,instr_only,17,mmd_rbf,0.034107424318790436,128
lot_paper_general,candidate,uncensored_refusal_like,instr_only,17,projected_js,0.08573493891162798,128
lot_paper_general,candidate,uncensored_refusal_like,instr_only,18,mmd_rbf,0.03537183254957199,128
lot_paper_general,candidate,uncensored_refusal_like,instr_only,18,projected_js,0.09082079760264605,128
lot_paper_general,candidate,uncensored_refusal_like,instr_only,19,mmd_rbf,0.037051137536764145,128
lot_paper_general,candidate,uncensored_refusal_like,instr_only,19,projected_js,0.09103297890396789,128
lot_paper_general,candidate,uncensored_refusal_like,instr_only,20,mmd_rbf,0.03623191639780998,128
lot_paper_general,candidate,uncensored_refusal_like,instr_only,20,projected_js,0.09016211627749726,128
lot_paper_general,candidate,uncensored_refusal_like,instr_only,21,mmd_rbf,0.03952796012163162,128
lot_paper_general,candidate,uncensored_refusal_like,instr_only,21,projected_js,0.08898976957425475,128
lot_paper_general,candidate,uncensored_refusal_like,instr_only,22,mmd_rbf,0.036882247775793076,128
lot_paper_general,candidate,uncensored_refusal_like,instr_only,22,projected_js,0.08807831461308524,128
lot_paper_general,candidate,uncensored_refusal_like,instr_only,23,mmd_rbf,0.03487977758049965,128
lot_paper_general,candidate,uncensored_refusal_like,instr_only,23,projected_js,0.08761221839813516,128
lot_paper_general,candidate,uncensored_refusal_like,instr_only,24,mmd_rbf,0.037746984511613846,128
lot_paper_general,candidate,uncensored_refusal_like,instr_only,24,projected_js,0.09282551676733419,128
lot_paper_general,candidate,uncensored_refusal_like,instr_only,25,mmd_rbf,0.040754612535238266,128
lot_paper_general,candidate,uncensored_refusal_like,instr_only,25,projected_js,0.09171193782822229,128
lot_paper_general,candidate,uncensored_refusal_like,instr_only,26,mmd_rbf,0.045121174305677414,128
lot_paper_general,candidate,uncensored_refusal_like,instr_only,26,projected_js,0.09662732994183898,128
lot_paper_general,candidate,uncensored_refusal_like,instr_only,27,mmd_rbf,0.04856778681278229,128
lot_paper_general,candidate,uncensored_refusal_like,instr_only,27,projected_js,0.09693093929672614,128
lot_paper_general,candidate,uncensored_refusal_like,instr_only,28,mmd_rbf,0.04967565834522247,128
lot_paper_general,candidate,uncensored_refusal_like,instr_only,28,projected_js,0.10617844125954434,128
lot_paper_general,candidate,uncensored_refusal_like,instr_only,29,mmd_rbf,0.051443614065647125,128
lot_paper_general,candidate,uncensored_refusal_like,instr_only,29,projected_js,0.10041220491984859,128
lot_paper_general,candidate,uncensored_refusal_like,instr_only,30,mmd_rbf,0.05406545475125313,128
lot_paper_general,candidate,uncensored_refusal_like,instr_only,30,projected_js,0.10063013876788318,128
lot_paper_general,candidate,uncensored_refusal_like,instr_only,31,mmd_rbf,0.05553724989295006,128
lot_paper_general,candidate,uncensored_refusal_like,instr_only,31,projected_js,0.10109419346554205,128
lot_paper_general,candidate,uncensored_refusal_like,instr_only,32,mmd_rbf,0.05960208922624588,128
lot_paper_general,candidate,uncensored_refusal_like,instr_only,32,projected_js,0.10034494433784857,128
lot_paper_general,candidate,uncensored_refusal_like,instr_only,33,mmd_rbf,0.06376885622739792,128
lot_paper_general,candidate,uncensored_refusal_like,instr_only,33,projected_js,0.10254252015147358,128
lot_paper_general,candidate,uncensored_refusal_like,instr_only,34,mmd_rbf,0.07281791418790817,128
lot_paper_general,candidate,uncensored_refusal_like,instr_only,34,projected_js,0.11521176691167057,128
lot_paper_general,candidate,uncensored_refusal_like,instr_only,35,mmd_rbf,0.12191832065582275,128
lot_paper_general,candidate,uncensored_refusal_like,instr_only,35,projected_js,0.16104605852160603,128
lot_paper_general,candidate,uncensored_refusal_like,reasoning_only,0,mmd_rbf,0.018945802003145218,128
lot_paper_general,candidate,uncensored_refusal_like,reasoning_only,0,projected_js,0.08322075256728567,128
lot_paper_general,candidate,uncensored_refusal_like,reasoning_only,1,mmd_rbf,0.026252061128616333,128
lot_paper_general,candidate,uncensored_refusal_like,reasoning_only,1,projected_js,0.08198306569829583,128
lot_paper_general,candidate,uncensored_refusal_like,reasoning_only,2,mmd_rbf,0.028085974976420403,128
lot_paper_general,candidate,uncensored_refusal_like,reasoning_only,2,projected_js,0.07997189281741157,128
lot_paper_general,candidate,uncensored_refusal_like,reasoning_only,3,mmd_rbf,0.030424250289797783,128
lot_paper_general,candidate,uncensored_refusal_like,reasoning_only,3,projected_js,0.08370967811788432,128
lot_paper_general,candidate,uncensored_refusal_like,reasoning_only,4,mmd_rbf,0.029091274365782738,128
lot_paper_general,candidate,uncensored_refusal_like,reasoning_only,4,projected_js,0.0894902179716155,128
lot_paper_general,candidate,uncensored_refusal_like,reasoning_only,5,mmd_rbf,0.028887314721941948,128
lot_paper_general,candidate,uncensored_refusal_like,reasoning_only,5,projected_js,0.09081816952675581,128
lot_paper_general,candidate,uncensored_refusal_like,reasoning_only,6,mmd_rbf,0.021191934123635292,128
lot_paper_general,candidate,uncensored_refusal_like,reasoning_only,6,projected_js,0.07948322335141711,128
lot_paper_general,candidate,uncensored_refusal_like,reasoning_only,7,mmd_rbf,0.02318757027387619,128
lot_paper_general,candidate,uncensored_refusal_like,reasoning_only,7,projected_js,0.08338626541080885,128
lot_paper_general,candidate,uncensored_refusal_like,reasoning_only,8,mmd_rbf,0.025517860427498817,128
lot_paper_general,candidate,uncensored_refusal_like,reasoning_only,8,projected_js,0.09100016375305131,128
lot_paper_general,candidate,uncensored_refusal_like,reasoning_only,9,mmd_rbf,0.031349845230579376,128
lot_paper_general,candidate,uncensored_refusal_like,reasoning_only,9,projected_js,0.08948726468952373,128
lot_paper_general,candidate,uncensored_refusal_like,reasoning_only,10,mmd_rbf,0.03645544499158859,128
lot_paper_general,candidate,uncensored_refusal_like,reasoning_only,10,projected_js,0.09304273658199236,128
lot_paper_general,candidate,uncensored_refusal_like,reasoning_only,11,mmd_rbf,0.03810013085603714,128
lot_paper_general,candidate,uncensored_refusal_like,reasoning_only,11,projected_js,0.09039118577493355,128
lot_paper_general,candidate,uncensored_refusal_like,reasoning_only,12,mmd_rbf,0.03861995413899422,128
lot_paper_general,candidate,uncensored_refusal_like,reasoning_only,12,projected_js,0.09010725503321737,128
lot_paper_general,candidate,uncensored_refusal_like,reasoning_only,13,mmd_rbf,0.04164533689618111,128
lot_paper_general,candidate,uncensored_refusal_like,reasoning_only,13,projected_js,0.09086264210054651,128
lot_paper_general,candidate,uncensored_refusal_like,reasoning_only,14,mmd_rbf,0.0382511280477047,128
lot_paper_general,candidate,uncensored_refusal_like,reasoning_only,14,projected_js,0.0838178806588985,128
lot_paper_general,candidate,uncensored_refusal_like,reasoning_only,15,mmd_rbf,0.038907818496227264,128
lot_paper_general,candidate,uncensored_refusal_like,reasoning_only,15,projected_js,0.08345310774166137,128
lot_paper_general,candidate,uncensored_refusal_like,reasoning_only,16,mmd_rbf,0.03837544098496437,128
lot_paper_general,candidate,uncensored_refusal_like,reasoning_only,16,projected_js,0.08379084547050297,128
lot_paper_general,candidate,uncensored_refusal_like,reasoning_only,17,mmd_rbf,0.037916798144578934,128
lot_paper_general,candidate,uncensored_refusal_like,reasoning_only,17,projected_js,0.08363673480926082,128
lot_paper_general,candidate,uncensored_refusal_like,reasoning_only,18,mmd_rbf,0.04106420278549194,128
lot_paper_general,candidate,uncensored_refusal_like,reasoning_only,18,projected_js,0.0858074389398098,128
lot_paper_general,candidate,uncensored_refusal_like,reasoning_only,19,mmd_rbf,0.03834829851984978,128
lot_paper_general,candidate,uncensored_refusal_like,reasoning_only,19,projected_js,0.08700112818041816,128
lot_paper_general,candidate,uncensored_refusal_like,reasoning_only,20,mmd_rbf,0.041730333119630814,128
lot_paper_general,candidate,uncensored_refusal_like,reasoning_only,20,projected_js,0.08884433994535357,128
lot_paper_general,candidate,uncensored_refusal_like,reasoning_only,21,mmd_rbf,0.04515485838055611,128
lot_paper_general,candidate,uncensored_refusal_like,reasoning_only,21,projected_js,0.09249814570648596,128
lot_paper_general,candidate,uncensored_refusal_like,reasoning_only,22,mmd_rbf,0.04496462270617485,128
lot_paper_general,candidate,uncensored_refusal_like,reasoning_only,22,projected_js,0.09694760362617671,128
lot_paper_general,candidate,uncensored_refusal_like,reasoning_only,23,mmd_rbf,0.04122374579310417,128
lot_paper_general,candidate,uncensored_refusal_like,reasoning_only,23,projected_js,0.08933471399359405,128
lot_paper_general,candidate,uncensored_refusal_like,reasoning_only,24,mmd_rbf,0.0497342012822628,128
lot_paper_general,candidate,uncensored_refusal_like,reasoning_only,24,projected_js,0.1004066527239047,128
lot_paper_general,candidate,uncensored_refusal_like,reasoning_only,25,mmd_rbf,0.05163173750042915,128
lot_paper_general,candidate,uncensored_refusal_like,reasoning_only,25,projected_js,0.10242813144577667,128
lot_paper_general,candidate,uncensored_refusal_like,reasoning_only,26,mmd_rbf,0.055957842618227005,128
lot_paper_general,candidate,uncensored_refusal_like,reasoning_only,26,projected_js,0.10232661769259721,128
lot_paper_general,candidate,uncensored_refusal_like,reasoning_only,27,mmd_rbf,0.06002984195947647,128
lot_paper_general,candidate,uncensored_refusal_like,reasoning_only,27,projected_js,0.09938546019839123,128
lot_paper_general,candidate,uncensored_refusal_like,reasoning_only,28,mmd_rbf,0.06020860746502876,128
lot_paper_general,candidate,uncensored_refusal_like,reasoning_only,28,projected_js,0.10918423085240647,128
lot_paper_general,candidate,uncensored_refusal_like,reasoning_only,29,mmd_rbf,0.05877432972192764,128
lot_paper_general,candidate,uncensored_refusal_like,reasoning_only,29,projected_js,0.11471883184276521,128
lot_paper_general,candidate,uncensored_refusal_like,reasoning_only,30,mmd_rbf,0.06446956843137741,128
lot_paper_general,candidate,uncensored_refusal_like,reasoning_only,30,projected_js,0.12483998719835654,128
lot_paper_general,candidate,uncensored_refusal_like,reasoning_only,31,mmd_rbf,0.06395932286977768,128
lot_paper_general,candidate,uncensored_refusal_like,reasoning_only,31,projected_js,0.12015565583715215,128
lot_paper_general,candidate,uncensored_refusal_like,reasoning_only,32,mmd_rbf,0.06652456521987915,128
lot_paper_general,candidate,uncensored_refusal_like,reasoning_only,32,projected_js,0.1192271044710651,128
lot_paper_general,candidate,uncensored_refusal_like,reasoning_only,33,mmd_rbf,0.06551190465688705,128
lot_paper_general,candidate,uncensored_refusal_like,reasoning_only,33,projected_js,0.11605313117615879,128
lot_paper_general,candidate,uncensored_refusal_like,reasoning_only,34,mmd_rbf,0.07464966177940369,128
lot_paper_general,candidate,uncensored_refusal_like,reasoning_only,34,projected_js,0.12289618130307645,128
lot_paper_general,candidate,uncensored_refusal_like,reasoning_only,35,mmd_rbf,0.07110846042633057,128
lot_paper_general,candidate,uncensored_refusal_like,reasoning_only,35,projected_js,0.11412814783398062,128
lot_paper_general,candidate,uncensored_refusal_like,uncensored_only,0,mmd_rbf,0.014020919799804688,128
lot_paper_general,candidate,uncensored_refusal_like,uncensored_only,0,projected_js,0.06542340820305981,128
lot_paper_general,candidate,uncensored_refusal_like,uncensored_only,1,mmd_rbf,0.215765580534935,128
lot_paper_general,candidate,uncensored_refusal_like,uncensored_only,1,projected_js,0.24324188521131873,128
lot_paper_general,candidate,uncensored_refusal_like,uncensored_only,2,mmd_rbf,0.20211303234100342,128
lot_paper_general,candidate,uncensored_refusal_like,uncensored_only,2,projected_js,0.20712018810445443,128
lot_paper_general,candidate,uncensored_refusal_like,uncensored_only,3,mmd_rbf,0.1653221994638443,128
lot_paper_general,candidate,uncensored_refusal_like,uncensored_only,3,projected_js,0.1677955387858674,128
lot_paper_general,candidate,uncensored_refusal_like,uncensored_only,4,mmd_rbf,0.13544470071792603,128
lot_paper_general,candidate,uncensored_refusal_like,uncensored_only,4,projected_js,0.16838299750816077,128
lot_paper_general,candidate,uncensored_refusal_like,uncensored_only,5,mmd_rbf,0.11015328019857407,128
lot_paper_general,candidate,uncensored_refusal_like,uncensored_only,5,projected_js,0.16594453278230503,128
lot_paper_general,candidate,uncensored_refusal_like,uncensored_only,6,mmd_rbf,0.06987011432647705,128
lot_paper_general,candidate,uncensored_refusal_like,uncensored_only,6,projected_js,0.12337876344099641,128
lot_paper_general,candidate,uncensored_refusal_like,uncensored_only,7,mmd_rbf,0.058911390602588654,128
lot_paper_general,candidate,uncensored_refusal_like,uncensored_only,7,projected_js,0.11123330018017441,128
lot_paper_general,candidate,uncensored_refusal_like,uncensored_only,8,mmd_rbf,0.04963642731308937,128
lot_paper_general,candidate,uncensored_refusal_like,uncensored_only,8,projected_js,0.09738059574738145,128
lot_paper_general,candidate,uncensored_refusal_like,uncensored_only,9,mmd_rbf,0.048634618520736694,128
lot_paper_general,candidate,uncensored_refusal_like,uncensored_only,9,projected_js,0.09184431907488033,128
lot_paper_general,candidate,uncensored_refusal_like,uncensored_only,10,mmd_rbf,0.044280361384153366,128
lot_paper_general,candidate,uncensored_refusal_like,uncensored_only,10,projected_js,0.09993849316379055,128
lot_paper_general,candidate,uncensored_refusal_like,uncensored_only,11,mmd_rbf,0.03779177367687225,128
lot_paper_general,candidate,uncensored_refusal_like,uncensored_only,11,projected_js,0.08689703769050539,128
lot_paper_general,candidate,uncensored_refusal_like,uncensored_only,12,mmd_rbf,0.03908310830593109,128
lot_paper_general,candidate,uncensored_refusal_like,uncensored_only,12,projected_js,0.09349574288353324,128
lot_paper_general,candidate,uncensored_refusal_like,uncensored_only,13,mmd_rbf,0.042007870972156525,128
lot_paper_general,candidate,uncensored_refusal_like,uncensored_only,13,projected_js,0.10018343752017245,128
lot_paper_general,candidate,uncensored_refusal_like,uncensored_only,14,mmd_rbf,0.03978301212191582,128
lot_paper_general,candidate,uncensored_refusal_like,uncensored_only,14,projected_js,0.09660856518894434,128
lot_paper_general,candidate,uncensored_refusal_like,uncensored_only,15,mmd_rbf,0.04360852390527725,128
lot_paper_general,candidate,uncensored_refusal_like,uncensored_only,15,projected_js,0.09923319821245968,128
lot_paper_general,candidate,uncensored_refusal_like,uncensored_only,16,mmd_rbf,0.045038193464279175,128
lot_paper_general,candidate,uncensored_refusal_like,uncensored_only,16,projected_js,0.09258919063722715,128
lot_paper_general,candidate,uncensored_refusal_like,uncensored_only,17,mmd_rbf,0.045252393931150436,128
lot_paper_general,candidate,uncensored_refusal_like,uncensored_only,17,projected_js,0.09330066113034263,128
lot_paper_general,candidate,uncensored_refusal_like,uncensored_only,18,mmd_rbf,0.04881110414862633,128
lot_paper_general,candidate,uncensored_refusal_like,uncensored_only,18,projected_js,0.09404910443117842,128
lot_paper_general,candidate,uncensored_refusal_like,uncensored_only,19,mmd_rbf,0.04843040928244591,128
lot_paper_general,candidate,uncensored_refusal_like,uncensored_only,19,projected_js,0.09578408906236291,128
lot_paper_general,candidate,uncensored_refusal_like,uncensored_only,20,mmd_rbf,0.04930632561445236,128
lot_paper_general,candidate,uncensored_refusal_like,uncensored_only,20,projected_js,0.09445431386120617,128
lot_paper_general,candidate,uncensored_refusal_like,uncensored_only,21,mmd_rbf,0.05383959412574768,128
lot_paper_general,candidate,uncensored_refusal_like,uncensored_only,21,projected_js,0.10034697421360761,128
lot_paper_general,candidate,uncensored_refusal_like,uncensored_only,22,mmd_rbf,0.05351659283041954,128
lot_paper_general,candidate,uncensored_refusal_like,uncensored_only,22,projected_js,0.1004100808640942,128
lot_paper_general,candidate,uncensored_refusal_like,uncensored_only,23,mmd_rbf,0.0530678890645504,128
lot_paper_general,candidate,uncensored_refusal_like,uncensored_only,23,projected_js,0.11278497526654974,128
lot_paper_general,candidate,uncensored_refusal_like,uncensored_only,24,mmd_rbf,0.05821734666824341,128
lot_paper_general,candidate,uncensored_refusal_like,uncensored_only,24,projected_js,0.11652006534859538,128
lot_paper_general,candidate,uncensored_refusal_like,uncensored_only,25,mmd_rbf,0.06082930788397789,128
lot_paper_general,candidate,uncensored_refusal_like,uncensored_only,25,projected_js,0.10301788744982332,128
lot_paper_general,candidate,uncensored_refusal_like,uncensored_only,26,mmd_rbf,0.06503774225711823,128
lot_paper_general,candidate,uncensored_refusal_like,uncensored_only,26,projected_js,0.10857939580455422,128
lot_paper_general,candidate,uncensored_refusal_like,uncensored_only,27,mmd_rbf,0.06712637841701508,128
lot_paper_general,candidate,uncensored_refusal_like,uncensored_only,27,projected_js,0.114180704113096,128
lot_paper_general,candidate,uncensored_refusal_like,uncensored_only,28,mmd_rbf,0.06803737580776215,128
lot_paper_general,candidate,uncensored_refusal_like,uncensored_only,28,projected_js,0.12395346310222521,128
lot_paper_general,candidate,uncensored_refusal_like,uncensored_only,29,mmd_rbf,0.06769272685050964,128
lot_paper_general,candidate,uncensored_refusal_like,uncensored_only,29,projected_js,0.11769823014037684,128
lot_paper_general,candidate,uncensored_refusal_like,uncensored_only,30,mmd_rbf,0.07173041999340057,128
lot_paper_general,candidate,uncensored_refusal_like,uncensored_only,30,projected_js,0.11572424531914294,128
lot_paper_general,candidate,uncensored_refusal_like,uncensored_only,31,mmd_rbf,0.07170553505420685,128
lot_paper_general,candidate,uncensored_refusal_like,uncensored_only,31,projected_js,0.11257707659387961,128
lot_paper_general,candidate,uncensored_refusal_like,uncensored_only,32,mmd_rbf,0.07516665756702423,128
lot_paper_general,candidate,uncensored_refusal_like,uncensored_only,32,projected_js,0.1163270928664133,128
lot_paper_general,candidate,uncensored_refusal_like,uncensored_only,33,mmd_rbf,0.07843752205371857,128
lot_paper_general,candidate,uncensored_refusal_like,uncensored_only,33,projected_js,0.11210198141634464,128
lot_paper_general,candidate,uncensored_refusal_like,uncensored_only,34,mmd_rbf,0.08471869677305222,128
lot_paper_general,candidate,uncensored_refusal_like,uncensored_only,34,projected_js,0.13338126603048295,128
lot_paper_general,candidate,uncensored_refusal_like,uncensored_only,35,mmd_rbf,0.1273079663515091,128
lot_paper_general,candidate,uncensored_refusal_like,uncensored_only,35,projected_js,0.15806625067489222,128
