model_id,model_kind,calib_subset,target_id,layer,metric,value,n_prompts
lot_paper_instruction,candidate,general,base,0,mmd_rbf,0.0075244964100420475,128
lot_paper_instruction,candidate,general,base,0,projected_js,0.048168567212997004,128
lot_paper_instruction,candidate,general,base,1,mmd_rbf,0.01801406405866146,128
lot_paper_instruction,candidate,general,base,1,projected_js,0.05818842053122353,128
lot_paper_instruction,candidate,general,base,2,mmd_rbf,0.01511825155466795,128
lot_paper_instruction,candidate,general,base,2,projected_js,0.061619332496775314,128
lot_paper_instruction,candidate,general,base,3,mmd_rbf,0.01583038829267025,128
lot_paper_instruction,candidate,general,base,3,projected_js,0.06258329999400303,128
lot_paper_instruction,candidate,general,base,4,mmd_rbf,0.014326328411698341,128
lot_paper_instruction,candidate,general,base,4,projected_js,0.06330973590957001,128
lot_paper_instruction,candidate,general,base,5,mmd_rbf,0.013120392337441444,128
lot_paper_instruction,candidate,general,base,5,projected_js,0.06138345395447686,128
lot_paper_instruction,candidate,general,base,6,mmd_rbf,0.010436407290399075,128
lot_paper_instruction,candidate,general,base,6,projected_js,0.05840299392002635,128
lot_paper_instruction,candidate,general,base,7,mmd_rbf,0.009423308074474335,128
lot_paper_instruction,candidate,general,base,7,projected_js,0.05910134525038302,128
lot_paper_instruction,candidate,general,base,8,mmd_rbf,0.008316826075315475,128
lot_paper_instruction,candidate,general,base,8,projected_js,0.05860843986738473,128
lot_paper_instruction,candidate,general,base,9,mmd_rbf,0.009028675965964794,128
lot_paper_instruction,candidate,general,base,9,projected_js,0.05880109843565151,128
lot_paper_instruction,candidate,general,base,10,mmd_rbf,0.011362244375050068,128
lot_paper_instruction,candidate,general,base,10,projected_js,0.06226882489863783,128
lot_paper_instruction,candidate,general,base,11,mmd_rbf,0.010555033572018147,128
lot_paper_instruction,candidate,general,base,11,projected_js,0.061244043870829046,128
lot_paper_instruction,candidate,general,base,12,mmd_rbf,0.01080242544412613,128
lot_paper_instruction,candidate,general,base,12,projected_js,0.06397228472633287,128
lot_paper_instruction,candidate,general,base,13,mmd_rbf,0.011434447020292282,128
lot_paper_instruction,candidate,general,base,13,projected_js,0.062140123918652534,128
lot_paper_instruction,candidate,general,base,14,mmd_rbf,0.01154387928545475,128
lot_paper_instruction,candidate,general,base,14,projected_js,0.060378981521353126,128
lot_paper_instruction,candidate,general,base,15,mmd_rbf,0.011726053431630135,128
lot_paper_instruction,candidate,general,base,15,projected_js,0.06661268789321184,128
lot_paper_instruction,candidate,general,base,16,mmd_rbf,0.013721883296966553,128
lot_paper_instruction,candidate,general,base,16,projected_js,0.0641216515796259,128
lot_paper_instruction,candidate,general,base,17,mmd_rbf,0.013260230422019958,128
lot_paper_instruction,candidate,general,base,17,projected_js,0.06502025737427175,128
lot_paper_instruction,candidate,general,base,18,mmd_rbf,0.014071449637413025,128
lot_paper_instruction,candidate,general,base,18,projected_js,0.07022326264996082,128
lot_paper_instruction,candidate,general,base,19,mmd_rbf,0.014509600587189198,128
lot_paper_instruction,candidate,general,base,19,projected_js,0.06919189682230353,128
lot_paper_instruction,candidate,general,base,20,mmd_rbf,0.014129618182778358,128
lot_paper_instruction,candidate,general,base,20,projected_js,0.06828685355139896,128
lot_paper_instruction,candidate,general,base,21,mmd_rbf,0.0146616967394948,128
lot_paper_instruction,candidate,general,base,21,projected_js,0.0664891189080663,128
lot_paper_instruction,candidate,general,base,22,mmd_rbf,0.01396128535270691,128
lot_paper_instruction,candidate,general,base,22,projected_js,0.06953760216129012,128
lot_paper_instruction,candidate,general,base,23,mmd_rbf,0.012476244941353798,128
lot_paper_instruction,candidate,general,base,23,projected_js,0.06681042740819976,128
lot_paper_instruction,candidate,general,base,24,mmd_rbf,0.011093833483755589,128
lot_paper_instruction,candidate,general,base,24,projected_js,0.06289242173079401,128
lot_paper_instruction,candidate,general,base,25,mmd_rbf,0.010066973976790905,128
lot_paper_instruction,candidate,general,base,25,projected_js,0.0629486563266255,128
lot_paper_instruction,candidate,general,base,26,mmd_rbf,0.009706373326480389,128
lot_paper_instruction,candidate,general,base,26,projected_js,0.06043485237751156,128
lot_paper_instruction,candidate,general,base,27,mmd_rbf,0.009493659250438213,128
lot_paper_instruction,candidate,general,base,27,projected_js,0.062424436007859185,128
lot_paper_instruction,candidate,general,base,28,mmd_rbf,0.009225639514625072,128
lot_paper_instruction,candidate,general,base,28,projected_js,0.06453310820506886,128
lot_paper_instruction,candidate,general,base,29,mmd_rbf,0.0086029889062047,128
lot_paper_instruction,candidate,general,base,29,projected_js,0.06372813312918879,128
lot_paper_instruction,candidate,general,base,30,mmd_rbf,0.008236073888838291,128
lot_paper_instruction,candidate,general,base,30,projected_js,0.0619032426038757,128
lot_paper_instruction,candidate,general,base,31,mmd_rbf,0.007928415201604366,128
lot_paper_instruction,candidate,general,base,31,projected_js,0.06054229207802564,128
lot_paper_instruction,candidate,general,base,32,mmd_rbf,0.008714556694030762,128
lot_paper_instruction,candidate,general,base,32,projected_js,0.05781101618777029,128
lot_paper_instruction,candidate,general,base,33,mmd_rbf,0.009315215051174164,128
lot_paper_instruction,candidate,general,base,33,projected_js,0.0635799067094922,128
lot_paper_instruction,candidate,general,base,34,mmd_rbf,0.017243096604943275,128
lot_paper_instruction,candidate,general,base,34,projected_js,0.07074340249528177,128
lot_paper_instruction,candidate,general,base,35,mmd_rbf,0.11524388939142227,128
lot_paper_instruction,candidate,general,base,35,projected_js,0.15078821952920407,128
lot_paper_instruction,candidate,general,instr_only,0,mmd_rbf,0.002859568689018488,128
lot_paper_instruction,candidate,general,instr_only,0,projected_js,0.028891526118968613,128
lot_paper_instruction,candidate,general,instr_only,1,mmd_rbf,0.012099402956664562,128
lot_paper_instruction,candidate,general,instr_only,1,projected_js,0.048800842865603045,128
lot_paper_instruction,candidate,general,instr_only,2,mmd_rbf,0.009088000282645226,128
lot_paper_instruction,candidate,general,instr_only,2,projected_js,0.05196852234075777,128
lot_paper_instruction,candidate,general,instr_only,3,mmd_rbf,0.008308100514113903,128
lot_paper_instruction,candidate,general,instr_only,3,projected_js,0.05332921555964276,128
lot_paper_instruction,candidate,general,instr_only,4,mmd_rbf,0.007695268373936415,128
lot_paper_instruction,candidate,general,instr_only,4,projected_js,0.05163073766743764,128
lot_paper_instruction,candidate,general,instr_only,5,mmd_rbf,0.006929026450961828,128
lot_paper_instruction,candidate,general,instr_only,5,projected_js,0.050348411954473704,128
lot_paper_instruction,candidate,general,instr_only,6,mmd_rbf,0.005693941842764616,128
lot_paper_instruction,candidate,general,instr_only,6,projected_js,0.0466683421691414,128
lot_paper_instruction,candidate,general,instr_only,7,mmd_rbf,0.004782009869813919,128
lot_paper_instruction,candidate,general,instr_only,7,projected_js,0.05147919728187844,128
lot_paper_instruction,candidate,general,instr_only,8,mmd_rbf,0.004532873630523682,128
lot_paper_instruction,candidate,general,instr_only,8,projected_js,0.04923556788708083,128
lot_paper_instruction,candidate,general,instr_only,9,mmd_rbf,0.0046847821213305,128
lot_paper_instruction,candidate,general,instr_only,9,projected_js,0.05213351605925709,128
lot_paper_instruction,candidate,general,instr_only,10,mmd_rbf,0.006867741234600544,128
lot_paper_instruction,candidate,general,instr_only,10,projected_js,0.05787567113293335,128
lot_paper_instruction,candidate,general,instr_only,11,mmd_rbf,0.00662671634927392,128
lot_paper_instruction,candidate,general,instr_only,11,projected_js,0.06078105646884069,128
lot_paper_instruction,candidate,general,instr_only,12,mmd_rbf,0.006448285188525915,128
lot_paper_instruction,candidate,general,instr_only,12,projected_js,0.05756212645792402,128
lot_paper_instruction,candidate,general,instr_only,13,mmd_rbf,0.006532052997499704,128
lot_paper_instruction,candidate,general,instr_only,13,projected_js,0.06138305412605405,128
lot_paper_instruction,candidate,general,instr_only,14,mmd_rbf,0.006281424313783646,128
lot_paper_instruction,candidate,general,instr_only,14,projected_js,0.06038543122122064,128
lot_paper_instruction,candidate,general,instr_only,15,mmd_rbf,0.006033217068761587,128
lot_paper_instruction,candidate,general,instr_only,15,projected_js,0.06158241064986214,128
lot_paper_instruction,candidate,general,instr_only,16,mmd_rbf,0.006233821623027325,128
lot_paper_instruction,candidate,general,instr_only,16,projected_js,0.06075407192111015,128
lot_paper_instruction,candidate,general,instr_only,17,mmd_rbf,0.006013561971485615,128
lot_paper_instruction,candidate,general,instr_only,17,projected_js,0.06125135809998028,128
lot_paper_instruction,candidate,general,instr_only,18,mmd_rbf,0.006052800454199314,128
lot_paper_instruction,candidate,general,instr_only,18,projected_js,0.06097965285880491,128
lot_paper_instruction,candidate,general,instr_only,19,mmd_rbf,0.0058737765066325665,128
lot_paper_instruction,candidate,general,instr_only,19,projected_js,0.06294570548925549,128
lot_paper_instruction,candidate,general,instr_only,20,mmd_rbf,0.005550466012209654,128
lot_paper_instruction,candidate,general,instr_only,20,projected_js,0.06030953966546804,128
lot_paper_instruction,candidate,general,instr_only,21,mmd_rbf,0.006010689772665501,128
lot_paper_instruction,candidate,general,instr_only,21,projected_js,0.06280138489091769,128
lot_paper_instruction,candidate,general,instr_only,22,mmd_rbf,0.005575986113399267,128
lot_paper_instruction,candidate,general,instr_only,22,projected_js,0.05872937198728323,128
lot_paper_instruction,candidate,general,instr_only,23,mmd_rbf,0.0048147826455533504,128
lot_paper_instruction,candidate,general,instr_only,23,projected_js,0.05848902071011253,128
lot_paper_instruction,candidate,general,instr_only,24,mmd_rbf,0.004582828376442194,128
lot_paper_instruction,candidate,general,instr_only,24,projected_js,0.060390438622562215,128
lot_paper_instruction,candidate,general,instr_only,25,mmd_rbf,0.004613134078681469,128
lot_paper_instruction,candidate,general,instr_only,25,projected_js,0.05786551465280354,128
lot_paper_instruction,candidate,general,instr_only,26,mmd_rbf,0.004725238773971796,128
lot_paper_instruction,candidate,general,instr_only,26,projected_js,0.05742734792875126,128
lot_paper_instruction,candidate,general,instr_only,27,mmd_rbf,0.004611271899193525,128
lot_paper_instruction,candidate,general,instr_only,27,projected_js,0.0547103303251788,128
lot_paper_instruction,candidate,general,instr_only,28,mmd_rbf,0.004756798502057791,128
lot_paper_instruction,candidate,general,instr_only,28,projected_js,0.054925341333728284,128
lot_paper_instruction,candidate,general,instr_only,29,mmd_rbf,0.0048228963278234005,128
lot_paper_instruction,candidate,general,instr_only,29,projected_js,0.0567081865738146,128
lot_paper_instruction,candidate,general,instr_only,30,mmd_rbf,0.0046341815032064915,128
lot_paper_instruction,candidate,general,instr_only,30,projected_js,0.05810436827596277,128
lot_paper_instruction,candidate,general,instr_only,31,mmd_rbf,0.004585518501698971,128
lot_paper_instruction,candidate,general,instr_only,31,projected_js,0.05897329858271405,128
lot_paper_instruction,candidate,general,instr_only,32,mmd_rbf,0.004914938937872648,128
lot_paper_instruction,candidate,general,instr_only,32,projected_js,0.05662646272685379,128
lot_paper_instruction,candidate,general,instr_only,33,mmd_rbf,0.0048715583980083466,128
lot_paper_instruction,candidate,general,instr_only,33,projected_js,0.056612787186168134,128
lot_paper_instruction,candidate,general,instr_only,34,mmd_rbf,0.005114285741001368,128
lot_paper_instruction,candidate,general,instr_only,34,projected_js,0.055779090034775436,128
lot_paper_instruction,candidate,general,instr_only,35,mmd_rbf,0.009308927692472935,128
lot_paper_instruction,candidate,general,instr_only,35,projected_js,0.05744624341605231,128
lot_paper_instruction,candidate,general,reasoning_only,0,mmd_rbf,0.01388242281973362,128
lot_paper_instruction,candidate,general,reasoning_only,0,projected_js,0.05817896913504228,128
lot_paper_instruction,candidate,general,reasoning_only,1,mmd_rbf,0.023407531902194023,128
lot_paper_instruction,candidate,general,reasoning_only,1,projected_js,0.07163155925809406,128
lot_paper_instruction,candidate,general,reasoning_only,2,mmd_rbf,0.021208515390753746,128
lot_paper_instruction,candidate,general,reasoning_only,2,projected_js,0.06643947921111248,128
lot_paper_instruction,candidate,general,reasoning_only,3,mmd_rbf,0.021393554285168648,128
lot_paper_instruction,candidate,general,reasoning_only,3,projected_js,0.07121690618805587,128
lot_paper_instruction,candidate,general,reasoning_only,4,mmd_rbf,0.019625535234808922,128
lot_paper_instruction,candidate,general,reasoning_only,4,projected_js,0.0706079498922918,128
lot_paper_instruction,candidate,general,reasoning_only,5,mmd_rbf,0.018443793058395386,128
lot_paper_instruction,candidate,general,reasoning_only,5,projected_js,0.06780486088246107,128
lot_paper_instruction,candidate,general,reasoning_only,6,mmd_rbf,0.012917593121528625,128
lot_paper_instruction,candidate,general,reasoning_only,6,projected_js,0.06105227820808068,128
lot_paper_instruction,candidate,general,reasoning_only,7,mmd_rbf,0.011629587970674038,128
lot_paper_instruction,candidate,general,reasoning_only,7,projected_js,0.0642992957145907,128
lot_paper_instruction,candidate,general,reasoning_only,8,mmd_rbf,0.009031802415847778,128
lot_paper_instruction,candidate,general,reasoning_only,8,projected_js,0.06252643413608894,128
lot_paper_instruction,candidate,general,reasoning_only,9,mmd_rbf,0.008997290395200253,128
lot_paper_instruction,candidate,general,reasoning_only,9,projected_js,0.061687912937486544,128
lot_paper_instruction,candidate,general,reasoning_only,10,mmd_rbf,0.010424311272799969,128
lot_paper_instruction,candidate,general,reasoning_only,10,projected_js,0.060462828900199383,128
lot_paper_instruction,candidate,general,reasoning_only,11,mmd_rbf,0.010220988653600216,128
lot_paper_instruction,candidate,general,reasoning_only,11,projected_js,0.0611535542702768,128
lot_paper_instruction,candidate,general,reasoning_only,12,mmd_rbf,0.010334722697734833,128
lot_paper_instruction,candidate,general,reasoning_only,12,projected_js,0.06448054441716522,128
lot_paper_instruction,candidate,general,reasoning_only,13,mmd_rbf,0.010767468251287937,128
lot_paper_instruction,candidate,general,reasoning_only,13,projected_js,0.0645878337090835,128
lot_paper_instruction,candidate,general,reasoning_only,14,mmd_rbf,0.011229350231587887,128
lot_paper_instruction,candidate,general,reasoning_only,14,projected_js,0.063517131813569,128
lot_paper_instruction,candidate,general,reasoning_only,15,mmd_rbf,0.011564257554709911,128
lot_paper_instruction,candidate,general,reasoning_only,15,projected_js,0.06914508761838078,128
lot_paper_instruction,candidate,general,reasoning_only,16,mmd_rbf,0.011999244801700115,128
lot_paper_instruction,candidate,general,reasoning_only,16,projected_js,0.06821524584665895,128
lot_paper_instruction,candidate,general,reasoning_only,17,mmd_rbf,0.011877558194100857,128
lot_paper_instruction,candidate,general,reasoning_only,17,projected_js,0.06438030119170435,128
lot_paper_instruction,candidate,general,reasoning_only,18,mmd_rbf,0.01306422334164381,128
lot_paper_instruction,candidate,general,reasoning_only,18,projected_js,0.06829333701170981,128
lot_paper_instruction,candidate,general,reasoning_only,19,mmd_rbf,0.0119725801050663,128
lot_paper_instruction,candidate,general,reasoning_only,19,projected_js,0.06424189446261153,128
lot_paper_instruction,candidate,general,reasoning_only,20,mmd_rbf,0.012045725248754025,128
lot_paper_instruction,candidate,general,reasoning_only,20,projected_js,0.06354293931508437,128
lot_paper_instruction,candidate,general,reasoning_only,21,mmd_rbf,0.013307376764714718,128
lot_paper_instruction,candidate,general,reasoning_only,21,projected_js,0.06613536743680015,128
lot_paper_instruction,candidate,general,reasoning_only,22,mmd_rbf,0.012038657441735268,128
lot_paper_instruction,candidate,general,reasoning_only,22,projected_js,0.06709651299752295,128
lot_paper_instruction,candidate,general,reasoning_only,23,mmd_rbf,0.010120408609509468,128
lot_paper_instruction,candidate,general,reasoning_only,23,projected_js,0.06865825573913753,128
lot_paper_instruction,candidate,general,reasoning_only,24,mmd_rbf,0.010605963878333569,128
lot_paper_instruction,candidate,general,reasoning_only,24,projected_js,0.06569444079650566,128
lot_paper_instruction,candidate,general,reasoning_only,25,mmd_rbf,0.009977429173886776,128
lot_paper_instruction,candidate,general,reasoning_only,25,projected_js,0.06160145770991221,128
lot_paper_instruction,candidate,general,reasoning_only,26,mmd_rbf,0.010069059208035469,128
lot_paper_instruction,candidate,general,reasoning_only,26,projected_js,0.06776173281832598,128
lot_paper_instruction,candidate,general,reasoning_only,27,mmd_rbf,0.009951978921890259,128
lot_paper_instruction,candidate,general,reasoning_only,27,projected_js,0.06663361447863281,128
lot_paper_instruction,candidate,general,reasoning_only,28,mmd_rbf,0.010128050111234188,128
lot_paper_instruction,candidate,general,reasoning_only,28,projected_js,0.06459769752109423,128
lot_paper_instruction,candidate,general,reasoning_only,29,mmd_rbf,0.009847900830209255,128
lot_paper_instruction,candidate,general,reasoning_only,29,projected_js,0.06298638894804753,128
lot_paper_instruction,candidate,general,reasoning_only,30,mmd_rbf,0.009824099950492382,128
lot_paper_instruction,candidate,general,reasoning_only,30,projected_js,0.06114361062645912,128
lot_paper_instruction,candidate,general,reasoning_only,31,mmd_rbf,0.009923985227942467,128
lot_paper_instruction,candidate,general,reasoning_only,31,projected_js,0.06379711741465144,128
lot_paper_instruction,candidate,general,reasoning_only,32,mmd_rbf,0.009910530410706997,128
lot_paper_instruction,candidate,general,reasoning_only,32,projected_js,0.06449652544688433,128
lot_paper_instruction,candidate,general,reasoning_only,33,mmd_rbf,0.010316194035112858,128
lot_paper_instruction,candidate,general,reasoning_only,33,projected_js,0.06600834120763466,128
lot_paper_instruction,candidate,general,reasoning_only,34,mmd_rbf,0.012803778052330017,128
lot_paper_instruction,candidate,general,reasoning_only,34,projected_js,0.0666222054278478,128
lot_paper_instruction,candidate,general,reasoning_only,35,mmd_rbf,0.0720667839050293,128
lot_paper_instruction,candidate,general,reasoning_only,35,projected_js,0.11391257733339444,128
lot_paper_instruction,candidate,general,uncensored_only,0,mmd_rbf,0.007264262530952692,128
lot_paper_instruction,candidate,general,uncensored_only,0,projected_js,0.041873437745380215,128
lot_paper_instruction,candidate,general,uncensored_only,1,mmd_rbf,0.13849091529846191,128
lot_paper_instruction,candidate,general,uncensored_only,1,projected_js,0.1574995925766416,128
lot_paper_instruction,candidate,general,uncensored_only,2,mmd_rbf,0.12449834495782852,128
lot_paper_instruction,candidate,general,uncensored_only,2,projected_js,0.12956528255017474,128
lot_paper_instruction,candidate,general,uncensored_only,3,mmd_rbf,0.09420417994260788,128
lot_paper_instruction,candidate,general,uncensored_only,3,projected_js,0.11463855346664786,128
lot_paper_instruction,candidate,general,uncensored_only,4,mmd_rbf,0.06925324350595474,128
lot_paper_instruction,candidate,general,uncensored_only,4,projected_js,0.1078495936235413,128
lot_paper_instruction,candidate,general,uncensored_only,5,mmd_rbf,0.050549138337373734,128
lot_paper_instruction,candidate,general,uncensored_only,5,projected_js,0.10463769652415067,128
lot_paper_instruction,candidate,general,uncensored_only,6,mmd_rbf,0.02938956394791603,128
lot_paper_instruction,candidate,general,uncensored_only,6,projected_js,0.08518958362401463,128
lot_paper_instruction,candidate,general,uncensored_only,7,mmd_rbf,0.022587604820728302,128
lot_paper_instruction,candidate,general,uncensored_only,7,projected_js,0.07484510069480166,128
lot_paper_instruction,candidate,general,uncensored_only,8,mmd_rbf,0.016065387055277824,128
lot_paper_instruction,candidate,general,uncensored_only,8,projected_js,0.06886720639886335,128
lot_paper_instruction,candidate,general,uncensored_only,9,mmd_rbf,0.014271085150539875,128
lot_paper_instruction,candidate,general,uncensored_only,9,projected_js,0.06606309372000396,128
lot_paper_instruction,candidate,general,uncensored_only,10,mmd_rbf,0.014485902152955532,128
lot_paper_instruction,candidate,general,uncensored_only,10,projected_js,0.06768918310990557,128
lot_paper_instruction,candidate,general,uncensored_only,11,mmd_rbf,0.011534814722836018,128
lot_paper_instruction,candidate,general,uncensored_only,11,projected_js,0.06479179882444441,128
lot_paper_instruction,candidate,general,uncensored_only,12,mmd_rbf,0.012066054157912731,128
lot_paper_instruction,candidate,general,uncensored_only,12,projected_js,0.06692159245721996,128
lot_paper_instruction,candidate,general,uncensored_only,13,mmd_rbf,0.013187572360038757,128
lot_paper_instruction,candidate,general,uncensored_only,13,projected_js,0.06553829635959119,128
lot_paper_instruction,candidate,general,uncensored_only,14,mmd_rbf,0.01249622367322445,128
lot_paper_instruction,candidate,general,uncensored_only,14,projected_js,0.06781602796399966,128
lot_paper_instruction,candidate,general,uncensored_only,15,mmd_rbf,0.014767845161259174,128
lot_paper_instruction,candidate,general,uncensored_only,15,projected_js,0.06853796751238406,128
lot_paper_instruction,candidate,general,uncensored_only,16,mmd_rbf,0.0153950871899724,128
lot_paper_instruction,candidate,general,uncensored_only,16,projected_js,0.07172692427411675,128
lot_paper_instruction,candidate,general,uncensored_only,17,mmd_rbf,0.013975185342133045,128
lot_paper_instruction,candidate,general,uncensored_only,17,projected_js,0.06541299045784399,128
lot_paper_instruction,candidate,general,uncensored_only,18,mmd_rbf,0.014248976483941078,128
lot_paper_instruction,candidate,general,uncensored_only,18,projected_js,0.07113499596016482,128
lot_paper_instruction,candidate,general,uncensored_only,19,mmd_rbf,0.013465458527207375,128
lot_paper_instruction,candidate,general,uncensored_only,19,projected_js,0.06480371375801042,128
lot_paper_instruction,candidate,general,uncensored_only,20,mmd_rbf,0.013507491908967495,128
lot_paper_instruction,candidate,general,uncensored_only,20,projected_js,0.06851775321410969,128
lot_paper_instruction,candidate,general,uncensored_only,21,mmd_rbf,0.01449976023286581,128
lot_paper_instruction,candidate,general,uncensored_only,21,projected_js,0.07110766408732161,128
lot_paper_instruction,candidate,general,uncensored_only,22,mmd_rbf,0.014681518077850342,128
lot_paper_instruction,candidate,general,uncensored_only,22,projected_js,0.0684530003927648,128
lot_paper_instruction,candidate,general,uncensored_only,23,mmd_rbf,0.013839994557201862,128
lot_paper_instruction,candidate,general,uncensored_only,23,projected_js,0.06741944805253297,128
lot_paper_instruction,candidate,general,uncensored_only,24,mmd_rbf,0.014825651422142982,128
lot_paper_instruction,candidate,general,uncensored_only,24,projected_js,0.07123981224140152,128
lot_paper_instruction,candidate,general,uncensored_only,25,mmd_rbf,0.01564640738070011,128
lot_paper_instruction,candidate,general,uncensored_only,25,projected_js,0.07287759589962661,128
lot_paper_instruction,candidate,general,uncensored_only,26,mmd_rbf,0.016470108181238174,128
lot_paper_instruction,candidate,general,uncensored_only,26,projected_js,0.07120701397070661,128
lot_paper_instruction,candidate,general,uncensored_only,27,mmd_rbf,0.016742423176765442,128
lot_paper_instruction,candidate,general,uncensored_only,27,projected_js,0.06946978086489253,128
lot_paper_instruction,candidate,general,uncensored_only,28,mmd_rbf,0.015237907879054546,128
lot_paper_instruction,candidate,general,uncensored_only,28,projected_js,0.06642612564610317,128
lot_paper_instruction,candidate,general,uncensored_only,29,mmd_rbf,0.01448682602494955,128
lot_paper_instruction,candidate,general,uncensored_only,29,projected_js,0.0671087012742646,128
lot_paper_instruction,candidate,general,uncensored_only,30,mmd_rbf,0.014222419820725918,128
lot_paper_instruction,candidate,general,uncensored_only,30,projected_js,0.06524570431793109,128
lot_paper_instruction,candidate,general,uncensored_only,31,mmd_rbf,0.013394476845860481,128
lot_paper_instruction,candidate,general,uncensored_only,31,projected_js,0.06549819506471977,128
lot_paper_instruction,candidate,general,uncensored_only,32,mmd_rbf,0.013118053786456585,128
lot_paper_instruction,candidate,general,uncensored_only,32,projected_js,0.0625505356292706,128
lot_paper_instruction,candidate,general,uncensored_only,33,mmd_rbf,0.013049985282123089,128
lot_paper_instruction,candidate,general,uncensored_only,33,projected_js,0.06281365640461445,128
lot_paper_instruction,candidate,general,uncensored_only,34,mmd_rbf,0.013376310467720032,128
lot_paper_instruction,candidate,general,uncensored_only,34,projected_js,0.06579607707681134,128
lot_paper_instruction,candidate,general,uncensored_only,35,mmd_rbf,0.02022269368171692,128
lot_paper_instruction,candidate,general,uncensored_only,35,projected_js,0.06579956371570006,128
lot_paper_instruction,candidate,instruction,base,0,mmd_rbf,0.004594036843627691,128
lot_paper_instruction,candidate,instruction,base,0,projected_js,0.047621342208003625,128
lot_paper_instruction,candidate,instruction,base,1,mmd_rbf,0.011933231726288795,128
lot_paper_instruction,candidate,instruction,base,1,projected_js,0.05750703057856299,128
lot_paper_instruction,candidate,instruction,base,2,mmd_rbf,0.012205757200717926,128
lot_paper_instruction,candidate,instruction,base,2,projected_js,0.06289362633833662,128
lot_paper_instruction,candidate,instruction,base,3,mmd_rbf,0.014811435714364052,128
lot_paper_instruction,candidate,instruction,base,3,projected_js,0.06978957704268396,128
lot_paper_instruction,candidate,instruction,base,4,mmd_rbf,0.014036950655281544,128
lot_paper_instruction,candidate,instruction,base,4,projected_js,0.06494548582122661,128
lot_paper_instruction,candidate,instruction,base,5,mmd_rbf,0.01425375696271658,128
lot_paper_instruction,candidate,instruction,base,5,projected_js,0.06096875434741378,128
lot_paper_instruction,candidate,instruction,base,6,mmd_rbf,0.01288189273327589,128
lot_paper_instruction,candidate,instruction,base,6,projected_js,0.06850630513508804,128
lot_paper_instruction,candidate,instruction,base,7,mmd_rbf,0.012169224210083485,128
lot_paper_instruction,candidate,instruction,base,7,projected_js,0.06955435808049515,128
lot_paper_instruction,candidate,instruction,base,8,mmd_rbf,0.01148449070751667,128
lot_paper_instruction,candidate,instruction,base,8,projected_js,0.06661134533351287,128
lot_paper_instruction,candidate,instruction,base,9,mmd_rbf,0.012546892277896404,128
lot_paper_instruction,candidate,instruction,base,9,projected_js,0.06760291411774233,128
lot_paper_instruction,candidate,instruction,base,10,mmd_rbf,0.015897350385785103,128
lot_paper_instruction,candidate,instruction,base,10,projected_js,0.07205218053422868,128
lot_paper_instruction,candidate,instruction,base,11,mmd_rbf,0.015200813300907612,128
lot_paper_instruction,candidate,instruction,base,11,projected_js,0.06745354313170537,128
lot_paper_instruction,candidate,instruction,base,12,mmd_rbf,0.014803445897996426,128
lot_paper_instruction,candidate,instruction,base,12,projected_js,0.07371388265164569,128
lot_paper_instruction,candidate,instruction,base,13,mmd_rbf,0.015197202563285828,128
lot_paper_instruction,candidate,instruction,base,13,projected_js,0.072363686573226,128
lot_paper_instruction,candidate,instruction,base,14,mmd_rbf,0.015613247640430927,128
lot_paper_instruction,candidate,instruction,base,14,projected_js,0.07201621541753411,128
lot_paper_instruction,candidate,instruction,base,15,mmd_rbf,0.016332602128386497,128
lot_paper_instruction,candidate,instruction,base,15,projected_js,0.077488336362876,128
lot_paper_instruction,candidate,instruction,base,16,mmd_rbf,0.017554983496665955,128
lot_paper_instruction,candidate,instruction,base,16,projected_js,0.07290926645509899,128
lot_paper_instruction,candidate,instruction,base,17,mmd_rbf,0.017377344891428947,128
lot_paper_instruction,candidate,instruction,base,17,projected_js,0.07091051366296597,128
lot_paper_instruction,candidate,instruction,base,18,mmd_rbf,0.01887451857328415,128
lot_paper_instruction,candidate,instruction,base,18,projected_js,0.07825304823927581,128
lot_paper_instruction,candidate,instruction,base,19,mmd_rbf,0.02098906598985195,128
lot_paper_instruction,candidate,instruction,base,19,projected_js,0.07685474475147203,128
lot_paper_instruction,candidate,instruction,base,20,mmd_rbf,0.021306756883859634,128
lot_paper_instruction,candidate,instruction,base,20,projected_js,0.07554436166537926,128
lot_paper_instruction,candidate,instruction,base,21,mmd_rbf,0.02320944517850876,128
lot_paper_instruction,candidate,instruction,base,21,projected_js,0.08084421179955825,128
lot_paper_instruction,candidate,instruction,base,22,mmd_rbf,0.023316364735364914,128
lot_paper_instruction,candidate,instruction,base,22,projected_js,0.07822571211727336,128
lot_paper_instruction,candidate,instruction,base,23,mmd_rbf,0.02140105701982975,128
lot_paper_instruction,candidate,instruction,base,23,projected_js,0.07600188156357035,128
lot_paper_instruction,candidate,instruction,base,24,mmd_rbf,0.019799428060650826,128
lot_paper_instruction,candidate,instruction,base,24,projected_js,0.0796849390026182,128
lot_paper_instruction,candidate,instruction,base,25,mmd_rbf,0.01829291693866253,128
lot_paper_instruction,candidate,instruction,base,25,projected_js,0.07633480557706207,128
lot_paper_instruction,candidate,instruction,base,26,mmd_rbf,0.01742595247924328,128
lot_paper_instruction,candidate,instruction,base,26,projected_js,0.07303705351660028,128
lot_paper_instruction,candidate,instruction,base,27,mmd_rbf,0.016462473198771477,128
lot_paper_instruction,candidate,instruction,base,27,projected_js,0.07238576043164358,128
lot_paper_instruction,candidate,instruction,base,28,mmd_rbf,0.015596357174217701,128
lot_paper_instruction,candidate,instruction,base,28,projected_js,0.07218999485485256,128
lot_paper_instruction,candidate,instruction,base,29,mmd_rbf,0.014399376697838306,128
lot_paper_instruction,candidate,instruction,base,29,projected_js,0.07173894782317802,128
lot_paper_instruction,candidate,instruction,base,30,mmd_rbf,0.013970023952424526,128
lot_paper_instruction,candidate,instruction,base,30,projected_js,0.07270339567912742,128
lot_paper_instruction,candidate,instruction,base,31,mmd_rbf,0.01344445813447237,128
lot_paper_instruction,candidate,instruction,base,31,projected_js,0.06899252429138869,128
lot_paper_instruction,candidate,instruction,base,32,mmd_rbf,0.014084729366004467,128
lot_paper_instruction,candidate,instruction,base,32,projected_js,0.07077588955871761,128
lot_paper_instruction,candidate,instruction,base,33,mmd_rbf,0.0146308159455657,128
lot_paper_instruction,candidate,instruction,base,33,projected_js,0.07330193184316158,128
lot_paper_instruction,candidate,instruction,base,34,mmd_rbf,0.023139407858252525,128
lot_paper_instruction,candidate,instruction,base,34,projected_js,0.08474514191038907,128
lot_paper_instruction,candidate,instruction,base,35,mmd_rbf,0.09242219477891922,128
lot_paper_instruction,candidate,instruction,base,35,projected_js,0.14479670487344265,128
lot_paper_instruction,candidate,instruction,instr_only,0,mmd_rbf,0.00194102234672755,128
lot_paper_instruction,candidate,instruction,instr_only,0,projected_js,0.032289358670823276,128
lot_paper_instruction,candidate,instruction,instr_only,1,mmd_rbf,0.008375221863389015,128
lot_paper_instruction,candidate,instruction,instr_only,1,projected_js,0.051855524303391576,128
lot_paper_instruction,candidate,instruction,instr_only,2,mmd_rbf,0.007654265966266394,128
lot_paper_instruction,candidate,instruction,instr_only,2,projected_js,0.05091182312753517,128
lot_paper_instruction,candidate,instruction,instr_only,3,mmd_rbf,0.007054278161376715,128
lot_paper_instruction,candidate,instruction,instr_only,3,projected_js,0.051091416069539264,128
lot_paper_instruction,candidate,instruction,instr_only,4,mmd_rbf,0.0070701055228710175,128
lot_paper_instruction,candidate,instruction,instr_only,4,projected_js,0.05148124901461415,128
lot_paper_instruction,candidate,instruction,instr_only,5,mmd_rbf,0.007232356816530228,128
lot_paper_instruction,candidate,instruction,instr_only,5,projected_js,0.054459644263261,128
lot_paper_instruction,candidate,instruction,instr_only,6,mmd_rbf,0.00684566143900156,128
lot_paper_instruction,candidate,instruction,instr_only,6,projected_js,0.05326066579436883,128
lot_paper_instruction,candidate,instruction,instr_only,7,mmd_rbf,0.0058296755887568,128
lot_paper_instruction,candidate,instruction,instr_only,7,projected_js,0.058121628157095984,128
lot_paper_instruction,candidate,instruction,instr_only,8,mmd_rbf,0.005490114446729422,128
lot_paper_instruction,candidate,instruction,instr_only,8,projected_js,0.056892069667810574,128
lot_paper_instruction,candidate,instruction,instr_only,9,mmd_rbf,0.005666821729391813,128
lot_paper_instruction,candidate,instruction,instr_only,9,projected_js,0.058779161918209866,128
lot_paper_instruction,candidate,instruction,instr_only,10,mmd_rbf,0.007332035340368748,128
lot_paper_instruction,candidate,instruction,instr_only,10,projected_js,0.0643314488697797,128
lot_paper_instruction,candidate,instruction,instr_only,11,mmd_rbf,0.0070562781766057014,128
lot_paper_instruction,candidate,instruction,instr_only,11,projected_js,0.0669632563367486,128
lot_paper_instruction,candidate,instruction,instr_only,12,mmd_rbf,0.006810955703258514,128
lot_paper_instruction,candidate,instruction,instr_only,12,projected_js,0.0627839186345227,128
lot_paper_instruction,candidate,instruction,instr_only,13,mmd_rbf,0.006659221835434437,128
lot_paper_instruction,candidate,instruction,instr_only,13,projected_js,0.06587199034402147,128
lot_paper_instruction,candidate,instruction,instr_only,14,mmd_rbf,0.00623781094327569,128
lot_paper_instruction,candidate,instruction,instr_only,14,projected_js,0.06518829171545804,128
lot_paper_instruction,candidate,instruction,instr_only,15,mmd_rbf,0.005893459543585777,128
lot_paper_instruction,candidate,instruction,instr_only,15,projected_js,0.06481333752162755,128
lot_paper_instruction,candidate,instruction,instr_only,16,mmd_rbf,0.005828958936035633,128
lot_paper_instruction,candidate,instruction,instr_only,16,projected_js,0.06208035099552944,128
lot_paper_instruction,candidate,instruction,instr_only,17,mmd_rbf,0.00560416467487812,128
lot_paper_instruction,candidate,instruction,instr_only,17,projected_js,0.05951092077884823,128
lot_paper_instruction,candidate,instruction,instr_only,18,mmd_rbf,0.0059531317092478275,128
lot_paper_instruction,candidate,instruction,instr_only,18,projected_js,0.06527837761677802,128
lot_paper_instruction,candidate,instruction,instr_only,19,mmd_rbf,0.005913394968956709,128
lot_paper_instruction,candidate,instruction,instr_only,19,projected_js,0.06346371362451464,128
lot_paper_instruction,candidate,instruction,instr_only,20,mmd_rbf,0.005682525224983692,128
lot_paper_instruction,candidate,instruction,instr_only,20,projected_js,0.060717031301464885,128
lot_paper_instruction,candidate,instruction,instr_only,21,mmd_rbf,0.0065515413880348206,128
lot_paper_instruction,candidate,instruction,instr_only,21,projected_js,0.06364356121048331,128
lot_paper_instruction,candidate,instruction,instr_only,22,mmd_rbf,0.0064507098868489265,128
lot_paper_instruction,candidate,instruction,instr_only,22,projected_js,0.06258842907845974,128
lot_paper_instruction,candidate,instruction,instr_only,23,mmd_rbf,0.005608601961284876,128
lot_paper_instruction,candidate,instruction,instr_only,23,projected_js,0.06266808690270409,128
lot_paper_instruction,candidate,instruction,instr_only,24,mmd_rbf,0.0049535841681063175,128
lot_paper_instruction,candidate,instruction,instr_only,24,projected_js,0.06234037538524717,128
lot_paper_instruction,candidate,instruction,instr_only,25,mmd_rbf,0.004894941113889217,128
lot_paper_instruction,candidate,instruction,instr_only,25,projected_js,0.06352393265115097,128
lot_paper_instruction,candidate,instruction,instr_only,26,mmd_rbf,0.004937298595905304,128
lot_paper_instruction,candidate,instruction,instr_only,26,projected_js,0.05821008689235896,128
lot_paper_instruction,candidate,instruction,instr_only,27,mmd_rbf,0.004998490680009127,128
lot_paper_instruction,candidate,instruction,instr_only,27,projected_js,0.06033036042936146,128
lot_paper_instruction,candidate,instruction,instr_only,28,mmd_rbf,0.005093774292618036,128
lot_paper_instruction,candidate,instruction,instr_only,28,projected_js,0.059064886532723904,128
lot_paper_instruction,candidate,instruction,instr_only,29,mmd_rbf,0.0050303698517382145,128
lot_paper_instruction,candidate,instruction,instr_only,29,projected_js,0.06194250448606908,128
lot_paper_instruction,candidate,instruction,instr_only,30,mmd_rbf,0.005090606864541769,128
lot_paper_instruction,candidate,instruction,instr_only,30,projected_js,0.06332774655311368,128
lot_paper_instruction,candidate,instruction,instr_only,31,mmd_rbf,0.0050384229980409145,128
lot_paper_instruction,candidate,instruction,instr_only,31,projected_js,0.05967961548594758,128
lot_paper_instruction,candidate,instruction,instr_only,32,mmd_rbf,0.005272663198411465,128
lot_paper_instruction,candidate,instruction,instr_only,32,projected_js,0.060569713066797704,128
lot_paper_instruction,candidate,instruction,instr_only,33,mmd_rbf,0.005191770847886801,128
lot_paper_instruction,candidate,instruction,instr_only,33,projected_js,0.06310895143542439,128
lot_paper_instruction,candidate,instruction,instr_only,34,mmd_rbf,0.005301005207002163,128
lot_paper_instruction,candidate,instruction,instr_only,34,projected_js,0.060893088579177856,128
lot_paper_instruction,candidate,instruction,instr_only,35,mmd_rbf,0.010880912654101849,128
lot_paper_instruction,candidate,instruction,instr_only,35,projected_js,0.06544389156624675,128
lot_paper_instruction,candidate,instruction,reasoning_only,0,mmd_rbf,0.006404316518455744,128
lot_paper_instruction,candidate,instruction,reasoning_only,0,projected_js,0.053717418981250376,128
lot_paper_instruction,candidate,instruction,reasoning_only,1,mmd_rbf,0.014326569624245167,128
lot_paper_instruction,candidate,instruction,reasoning_only,1,projected_js,0.06410770770162344,128
lot_paper_instruction,candidate,instruction,reasoning_only,2,mmd_rbf,0.01482344325631857,128
lot_paper_instruction,candidate,instruction,reasoning_only,2,projected_js,0.06395141099346802,128
lot_paper_instruction,candidate,instruction,reasoning_only,3,mmd_rbf,0.015048223547637463,128
lot_paper_instruction,candidate,instruction,reasoning_only,3,projected_js,0.0652780485979747,128
lot_paper_instruction,candidate,instruction,reasoning_only,4,mmd_rbf,0.014563736505806446,128
lot_paper_instruction,candidate,instruction,reasoning_only,4,projected_js,0.07093171653104946,128
lot_paper_instruction,candidate,instruction,reasoning_only,5,mmd_rbf,0.014666157774627209,128
lot_paper_instruction,candidate,instruction,reasoning_only,5,projected_js,0.06422505847876891,128
lot_paper_instruction,candidate,instruction,reasoning_only,6,mmd_rbf,0.01140455063432455,128
lot_paper_instruction,candidate,instruction,reasoning_only,6,projected_js,0.06345426040934399,128
lot_paper_instruction,candidate,instruction,reasoning_only,7,mmd_rbf,0.01106011401861906,128
lot_paper_instruction,candidate,instruction,reasoning_only,7,projected_js,0.06896004709415138,128
lot_paper_instruction,candidate,instruction,reasoning_only,8,mmd_rbf,0.009302726946771145,128
lot_paper_instruction,candidate,instruction,reasoning_only,8,projected_js,0.06623639853205532,128
lot_paper_instruction,candidate,instruction,reasoning_only,9,mmd_rbf,0.009263867512345314,128
lot_paper_instruction,candidate,instruction,reasoning_only,9,projected_js,0.06345083436463028,128
lot_paper_instruction,candidate,instruction,reasoning_only,10,mmd_rbf,0.01231742836534977,128
lot_paper_instruction,candidate,instruction,reasoning_only,10,projected_js,0.0707546298217494,128
lot_paper_instruction,candidate,instruction,reasoning_only,11,mmd_rbf,0.012569822371006012,128
lot_paper_instruction,candidate,instruction,reasoning_only,11,projected_js,0.07248321047518402,128
lot_paper_instruction,candidate,instruction,reasoning_only,12,mmd_rbf,0.012673759832978249,128
lot_paper_instruction,candidate,instruction,reasoning_only,12,projected_js,0.0699779202695936,128
lot_paper_instruction,candidate,instruction,reasoning_only,13,mmd_rbf,0.01280148047953844,128
lot_paper_instruction,candidate,instruction,reasoning_only,13,projected_js,0.07345074298791587,128
lot_paper_instruction,candidate,instruction,reasoning_only,14,mmd_rbf,0.01323777437210083,128
lot_paper_instruction,candidate,instruction,reasoning_only,14,projected_js,0.07419141859281808,128
lot_paper_instruction,candidate,instruction,reasoning_only,15,mmd_rbf,0.013774910941720009,128
lot_paper_instruction,candidate,instruction,reasoning_only,15,projected_js,0.07174464454874396,128
lot_paper_instruction,candidate,instruction,reasoning_only,16,mmd_rbf,0.014140895567834377,128
lot_paper_instruction,candidate,instruction,reasoning_only,16,projected_js,0.07228142878739163,128
lot_paper_instruction,candidate,instruction,reasoning_only,17,mmd_rbf,0.013908715918660164,128
lot_paper_instruction,candidate,instruction,reasoning_only,17,projected_js,0.07045166319585405,128
lot_paper_instruction,candidate,instruction,reasoning_only,18,mmd_rbf,0.015423337928950787,128
lot_paper_instruction,candidate,instruction,reasoning_only,18,projected_js,0.06910245708422735,128
lot_paper_instruction,candidate,instruction,reasoning_only,19,mmd_rbf,0.015739955008029938,128
lot_paper_instruction,candidate,instruction,reasoning_only,19,projected_js,0.07287745934445411,128
lot_paper_instruction,candidate,instruction,reasoning_only,20,mmd_rbf,0.01571168750524521,128
lot_paper_instruction,candidate,instruction,reasoning_only,20,projected_js,0.07006058725528419,128
lot_paper_instruction,candidate,instruction,reasoning_only,21,mmd_rbf,0.017378227785229683,128
lot_paper_instruction,candidate,instruction,reasoning_only,21,projected_js,0.07485534064471722,128
lot_paper_instruction,candidate,instruction,reasoning_only,22,mmd_rbf,0.016756270080804825,128
lot_paper_instruction,candidate,instruction,reasoning_only,22,projected_js,0.075257514603436,128
lot_paper_instruction,candidate,instruction,reasoning_only,23,mmd_rbf,0.014949256554245949,128
lot_paper_instruction,candidate,instruction,reasoning_only,23,projected_js,0.07648278342094272,128
lot_paper_instruction,candidate,instruction,reasoning_only,24,mmd_rbf,0.016483208164572716,128
lot_paper_instruction,candidate,instruction,reasoning_only,24,projected_js,0.07899503147928044,128
lot_paper_instruction,candidate,instruction,reasoning_only,25,mmd_rbf,0.016158603131771088,128
lot_paper_instruction,candidate,instruction,reasoning_only,25,projected_js,0.07955171860521659,128
lot_paper_instruction,candidate,instruction,reasoning_only,26,mmd_rbf,0.01694302074611187,128
lot_paper_instruction,candidate,instruction,reasoning_only,26,projected_js,0.07840264210244641,128
lot_paper_instruction,candidate,instruction,reasoning_only,27,mmd_rbf,0.016603101044893265,128
lot_paper_instruction,candidate,instruction,reasoning_only,27,projected_js,0.07440523157129064,128
lot_paper_instruction,candidate,instruction,reasoning_only,28,mmd_rbf,0.01689358800649643,128
lot_paper_instruction,candidate,instruction,reasoning_only,28,projected_js,0.07234612008323893,128
lot_paper_instruction,candidate,instruction,reasoning_only,29,mmd_rbf,0.016128746792674065,128
lot_paper_instruction,candidate,instruction,reasoning_only,29,projected_js,0.07155130058526993,128
lot_paper_instruction,candidate,instruction,reasoning_only,30,mmd_rbf,0.016298657283186913,128
lot_paper_instruction,candidate,instruction,reasoning_only,30,projected_js,0.07668941945303231,128
lot_paper_instruction,candidate,instruction,reasoning_only,31,mmd_rbf,0.016337869688868523,128
lot_paper_instruction,candidate,instruction,reasoning_only,31,projected_js,0.07387292321072891,128
lot_paper_instruction,candidate,instruction,reasoning_only,32,mmd_rbf,0.015787456184625626,128
lot_paper_instruction,candidate,instruction,reasoning_only,32,projected_js,0.07451508799567819,128
lot_paper_instruction,candidate,instruction,reasoning_only,33,mmd_rbf,0.015795042738318443,128
lot_paper_instruction,candidate,instruction,reasoning_only,33,projected_js,0.07656372914789245,128
lot_paper_instruction,candidate,instruction,reasoning_only,34,mmd_rbf,0.018201565369963646,128
lot_paper_instruction,candidate,instruction,reasoning_only,34,projected_js,0.07695584965404123,128
lot_paper_instruction,candidate,instruction,reasoning_only,35,mmd_rbf,0.04600127413868904,128
lot_paper_instruction,candidate,instruction,reasoning_only,35,projected_js,0.09992653143126518,128
lot_paper_instruction,candidate,instruction,uncensored_only,0,mmd_rbf,0.005090761464089155,128
lot_paper_instruction,candidate,instruction,uncensored_only,0,projected_js,0.04472889374301303,128
lot_paper_instruction,candidate,instruction,uncensored_only,1,mmd_rbf,0.11351513862609863,128
lot_paper_instruction,candidate,instruction,uncensored_only,1,projected_js,0.1409807032905519,128
lot_paper_instruction,candidate,instruction,uncensored_only,2,mmd_rbf,0.10790615528821945,128
lot_paper_instruction,candidate,instruction,uncensored_only,2,projected_js,0.13023283472284675,128
lot_paper_instruction,candidate,instruction,uncensored_only,3,mmd_rbf,0.08103914558887482,128
lot_paper_instruction,candidate,instruction,uncensored_only,3,projected_js,0.10827755508944392,128
lot_paper_instruction,candidate,instruction,uncensored_only,4,mmd_rbf,0.060218941420316696,128
lot_paper_instruction,candidate,instruction,uncensored_only,4,projected_js,0.10892601631348953,128
lot_paper_instruction,candidate,instruction,uncensored_only,5,mmd_rbf,0.04756594076752663,128
lot_paper_instruction,candidate,instruction,uncensored_only,5,projected_js,0.09484138048719615,128
lot_paper_instruction,candidate,instruction,uncensored_only,6,mmd_rbf,0.0299836453050375,128
lot_paper_instruction,candidate,instruction,uncensored_only,6,projected_js,0.08606128685642034,128
lot_paper_instruction,candidate,instruction,uncensored_only,7,mmd_rbf,0.024312112480401993,128
lot_paper_instruction,candidate,instruction,uncensored_only,7,projected_js,0.0818894816620741,128
lot_paper_instruction,candidate,instruction,uncensored_only,8,mmd_rbf,0.01815183274447918,128
lot_paper_instruction,candidate,instruction,uncensored_only,8,projected_js,0.07348673755768687,128
lot_paper_instruction,candidate,instruction,uncensored_only,9,mmd_rbf,0.01566210947930813,128
lot_paper_instruction,candidate,instruction,uncensored_only,9,projected_js,0.06592806737171486,128
lot_paper_instruction,candidate,instruction,uncensored_only,10,mmd_rbf,0.01638682745397091,128
lot_paper_instruction,candidate,instruction,uncensored_only,10,projected_js,0.07527287752600387,128
lot_paper_instruction,candidate,instruction,uncensored_only,11,mmd_rbf,0.012985956855118275,128
lot_paper_instruction,candidate,instruction,uncensored_only,11,projected_js,0.07172537292353809,128
lot_paper_instruction,candidate,instruction,uncensored_only,12,mmd_rbf,0.013492465019226074,128
lot_paper_instruction,candidate,instruction,uncensored_only,12,projected_js,0.06982408871408552,128
lot_paper_instruction,candidate,instruction,uncensored_only,13,mmd_rbf,0.014567883685231209,128
lot_paper_instruction,candidate,instruction,uncensored_only,13,projected_js,0.07563625479815528,128
lot_paper_instruction,candidate,instruction,uncensored_only,14,mmd_rbf,0.014982277527451515,128
lot_paper_instruction,candidate,instruction,uncensored_only,14,projected_js,0.07405583612853661,128
lot_paper_instruction,candidate,instruction,uncensored_only,15,mmd_rbf,0.017719626426696777,128
lot_paper_instruction,candidate,instruction,uncensored_only,15,projected_js,0.07209524477366358,128
lot_paper_instruction,candidate,instruction,uncensored_only,16,mmd_rbf,0.01807224191725254,128
lot_paper_instruction,candidate,instruction,uncensored_only,16,projected_js,0.07791806937893853,128
lot_paper_instruction,candidate,instruction,uncensored_only,17,mmd_rbf,0.017040135338902473,128
lot_paper_instruction,candidate,instruction,uncensored_only,17,projected_js,0.07054644194431603,128
lot_paper_instruction,candidate,instruction,uncensored_only,18,mmd_rbf,0.017496362328529358,128
lot_paper_instruction,candidate,instruction,uncensored_only,18,projected_js,0.0735771267209202,128
lot_paper_instruction,candidate,instruction,uncensored_only,19,mmd_rbf,0.017612798139452934,128
lot_paper_instruction,candidate,instruction,uncensored_only,19,projected_js,0.07933516893535852,128
lot_paper_instruction,candidate,instruction,uncensored_only,20,mmd_rbf,0.01813371479511261,128
lot_paper_instruction,candidate,instruction,uncensored_only,20,projected_js,0.07889751100447029,128
lot_paper_instruction,candidate,instruction,uncensored_only,21,mmd_rbf,0.019578656181693077,128
lot_paper_instruction,candidate,instruction,uncensored_only,21,projected_js,0.07731475512264296,128
lot_paper_instruction,candidate,instruction,uncensored_only,22,mmd_rbf,0.020556867122650146,128
lot_paper_instruction,candidate,instruction,uncensored_only,22,projected_js,0.07455540593946353,128
lot_paper_instruction,candidate,instruction,uncensored_only,23,mmd_rbf,0.02079632319509983,128
lot_paper_instruction,candidate,instruction,uncensored_only,23,projected_js,0.08234759833430871,128
lot_paper_instruction,candidate,instruction,uncensored_only,24,mmd_rbf,0.022860810160636902,128
lot_paper_instruction,candidate,instruction,uncensored_only,24,projected_js,0.08141404535854235,128
lot_paper_instruction,candidate,instruction,uncensored_only,25,mmd_rbf,0.024425005540251732,128
lot_paper_instruction,candidate,instruction,uncensored_only,25,projected_js,0.08696671243524179,128
lot_paper_instruction,candidate,instruction,uncensored_only,26,mmd_rbf,0.025494856759905815,128
lot_paper_instruction,candidate,instruction,uncensored_only,26,projected_js,0.08381512254709378,128
lot_paper_instruction,candidate,instruction,uncensored_only,27,mmd_rbf,0.025629663839936256,128
lot_paper_instruction,candidate,instruction,uncensored_only,27,projected_js,0.0859232266084291,128
lot_paper_instruction,candidate,instruction,uncensored_only,28,mmd_rbf,0.022687194868922234,128
lot_paper_instruction,candidate,instruction,uncensored_only,28,projected_js,0.07811415172182024,128
lot_paper_instruction,candidate,instruction,uncensored_only,29,mmd_rbf,0.02101249061524868,128
lot_paper_instruction,candidate,instruction,uncensored_only,29,projected_js,0.0772901889286004,128
lot_paper_instruction,candidate,instruction,uncensored_only,30,mmd_rbf,0.02061518095433712,128
lot_paper_instruction,candidate,instruction,uncensored_only,30,projected_js,0.07650640880456194,128
lot_paper_instruction,candidate,instruction,uncensored_only,31,mmd_rbf,0.01958705298602581,128
lot_paper_instruction,candidate,instruction,uncensored_only,31,projected_js,0.07659063313622028,128
lot_paper_instruction,candidate,instruction,uncensored_only,32,mmd_rbf,0.019145892933011055,128
lot_paper_instruction,candidate,instruction,uncensored_only,32,projected_js,0.07544599589891732,128
lot_paper_instruction,candidate,instruction,uncensored_only,33,mmd_rbf,0.01863848976790905,128
lot_paper_instruction,candidate,instruction,uncensored_only,33,projected_js,0.0738338181108702,128
lot_paper_instruction,candidate,instruction,uncensored_only,34,mmd_rbf,0.019057786092162132,128
lot_paper_instruction,candidate,instruction,uncensored_only,34,projected_js,0.07934114109957591,128
lot_paper_instruction,candidate,instruction,uncensored_only,35,mmd_rbf,0.023583639413118362,128
lot_paper_instruction,candidate,instruction,uncensored_only,35,projected_js,0.07344364450545982,128
lot_paper_instruction,candidate,reasoning,base,0,mmd_rbf,0.0028953494038432837,128
lot_paper_instruction,candidate,reasoning,base,0,projected_js,0.04551938417716883,128
lot_paper_instruction,candidate,reasoning,base,1,mmd_rbf,0.00900629349052906,128
lot_paper_instruction,candidate,reasoning,base,1,projected_js,0.05056814417184796,128
lot_paper_instruction,candidate,reasoning,base,2,mmd_rbf,0.009076661430299282,128
lot_paper_instruction,candidate,reasoning,base,2,projected_js,0.05660791276022792,128
lot_paper_instruction,candidate,reasoning,base,3,mmd_rbf,0.00993532594293356,128
lot_paper_instruction,candidate,reasoning,base,3,projected_js,0.06182625616202131,128
lot_paper_instruction,candidate,reasoning,base,4,mmd_rbf,0.009512304328382015,128
lot_paper_instruction,candidate,reasoning,base,4,projected_js,0.05621486800373532,128
lot_paper_instruction,candidate,reasoning,base,5,mmd_rbf,0.008100589737296104,128
lot_paper_instruction,candidate,reasoning,base,5,projected_js,0.059265202056849375,128
lot_paper_instruction,candidate,reasoning,base,6,mmd_rbf,0.006559108849614859,128
lot_paper_instruction,candidate,reasoning,base,6,projected_js,0.05573509633541107,128
lot_paper_instruction,candidate,reasoning,base,7,mmd_rbf,0.006394562311470509,128
lot_paper_instruction,candidate,reasoning,base,7,projected_js,0.05865792615804821,128
lot_paper_instruction,candidate,reasoning,base,8,mmd_rbf,0.006207437254488468,128
lot_paper_instruction,candidate,reasoning,base,8,projected_js,0.06003184721339494,128
lot_paper_instruction,candidate,reasoning,base,9,mmd_rbf,0.007121645845472813,128
lot_paper_instruction,candidate,reasoning,base,9,projected_js,0.0627039719838649,128
lot_paper_instruction,candidate,reasoning,base,10,mmd_rbf,0.009235895238816738,128
lot_paper_instruction,candidate,reasoning,base,10,projected_js,0.06078787927981466,128
lot_paper_instruction,candidate,reasoning,base,11,mmd_rbf,0.00862614344805479,128
lot_paper_instruction,candidate,reasoning,base,11,projected_js,0.05942532647168264,128
lot_paper_instruction,candidate,reasoning,base,12,mmd_rbf,0.009017112664878368,128
lot_paper_instruction,candidate,reasoning,base,12,projected_js,0.062042786565143615,128
lot_paper_instruction,candidate,reasoning,base,13,mmd_rbf,0.009017427451908588,128
lot_paper_instruction,candidate,reasoning,base,13,projected_js,0.06388840882573277,128
lot_paper_instruction,candidate,reasoning,base,14,mmd_rbf,0.009216428734362125,128
lot_paper_instruction,candidate,reasoning,base,14,projected_js,0.06382401427254081,128
lot_paper_instruction,candidate,reasoning,base,15,mmd_rbf,0.009520228020846844,128
lot_paper_instruction,candidate,reasoning,base,15,projected_js,0.061386002867948264,128
lot_paper_instruction,candidate,reasoning,base,16,mmd_rbf,0.01069897785782814,128
lot_paper_instruction,candidate,reasoning,base,16,projected_js,0.06419336493127048,128
lot_paper_instruction,candidate,reasoning,base,17,mmd_rbf,0.010615826584398746,128
lot_paper_instruction,candidate,reasoning,base,17,projected_js,0.0641191620088648,128
lot_paper_instruction,candidate,reasoning,base,18,mmd_rbf,0.010985258035361767,128
lot_paper_instruction,candidate,reasoning,base,18,projected_js,0.06387823057593778,128
lot_paper_instruction,candidate,reasoning,base,19,mmd_rbf,0.011518879793584347,128
lot_paper_instruction,candidate,reasoning,base,19,projected_js,0.0677669023280032,128
lot_paper_instruction,candidate,reasoning,base,20,mmd_rbf,0.011097385548055172,128
lot_paper_instruction,candidate,reasoning,base,20,projected_js,0.06715049396734685,128
lot_paper_instruction,candidate,reasoning,base,21,mmd_rbf,0.011380132287740707,128
lot_paper_instruction,candidate,reasoning,base,21,projected_js,0.0642473220359534,128
lot_paper_instruction,candidate,reasoning,base,22,mmd_rbf,0.0110560841858387,128
lot_paper_instruction,candidate,reasoning,base,22,projected_js,0.06481347343651578,128
lot_paper_instruction,candidate,reasoning,base,23,mmd_rbf,0.01068293396383524,128
lot_paper_instruction,candidate,reasoning,base,23,projected_js,0.062156478175893426,128
lot_paper_instruction,candidate,reasoning,base,24,mmd_rbf,0.009900190867483616,128
lot_paper_instruction,candidate,reasoning,base,24,projected_js,0.06141305499477312,128
lot_paper_instruction,candidate,reasoning,base,25,mmd_rbf,0.009352988563477993,128
lot_paper_instruction,candidate,reasoning,base,25,projected_js,0.061089534661732614,128
lot_paper_instruction,candidate,reasoning,base,26,mmd_rbf,0.008970377035439014,128
lot_paper_instruction,candidate,reasoning,base,26,projected_js,0.06570965086575598,128
lot_paper_instruction,candidate,reasoning,base,27,mmd_rbf,0.008984431624412537,128
lot_paper_instruction,candidate,reasoning,base,27,projected_js,0.061959982791449875,128
lot_paper_instruction,candidate,reasoning,base,28,mmd_rbf,0.009103110991418362,128
lot_paper_instruction,candidate,reasoning,base,28,projected_js,0.06420289393281564,128
lot_paper_instruction,candidate,reasoning,base,29,mmd_rbf,0.008936804719269276,128
lot_paper_instruction,candidate,reasoning,base,29,projected_js,0.06287806405453011,128
lot_paper_instruction,candidate,reasoning,base,30,mmd_rbf,0.009018260054290295,128
lot_paper_instruction,candidate,reasoning,base,30,projected_js,0.06253030739026144,128
lot_paper_instruction,candidate,reasoning,base,31,mmd_rbf,0.00921429879963398,128
lot_paper_instruction,candidate,reasoning,base,31,projected_js,0.061402677645673975,128
lot_paper_instruction,candidate,reasoning,base,32,mmd_rbf,0.010078990831971169,128
lot_paper_instruction,candidate,reasoning,base,32,projected_js,0.06298455997603014,128
lot_paper_instruction,candidate,reasoning,base,33,mmd_rbf,0.010877978056669235,128
lot_paper_instruction,candidate,reasoning,base,33,projected_js,0.063213718123734,128
lot_paper_instruction,candidate,reasoning,base,34,mmd_rbf,0.017488200217485428,128
lot_paper_instruction,candidate,reasoning,base,34,projected_js,0.0743436764460057,128
lot_paper_instruction,candidate,reasoning,base,35,mmd_rbf,0.10350942611694336,128
lot_paper_instruction,candidate,reasoning,base,35,projected_js,0.14179203769890592,128
lot_paper_instruction,candidate,reasoning,instr_only,0,mmd_rbf,0.0010352194076403975,128
lot_paper_instruction,candidate,reasoning,instr_only,0,projected_js,0.031396070509799756,128
lot_paper_instruction,candidate,reasoning,instr_only,1,mmd_rbf,0.00640754122287035,128
lot_paper_instruction,candidate,reasoning,instr_only,1,projected_js,0.044436875818064436,128
lot_paper_instruction,candidate,reasoning,instr_only,2,mmd_rbf,0.005719661712646484,128
lot_paper_instruction,candidate,reasoning,instr_only,2,projected_js,0.04997698558145203,128
lot_paper_instruction,candidate,reasoning,instr_only,3,mmd_rbf,0.005004420876502991,128
lot_paper_instruction,candidate,reasoning,instr_only,3,projected_js,0.049369850603397936,128
lot_paper_instruction,candidate,reasoning,instr_only,4,mmd_rbf,0.0041656168177723885,128
lot_paper_instruction,candidate,reasoning,instr_only,4,projected_js,0.051908137305872515,128
lot_paper_instruction,candidate,reasoning,instr_only,5,mmd_rbf,0.0035579719115048647,128
lot_paper_instruction,candidate,reasoning,instr_only,5,projected_js,0.04533026402350515,128
lot_paper_instruction,candidate,reasoning,instr_only,6,mmd_rbf,0.0031102874781936407,128
lot_paper_instruction,candidate,reasoning,instr_only,6,projected_js,0.05156432354124263,128
lot_paper_instruction,candidate,reasoning,instr_only,7,mmd_rbf,0.0030729249119758606,128
lot_paper_instruction,candidate,reasoning,instr_only,7,projected_js,0.0480622831673827,128
lot_paper_instruction,candidate,reasoning,instr_only,8,mmd_rbf,0.003226289991289377,128
lot_paper_instruction,candidate,reasoning,instr_only,8,projected_js,0.051228592288680375,128
lot_paper_instruction,candidate,reasoning,instr_only,9,mmd_rbf,0.0035394453443586826,128
lot_paper_instruction,candidate,reasoning,instr_only,9,projected_js,0.05448150963638909,128
lot_paper_instruction,candidate,reasoning,instr_only,10,mmd_rbf,0.005054461304098368,128
lot_paper_instruction,candidate,reasoning,instr_only,10,projected_js,0.055488703423179686,128
lot_paper_instruction,candidate,reasoning,instr_only,11,mmd_rbf,0.00469558360055089,128
lot_paper_instruction,candidate,reasoning,instr_only,11,projected_js,0.05587071372428909,128
lot_paper_instruction,candidate,reasoning,instr_only,12,mmd_rbf,0.004642096813768148,128
lot_paper_instruction,candidate,reasoning,instr_only,12,projected_js,0.06045449187513441,128
lot_paper_instruction,candidate,reasoning,instr_only,13,mmd_rbf,0.004613510798662901,128
lot_paper_instruction,candidate,reasoning,instr_only,13,projected_js,0.06294439703924581,128
lot_paper_instruction,candidate,reasoning,instr_only,14,mmd_rbf,0.004428666550666094,128
lot_paper_instruction,candidate,reasoning,instr_only,14,projected_js,0.056140342727303505,128
lot_paper_instruction,candidate,reasoning,instr_only,15,mmd_rbf,0.004296349827200174,128
lot_paper_instruction,candidate,reasoning,instr_only,15,projected_js,0.05946026841411367,128
lot_paper_instruction,candidate,reasoning,instr_only,16,mmd_rbf,0.004321875050663948,128
lot_paper_instruction,candidate,reasoning,instr_only,16,projected_js,0.05995122835156508,128
lot_paper_instruction,candidate,reasoning,instr_only,17,mmd_rbf,0.004168477840721607,128
lot_paper_instruction,candidate,reasoning,instr_only,17,projected_js,0.0584136521210894,128
lot_paper_instruction,candidate,reasoning,instr_only,18,mmd_rbf,0.004053378943353891,128
lot_paper_instruction,candidate,reasoning,instr_only,18,projected_js,0.05783415856421925,128
lot_paper_instruction,candidate,reasoning,instr_only,19,mmd_rbf,0.0039621079340577126,128
lot_paper_instruction,candidate,reasoning,instr_only,19,projected_js,0.05857232911512256,128
lot_paper_instruction,candidate,reasoning,instr_only,20,mmd_rbf,0.0037519633769989014,128
lot_paper_instruction,candidate,reasoning,instr_only,20,projected_js,0.056889975210651755,128
lot_paper_instruction,candidate,reasoning,instr_only,21,mmd_rbf,0.003988249227404594,128
lot_paper_instruction,candidate,reasoning,instr_only,21,projected_js,0.058340016461443156,128
lot_paper_instruction,candidate,reasoning,instr_only,22,mmd_rbf,0.003723779460415244,128
lot_paper_instruction,candidate,reasoning,instr_only,22,projected_js,0.05785140470834449,128
lot_paper_instruction,candidate,reasoning,instr_only,23,mmd_rbf,0.003193312557414174,128
lot_paper_instruction,candidate,reasoning,instr_only,23,projected_js,0.05523337208433077,128
lot_paper_instruction,candidate,reasoning,instr_only,24,mmd_rbf,0.0028441627509891987,128
lot_paper_instruction,candidate,reasoning,instr_only,24,projected_js,0.05505075282417238,128
lot_paper_instruction,candidate,reasoning,instr_only,25,mmd_rbf,0.0027758446522057056,128
lot_paper_instruction,candidate,reasoning,instr_only,25,projected_js,0.057329197064973414,128
lot_paper_instruction,candidate,reasoning,instr_only,26,mmd_rbf,0.002812284743413329,128
lot_paper_instruction,candidate,reasoning,instr_only,26,projected_js,0.05686682683881372,128
lot_paper_instruction,candidate,reasoning,instr_only,27,mmd_rbf,0.002879086881875992,128
lot_paper_instruction,candidate,reasoning,instr_only,27,projected_js,0.05770394572755322,128
lot_paper_instruction,candidate,reasoning,instr_only,28,mmd_rbf,0.003038274822756648,128
lot_paper_instruction,candidate,reasoning,instr_only,28,projected_js,0.05606449968763627,128
lot_paper_instruction,candidate,reasoning,instr_only,29,mmd_rbf,0.0031810160726308823,128
lot_paper_instruction,candidate,reasoning,instr_only,29,projected_js,0.056012354645645246,128
lot_paper_instruction,candidate,reasoning,instr_only,30,mmd_rbf,0.003343336982652545,128
lot_paper_instruction,candidate,reasoning,instr_only,30,projected_js,0.052921571070328355,128
lot_paper_instruction,candidate,reasoning,instr_only,31,mmd_rbf,0.0034830912481993437,128
lot_paper_instruction,candidate,reasoning,instr_only,31,projected_js,0.05554585481877439,128
lot_paper_instruction,candidate,reasoning,instr_only,32,mmd_rbf,0.003876580623909831,128
lot_paper_instruction,candidate,reasoning,instr_only,32,projected_js,0.05462982488097623,128
lot_paper_instruction,candidate,reasoning,instr_only,33,mmd_rbf,0.0039905281737446785,128
lot_paper_instruction,candidate,reasoning,instr_only,33,projected_js,0.05456690600840375,128
lot_paper_instruction,candidate,reasoning,instr_only,34,mmd_rbf,0.004207161255180836,128
lot_paper_instruction,candidate,reasoning,instr_only,34,projected_js,0.05577934320899658,128
lot_paper_instruction,candidate,reasoning,instr_only,35,mmd_rbf,0.004148006439208984,128
lot_paper_instruction,candidate,reasoning,instr_only,35,projected_js,0.0562401979113929,128
lot_paper_instruction,candidate,reasoning,reasoning_only,0,mmd_rbf,0.004090753383934498,128
lot_paper_instruction,candidate,reasoning,reasoning_only,0,projected_js,0.04764012203668244,128
lot_paper_instruction,candidate,reasoning,reasoning_only,1,mmd_rbf,0.011013144627213478,128
lot_paper_instruction,candidate,reasoning,reasoning_only,1,projected_js,0.060545234504388645,128
lot_paper_instruction,candidate,reasoning,reasoning_only,2,mmd_rbf,0.013004571199417114,128
lot_paper_instruction,candidate,reasoning,reasoning_only,2,projected_js,0.06233480869559571,128
lot_paper_instruction,candidate,reasoning,reasoning_only,3,mmd_rbf,0.013522972352802753,128
lot_paper_instruction,candidate,reasoning,reasoning_only,3,projected_js,0.06441831239499152,128
lot_paper_instruction,candidate,reasoning,reasoning_only,4,mmd_rbf,0.01142418384552002,128
lot_paper_instruction,candidate,reasoning,reasoning_only,4,projected_js,0.06470597657607868,128
lot_paper_instruction,candidate,reasoning,reasoning_only,5,mmd_rbf,0.00985949207097292,128
lot_paper_instruction,candidate,reasoning,reasoning_only,5,projected_js,0.05881847161799669,128
lot_paper_instruction,candidate,reasoning,reasoning_only,6,mmd_rbf,0.007530702743679285,128
lot_paper_instruction,candidate,reasoning,reasoning_only,6,projected_js,0.060031634755432606,128
lot_paper_instruction,candidate,reasoning,reasoning_only,7,mmd_rbf,0.007868963293731213,128
lot_paper_instruction,candidate,reasoning,reasoning_only,7,projected_js,0.059141203528270125,128
lot_paper_instruction,candidate,reasoning,reasoning_only,8,mmd_rbf,0.007157510612159967,128
lot_paper_instruction,candidate,reasoning,reasoning_only,8,projected_js,0.0565818132890854,128
lot_paper_instruction,candidate,reasoning,reasoning_only,9,mmd_rbf,0.007425847928971052,128
lot_paper_instruction,candidate,reasoning,reasoning_only,9,projected_js,0.06102132407249883,128
lot_paper_instruction,candidate,reasoning,reasoning_only,10,mmd_rbf,0.009518972598016262,128
lot_paper_instruction,candidate,reasoning,reasoning_only,10,projected_js,0.06685052061220631,128
lot_paper_instruction,candidate,reasoning,reasoning_only,11,mmd_rbf,0.009589546360075474,128
lot_paper_instruction,candidate,reasoning,reasoning_only,11,projected_js,0.06517802565940656,128
lot_paper_instruction,candidate,reasoning,reasoning_only,12,mmd_rbf,0.009572699666023254,128
lot_paper_instruction,candidate,reasoning,reasoning_only,12,projected_js,0.06601996393874288,128
lot_paper_instruction,candidate,reasoning,reasoning_only,13,mmd_rbf,0.009807241149246693,128
lot_paper_instruction,candidate,reasoning,reasoning_only,13,projected_js,0.06691475870320573,128
lot_paper_instruction,candidate,reasoning,reasoning_only,14,mmd_rbf,0.010290629230439663,128
lot_paper_instruction,candidate,reasoning,reasoning_only,14,projected_js,0.06261792161967605,128
lot_paper_instruction,candidate,reasoning,reasoning_only,15,mmd_rbf,0.011168146505951881,128
lot_paper_instruction,candidate,reasoning,reasoning_only,15,projected_js,0.06503611654625274,128
lot_paper_instruction,candidate,reasoning,reasoning_only,16,mmd_rbf,0.0116158127784729,128
lot_paper_instruction,candidate,reasoning,reasoning_only,16,projected_js,0.06546324124792591,128
lot_paper_instruction,candidate,reasoning,reasoning_only,17,mmd_rbf,0.011654406785964966,128
lot_paper_instruction,candidate,reasoning,reasoning_only,17,projected_js,0.06683921348303556,128
lot_paper_instruction,candidate,reasoning,reasoning_only,18,mmd_rbf,0.012978615239262581,128
lot_paper_instruction,candidate,reasoning,reasoning_only,18,projected_js,0.06743567396188155,128
lot_paper_instruction,candidate,reasoning,reasoning_only,19,mmd_rbf,0.012188494205474854,128
lot_paper_instruction,candidate,reasoning,reasoning_only,19,projected_js,0.066971707099583,128
lot_paper_instruction,candidate,reasoning,reasoning_only,20,mmd_rbf,0.011880477890372276,128
lot_paper_instruction,candidate,reasoning,reasoning_only,20,projected_js,0.06466687814099714,128
lot_paper_instruction,candidate,reasoning,reasoning_only,21,mmd_rbf,0.01270588394254446,128
lot_paper_instruction,candidate,reasoning,reasoning_only,21,projected_js,0.06777765281731263,128
lot_paper_instruction,candidate,reasoning,reasoning_only,22,mmd_rbf,0.011410108767449856,128
lot_paper_instruction,candidate,reasoning,reasoning_only,22,projected_js,0.06435721344314516,128
lot_paper_instruction,candidate,reasoning,reasoning_only,23,mmd_rbf,0.009716354310512543,128
lot_paper_instruction,candidate,reasoning,reasoning_only,23,projected_js,0.0636052074842155,128
lot_paper_instruction,candidate,reasoning,reasoning_only,24,mmd_rbf,0.009822099469602108,128
lot_paper_instruction,candidate,reasoning,reasoning_only,24,projected_js,0.0640407296596095,128
lot_paper_instruction,candidate,reasoning,reasoning_only,25,mmd_rbf,0.008975086733698845,128
lot_paper_instruction,candidate,reasoning,reasoning_only,25,projected_js,0.06369941867887974,128
lot_paper_instruction,candidate,reasoning,reasoning_only,26,mmd_rbf,0.008560623042285442,128
lot_paper_instruction,candidate,reasoning,reasoning_only,26,projected_js,0.06380311725661159,128
lot_paper_instruction,candidate,reasoning,reasoning_only,27,mmd_rbf,0.008563744835555553,128
lot_paper_instruction,candidate,reasoning,reasoning_only,27,projected_js,0.06494342349469662,128
lot_paper_instruction,candidate,reasoning,reasoning_only,28,mmd_rbf,0.00903838500380516,128
lot_paper_instruction,candidate,reasoning,reasoning_only,28,projected_js,0.06257265206659213,128
lot_paper_instruction,candidate,reasoning,reasoning_only,29,mmd_rbf,0.008967273868620396,128
lot_paper_instruction,candidate,reasoning,reasoning_only,29,projected_js,0.06304101785644889,128
lot_paper_instruction,candidate,reasoning,reasoning_only,30,mmd_rbf,0.009501639753580093,128
lot_paper_instruction,candidate,reasoning,reasoning_only,30,projected_js,0.06553236057516187,128
lot_paper_instruction,candidate,reasoning,reasoning_only,31,mmd_rbf,0.010052804835140705,128
lot_paper_instruction,candidate,reasoning,reasoning_only,31,projected_js,0.06334290586528368,128
lot_paper_instruction,candidate,reasoning,reasoning_only,32,mmd_rbf,0.010270080529153347,128
lot_paper_instruction,candidate,reasoning,reasoning_only,32,projected_js,0.06251013345899992,128
lot_paper_instruction,candidate,reasoning,reasoning_only,33,mmd_rbf,0.011304928921163082,128
lot_paper_instruction,candidate,reasoning,reasoning_only,33,projected_js,0.06481953256297857,128
lot_paper_instruction,candidate,reasoning,reasoning_only,34,mmd_rbf,0.015100270509719849,128
lot_paper_instruction,candidate,reasoning,reasoning_only,34,projected_js,0.06952169869327918,128
lot_paper_instruction,candidate,reasoning,reasoning_only,35,mmd_rbf,0.08727134764194489,128
lot_paper_instruction,candidate,reasoning,reasoning_only,35,projected_js,0.12845601286971942,128
lot_paper_instruction,candidate,reasoning,uncensored_only,0,mmd_rbf,0.002658739686012268,128
lot_paper_instruction,candidate,reasoning,uncensored_only,0,projected_js,0.03660931528429501,128
lot_paper_instruction,candidate,reasoning,uncensored_only,1,mmd_rbf,0.06396062672138214,128
lot_paper_instruction,candidate,reasoning,uncensored_only,1,projected_js,0.10012362390989438,128
lot_paper_instruction,candidate,reasoning,uncensored_only,2,mmd_rbf,0.06552603095769882,128
lot_paper_instruction,candidate,reasoning,uncensored_only,2,projected_js,0.09940217965049669,128
lot_paper_instruction,candidate,reasoning,uncensored_only,3,mmd_rbf,0.051094915717840195,128
lot_paper_instruction,candidate,reasoning,uncensored_only,3,projected_js,0.09337232465622947,128
lot_paper_instruction,candidate,reasoning,uncensored_only,4,mmd_rbf,0.03554266318678856,128
lot_paper_instruction,candidate,reasoning,uncensored_only,4,projected_js,0.08624637784669176,128
lot_paper_instruction,candidate,reasoning,uncensored_only,5,mmd_rbf,0.025012189522385597,128
lot_paper_instruction,candidate,reasoning,uncensored_only,5,projected_js,0.08092212938936427,128
lot_paper_instruction,candidate,reasoning,uncensored_only,6,mmd_rbf,0.015904827043414116,128
lot_paper_instruction,candidate,reasoning,uncensored_only,6,projected_js,0.07112545607378706,128
lot_paper_instruction,candidate,reasoning,uncensored_only,7,mmd_rbf,0.014337742701172829,128
lot_paper_instruction,candidate,reasoning,uncensored_only,7,projected_js,0.0690067948307842,128
lot_paper_instruction,candidate,reasoning,uncensored_only,8,mmd_rbf,0.01221060287207365,128
lot_paper_instruction,candidate,reasoning,uncensored_only,8,projected_js,0.06687045027501881,128
lot_paper_instruction,candidate,reasoning,uncensored_only,9,mmd_rbf,0.010770613327622414,128
lot_paper_instruction,candidate,reasoning,uncensored_only,9,projected_js,0.06384862470440567,128
lot_paper_instruction,candidate,reasoning,uncensored_only,10,mmd_rbf,0.011194327846169472,128
lot_paper_instruction,candidate,reasoning,uncensored_only,10,projected_js,0.06343800510512665,128
lot_paper_instruction,candidate,reasoning,uncensored_only,11,mmd_rbf,0.008899531327188015,128
lot_paper_instruction,candidate,reasoning,uncensored_only,11,projected_js,0.06567700032610446,128
lot_paper_instruction,candidate,reasoning,uncensored_only,12,mmd_rbf,0.00926226656883955,128
lot_paper_instruction,candidate,reasoning,uncensored_only,12,projected_js,0.06311596889281645,128
lot_paper_instruction,candidate,reasoning,uncensored_only,13,mmd_rbf,0.009435776621103287,128
lot_paper_instruction,candidate,reasoning,uncensored_only,13,projected_js,0.06417135609081015,128
lot_paper_instruction,candidate,reasoning,uncensored_only,14,mmd_rbf,0.009347832761704922,128
lot_paper_instruction,candidate,reasoning,uncensored_only,14,projected_js,0.06297771621029824,128
lot_paper_instruction,candidate,reasoning,uncensored_only,15,mmd_rbf,0.01045843306928873,128
lot_paper_instruction,candidate,reasoning,uncensored_only,15,projected_js,0.0654823828372173,128
lot_paper_instruction,candidate,reasoning,uncensored_only,16,mmd_rbf,0.010970559902489185,128
lot_paper_instruction,candidate,reasoning,uncensored_only,16,projected_js,0.064586213149596,128
lot_paper_instruction,candidate,reasoning,uncensored_only,17,mmd_rbf,0.01011494267731905,128
lot_paper_instruction,candidate,reasoning,uncensored_only,17,projected_js,0.06196534383343533,128
lot_paper_instruction,candidate,reasoning,uncensored_only,18,mmd_rbf,0.010061477310955524,128
lot_paper_instruction,candidate,reasoning,uncensored_only,18,projected_js,0.0669853591825813,128
lot_paper_instruction,candidate,reasoning,uncensored_only,19,mmd_rbf,0.010092931799590588,128
lot_paper_instruction,candidate,reasoning,uncensored_only,19,projected_js,0.06520049727987498,128
lot_paper_instruction,candidate,reasoning,uncensored_only,20,mmd_rbf,0.010393521748483181,128
lot_paper_instruction,candidate,reasoning,uncensored_only,20,projected_js,0.063444382220041,128
lot_paper_instruction,candidate,reasoning,uncensored_only,21,mmd_rbf,0.010955694131553173,128
lot_paper_instruction,candidate,reasoning,uncensored_only,21,projected_js,0.06539477192563936,128
lot_paper_instruction,candidate,reasoning,uncensored_only,22,mmd_rbf,0.01077581848949194,128
lot_paper_instruction,candidate,reasoning,uncensored_only,22,projected_js,0.06298247451195493,128
lot_paper_instruction,candidate,reasoning,uncensored_only,23,mmd_rbf,0.010387072339653969,128
lot_paper_instruction,candidate,reasoning,uncensored_only,23,projected_js,0.06755340524250641,128
lot_paper_instruction,candidate,reasoning,uncensored_only,24,mmd_rbf,0.010422716848552227,128
lot_paper_instruction,candidate,reasoning,uncensored_only,24,projected_js,0.0656849694205448,128
lot_paper_instruction,candidate,reasoning,uncensored_only,25,mmd_rbf,0.010970478877425194,128
lot_paper_instruction,candidate,reasoning,uncensored_only,25,projected_js,0.06738187884911895,128
lot_paper_instruction,candidate,reasoning,uncensored_only,26,mmd_rbf,0.011108998209238052,128
lot_paper_instruction,candidate,reasoning,uncensored_only,26,projected_js,0.06715610477840528,128
lot_paper_instruction,candidate,reasoning,uncensored_only,27,mmd_rbf,0.011363912373781204,128
lot_paper_instruction,candidate,reasoning,uncensored_only,27,projected_js,0.06694465037435293,128
lot_paper_instruction,candidate,reasoning,uncensored_only,28,mmd_rbf,0.010665202513337135,128
lot_paper_instruction,candidate,reasoning,uncensored_only,28,projected_js,0.06372524850303307,128
lot_paper_instruction,candidate,reasoning,uncensored_only,29,mmd_rbf,0.010714574716985226,128
lot_paper_instruction,candidate,reasoning,uncensored_only,29,projected_js,0.06403494445839897,128
lot_paper_instruction,candidate,reasoning,uncensored_only,30,mmd_rbf,0.011064739897847176,128
lot_paper_instruction,candidate,reasoning,uncensored_only,30,projected_js,0.06474678177619353,128
lot_paper_instruction,candidate,reasoning,uncensored_only,31,mmd_rbf,0.010952935554087162,128
lot_paper_instruction,candidate,reasoning,uncensored_only,31,projected_js,0.06446137250168249,128
lot_paper_instruction,candidate,reasoning,uncensored_only,32,mmd_rbf,0.011220522224903107,128
lot_paper_instruction,candidate,reasoning,uncensored_only,32,projected_js,0.0621030728216283,128
lot_paper_instruction,candidate,reasoning,uncensored_only,33,mmd_rbf,0.011410719715058804,128
lot_paper_instruction,candidate,reasoning,uncensored_only,33,projected_js,0.061009508674032986,128
lot_paper_instruction,candidate,reasoning,uncensored_only,34,mmd_rbf,0.011705323122441769,128
lot_paper_instruction,candidate,reasoning,uncensored_only,34,projected_js,0.0627720660995692,128
lot_paper_instruction,candidate,reasoning,uncensored_only,35,mmd_rbf,0.010032311081886292,128
lot_paper_instruction,candidate,reasoning,uncensored_only,35,projected_js,0.06005151604767889,128
lot_paper_instruction,candidate,uncensored_refusal_like,base,0,mmd_rbf,0.012921715155243874,128
lot_paper_instruction,candidate,uncensored_refusal_like,base,0,projected_js,0.061011175625026226,128
lot_paper_instruction,candidate,uncensored_refusal_like,base,1,mmd_rbf,0.025944778695702553,128
lot_paper_instruction,candidate,uncensored_refusal_like,base,1,projected_js,0.07643875939538702,128
lot_paper_instruction,candidate,uncensored_refusal_like,base,2,mmd_rbf,0.02625095285475254,128
lot_paper_instruction,candidate,uncensored_refusal_like,base,2,projected_js,0.07536824187263846,128
lot_paper_instruction,candidate,uncensored_refusal_like,base,3,mmd_rbf,0.04019547626376152,128
lot_paper_instruction,candidate,uncensored_refusal_like,base,3,projected_js,0.10306740290252492,128
lot_paper_instruction,candidate,uncensored_refusal_like,base,4,mmd_rbf,0.03877347335219383,128
lot_paper_instruction,candidate,uncensored_refusal_like,base,4,projected_js,0.09719411440892145,128
lot_paper_instruction,candidate,uncensored_refusal_like,base,5,mmd_rbf,0.0405554473400116,128
lot_paper_instruction,candidate,uncensored_refusal_like,base,5,projected_js,0.09325953666120768,128
lot_paper_instruction,candidate,uncensored_refusal_like,base,6,mmd_rbf,0.037004947662353516,128
lot_paper_instruction,candidate,uncensored_refusal_like,base,6,projected_js,0.09352583927102387,128
lot_paper_instruction,candidate,uncensored_refusal_like,base,7,mmd_rbf,0.03371914103627205,128
lot_paper_instruction,candidate,uncensored_refusal_like,base,7,projected_js,0.08655769925098866,128
lot_paper_instruction,candidate,uncensored_refusal_like,base,8,mmd_rbf,0.030513305217027664,128
lot_paper_instruction,candidate,uncensored_refusal_like,base,8,projected_js,0.08590939920395613,128
lot_paper_instruction,candidate,uncensored_refusal_like,base,9,mmd_rbf,0.03369207680225372,128
lot_paper_instruction,candidate,uncensored_refusal_like,base,9,projected_js,0.08782703895121813,128
lot_paper_instruction,candidate,uncensored_refusal_like,base,10,mmd_rbf,0.041331883519887924,128
lot_paper_instruction,candidate,uncensored_refusal_like,base,10,projected_js,0.09501129935961217,128
lot_paper_instruction,candidate,uncensored_refusal_like,base,11,mmd_rbf,0.042359840124845505,128
lot_paper_instruction,candidate,uncensored_refusal_like,base,11,projected_js,0.09229819354368374,128
lot_paper_instruction,candidate,uncensored_refusal_like,base,12,mmd_rbf,0.04489343985915184,128
lot_paper_instruction,candidate,uncensored_refusal_like,base,12,projected_js,0.09884265091386624,128
lot_paper_instruction,candidate,uncensored_refusal_like,base,13,mmd_rbf,0.047554031014442444,128
lot_paper_instruction,candidate,uncensored_refusal_like,base,13,projected_js,0.10426208982244134,128
lot_paper_instruction,candidate,uncensored_refusal_like,base,14,mmd_rbf,0.04751824960112572,128
lot_paper_instruction,candidate,uncensored_refusal_like,base,14,projected_js,0.09679016110021621,128
lot_paper_instruction,candidate,uncensored_refusal_like,base,15,mmd_rbf,0.04686996713280678,128
lot_paper_instruction,candidate,uncensored_refusal_like,base,15,projected_js,0.0899999977555126,128
lot_paper_instruction,candidate,uncensored_refusal_like,base,16,mmd_rbf,0.04851463437080383,128
lot_paper_instruction,candidate,uncensored_refusal_like,base,16,projected_js,0.092285739723593,128
lot_paper_instruction,candidate,uncensored_refusal_like,base,17,mmd_rbf,0.04938714578747749,128
lot_paper_instruction,candidate,uncensored_refusal_like,base,17,projected_js,0.09598833794007078,128
lot_paper_instruction,candidate,uncensored_refusal_like,base,18,mmd_rbf,0.051681675016880035,128
lot_paper_instruction,candidate,uncensored_refusal_like,base,18,projected_js,0.09610146260820329,128
lot_paper_instruction,candidate,uncensored_refusal_like,base,19,mmd_rbf,0.05343679338693619,128
lot_paper_instruction,candidate,uncensored_refusal_like,base,19,projected_js,0.09397980064386502,128
lot_paper_instruction,candidate,uncensored_refusal_like,base,20,mmd_rbf,0.06054741144180298,128
lot_paper_instruction,candidate,uncensored_refusal_like,base,20,projected_js,0.09776762715773657,128
lot_paper_instruction,candidate,uncensored_refusal_like,base,21,mmd_rbf,0.06649782508611679,128
lot_paper_instruction,candidate,uncensored_refusal_like,base,21,projected_js,0.1022647496429272,128
lot_paper_instruction,candidate,uncensored_refusal_like,base,22,mmd_rbf,0.07046198844909668,128
lot_paper_instruction,candidate,uncensored_refusal_like,base,22,projected_js,0.1087642484344542,128
lot_paper_instruction,candidate,uncensored_refusal_like,base,23,mmd_rbf,0.06886333227157593,128
lot_paper_instruction,candidate,uncensored_refusal_like,base,23,projected_js,0.10806906467769295,128
lot_paper_instruction,candidate,uncensored_refusal_like,base,24,mmd_rbf,0.06631465256214142,128
lot_paper_instruction,candidate,uncensored_refusal_like,base,24,projected_js,0.1178823426598683,128
lot_paper_instruction,candidate,uncensored_refusal_like,base,25,mmd_rbf,0.06353424489498138,128
lot_paper_instruction,candidate,uncensored_refusal_like,base,25,projected_js,0.10626748419599608,128
lot_paper_instruction,candidate,uncensored_refusal_like,base,26,mmd_rbf,0.062373943626880646,128
lot_paper_instruction,candidate,uncensored_refusal_like,base,26,projected_js,0.10797112167347223,128
lot_paper_instruction,candidate,uncensored_refusal_like,base,27,mmd_rbf,0.062298595905303955,128
lot_paper_instruction,candidate,uncensored_refusal_like,base,27,projected_js,0.11049660842400044,128
lot_paper_instruction,candidate,uncensored_refusal_like,base,28,mmd_rbf,0.061616357415914536,128
lot_paper_instruction,candidate,uncensored_refusal_like,base,28,projected_js,0.11028432834427804,128
lot_paper_instruction,candidate,uncensored_refusal_like,base,29,mmd_rbf,0.05723506957292557,128
lot_paper_instruction,candidate,uncensored_refusal_like,base,29,projected_js,0.10688782040961087,128
lot_paper_instruction,candidate,uncensored_refusal_like,base,30,mmd_rbf,0.05684782937169075,128
lot_paper_instruction,candidate,uncensored_refusal_like,base,30,projected_js,0.11072717391652986,128
lot_paper_instruction,candidate,uncensored_refusal_like,base,31,mmd_rbf,0.055442966520786285,128
lot_paper_instruction,candidate,uncensored_refusal_like,base,31,projected_js,0.10754436784191057,128
lot_paper_instruction,candidate,uncensored_refusal_like,base,32,mmd_rbf,0.0555259995162487,128
lot_paper_instruction,candidate,uncensored_refusal_like,base,32,projected_js,0.1037669024663046,128
lot_paper_instruction,candidate,uncensored_refusal_like,base,33,mmd_rbf,0.05324655771255493,128
lot_paper_instruction,candidate,uncensored_refusal_like,base,33,projected_js,0.10496676299953833,128
lot_paper_instruction,candidate,uncensored_refusal_like,base,34,mmd_rbf,0.06920918077230453,128
lot_paper_instruction,candidate,uncensored_refusal_like,base,34,projected_js,0.12317297275876626,128
lot_paper_instruction,candidate,uncensored_refusal_like,base,35,mmd_rbf,0.1719578206539154,128
lot_paper_instruction,candidate,uncensored_refusal_like,base,35,projected_js,0.20359880733303726,128
lot_paper_instruction,candidate,uncensored_refusal_like,instr_only,0,mmd_rbf,0.0057357787154614925,128
lot_paper_instruction,candidate,uncensored_refusal_like,instr_only,0,projected_js,0.04574195155873895,128
lot_paper_instruction,candidate,uncensored_refusal_like,instr_only,1,mmd_rbf,0.017179599031805992,128
lot_paper_instruction,candidate,uncensored_refusal_like,instr_only,1,projected_js,0.06487722019664943,128
lot_paper_instruction,candidate,uncensored_refusal_like,instr_only,2,mmd_rbf,0.01563793420791626,128
lot_paper_instruction,candidate,uncensored_refusal_like,instr_only,2,projected_js,0.06359712185803801,128
lot_paper_instruction,candidate,uncensored_refusal_like,instr_only,3,mmd_rbf,0.017615754157304764,128
lot_paper_instruction,candidate,uncensored_refusal_like,instr_only,3,projected_js,0.0742967929400038,128
lot_paper_instruction,candidate,uncensored_refusal_like,instr_only,4,mmd_rbf,0.019541580229997635,128
lot_paper_instruction,candidate,uncensored_refusal_like,instr_only,4,projected_js,0.07655772502766922,128
lot_paper_instruction,candidate,uncensored_refusal_like,instr_only,5,mmd_rbf,0.020523397251963615,128
lot_paper_instruction,candidate,uncensored_refusal_like,instr_only,5,projected_js,0.07544375752331689,128
lot_paper_instruction,candidate,uncensored_refusal_like,instr_only,6,mmd_rbf,0.019241301342844963,128
lot_paper_instruction,candidate,uncensored_refusal_like,instr_only,6,projected_js,0.07300948962802067,128
lot_paper_instruction,candidate,uncensored_refusal_like,instr_only,7,mmd_rbf,0.01555206160992384,128
lot_paper_instruction,candidate,uncensored_refusal_like,instr_only,7,projected_js,0.07286795318941586,128
lot_paper_instruction,candidate,uncensored_refusal_like,instr_only,8,mmd_rbf,0.013973233290016651,128
lot_paper_instruction,candidate,uncensored_refusal_like,instr_only,8,projected_js,0.06768702669069171,128
lot_paper_instruction,candidate,uncensored_refusal_like,instr_only,9,mmd_rbf,0.014576556161046028,128
lot_paper_instruction,candidate,uncensored_refusal_like,instr_only,9,projected_js,0.0729142723721452,128
lot_paper_instruction,candidate,uncensored_refusal_like,instr_only,10,mmd_rbf,0.01677657850086689,128
lot_paper_instruction,candidate,uncensored_refusal_like,instr_only,10,projected_js,0.07344826648477465,128
lot_paper_instruction,candidate,uncensored_refusal_like,instr_only,11,mmd_rbf,0.015896111726760864,128
lot_paper_instruction,candidate,uncensored_refusal_like,instr_only,11,projected_js,0.07334780879318714,128
lot_paper_instruction,candidate,uncensored_refusal_like,instr_only,12,mmd_rbf,0.016525423154234886,128
lot_paper_instruction,candidate,uncensored_refusal_like,instr_only,12,projected_js,0.0691889095469378,128
lot_paper_instruction,candidate,uncensored_refusal_like,instr_only,13,mmd_rbf,0.01703893579542637,128
lot_paper_instruction,candidate,uncensored_refusal_like,instr_only,13,projected_js,0.07197235204512253,128
lot_paper_instruction,candidate,uncensored_refusal_like,instr_only,14,mmd_rbf,0.015776503831148148,128
lot_paper_instruction,candidate,uncensored_refusal_like,instr_only,14,projected_js,0.0703728822991252,128
lot_paper_instruction,candidate,uncensored_refusal_like,instr_only,15,mmd_rbf,0.015008707530796528,128
lot_paper_instruction,candidate,uncensored_refusal_like,instr_only,15,projected_js,0.07139273488428444,128
lot_paper_instruction,candidate,uncensored_refusal_like,instr_only,16,mmd_rbf,0.013892197981476784,128
lot_paper_instruction,candidate,uncensored_refusal_like,instr_only,16,projected_js,0.07076855836203322,128
lot_paper_instruction,candidate,uncensored_refusal_like,instr_only,17,mmd_rbf,0.013963255099952221,128
lot_paper_instruction,candidate,uncensored_refusal_like,instr_only,17,projected_js,0.06837335869204253,128
lot_paper_instruction,candidate,uncensored_refusal_like,instr_only,18,mmd_rbf,0.015143090859055519,128
lot_paper_instruction,candidate,uncensored_refusal_like,instr_only,18,projected_js,0.07259255577810109,128
lot_paper_instruction,candidate,uncensored_refusal_like,instr_only,19,mmd_rbf,0.014565514400601387,128
lot_paper_instruction,candidate,uncensored_refusal_like,instr_only,19,projected_js,0.07023271103389561,128
lot_paper_instruction,candidate,uncensored_refusal_like,instr_only,20,mmd_rbf,0.014466933906078339,128
lot_paper_instruction,candidate,uncensored_refusal_like,instr_only,20,projected_js,0.06519985030172393,128
lot_paper_instruction,candidate,uncensored_refusal_like,instr_only,21,mmd_rbf,0.016296029090881348,128
lot_paper_instruction,candidate,uncensored_refusal_like,instr_only,21,projected_js,0.06998078944161534,128
lot_paper_instruction,candidate,uncensored_refusal_like,instr_only,22,mmd_rbf,0.01629018597304821,128
lot_paper_instruction,candidate,uncensored_refusal_like,instr_only,22,projected_js,0.06628400896443054,128
lot_paper_instruction,candidate,uncensored_refusal_like,instr_only,23,mmd_rbf,0.01474894117563963,128
lot_paper_instruction,candidate,uncensored_refusal_like,instr_only,23,projected_js,0.06989650221657939,128
lot_paper_instruction,candidate,uncensored_refusal_like,instr_only,24,mmd_rbf,0.014692731201648712,128
lot_paper_instruction,candidate,uncensored_refusal_like,instr_only,24,projected_js,0.07112488662824035,128
lot_paper_instruction,candidate,uncensored_refusal_like,instr_only,25,mmd_rbf,0.015668710693717003,128
lot_paper_instruction,candidate,uncensored_refusal_like,instr_only,25,projected_js,0.06992938258918002,128
lot_paper_instruction,candidate,uncensored_refusal_like,instr_only,26,mmd_rbf,0.016559796407818794,128
lot_paper_instruction,candidate,uncensored_refusal_like,instr_only,26,projected_js,0.07039461453678086,128
lot_paper_instruction,candidate,uncensored_refusal_like,instr_only,27,mmd_rbf,0.01703323796391487,128
lot_paper_instruction,candidate,uncensored_refusal_like,instr_only,27,projected_js,0.06934020901098847,128
lot_paper_instruction,candidate,uncensored_refusal_like,instr_only,28,mmd_rbf,0.018216058611869812,128
lot_paper_instruction,candidate,uncensored_refusal_like,instr_only,28,projected_js,0.07248575281118974,128
lot_paper_instruction,candidate,uncensored_refusal_like,instr_only,29,mmd_rbf,0.017965704202651978,128
lot_paper_instruction,candidate,uncensored_refusal_like,instr_only,29,projected_js,0.07288951048394665,128
lot_paper_instruction,candidate,uncensored_refusal_like,instr_only,30,mmd_rbf,0.01872943341732025,128
lot_paper_instruction,candidate,uncensored_refusal_like,instr_only,30,projected_js,0.07410303992219269,128
lot_paper_instruction,candidate,uncensored_refusal_like,instr_only,31,mmd_rbf,0.018711935728788376,128
lot_paper_instruction,candidate,uncensored_refusal_like,instr_only,31,projected_js,0.07479840010637417,128
lot_paper_instruction,candidate,uncensored_refusal_like,instr_only,32,mmd_rbf,0.019732413813471794,128
lot_paper_instruction,candidate,uncensored_refusal_like,instr_only,32,projected_js,0.07306522334693,128
lot_paper_instruction,candidate,uncensored_refusal_like,instr_only,33,mmd_rbf,0.019238322973251343,128
lot_paper_instruction,candidate,uncensored_refusal_like,instr_only,33,projected_js,0.07355080358684063,128
lot_paper_instruction,candidate,uncensored_refusal_like,instr_only,34,mmd_rbf,0.020338639616966248,128
lot_paper_instruction,candidate,uncensored_refusal_like,instr_only,34,projected_js,0.07558108947705477,128
lot_paper_instruction,candidate,uncensored_refusal_like,instr_only,35,mmd_rbf,0.04529137164354324,128
lot_paper_instruction,candidate,uncensored_refusal_like,instr_only,35,projected_js,0.09891460236394778,128
lot_paper_instruction,candidate,uncensored_refusal_like,reasoning_only,0,mmd_rbf,0.02001977525651455,128
lot_paper_instruction,candidate,uncensored_refusal_like,reasoning_only,0,projected_js,0.08533402558532543,128
lot_paper_instruction,candidate,uncensored_refusal_like,reasoning_only,1,mmd_rbf,0.032142024487257004,128
lot_paper_instruction,candidate,uncensored_refusal_like,reasoning_only,1,projected_js,0.08662836466100998,128
lot_paper_instruction,candidate,uncensored_refusal_like,reasoning_only,2,mmd_rbf,0.03140741214156151,128
lot_paper_instruction,candidate,uncensored_refusal_like,reasoning_only,2,projected_js,0.08542443736223504,128
lot_paper_instruction,candidate,uncensored_refusal_like,reasoning_only,3,mmd_rbf,0.03425249084830284,128
lot_paper_instruction,candidate,uncensored_refusal_like,reasoning_only,3,projected_js,0.08823189826216549,128
lot_paper_instruction,candidate,uncensored_refusal_like,reasoning_only,4,mmd_rbf,0.03314902260899544,128
lot_paper_instruction,candidate,uncensored_refusal_like,reasoning_only,4,projected_js,0.09326162206707522,128
lot_paper_instruction,candidate,uncensored_refusal_like,reasoning_only,5,mmd_rbf,0.033690713346004486,128
lot_paper_instruction,candidate,uncensored_refusal_like,reasoning_only,5,projected_js,0.09752846328774467,128
lot_paper_instruction,candidate,uncensored_refusal_like,reasoning_only,6,mmd_rbf,0.02553011290729046,128
lot_paper_instruction,candidate,uncensored_refusal_like,reasoning_only,6,projected_js,0.07986000890377909,128
lot_paper_instruction,candidate,uncensored_refusal_like,reasoning_only,7,mmd_rbf,0.022598061710596085,128
lot_paper_instruction,candidate,uncensored_refusal_like,reasoning_only,7,projected_js,0.0810689614736475,128
lot_paper_instruction,candidate,uncensored_refusal_like,reasoning_only,8,mmd_rbf,0.018383026123046875,128
lot_paper_instruction,candidate,uncensored_refusal_like,reasoning_only,8,projected_js,0.07951545633841306,128
lot_paper_instruction,candidate,uncensored_refusal_like,reasoning_only,9,mmd_rbf,0.01801072619855404,128
lot_paper_instruction,candidate,uncensored_refusal_like,reasoning_only,9,projected_js,0.078959270787891,128
lot_paper_instruction,candidate,uncensored_refusal_like,reasoning_only,10,mmd_rbf,0.023123929277062416,128
lot_paper_instruction,candidate,uncensored_refusal_like,reasoning_only,10,projected_js,0.08038945944281295,128
lot_paper_instruction,candidate,uncensored_refusal_like,reasoning_only,11,mmd_rbf,0.023740515112876892,128
lot_paper_instruction,candidate,uncensored_refusal_like,reasoning_only,11,projected_js,0.07911453564884141,128
lot_paper_instruction,candidate,uncensored_refusal_like,reasoning_only,12,mmd_rbf,0.02498488873243332,128
lot_paper_instruction,candidate,uncensored_refusal_like,reasoning_only,12,projected_js,0.0750482160365209,128
lot_paper_instruction,candidate,uncensored_refusal_like,reasoning_only,13,mmd_rbf,0.025468019768595695,128
lot_paper_instruction,candidate,uncensored_refusal_like,reasoning_only,13,projected_js,0.07685230096103624,128
lot_paper_instruction,candidate,uncensored_refusal_like,reasoning_only,14,mmd_rbf,0.02547861449420452,128
lot_paper_instruction,candidate,uncensored_refusal_like,reasoning_only,14,projected_js,0.07466126116923988,128
lot_paper_instruction,candidate,uncensored_refusal_like,reasoning_only,15,mmd_rbf,0.025415709242224693,128
lot_paper_instruction,candidate,uncensored_refusal_like,reasoning_only,15,projected_js,0.07736432709498331,128
lot_paper_instruction,candidate,uncensored_refusal_like,reasoning_only,16,mmd_rbf,0.026450825855135918,128
lot_paper_instruction,candidate,uncensored_refusal_like,reasoning_only,16,projected_js,0.07903881970560178,128
lot_paper_instruction,candidate,uncensored_refusal_like,reasoning_only,17,mmd_rbf,0.026108024641871452,128
lot_paper_instruction,candidate,uncensored_refusal_like,reasoning_only,17,projected_js,0.07392962209996767,128
lot_paper_instruction,candidate,uncensored_refusal_like,reasoning_only,18,mmd_rbf,0.029782310128211975,128
lot_paper_instruction,candidate,uncensored_refusal_like,reasoning_only,18,projected_js,0.07561714120674878,128
lot_paper_instruction,candidate,uncensored_refusal_like,reasoning_only,19,mmd_rbf,0.02934090793132782,128
lot_paper_instruction,candidate,uncensored_refusal_like,reasoning_only,19,projected_js,0.07930130115710199,128
lot_paper_instruction,candidate,uncensored_refusal_like,reasoning_only,20,mmd_rbf,0.029940886422991753,128
lot_paper_instruction,candidate,uncensored_refusal_like,reasoning_only,20,projected_js,0.08012784505262971,128
lot_paper_instruction,candidate,uncensored_refusal_like,reasoning_only,21,mmd_rbf,0.03220995143055916,128
lot_paper_instruction,candidate,uncensored_refusal_like,reasoning_only,21,projected_js,0.08191563666332513,128
lot_paper_instruction,candidate,uncensored_refusal_like,reasoning_only,22,mmd_rbf,0.03254711627960205,128
lot_paper_instruction,candidate,uncensored_refusal_like,reasoning_only,22,projected_js,0.08734052017098293,128
lot_paper_instruction,candidate,uncensored_refusal_like,reasoning_only,23,mmd_rbf,0.029234129935503006,128
lot_paper_instruction,candidate,uncensored_refusal_like,reasoning_only,23,projected_js,0.08389273373177275,128
lot_paper_instruction,candidate,uncensored_refusal_like,reasoning_only,24,mmd_rbf,0.035273030400276184,128
lot_paper_instruction,candidate,uncensored_refusal_like,reasoning_only,24,projected_js,0.08463366504292935,128
lot_paper_instruction,candidate,uncensored_refusal_like,reasoning_only,25,mmd_rbf,0.034931253641843796,128
lot_paper_instruction,candidate,uncensored_refusal_like,reasoning_only,25,projected_js,0.08463495346950367,128
lot_paper_instruction,candidate,uncensored_refusal_like,reasoning_only,26,mmd_rbf,0.03742256760597229,128
lot_paper_instruction,candidate,uncensored_refusal_like,reasoning_only,26,projected_js,0.0873925052001141,128
lot_paper_instruction,candidate,uncensored_refusal_like,reasoning_only,27,mmd_rbf,0.03825591877102852,128
lot_paper_instruction,candidate,uncensored_refusal_like,reasoning_only,27,projected_js,0.08742081077070907,128
lot_paper_instruction,candidate,uncensored_refusal_like,reasoning_only,28,mmd_rbf,0.039517272263765335,128
lot_paper_instruction,candidate,uncensored_refusal_like,reasoning_only,28,projected_js,0.09865910286316648,128
lot_paper_instruction,candidate,uncensored_refusal_like,reasoning_only,29,mmd_rbf,0.037752579897642136,128
lot_paper_instruction,candidate,uncensored_refusal_like,reasoning_only,29,projected_js,0.09887717803940177,128
lot_paper_instruction,candidate,uncensored_refusal_like,reasoning_only,30,mmd_rbf,0.03930835425853729,128
lot_paper_instruction,candidate,uncensored_refusal_like,reasoning_only,30,projected_js,0.10643970483215526,128
lot_paper_instruction,candidate,uncensored_refusal_like,reasoning_only,31,mmd_rbf,0.03902873396873474,128
lot_paper_instruction,candidate,uncensored_refusal_like,reasoning_only,31,projected_js,0.10065619403030723,128
lot_paper_instruction,candidate,uncensored_refusal_like,reasoning_only,32,mmd_rbf,0.03903987631201744,128
lot_paper_instruction,candidate,uncensored_refusal_like,reasoning_only,32,projected_js,0.0978467870154418,128
lot_paper_instruction,candidate,uncensored_refusal_like,reasoning_only,33,mmd_rbf,0.03916782885789871,128
lot_paper_instruction,candidate,uncensored_refusal_like,reasoning_only,33,projected_js,0.09846785184345208,128
lot_paper_instruction,candidate,uncensored_refusal_like,reasoning_only,34,mmd_rbf,0.04605645686388016,128
lot_paper_instruction,candidate,uncensored_refusal_like,reasoning_only,34,projected_js,0.09747462091036141,128
lot_paper_instruction,candidate,uncensored_refusal_like,reasoning_only,35,mmd_rbf,0.08087893575429916,128
lot_paper_instruction,candidate,uncensored_refusal_like,reasoning_only,35,projected_js,0.13052103394875303,128
lot_paper_instruction,candidate,uncensored_refusal_like,uncensored_only,0,mmd_rbf,0.01341259479522705,128
lot_paper_instruction,candidate,uncensored_refusal_like,uncensored_only,0,projected_js,0.06419264065334573,128
lot_paper_instruction,candidate,uncensored_refusal_like,uncensored_only,1,mmd_rbf,0.20610833168029785,128
lot_paper_instruction,candidate,uncensored_refusal_like,uncensored_only,1,projected_js,0.23225602123420686,128
lot_paper_instruction,candidate,uncensored_refusal_like,uncensored_only,2,mmd_rbf,0.19520513713359833,128
lot_paper_instruction,candidate,uncensored_refusal_like,uncensored_only,2,projected_js,0.203972939576488,128
lot_paper_instruction,candidate,uncensored_refusal_like,uncensored_only,3,mmd_rbf,0.15820138156414032,128
lot_paper_instruction,candidate,uncensored_refusal_like,uncensored_only,3,projected_js,0.16204579983605072,128
lot_paper_instruction,candidate,uncensored_refusal_like,uncensored_only,4,mmd_rbf,0.13011610507965088,128
lot_paper_instruction,candidate,uncensored_refusal_like,uncensored_only,4,projected_js,0.16409860021667555,128
lot_paper_instruction,candidate,uncensored_refusal_like,uncensored_only,5,mmd_rbf,0.1043383851647377,128
lot_paper_instruction,candidate,uncensored_refusal_like,uncensored_only,5,projected_js,0.16094030992826447,128
lot_paper_instruction,candidate,uncensored_refusal_like,uncensored_only,6,mmd_rbf,0.06658738851547241,128
lot_paper_instruction,candidate,uncensored_refusal_like,uncensored_only,6,projected_js,0.12476092932047322,128
lot_paper_instruction,candidate,uncensored_refusal_like,uncensored_only,7,mmd_rbf,0.050341662019491196,128
lot_paper_instruction,candidate,uncensored_refusal_like,uncensored_only,7,projected_js,0.10915178060531616,128
lot_paper_instruction,candidate,uncensored_refusal_like,uncensored_only,8,mmd_rbf,0.03831904008984566,128
lot_paper_instruction,candidate,uncensored_refusal_like,uncensored_only,8,projected_js,0.08981038845377043,128
lot_paper_instruction,candidate,uncensored_refusal_like,uncensored_only,9,mmd_rbf,0.03398384526371956,128
lot_paper_instruction,candidate,uncensored_refusal_like,uncensored_only,9,projected_js,0.07921506109414622,128
lot_paper_instruction,candidate,uncensored_refusal_like,uncensored_only,10,mmd_rbf,0.03435089811682701,128
lot_paper_instruction,candidate,uncensored_refusal_like,uncensored_only,10,projected_js,0.08712030726019293,128
lot_paper_instruction,candidate,uncensored_refusal_like,uncensored_only,11,mmd_rbf,0.027443313971161842,128
lot_paper_instruction,candidate,uncensored_refusal_like,uncensored_only,11,projected_js,0.07645516109187156,128
lot_paper_instruction,candidate,uncensored_refusal_like,uncensored_only,12,mmd_rbf,0.030847826972603798,128
lot_paper_instruction,candidate,uncensored_refusal_like,uncensored_only,12,projected_js,0.08067718864185736,128
lot_paper_instruction,candidate,uncensored_refusal_like,uncensored_only,13,mmd_rbf,0.035638477653265,128
lot_paper_instruction,candidate,uncensored_refusal_like,uncensored_only,13,projected_js,0.09038548008538783,128
lot_paper_instruction,candidate,uncensored_refusal_like,uncensored_only,14,mmd_rbf,0.03550195321440697,128
lot_paper_instruction,candidate,uncensored_refusal_like,uncensored_only,14,projected_js,0.0912944275769405,128
lot_paper_instruction,candidate,uncensored_refusal_like,uncensored_only,15,mmd_rbf,0.044937919825315475,128
lot_paper_instruction,candidate,uncensored_refusal_like,uncensored_only,15,projected_js,0.09652925876434892,128
lot_paper_instruction,candidate,uncensored_refusal_like,uncensored_only,16,mmd_rbf,0.04517318680882454,128
lot_paper_instruction,candidate,uncensored_refusal_like,uncensored_only,16,projected_js,0.0895293663488701,128
lot_paper_instruction,candidate,uncensored_refusal_like,uncensored_only,17,mmd_rbf,0.045987583696842194,128
lot_paper_instruction,candidate,uncensored_refusal_like,uncensored_only,17,projected_js,0.09425265132449567,128
lot_paper_instruction,candidate,uncensored_refusal_like,uncensored_only,18,mmd_rbf,0.049075063318014145,128
lot_paper_instruction,candidate,uncensored_refusal_like,uncensored_only,18,projected_js,0.09324015653692186,128
lot_paper_instruction,candidate,uncensored_refusal_like,uncensored_only,19,mmd_rbf,0.04669494554400444,128
lot_paper_instruction,candidate,uncensored_refusal_like,uncensored_only,19,projected_js,0.09326440189033747,128
lot_paper_instruction,candidate,uncensored_refusal_like,uncensored_only,20,mmd_rbf,0.04964452609419823,128
lot_paper_instruction,candidate,uncensored_refusal_like,uncensored_only,20,projected_js,0.09359091793885455,128
lot_paper_instruction,candidate,uncensored_refusal_like,uncensored_only,21,mmd_rbf,0.05424578860402107,128
lot_paper_instruction,candidate,uncensored_refusal_like,uncensored_only,21,projected_js,0.0952597824507393,128
lot_paper_instruction,candidate,uncensored_refusal_like,uncensored_only,22,mmd_rbf,0.05557069182395935,128
lot_paper_instruction,candidate,uncensored_refusal_like,uncensored_only,22,projected_js,0.10196945781353861,128
lot_paper_instruction,candidate,uncensored_refusal_like,uncensored_only,23,mmd_rbf,0.05533970519900322,128
lot_paper_instruction,candidate,uncensored_refusal_like,uncensored_only,23,projected_js,0.10992333700414747,128
lot_paper_instruction,candidate,uncensored_refusal_like,uncensored_only,24,mmd_rbf,0.062058448791503906,128
lot_paper_instruction,candidate,uncensored_refusal_like,uncensored_only,24,projected_js,0.11559401429258287,128
lot_paper_instruction,candidate,uncensored_refusal_like,uncensored_only,25,mmd_rbf,0.06738726049661636,128
lot_paper_instruction,candidate,uncensored_refusal_like,uncensored_only,25,projected_js,0.11527039355132729,128
lot_paper_instruction,candidate,uncensored_refusal_like,uncensored_only,26,mmd_rbf,0.07073286175727844,128
lot_paper_instruction,candidate,uncensored_refusal_like,uncensored_only,26,projected_js,0.10758994106436148,128
lot_paper_instruction,candidate,uncensored_refusal_like,uncensored_only,27,mmd_rbf,0.07339129596948624,128
lot_paper_instruction,candidate,uncensored_refusal_like,uncensored_only,27,projected_js,0.11958668590523303,128
lot_paper_instruction,candidate,uncensored_refusal_like,uncensored_only,28,mmd_rbf,0.07046665996313095,128
lot_paper_instruction,candidate,uncensored_refusal_like,uncensored_only,28,projected_js,0.11983475816668943,128
lot_paper_instruction,candidate,uncensored_refusal_like,uncensored_only,29,mmd_rbf,0.0661160871386528,128
lot_paper_instruction,candidate,uncensored_refusal_like,uncensored_only,29,projected_js,0.11498852696968243,128
lot_paper_instruction,candidate,uncensored_refusal_like,uncensored_only,30,mmd_rbf,0.06864752620458603,128
lot_paper_instruction,candidate,uncensored_refusal_like,uncensored_only,30,projected_js,0.11708041140809655,128
lot_paper_instruction,candidate,uncensored_refusal_like,uncensored_only,31,mmd_rbf,0.06609024107456207,128
lot_paper_instruction,candidate,uncensored_refusal_like,uncensored_only,31,projected_js,0.10986897523980588,128
lot_paper_instruction,candidate,uncensored_refusal_like,uncensored_only,32,mmd_rbf,0.06517955660820007,128
lot_paper_instruction,candidate,uncensored_refusal_like,uncensored_only,32,projected_js,0.10682203102624044,128
lot_paper_instruction,candidate,uncensored_refusal_like,uncensored_only,33,mmd_rbf,0.063233382999897,128
lot_paper_instruction,candidate,uncensored_refusal_like,uncensored_only,33,projected_js,0.10176045185653493,128
lot_paper_instruction,candidate,uncensored_refusal_like,uncensored_only,34,mmd_rbf,0.0656604990363121,128
lot_paper_instruction,candidate,uncensored_refusal_like,uncensored_only,34,projected_js,0.10815891606034711,128
lot_paper_instruction,candidate,uncensored_refusal_like,uncensored_only,35,mmd_rbf,0.07994376868009567,128
lot_paper_instruction,candidate,uncensored_refusal_like,uncensored_only,35,projected_js,0.11020053876563907,128
