model_id,model_kind,calib_subset,target_id,layer,metric,value,n_prompts
lot_paper_general__v1,candidate,general,base,0,mmd_rbf,0.00764121999964118,128
lot_paper_general__v1,candidate,general,base,0,projected_js,0.047426526667550206,128
lot_paper_general__v1,candidate,general,base,1,mmd_rbf,0.015190121717751026,128
lot_paper_general__v1,candidate,general,base,1,projected_js,0.05218151840381324,128
lot_paper_general__v1,candidate,general,base,2,mmd_rbf,0.014639056287705898,128
lot_paper_general__v1,candidate,general,base,2,projected_js,0.05845937452977523,128
lot_paper_general__v1,candidate,general,base,3,mmd_rbf,0.016180217266082764,128
lot_paper_general__v1,candidate,general,base,3,projected_js,0.06509888911386952,128
lot_paper_general__v1,candidate,general,base,4,mmd_rbf,0.014727077446877956,128
lot_paper_general__v1,candidate,general,base,4,projected_js,0.06300855553126894,128
lot_paper_general__v1,candidate,general,base,5,mmd_rbf,0.013607176952064037,128
lot_paper_general__v1,candidate,general,base,5,projected_js,0.06317345009301789,128
lot_paper_general__v1,candidate,general,base,6,mmd_rbf,0.009792892262339592,128
lot_paper_general__v1,candidate,general,base,6,projected_js,0.055574079597136006,128
lot_paper_general__v1,candidate,general,base,7,mmd_rbf,0.008901985362172127,128
lot_paper_general__v1,candidate,general,base,7,projected_js,0.059615883976221085,128
lot_paper_general__v1,candidate,general,base,8,mmd_rbf,0.007252172566950321,128
lot_paper_general__v1,candidate,general,base,8,projected_js,0.05696706587332301,128
lot_paper_general__v1,candidate,general,base,9,mmd_rbf,0.007464188616722822,128
lot_paper_general__v1,candidate,general,base,9,projected_js,0.058316571870818734,128
lot_paper_general__v1,candidate,general,base,10,mmd_rbf,0.0078088752925395966,128
lot_paper_general__v1,candidate,general,base,10,projected_js,0.0602591929200571,128
lot_paper_general__v1,candidate,general,base,11,mmd_rbf,0.007748554926365614,128
lot_paper_general__v1,candidate,general,base,11,projected_js,0.05881600052816793,128
lot_paper_general__v1,candidate,general,base,12,mmd_rbf,0.008064157329499722,128
lot_paper_general__v1,candidate,general,base,12,projected_js,0.06059568130876869,128
lot_paper_general__v1,candidate,general,base,13,mmd_rbf,0.008601158857345581,128
lot_paper_general__v1,candidate,general,base,13,projected_js,0.06107911645085551,128
lot_paper_general__v1,candidate,general,base,14,mmd_rbf,0.008957593701779842,128
lot_paper_general__v1,candidate,general,base,14,projected_js,0.06030090796411969,128
lot_paper_general__v1,candidate,general,base,15,mmd_rbf,0.009955020621418953,128
lot_paper_general__v1,candidate,general,base,15,projected_js,0.059376657532993704,128
lot_paper_general__v1,candidate,general,base,16,mmd_rbf,0.011478187516331673,128
lot_paper_general__v1,candidate,general,base,16,projected_js,0.0631127281812951,128
lot_paper_general__v1,candidate,general,base,17,mmd_rbf,0.011223260313272476,128
lot_paper_general__v1,candidate,general,base,17,projected_js,0.05939998821122572,128
lot_paper_general__v1,candidate,general,base,18,mmd_rbf,0.012533532455563545,128
lot_paper_general__v1,candidate,general,base,18,projected_js,0.06595136178657413,128
lot_paper_general__v1,candidate,general,base,19,mmd_rbf,0.013173580169677734,128
lot_paper_general__v1,candidate,general,base,19,projected_js,0.06852051109308377,128
lot_paper_general__v1,candidate,general,base,20,mmd_rbf,0.012852641753852367,128
lot_paper_general__v1,candidate,general,base,20,projected_js,0.06456046458333731,128
lot_paper_general__v1,candidate,general,base,21,mmd_rbf,0.01331910490989685,128
lot_paper_general__v1,candidate,general,base,21,projected_js,0.06571655004518107,128
lot_paper_general__v1,candidate,general,base,22,mmd_rbf,0.012211553752422333,128
lot_paper_general__v1,candidate,general,base,22,projected_js,0.0629577687359415,128
lot_paper_general__v1,candidate,general,base,23,mmd_rbf,0.010959121398627758,128
lot_paper_general__v1,candidate,general,base,23,projected_js,0.06408924312563613,128
lot_paper_general__v1,candidate,general,base,24,mmd_rbf,0.00968528725206852,128
lot_paper_general__v1,candidate,general,base,24,projected_js,0.06286166133941151,128
lot_paper_general__v1,candidate,general,base,25,mmd_rbf,0.008564493618905544,128
lot_paper_general__v1,candidate,general,base,25,projected_js,0.059962598053971305,128
lot_paper_general__v1,candidate,general,base,26,mmd_rbf,0.008160911500453949,128
lot_paper_general__v1,candidate,general,base,26,projected_js,0.06057588494149968,128
lot_paper_general__v1,candidate,general,base,27,mmd_rbf,0.007862023077905178,128
lot_paper_general__v1,candidate,general,base,27,projected_js,0.057250366458902135,128
lot_paper_general__v1,candidate,general,base,28,mmd_rbf,0.007397373206913471,128
lot_paper_general__v1,candidate,general,base,28,projected_js,0.06019509467296302,128
lot_paper_general__v1,candidate,general,base,29,mmd_rbf,0.00693300599232316,128
lot_paper_general__v1,candidate,general,base,29,projected_js,0.060988328885287046,128
lot_paper_general__v1,candidate,general,base,30,mmd_rbf,0.006581875961273909,128
lot_paper_general__v1,candidate,general,base,30,projected_js,0.05552954491577111,128
lot_paper_general__v1,candidate,general,base,31,mmd_rbf,0.006282656919211149,128
lot_paper_general__v1,candidate,general,base,31,projected_js,0.05696230553439818,128
lot_paper_general__v1,candidate,general,base,32,mmd_rbf,0.0068608904257416725,128
lot_paper_general__v1,candidate,general,base,32,projected_js,0.05895370297366753,128
lot_paper_general__v1,candidate,general,base,33,mmd_rbf,0.007152387406677008,128
lot_paper_general__v1,candidate,general,base,33,projected_js,0.06171212741173804,128
lot_paper_general__v1,candidate,general,base,34,mmd_rbf,0.013327195309102535,128
lot_paper_general__v1,candidate,general,base,34,projected_js,0.06533433892764151,128
lot_paper_general__v1,candidate,general,base,35,mmd_rbf,0.08268915861845016,128
lot_paper_general__v1,candidate,general,base,35,projected_js,0.12270596716552973,128
lot_paper_general__v1,candidate,general,instr_only,0,mmd_rbf,0.002996933413669467,128
lot_paper_general__v1,candidate,general,instr_only,0,projected_js,0.032251533048111014,128
lot_paper_general__v1,candidate,general,instr_only,1,mmd_rbf,0.008536833338439465,128
lot_paper_general__v1,candidate,general,instr_only,1,projected_js,0.04502420264179818,128
lot_paper_general__v1,candidate,general,instr_only,2,mmd_rbf,0.008260420523583889,128
lot_paper_general__v1,candidate,general,instr_only,2,projected_js,0.05354019463993609,128
lot_paper_general__v1,candidate,general,instr_only,3,mmd_rbf,0.008617964573204517,128
lot_paper_general__v1,candidate,general,instr_only,3,projected_js,0.053101100435014814,128
lot_paper_general__v1,candidate,general,instr_only,4,mmd_rbf,0.008525836281478405,128
lot_paper_general__v1,candidate,general,instr_only,4,projected_js,0.05226850145845674,128
lot_paper_general__v1,candidate,general,instr_only,5,mmd_rbf,0.007887477055191994,128
lot_paper_general__v1,candidate,general,instr_only,5,projected_js,0.05214980605524033,128
lot_paper_general__v1,candidate,general,instr_only,6,mmd_rbf,0.005524009000509977,128
lot_paper_general__v1,candidate,general,instr_only,6,projected_js,0.0480304746015463,128
lot_paper_general__v1,candidate,general,instr_only,7,mmd_rbf,0.00496327318251133,128
lot_paper_general__v1,candidate,general,instr_only,7,projected_js,0.05204716740990989,128
lot_paper_general__v1,candidate,general,instr_only,8,mmd_rbf,0.0038895439356565475,128
lot_paper_general__v1,candidate,general,instr_only,8,projected_js,0.05231459598871879,128
lot_paper_general__v1,candidate,general,instr_only,9,mmd_rbf,0.0038454465102404356,128
lot_paper_general__v1,candidate,general,instr_only,9,projected_js,0.051145441248081625,128
lot_paper_general__v1,candidate,general,instr_only,10,mmd_rbf,0.0041419691406190395,128
lot_paper_general__v1,candidate,general,instr_only,10,projected_js,0.04981029330519959,128
lot_paper_general__v1,candidate,general,instr_only,11,mmd_rbf,0.004050076473504305,128
lot_paper_general__v1,candidate,general,instr_only,11,projected_js,0.05505551036912948,128
lot_paper_general__v1,candidate,general,instr_only,12,mmd_rbf,0.004233034327626228,128
lot_paper_general__v1,candidate,general,instr_only,12,projected_js,0.05442772665992379,128
lot_paper_general__v1,candidate,general,instr_only,13,mmd_rbf,0.004551594611257315,128
lot_paper_general__v1,candidate,general,instr_only,13,projected_js,0.05902474539470859,128
lot_paper_general__v1,candidate,general,instr_only,14,mmd_rbf,0.004644437693059444,128
lot_paper_general__v1,candidate,general,instr_only,14,projected_js,0.05452482690452598,128
lot_paper_general__v1,candidate,general,instr_only,15,mmd_rbf,0.004748287610709667,128
lot_paper_general__v1,candidate,general,instr_only,15,projected_js,0.05632536101620644,128
lot_paper_general__v1,candidate,general,instr_only,16,mmd_rbf,0.005094984080642462,128
lot_paper_general__v1,candidate,general,instr_only,16,projected_js,0.056617918802658096,128
lot_paper_general__v1,candidate,general,instr_only,17,mmd_rbf,0.005361033137887716,128
lot_paper_general__v1,candidate,general,instr_only,17,projected_js,0.05812093574786559,128
lot_paper_general__v1,candidate,general,instr_only,18,mmd_rbf,0.005743489135056734,128
lot_paper_general__v1,candidate,general,instr_only,18,projected_js,0.058334634552011266,128
lot_paper_general__v1,candidate,general,instr_only,19,mmd_rbf,0.0057067894376814365,128
lot_paper_general__v1,candidate,general,instr_only,19,projected_js,0.05966410518158227,128
lot_paper_general__v1,candidate,general,instr_only,20,mmd_rbf,0.005769029725342989,128
lot_paper_general__v1,candidate,general,instr_only,20,projected_js,0.058715269493404776,128
lot_paper_general__v1,candidate,general,instr_only,21,mmd_rbf,0.006022361107170582,128
lot_paper_general__v1,candidate,general,instr_only,21,projected_js,0.06095233035739511,128
lot_paper_general__v1,candidate,general,instr_only,22,mmd_rbf,0.006039775442332029,128
lot_paper_general__v1,candidate,general,instr_only,22,projected_js,0.05585631259600632,128
lot_paper_general__v1,candidate,general,instr_only,23,mmd_rbf,0.005818318109959364,128
lot_paper_general__v1,candidate,general,instr_only,23,projected_js,0.05890496142092161,128
lot_paper_general__v1,candidate,general,instr_only,24,mmd_rbf,0.006212418898940086,128
lot_paper_general__v1,candidate,general,instr_only,24,projected_js,0.060974413296207786,128
lot_paper_general__v1,candidate,general,instr_only,25,mmd_rbf,0.006361714098602533,128
lot_paper_general__v1,candidate,general,instr_only,25,projected_js,0.05951302306493744,128
lot_paper_general__v1,candidate,general,instr_only,26,mmd_rbf,0.006637889426201582,128
lot_paper_general__v1,candidate,general,instr_only,26,projected_js,0.05834955157479271,128
lot_paper_general__v1,candidate,general,instr_only,27,mmd_rbf,0.006654938217252493,128
lot_paper_general__v1,candidate,general,instr_only,27,projected_js,0.058520337188383564,128
lot_paper_general__v1,candidate,general,instr_only,28,mmd_rbf,0.00661398796364665,128
lot_paper_general__v1,candidate,general,instr_only,28,projected_js,0.06089693563990295,128
lot_paper_general__v1,candidate,general,instr_only,29,mmd_rbf,0.006407113280147314,128
lot_paper_general__v1,candidate,general,instr_only,29,projected_js,0.056949299469124526,128
lot_paper_general__v1,candidate,general,instr_only,30,mmd_rbf,0.006210715975612402,128
lot_paper_general__v1,candidate,general,instr_only,30,projected_js,0.05744678154587746,128
lot_paper_general__v1,candidate,general,instr_only,31,mmd_rbf,0.006248496472835541,128
lot_paper_general__v1,candidate,general,instr_only,31,projected_js,0.05590803944505751,128
lot_paper_general__v1,candidate,general,instr_only,32,mmd_rbf,0.00616412004455924,128
lot_paper_general__v1,candidate,general,instr_only,32,projected_js,0.06001963227754459,128
lot_paper_general__v1,candidate,general,instr_only,33,mmd_rbf,0.005957671906799078,128
lot_paper_general__v1,candidate,general,instr_only,33,projected_js,0.05724985120468773,128
lot_paper_general__v1,candidate,general,instr_only,34,mmd_rbf,0.0065021091140806675,128
lot_paper_general__v1,candidate,general,instr_only,34,projected_js,0.05642374121816829,128
lot_paper_general__v1,candidate,general,instr_only,35,mmd_rbf,0.022569967433810234,128
lot_paper_general__v1,candidate,general,instr_only,35,projected_js,0.06811913230922073,128
lot_paper_general__v1,candidate,general,reasoning_only,0,mmd_rbf,0.014077610336244106,128
lot_paper_general__v1,candidate,general,reasoning_only,0,projected_js,0.05915712169371545,128
lot_paper_general__v1,candidate,general,reasoning_only,1,mmd_rbf,0.01779353618621826,128
lot_paper_general__v1,candidate,general,reasoning_only,1,projected_js,0.06243314177845605,128
lot_paper_general__v1,candidate,general,reasoning_only,2,mmd_rbf,0.016595730558037758,128
lot_paper_general__v1,candidate,general,reasoning_only,2,projected_js,0.0614507911959663,128
lot_paper_general__v1,candidate,general,reasoning_only,3,mmd_rbf,0.017560074105858803,128
lot_paper_general__v1,candidate,general,reasoning_only,3,projected_js,0.06721187190851197,128
lot_paper_general__v1,candidate,general,reasoning_only,4,mmd_rbf,0.01699281856417656,128
lot_paper_general__v1,candidate,general,reasoning_only,4,projected_js,0.06768108683172613,128
lot_paper_general__v1,candidate,general,reasoning_only,5,mmd_rbf,0.015857301652431488,128
lot_paper_general__v1,candidate,general,reasoning_only,5,projected_js,0.06694256945047528,128
lot_paper_general__v1,candidate,general,reasoning_only,6,mmd_rbf,0.011275052092969418,128
lot_paper_general__v1,candidate,general,reasoning_only,6,projected_js,0.06072908878559247,128
lot_paper_general__v1,candidate,general,reasoning_only,7,mmd_rbf,0.010216300375759602,128
lot_paper_general__v1,candidate,general,reasoning_only,7,projected_js,0.06053886271547526,128
lot_paper_general__v1,candidate,general,reasoning_only,8,mmd_rbf,0.008057238534092903,128
lot_paper_general__v1,candidate,general,reasoning_only,8,projected_js,0.06222482569864951,128
lot_paper_general__v1,candidate,general,reasoning_only,9,mmd_rbf,0.007671202998608351,128
lot_paper_general__v1,candidate,general,reasoning_only,9,projected_js,0.05816463733208366,128
lot_paper_general__v1,candidate,general,reasoning_only,10,mmd_rbf,0.008029521442949772,128
lot_paper_general__v1,candidate,general,reasoning_only,10,projected_js,0.05849231153842993,128
lot_paper_general__v1,candidate,general,reasoning_only,11,mmd_rbf,0.007361102383583784,128
lot_paper_general__v1,candidate,general,reasoning_only,11,projected_js,0.05873347393935546,128
lot_paper_general__v1,candidate,general,reasoning_only,12,mmd_rbf,0.0073260157369077206,128
lot_paper_general__v1,candidate,general,reasoning_only,12,projected_js,0.062041472672717646,128
lot_paper_general__v1,candidate,general,reasoning_only,13,mmd_rbf,0.007669961545616388,128
lot_paper_general__v1,candidate,general,reasoning_only,13,projected_js,0.057535800588084385,128
lot_paper_general__v1,candidate,general,reasoning_only,14,mmd_rbf,0.007659443654119968,128
lot_paper_general__v1,candidate,general,reasoning_only,14,projected_js,0.06198540312470868,128
lot_paper_general__v1,candidate,general,reasoning_only,15,mmd_rbf,0.00831588264554739,128
lot_paper_general__v1,candidate,general,reasoning_only,15,projected_js,0.0603586494398769,128
lot_paper_general__v1,candidate,general,reasoning_only,16,mmd_rbf,0.008594907820224762,128
lot_paper_general__v1,candidate,general,reasoning_only,16,projected_js,0.06478335527935997,128
lot_paper_general__v1,candidate,general,reasoning_only,17,mmd_rbf,0.00822314340621233,128
lot_paper_general__v1,candidate,general,reasoning_only,17,projected_js,0.060658319969661534,128
lot_paper_general__v1,candidate,general,reasoning_only,18,mmd_rbf,0.009101792238652706,128
lot_paper_general__v1,candidate,general,reasoning_only,18,projected_js,0.06185198939056136,128
lot_paper_general__v1,candidate,general,reasoning_only,19,mmd_rbf,0.008291319943964481,128
lot_paper_general__v1,candidate,general,reasoning_only,19,projected_js,0.06208624941064045,128
lot_paper_general__v1,candidate,general,reasoning_only,20,mmd_rbf,0.008158847689628601,128
lot_paper_general__v1,candidate,general,reasoning_only,20,projected_js,0.05996193672763184,128
lot_paper_general__v1,candidate,general,reasoning_only,21,mmd_rbf,0.008726169355213642,128
lot_paper_general__v1,candidate,general,reasoning_only,21,projected_js,0.06237806938588619,128
lot_paper_general__v1,candidate,general,reasoning_only,22,mmd_rbf,0.007486170623451471,128
lot_paper_general__v1,candidate,general,reasoning_only,22,projected_js,0.06291609565960243,128
lot_paper_general__v1,candidate,general,reasoning_only,23,mmd_rbf,0.006195290945470333,128
lot_paper_general__v1,candidate,general,reasoning_only,23,projected_js,0.06160621315939352,128
lot_paper_general__v1,candidate,general,reasoning_only,24,mmd_rbf,0.006262907292693853,128
lot_paper_general__v1,candidate,general,reasoning_only,24,projected_js,0.05930030078161508,128
lot_paper_general__v1,candidate,general,reasoning_only,25,mmd_rbf,0.005853718612343073,128
lot_paper_general__v1,candidate,general,reasoning_only,25,projected_js,0.05843348184134811,128
lot_paper_general__v1,candidate,general,reasoning_only,26,mmd_rbf,0.005885560996830463,128
lot_paper_general__v1,candidate,general,reasoning_only,26,projected_js,0.058913062734063715,128
lot_paper_general__v1,candidate,general,reasoning_only,27,mmd_rbf,0.005669937934726477,128
lot_paper_general__v1,candidate,general,reasoning_only,27,projected_js,0.05656665575224906,128
lot_paper_general__v1,candidate,general,reasoning_only,28,mmd_rbf,0.005770848598331213,128
lot_paper_general__v1,candidate,general,reasoning_only,28,projected_js,0.05725011360482313,128
lot_paper_general__v1,candidate,general,reasoning_only,29,mmd_rbf,0.00577246630564332,128
lot_paper_general__v1,candidate,general,reasoning_only,29,projected_js,0.061158292228356004,128
lot_paper_general__v1,candidate,general,reasoning_only,30,mmd_rbf,0.00566710252314806,128
lot_paper_general__v1,candidate,general,reasoning_only,30,projected_js,0.05736775160767138,128
lot_paper_general__v1,candidate,general,reasoning_only,31,mmd_rbf,0.005622583907097578,128
lot_paper_general__v1,candidate,general,reasoning_only,31,projected_js,0.05837802850874141,128
lot_paper_general__v1,candidate,general,reasoning_only,32,mmd_rbf,0.005619200412184,128
lot_paper_general__v1,candidate,general,reasoning_only,32,projected_js,0.057453463668935,128
lot_paper_general__v1,candidate,general,reasoning_only,33,mmd_rbf,0.0059004477225244045,128
lot_paper_general__v1,candidate,general,reasoning_only,33,projected_js,0.057591859134845436,128
lot_paper_general__v1,candidate,general,reasoning_only,34,mmd_rbf,0.007041514851152897,128
lot_paper_general__v1,candidate,general,reasoning_only,34,projected_js,0.05792087220470421,128
lot_paper_general__v1,candidate,general,reasoning_only,35,mmd_rbf,0.04235703870654106,128
lot_paper_general__v1,candidate,general,reasoning_only,35,projected_js,0.084723423817195,128
lot_paper_general__v1,candidate,general,uncensored_only,0,mmd_rbf,0.006882119458168745,128
lot_paper_general__v1,candidate,general,uncensored_only,0,projected_js,0.0409629980858881,128
lot_paper_general__v1,candidate,general,uncensored_only,1,mmd_rbf,0.15111450850963593,128
lot_paper_general__v1,candidate,general,uncensored_only,1,projected_js,0.16427307500271127,128
lot_paper_general__v1,candidate,general,uncensored_only,2,mmd_rbf,0.13297846913337708,128
lot_paper_general__v1,candidate,general,uncensored_only,2,projected_js,0.13282340471050702,128
lot_paper_general__v1,candidate,general,uncensored_only,3,mmd_rbf,0.10105352848768234,128
lot_paper_general__v1,candidate,general,uncensored_only,3,projected_js,0.12100619822740555,128
lot_paper_general__v1,candidate,general,uncensored_only,4,mmd_rbf,0.07338494062423706,128
lot_paper_general__v1,candidate,general,uncensored_only,4,projected_js,0.10946063557639718,128
lot_paper_general__v1,candidate,general,uncensored_only,5,mmd_rbf,0.054286181926727295,128
lot_paper_general__v1,candidate,general,uncensored_only,5,projected_js,0.10732061159797013,128
lot_paper_general__v1,candidate,general,uncensored_only,6,mmd_rbf,0.031073717400431633,128
lot_paper_general__v1,candidate,general,uncensored_only,6,projected_js,0.08105215430259705,128
lot_paper_general__v1,candidate,general,uncensored_only,7,mmd_rbf,0.02366543374955654,128
lot_paper_general__v1,candidate,general,uncensored_only,7,projected_js,0.07546072889817879,128
lot_paper_general__v1,candidate,general,uncensored_only,8,mmd_rbf,0.015874285250902176,128
lot_paper_general__v1,candidate,general,uncensored_only,8,projected_js,0.06954500681604259,128
lot_paper_general__v1,candidate,general,uncensored_only,9,mmd_rbf,0.013398517854511738,128
lot_paper_general__v1,candidate,general,uncensored_only,9,projected_js,0.06322321679908782,128
lot_paper_general__v1,candidate,general,uncensored_only,10,mmd_rbf,0.01197864767163992,128
lot_paper_general__v1,candidate,general,uncensored_only,10,projected_js,0.06533440505154431,128
lot_paper_general__v1,candidate,general,uncensored_only,11,mmd_rbf,0.010326904244720936,128
lot_paper_general__v1,candidate,general,uncensored_only,11,projected_js,0.06031435064505786,128
lot_paper_general__v1,candidate,general,uncensored_only,12,mmd_rbf,0.010004418902099133,128
lot_paper_general__v1,candidate,general,uncensored_only,12,projected_js,0.06509879327495582,128
lot_paper_general__v1,candidate,general,uncensored_only,13,mmd_rbf,0.010913644917309284,128
lot_paper_general__v1,candidate,general,uncensored_only,13,projected_js,0.06486948358360678,128
lot_paper_general__v1,candidate,general,uncensored_only,14,mmd_rbf,0.01087056752294302,128
lot_paper_general__v1,candidate,general,uncensored_only,14,projected_js,0.06794063618872315,128
lot_paper_general__v1,candidate,general,uncensored_only,15,mmd_rbf,0.013519165106117725,128
lot_paper_general__v1,candidate,general,uncensored_only,15,projected_js,0.06435249716741964,128
lot_paper_general__v1,candidate,general,uncensored_only,16,mmd_rbf,0.014822023920714855,128
lot_paper_general__v1,candidate,general,uncensored_only,16,projected_js,0.06912291358457878,128
lot_paper_general__v1,candidate,general,uncensored_only,17,mmd_rbf,0.013851647265255451,128
lot_paper_general__v1,candidate,general,uncensored_only,17,projected_js,0.06675494252704084,128
lot_paper_general__v1,candidate,general,uncensored_only,18,mmd_rbf,0.014461222104728222,128
lot_paper_general__v1,candidate,general,uncensored_only,18,projected_js,0.06714466470293701,128
lot_paper_general__v1,candidate,general,uncensored_only,19,mmd_rbf,0.012948647141456604,128
lot_paper_general__v1,candidate,general,uncensored_only,19,projected_js,0.06723523876280524,128
lot_paper_general__v1,candidate,general,uncensored_only,20,mmd_rbf,0.01254784781485796,128
lot_paper_general__v1,candidate,general,uncensored_only,20,projected_js,0.06715340405935422,128
lot_paper_general__v1,candidate,general,uncensored_only,21,mmd_rbf,0.013170870020985603,128
lot_paper_general__v1,candidate,general,uncensored_only,21,projected_js,0.06710401136660948,128
lot_paper_general__v1,candidate,general,uncensored_only,22,mmd_rbf,0.013015049509704113,128
lot_paper_general__v1,candidate,general,uncensored_only,22,projected_js,0.06791514364886098,128
lot_paper_general__v1,candidate,general,uncensored_only,23,mmd_rbf,0.012046897783875465,128
lot_paper_general__v1,candidate,general,uncensored_only,23,projected_js,0.06752458435948938,128
lot_paper_general__v1,candidate,general,uncensored_only,24,mmd_rbf,0.012657994404435158,128
lot_paper_general__v1,candidate,general,uncensored_only,24,projected_js,0.06983414280693978,128
lot_paper_general__v1,candidate,general,uncensored_only,25,mmd_rbf,0.01300099678337574,128
lot_paper_general__v1,candidate,general,uncensored_only,25,projected_js,0.06735459598712623,128
lot_paper_general__v1,candidate,general,uncensored_only,26,mmd_rbf,0.013427430763840675,128
lot_paper_general__v1,candidate,general,uncensored_only,26,projected_js,0.06792010719073005,128
lot_paper_general__v1,candidate,general,uncensored_only,27,mmd_rbf,0.013482445850968361,128
lot_paper_general__v1,candidate,general,uncensored_only,27,projected_js,0.06715189974056557,128
lot_paper_general__v1,candidate,general,uncensored_only,28,mmd_rbf,0.012766747735440731,128
lot_paper_general__v1,candidate,general,uncensored_only,28,projected_js,0.06834596866974607,128
lot_paper_general__v1,candidate,general,uncensored_only,29,mmd_rbf,0.012420008890330791,128
lot_paper_general__v1,candidate,general,uncensored_only,29,projected_js,0.06601134117227048,128
lot_paper_general__v1,candidate,general,uncensored_only,30,mmd_rbf,0.012513503432273865,128
lot_paper_general__v1,candidate,general,uncensored_only,30,projected_js,0.0629131969762966,128
lot_paper_general__v1,candidate,general,uncensored_only,31,mmd_rbf,0.011998842470347881,128
lot_paper_general__v1,candidate,general,uncensored_only,31,projected_js,0.06425057142041624,128
lot_paper_general__v1,candidate,general,uncensored_only,32,mmd_rbf,0.011518892832100391,128
lot_paper_general__v1,candidate,general,uncensored_only,32,projected_js,0.06324434891575947,128
lot_paper_general__v1,candidate,general,uncensored_only,33,mmd_rbf,0.011372245848178864,128
lot_paper_general__v1,candidate,general,uncensored_only,33,projected_js,0.05936507403384894,128
lot_paper_general__v1,candidate,general,uncensored_only,34,mmd_rbf,0.011754137463867664,128
lot_paper_general__v1,candidate,general,uncensored_only,34,projected_js,0.060286824067588896,128
lot_paper_general__v1,candidate,general,uncensored_only,35,mmd_rbf,0.03451835736632347,128
lot_paper_general__v1,candidate,general,uncensored_only,35,projected_js,0.0769859712163452,128
lot_paper_general__v1,candidate,instruction,base,0,mmd_rbf,0.004467064049094915,128
lot_paper_general__v1,candidate,instruction,base,0,projected_js,0.046491362823871896,128
lot_paper_general__v1,candidate,instruction,base,1,mmd_rbf,0.009450542740523815,128
lot_paper_general__v1,candidate,instruction,base,1,projected_js,0.054480081307701766,128
lot_paper_general__v1,candidate,instruction,base,2,mmd_rbf,0.010906931944191456,128
lot_paper_general__v1,candidate,instruction,base,2,projected_js,0.059812806226545945,128
lot_paper_general__v1,candidate,instruction,base,3,mmd_rbf,0.014384857378900051,128
lot_paper_general__v1,candidate,instruction,base,3,projected_js,0.06412011411157437,128
lot_paper_general__v1,candidate,instruction,base,4,mmd_rbf,0.01323490496724844,128
lot_paper_general__v1,candidate,instruction,base,4,projected_js,0.06614754267502576,128
lot_paper_general__v1,candidate,instruction,base,5,mmd_rbf,0.013597107492387295,128
lot_paper_general__v1,candidate,instruction,base,5,projected_js,0.06200129754142836,128
lot_paper_general__v1,candidate,instruction,base,6,mmd_rbf,0.010587074793875217,128
lot_paper_general__v1,candidate,instruction,base,6,projected_js,0.06336246556020342,128
lot_paper_general__v1,candidate,instruction,base,7,mmd_rbf,0.00999821163713932,128
lot_paper_general__v1,candidate,instruction,base,7,projected_js,0.06376906769583002,128
lot_paper_general__v1,candidate,instruction,base,8,mmd_rbf,0.00892571359872818,128
lot_paper_general__v1,candidate,instruction,base,8,projected_js,0.0621992209344171,128
lot_paper_general__v1,candidate,instruction,base,9,mmd_rbf,0.009856078773736954,128
lot_paper_general__v1,candidate,instruction,base,9,projected_js,0.06556653272127733,128
lot_paper_general__v1,candidate,instruction,base,10,mmd_rbf,0.010747464373707771,128
lot_paper_general__v1,candidate,instruction,base,10,projected_js,0.06626569479703903,128
lot_paper_general__v1,candidate,instruction,base,11,mmd_rbf,0.010614651255309582,128
lot_paper_general__v1,candidate,instruction,base,11,projected_js,0.06664329126942903,128
lot_paper_general__v1,candidate,instruction,base,12,mmd_rbf,0.010616880841553211,128
lot_paper_general__v1,candidate,instruction,base,12,projected_js,0.06531443988205865,128
lot_paper_general__v1,candidate,instruction,base,13,mmd_rbf,0.011201283894479275,128
lot_paper_general__v1,candidate,instruction,base,13,projected_js,0.06831406528363004,128
lot_paper_general__v1,candidate,instruction,base,14,mmd_rbf,0.01182608213275671,128
lot_paper_general__v1,candidate,instruction,base,14,projected_js,0.06556212110444903,128
lot_paper_general__v1,candidate,instruction,base,15,mmd_rbf,0.013095873408019543,128
lot_paper_general__v1,candidate,instruction,base,15,projected_js,0.07159590721130371,128
lot_paper_general__v1,candidate,instruction,base,16,mmd_rbf,0.013731780461966991,128
lot_paper_general__v1,candidate,instruction,base,16,projected_js,0.06830279051791877,128
lot_paper_general__v1,candidate,instruction,base,17,mmd_rbf,0.013327260501682758,128
lot_paper_general__v1,candidate,instruction,base,17,projected_js,0.07274958794005215,128
lot_paper_general__v1,candidate,instruction,base,18,mmd_rbf,0.014692205004394054,128
lot_paper_general__v1,candidate,instruction,base,18,projected_js,0.07402593380538747,128
lot_paper_general__v1,candidate,instruction,base,19,mmd_rbf,0.01590730808675289,128
lot_paper_general__v1,candidate,instruction,base,19,projected_js,0.06955868378281593,128
lot_paper_general__v1,candidate,instruction,base,20,mmd_rbf,0.01595725491642952,128
lot_paper_general__v1,candidate,instruction,base,20,projected_js,0.06700106564676389,128
lot_paper_general__v1,candidate,instruction,base,21,mmd_rbf,0.017264051362872124,128
lot_paper_general__v1,candidate,instruction,base,21,projected_js,0.0726106766378507,128
lot_paper_general__v1,candidate,instruction,base,22,mmd_rbf,0.016552133485674858,128
lot_paper_general__v1,candidate,instruction,base,22,projected_js,0.0666670206701383,128
lot_paper_general__v1,candidate,instruction,base,23,mmd_rbf,0.015056455507874489,128
lot_paper_general__v1,candidate,instruction,base,23,projected_js,0.06993443839019164,128
lot_paper_general__v1,candidate,instruction,base,24,mmd_rbf,0.01412240881472826,128
lot_paper_general__v1,candidate,instruction,base,24,projected_js,0.07103298261063173,128
lot_paper_general__v1,candidate,instruction,base,25,mmd_rbf,0.012955576181411743,128
lot_paper_general__v1,candidate,instruction,base,25,projected_js,0.06685412547085434,128
lot_paper_general__v1,candidate,instruction,base,26,mmd_rbf,0.012300542555749416,128
lot_paper_general__v1,candidate,instruction,base,26,projected_js,0.06695790833327919,128
lot_paper_general__v1,candidate,instruction,base,27,mmd_rbf,0.011863033287227154,128
lot_paper_general__v1,candidate,instruction,base,27,projected_js,0.06735749659128487,128
lot_paper_general__v1,candidate,instruction,base,28,mmd_rbf,0.01118968054652214,128
lot_paper_general__v1,candidate,instruction,base,28,projected_js,0.06638226081850007,128
lot_paper_general__v1,candidate,instruction,base,29,mmd_rbf,0.010557971894741058,128
lot_paper_general__v1,candidate,instruction,base,29,projected_js,0.06268860879936256,128
lot_paper_general__v1,candidate,instruction,base,30,mmd_rbf,0.010333793237805367,128
lot_paper_general__v1,candidate,instruction,base,30,projected_js,0.07201145857106894,128
lot_paper_general__v1,candidate,instruction,base,31,mmd_rbf,0.010079121217131615,128
lot_paper_general__v1,candidate,instruction,base,31,projected_js,0.06736167008057237,128
lot_paper_general__v1,candidate,instruction,base,32,mmd_rbf,0.010568047873675823,128
lot_paper_general__v1,candidate,instruction,base,32,projected_js,0.06589518114924431,128
lot_paper_general__v1,candidate,instruction,base,33,mmd_rbf,0.010513386689126492,128
lot_paper_general__v1,candidate,instruction,base,33,projected_js,0.06495372694917023,128
lot_paper_general__v1,candidate,instruction,base,34,mmd_rbf,0.016074666753411293,128
lot_paper_general__v1,candidate,instruction,base,34,projected_js,0.07388801631168462,128
lot_paper_general__v1,candidate,instruction,base,35,mmd_rbf,0.055887144058942795,128
lot_paper_general__v1,candidate,instruction,base,35,projected_js,0.10946608713129535,128
lot_paper_general__v1,candidate,instruction,instr_only,0,mmd_rbf,0.0020693750120699406,128
lot_paper_general__v1,candidate,instruction,instr_only,0,projected_js,0.039318659517448395,128
lot_paper_general__v1,candidate,instruction,instr_only,1,mmd_rbf,0.005973710212856531,128
lot_paper_general__v1,candidate,instruction,instr_only,1,projected_js,0.04717810597503558,128
lot_paper_general__v1,candidate,instruction,instr_only,2,mmd_rbf,0.007021105382591486,128
lot_paper_general__v1,candidate,instruction,instr_only,2,projected_js,0.054701501299859956,128
lot_paper_general__v1,candidate,instruction,instr_only,3,mmd_rbf,0.007580620236694813,128
lot_paper_general__v1,candidate,instruction,instr_only,3,projected_js,0.053934978757752106,128
lot_paper_general__v1,candidate,instruction,instr_only,4,mmd_rbf,0.008258581161499023,128
lot_paper_general__v1,candidate,instruction,instr_only,4,projected_js,0.05460603180108592,128
lot_paper_general__v1,candidate,instruction,instr_only,5,mmd_rbf,0.008856361731886864,128
lot_paper_general__v1,candidate,instruction,instr_only,5,projected_js,0.05863510811468586,128
lot_paper_general__v1,candidate,instruction,instr_only,6,mmd_rbf,0.006936277728527784,128
lot_paper_general__v1,candidate,instruction,instr_only,6,projected_js,0.055919815407833084,128
lot_paper_general__v1,candidate,instruction,instr_only,7,mmd_rbf,0.006516621448099613,128
lot_paper_general__v1,candidate,instruction,instr_only,7,projected_js,0.061020005407044664,128
lot_paper_general__v1,candidate,instruction,instr_only,8,mmd_rbf,0.0055789947509765625,128
lot_paper_general__v1,candidate,instruction,instr_only,8,projected_js,0.058519733720459044,128
lot_paper_general__v1,candidate,instruction,instr_only,9,mmd_rbf,0.005563659127801657,128
lot_paper_general__v1,candidate,instruction,instr_only,9,projected_js,0.06056388505385257,128
lot_paper_general__v1,candidate,instruction,instr_only,10,mmd_rbf,0.006320159416645765,128
lot_paper_general__v1,candidate,instruction,instr_only,10,projected_js,0.06075919000431895,128
lot_paper_general__v1,candidate,instruction,instr_only,11,mmd_rbf,0.00603267690166831,128
lot_paper_general__v1,candidate,instruction,instr_only,11,projected_js,0.06290364122833125,128
lot_paper_general__v1,candidate,instruction,instr_only,12,mmd_rbf,0.006203805562108755,128
lot_paper_general__v1,candidate,instruction,instr_only,12,projected_js,0.06442197551950812,128
lot_paper_general__v1,candidate,instruction,instr_only,13,mmd_rbf,0.006396924145519733,128
lot_paper_general__v1,candidate,instruction,instr_only,13,projected_js,0.0643060690490529,128
lot_paper_general__v1,candidate,instruction,instr_only,14,mmd_rbf,0.006351707968860865,128
lot_paper_general__v1,candidate,instruction,instr_only,14,projected_js,0.06485841696849093,128
lot_paper_general__v1,candidate,instruction,instr_only,15,mmd_rbf,0.0065826731733977795,128
lot_paper_general__v1,candidate,instruction,instr_only,15,projected_js,0.06431321479612961,128
lot_paper_general__v1,candidate,instruction,instr_only,16,mmd_rbf,0.006894644349813461,128
lot_paper_general__v1,candidate,instruction,instr_only,16,projected_js,0.06590800103731453,128
lot_paper_general__v1,candidate,instruction,instr_only,17,mmd_rbf,0.0073297470808029175,128
lot_paper_general__v1,candidate,instruction,instr_only,17,projected_js,0.0627958916593343,128
lot_paper_general__v1,candidate,instruction,instr_only,18,mmd_rbf,0.008390354923903942,128
lot_paper_general__v1,candidate,instruction,instr_only,18,projected_js,0.06666952552041039,128
lot_paper_general__v1,candidate,instruction,instr_only,19,mmd_rbf,0.00929249543696642,128
lot_paper_general__v1,candidate,instruction,instr_only,19,projected_js,0.06940085638780147,128
lot_paper_general__v1,candidate,instruction,instr_only,20,mmd_rbf,0.009462492540478706,128
lot_paper_general__v1,candidate,instruction,instr_only,20,projected_js,0.06760809547267854,128
lot_paper_general__v1,candidate,instruction,instr_only,21,mmd_rbf,0.010414274409413338,128
lot_paper_general__v1,candidate,instruction,instr_only,21,projected_js,0.06935400317888707,128
lot_paper_general__v1,candidate,instruction,instr_only,22,mmd_rbf,0.010763928294181824,128
lot_paper_general__v1,candidate,instruction,instr_only,22,projected_js,0.07203425443731248,128
lot_paper_general__v1,candidate,instruction,instr_only,23,mmd_rbf,0.01061808131635189,128
lot_paper_general__v1,candidate,instruction,instr_only,23,projected_js,0.0694585153250955,128
lot_paper_general__v1,candidate,instruction,instr_only,24,mmd_rbf,0.010900086723268032,128
lot_paper_general__v1,candidate,instruction,instr_only,24,projected_js,0.0710670719272457,128
lot_paper_general__v1,candidate,instruction,instr_only,25,mmd_rbf,0.01128963753581047,128
lot_paper_general__v1,candidate,instruction,instr_only,25,projected_js,0.07025667798006907,128
lot_paper_general__v1,candidate,instruction,instr_only,26,mmd_rbf,0.011658214032649994,128
lot_paper_general__v1,candidate,instruction,instr_only,26,projected_js,0.07266627257922664,128
lot_paper_general__v1,candidate,instruction,instr_only,27,mmd_rbf,0.011574496515095234,128
lot_paper_general__v1,candidate,instruction,instr_only,27,projected_js,0.06924897979479283,128
lot_paper_general__v1,candidate,instruction,instr_only,28,mmd_rbf,0.011429018341004848,128
lot_paper_general__v1,candidate,instruction,instr_only,28,projected_js,0.07115934806643054,128
lot_paper_general__v1,candidate,instruction,instr_only,29,mmd_rbf,0.010847833938896656,128
lot_paper_general__v1,candidate,instruction,instr_only,29,projected_js,0.06421725050313398,128
lot_paper_general__v1,candidate,instruction,instr_only,30,mmd_rbf,0.010764694772660732,128
lot_paper_general__v1,candidate,instruction,instr_only,30,projected_js,0.07103761757025495,128
lot_paper_general__v1,candidate,instruction,instr_only,31,mmd_rbf,0.010812157765030861,128
lot_paper_general__v1,candidate,instruction,instr_only,31,projected_js,0.06829641899093986,128
lot_paper_general__v1,candidate,instruction,instr_only,32,mmd_rbf,0.010670891962945461,128
lot_paper_general__v1,candidate,instruction,instr_only,32,projected_js,0.06676870089722797,128
lot_paper_general__v1,candidate,instruction,instr_only,33,mmd_rbf,0.010487693361938,128
lot_paper_general__v1,candidate,instruction,instr_only,33,projected_js,0.06872374704107642,128
lot_paper_general__v1,candidate,instruction,instr_only,34,mmd_rbf,0.01154914777725935,128
lot_paper_general__v1,candidate,instruction,instr_only,34,projected_js,0.0708064393256791,128
lot_paper_general__v1,candidate,instruction,instr_only,35,mmd_rbf,0.03345947340130806,128
lot_paper_general__v1,candidate,instruction,instr_only,35,projected_js,0.08881018677493557,128
lot_paper_general__v1,candidate,instruction,reasoning_only,0,mmd_rbf,0.005482804961502552,128
lot_paper_general__v1,candidate,instruction,reasoning_only,0,projected_js,0.0536069946247153,128
lot_paper_general__v1,candidate,instruction,reasoning_only,1,mmd_rbf,0.00960503239184618,128
lot_paper_general__v1,candidate,instruction,reasoning_only,1,projected_js,0.058414588536834344,128
lot_paper_general__v1,candidate,instruction,reasoning_only,2,mmd_rbf,0.010606680996716022,128
lot_paper_general__v1,candidate,instruction,reasoning_only,2,projected_js,0.06110379984602332,128
lot_paper_general__v1,candidate,instruction,reasoning_only,3,mmd_rbf,0.011469638906419277,128
lot_paper_general__v1,candidate,instruction,reasoning_only,3,projected_js,0.06489746662555262,128
lot_paper_general__v1,candidate,instruction,reasoning_only,4,mmd_rbf,0.011963940225541592,128
lot_paper_general__v1,candidate,instruction,reasoning_only,4,projected_js,0.06707546394318342,128
lot_paper_general__v1,candidate,instruction,reasoning_only,5,mmd_rbf,0.012372280471026897,128
lot_paper_general__v1,candidate,instruction,reasoning_only,5,projected_js,0.06307790771825239,128
lot_paper_general__v1,candidate,instruction,reasoning_only,6,mmd_rbf,0.009725473821163177,128
lot_paper_general__v1,candidate,instruction,reasoning_only,6,projected_js,0.06381884656730108,128
lot_paper_general__v1,candidate,instruction,reasoning_only,7,mmd_rbf,0.009946445934474468,128
lot_paper_general__v1,candidate,instruction,reasoning_only,7,projected_js,0.06821490699076094,128
lot_paper_general__v1,candidate,instruction,reasoning_only,8,mmd_rbf,0.008197980932891369,128
lot_paper_general__v1,candidate,instruction,reasoning_only,8,projected_js,0.06540580809814855,128
lot_paper_general__v1,candidate,instruction,reasoning_only,9,mmd_rbf,0.008141706697642803,128
lot_paper_general__v1,candidate,instruction,reasoning_only,9,projected_js,0.06282914942130446,128
lot_paper_general__v1,candidate,instruction,reasoning_only,10,mmd_rbf,0.009081226773560047,128
lot_paper_general__v1,candidate,instruction,reasoning_only,10,projected_js,0.06630508770467713,128
lot_paper_general__v1,candidate,instruction,reasoning_only,11,mmd_rbf,0.00876578688621521,128
lot_paper_general__v1,candidate,instruction,reasoning_only,11,projected_js,0.06431283557321876,128
lot_paper_general__v1,candidate,instruction,reasoning_only,12,mmd_rbf,0.009173482656478882,128
lot_paper_general__v1,candidate,instruction,reasoning_only,12,projected_js,0.06655523387598805,128
lot_paper_general__v1,candidate,instruction,reasoning_only,13,mmd_rbf,0.009507480077445507,128
lot_paper_general__v1,candidate,instruction,reasoning_only,13,projected_js,0.07017165812430903,128
lot_paper_general__v1,candidate,instruction,reasoning_only,14,mmd_rbf,0.009465905837714672,128
lot_paper_general__v1,candidate,instruction,reasoning_only,14,projected_js,0.06869532482232898,128
lot_paper_general__v1,candidate,instruction,reasoning_only,15,mmd_rbf,0.010230707935988903,128
lot_paper_general__v1,candidate,instruction,reasoning_only,15,projected_js,0.06752971734385937,128
lot_paper_general__v1,candidate,instruction,reasoning_only,16,mmd_rbf,0.010544798336923122,128
lot_paper_general__v1,candidate,instruction,reasoning_only,16,projected_js,0.06946998185594566,128
lot_paper_general__v1,candidate,instruction,reasoning_only,17,mmd_rbf,0.010139328427612782,128
lot_paper_general__v1,candidate,instruction,reasoning_only,17,projected_js,0.0635666940943338,128
lot_paper_general__v1,candidate,instruction,reasoning_only,18,mmd_rbf,0.01116455253213644,128
lot_paper_general__v1,candidate,instruction,reasoning_only,18,projected_js,0.06723283440805972,128
lot_paper_general__v1,candidate,instruction,reasoning_only,19,mmd_rbf,0.011066178791224957,128
lot_paper_general__v1,candidate,instruction,reasoning_only,19,projected_js,0.067154279735405,128
lot_paper_general__v1,candidate,instruction,reasoning_only,20,mmd_rbf,0.01088824961334467,128
lot_paper_general__v1,candidate,instruction,reasoning_only,20,projected_js,0.06808204401750118,128
lot_paper_general__v1,candidate,instruction,reasoning_only,21,mmd_rbf,0.011680982075631618,128
lot_paper_general__v1,candidate,instruction,reasoning_only,21,projected_js,0.07237601157976314,128
lot_paper_general__v1,candidate,instruction,reasoning_only,22,mmd_rbf,0.01078032050281763,128
lot_paper_general__v1,candidate,instruction,reasoning_only,22,projected_js,0.07048191357171163,128
lot_paper_general__v1,candidate,instruction,reasoning_only,23,mmd_rbf,0.009466280229389668,128
lot_paper_general__v1,candidate,instruction,reasoning_only,23,projected_js,0.06842384912306443,128
lot_paper_general__v1,candidate,instruction,reasoning_only,24,mmd_rbf,0.009694317355751991,128
lot_paper_general__v1,candidate,instruction,reasoning_only,24,projected_js,0.06744576127675828,128
lot_paper_general__v1,candidate,instruction,reasoning_only,25,mmd_rbf,0.009331000037491322,128
lot_paper_general__v1,candidate,instruction,reasoning_only,25,projected_js,0.06936276878695935,128
lot_paper_general__v1,candidate,instruction,reasoning_only,26,mmd_rbf,0.009539568796753883,128
lot_paper_general__v1,candidate,instruction,reasoning_only,26,projected_js,0.06942110694944859,128
lot_paper_general__v1,candidate,instruction,reasoning_only,27,mmd_rbf,0.009525171481072903,128
lot_paper_general__v1,candidate,instruction,reasoning_only,27,projected_js,0.06896439101547003,128
lot_paper_general__v1,candidate,instruction,reasoning_only,28,mmd_rbf,0.009526344947516918,128
lot_paper_general__v1,candidate,instruction,reasoning_only,28,projected_js,0.06890031707007438,128
lot_paper_general__v1,candidate,instruction,reasoning_only,29,mmd_rbf,0.009352205321192741,128
lot_paper_general__v1,candidate,instruction,reasoning_only,29,projected_js,0.06504727649735287,128
lot_paper_general__v1,candidate,instruction,reasoning_only,30,mmd_rbf,0.00966988131403923,128
lot_paper_general__v1,candidate,instruction,reasoning_only,30,projected_js,0.06766457471530885,128
lot_paper_general__v1,candidate,instruction,reasoning_only,31,mmd_rbf,0.009581002406775951,128
lot_paper_general__v1,candidate,instruction,reasoning_only,31,projected_js,0.0693907224922441,128
lot_paper_general__v1,candidate,instruction,reasoning_only,32,mmd_rbf,0.009501753374934196,128
lot_paper_general__v1,candidate,instruction,reasoning_only,32,projected_js,0.06608077033888549,128
lot_paper_general__v1,candidate,instruction,reasoning_only,33,mmd_rbf,0.009251336567103863,128
lot_paper_general__v1,candidate,instruction,reasoning_only,33,projected_js,0.06852515559876338,128
lot_paper_general__v1,candidate,instruction,reasoning_only,34,mmd_rbf,0.010021112859249115,128
lot_paper_general__v1,candidate,instruction,reasoning_only,34,projected_js,0.06571987940697,128
lot_paper_general__v1,candidate,instruction,reasoning_only,35,mmd_rbf,0.020735062658786774,128
lot_paper_general__v1,candidate,instruction,reasoning_only,35,projected_js,0.07406824151985347,128
lot_paper_general__v1,candidate,instruction,uncensored_only,0,mmd_rbf,0.006221178453415632,128
lot_paper_general__v1,candidate,instruction,uncensored_only,0,projected_js,0.05101245455443859,128
lot_paper_general__v1,candidate,instruction,uncensored_only,1,mmd_rbf,0.12468736618757248,128
lot_paper_general__v1,candidate,instruction,uncensored_only,1,projected_js,0.15284343593521044,128
lot_paper_general__v1,candidate,instruction,uncensored_only,2,mmd_rbf,0.1171509400010109,128
lot_paper_general__v1,candidate,instruction,uncensored_only,2,projected_js,0.13979182072216645,128
lot_paper_general__v1,candidate,instruction,uncensored_only,3,mmd_rbf,0.08905129879713058,128
lot_paper_general__v1,candidate,instruction,uncensored_only,3,projected_js,0.11588553382898681,128
lot_paper_general__v1,candidate,instruction,uncensored_only,4,mmd_rbf,0.06511736661195755,128
lot_paper_general__v1,candidate,instruction,uncensored_only,4,projected_js,0.11297883052611724,128
lot_paper_general__v1,candidate,instruction,uncensored_only,5,mmd_rbf,0.05173267051577568,128
lot_paper_general__v1,candidate,instruction,uncensored_only,5,projected_js,0.10118505643913522,128
lot_paper_general__v1,candidate,instruction,uncensored_only,6,mmd_rbf,0.03194248303771019,128
lot_paper_general__v1,candidate,instruction,uncensored_only,6,projected_js,0.08734219797770493,128
lot_paper_general__v1,candidate,instruction,uncensored_only,7,mmd_rbf,0.025672202929854393,128
lot_paper_general__v1,candidate,instruction,uncensored_only,7,projected_js,0.08408171389601193,128
lot_paper_general__v1,candidate,instruction,uncensored_only,8,mmd_rbf,0.01798016019165516,128
lot_paper_general__v1,candidate,instruction,uncensored_only,8,projected_js,0.07580576467444189,128
lot_paper_general__v1,candidate,instruction,uncensored_only,9,mmd_rbf,0.01512889564037323,128
lot_paper_general__v1,candidate,instruction,uncensored_only,9,projected_js,0.06720893149031326,128
lot_paper_general__v1,candidate,instruction,uncensored_only,10,mmd_rbf,0.01396152377128601,128
lot_paper_general__v1,candidate,instruction,uncensored_only,10,projected_js,0.06768550106789917,128
lot_paper_general__v1,candidate,instruction,uncensored_only,11,mmd_rbf,0.011870626360177994,128
lot_paper_general__v1,candidate,instruction,uncensored_only,11,projected_js,0.06793429481331259,128
lot_paper_general__v1,candidate,instruction,uncensored_only,12,mmd_rbf,0.01187890861183405,128
lot_paper_general__v1,candidate,instruction,uncensored_only,12,projected_js,0.06896695645991713,128
lot_paper_general__v1,candidate,instruction,uncensored_only,13,mmd_rbf,0.012684451416134834,128
lot_paper_general__v1,candidate,instruction,uncensored_only,13,projected_js,0.07073338597547263,128
lot_paper_general__v1,candidate,instruction,uncensored_only,14,mmd_rbf,0.013450860045850277,128
lot_paper_general__v1,candidate,instruction,uncensored_only,14,projected_js,0.0732127649243921,128
lot_paper_general__v1,candidate,instruction,uncensored_only,15,mmd_rbf,0.015902718529105186,128
lot_paper_general__v1,candidate,instruction,uncensored_only,15,projected_js,0.06972054438665509,128
lot_paper_general__v1,candidate,instruction,uncensored_only,16,mmd_rbf,0.01696181297302246,128
lot_paper_general__v1,candidate,instruction,uncensored_only,16,projected_js,0.0713413234334439,128
lot_paper_general__v1,candidate,instruction,uncensored_only,17,mmd_rbf,0.016726169735193253,128
lot_paper_general__v1,candidate,instruction,uncensored_only,17,projected_js,0.06988633575383574,128
lot_paper_general__v1,candidate,instruction,uncensored_only,18,mmd_rbf,0.01764841563999653,128
lot_paper_general__v1,candidate,instruction,uncensored_only,18,projected_js,0.07760506984777749,128
lot_paper_general__v1,candidate,instruction,uncensored_only,19,mmd_rbf,0.017406130209565163,128
lot_paper_general__v1,candidate,instruction,uncensored_only,19,projected_js,0.07169871527003124,128
lot_paper_general__v1,candidate,instruction,uncensored_only,20,mmd_rbf,0.017577677965164185,128
lot_paper_general__v1,candidate,instruction,uncensored_only,20,projected_js,0.07390725711593404,128
lot_paper_general__v1,candidate,instruction,uncensored_only,21,mmd_rbf,0.018521135672926903,128
lot_paper_general__v1,candidate,instruction,uncensored_only,21,projected_js,0.07312364329118282,128
lot_paper_general__v1,candidate,instruction,uncensored_only,22,mmd_rbf,0.019425353035330772,128
lot_paper_general__v1,candidate,instruction,uncensored_only,22,projected_js,0.07453451288165525,128
lot_paper_general__v1,candidate,instruction,uncensored_only,23,mmd_rbf,0.0189446359872818,128
lot_paper_general__v1,candidate,instruction,uncensored_only,23,projected_js,0.07965212489943951,128
lot_paper_general__v1,candidate,instruction,uncensored_only,24,mmd_rbf,0.020310167223215103,128
lot_paper_general__v1,candidate,instruction,uncensored_only,24,projected_js,0.07663346361368895,128
lot_paper_general__v1,candidate,instruction,uncensored_only,25,mmd_rbf,0.02116239070892334,128
lot_paper_general__v1,candidate,instruction,uncensored_only,25,projected_js,0.08302476000972092,128
lot_paper_general__v1,candidate,instruction,uncensored_only,26,mmd_rbf,0.02150833047926426,128
lot_paper_general__v1,candidate,instruction,uncensored_only,26,projected_js,0.07979387996601872,128
lot_paper_general__v1,candidate,instruction,uncensored_only,27,mmd_rbf,0.021114995703101158,128
lot_paper_general__v1,candidate,instruction,uncensored_only,27,projected_js,0.08213899203110486,128
lot_paper_general__v1,candidate,instruction,uncensored_only,28,mmd_rbf,0.019650544971227646,128
lot_paper_general__v1,candidate,instruction,uncensored_only,28,projected_js,0.07802938111126423,128
lot_paper_general__v1,candidate,instruction,uncensored_only,29,mmd_rbf,0.01864519529044628,128
lot_paper_general__v1,candidate,instruction,uncensored_only,29,projected_js,0.0768561526783742,128
lot_paper_general__v1,candidate,instruction,uncensored_only,30,mmd_rbf,0.019022440537810326,128
lot_paper_general__v1,candidate,instruction,uncensored_only,30,projected_js,0.07517137701506726,128
lot_paper_general__v1,candidate,instruction,uncensored_only,31,mmd_rbf,0.0185107234865427,128
lot_paper_general__v1,candidate,instruction,uncensored_only,31,projected_js,0.07475500798318535,128
lot_paper_general__v1,candidate,instruction,uncensored_only,32,mmd_rbf,0.018134748563170433,128
lot_paper_general__v1,candidate,instruction,uncensored_only,32,projected_js,0.07555545697687194,128
lot_paper_general__v1,candidate,instruction,uncensored_only,33,mmd_rbf,0.017947843298316002,128
lot_paper_general__v1,candidate,instruction,uncensored_only,33,projected_js,0.07645147480070591,128
lot_paper_general__v1,candidate,instruction,uncensored_only,34,mmd_rbf,0.01872400753200054,128
lot_paper_general__v1,candidate,instruction,uncensored_only,34,projected_js,0.07629752380307764,128
lot_paper_general__v1,candidate,instruction,uncensored_only,35,mmd_rbf,0.04250284656882286,128
lot_paper_general__v1,candidate,instruction,uncensored_only,35,projected_js,0.08965233922936022,128
lot_paper_general__v1,candidate,reasoning,base,0,mmd_rbf,0.0026743398047983646,128
lot_paper_general__v1,candidate,reasoning,base,0,projected_js,0.042214501459966414,128
lot_paper_general__v1,candidate,reasoning,base,1,mmd_rbf,0.006738534662872553,128
lot_paper_general__v1,candidate,reasoning,base,1,projected_js,0.0468118340941146,128
lot_paper_general__v1,candidate,reasoning,base,2,mmd_rbf,0.007905324921011925,128
lot_paper_general__v1,candidate,reasoning,base,2,projected_js,0.052658638247521594,128
lot_paper_general__v1,candidate,reasoning,base,3,mmd_rbf,0.009218180552124977,128
lot_paper_general__v1,candidate,reasoning,base,3,projected_js,0.05665220072842203,128
lot_paper_general__v1,candidate,reasoning,base,4,mmd_rbf,0.008904126472771168,128
lot_paper_general__v1,candidate,reasoning,base,4,projected_js,0.05871656668023206,128
lot_paper_general__v1,candidate,reasoning,base,5,mmd_rbf,0.007702786009758711,128
lot_paper_general__v1,candidate,reasoning,base,5,projected_js,0.055442873417632654,128
lot_paper_general__v1,candidate,reasoning,base,6,mmd_rbf,0.005659662187099457,128
lot_paper_general__v1,candidate,reasoning,base,6,projected_js,0.05442077852785587,128
lot_paper_general__v1,candidate,reasoning,base,7,mmd_rbf,0.005481417290866375,128
lot_paper_general__v1,candidate,reasoning,base,7,projected_js,0.05492736439919099,128
lot_paper_general__v1,candidate,reasoning,base,8,mmd_rbf,0.005046376492828131,128
lot_paper_general__v1,candidate,reasoning,base,8,projected_js,0.05721837221062742,128
lot_paper_general__v1,candidate,reasoning,base,9,mmd_rbf,0.005300802644342184,128
lot_paper_general__v1,candidate,reasoning,base,9,projected_js,0.05620871266000904,128
lot_paper_general__v1,candidate,reasoning,base,10,mmd_rbf,0.005694566760212183,128
lot_paper_general__v1,candidate,reasoning,base,10,projected_js,0.05398430704372004,128
lot_paper_general__v1,candidate,reasoning,base,11,mmd_rbf,0.0054805404506623745,128
lot_paper_general__v1,candidate,reasoning,base,11,projected_js,0.05823500745464116,128
lot_paper_general__v1,candidate,reasoning,base,12,mmd_rbf,0.00574570894241333,128
lot_paper_general__v1,candidate,reasoning,base,12,projected_js,0.05459431748022325,128
lot_paper_general__v1,candidate,reasoning,base,13,mmd_rbf,0.005840354599058628,128
lot_paper_general__v1,candidate,reasoning,base,13,projected_js,0.05987319941050373,128
lot_paper_general__v1,candidate,reasoning,base,14,mmd_rbf,0.006116571836173534,128
lot_paper_general__v1,candidate,reasoning,base,14,projected_js,0.056543561920989305,128
lot_paper_general__v1,candidate,reasoning,base,15,mmd_rbf,0.006884630303829908,128
lot_paper_general__v1,candidate,reasoning,base,15,projected_js,0.05673701106570661,128
lot_paper_general__v1,candidate,reasoning,base,16,mmd_rbf,0.007616038899868727,128
lot_paper_general__v1,candidate,reasoning,base,16,projected_js,0.05943143193144351,128
lot_paper_general__v1,candidate,reasoning,base,17,mmd_rbf,0.007369202561676502,128
lot_paper_general__v1,candidate,reasoning,base,17,projected_js,0.05896437168121338,128
lot_paper_general__v1,candidate,reasoning,base,18,mmd_rbf,0.008045490831136703,128
lot_paper_general__v1,candidate,reasoning,base,18,projected_js,0.06178589671617374,128
lot_paper_general__v1,candidate,reasoning,base,19,mmd_rbf,0.008465062826871872,128
lot_paper_general__v1,candidate,reasoning,base,19,projected_js,0.06040782175841741,128
lot_paper_general__v1,candidate,reasoning,base,20,mmd_rbf,0.008147278800606728,128
lot_paper_general__v1,candidate,reasoning,base,20,projected_js,0.0571464040549472,128
lot_paper_general__v1,candidate,reasoning,base,21,mmd_rbf,0.008458226919174194,128
lot_paper_general__v1,candidate,reasoning,base,21,projected_js,0.06090704890084453,128
lot_paper_general__v1,candidate,reasoning,base,22,mmd_rbf,0.0075107053853571415,128
lot_paper_general__v1,candidate,reasoning,base,22,projected_js,0.06046221760334447,128
lot_paper_general__v1,candidate,reasoning,base,23,mmd_rbf,0.006826737429946661,128
lot_paper_general__v1,candidate,reasoning,base,23,projected_js,0.058583453821484,128
lot_paper_general__v1,candidate,reasoning,base,24,mmd_rbf,0.005826024804264307,128
lot_paper_general__v1,candidate,reasoning,base,24,projected_js,0.05650586116826162,128
lot_paper_general__v1,candidate,reasoning,base,25,mmd_rbf,0.00516963005065918,128
lot_paper_general__v1,candidate,reasoning,base,25,projected_js,0.05807029164861888,128
lot_paper_general__v1,candidate,reasoning,base,26,mmd_rbf,0.004797741770744324,128
lot_paper_general__v1,candidate,reasoning,base,26,projected_js,0.0556297758303117,128
lot_paper_general__v1,candidate,reasoning,base,27,mmd_rbf,0.004781517665833235,128
lot_paper_general__v1,candidate,reasoning,base,27,projected_js,0.05749072562321089,128
lot_paper_general__v1,candidate,reasoning,base,28,mmd_rbf,0.004787832498550415,128
lot_paper_general__v1,candidate,reasoning,base,28,projected_js,0.05857889202889055,128
lot_paper_general__v1,candidate,reasoning,base,29,mmd_rbf,0.0046896846033632755,128
lot_paper_general__v1,candidate,reasoning,base,29,projected_js,0.05992871327907778,128
lot_paper_general__v1,candidate,reasoning,base,30,mmd_rbf,0.004704638849943876,128
lot_paper_general__v1,candidate,reasoning,base,30,projected_js,0.05690352158853784,128
lot_paper_general__v1,candidate,reasoning,base,31,mmd_rbf,0.0047425441443920135,128
lot_paper_general__v1,candidate,reasoning,base,31,projected_js,0.056034513720078394,128
lot_paper_general__v1,candidate,reasoning,base,32,mmd_rbf,0.005343370605260134,128
lot_paper_general__v1,candidate,reasoning,base,32,projected_js,0.057967687549535185,128
lot_paper_general__v1,candidate,reasoning,base,33,mmd_rbf,0.005692047532647848,128
lot_paper_general__v1,candidate,reasoning,base,33,projected_js,0.05565555434441194,128
lot_paper_general__v1,candidate,reasoning,base,34,mmd_rbf,0.009693866595625877,128
lot_paper_general__v1,candidate,reasoning,base,34,projected_js,0.06675136199919507,128
lot_paper_general__v1,candidate,reasoning,base,35,mmd_rbf,0.06973525136709213,128
lot_paper_general__v1,candidate,reasoning,base,35,projected_js,0.11741542076924816,128
lot_paper_general__v1,candidate,reasoning,instr_only,0,mmd_rbf,0.0010931015713140368,128
lot_paper_general__v1,candidate,reasoning,instr_only,0,projected_js,0.03477720468072221,128
lot_paper_general__v1,candidate,reasoning,instr_only,1,mmd_rbf,0.004068623762577772,128
lot_paper_general__v1,candidate,reasoning,instr_only,1,projected_js,0.043172486723051406,128
lot_paper_general__v1,candidate,reasoning,instr_only,2,mmd_rbf,0.004915837198495865,128
lot_paper_general__v1,candidate,reasoning,instr_only,2,projected_js,0.05059281553258188,128
lot_paper_general__v1,candidate,reasoning,instr_only,3,mmd_rbf,0.005156538914889097,128
lot_paper_general__v1,candidate,reasoning,instr_only,3,projected_js,0.0490300667588599,128
lot_paper_general__v1,candidate,reasoning,instr_only,4,mmd_rbf,0.004766260273754597,128
lot_paper_general__v1,candidate,reasoning,instr_only,4,projected_js,0.04711878378293477,128
lot_paper_general__v1,candidate,reasoning,instr_only,5,mmd_rbf,0.0042327228002250195,128
lot_paper_general__v1,candidate,reasoning,instr_only,5,projected_js,0.04760242794873193,128
lot_paper_general__v1,candidate,reasoning,instr_only,6,mmd_rbf,0.0032504245173186064,128
lot_paper_general__v1,candidate,reasoning,instr_only,6,projected_js,0.04984720004722476,128
lot_paper_general__v1,candidate,reasoning,instr_only,7,mmd_rbf,0.0032678009010851383,128
lot_paper_general__v1,candidate,reasoning,instr_only,7,projected_js,0.05291914124973118,128
lot_paper_general__v1,candidate,reasoning,instr_only,8,mmd_rbf,0.002964211627840996,128
lot_paper_general__v1,candidate,reasoning,instr_only,8,projected_js,0.05140829275478609,128
lot_paper_general__v1,candidate,reasoning,instr_only,9,mmd_rbf,0.0029942833352833986,128
lot_paper_general__v1,candidate,reasoning,instr_only,9,projected_js,0.05012351734330878,128
lot_paper_general__v1,candidate,reasoning,instr_only,10,mmd_rbf,0.003141469554975629,128
lot_paper_general__v1,candidate,reasoning,instr_only,10,projected_js,0.051853921613655984,128
lot_paper_general__v1,candidate,reasoning,instr_only,11,mmd_rbf,0.0029472901951521635,128
lot_paper_general__v1,candidate,reasoning,instr_only,11,projected_js,0.05334773697541095,128
lot_paper_general__v1,candidate,reasoning,instr_only,12,mmd_rbf,0.0031050224788486958,128
lot_paper_general__v1,candidate,reasoning,instr_only,12,projected_js,0.05299526467570104,128
lot_paper_general__v1,candidate,reasoning,instr_only,13,mmd_rbf,0.003238823264837265,128
lot_paper_general__v1,candidate,reasoning,instr_only,13,projected_js,0.05290399893419817,128
lot_paper_general__v1,candidate,reasoning,instr_only,14,mmd_rbf,0.003320318413898349,128
lot_paper_general__v1,candidate,reasoning,instr_only,14,projected_js,0.05013670999323949,128
lot_paper_general__v1,candidate,reasoning,instr_only,15,mmd_rbf,0.0036705941893160343,128
lot_paper_general__v1,candidate,reasoning,instr_only,15,projected_js,0.05632165560382418,128
lot_paper_general__v1,candidate,reasoning,instr_only,16,mmd_rbf,0.003832688555121422,128
lot_paper_general__v1,candidate,reasoning,instr_only,16,projected_js,0.05539470328949392,128
lot_paper_general__v1,candidate,reasoning,instr_only,17,mmd_rbf,0.004015719052404165,128
lot_paper_general__v1,candidate,reasoning,instr_only,17,projected_js,0.058374116953928024,128
lot_paper_general__v1,candidate,reasoning,instr_only,18,mmd_rbf,0.004186105914413929,128
lot_paper_general__v1,candidate,reasoning,instr_only,18,projected_js,0.058837940101511776,128
lot_paper_general__v1,candidate,reasoning,instr_only,19,mmd_rbf,0.004380359780043364,128
lot_paper_general__v1,candidate,reasoning,instr_only,19,projected_js,0.055339960497803986,128
lot_paper_general__v1,candidate,reasoning,instr_only,20,mmd_rbf,0.00446091964840889,128
lot_paper_general__v1,candidate,reasoning,instr_only,20,projected_js,0.05697357206372544,128
lot_paper_general__v1,candidate,reasoning,instr_only,21,mmd_rbf,0.00451169116422534,128
lot_paper_general__v1,candidate,reasoning,instr_only,21,projected_js,0.05645785617525689,128
lot_paper_general__v1,candidate,reasoning,instr_only,22,mmd_rbf,0.004575976170599461,128
lot_paper_general__v1,candidate,reasoning,instr_only,22,projected_js,0.053180782590061426,128
lot_paper_general__v1,candidate,reasoning,instr_only,23,mmd_rbf,0.004682227969169617,128
lot_paper_general__v1,candidate,reasoning,instr_only,23,projected_js,0.051974671659991145,128
lot_paper_general__v1,candidate,reasoning,instr_only,24,mmd_rbf,0.005068887956440449,128
lot_paper_general__v1,candidate,reasoning,instr_only,24,projected_js,0.05492423661053181,128
lot_paper_general__v1,candidate,reasoning,instr_only,25,mmd_rbf,0.005295300390571356,128
lot_paper_general__v1,candidate,reasoning,instr_only,25,projected_js,0.05712492225575261,128
lot_paper_general__v1,candidate,reasoning,instr_only,26,mmd_rbf,0.005433765240013599,128
lot_paper_general__v1,candidate,reasoning,instr_only,26,projected_js,0.055663573351921514,128
lot_paper_general__v1,candidate,reasoning,instr_only,27,mmd_rbf,0.005554807838052511,128
lot_paper_general__v1,candidate,reasoning,instr_only,27,projected_js,0.061740444507449865,128
lot_paper_general__v1,candidate,reasoning,instr_only,28,mmd_rbf,0.005673166364431381,128
lot_paper_general__v1,candidate,reasoning,instr_only,28,projected_js,0.05973622458986938,128
lot_paper_general__v1,candidate,reasoning,instr_only,29,mmd_rbf,0.005764475092291832,128
lot_paper_general__v1,candidate,reasoning,instr_only,29,projected_js,0.05890411016298458,128
lot_paper_general__v1,candidate,reasoning,instr_only,30,mmd_rbf,0.005950245540589094,128
lot_paper_general__v1,candidate,reasoning,instr_only,30,projected_js,0.05759578666766174,128
lot_paper_general__v1,candidate,reasoning,instr_only,31,mmd_rbf,0.006299053318798542,128
lot_paper_general__v1,candidate,reasoning,instr_only,31,projected_js,0.05679201442399062,128
lot_paper_general__v1,candidate,reasoning,instr_only,32,mmd_rbf,0.006241364870220423,128
lot_paper_general__v1,candidate,reasoning,instr_only,32,projected_js,0.05806547327665612,128
lot_paper_general__v1,candidate,reasoning,instr_only,33,mmd_rbf,0.006010499317198992,128
lot_paper_general__v1,candidate,reasoning,instr_only,33,projected_js,0.05530682086828165,128
lot_paper_general__v1,candidate,reasoning,instr_only,34,mmd_rbf,0.006092204246670008,128
lot_paper_general__v1,candidate,reasoning,instr_only,34,projected_js,0.056060322298435494,128
lot_paper_general__v1,candidate,reasoning,instr_only,35,mmd_rbf,0.009820776991546154,128
lot_paper_general__v1,candidate,reasoning,instr_only,35,projected_js,0.060465105052571744,128
lot_paper_general__v1,candidate,reasoning,reasoning_only,0,mmd_rbf,0.00384065811522305,128
lot_paper_general__v1,candidate,reasoning,reasoning_only,0,projected_js,0.046256481466116384,128
lot_paper_general__v1,candidate,reasoning,reasoning_only,1,mmd_rbf,0.007420537061989307,128
lot_paper_general__v1,candidate,reasoning,reasoning_only,1,projected_js,0.05320860570645891,128
lot_paper_general__v1,candidate,reasoning,reasoning_only,2,mmd_rbf,0.00982366781681776,128
lot_paper_general__v1,candidate,reasoning,reasoning_only,2,projected_js,0.056573068955913186,128
lot_paper_general__v1,candidate,reasoning,reasoning_only,3,mmd_rbf,0.011425196193158627,128
lot_paper_general__v1,candidate,reasoning,reasoning_only,3,projected_js,0.06283814634662122,128
lot_paper_general__v1,candidate,reasoning,reasoning_only,4,mmd_rbf,0.010146393440663815,128
lot_paper_general__v1,candidate,reasoning,reasoning_only,4,projected_js,0.05848572854301892,128
lot_paper_general__v1,candidate,reasoning,reasoning_only,5,mmd_rbf,0.008822756819427013,128
lot_paper_general__v1,candidate,reasoning,reasoning_only,5,projected_js,0.05912466975860298,128
lot_paper_general__v1,candidate,reasoning,reasoning_only,6,mmd_rbf,0.006993747781962156,128
lot_paper_general__v1,candidate,reasoning,reasoning_only,6,projected_js,0.058007705403724685,128
lot_paper_general__v1,candidate,reasoning,reasoning_only,7,mmd_rbf,0.007529704365879297,128
lot_paper_general__v1,candidate,reasoning,reasoning_only,7,projected_js,0.0606584696797654,128
lot_paper_general__v1,candidate,reasoning,reasoning_only,8,mmd_rbf,0.0068654813803732395,128
lot_paper_general__v1,candidate,reasoning,reasoning_only,8,projected_js,0.05850951618049294,128
lot_paper_general__v1,candidate,reasoning,reasoning_only,9,mmd_rbf,0.007223084568977356,128
lot_paper_general__v1,candidate,reasoning,reasoning_only,9,projected_js,0.06223896308802068,128
lot_paper_general__v1,candidate,reasoning,reasoning_only,10,mmd_rbf,0.007999630644917488,128
lot_paper_general__v1,candidate,reasoning,reasoning_only,10,projected_js,0.06389839656185359,128
lot_paper_general__v1,candidate,reasoning,reasoning_only,11,mmd_rbf,0.007642434444278479,128
lot_paper_general__v1,candidate,reasoning,reasoning_only,11,projected_js,0.05991123695275746,128
lot_paper_general__v1,candidate,reasoning,reasoning_only,12,mmd_rbf,0.007681047078222036,128
lot_paper_general__v1,candidate,reasoning,reasoning_only,12,projected_js,0.061680165701545775,128
lot_paper_general__v1,candidate,reasoning,reasoning_only,13,mmd_rbf,0.008067570626735687,128
lot_paper_general__v1,candidate,reasoning,reasoning_only,13,projected_js,0.06455078354338184,128
lot_paper_general__v1,candidate,reasoning,reasoning_only,14,mmd_rbf,0.008081256411969662,128
lot_paper_general__v1,candidate,reasoning,reasoning_only,14,projected_js,0.06243041646666825,128
lot_paper_general__v1,candidate,reasoning,reasoning_only,15,mmd_rbf,0.008990099653601646,128
lot_paper_general__v1,candidate,reasoning,reasoning_only,15,projected_js,0.06688745756400749,128
lot_paper_general__v1,candidate,reasoning,reasoning_only,16,mmd_rbf,0.009285847656428814,128
lot_paper_general__v1,candidate,reasoning,reasoning_only,16,projected_js,0.06326140690362081,128
lot_paper_general__v1,candidate,reasoning,reasoning_only,17,mmd_rbf,0.008955865167081356,128
lot_paper_general__v1,candidate,reasoning,reasoning_only,17,projected_js,0.0653295528027229,128
lot_paper_general__v1,candidate,reasoning,reasoning_only,18,mmd_rbf,0.010002468712627888,128
lot_paper_general__v1,candidate,reasoning,reasoning_only,18,projected_js,0.06630972493439913,128
lot_paper_general__v1,candidate,reasoning,reasoning_only,19,mmd_rbf,0.009403037838637829,128
lot_paper_general__v1,candidate,reasoning,reasoning_only,19,projected_js,0.06363809749018401,128
lot_paper_general__v1,candidate,reasoning,reasoning_only,20,mmd_rbf,0.00895245373249054,128
lot_paper_general__v1,candidate,reasoning,reasoning_only,20,projected_js,0.06434628850547597,128
lot_paper_general__v1,candidate,reasoning,reasoning_only,21,mmd_rbf,0.009276698343455791,128
lot_paper_general__v1,candidate,reasoning,reasoning_only,21,projected_js,0.0677128427196294,128
lot_paper_general__v1,candidate,reasoning,reasoning_only,22,mmd_rbf,0.008400374092161655,128
lot_paper_general__v1,candidate,reasoning,reasoning_only,22,projected_js,0.06029805290745571,128
lot_paper_general__v1,candidate,reasoning,reasoning_only,23,mmd_rbf,0.007270325906574726,128
lot_paper_general__v1,candidate,reasoning,reasoning_only,23,projected_js,0.06189254124183208,128
lot_paper_general__v1,candidate,reasoning,reasoning_only,24,mmd_rbf,0.007212171796709299,128
lot_paper_general__v1,candidate,reasoning,reasoning_only,24,projected_js,0.05878094004583545,128
lot_paper_general__v1,candidate,reasoning,reasoning_only,25,mmd_rbf,0.00662968447431922,128
lot_paper_general__v1,candidate,reasoning,reasoning_only,25,projected_js,0.06192806124454364,128
lot_paper_general__v1,candidate,reasoning,reasoning_only,26,mmd_rbf,0.006332727614790201,128
lot_paper_general__v1,candidate,reasoning,reasoning_only,26,projected_js,0.06106323088170029,128
lot_paper_general__v1,candidate,reasoning,reasoning_only,27,mmd_rbf,0.006242229137569666,128
lot_paper_general__v1,candidate,reasoning,reasoning_only,27,projected_js,0.06013093175715767,128
lot_paper_general__v1,candidate,reasoning,reasoning_only,28,mmd_rbf,0.006249574478715658,128
lot_paper_general__v1,candidate,reasoning,reasoning_only,28,projected_js,0.06010580342262983,128
lot_paper_general__v1,candidate,reasoning,reasoning_only,29,mmd_rbf,0.006164688151329756,128
lot_paper_general__v1,candidate,reasoning,reasoning_only,29,projected_js,0.06045550270937383,128
lot_paper_general__v1,candidate,reasoning,reasoning_only,30,mmd_rbf,0.006221812218427658,128
lot_paper_general__v1,candidate,reasoning,reasoning_only,30,projected_js,0.05918095738161355,128
lot_paper_general__v1,candidate,reasoning,reasoning_only,31,mmd_rbf,0.006280745845288038,128
lot_paper_general__v1,candidate,reasoning,reasoning_only,31,projected_js,0.061780576303135604,128
lot_paper_general__v1,candidate,reasoning,reasoning_only,32,mmd_rbf,0.006455560680478811,128
lot_paper_general__v1,candidate,reasoning,reasoning_only,32,projected_js,0.06057257339125499,128
lot_paper_general__v1,candidate,reasoning,reasoning_only,33,mmd_rbf,0.006947712507098913,128
lot_paper_general__v1,candidate,reasoning,reasoning_only,33,projected_js,0.059560510562732816,128
lot_paper_general__v1,candidate,reasoning,reasoning_only,34,mmd_rbf,0.008682922460138798,128
lot_paper_general__v1,candidate,reasoning,reasoning_only,34,projected_js,0.06481864722445607,128
lot_paper_general__v1,candidate,reasoning,reasoning_only,35,mmd_rbf,0.05494513735175133,128
lot_paper_general__v1,candidate,reasoning,reasoning_only,35,projected_js,0.10400355199817568,128
lot_paper_general__v1,candidate,reasoning,uncensored_only,0,mmd_rbf,0.0029571473132818937,128
lot_paper_general__v1,candidate,reasoning,uncensored_only,0,projected_js,0.03868017243803479,128
lot_paper_general__v1,candidate,reasoning,uncensored_only,1,mmd_rbf,0.07277861982584,128
lot_paper_general__v1,candidate,reasoning,uncensored_only,1,projected_js,0.11017226538388059,128
lot_paper_general__v1,candidate,reasoning,uncensored_only,2,mmd_rbf,0.07168395817279816,128
lot_paper_general__v1,candidate,reasoning,uncensored_only,2,projected_js,0.10516725922934711,128
lot_paper_general__v1,candidate,reasoning,uncensored_only,3,mmd_rbf,0.054946549236774445,128
lot_paper_general__v1,candidate,reasoning,uncensored_only,3,projected_js,0.0915674704592675,128
lot_paper_general__v1,candidate,reasoning,uncensored_only,4,mmd_rbf,0.03789490461349487,128
lot_paper_general__v1,candidate,reasoning,uncensored_only,4,projected_js,0.08999784843763337,128
lot_paper_general__v1,candidate,reasoning,uncensored_only,5,mmd_rbf,0.02678193524479866,128
lot_paper_general__v1,candidate,reasoning,uncensored_only,5,projected_js,0.08309343992732465,128
lot_paper_general__v1,candidate,reasoning,uncensored_only,6,mmd_rbf,0.016839981079101562,128
lot_paper_general__v1,candidate,reasoning,uncensored_only,6,projected_js,0.07063841575291008,128
lot_paper_general__v1,candidate,reasoning,uncensored_only,7,mmd_rbf,0.014879223890602589,128
lot_paper_general__v1,candidate,reasoning,uncensored_only,7,projected_js,0.07227548176888376,128
lot_paper_general__v1,candidate,reasoning,uncensored_only,8,mmd_rbf,0.011784135363996029,128
lot_paper_general__v1,candidate,reasoning,uncensored_only,8,projected_js,0.06577935931272805,128
lot_paper_general__v1,candidate,reasoning,uncensored_only,9,mmd_rbf,0.010060071013867855,128
lot_paper_general__v1,candidate,reasoning,uncensored_only,9,projected_js,0.06200826587155461,128
lot_paper_general__v1,candidate,reasoning,uncensored_only,10,mmd_rbf,0.0091004129499197,128
lot_paper_general__v1,candidate,reasoning,uncensored_only,10,projected_js,0.05915980297140777,128
lot_paper_general__v1,candidate,reasoning,uncensored_only,11,mmd_rbf,0.007843858562409878,128
lot_paper_general__v1,candidate,reasoning,uncensored_only,11,projected_js,0.06318872224073857,128
lot_paper_general__v1,candidate,reasoning,uncensored_only,12,mmd_rbf,0.007746879942715168,128
lot_paper_general__v1,candidate,reasoning,uncensored_only,12,projected_js,0.060517948237247765,128
lot_paper_general__v1,candidate,reasoning,uncensored_only,13,mmd_rbf,0.007911491207778454,128
lot_paper_general__v1,candidate,reasoning,uncensored_only,13,projected_js,0.06320867509930395,128
lot_paper_general__v1,candidate,reasoning,uncensored_only,14,mmd_rbf,0.008109324611723423,128
lot_paper_general__v1,candidate,reasoning,uncensored_only,14,projected_js,0.060588488820940256,128
lot_paper_general__v1,candidate,reasoning,uncensored_only,15,mmd_rbf,0.009417998604476452,128
lot_paper_general__v1,candidate,reasoning,uncensored_only,15,projected_js,0.06496169819729403,128
lot_paper_general__v1,candidate,reasoning,uncensored_only,16,mmd_rbf,0.010292057879269123,128
lot_paper_general__v1,candidate,reasoning,uncensored_only,16,projected_js,0.061645906971534714,128
lot_paper_general__v1,candidate,reasoning,uncensored_only,17,mmd_rbf,0.010140152648091316,128
lot_paper_general__v1,candidate,reasoning,uncensored_only,17,projected_js,0.060808986716438085,128
lot_paper_general__v1,candidate,reasoning,uncensored_only,18,mmd_rbf,0.01027993205934763,128
lot_paper_general__v1,candidate,reasoning,uncensored_only,18,projected_js,0.06115561674232595,128
lot_paper_general__v1,candidate,reasoning,uncensored_only,19,mmd_rbf,0.009816495701670647,128
lot_paper_general__v1,candidate,reasoning,uncensored_only,19,projected_js,0.06504156172741205,128
lot_paper_general__v1,candidate,reasoning,uncensored_only,20,mmd_rbf,0.009987547993659973,128
lot_paper_general__v1,candidate,reasoning,uncensored_only,20,projected_js,0.0658070559729822,128
lot_paper_general__v1,candidate,reasoning,uncensored_only,21,mmd_rbf,0.010497269220650196,128
lot_paper_general__v1,candidate,reasoning,uncensored_only,21,projected_js,0.06959427724359557,128
lot_paper_general__v1,candidate,reasoning,uncensored_only,22,mmd_rbf,0.01035292912274599,128
lot_paper_general__v1,candidate,reasoning,uncensored_only,22,projected_js,0.06277584459166974,128
lot_paper_general__v1,candidate,reasoning,uncensored_only,23,mmd_rbf,0.010069536045193672,128
lot_paper_general__v1,candidate,reasoning,uncensored_only,23,projected_js,0.06371201848378405,128
lot_paper_general__v1,candidate,reasoning,uncensored_only,24,mmd_rbf,0.010371789336204529,128
lot_paper_general__v1,candidate,reasoning,uncensored_only,24,projected_js,0.06677462381776422,128
lot_paper_general__v1,candidate,reasoning,uncensored_only,25,mmd_rbf,0.010767551138997078,128
lot_paper_general__v1,candidate,reasoning,uncensored_only,25,projected_js,0.06854402530007064,128
lot_paper_general__v1,candidate,reasoning,uncensored_only,26,mmd_rbf,0.011048040352761745,128
lot_paper_general__v1,candidate,reasoning,uncensored_only,26,projected_js,0.06403998733730987,128
lot_paper_general__v1,candidate,reasoning,uncensored_only,27,mmd_rbf,0.011234973557293415,128
lot_paper_general__v1,candidate,reasoning,uncensored_only,27,projected_js,0.06619349942775443,128
lot_paper_general__v1,candidate,reasoning,uncensored_only,28,mmd_rbf,0.011150768026709557,128
lot_paper_general__v1,candidate,reasoning,uncensored_only,28,projected_js,0.0664793478208594,128
lot_paper_general__v1,candidate,reasoning,uncensored_only,29,mmd_rbf,0.011657261289656162,128
lot_paper_general__v1,candidate,reasoning,uncensored_only,29,projected_js,0.06510112289106473,128
lot_paper_general__v1,candidate,reasoning,uncensored_only,30,mmd_rbf,0.012181977741420269,128
lot_paper_general__v1,candidate,reasoning,uncensored_only,30,projected_js,0.0650119002093561,128
lot_paper_general__v1,candidate,reasoning,uncensored_only,31,mmd_rbf,0.012294149957597256,128
lot_paper_general__v1,candidate,reasoning,uncensored_only,31,projected_js,0.06375843967543915,128
lot_paper_general__v1,candidate,reasoning,uncensored_only,32,mmd_rbf,0.012071180157363415,128
lot_paper_general__v1,candidate,reasoning,uncensored_only,32,projected_js,0.06784534908365458,128
lot_paper_general__v1,candidate,reasoning,uncensored_only,33,mmd_rbf,0.011886748485267162,128
lot_paper_general__v1,candidate,reasoning,uncensored_only,33,projected_js,0.0604376116534695,128
lot_paper_general__v1,candidate,reasoning,uncensored_only,34,mmd_rbf,0.01166570745408535,128
lot_paper_general__v1,candidate,reasoning,uncensored_only,34,projected_js,0.06191068340558559,128
lot_paper_general__v1,candidate,reasoning,uncensored_only,35,mmd_rbf,0.01428522914648056,128
lot_paper_general__v1,candidate,reasoning,uncensored_only,35,projected_js,0.06598286604275927,128
lot_paper_general__v1,candidate,uncensored_refusal_like,base,0,mmd_rbf,0.012722832150757313,128
lot_paper_general__v1,candidate,uncensored_refusal_like,base,0,projected_js,0.062217985396273434,128
lot_paper_general__v1,candidate,uncensored_refusal_like,base,1,mmd_rbf,0.020883236080408096,128
lot_paper_general__v1,candidate,uncensored_refusal_like,base,1,projected_js,0.07301147800171748,128
lot_paper_general__v1,candidate,uncensored_refusal_like,base,2,mmd_rbf,0.023759905248880386,128
lot_paper_general__v1,candidate,uncensored_refusal_like,base,2,projected_js,0.07104198285378516,128
lot_paper_general__v1,candidate,uncensored_refusal_like,base,3,mmd_rbf,0.03863820061087608,128
lot_paper_general__v1,candidate,uncensored_refusal_like,base,3,projected_js,0.10175121284555644,128
lot_paper_general__v1,candidate,uncensored_refusal_like,base,4,mmd_rbf,0.03623661398887634,128
lot_paper_general__v1,candidate,uncensored_refusal_like,base,4,projected_js,0.09543821366969496,128
lot_paper_general__v1,candidate,uncensored_refusal_like,base,5,mmd_rbf,0.03894413635134697,128
lot_paper_general__v1,candidate,uncensored_refusal_like,base,5,projected_js,0.09392805295647122,128
lot_paper_general__v1,candidate,uncensored_refusal_like,base,6,mmd_rbf,0.031885940581560135,128
lot_paper_general__v1,candidate,uncensored_refusal_like,base,6,projected_js,0.0886062597273849,128
lot_paper_general__v1,candidate,uncensored_refusal_like,base,7,mmd_rbf,0.02898687683045864,128
lot_paper_general__v1,candidate,uncensored_refusal_like,base,7,projected_js,0.07954446750227362,128
lot_paper_general__v1,candidate,uncensored_refusal_like,base,8,mmd_rbf,0.025027308613061905,128
lot_paper_general__v1,candidate,uncensored_refusal_like,base,8,projected_js,0.08151000100770034,128
lot_paper_general__v1,candidate,uncensored_refusal_like,base,9,mmd_rbf,0.027805060148239136,128
lot_paper_general__v1,candidate,uncensored_refusal_like,base,9,projected_js,0.08087584807071835,128
lot_paper_general__v1,candidate,uncensored_refusal_like,base,10,mmd_rbf,0.02935553528368473,128
lot_paper_general__v1,candidate,uncensored_refusal_like,base,10,projected_js,0.08367390991770662,128
lot_paper_general__v1,candidate,uncensored_refusal_like,base,11,mmd_rbf,0.03130781650543213,128
lot_paper_general__v1,candidate,uncensored_refusal_like,base,11,projected_js,0.08495803287951276,128
lot_paper_general__v1,candidate,uncensored_refusal_like,base,12,mmd_rbf,0.03423898294568062,128
lot_paper_general__v1,candidate,uncensored_refusal_like,base,12,projected_js,0.08394010324263945,128
lot_paper_general__v1,candidate,uncensored_refusal_like,base,13,mmd_rbf,0.03724319860339165,128
lot_paper_general__v1,candidate,uncensored_refusal_like,base,13,projected_js,0.09003548219334334,128
lot_paper_general__v1,candidate,uncensored_refusal_like,base,14,mmd_rbf,0.03913537785410881,128
lot_paper_general__v1,candidate,uncensored_refusal_like,base,14,projected_js,0.08951110579073429,128
lot_paper_general__v1,candidate,uncensored_refusal_like,base,15,mmd_rbf,0.04134577140212059,128
lot_paper_general__v1,candidate,uncensored_refusal_like,base,15,projected_js,0.08740270760608837,128
lot_paper_general__v1,candidate,uncensored_refusal_like,base,16,mmd_rbf,0.04122379049658775,128
lot_paper_general__v1,candidate,uncensored_refusal_like,base,16,projected_js,0.08795794588513672,128
lot_paper_general__v1,candidate,uncensored_refusal_like,base,17,mmd_rbf,0.040940966457128525,128
lot_paper_general__v1,candidate,uncensored_refusal_like,base,17,projected_js,0.09056361822877079,128
lot_paper_general__v1,candidate,uncensored_refusal_like,base,18,mmd_rbf,0.043745964765548706,128
lot_paper_general__v1,candidate,uncensored_refusal_like,base,18,projected_js,0.08900622185319662,128
lot_paper_general__v1,candidate,uncensored_refusal_like,base,19,mmd_rbf,0.04374242573976517,128
lot_paper_general__v1,candidate,uncensored_refusal_like,base,19,projected_js,0.09005089831771329,128
lot_paper_general__v1,candidate,uncensored_refusal_like,base,20,mmd_rbf,0.04831112176179886,128
lot_paper_general__v1,candidate,uncensored_refusal_like,base,20,projected_js,0.0950614266039338,128
lot_paper_general__v1,candidate,uncensored_refusal_like,base,21,mmd_rbf,0.051987092941999435,128
lot_paper_general__v1,candidate,uncensored_refusal_like,base,21,projected_js,0.09050590451806784,128
lot_paper_general__v1,candidate,uncensored_refusal_like,base,22,mmd_rbf,0.05352090671658516,128
lot_paper_general__v1,candidate,uncensored_refusal_like,base,22,projected_js,0.09879838931374252,128
lot_paper_general__v1,candidate,uncensored_refusal_like,base,23,mmd_rbf,0.05091099813580513,128
lot_paper_general__v1,candidate,uncensored_refusal_like,base,23,projected_js,0.0961765565443784,128
lot_paper_general__v1,candidate,uncensored_refusal_like,base,24,mmd_rbf,0.0503394715487957,128
lot_paper_general__v1,candidate,uncensored_refusal_like,base,24,projected_js,0.09894048393471166,128
lot_paper_general__v1,candidate,uncensored_refusal_like,base,25,mmd_rbf,0.04829882085323334,128
lot_paper_general__v1,candidate,uncensored_refusal_like,base,25,projected_js,0.09231275471393019,128
lot_paper_general__v1,candidate,uncensored_refusal_like,base,26,mmd_rbf,0.047932952642440796,128
lot_paper_general__v1,candidate,uncensored_refusal_like,base,26,projected_js,0.09380604978650808,128
lot_paper_general__v1,candidate,uncensored_refusal_like,base,27,mmd_rbf,0.04842240735888481,128
lot_paper_general__v1,candidate,uncensored_refusal_like,base,27,projected_js,0.10100957006216049,128
lot_paper_general__v1,candidate,uncensored_refusal_like,base,28,mmd_rbf,0.04770280793309212,128
lot_paper_general__v1,candidate,uncensored_refusal_like,base,28,projected_js,0.10355172120034695,128
lot_paper_general__v1,candidate,uncensored_refusal_like,base,29,mmd_rbf,0.04464142397046089,128
lot_paper_general__v1,candidate,uncensored_refusal_like,base,29,projected_js,0.10006957803852856,128
lot_paper_general__v1,candidate,uncensored_refusal_like,base,30,mmd_rbf,0.045506421476602554,128
lot_paper_general__v1,candidate,uncensored_refusal_like,base,30,projected_js,0.09864213730907068,128
lot_paper_general__v1,candidate,uncensored_refusal_like,base,31,mmd_rbf,0.04514509066939354,128
lot_paper_general__v1,candidate,uncensored_refusal_like,base,31,projected_js,0.09682914352742955,128
lot_paper_general__v1,candidate,uncensored_refusal_like,base,32,mmd_rbf,0.044945068657398224,128
lot_paper_general__v1,candidate,uncensored_refusal_like,base,32,projected_js,0.09522062673931941,128
lot_paper_general__v1,candidate,uncensored_refusal_like,base,33,mmd_rbf,0.04225415736436844,128
lot_paper_general__v1,candidate,uncensored_refusal_like,base,33,projected_js,0.09354227711446583,128
lot_paper_general__v1,candidate,uncensored_refusal_like,base,34,mmd_rbf,0.05259069427847862,128
lot_paper_general__v1,candidate,uncensored_refusal_like,base,34,projected_js,0.1028251004172489,128
lot_paper_general__v1,candidate,uncensored_refusal_like,base,35,mmd_rbf,0.104669950902462,128
lot_paper_general__v1,candidate,uncensored_refusal_like,base,35,projected_js,0.13681131752673537,128
lot_paper_general__v1,candidate,uncensored_refusal_like,instr_only,0,mmd_rbf,0.006114769261330366,128
lot_paper_general__v1,candidate,uncensored_refusal_like,instr_only,0,projected_js,0.04886224484653212,128
lot_paper_general__v1,candidate,uncensored_refusal_like,instr_only,1,mmd_rbf,0.012395036406815052,128
lot_paper_general__v1,candidate,uncensored_refusal_like,instr_only,1,projected_js,0.05833937614806928,128
lot_paper_general__v1,candidate,uncensored_refusal_like,instr_only,2,mmd_rbf,0.013861346058547497,128
lot_paper_general__v1,candidate,uncensored_refusal_like,instr_only,2,projected_js,0.06540444225538522,128
lot_paper_general__v1,candidate,uncensored_refusal_like,instr_only,3,mmd_rbf,0.017747273668646812,128
lot_paper_general__v1,candidate,uncensored_refusal_like,instr_only,3,projected_js,0.07461263024015352,128
lot_paper_general__v1,candidate,uncensored_refusal_like,instr_only,4,mmd_rbf,0.021291835233569145,128
lot_paper_general__v1,candidate,uncensored_refusal_like,instr_only,4,projected_js,0.07574099308112636,128
lot_paper_general__v1,candidate,uncensored_refusal_like,instr_only,5,mmd_rbf,0.02368827722966671,128
lot_paper_general__v1,candidate,uncensored_refusal_like,instr_only,5,projected_js,0.07937408366706222,128
lot_paper_general__v1,candidate,uncensored_refusal_like,instr_only,6,mmd_rbf,0.018213670700788498,128
lot_paper_general__v1,candidate,uncensored_refusal_like,instr_only,6,projected_js,0.06972297874744982,128
lot_paper_general__v1,candidate,uncensored_refusal_like,instr_only,7,mmd_rbf,0.016105128452181816,128
lot_paper_general__v1,candidate,uncensored_refusal_like,instr_only,7,projected_js,0.07006913400255144,128
lot_paper_general__v1,candidate,uncensored_refusal_like,instr_only,8,mmd_rbf,0.013196989893913269,128
lot_paper_general__v1,candidate,uncensored_refusal_like,instr_only,8,projected_js,0.06724212068365887,128
lot_paper_general__v1,candidate,uncensored_refusal_like,instr_only,9,mmd_rbf,0.013768044300377369,128
lot_paper_general__v1,candidate,uncensored_refusal_like,instr_only,9,projected_js,0.07050903752679005,128
lot_paper_general__v1,candidate,uncensored_refusal_like,instr_only,10,mmd_rbf,0.014948466792702675,128
lot_paper_general__v1,candidate,uncensored_refusal_like,instr_only,10,projected_js,0.07295463024638593,128
lot_paper_general__v1,candidate,uncensored_refusal_like,instr_only,11,mmd_rbf,0.014664393849670887,128
lot_paper_general__v1,candidate,uncensored_refusal_like,instr_only,11,projected_js,0.07128598529379815,128
lot_paper_general__v1,candidate,uncensored_refusal_like,instr_only,12,mmd_rbf,0.016263647004961967,128
lot_paper_general__v1,candidate,uncensored_refusal_like,instr_only,12,projected_js,0.07214865752030164,128
lot_paper_general__v1,candidate,uncensored_refusal_like,instr_only,13,mmd_rbf,0.01723889820277691,128
lot_paper_general__v1,candidate,uncensored_refusal_like,instr_only,13,projected_js,0.07036805176176131,128
lot_paper_general__v1,candidate,uncensored_refusal_like,instr_only,14,mmd_rbf,0.017336757853627205,128
lot_paper_general__v1,candidate,uncensored_refusal_like,instr_only,14,projected_js,0.0721676925313659,128
lot_paper_general__v1,candidate,uncensored_refusal_like,instr_only,15,mmd_rbf,0.017902890220284462,128
lot_paper_general__v1,candidate,uncensored_refusal_like,instr_only,15,projected_js,0.07262185955187306,128
lot_paper_general__v1,candidate,uncensored_refusal_like,instr_only,16,mmd_rbf,0.018822984769940376,128
lot_paper_general__v1,candidate,uncensored_refusal_like,instr_only,16,projected_js,0.07529031598824076,128
lot_paper_general__v1,candidate,uncensored_refusal_like,instr_only,17,mmd_rbf,0.021132513880729675,128
lot_paper_general__v1,candidate,uncensored_refusal_like,instr_only,17,projected_js,0.07321458158548921,128
lot_paper_general__v1,candidate,uncensored_refusal_like,instr_only,18,mmd_rbf,0.024492381140589714,128
lot_paper_general__v1,candidate,uncensored_refusal_like,instr_only,18,projected_js,0.07752751070074737,128
lot_paper_general__v1,candidate,uncensored_refusal_like,instr_only,19,mmd_rbf,0.025575334206223488,128
lot_paper_general__v1,candidate,uncensored_refusal_like,instr_only,19,projected_js,0.08046775677939877,128
lot_paper_general__v1,candidate,uncensored_refusal_like,instr_only,20,mmd_rbf,0.026869654655456543,128
lot_paper_general__v1,candidate,uncensored_refusal_like,instr_only,20,projected_js,0.08239593997132033,128
lot_paper_general__v1,candidate,uncensored_refusal_like,instr_only,21,mmd_rbf,0.029818719252943993,128
lot_paper_general__v1,candidate,uncensored_refusal_like,instr_only,21,projected_js,0.08337349852081388,128
lot_paper_general__v1,candidate,uncensored_refusal_like,instr_only,22,mmd_rbf,0.0311399158090353,128
lot_paper_general__v1,candidate,uncensored_refusal_like,instr_only,22,projected_js,0.08513065968872979,128
lot_paper_general__v1,candidate,uncensored_refusal_like,instr_only,23,mmd_rbf,0.02989615499973297,128
lot_paper_general__v1,candidate,uncensored_refusal_like,instr_only,23,projected_js,0.08347234583925456,128
lot_paper_general__v1,candidate,uncensored_refusal_like,instr_only,24,mmd_rbf,0.031397558748722076,128
lot_paper_general__v1,candidate,uncensored_refusal_like,instr_only,24,projected_js,0.0852658407529816,128
lot_paper_general__v1,candidate,uncensored_refusal_like,instr_only,25,mmd_rbf,0.03385497257113457,128
lot_paper_general__v1,candidate,uncensored_refusal_like,instr_only,25,projected_js,0.091942852770444,128
lot_paper_general__v1,candidate,uncensored_refusal_like,instr_only,26,mmd_rbf,0.036320239305496216,128
lot_paper_general__v1,candidate,uncensored_refusal_like,instr_only,26,projected_js,0.09500819304957986,128
lot_paper_general__v1,candidate,uncensored_refusal_like,instr_only,27,mmd_rbf,0.03643227741122246,128
lot_paper_general__v1,candidate,uncensored_refusal_like,instr_only,27,projected_js,0.08711220166878775,128
lot_paper_general__v1,candidate,uncensored_refusal_like,instr_only,28,mmd_rbf,0.037345949560403824,128
lot_paper_general__v1,candidate,uncensored_refusal_like,instr_only,28,projected_js,0.09388668567407876,128
lot_paper_general__v1,candidate,uncensored_refusal_like,instr_only,29,mmd_rbf,0.035688113421201706,128
lot_paper_general__v1,candidate,uncensored_refusal_like,instr_only,29,projected_js,0.09577572927810252,128
lot_paper_general__v1,candidate,uncensored_refusal_like,instr_only,30,mmd_rbf,0.03641505911946297,128
lot_paper_general__v1,candidate,uncensored_refusal_like,instr_only,30,projected_js,0.09479054732946679,128
lot_paper_general__v1,candidate,uncensored_refusal_like,instr_only,31,mmd_rbf,0.03673430159687996,128
lot_paper_general__v1,candidate,uncensored_refusal_like,instr_only,31,projected_js,0.09485976683208719,128
lot_paper_general__v1,candidate,uncensored_refusal_like,instr_only,32,mmd_rbf,0.03722236678004265,128
lot_paper_general__v1,candidate,uncensored_refusal_like,instr_only,32,projected_js,0.09389798622578382,128
lot_paper_general__v1,candidate,uncensored_refusal_like,instr_only,33,mmd_rbf,0.03712499141693115,128
lot_paper_general__v1,candidate,uncensored_refusal_like,instr_only,33,projected_js,0.09254839870845899,128
lot_paper_general__v1,candidate,uncensored_refusal_like,instr_only,34,mmd_rbf,0.04178084805607796,128
lot_paper_general__v1,candidate,uncensored_refusal_like,instr_only,34,projected_js,0.10061656648758799,128
lot_paper_general__v1,candidate,uncensored_refusal_like,instr_only,35,mmd_rbf,0.11023002117872238,128
lot_paper_general__v1,candidate,uncensored_refusal_like,instr_only,35,projected_js,0.16263224952854216,128
lot_paper_general__v1,candidate,uncensored_refusal_like,reasoning_only,0,mmd_rbf,0.019067002460360527,128
lot_paper_general__v1,candidate,uncensored_refusal_like,reasoning_only,0,projected_js,0.08243038726504892,128
lot_paper_general__v1,candidate,uncensored_refusal_like,reasoning_only,1,mmd_rbf,0.025450987741351128,128
lot_paper_general__v1,candidate,uncensored_refusal_like,reasoning_only,1,projected_js,0.08360022510169074,128
lot_paper_general__v1,candidate,uncensored_refusal_like,reasoning_only,2,mmd_rbf,0.026166841387748718,128
lot_paper_general__v1,candidate,uncensored_refusal_like,reasoning_only,2,projected_js,0.07781894167419523,128
lot_paper_general__v1,candidate,uncensored_refusal_like,reasoning_only,3,mmd_rbf,0.030273562297225,128
lot_paper_general__v1,candidate,uncensored_refusal_like,reasoning_only,3,projected_js,0.08783054759260267,128
lot_paper_general__v1,candidate,uncensored_refusal_like,reasoning_only,4,mmd_rbf,0.030116749927401543,128
lot_paper_general__v1,candidate,uncensored_refusal_like,reasoning_only,4,projected_js,0.09252523060422391,128
lot_paper_general__v1,candidate,uncensored_refusal_like,reasoning_only,5,mmd_rbf,0.030849844217300415,128
lot_paper_general__v1,candidate,uncensored_refusal_like,reasoning_only,5,projected_js,0.09697976044844836,128
lot_paper_general__v1,candidate,uncensored_refusal_like,reasoning_only,6,mmd_rbf,0.024041758850216866,128
lot_paper_general__v1,candidate,uncensored_refusal_like,reasoning_only,6,projected_js,0.08393557165982202,128
lot_paper_general__v1,candidate,uncensored_refusal_like,reasoning_only,7,mmd_rbf,0.022084714844822884,128
lot_paper_general__v1,candidate,uncensored_refusal_like,reasoning_only,7,projected_js,0.08422854938544333,128
lot_paper_general__v1,candidate,uncensored_refusal_like,reasoning_only,8,mmd_rbf,0.017684681341052055,128
lot_paper_general__v1,candidate,uncensored_refusal_like,reasoning_only,8,projected_js,0.07844336796551943,128
lot_paper_general__v1,candidate,uncensored_refusal_like,reasoning_only,9,mmd_rbf,0.017143867909908295,128
lot_paper_general__v1,candidate,uncensored_refusal_like,reasoning_only,9,projected_js,0.07559752816450782,128
lot_paper_general__v1,candidate,uncensored_refusal_like,reasoning_only,10,mmd_rbf,0.017997214570641518,128
lot_paper_general__v1,candidate,uncensored_refusal_like,reasoning_only,10,projected_js,0.07996258354978636,128
lot_paper_general__v1,candidate,uncensored_refusal_like,reasoning_only,11,mmd_rbf,0.017629560083150864,128
lot_paper_general__v1,candidate,uncensored_refusal_like,reasoning_only,11,projected_js,0.07472196075832471,128
lot_paper_general__v1,candidate,uncensored_refusal_like,reasoning_only,12,mmd_rbf,0.019359538331627846,128
lot_paper_general__v1,candidate,uncensored_refusal_like,reasoning_only,12,projected_js,0.07661821821238846,128
lot_paper_general__v1,candidate,uncensored_refusal_like,reasoning_only,13,mmd_rbf,0.020147616043686867,128
lot_paper_general__v1,candidate,uncensored_refusal_like,reasoning_only,13,projected_js,0.07830063841538504,128
lot_paper_general__v1,candidate,uncensored_refusal_like,reasoning_only,14,mmd_rbf,0.019630834460258484,128
lot_paper_general__v1,candidate,uncensored_refusal_like,reasoning_only,14,projected_js,0.07522529968991876,128
lot_paper_general__v1,candidate,uncensored_refusal_like,reasoning_only,15,mmd_rbf,0.02060752548277378,128
lot_paper_general__v1,candidate,uncensored_refusal_like,reasoning_only,15,projected_js,0.07068021973827854,128
lot_paper_general__v1,candidate,uncensored_refusal_like,reasoning_only,16,mmd_rbf,0.02050381898880005,128
lot_paper_general__v1,candidate,uncensored_refusal_like,reasoning_only,16,projected_js,0.07433959428453818,128
lot_paper_general__v1,candidate,uncensored_refusal_like,reasoning_only,17,mmd_rbf,0.020131981000304222,128
lot_paper_general__v1,candidate,uncensored_refusal_like,reasoning_only,17,projected_js,0.07254835718777031,128
lot_paper_general__v1,candidate,uncensored_refusal_like,reasoning_only,18,mmd_rbf,0.02304510958492756,128
lot_paper_general__v1,candidate,uncensored_refusal_like,reasoning_only,18,projected_js,0.07337024854496121,128
lot_paper_general__v1,candidate,uncensored_refusal_like,reasoning_only,19,mmd_rbf,0.02250916138291359,128
lot_paper_general__v1,candidate,uncensored_refusal_like,reasoning_only,19,projected_js,0.07012870570179075,128
lot_paper_general__v1,candidate,uncensored_refusal_like,reasoning_only,20,mmd_rbf,0.02291710674762726,128
lot_paper_general__v1,candidate,uncensored_refusal_like,reasoning_only,20,projected_js,0.07833738246699795,128
lot_paper_general__v1,candidate,uncensored_refusal_like,reasoning_only,21,mmd_rbf,0.024526333436369896,128
lot_paper_general__v1,candidate,uncensored_refusal_like,reasoning_only,21,projected_js,0.07448521803598851,128
lot_paper_general__v1,candidate,uncensored_refusal_like,reasoning_only,22,mmd_rbf,0.02421611361205578,128
lot_paper_general__v1,candidate,uncensored_refusal_like,reasoning_only,22,projected_js,0.07652394723845646,128
lot_paper_general__v1,candidate,uncensored_refusal_like,reasoning_only,23,mmd_rbf,0.022752612829208374,128
lot_paper_general__v1,candidate,uncensored_refusal_like,reasoning_only,23,projected_js,0.07818674604641274,128
lot_paper_general__v1,candidate,uncensored_refusal_like,reasoning_only,24,mmd_rbf,0.02547547221183777,128
lot_paper_general__v1,candidate,uncensored_refusal_like,reasoning_only,24,projected_js,0.07731653022347018,128
lot_paper_general__v1,candidate,uncensored_refusal_like,reasoning_only,25,mmd_rbf,0.02508421242237091,128
lot_paper_general__v1,candidate,uncensored_refusal_like,reasoning_only,25,projected_js,0.07452481135260314,128
lot_paper_general__v1,candidate,uncensored_refusal_like,reasoning_only,26,mmd_rbf,0.02652890421450138,128
lot_paper_general__v1,candidate,uncensored_refusal_like,reasoning_only,26,projected_js,0.08069919832632877,128
lot_paper_general__v1,candidate,uncensored_refusal_like,reasoning_only,27,mmd_rbf,0.028184784576296806,128
lot_paper_general__v1,candidate,uncensored_refusal_like,reasoning_only,27,projected_js,0.07756010827142745,128
lot_paper_general__v1,candidate,uncensored_refusal_like,reasoning_only,28,mmd_rbf,0.02859901450574398,128
lot_paper_general__v1,candidate,uncensored_refusal_like,reasoning_only,28,projected_js,0.0773145611747168,128
lot_paper_general__v1,candidate,uncensored_refusal_like,reasoning_only,29,mmd_rbf,0.028392955660820007,128
lot_paper_general__v1,candidate,uncensored_refusal_like,reasoning_only,29,projected_js,0.07858482835581526,128
lot_paper_general__v1,candidate,uncensored_refusal_like,reasoning_only,30,mmd_rbf,0.030287889763712883,128
lot_paper_general__v1,candidate,uncensored_refusal_like,reasoning_only,30,projected_js,0.08644916320918128,128
lot_paper_general__v1,candidate,uncensored_refusal_like,reasoning_only,31,mmd_rbf,0.030130550265312195,128
lot_paper_general__v1,candidate,uncensored_refusal_like,reasoning_only,31,projected_js,0.08248992887092754,128
lot_paper_general__v1,candidate,uncensored_refusal_like,reasoning_only,32,mmd_rbf,0.030494336038827896,128
lot_paper_general__v1,candidate,uncensored_refusal_like,reasoning_only,32,projected_js,0.0837884079082869,128
lot_paper_general__v1,candidate,uncensored_refusal_like,reasoning_only,33,mmd_rbf,0.028995534405112267,128
lot_paper_general__v1,candidate,uncensored_refusal_like,reasoning_only,33,projected_js,0.0830852814251557,128
lot_paper_general__v1,candidate,uncensored_refusal_like,reasoning_only,34,mmd_rbf,0.03127145767211914,128
lot_paper_general__v1,candidate,uncensored_refusal_like,reasoning_only,34,projected_js,0.07971221947809681,128
lot_paper_general__v1,candidate,uncensored_refusal_like,reasoning_only,35,mmd_rbf,0.03949698433279991,128
lot_paper_general__v1,candidate,uncensored_refusal_like,reasoning_only,35,projected_js,0.09135419118683785,128
lot_paper_general__v1,candidate,uncensored_refusal_like,uncensored_only,0,mmd_rbf,0.014260577969253063,128
lot_paper_general__v1,candidate,uncensored_refusal_like,uncensored_only,0,projected_js,0.06615585193503648,128
lot_paper_general__v1,candidate,uncensored_refusal_like,uncensored_only,1,mmd_rbf,0.22182849049568176,128
lot_paper_general__v1,candidate,uncensored_refusal_like,uncensored_only,1,projected_js,0.24619539271225221,128
lot_paper_general__v1,candidate,uncensored_refusal_like,uncensored_only,2,mmd_rbf,0.2084130346775055,128
lot_paper_general__v1,candidate,uncensored_refusal_like,uncensored_only,2,projected_js,0.2139421648462303,128
lot_paper_general__v1,candidate,uncensored_refusal_like,uncensored_only,3,mmd_rbf,0.17103791236877441,128
lot_paper_general__v1,candidate,uncensored_refusal_like,uncensored_only,3,projected_js,0.17180285602808,128
lot_paper_general__v1,candidate,uncensored_refusal_like,uncensored_only,4,mmd_rbf,0.13817869126796722,128
lot_paper_general__v1,candidate,uncensored_refusal_like,uncensored_only,4,projected_js,0.16873074765317142,128
lot_paper_general__v1,candidate,uncensored_refusal_like,uncensored_only,5,mmd_rbf,0.11237778514623642,128
lot_paper_general__v1,candidate,uncensored_refusal_like,uncensored_only,5,projected_js,0.16605701681692153,128
lot_paper_general__v1,candidate,uncensored_refusal_like,uncensored_only,6,mmd_rbf,0.07138010859489441,128
lot_paper_general__v1,candidate,uncensored_refusal_like,uncensored_only,6,projected_js,0.12070866848807782,128
lot_paper_general__v1,candidate,uncensored_refusal_like,uncensored_only,7,mmd_rbf,0.054364919662475586,128
lot_paper_general__v1,candidate,uncensored_refusal_like,uncensored_only,7,projected_js,0.10918467183364555,128
lot_paper_general__v1,candidate,uncensored_refusal_like,uncensored_only,8,mmd_rbf,0.03924481198191643,128
lot_paper_general__v1,candidate,uncensored_refusal_like,uncensored_only,8,projected_js,0.09122272609965876,128
lot_paper_general__v1,candidate,uncensored_refusal_like,uncensored_only,9,mmd_rbf,0.0346963107585907,128
lot_paper_general__v1,candidate,uncensored_refusal_like,uncensored_only,9,projected_js,0.08233420283067971,128
lot_paper_general__v1,candidate,uncensored_refusal_like,uncensored_only,10,mmd_rbf,0.03001442924141884,128
lot_paper_general__v1,candidate,uncensored_refusal_like,uncensored_only,10,projected_js,0.07824457588139921,128
lot_paper_general__v1,candidate,uncensored_refusal_like,uncensored_only,11,mmd_rbf,0.026357179507613182,128
lot_paper_general__v1,candidate,uncensored_refusal_like,uncensored_only,11,projected_js,0.07275543734431267,128
lot_paper_general__v1,candidate,uncensored_refusal_like,uncensored_only,12,mmd_rbf,0.027513617649674416,128
lot_paper_general__v1,candidate,uncensored_refusal_like,uncensored_only,12,projected_js,0.07829084008699283,128
lot_paper_general__v1,candidate,uncensored_refusal_like,uncensored_only,13,mmd_rbf,0.031286321580410004,128
lot_paper_general__v1,candidate,uncensored_refusal_like,uncensored_only,13,projected_js,0.0808584793121554,128
lot_paper_general__v1,candidate,uncensored_refusal_like,uncensored_only,14,mmd_rbf,0.031909242272377014,128
lot_paper_general__v1,candidate,uncensored_refusal_like,uncensored_only,14,projected_js,0.08293635715381242,128
lot_paper_general__v1,candidate,uncensored_refusal_like,uncensored_only,15,mmd_rbf,0.03832309693098068,128
lot_paper_general__v1,candidate,uncensored_refusal_like,uncensored_only,15,projected_js,0.08806619769893587,128
lot_paper_general__v1,candidate,uncensored_refusal_like,uncensored_only,16,mmd_rbf,0.04103590175509453,128
lot_paper_general__v1,candidate,uncensored_refusal_like,uncensored_only,16,projected_js,0.08300590270664543,128
lot_paper_general__v1,candidate,uncensored_refusal_like,uncensored_only,17,mmd_rbf,0.043838635087013245,128
lot_paper_general__v1,candidate,uncensored_refusal_like,uncensored_only,17,projected_js,0.08949506032513455,128
lot_paper_general__v1,candidate,uncensored_refusal_like,uncensored_only,18,mmd_rbf,0.04864535108208656,128
lot_paper_general__v1,candidate,uncensored_refusal_like,uncensored_only,18,projected_js,0.09627396176801994,128
lot_paper_general__v1,candidate,uncensored_refusal_like,uncensored_only,19,mmd_rbf,0.04579715430736542,128
lot_paper_general__v1,candidate,uncensored_refusal_like,uncensored_only,19,projected_js,0.09244372957618907,128
lot_paper_general__v1,candidate,uncensored_refusal_like,uncensored_only,20,mmd_rbf,0.048611775040626526,128
lot_paper_general__v1,candidate,uncensored_refusal_like,uncensored_only,20,projected_js,0.09371735790045932,128
lot_paper_general__v1,candidate,uncensored_refusal_like,uncensored_only,21,mmd_rbf,0.052633583545684814,128
lot_paper_general__v1,candidate,uncensored_refusal_like,uncensored_only,21,projected_js,0.09640273347031325,128
lot_paper_general__v1,candidate,uncensored_refusal_like,uncensored_only,22,mmd_rbf,0.05495349317789078,128
lot_paper_general__v1,candidate,uncensored_refusal_like,uncensored_only,22,projected_js,0.1029502643214073,128
lot_paper_general__v1,candidate,uncensored_refusal_like,uncensored_only,23,mmd_rbf,0.053891994059085846,128
lot_paper_general__v1,candidate,uncensored_refusal_like,uncensored_only,23,projected_js,0.10516667074989527,128
lot_paper_general__v1,candidate,uncensored_refusal_like,uncensored_only,24,mmd_rbf,0.05940628796815872,128
lot_paper_general__v1,candidate,uncensored_refusal_like,uncensored_only,24,projected_js,0.10925825213780627,128
lot_paper_general__v1,candidate,uncensored_refusal_like,uncensored_only,25,mmd_rbf,0.06455482542514801,128
lot_paper_general__v1,candidate,uncensored_refusal_like,uncensored_only,25,projected_js,0.11062603851314634,128
lot_paper_general__v1,candidate,uncensored_refusal_like,uncensored_only,26,mmd_rbf,0.0665578842163086,128
lot_paper_general__v1,candidate,uncensored_refusal_like,uncensored_only,26,projected_js,0.11010136987897567,128
lot_paper_general__v1,candidate,uncensored_refusal_like,uncensored_only,27,mmd_rbf,0.06859298050403595,128
lot_paper_general__v1,candidate,uncensored_refusal_like,uncensored_only,27,projected_js,0.1140010503004305,128
lot_paper_general__v1,candidate,uncensored_refusal_like,uncensored_only,28,mmd_rbf,0.06852682679891586,128
lot_paper_general__v1,candidate,uncensored_refusal_like,uncensored_only,28,projected_js,0.12448940181639045,128
lot_paper_general__v1,candidate,uncensored_refusal_like,uncensored_only,29,mmd_rbf,0.06628939509391785,128
lot_paper_general__v1,candidate,uncensored_refusal_like,uncensored_only,29,projected_js,0.12018583115423098,128
lot_paper_general__v1,candidate,uncensored_refusal_like,uncensored_only,30,mmd_rbf,0.07059242576360703,128
lot_paper_general__v1,candidate,uncensored_refusal_like,uncensored_only,30,projected_js,0.12003911437932402,128
lot_paper_general__v1,candidate,uncensored_refusal_like,uncensored_only,31,mmd_rbf,0.06957679241895676,128
lot_paper_general__v1,candidate,uncensored_refusal_like,uncensored_only,31,projected_js,0.1160434169578366,128
lot_paper_general__v1,candidate,uncensored_refusal_like,uncensored_only,32,mmd_rbf,0.06890872865915298,128
lot_paper_general__v1,candidate,uncensored_refusal_like,uncensored_only,32,projected_js,0.11314241756917909,128
lot_paper_general__v1,candidate,uncensored_refusal_like,uncensored_only,33,mmd_rbf,0.06810201704502106,128
lot_paper_general__v1,candidate,uncensored_refusal_like,uncensored_only,33,projected_js,0.11305759649258107,128
lot_paper_general__v1,candidate,uncensored_refusal_like,uncensored_only,34,mmd_rbf,0.07208120077848434,128
lot_paper_general__v1,candidate,uncensored_refusal_like,uncensored_only,34,projected_js,0.11938071838812903,128
lot_paper_general__v1,candidate,uncensored_refusal_like,uncensored_only,35,mmd_rbf,0.13003534078598022,128
lot_paper_general__v1,candidate,uncensored_refusal_like,uncensored_only,35,projected_js,0.16443486465141177,128
